<?xml version="1.0" encoding="UTF-8"?>
<kml xmlns="http://www.opengis.net/kml/2.2" xmlns:gx="http://www.google.com/kml/ext/2.2" xmlns:kml="http://www.opengis.net/kml/2.2" xmlns:atom="http://www.w3.org/2005/Atom">
<Document>
	<name>Gecekondular.kml</name>
	<StyleMap id="m_ylw-pushpin">
		<Pair>
			<key>normal</key>
			<styleUrl>#s_ylw-pushpin</styleUrl>
		</Pair>
		<Pair>
			<key>highlight</key>
			<styleUrl>#s_ylw-pushpin_hl</styleUrl>
		</Pair>
	</StyleMap>
	<Style id="s_ylw-pushpin">
		<IconStyle>
			<scale>1.1</scale>
			<Icon>
				<href>http://maps.google.com/mapfiles/kml/pushpin/ylw-pushpin.png</href>
			</Icon>
			<hotSpot x="20" y="2" xunits="pixels" yunits="pixels"/>
		</IconStyle>
	</Style>
	<Style id="s_ylw-pushpin_hl">
		<IconStyle>
			<scale>1.3</scale>
			<Icon>
				<href>http://maps.google.com/mapfiles/kml/pushpin/ylw-pushpin.png</href>
			</Icon>
			<hotSpot x="20" y="2" xunits="pixels" yunits="pixels"/>
		</IconStyle>
	</Style>
	<Folder>
		<name>Gecekondular</name>
		<open>1</open>
		<Placemark>
			<name>Adsız Çokgen [1:Polygon]</name>
			<snippet></snippet>
			<styleUrl>#m_ylw-pushpin</styleUrl>
			<Polygon>
				<tessellate>1</tessellate>
				<outerBoundaryIs>
					<LinearRing>
						<coordinates>
							32.83503183403711,39.85759510217174,0 32.83500002136765,39.85751680291692,0 32.83511629876791,39.85748218875128,0 32.83517898804513,39.8575630260815,0 32.83503183403711,39.85759510217174,0 
						</coordinates>
					</LinearRing>
				</outerBoundaryIs>
			</Polygon>
		</Placemark>
		<Placemark>
			<name>Adsız Çokgen [2:Polygon]</name>
			<snippet></snippet>
			<styleUrl>#m_ylw-pushpin</styleUrl>
			<Polygon>
				<tessellate>1</tessellate>
				<outerBoundaryIs>
					<LinearRing>
						<coordinates>
							32.83522604566403,39.85735537952021,0 32.83519744945752,39.85728345147054,0 32.83529733015638,39.85726466260712,0 32.83533749954885,39.85732498401386,0 32.83522604566403,39.85735537952021,0 
						</coordinates>
					</LinearRing>
				</outerBoundaryIs>
			</Polygon>
		</Placemark>
		<Placemark>
			<name>Adsız Çokgen [3:Polygon]</name>
			<snippet></snippet>
			<styleUrl>#m_ylw-pushpin</styleUrl>
			<Polygon>
				<tessellate>1</tessellate>
				<outerBoundaryIs>
					<LinearRing>
						<coordinates>
							32.83529847415613,39.85746215924215,0 32.83526445068683,39.85737607783089,0 32.83538392300905,39.85735192776892,0 32.83541455549012,39.8574361081178,0 32.83529847415613,39.85746215924215,0 
						</coordinates>
					</LinearRing>
				</outerBoundaryIs>
			</Polygon>
		</Placemark>
		<Placemark>
			<name>Adsız Çokgen [4:Polygon]</name>
			<snippet></snippet>
			<styleUrl>#m_ylw-pushpin</styleUrl>
			<Polygon>
				<tessellate>1</tessellate>
				<outerBoundaryIs>
					<LinearRing>
						<coordinates>
							32.83546020399785,39.85746251806199,0 32.83543547648485,39.85737068724778,0 32.83554212309947,39.8573457165262,0 32.83558752621943,39.85742801164987,0 32.83546020399785,39.85746251806199,0 
						</coordinates>
					</LinearRing>
				</outerBoundaryIs>
			</Polygon>
		</Placemark>
		<Placemark>
			<name>Adsız Çokgen [5:Polygon]</name>
			<snippet></snippet>
			<styleUrl>#m_ylw-pushpin</styleUrl>
			<Polygon>
				<tessellate>1</tessellate>
				<outerBoundaryIs>
					<LinearRing>
						<coordinates>
							32.83538711395394,39.85731656448502,0 32.83535300422757,39.8572202539215,0 32.8354893330502,39.85720615381488,0 32.83551586731998,39.85730578533224,0 32.83538711395394,39.85731656448502,0 
						</coordinates>
					</LinearRing>
				</outerBoundaryIs>
			</Polygon>
		</Placemark>
		<Placemark>
			<name>Adsız Çokgen [6:Polygon]</name>
			<snippet></snippet>
			<styleUrl>#m_ylw-pushpin</styleUrl>
			<Polygon>
				<tessellate>1</tessellate>
				<outerBoundaryIs>
					<LinearRing>
						<coordinates>
							32.83537814138818,39.85719675626699,0 32.83534611151263,39.85712511845567,0 32.83545420774873,39.85710272258034,0 32.83547791681972,39.85718710994702,0 32.83537814138818,39.85719675626699,0 
						</coordinates>
					</LinearRing>
				</outerBoundaryIs>
			</Polygon>
		</Placemark>
		<Placemark>
			<name>Adsız Çokgen [7:Polygon]</name>
			<snippet></snippet>
			<styleUrl>#m_ylw-pushpin</styleUrl>
			<Polygon>
				<tessellate>1</tessellate>
				<outerBoundaryIs>
					<LinearRing>
						<coordinates>
							32.83540155624613,39.85708523966331,0 32.83536783969696,39.85704368912702,0 32.83548641704291,39.85696580095411,0 32.83552326064735,39.8570015264377,0 32.8355087181866,39.85702677020375,0 32.83550931624232,39.85704761978322,0 32.83540155624613,39.85708523966331,0 
						</coordinates>
					</LinearRing>
				</outerBoundaryIs>
			</Polygon>
		</Placemark>
		<Placemark>
			<name>Adsız Çokgen [8:Polygon]</name>
			<snippet></snippet>
			<styleUrl>#m_ylw-pushpin</styleUrl>
			<Polygon>
				<tessellate>1</tessellate>
				<outerBoundaryIs>
					<LinearRing>
						<coordinates>
							32.83554440232081,39.85722974283481,0 32.83554647327244,39.85714316285001,0 32.83565442088908,39.85713267074073,0 32.83566253777566,39.85722992610249,0 32.83554440232081,39.85722974283481,0 
						</coordinates>
					</LinearRing>
				</outerBoundaryIs>
			</Polygon>
		</Placemark>
		<Placemark>
			<name>Adsız Çokgen [9:Polygon]</name>
			<snippet></snippet>
			<styleUrl>#m_ylw-pushpin</styleUrl>
			<Polygon>
				<tessellate>1</tessellate>
				<outerBoundaryIs>
					<LinearRing>
						<coordinates>
							32.83569966097807,39.85722790197558,0 32.83569215273249,39.85713682014914,0 32.83580125274202,39.85713879517156,0 32.8358235716751,39.85721154821693,0 32.83569966097807,39.85722790197558,0 
						</coordinates>
					</LinearRing>
				</outerBoundaryIs>
			</Polygon>
		</Placemark>
		<Placemark>
			<name>Adsız Çokgen [10:Polygon]</name>
			<snippet></snippet>
			<styleUrl>#m_ylw-pushpin</styleUrl>
			<Polygon>
				<tessellate>1</tessellate>
				<outerBoundaryIs>
					<LinearRing>
						<coordinates>
							32.83585777850501,39.85754251842349,0 32.83580426400198,39.85746085618464,0 32.83592465858398,39.85741186523099,0 32.83596627808371,39.85750700192265,0 32.83585777850501,39.85754251842349,0 
						</coordinates>
					</LinearRing>
				</outerBoundaryIs>
			</Polygon>
		</Placemark>
		<Placemark>
			<name>Adsız Çokgen [11:Polygon]</name>
			<snippet></snippet>
			<styleUrl>#m_ylw-pushpin</styleUrl>
			<Polygon>
				<tessellate>1</tessellate>
				<outerBoundaryIs>
					<LinearRing>
						<coordinates>
							32.835986879481,39.85750115049002,0 32.83595426092111,39.85742154618162,0 32.83605236330796,39.85738820090682,0 32.83608502290139,39.85747173304961,0 32.835986879481,39.85750115049002,0 
						</coordinates>
					</LinearRing>
				</outerBoundaryIs>
			</Polygon>
		</Placemark>
		<Placemark>
			<name>Adsız Çokgen [12:Polygon]</name>
			<snippet></snippet>
			<styleUrl>#m_ylw-pushpin</styleUrl>
			<Polygon>
				<tessellate>1</tessellate>
				<outerBoundaryIs>
					<LinearRing>
						<coordinates>
							32.83577433785587,39.85744532040247,0 32.83574098582392,39.85738649451809,0 32.8358005731183,39.85737266149498,0 32.83584874998787,39.85741983944639,0 32.83577433785587,39.85744532040247,0 
						</coordinates>
					</LinearRing>
				</outerBoundaryIs>
			</Polygon>
		</Placemark>
		<Placemark>
			<name>Adsız Çokgen [13:Polygon]</name>
			<snippet></snippet>
			<styleUrl>#m_ylw-pushpin</styleUrl>
			<Polygon>
				<tessellate>1</tessellate>
				<outerBoundaryIs>
					<LinearRing>
						<coordinates>
							32.83586647565289,39.85741004214221,0 32.83584514452498,39.85736870602648,0 32.83591503087018,39.85735298605235,0 32.83592916376201,39.85740012080903,0 32.83586647565289,39.85741004214221,0 
						</coordinates>
					</LinearRing>
				</outerBoundaryIs>
			</Polygon>
		</Placemark>
		<Placemark>
			<name>Adsız Çokgen [14:Polygon]</name>
			<snippet></snippet>
			<styleUrl>#m_ylw-pushpin</styleUrl>
			<Polygon>
				<tessellate>1</tessellate>
				<outerBoundaryIs>
					<LinearRing>
						<coordinates>
							32.83568405679515,39.85696604369372,0 32.8356033308452,39.85684939131629,0 32.83567521164364,39.85680573428904,0 32.83577577247828,39.85690979100524,0 32.83568405679515,39.85696604369372,0 
						</coordinates>
					</LinearRing>
				</outerBoundaryIs>
			</Polygon>
		</Placemark>
		<Placemark>
			<name>Adsız Çokgen [15:Polygon]</name>
			<snippet></snippet>
			<styleUrl>#m_ylw-pushpin</styleUrl>
			<Polygon>
				<tessellate>1</tessellate>
				<outerBoundaryIs>
					<LinearRing>
						<coordinates>
							32.83572223563775,39.85698494505962,0 32.83579497818253,39.85691612071951,0 32.83590344332781,39.85699879823306,0 32.83582750352712,39.85706289182922,0 32.83572223563775,39.85698494505962,0 
						</coordinates>
					</LinearRing>
				</outerBoundaryIs>
			</Polygon>
		</Placemark>
		<Placemark>
			<name>Adsız Çokgen [16:Polygon]</name>
			<snippet></snippet>
			<styleUrl>#m_ylw-pushpin</styleUrl>
			<Polygon>
				<tessellate>1</tessellate>
				<outerBoundaryIs>
					<LinearRing>
						<coordinates>
							32.83586934819314,39.8571091720459,0 32.83593898387018,39.85700721036707,0 32.83604861970831,39.85704730203254,0 32.8359836594186,39.85714905291404,0 32.83586934819314,39.8571091720459,0 
						</coordinates>
					</LinearRing>
				</outerBoundaryIs>
			</Polygon>
		</Placemark>
		<Placemark>
			<name>Adsız Çokgen [17:Polygon]</name>
			<snippet></snippet>
			<styleUrl>#m_ylw-pushpin</styleUrl>
			<Polygon>
				<tessellate>1</tessellate>
				<outerBoundaryIs>
					<LinearRing>
						<coordinates>
							32.83599759567593,39.85718265856714,0 32.83606071205435,39.8570791542019,0 32.83620249092827,39.8571278518858,0 32.83613333706498,39.85719943172376,0 32.83608628624685,39.85718056572849,0 32.83605011835735,39.8571973064909,0 32.83599759567593,39.85718265856714,0 
						</coordinates>
					</LinearRing>
				</outerBoundaryIs>
			</Polygon>
		</Placemark>
		<Placemark>
			<name>Adsız Çokgen [18:Polygon]</name>
			<snippet></snippet>
			<styleUrl>#m_ylw-pushpin</styleUrl>
			<Polygon>
				<tessellate>1</tessellate>
				<outerBoundaryIs>
					<LinearRing>
						<coordinates>
							32.83620166334747,39.85718391464066,0 32.83628816508378,39.85706446385549,0 32.83638063759278,39.85710072217265,0 32.83629750681821,39.85721367716863,0 32.83620166334747,39.85718391464066,0 
						</coordinates>
					</LinearRing>
				</outerBoundaryIs>
			</Polygon>
		</Placemark>
		<Placemark>
			<name>Adsız Çokgen [19:Polygon]</name>
			<snippet></snippet>
			<styleUrl>#m_ylw-pushpin</styleUrl>
			<Polygon>
				<tessellate>1</tessellate>
				<outerBoundaryIs>
					<LinearRing>
						<coordinates>
							32.83636248455698,39.85704890381423,0 32.83637178783281,39.85697784996754,0 32.83652445878697,39.85703250233039,0 32.83650857731299,39.85707641658966,0 32.83636248455698,39.85704890381423,0 
						</coordinates>
					</LinearRing>
				</outerBoundaryIs>
			</Polygon>
		</Placemark>
		<Placemark>
			<name>Adsız Çokgen [20:Polygon]</name>
			<snippet></snippet>
			<styleUrl>#m_ylw-pushpin</styleUrl>
			<Polygon>
				<tessellate>1</tessellate>
				<outerBoundaryIs>
					<LinearRing>
						<coordinates>
							32.83660052757485,39.85720702734196,0 32.8366437953169,39.85712286707127,0 32.83678099483068,39.85714603721664,0 32.83673536917066,39.8572388653042,0 32.83660052757485,39.85720702734196,0 
						</coordinates>
					</LinearRing>
				</outerBoundaryIs>
			</Polygon>
		</Placemark>
		<Placemark>
			<name>Adsız Çokgen [21:Polygon]</name>
			<snippet></snippet>
			<styleUrl>#m_ylw-pushpin</styleUrl>
			<Polygon>
				<tessellate>1</tessellate>
				<outerBoundaryIs>
					<LinearRing>
						<coordinates>
							32.83632997149581,39.85749930429581,0 32.83632743402574,39.85744718287212,0 32.83648413491722,39.85745904020943,0 32.83646855386673,39.85750122067821,0 32.83642277877975,39.85749325026632,0 32.83640981743473,39.85752520157484,0 32.83632997149581,39.85749930429581,0 
						</coordinates>
					</LinearRing>
				</outerBoundaryIs>
			</Polygon>
		</Placemark>
		<Placemark>
			<name>Adsız Çokgen [22:Polygon]</name>
			<snippet></snippet>
			<styleUrl>#m_ylw-pushpin</styleUrl>
			<Polygon>
				<tessellate>1</tessellate>
				<outerBoundaryIs>
					<LinearRing>
						<coordinates>
							32.83652656821368,39.8575273718705,0 32.83657106453882,39.85742888112686,0 32.83667744189635,39.85745487538095,0 32.83665317474198,39.8575497300636,0 32.83652656821368,39.8575273718705,0 
						</coordinates>
					</LinearRing>
				</outerBoundaryIs>
			</Polygon>
		</Placemark>
		<Placemark>
			<name>Adsız Çokgen [23:Polygon]</name>
			<snippet></snippet>
			<styleUrl>#m_ylw-pushpin</styleUrl>
			<Polygon>
				<tessellate>1</tessellate>
				<outerBoundaryIs>
					<LinearRing>
						<coordinates>
							32.83691704324765,39.85758285060118,0 32.83696622346223,39.85755178332749,0 32.83692338503756,39.8575047768578,0 32.83698382786992,39.85748538055034,0 32.83709255477942,39.85760606945228,0 32.83700957471683,39.85766592834101,0 32.83691704324765,39.85758285060118,0 
						</coordinates>
					</LinearRing>
				</outerBoundaryIs>
			</Polygon>
		</Placemark>
		<Placemark>
			<name>Adsız Çokgen [24:Polygon]</name>
			<snippet></snippet>
			<styleUrl>#m_ylw-pushpin</styleUrl>
			<Polygon>
				<tessellate>1</tessellate>
				<outerBoundaryIs>
					<LinearRing>
						<coordinates>
							32.83662830549212,39.85738050156145,0 32.83664588451052,39.8573355857641,0 32.83667421445917,39.85735360330821,0 32.83667778230915,39.85736977992797,0 32.83670521334689,39.85738724977526,0 32.83672539327883,39.85737650706619,0 32.83674844740114,39.85739229472141,0 32.83671891835084,39.85741702874808,0 32.83662830549212,39.85738050156145,0 
						</coordinates>
					</LinearRing>
				</outerBoundaryIs>
			</Polygon>
		</Placemark>
		<Placemark>
			<name>Adsız Çokgen [25:Polygon]</name>
			<snippet></snippet>
			<styleUrl>#m_ylw-pushpin</styleUrl>
			<Polygon>
				<tessellate>1</tessellate>
				<outerBoundaryIs>
					<LinearRing>
						<coordinates>
							32.83632745511341,39.85742764854806,0 32.83634939958949,39.85737526621808,0 32.83637878906492,39.85738583864547,0 32.8363796833325,39.85742588809893,0 32.83632745511341,39.85742764854806,0 
						</coordinates>
					</LinearRing>
				</outerBoundaryIs>
			</Polygon>
		</Placemark>
		<Placemark>
			<name>Adsız Çokgen [26:Polygon]</name>
			<snippet></snippet>
			<styleUrl>#m_ylw-pushpin</styleUrl>
			<Polygon>
				<tessellate>1</tessellate>
				<outerBoundaryIs>
					<LinearRing>
						<coordinates>
							32.83710896253325,39.85731631051539,0 32.83713346122197,39.85727904382309,0 32.83718954972779,39.85730646920162,0 32.83723003183881,39.85726037896691,0 32.83731337056499,39.85732042799359,0 32.83723801573222,39.85738161687327,0 32.83710896253325,39.85731631051539,0 
						</coordinates>
					</LinearRing>
				</outerBoundaryIs>
			</Polygon>
		</Placemark>
		<Placemark>
			<name>Adsız Çokgen [27:Polygon]</name>
			<snippet></snippet>
			<styleUrl>#m_ylw-pushpin</styleUrl>
			<Polygon>
				<tessellate>1</tessellate>
				<outerBoundaryIs>
					<LinearRing>
						<coordinates>
							32.83731235409518,39.85724175687427,0 32.83741066865184,39.85718479281013,0 32.83748661944183,39.85726418583135,0 32.83739848839202,39.85731360650257,0 32.83731235409518,39.85724175687427,0 
						</coordinates>
					</LinearRing>
				</outerBoundaryIs>
			</Polygon>
		</Placemark>
		<Placemark>
			<name>Adsız Çokgen [28:Polygon]</name>
			<snippet></snippet>
			<styleUrl>#m_ylw-pushpin</styleUrl>
			<Polygon>
				<tessellate>1</tessellate>
				<outerBoundaryIs>
					<LinearRing>
						<coordinates>
							32.8373969785831,39.85761353659142,0 32.83735752337644,39.85749515339857,0 32.83745466583299,39.85746555209594,0 32.83748385531776,39.85751950924839,0 32.83758521629827,39.85748779012031,0 32.83761939384848,39.85754332063576,0 32.8373969785831,39.85761353659142,0 
						</coordinates>
					</LinearRing>
				</outerBoundaryIs>
			</Polygon>
		</Placemark>
		<Placemark>
			<name>Adsız Çokgen [29:Polygon]</name>
			<snippet></snippet>
			<styleUrl>#m_ylw-pushpin</styleUrl>
			<Polygon>
				<tessellate>1</tessellate>
				<outerBoundaryIs>
					<LinearRing>
						<coordinates>
							32.8378599322784,39.85772023398762,0 32.83782814529915,39.85761521240324,0 32.83793676181621,39.85758939033919,0 32.83796696896679,39.85769367877054,0 32.8378599322784,39.85772023398762,0 
						</coordinates>
					</LinearRing>
				</outerBoundaryIs>
			</Polygon>
		</Placemark>
		<Placemark>
			<name>Adsız Çokgen [30:Polygon]</name>
			<snippet></snippet>
			<styleUrl>#m_ylw-pushpin</styleUrl>
			<Polygon>
				<tessellate>1</tessellate>
				<outerBoundaryIs>
					<LinearRing>
						<coordinates>
							32.83802284503107,39.85767292341205,0 32.83799911442821,39.85757630934062,0 32.83809742120501,39.85753801938542,0 32.83811788252564,39.85764043689103,0 32.83802284503107,39.85767292341205,0 
						</coordinates>
					</LinearRing>
				</outerBoundaryIs>
			</Polygon>
		</Placemark>
		<Placemark>
			<name>Adsız Çokgen [31:Polygon]</name>
			<snippet></snippet>
			<styleUrl>#m_ylw-pushpin</styleUrl>
			<Polygon>
				<tessellate>1</tessellate>
				<outerBoundaryIs>
					<LinearRing>
						<coordinates>
							32.83782003173309,39.85758689895474,0 32.83778462977799,39.85750880691246,0 32.83788800372976,39.85748132352958,0 32.83792031770579,39.85756519586336,0 32.83782003173309,39.85758689895474,0 
						</coordinates>
					</LinearRing>
				</outerBoundaryIs>
			</Polygon>
		</Placemark>
		<Placemark>
			<name>Adsız Çokgen [32:Polygon]</name>
			<snippet></snippet>
			<styleUrl>#m_ylw-pushpin</styleUrl>
			<Polygon>
				<tessellate>1</tessellate>
				<outerBoundaryIs>
					<LinearRing>
						<coordinates>
							32.83798231234314,39.85755987988848,0 32.83793763076078,39.85748072448283,0 32.83805417959181,39.85745218131685,0 32.83809268480561,39.85752211084849,0 32.83798231234314,39.85755987988848,0 
						</coordinates>
					</LinearRing>
				</outerBoundaryIs>
			</Polygon>
		</Placemark>
		<Placemark>
			<name>Adsız Çokgen [33:Polygon]</name>
			<snippet></snippet>
			<styleUrl>#m_ylw-pushpin</styleUrl>
			<Polygon>
				<tessellate>1</tessellate>
				<outerBoundaryIs>
					<LinearRing>
						<coordinates>
							32.83825313839271,39.85760423743266,0 32.8382402408631,39.8575053433841,0 32.83833827179156,39.85748939041084,0 32.83834520280077,39.85758781876199,0 32.83825313839271,39.85760423743266,0 
						</coordinates>
					</LinearRing>
				</outerBoundaryIs>
			</Polygon>
		</Placemark>
		<Placemark>
			<name>Adsız Çokgen [34:Polygon]</name>
			<snippet></snippet>
			<styleUrl>#m_ylw-pushpin</styleUrl>
			<Polygon>
				<tessellate>1</tessellate>
				<outerBoundaryIs>
					<LinearRing>
						<coordinates>
							32.83811954506161,39.85781907312435,0 32.83813293608031,39.85772515592323,0 32.83821545505138,39.857721997585,0 32.8382091147725,39.85781745652636,0 32.83811954506161,39.85781907312435,0 
						</coordinates>
					</LinearRing>
				</outerBoundaryIs>
			</Polygon>
		</Placemark>
		<Placemark>
			<name>Adsız Çokgen [35:Polygon]</name>
			<snippet></snippet>
			<styleUrl>#m_ylw-pushpin</styleUrl>
			<Polygon>
				<tessellate>1</tessellate>
				<outerBoundaryIs>
					<LinearRing>
						<coordinates>
							32.83838739304974,39.85774730964386,0 32.83846331211865,39.85763048506946,0 32.83853400920206,39.8576522899189,0 32.83851917445509,39.85767748795478,0 32.83854470698062,39.85768972882082,0 32.83851244348853,39.85775598504351,0 32.83848129833574,39.85775244025654,0 32.83846610988579,39.85777912596022,0 32.83838739304974,39.85774730964386,0 
						</coordinates>
					</LinearRing>
				</outerBoundaryIs>
			</Polygon>
		</Placemark>
		<Placemark>
			<name>Adsız Çokgen [36:Polygon]</name>
			<snippet></snippet>
			<styleUrl>#m_ylw-pushpin</styleUrl>
			<Polygon>
				<tessellate>1</tessellate>
				<outerBoundaryIs>
					<LinearRing>
						<coordinates>
							32.83793762733821,39.85733595525042,0 32.83786240493404,39.85724783662884,0 32.83795932299832,39.85718573161532,0 32.83803974813227,39.85728356162353,0 32.83793762733821,39.85733595525042,0 
						</coordinates>
					</LinearRing>
				</outerBoundaryIs>
			</Polygon>
		</Placemark>
		<Placemark>
			<name>Adsız Çokgen [37:Polygon]</name>
			<snippet></snippet>
			<styleUrl>#m_ylw-pushpin</styleUrl>
			<Polygon>
				<tessellate>1</tessellate>
				<outerBoundaryIs>
					<LinearRing>
						<coordinates>
							32.83775248306775,39.85749412744191,0 32.8377234275648,39.85741943972818,0 32.83783205509726,39.85739370955064,0 32.83785359498583,39.85747068374292,0 32.83775248306775,39.85749412744191,0 
						</coordinates>
					</LinearRing>
				</outerBoundaryIs>
			</Polygon>
		</Placemark>
		<Placemark>
			<name>Adsız Çokgen [38:Polygon]</name>
			<snippet></snippet>
			<styleUrl>#m_ylw-pushpin</styleUrl>
			<Polygon>
				<tessellate>1</tessellate>
				<outerBoundaryIs>
					<LinearRing>
						<coordinates>
							32.83818080096666,39.85749613712406,0 32.83816508759681,39.85741667457373,0 32.83825702414297,39.85738996017172,0 32.83828250416143,39.8574719663324,0 32.83818080096666,39.85749613712406,0 
						</coordinates>
					</LinearRing>
				</outerBoundaryIs>
			</Polygon>
		</Placemark>
		<Placemark>
			<name>Adsız Çokgen [39:Polygon]</name>
			<snippet></snippet>
			<styleUrl>#m_ylw-pushpin</styleUrl>
			<Polygon>
				<tessellate>1</tessellate>
				<outerBoundaryIs>
					<LinearRing>
						<coordinates>
							32.83831662887884,39.85747761504531,0 32.83828490998992,39.85739348858561,0 32.8383703608669,39.85737826609532,0 32.83840885205563,39.85745158560714,0 32.83831662887884,39.85747761504531,0 
						</coordinates>
					</LinearRing>
				</outerBoundaryIs>
			</Polygon>
		</Placemark>
		<Placemark>
			<name>Adsız Çokgen [40:Polygon]</name>
			<snippet></snippet>
			<styleUrl>#m_ylw-pushpin</styleUrl>
			<Polygon>
				<tessellate>1</tessellate>
				<outerBoundaryIs>
					<LinearRing>
						<coordinates>
							32.83741108409887,39.8570697145912,0 32.83730550775605,39.85706807602331,0 32.83730592752748,39.85704964322364,0 32.8372595409055,39.85704627750741,0 32.83725390727618,39.85696780804471,0 32.83742828214566,39.85696279928904,0 32.83741108409887,39.8570697145912,0 
						</coordinates>
					</LinearRing>
				</outerBoundaryIs>
			</Polygon>
		</Placemark>
		<Placemark>
			<name>Adsız Çokgen [41:Polygon]</name>
			<snippet></snippet>
			<styleUrl>#m_ylw-pushpin</styleUrl>
			<Polygon>
				<tessellate>1</tessellate>
				<outerBoundaryIs>
					<LinearRing>
						<coordinates>
							32.83682424286309,39.85667701092703,0 32.83695665147317,39.85669101336398,0 32.8369222473727,39.85679947687805,0 32.83679696945426,39.85678644740281,0 32.83682424286309,39.85667701092703,0 
						</coordinates>
					</LinearRing>
				</outerBoundaryIs>
			</Polygon>
		</Placemark>
		<Placemark>
			<name>Adsız Çokgen [42:Polygon]</name>
			<snippet></snippet>
			<styleUrl>#m_ylw-pushpin</styleUrl>
			<Polygon>
				<tessellate>1</tessellate>
				<outerBoundaryIs>
					<LinearRing>
						<coordinates>
							32.83700451174501,39.85679136637414,0 32.8370204623558,39.85670697071101,0 32.83711946897537,39.85670699064745,0 32.83711440109785,39.85680377528362,0 32.83700451174501,39.85679136637414,0 
						</coordinates>
					</LinearRing>
				</outerBoundaryIs>
			</Polygon>
		</Placemark>
		<Placemark>
			<name>Adsız Çokgen [43:Polygon]</name>
			<snippet></snippet>
			<styleUrl>#m_ylw-pushpin</styleUrl>
			<Polygon>
				<tessellate>1</tessellate>
				<outerBoundaryIs>
					<LinearRing>
						<coordinates>
							32.83610620456697,39.85660727339013,0 32.83621766972665,39.85665602600881,0 32.83617983568663,39.85672808949688,0 32.83605209718667,39.85668963731147,0 32.83610620456697,39.85660727339013,0 
						</coordinates>
					</LinearRing>
				</outerBoundaryIs>
			</Polygon>
		</Placemark>
		<Placemark>
			<name>Adsız Çokgen [44:Polygon]</name>
			<snippet></snippet>
			<styleUrl>#m_ylw-pushpin</styleUrl>
			<Polygon>
				<tessellate>1</tessellate>
				<outerBoundaryIs>
					<LinearRing>
						<coordinates>
							32.83456233226447,39.85706831320406,0 32.83456018435468,39.85700237137334,0 32.83464991755802,39.8569966526811,0 32.83463886887613,39.85706574958277,0 32.83456233226447,39.85706831320406,0 
						</coordinates>
					</LinearRing>
				</outerBoundaryIs>
			</Polygon>
		</Placemark>
		<Placemark>
			<name>Adsız Çokgen [45:Polygon]</name>
			<snippet></snippet>
			<styleUrl>#m_ylw-pushpin</styleUrl>
			<Polygon>
				<tessellate>1</tessellate>
				<outerBoundaryIs>
					<LinearRing>
						<coordinates>
							32.8347259905664,39.85711971632613,0 32.83472503512767,39.85704537403431,0 32.8348141224355,39.85704083894805,0 32.83480811996836,39.85710950343371,0 32.8347259905664,39.85711971632613,0 
						</coordinates>
					</LinearRing>
				</outerBoundaryIs>
			</Polygon>
		</Placemark>
		<Placemark>
			<name>Adsız Çokgen [46:Polygon]</name>
			<snippet></snippet>
			<styleUrl>#m_ylw-pushpin</styleUrl>
			<Polygon>
				<tessellate>1</tessellate>
				<outerBoundaryIs>
					<LinearRing>
						<coordinates>
							32.83467696441348,39.85696383637031,0 32.83458214107322,39.8569577114654,0 32.83458068479684,39.85693097415861,0 32.83455196487704,39.85692948935679,0 32.8345502229996,39.856883535471,0 32.83458837175371,39.85687903675451,0 32.83459024831416,39.85685973557617,0 32.83457309656671,39.85686273927344,0 32.83456545063301,39.85684495329418,0 32.83459019458965,39.85684043137181,0 32.83460525078716,39.85678537629399,0 32.83469409878722,39.85678450105706,0 32.83467696441348,39.85696383637031,0 
						</coordinates>
					</LinearRing>
				</outerBoundaryIs>
			</Polygon>
		</Placemark>
		<Placemark>
			<name>Adsız Çokgen [47:Polygon]</name>
			<snippet></snippet>
			<styleUrl>#m_ylw-pushpin</styleUrl>
			<Polygon>
				<tessellate>1</tessellate>
				<outerBoundaryIs>
					<LinearRing>
						<coordinates>
							32.83462379193604,39.85666898413488,0 32.83471391665243,39.85666512543209,0 32.83469779354818,39.85676946089765,0 32.83462227678788,39.85677037154845,0 32.83462379193604,39.85666898413488,0 
						</coordinates>
					</LinearRing>
				</outerBoundaryIs>
			</Polygon>
		</Placemark>
		<Placemark>
			<name>Adsız Çokgen [48:Polygon]</name>
			<snippet></snippet>
			<styleUrl>#m_ylw-pushpin</styleUrl>
			<Polygon>
				<tessellate>1</tessellate>
				<outerBoundaryIs>
					<LinearRing>
						<coordinates>
							32.83477695952244,39.85692043173901,0 32.83478265180502,39.85692193658407,0 32.83485868711309,39.85693256838516,0 32.83484470378669,39.85703845205814,0 32.83479519726515,39.85702826136147,0 32.83479528629307,39.85701303778415,0 32.83475171275965,39.85701097883808,0 32.83477695952244,39.85692043173901,0 
						</coordinates>
					</LinearRing>
				</outerBoundaryIs>
			</Polygon>
		</Placemark>
		<Placemark>
			<name>Adsız Çokgen [49:Polygon]</name>
			<snippet></snippet>
			<styleUrl>#m_ylw-pushpin</styleUrl>
			<Polygon>
				<tessellate>1</tessellate>
				<outerBoundaryIs>
					<LinearRing>
						<coordinates>
							32.83778289384177,39.85707356941252,0 32.83788961953411,39.85698591855865,0 32.83796832970332,39.85704814405334,0 32.83787476608686,39.85713276164078,0 32.83778289384177,39.85707356941252,0 
						</coordinates>
					</LinearRing>
				</outerBoundaryIs>
			</Polygon>
		</Placemark>
		<Placemark>
			<name>Adsız Çokgen [50:Polygon]</name>
			<snippet></snippet>
			<styleUrl>#m_ylw-pushpin</styleUrl>
			<Polygon>
				<tessellate>1</tessellate>
				<outerBoundaryIs>
					<LinearRing>
						<coordinates>
							32.83814644454199,39.85715481911373,0 32.83811780835416,39.85707312648334,0 32.83816099084771,39.85703706191335,0 32.83821509605705,39.8571231511249,0 32.83814644454199,39.85715481911373,0 
						</coordinates>
					</LinearRing>
				</outerBoundaryIs>
			</Polygon>
		</Placemark>
		<Placemark>
			<name>Adsız Çokgen [51:Polygon]</name>
			<snippet></snippet>
			<styleUrl>#m_ylw-pushpin</styleUrl>
			<Polygon>
				<tessellate>1</tessellate>
				<outerBoundaryIs>
					<LinearRing>
						<coordinates>
							32.83826603079225,39.85716659949333,0 32.8382262080149,39.85706926998848,0 32.83834080205044,39.8570384349613,0 32.83838820691733,39.85713360331317,0 32.83826603079225,39.85716659949333,0 
						</coordinates>
					</LinearRing>
				</outerBoundaryIs>
			</Polygon>
		</Placemark>
		<Placemark>
			<name>Adsız Çokgen [52:Polygon]</name>
			<snippet></snippet>
			<styleUrl>#m_ylw-pushpin</styleUrl>
			<Polygon>
				<tessellate>1</tessellate>
				<outerBoundaryIs>
					<LinearRing>
						<coordinates>
							32.83848780444607,39.85708938402372,0 32.83846968970771,39.85703305088987,0 32.83859412343507,39.85698679879633,0 32.83863593501808,39.85703624072984,0 32.83859642192363,39.85705162676823,0 32.83863060792762,39.85709235193308,0 32.83854506486888,39.85711714473082,0 32.83853008291209,39.8570941708058,0 32.83848780444607,39.85708938402372,0 
						</coordinates>
					</LinearRing>
				</outerBoundaryIs>
			</Polygon>
		</Placemark>
		<Placemark>
			<name>Adsız Çokgen [53:Polygon]</name>
			<snippet></snippet>
			<styleUrl>#m_ylw-pushpin</styleUrl>
			<Polygon>
				<tessellate>1</tessellate>
				<outerBoundaryIs>
					<LinearRing>
						<coordinates>
							32.83743421504612,39.85676764113627,0 32.83758667228956,39.85677888703382,0 32.83758743971804,39.8568520973373,0 32.837436657122,39.85685457792286,0 32.83743421504612,39.85676764113627,0 
						</coordinates>
					</LinearRing>
				</outerBoundaryIs>
			</Polygon>
		</Placemark>
		<Placemark>
			<name>Adsız Çokgen [54:Polygon]</name>
			<snippet></snippet>
			<styleUrl>#m_ylw-pushpin</styleUrl>
			<Polygon>
				<tessellate>1</tessellate>
				<outerBoundaryIs>
					<LinearRing>
						<coordinates>
							32.83795475408093,39.85686421974628,0 32.83806357759259,39.856929932993,0 32.83798570891107,39.85701936608874,0 32.83786372874037,39.85694887321897,0 32.83795475408093,39.85686421974628,0 
						</coordinates>
					</LinearRing>
				</outerBoundaryIs>
			</Polygon>
		</Placemark>
		<Placemark>
			<name>Adsız Çokgen [55:Polygon]</name>
			<snippet></snippet>
			<styleUrl>#m_ylw-pushpin</styleUrl>
			<Polygon>
				<tessellate>1</tessellate>
				<outerBoundaryIs>
					<LinearRing>
						<coordinates>
							32.83800355966558,39.85703033817889,0 32.8380817618656,39.85697042035997,0 32.83815381712642,39.85701264118921,0 32.8380714074939,39.85708245600518,0 32.83800355966558,39.85703033817889,0 
						</coordinates>
					</LinearRing>
				</outerBoundaryIs>
			</Polygon>
		</Placemark>
		<Placemark>
			<name>Adsız Çokgen [56:Polygon]</name>
			<snippet></snippet>
			<styleUrl>#m_ylw-pushpin</styleUrl>
			<Polygon>
				<tessellate>1</tessellate>
				<outerBoundaryIs>
					<LinearRing>
						<coordinates>
							32.83699245067253,39.85636179608677,0 32.83708244571029,39.85628762225606,0 32.83716934677186,39.85635162256008,0 32.83707350128403,39.85640543777837,0 32.83699245067253,39.85636179608677,0 
						</coordinates>
					</LinearRing>
				</outerBoundaryIs>
			</Polygon>
		</Placemark>
		<Placemark>
			<name>Adsız Çokgen [57:Polygon]</name>
			<snippet></snippet>
			<styleUrl>#m_ylw-pushpin</styleUrl>
			<Polygon>
				<tessellate>1</tessellate>
				<outerBoundaryIs>
					<LinearRing>
						<coordinates>
							32.83733404188237,39.85668095774525,0 32.837341666454,39.85660801664471,0 32.83744461904416,39.8565975919871,0 32.83743237536547,39.85667136631889,0 32.83733404188237,39.85668095774525,0 
						</coordinates>
					</LinearRing>
				</outerBoundaryIs>
			</Polygon>
		</Placemark>
		<Placemark>
			<name>Adsız Çokgen [58:Polygon]</name>
			<snippet></snippet>
			<styleUrl>#m_ylw-pushpin</styleUrl>
			<Polygon>
				<tessellate>1</tessellate>
				<outerBoundaryIs>
					<LinearRing>
						<coordinates>
							32.83759238601771,39.85669518899782,0 32.83759822033292,39.85662439385588,0 32.83771663418589,39.85664531592367,0 32.83770716728614,39.85671972856336,0 32.83759238601771,39.85669518899782,0 
						</coordinates>
					</LinearRing>
				</outerBoundaryIs>
			</Polygon>
		</Placemark>
		<Placemark>
			<name>Adsız Çokgen [59:Polygon]</name>
			<snippet></snippet>
			<styleUrl>#m_ylw-pushpin</styleUrl>
			<Polygon>
				<tessellate>1</tessellate>
				<outerBoundaryIs>
					<LinearRing>
						<coordinates>
							32.83776151759092,39.85671238329491,0 32.83776010385815,39.8566408176039,0 32.83786380261757,39.8566353812358,0 32.83785261853011,39.85670517532707,0 32.83776151759092,39.85671238329491,0 
						</coordinates>
					</LinearRing>
				</outerBoundaryIs>
			</Polygon>
		</Placemark>
		<Placemark>
			<name>Adsız Çokgen [60:Polygon]</name>
			<snippet></snippet>
			<styleUrl>#m_ylw-pushpin</styleUrl>
			<Polygon>
				<tessellate>1</tessellate>
				<outerBoundaryIs>
					<LinearRing>
						<coordinates>
							32.83829643229177,39.85636971766546,0 32.83835984293569,39.85628849549296,0 32.83846966933287,39.85633742223888,0 32.83840452379698,39.85641945557402,0 32.83829643229177,39.85636971766546,0 
						</coordinates>
					</LinearRing>
				</outerBoundaryIs>
			</Polygon>
		</Placemark>
		<Placemark>
			<name>Adsız Çokgen [61:Polygon]</name>
			<snippet></snippet>
			<styleUrl>#m_ylw-pushpin</styleUrl>
			<Polygon>
				<tessellate>1</tessellate>
				<outerBoundaryIs>
					<LinearRing>
						<coordinates>
							32.8385328596053,39.85640188073015,0 32.83855263630442,39.85633384554014,0 32.83852086220151,39.85632436107809,0 32.8385429047507,39.85628108311333,0 32.83863860807842,39.85628109307181,0 32.83863860693666,39.85632267588879,0 32.8386189112406,39.85642126225656,0 32.8385328596053,39.85640188073015,0 
						</coordinates>
					</LinearRing>
				</outerBoundaryIs>
			</Polygon>
		</Placemark>
		<Placemark>
			<name>Adsız Çokgen [62:Polygon]</name>
			<snippet></snippet>
			<styleUrl>#m_ylw-pushpin</styleUrl>
			<Polygon>
				<tessellate>1</tessellate>
				<outerBoundaryIs>
					<LinearRing>
						<coordinates>
							32.83720855267896,39.85649023018778,0 32.83725703917264,39.85645628558559,0 32.83728783174161,39.85646190361216,0 32.8373044190268,39.85643242604101,0 32.83735823858039,39.85645927771301,0 32.83727636795499,39.85653763098642,0 32.83720855267896,39.85649023018778,0 
						</coordinates>
					</LinearRing>
				</outerBoundaryIs>
			</Polygon>
		</Placemark>
		<Placemark>
			<name>Adsız Çokgen [63:Polygon]</name>
			<snippet></snippet>
			<styleUrl>#m_ylw-pushpin</styleUrl>
			<Polygon>
				<tessellate>1</tessellate>
				<outerBoundaryIs>
					<LinearRing>
						<coordinates>
							32.8371955846358,39.85635778794845,0 32.83730315319528,39.85627343172635,0 32.83736525951261,39.85634542299478,0 32.83726395579919,39.85640339079949,0 32.8371955846358,39.85635778794845,0 
						</coordinates>
					</LinearRing>
				</outerBoundaryIs>
			</Polygon>
		</Placemark>
		<Placemark>
			<name>Adsız Çokgen [64:Polygon]</name>
			<snippet></snippet>
			<styleUrl>#m_ylw-pushpin</styleUrl>
			<Polygon>
				<tessellate>1</tessellate>
				<outerBoundaryIs>
					<LinearRing>
						<coordinates>
							32.83700052531111,39.85619857157493,0 32.83717377916388,39.85613756718397,0 32.83723725596341,39.85617273762236,0 32.83709080419618,39.85626613332696,0 32.83705721123648,39.85623807585925,0 32.83702852230381,39.8562462177687,0 32.83700052531111,39.85619857157493,0 
						</coordinates>
					</LinearRing>
				</outerBoundaryIs>
			</Polygon>
		</Placemark>
		<Placemark>
			<name>Adsız Çokgen [65:Polygon]</name>
			<snippet></snippet>
			<styleUrl>#m_ylw-pushpin</styleUrl>
			<Polygon>
				<tessellate>1</tessellate>
				<outerBoundaryIs>
					<LinearRing>
						<coordinates>
							32.83746298743363,39.85639957840415,0 32.83758224555481,39.85633915964499,0 32.83763800469253,39.85639560977874,0 32.83751670923713,39.85645178574729,0 32.83746298743363,39.85639957840415,0 
						</coordinates>
					</LinearRing>
				</outerBoundaryIs>
			</Polygon>
		</Placemark>
		<Placemark>
			<name>Adsız Çokgen [66:Polygon]</name>
			<snippet></snippet>
			<styleUrl>#m_ylw-pushpin</styleUrl>
			<Polygon>
				<tessellate>1</tessellate>
				<outerBoundaryIs>
					<LinearRing>
						<coordinates>
							32.83733315226471,39.85623854525727,0 32.83744747112455,39.85618484051351,0 32.83748872307139,39.85623179681212,0 32.8373987735486,39.8562998835912,0 32.83733315226471,39.85623854525727,0 
						</coordinates>
					</LinearRing>
				</outerBoundaryIs>
			</Polygon>
		</Placemark>
		<Placemark>
			<name>Adsız Çokgen [67:Polygon]</name>
			<snippet></snippet>
			<styleUrl>#m_ylw-pushpin</styleUrl>
			<Polygon>
				<tessellate>1</tessellate>
				<outerBoundaryIs>
					<LinearRing>
						<coordinates>
							32.83743794198255,39.85632051926247,0 32.83752798064546,39.85626464684402,0 32.83756671453977,39.85631629394182,0 32.83748265454722,39.85636205852281,0 32.83743794198255,39.85632051926247,0 
						</coordinates>
					</LinearRing>
				</outerBoundaryIs>
			</Polygon>
		</Placemark>
		<Placemark>
			<name>Adsız Çokgen [68:Polygon]</name>
			<snippet></snippet>
			<styleUrl>#m_ylw-pushpin</styleUrl>
			<Polygon>
				<tessellate>1</tessellate>
				<outerBoundaryIs>
					<LinearRing>
						<coordinates>
							32.83761828097231,39.85632194971353,0 32.83772581584322,39.85627368590865,0 32.8377773131927,39.8563515751607,0 32.83767892900373,39.85639750542669,0 32.83761828097231,39.85632194971353,0 
						</coordinates>
					</LinearRing>
				</outerBoundaryIs>
			</Polygon>
		</Placemark>
		<Placemark>
			<name>Adsız Çokgen [69:Polygon]</name>
			<snippet></snippet>
			<styleUrl>#m_ylw-pushpin</styleUrl>
			<Polygon>
				<tessellate>1</tessellate>
				<outerBoundaryIs>
					<LinearRing>
						<coordinates>
							32.83791533152367,39.85661563949704,0 32.83793218670692,39.85654329714789,0 32.83806245177399,39.85655525587105,0 32.8380317414673,39.85663775424877,0 32.83791533152367,39.85661563949704,0 
						</coordinates>
					</LinearRing>
				</outerBoundaryIs>
			</Polygon>
		</Placemark>
		<Placemark>
			<name>Adsız Çokgen [70:Polygon]</name>
			<snippet></snippet>
			<styleUrl>#m_ylw-pushpin</styleUrl>
			<Polygon>
				<tessellate>1</tessellate>
				<outerBoundaryIs>
					<LinearRing>
						<coordinates>
							32.83726082516206,39.85609924300884,0 32.8372155187531,39.85602347018047,0 32.8373350303166,39.85597321178999,0 32.8373783894401,39.85604851448915,0 32.83726082516206,39.85609924300884,0 
						</coordinates>
					</LinearRing>
				</outerBoundaryIs>
			</Polygon>
		</Placemark>
		<Placemark>
			<name>Adsız Çokgen [71:Polygon]</name>
			<snippet></snippet>
			<styleUrl>#m_ylw-pushpin</styleUrl>
			<Polygon>
				<tessellate>1</tessellate>
				<outerBoundaryIs>
					<LinearRing>
						<coordinates>
							32.83754583823952,39.85624376113325,0 32.83766341224863,39.85618624063791,0 32.83770980086384,39.85624750424321,0 32.83760731676585,39.85630518043934,0 32.83754583823952,39.85624376113325,0 
						</coordinates>
					</LinearRing>
				</outerBoundaryIs>
			</Polygon>
		</Placemark>
		<Placemark>
			<name>Adsız Çokgen [72:Polygon]</name>
			<snippet></snippet>
			<styleUrl>#m_ylw-pushpin</styleUrl>
			<Polygon>
				<tessellate>1</tessellate>
				<outerBoundaryIs>
					<LinearRing>
						<coordinates>
							32.83790045938807,39.85627329510187,0 32.83785867388601,39.85621906368212,0 32.8379692569529,39.85616735132928,0 32.83801314087445,39.85622243979728,0 32.83790045938807,39.85627329510187,0 
						</coordinates>
					</LinearRing>
				</outerBoundaryIs>
			</Polygon>
		</Placemark>
		<Placemark>
			<name>Adsız Çokgen [73:Polygon]</name>
			<snippet></snippet>
			<styleUrl>#m_ylw-pushpin</styleUrl>
			<Polygon>
				<tessellate>1</tessellate>
				<outerBoundaryIs>
					<LinearRing>
						<coordinates>
							32.83818253243263,39.85603903007289,0 32.83809317861537,39.85597788915798,0 32.83815896160064,39.85591509573163,0 32.83827217300156,39.85596070274192,0 32.83818253243263,39.85603903007289,0 
						</coordinates>
					</LinearRing>
				</outerBoundaryIs>
			</Polygon>
		</Placemark>
		<Placemark>
			<name>Adsız Çokgen [74:Polygon]</name>
			<snippet></snippet>
			<styleUrl>#m_ylw-pushpin</styleUrl>
			<Polygon>
				<tessellate>1</tessellate>
				<outerBoundaryIs>
					<LinearRing>
						<coordinates>
							32.8377370286062,39.85623184446627,0 32.83767256657083,39.85615532127619,0 32.8377669758801,39.85611599856988,0 32.8378285614083,39.85620571133659,0 32.8377370286062,39.85623184446627,0 
						</coordinates>
					</LinearRing>
				</outerBoundaryIs>
			</Polygon>
		</Placemark>
		<Placemark>
			<name>Adsız Çokgen [75:Polygon]</name>
			<snippet></snippet>
			<styleUrl>#m_ylw-pushpin</styleUrl>
			<Polygon>
				<tessellate>1</tessellate>
				<outerBoundaryIs>
					<LinearRing>
						<coordinates>
							32.83784877211001,39.85618226207048,0 32.83779616070859,39.85611434361282,0 32.83787108282313,39.85607828768529,0 32.83792650274026,39.85613416009279,0 32.83784877211001,39.85618226207048,0 
						</coordinates>
					</LinearRing>
				</outerBoundaryIs>
			</Polygon>
		</Placemark>
		<Placemark>
			<name>Adsız Çokgen [76:Polygon]</name>
			<snippet></snippet>
			<styleUrl>#m_ylw-pushpin</styleUrl>
			<Polygon>
				<tessellate>1</tessellate>
				<outerBoundaryIs>
					<LinearRing>
						<coordinates>
							32.83793955036362,39.85612420472778,0 32.83787995971836,39.85605707692404,0 32.83795412487179,39.85603225959007,0 32.83800443694485,39.85607779209143,0 32.83793955036362,39.85612420472778,0 
						</coordinates>
					</LinearRing>
				</outerBoundaryIs>
			</Polygon>
		</Placemark>
		<Placemark>
			<name>Adsız Çokgen [77:Polygon]</name>
			<snippet></snippet>
			<styleUrl>#m_ylw-pushpin</styleUrl>
			<Polygon>
				<tessellate>1</tessellate>
				<outerBoundaryIs>
					<LinearRing>
						<coordinates>
							32.83803999733183,39.85618315562899,0 32.83799105651966,39.85611883832111,0 32.83806773034446,39.85608389223738,0 32.83811164844775,39.85616478680597,0 32.83803999733183,39.85618315562899,0 
						</coordinates>
					</LinearRing>
				</outerBoundaryIs>
			</Polygon>
		</Placemark>
		<Placemark>
			<name>Adsız Çokgen [78:Polygon]</name>
			<snippet></snippet>
			<styleUrl>#m_ylw-pushpin</styleUrl>
			<Polygon>
				<tessellate>1</tessellate>
				<outerBoundaryIs>
					<LinearRing>
						<coordinates>
							32.83795564129731,39.85642572321834,0 32.83791700719895,39.8563462037076,0 32.83801224910613,39.85631563776798,0 32.83805769724076,39.85637785109733,0 32.83795564129731,39.85642572321834,0 
						</coordinates>
					</LinearRing>
				</outerBoundaryIs>
			</Polygon>
		</Placemark>
		<Placemark>
			<name>Adsız Çokgen [79:Polygon]</name>
			<snippet></snippet>
			<styleUrl>#m_ylw-pushpin</styleUrl>
			<Polygon>
				<tessellate>1</tessellate>
				<outerBoundaryIs>
					<LinearRing>
						<coordinates>
							32.83808499085088,39.8563016122103,0 32.83806218014561,39.85625577284656,0 32.83815992900072,39.85621342384834,0 32.83822588846405,39.85632212695153,0 32.8381682864931,39.85633577907223,0 32.83814956323995,39.85629480158732,0 32.83808499085088,39.8563016122103,0 
						</coordinates>
					</LinearRing>
				</outerBoundaryIs>
			</Polygon>
		</Placemark>
		<Placemark>
			<name>Adsız Çokgen [80:Polygon]</name>
			<snippet></snippet>
			<styleUrl>#m_ylw-pushpin</styleUrl>
			<Polygon>
				<tessellate>1</tessellate>
				<outerBoundaryIs>
					<LinearRing>
						<coordinates>
							32.83747461848731,39.85611442643623,0 32.83740277445794,39.85603842953994,0 32.83748178076612,39.85600348776576,0 32.83746184924858,39.85598338759383,0 32.8375240582085,39.85594703299385,0 32.83758360727262,39.85604850435705,0 32.83747461848731,39.85611442643623,0 
						</coordinates>
					</LinearRing>
				</outerBoundaryIs>
			</Polygon>
		</Placemark>
		<Placemark>
			<name>Adsız Çokgen [81:Polygon]</name>
			<snippet></snippet>
			<styleUrl>#m_ylw-pushpin</styleUrl>
			<Polygon>
				<tessellate>1</tessellate>
				<outerBoundaryIs>
					<LinearRing>
						<coordinates>
							32.83765911901294,39.85610284056342,0 32.83761148490731,39.85603251460256,0 32.83771323097572,39.85597500640177,0 32.83777838928732,39.85604438710049,0 32.83765911901294,39.85610284056342,0 
						</coordinates>
					</LinearRing>
				</outerBoundaryIs>
			</Polygon>
		</Placemark>
		<Placemark>
			<name>Adsız Çokgen [82:Polygon]</name>
			<snippet></snippet>
			<styleUrl>#m_ylw-pushpin</styleUrl>
			<Polygon>
				<tessellate>1</tessellate>
				<outerBoundaryIs>
					<LinearRing>
						<coordinates>
							32.83761337708322,39.85601199495997,0 32.83753214737082,39.85591596188855,0 32.83764167368902,39.85587737642461,0 32.8377035644435,39.8559656337664,0 32.83761337708322,39.85601199495997,0 
						</coordinates>
					</LinearRing>
				</outerBoundaryIs>
			</Polygon>
		</Placemark>
		<Placemark>
			<name>Adsız Çokgen [83:Polygon]</name>
			<snippet></snippet>
			<styleUrl>#m_ylw-pushpin</styleUrl>
			<Polygon>
				<tessellate>1</tessellate>
				<outerBoundaryIs>
					<LinearRing>
						<coordinates>
							32.83781532739157,39.85601703316136,0 32.83776667999197,39.85596666335012,0 32.8378536190035,39.85592593527388,0 32.83789055518291,39.85597612303196,0 32.83781532739157,39.85601703316136,0 
						</coordinates>
					</LinearRing>
				</outerBoundaryIs>
			</Polygon>
		</Placemark>
		<Placemark>
			<name>Adsız Çokgen [84:Polygon]</name>
			<snippet></snippet>
			<styleUrl>#m_ylw-pushpin</styleUrl>
			<Polygon>
				<tessellate>1</tessellate>
				<outerBoundaryIs>
					<LinearRing>
						<coordinates>
							32.83775269556019,39.85596048034204,0 32.83770750257464,39.85589376228675,0 32.83779580250498,39.85585033160881,0 32.83784988212369,39.85591814001014,0 32.83775269556019,39.85596048034204,0 
						</coordinates>
					</LinearRing>
				</outerBoundaryIs>
			</Polygon>
		</Placemark>
		<Placemark>
			<name>Adsız Çokgen [85:Polygon]</name>
			<snippet></snippet>
			<styleUrl>#m_ylw-pushpin</styleUrl>
			<Polygon>
				<tessellate>1</tessellate>
				<outerBoundaryIs>
					<LinearRing>
						<coordinates>
							32.8379836956053,39.85575600635264,0 32.83802798560525,39.85567376879082,0 32.83814284940926,39.85571177505415,0 32.83812112501116,39.85579210901947,0 32.8379836956053,39.85575600635264,0 
						</coordinates>
					</LinearRing>
				</outerBoundaryIs>
			</Polygon>
		</Placemark>
		<Placemark>
			<name>Adsız Çokgen [86:Polygon]</name>
			<snippet></snippet>
			<styleUrl>#m_ylw-pushpin</styleUrl>
			<Polygon>
				<tessellate>1</tessellate>
				<outerBoundaryIs>
					<LinearRing>
						<coordinates>
							32.83818504481259,39.85585615722822,0 32.83819172418683,39.85574875428751,0 32.83827795022417,39.85575088330538,0 32.83826375977708,39.85586290765138,0 32.83818504481259,39.85585615722822,0 
						</coordinates>
					</LinearRing>
				</outerBoundaryIs>
			</Polygon>
		</Placemark>
		<Placemark>
			<name>Adsız Çokgen [87:Polygon]</name>
			<snippet></snippet>
			<styleUrl>#m_ylw-pushpin</styleUrl>
			<Polygon>
				<tessellate>1</tessellate>
				<outerBoundaryIs>
					<LinearRing>
						<coordinates>
							32.8384409331961,39.85581676368152,0 32.83843420927068,39.85570460522531,0 32.83851232224621,39.85569342641791,0 32.83853138293913,39.85580643926434,0 32.8384409331961,39.85581676368152,0 
						</coordinates>
					</LinearRing>
				</outerBoundaryIs>
			</Polygon>
		</Placemark>
		<Placemark>
			<name>Adsız Çokgen [88:Polygon]</name>
			<snippet></snippet>
			<styleUrl>#m_ylw-pushpin</styleUrl>
			<Polygon>
				<tessellate>1</tessellate>
				<outerBoundaryIs>
					<LinearRing>
						<coordinates>
							32.83819662410738,39.85567185500857,0 32.83820440087324,39.85559636987559,0 32.83833656895211,39.85559933143254,0 32.8383244338069,39.85567941035135,0 32.83819662410738,39.85567185500857,0 
						</coordinates>
					</LinearRing>
				</outerBoundaryIs>
			</Polygon>
		</Placemark>
		<Placemark>
			<name>Adsız Çokgen [89:Polygon]</name>
			<snippet></snippet>
			<styleUrl>#m_ylw-pushpin</styleUrl>
			<Polygon>
				<tessellate>1</tessellate>
				<outerBoundaryIs>
					<LinearRing>
						<coordinates>
							32.8384197608772,39.85565430449167,0 32.83840933214344,39.85554774862576,0 32.83845203650561,39.85554723738336,0 32.83845220696152,39.85552306497155,0 32.83851791752445,39.85551206283442,0 32.83853763679994,39.85566186108754,0 32.83847554576525,39.8556724557976,0 32.83847339411628,39.855649882517,0 32.8384197608772,39.85565430449167,0 
						</coordinates>
					</LinearRing>
				</outerBoundaryIs>
			</Polygon>
		</Placemark>
		<Placemark>
			<name>Adsız Çokgen [90:Polygon]</name>
			<snippet></snippet>
			<styleUrl>#m_ylw-pushpin</styleUrl>
			<Polygon>
				<tessellate>1</tessellate>
				<outerBoundaryIs>
					<LinearRing>
						<coordinates>
							32.83821198413293,39.85554883745279,0 32.83821312626218,39.85542649799204,0 32.83829911711338,39.85542881903065,0 32.83829989349564,39.85553417019815,0 32.83821198413293,39.85554883745279,0 
						</coordinates>
					</LinearRing>
				</outerBoundaryIs>
			</Polygon>
		</Placemark>
		<Placemark>
			<name>Adsız Çokgen [91:Polygon]</name>
			<snippet></snippet>
			<styleUrl>#m_ylw-pushpin</styleUrl>
			<Polygon>
				<tessellate>1</tessellate>
				<outerBoundaryIs>
					<LinearRing>
						<coordinates>
							32.8384204458148,39.8554913904137,0 32.83841174434788,39.85541620907099,0 32.83850037390062,39.85540984502506,0 32.83850250897324,39.85548935244701,0 32.8384204458148,39.8554913904137,0 
						</coordinates>
					</LinearRing>
				</outerBoundaryIs>
			</Polygon>
		</Placemark>
		<Placemark>
			<name>Adsız Çokgen [92:Polygon]</name>
			<snippet></snippet>
			<styleUrl>#m_ylw-pushpin</styleUrl>
			<Polygon>
				<tessellate>1</tessellate>
				<outerBoundaryIs>
					<LinearRing>
						<coordinates>
							32.83738579322602,39.85576971523869,0 32.83745718759862,39.8556983268389,0 32.83753868950024,39.85575053978985,0 32.83745822148881,39.85582462629553,0 32.83738579322602,39.85576971523869,0 
						</coordinates>
					</LinearRing>
				</outerBoundaryIs>
			</Polygon>
		</Placemark>
		<Placemark>
			<name>Adsız Çokgen [93:Polygon]</name>
			<snippet></snippet>
			<styleUrl>#m_ylw-pushpin</styleUrl>
			<Polygon>
				<tessellate>1</tessellate>
				<outerBoundaryIs>
					<LinearRing>
						<coordinates>
							32.837499330275,39.8556552705934,0 32.83755228872636,39.85557819638437,0 32.83765151085176,39.85562045948102,0 32.83762402384741,39.85569265367336,0 32.837499330275,39.8556552705934,0 
						</coordinates>
					</LinearRing>
				</outerBoundaryIs>
			</Polygon>
		</Placemark>
		<Placemark>
			<name>Adsız Çokgen [94:Polygon]</name>
			<snippet></snippet>
			<styleUrl>#m_ylw-pushpin</styleUrl>
			<Polygon>
				<tessellate>1</tessellate>
				<outerBoundaryIs>
					<LinearRing>
						<coordinates>
							32.83772398901707,39.85562044490807,0 32.83776326526279,39.85550609009295,0 32.83789155797354,39.85553421212654,0 32.83786714513227,39.85559875373485,0 32.83783898748384,39.85559022829324,0 32.83783638028616,39.85563970461553,0 32.83772398901707,39.85562044490807,0 
						</coordinates>
					</LinearRing>
				</outerBoundaryIs>
			</Polygon>
		</Placemark>
		<Placemark>
			<name>Adsız Çokgen [95:Polygon]</name>
			<snippet></snippet>
			<styleUrl>#m_ylw-pushpin</styleUrl>
			<Polygon>
				<tessellate>1</tessellate>
				<outerBoundaryIs>
					<LinearRing>
						<coordinates>
							32.83678903668478,39.85619081128458,0 32.83683608236485,39.8561564198529,0 32.83690200570392,39.85619705389438,0 32.83686567822151,39.85622352020448,0 32.83678903668478,39.85619081128458,0 
						</coordinates>
					</LinearRing>
				</outerBoundaryIs>
			</Polygon>
		</Placemark>
		<Placemark>
			<name>Adsız Çokgen [96:Polygon]</name>
			<snippet></snippet>
			<styleUrl>#m_ylw-pushpin</styleUrl>
			<Polygon>
				<tessellate>1</tessellate>
				<outerBoundaryIs>
					<LinearRing>
						<coordinates>
							32.83683193335885,39.85596649704372,0 32.83677431915916,39.8559129727324,0 32.83679097034439,39.85588533401929,0 32.83686780391316,39.8558810754918,0 32.83689736967174,39.85590459588477,0 32.83683193335885,39.85596649704372,0 
						</coordinates>
					</LinearRing>
				</outerBoundaryIs>
			</Polygon>
		</Placemark>
		<Placemark>
			<name>Adsız Çokgen [97:Polygon]</name>
			<snippet></snippet>
			<styleUrl>#m_ylw-pushpin</styleUrl>
			<Polygon>
				<tessellate>1</tessellate>
				<outerBoundaryIs>
					<LinearRing>
						<coordinates>
							32.83697888077191,39.85594992651947,0 32.83690809776881,39.85589490845896,0 32.83701950010639,39.85582828044799,0 32.8370805393776,39.85588122517982,0 32.83697888077191,39.85594992651947,0 
						</coordinates>
					</LinearRing>
				</outerBoundaryIs>
			</Polygon>
		</Placemark>
		<Placemark>
			<name>Adsız Çokgen [98:Polygon]</name>
			<snippet></snippet>
			<styleUrl>#m_ylw-pushpin</styleUrl>
			<Polygon>
				<tessellate>1</tessellate>
				<outerBoundaryIs>
					<LinearRing>
						<coordinates>
							32.83667982856619,39.85597963857128,0 32.83675659406375,39.85592953248252,0 32.83684758991041,39.8559825389112,0 32.83675659598048,39.85602967093121,0 32.83667982856619,39.85597963857128,0 
						</coordinates>
					</LinearRing>
				</outerBoundaryIs>
			</Polygon>
		</Placemark>
		<Placemark>
			<name>Adsız Çokgen [99:Polygon]</name>
			<snippet></snippet>
			<styleUrl>#m_ylw-pushpin</styleUrl>
			<Polygon>
				<tessellate>1</tessellate>
				<outerBoundaryIs>
					<LinearRing>
						<coordinates>
							32.83674981634492,39.85554609750683,0 32.83668171140656,39.8554547503527,0 32.8368088402533,39.85542578393994,0 32.83685618158134,39.85551845910023,0 32.83674981634492,39.85554609750683,0 
						</coordinates>
					</LinearRing>
				</outerBoundaryIs>
			</Polygon>
		</Placemark>
		<Placemark>
			<name>Adsız Çokgen [100:Polygon]</name>
			<snippet></snippet>
			<styleUrl>#m_ylw-pushpin</styleUrl>
			<Polygon>
				<tessellate>1</tessellate>
				<outerBoundaryIs>
					<LinearRing>
						<coordinates>
							32.83748279921924,39.85555327794206,0 32.8374922770391,39.85547079038899,0 32.83762422937444,39.85546999477393,0 32.83763121959327,39.85556224759619,0 32.83748279921924,39.85555327794206,0 
						</coordinates>
					</LinearRing>
				</outerBoundaryIs>
			</Polygon>
		</Placemark>
		<Placemark>
			<name>Adsız Çokgen [101:Polygon]</name>
			<snippet></snippet>
			<styleUrl>#m_ylw-pushpin</styleUrl>
			<Polygon>
				<tessellate>1</tessellate>
				<outerBoundaryIs>
					<LinearRing>
						<coordinates>
							32.83688829537606,39.85547525191833,0 32.83685990939068,39.85539411222483,0 32.83697424219015,39.85537292292393,0 32.83701655666655,39.85546511451042,0 32.83696649053727,39.85547251536771,0 32.83695404194315,39.85545257529272,0 32.83688829537606,39.85547525191833,0 
						</coordinates>
					</LinearRing>
				</outerBoundaryIs>
			</Polygon>
		</Placemark>
		<Placemark>
			<name>Adsız Çokgen [102:Polygon]</name>
			<snippet></snippet>
			<styleUrl>#m_ylw-pushpin</styleUrl>
			<Polygon>
				<tessellate>1</tessellate>
				<outerBoundaryIs>
					<LinearRing>
						<coordinates>
							32.83771047369811,39.8554653717823,0 32.83770859818181,39.85546034092405,0 32.83770276009047,39.85545682939281,0 32.83769184498981,39.85536774255814,0 32.83777804002878,39.85537015764731,0 32.83778393832373,39.85547127339766,0 32.83771047369811,39.8554653717823,0 
						</coordinates>
					</LinearRing>
				</outerBoundaryIs>
			</Polygon>
		</Placemark>
		<Placemark>
			<name>Adsız Çokgen [103:Polygon]</name>
			<snippet></snippet>
			<styleUrl>#m_ylw-pushpin</styleUrl>
			<Polygon>
				<tessellate>1</tessellate>
				<outerBoundaryIs>
					<LinearRing>
						<coordinates>
							32.83747897144876,39.85543438049194,0 32.83746305607648,39.85536999855608,0 32.83758214263027,39.85536472171535,0 32.83759035013661,39.85544251035533,0 32.83747897144876,39.85543438049194,0 
						</coordinates>
					</LinearRing>
				</outerBoundaryIs>
			</Polygon>
		</Placemark>
		<Placemark>
			<name>Adsız Çokgen [104:Polygon]</name>
			<snippet></snippet>
			<styleUrl>#m_ylw-pushpin</styleUrl>
			<Polygon>
				<tessellate>1</tessellate>
				<outerBoundaryIs>
					<LinearRing>
						<coordinates>
							32.83710251568026,39.8553974046187,0 32.83708983561122,39.85531568055708,0 32.83725618821597,39.85527717418348,0 32.83727247893729,39.85530501345125,0 32.83736238384071,39.85529179996227,0 32.83737581519382,39.85539608831456,0 32.83710251568026,39.8553974046187,0 
						</coordinates>
					</LinearRing>
				</outerBoundaryIs>
			</Polygon>
		</Placemark>
		<Placemark>
			<name>Adsız Çokgen [105:Polygon]</name>
			<snippet></snippet>
			<styleUrl>#m_ylw-pushpin</styleUrl>
			<Polygon>
				<tessellate>1</tessellate>
				<outerBoundaryIs>
					<LinearRing>
						<coordinates>
							32.83744380416411,39.85535395485894,0 32.83739591762316,39.85526128672786,0 32.83748551931253,39.85522474559208,0 32.83753382191789,39.85532794453434,0 32.83744380416411,39.85535395485894,0 
						</coordinates>
					</LinearRing>
				</outerBoundaryIs>
			</Polygon>
		</Placemark>
		<Placemark>
			<name>Adsız Çokgen [106:Polygon]</name>
			<snippet></snippet>
			<styleUrl>#m_ylw-pushpin</styleUrl>
			<Polygon>
				<tessellate>1</tessellate>
				<outerBoundaryIs>
					<LinearRing>
						<coordinates>
							32.83662286167497,39.85525634905266,0 32.83660795192291,39.85513285469171,0 32.83669577601347,39.85513115447711,0 32.83673327122437,39.85523146938142,0 32.83662286167497,39.85525634905266,0 
						</coordinates>
					</LinearRing>
				</outerBoundaryIs>
			</Polygon>
		</Placemark>
		<Placemark>
			<name>Adsız Çokgen [107:Polygon]</name>
			<snippet></snippet>
			<styleUrl>#m_ylw-pushpin</styleUrl>
			<Polygon>
				<tessellate>1</tessellate>
				<outerBoundaryIs>
					<LinearRing>
						<coordinates>
							32.83645805083281,39.85523943280234,0 32.83645923312432,39.855121890537,0 32.83654087449296,39.85511197502148,0 32.83656834276483,39.85523011506687,0 32.83645805083281,39.85523943280234,0 
						</coordinates>
					</LinearRing>
				</outerBoundaryIs>
			</Polygon>
		</Placemark>
		<Placemark>
			<name>Adsız Çokgen [108:Polygon]</name>
			<snippet></snippet>
			<styleUrl>#m_ylw-pushpin</styleUrl>
			<Polygon>
				<tessellate>1</tessellate>
				<outerBoundaryIs>
					<LinearRing>
						<coordinates>
							32.83629200683684,39.85530038557402,0 32.83623996859173,39.85520750742744,0 32.83633376101513,39.85518712005176,0 32.83638271301842,39.85529751183938,0 32.83629200683684,39.85530038557402,0 
						</coordinates>
					</LinearRing>
				</outerBoundaryIs>
			</Polygon>
		</Placemark>
		<Placemark>
			<name>Adsız Çokgen [109:Polygon]</name>
			<snippet></snippet>
			<styleUrl>#m_ylw-pushpin</styleUrl>
			<Polygon>
				<tessellate>1</tessellate>
				<outerBoundaryIs>
					<LinearRing>
						<coordinates>
							32.83605472440662,39.85519073605337,0 32.83602405142382,39.85510444519718,0 32.83613264056802,39.85507455562484,0 32.83618264726836,39.85518512355706,0 32.83605472440662,39.85519073605337,0 
						</coordinates>
					</LinearRing>
				</outerBoundaryIs>
			</Polygon>
		</Placemark>
		<Placemark>
			<name>Adsız Çokgen [110:Polygon]</name>
			<snippet></snippet>
			<styleUrl>#m_ylw-pushpin</styleUrl>
			<Polygon>
				<tessellate>1</tessellate>
				<outerBoundaryIs>
					<LinearRing>
						<coordinates>
							32.83560422257244,39.85505638265157,0 32.83560307785783,39.85497686341265,0 32.835678560357,39.85497976272322,0 32.83568059058261,39.85505186487485,0 32.83560422257244,39.85505638265157,0 
						</coordinates>
					</LinearRing>
				</outerBoundaryIs>
			</Polygon>
		</Placemark>
		<Placemark>
			<name>Adsız Çokgen [111:Polygon]</name>
			<snippet></snippet>
			<styleUrl>#m_ylw-pushpin</styleUrl>
			<Polygon>
				<tessellate>1</tessellate>
				<outerBoundaryIs>
					<LinearRing>
						<coordinates>
							32.83533093674993,39.85505637567417,0 32.83532507598979,39.85497216460508,0 32.83542969221287,39.85497230527769,0 32.83543236516615,39.85503824613745,0 32.83533093674993,39.85505637567417,0 
						</coordinates>
					</LinearRing>
				</outerBoundaryIs>
			</Polygon>
		</Placemark>
		<Placemark>
			<name>Adsız Çokgen [112:Polygon]</name>
			<snippet></snippet>
			<styleUrl>#m_ylw-pushpin</styleUrl>
			<Polygon>
				<tessellate>1</tessellate>
				<outerBoundaryIs>
					<LinearRing>
						<coordinates>
							32.83545973050876,39.85505195515705,0 32.83545613394561,39.85496809033985,0 32.83556570530432,39.85497065919866,0 32.83556329592483,39.85503315222274,0 32.83545973050876,39.85505195515705,0 
						</coordinates>
					</LinearRing>
				</outerBoundaryIs>
			</Polygon>
		</Placemark>
		<Placemark>
			<name>Adsız Çokgen [113:Polygon]</name>
			<snippet></snippet>
			<styleUrl>#m_ylw-pushpin</styleUrl>
			<Polygon>
				<tessellate>1</tessellate>
				<outerBoundaryIs>
					<LinearRing>
						<coordinates>
							32.83487779009988,39.85521777350166,0 32.8348467914188,39.8551464631514,0 32.83496819367277,39.85511504893209,0 32.83497289362629,39.85516257051376,0 32.83492375679342,39.85516235742783,0 32.83495345062045,39.85520841189063,0 32.83487779009988,39.85521777350166,0 
						</coordinates>
					</LinearRing>
				</outerBoundaryIs>
			</Polygon>
		</Placemark>
		<Placemark>
			<name>Adsız Çokgen [114:Polygon]</name>
			<snippet></snippet>
			<styleUrl>#m_ylw-pushpin</styleUrl>
			<Polygon>
				<tessellate>1</tessellate>
				<outerBoundaryIs>
					<LinearRing>
						<coordinates>
							32.83473176289859,39.85544003993803,0 32.8347418791537,39.8553703435751,0 32.83478846480313,39.85537028606955,0 32.83480472019215,39.85529357533979,0 32.83487556320895,39.85530083900476,0 32.83485272332287,39.85544849978449,0 32.83473176289859,39.85544003993803,0 
						</coordinates>
					</LinearRing>
				</outerBoundaryIs>
			</Polygon>
		</Placemark>
		<Placemark>
			<name>Adsız Çokgen [115:Polygon]</name>
			<snippet></snippet>
			<styleUrl>#m_ylw-pushpin</styleUrl>
			<Polygon>
				<tessellate>1</tessellate>
				<outerBoundaryIs>
					<LinearRing>
						<coordinates>
							32.83502936046942,39.85541599463411,0 32.8350295309568,39.85540764519376,0 32.83501072682876,39.85530689173456,0 32.83512218122398,39.85530078849734,0 32.83514967265517,39.85540095850423,0 32.83502936046942,39.85541599463411,0 
						</coordinates>
					</LinearRing>
				</outerBoundaryIs>
			</Polygon>
		</Placemark>
		<Placemark>
			<name>Adsız Çokgen [116:Polygon]</name>
			<snippet></snippet>
			<styleUrl>#m_ylw-pushpin</styleUrl>
			<Polygon>
				<tessellate>1</tessellate>
				<outerBoundaryIs>
					<LinearRing>
						<coordinates>
							32.83445666266472,39.85544238401218,0 32.83440654351427,39.85537710853065,0 32.83457819652559,39.85532195845227,0 32.83458794917087,39.85540295249829,0 32.83445666266472,39.85544238401218,0 
						</coordinates>
					</LinearRing>
				</outerBoundaryIs>
			</Polygon>
		</Placemark>
		<Placemark>
			<name>Adsız Çokgen [117:Polygon]</name>
			<snippet></snippet>
			<styleUrl>#m_ylw-pushpin</styleUrl>
			<Polygon>
				<tessellate>1</tessellate>
				<outerBoundaryIs>
					<LinearRing>
						<coordinates>
							32.83462532190171,39.85536439849673,0 32.83458869226857,39.85530115392404,0 32.83470973119415,39.85526812147918,0 32.83474158365664,39.85534342144495,0 32.83462532190171,39.85536439849673,0 
						</coordinates>
					</LinearRing>
				</outerBoundaryIs>
			</Polygon>
		</Placemark>
		<Placemark>
			<name>Adsız Çokgen [118:Polygon]</name>
			<snippet></snippet>
			<styleUrl>#m_ylw-pushpin</styleUrl>
			<Polygon>
				<tessellate>1</tessellate>
				<outerBoundaryIs>
					<LinearRing>
						<coordinates>
							32.83335980100637,39.85580438319661,0 32.83334176290854,39.85572607309037,0 32.8334451242573,39.85572450583832,0 32.83345170088592,39.85579668220077,0 32.83335980100637,39.85580438319661,0 
						</coordinates>
					</LinearRing>
				</outerBoundaryIs>
			</Polygon>
		</Placemark>
		<Placemark>
			<name>Adsız Çokgen [119:Polygon]</name>
			<snippet></snippet>
			<styleUrl>#m_ylw-pushpin</styleUrl>
			<Polygon>
				<tessellate>1</tessellate>
				<outerBoundaryIs>
					<LinearRing>
						<coordinates>
							32.83354222760047,39.85593731544731,0 32.83354221010025,39.8559333620501,0 32.83351479979888,39.85585974008817,0 32.83362587075158,39.85584594516104,0 32.83363867151223,39.85593546093947,0 32.83354222760047,39.85593731544731,0 
						</coordinates>
					</LinearRing>
				</outerBoundaryIs>
			</Polygon>
		</Placemark>
		<Placemark>
			<name>Adsız Çokgen [120:Polygon]</name>
			<snippet></snippet>
			<styleUrl>#m_ylw-pushpin</styleUrl>
			<Polygon>
				<tessellate>1</tessellate>
				<outerBoundaryIs>
					<LinearRing>
						<coordinates>
							32.83382835931497,39.8557230257317,0 32.8338153066448,39.85565533252129,0 32.83393539244094,39.85564480504475,0 32.8339622402142,39.85570002219104,0 32.83382835931497,39.8557230257317,0 
						</coordinates>
					</LinearRing>
				</outerBoundaryIs>
			</Polygon>
		</Placemark>
		<Placemark>
			<name>Adsız Çokgen [121:Polygon]</name>
			<snippet></snippet>
			<styleUrl>#m_ylw-pushpin</styleUrl>
			<Polygon>
				<tessellate>1</tessellate>
				<outerBoundaryIs>
					<LinearRing>
						<coordinates>
							32.83399472886541,39.85574444267051,0 32.83396394925009,39.85561923939445,0 32.83403697097202,39.85560427853307,0 32.83408746788182,39.85572354508337,0 32.83399472886541,39.85574444267051,0 
						</coordinates>
					</LinearRing>
				</outerBoundaryIs>
			</Polygon>
		</Placemark>
		<Placemark>
			<name>Adsız Çokgen [122:Polygon]</name>
			<snippet></snippet>
			<styleUrl>#m_ylw-pushpin</styleUrl>
			<Polygon>
				<tessellate>1</tessellate>
				<outerBoundaryIs>
					<LinearRing>
						<coordinates>
							32.83388391382662,39.85555501554181,0 32.83393996167165,39.85555498207913,0 32.83395552372493,39.85562137318502,0 32.83389936157916,39.85562774637059,0 32.83388391382662,39.85555501554181,0 
						</coordinates>
					</LinearRing>
				</outerBoundaryIs>
			</Polygon>
		</Placemark>
		<Placemark>
			<name>Adsız Çokgen [123:Polygon]</name>
			<snippet></snippet>
			<styleUrl>#m_ylw-pushpin</styleUrl>
			<Polygon>
				<tessellate>1</tessellate>
				<outerBoundaryIs>
					<LinearRing>
						<coordinates>
							32.83439915041124,39.85572923317762,0 32.83438853674715,39.85566806593927,0 32.83443270194521,39.85566380257956,0 32.83442130662926,39.85559358128528,0 32.83449477826577,39.85558286190756,0 32.83453284570815,39.85569573346888,0 32.83439915041124,39.85572923317762,0 
						</coordinates>
					</LinearRing>
				</outerBoundaryIs>
			</Polygon>
		</Placemark>
		<Placemark>
			<name>Adsız Çokgen [124:Polygon]</name>
			<snippet></snippet>
			<styleUrl>#m_ylw-pushpin</styleUrl>
			<Polygon>
				<tessellate>1</tessellate>
				<outerBoundaryIs>
					<LinearRing>
						<coordinates>
							32.83348146378854,39.85555298352784,0 32.83357914540386,39.85555304936065,0 32.83358200263565,39.85562823372721,0 32.83350983343583,39.85563464076955,0 32.83348146378854,39.85555298352784,0 
						</coordinates>
					</LinearRing>
				</outerBoundaryIs>
			</Polygon>
		</Placemark>
		<Placemark>
			<name>Adsız Çokgen [125:Polygon]</name>
			<snippet></snippet>
			<styleUrl>#m_ylw-pushpin</styleUrl>
			<Polygon>
				<tessellate>1</tessellate>
				<outerBoundaryIs>
					<LinearRing>
						<coordinates>
							32.83336493209395,39.85569418789372,0 32.83335416356309,39.85560260590276,0 32.83345678311544,39.85560250118479,0 32.83345826631009,39.85571321787715,0 32.83336493209395,39.85569418789372,0 
						</coordinates>
					</LinearRing>
				</outerBoundaryIs>
			</Polygon>
		</Placemark>
		<Placemark>
			<name>Adsız Çokgen [126:Polygon]</name>
			<snippet></snippet>
			<styleUrl>#m_ylw-pushpin</styleUrl>
			<Polygon>
				<tessellate>1</tessellate>
				<outerBoundaryIs>
					<LinearRing>
						<coordinates>
							32.83355485504848,39.85578026595558,0 32.8335407760058,39.85571960475414,0 32.83364559186541,39.85570907612122,0 32.83364251207647,39.85577412851316,0 32.83355485504848,39.85578026595558,0 
						</coordinates>
					</LinearRing>
				</outerBoundaryIs>
			</Polygon>
		</Placemark>
		<Placemark>
			<name>Adsız Çokgen [127:Polygon]</name>
			<snippet></snippet>
			<styleUrl>#m_ylw-pushpin</styleUrl>
			<Polygon>
				<tessellate>1</tessellate>
				<outerBoundaryIs>
					<LinearRing>
						<coordinates>
							32.83293428107882,39.85582883148087,0 32.83293490620063,39.85574569342512,0 32.83307343594813,39.85574152137699,0 32.8330826247325,39.85582264627793,0 32.83293428107882,39.85582883148087,0 
						</coordinates>
					</LinearRing>
				</outerBoundaryIs>
			</Polygon>
		</Placemark>
		<Placemark>
			<name>Adsız Çokgen [128:Polygon]</name>
			<snippet></snippet>
			<styleUrl>#m_ylw-pushpin</styleUrl>
			<Polygon>
				<tessellate>1</tessellate>
				<outerBoundaryIs>
					<LinearRing>
						<coordinates>
							32.83296172353249,39.85573312525493,0 32.8329489891242,39.85567195051183,0 32.83309098072108,39.85566550003677,0 32.83308694306385,39.85573524510158,0 32.83296172353249,39.85573312525493,0 
						</coordinates>
					</LinearRing>
				</outerBoundaryIs>
			</Polygon>
		</Placemark>
		<Placemark>
			<name>Adsız Çokgen [129:Polygon]</name>
			<snippet></snippet>
			<styleUrl>#m_ylw-pushpin</styleUrl>
			<Polygon>
				<tessellate>1</tessellate>
				<outerBoundaryIs>
					<LinearRing>
						<coordinates>
							32.83294541659471,39.85564640827477,0 32.83294802689181,39.85556237460473,0 32.83308298292086,39.85556382382072,0 32.83308779828435,39.85564625559288,0 32.83294541659471,39.85564640827477,0 
						</coordinates>
					</LinearRing>
				</outerBoundaryIs>
			</Polygon>
		</Placemark>
		<Placemark>
			<name>Adsız Çokgen [130:Polygon]</name>
			<snippet></snippet>
			<styleUrl>#m_ylw-pushpin</styleUrl>
			<Polygon>
				<tessellate>1</tessellate>
				<outerBoundaryIs>
					<LinearRing>
						<coordinates>
							32.8331256283037,39.85561820183256,0 32.83311846607118,39.8555330603996,0 32.83322699506503,39.85553255839292,0 32.83322718992826,39.85557622894483,0 32.83318284598578,39.85557865466171,0 32.83316689387137,39.85562019441655,0 32.8331256283037,39.85561820183256,0 
						</coordinates>
					</LinearRing>
				</outerBoundaryIs>
			</Polygon>
		</Placemark>
		<Placemark>
			<name>Adsız Çokgen [131:Polygon]</name>
			<snippet></snippet>
			<styleUrl>#m_ylw-pushpin</styleUrl>
			<Polygon>
				<tessellate>1</tessellate>
				<outerBoundaryIs>
					<LinearRing>
						<coordinates>
							32.83313894597847,39.85577490926905,0 32.83313798225395,39.85569521720827,0 32.83322802964376,39.85570144086292,0 32.83323647147759,39.85576447532384,0 32.83328535597759,39.85576236343243,0 32.83326907778866,39.85581441420711,0 32.8331663012246,39.85581437689864,0 32.83316610845236,39.85578323297084,0 32.83313894597847,39.85577490926905,0 
						</coordinates>
					</LinearRing>
				</outerBoundaryIs>
			</Polygon>
		</Placemark>
		<Placemark>
			<name>Adsız Çokgen [132:Polygon]</name>
			<snippet></snippet>
			<styleUrl>#m_ylw-pushpin</styleUrl>
			<Polygon>
				<tessellate>1</tessellate>
				<outerBoundaryIs>
					<LinearRing>
						<coordinates>
							32.83717461197831,39.85521290952362,0 32.83713176642109,39.85511059335316,0 32.83724300686305,39.85508470383829,0 32.83727629955894,39.85516874056568,0 32.83724459979843,39.85517787881994,0 32.83724851265435,39.85521250908392,0 32.83717461197831,39.85521290952362,0 
						</coordinates>
					</LinearRing>
				</outerBoundaryIs>
			</Polygon>
		</Placemark>
		<Placemark>
			<name>Adsız Çokgen [133:Polygon]</name>
			<snippet></snippet>
			<styleUrl>#m_ylw-pushpin</styleUrl>
			<Polygon>
				<tessellate>1</tessellate>
				<outerBoundaryIs>
					<LinearRing>
						<coordinates>
							32.83735681837236,39.85516763303034,0 32.83731448158888,39.85507837243257,0 32.83739729626452,39.85505232543168,0 32.83745321639579,39.85515462002041,0 32.83735681837236,39.85516763303034,0 
						</coordinates>
					</LinearRing>
				</outerBoundaryIs>
			</Polygon>
		</Placemark>
		<Placemark>
			<name>Adsız Çokgen [134:Polygon]</name>
			<snippet></snippet>
			<styleUrl>#m_ylw-pushpin</styleUrl>
			<Polygon>
				<tessellate>1</tessellate>
				<outerBoundaryIs>
					<LinearRing>
						<coordinates>
							32.8376617263101,39.85533828757187,0 32.83761527008439,39.8552129415607,0 32.8377221791455,39.85520505658763,0 32.83775153607359,39.85530457501443,0 32.8376617263101,39.85533828757187,0 
						</coordinates>
					</LinearRing>
				</outerBoundaryIs>
			</Polygon>
		</Placemark>
		<Placemark>
			<name>Adsız Çokgen [135:Polygon]</name>
			<snippet></snippet>
			<styleUrl>#m_ylw-pushpin</styleUrl>
			<Polygon>
				<tessellate>1</tessellate>
				<outerBoundaryIs>
					<LinearRing>
						<coordinates>
							32.83767517233779,39.85517578552815,0 32.83761343962453,39.85508974358229,0 32.8376963745259,39.85505341268297,0 32.83775673719602,39.85512905820458,0 32.83767517233779,39.85517578552815,0 
						</coordinates>
					</LinearRing>
				</outerBoundaryIs>
			</Polygon>
		</Placemark>
		<Placemark>
			<name>Adsız Çokgen [136:Polygon]</name>
			<snippet></snippet>
			<styleUrl>#m_ylw-pushpin</styleUrl>
			<Polygon>
				<tessellate>1</tessellate>
				<outerBoundaryIs>
					<LinearRing>
						<coordinates>
							32.83789779087226,39.85505864039428,0 32.83781816842542,39.85494125456842,0 32.83787589530056,39.85491895638021,0 32.8379564253236,39.85503201878642,0 32.83789779087226,39.85505864039428,0 
						</coordinates>
					</LinearRing>
				</outerBoundaryIs>
			</Polygon>
		</Placemark>
		<Placemark>
			<name>Adsız Çokgen [137:Polygon]</name>
			<snippet></snippet>
			<styleUrl>#m_ylw-pushpin</styleUrl>
			<Polygon>
				<tessellate>1</tessellate>
				<outerBoundaryIs>
					<LinearRing>
						<coordinates>
							32.83723357976574,39.85482608882804,0 32.83738386644416,39.85483730338787,0 32.83738142638031,39.85489211124175,0 32.83722639721201,39.85488442720594,0 32.83723357976574,39.85482608882804,0 
						</coordinates>
					</LinearRing>
				</outerBoundaryIs>
			</Polygon>
		</Placemark>
		<Placemark>
			<name>Adsız Çokgen [138:Polygon]</name>
			<snippet></snippet>
			<styleUrl>#m_ylw-pushpin</styleUrl>
			<Polygon>
				<tessellate>1</tessellate>
				<outerBoundaryIs>
					<LinearRing>
						<coordinates>
							32.83755522066578,39.85501492847919,0 32.8376025694637,39.85496472448976,0 32.83765444014817,39.85500938891223,0 32.83761564658663,39.8550506979041,0 32.83755522066578,39.85501492847919,0 
						</coordinates>
					</LinearRing>
				</outerBoundaryIs>
			</Polygon>
		</Placemark>
		<Placemark>
			<name>Adsız Çokgen [139:Polygon]</name>
			<snippet></snippet>
			<styleUrl>#m_ylw-pushpin</styleUrl>
			<Polygon>
				<tessellate>1</tessellate>
				<outerBoundaryIs>
					<LinearRing>
						<coordinates>
							32.83728929480369,39.85476111863511,0 32.83728096333697,39.85467394850446,0 32.83743782290826,39.85469723130443,0 32.83743220008997,39.8547740052387,0 32.83728929480369,39.85476111863511,0 
						</coordinates>
					</LinearRing>
				</outerBoundaryIs>
			</Polygon>
		</Placemark>
		<Placemark>
			<name>Adsız Çokgen [140:Polygon]</name>
			<snippet></snippet>
			<styleUrl>#m_ylw-pushpin</styleUrl>
			<Polygon>
				<tessellate>1</tessellate>
				<outerBoundaryIs>
					<LinearRing>
						<coordinates>
							32.83746722185816,39.85491120825284,0 32.83747772449725,39.8548404331553,0 32.83757471996166,39.8548438519595,0 32.83755632358857,39.85491450595805,0 32.83746722185816,39.85491120825284,0 
						</coordinates>
					</LinearRing>
				</outerBoundaryIs>
			</Polygon>
		</Placemark>
		<Placemark>
			<name>Adsız Çokgen [141:Polygon]</name>
			<snippet></snippet>
			<styleUrl>#m_ylw-pushpin</styleUrl>
			<Polygon>
				<tessellate>1</tessellate>
				<outerBoundaryIs>
					<LinearRing>
						<coordinates>
							32.83758757693814,39.85492479115729,0 32.8376215681759,39.85484528925262,0 32.8378127893726,39.85490040834268,0 32.83778530609729,39.85496281986045,0 32.83758757693814,39.85492479115729,0 
						</coordinates>
					</LinearRing>
				</outerBoundaryIs>
			</Polygon>
		</Placemark>
		<Placemark>
			<name>Adsız Çokgen [142:Polygon]</name>
			<snippet></snippet>
			<styleUrl>#m_ylw-pushpin</styleUrl>
			<Polygon>
				<tessellate>1</tessellate>
				<outerBoundaryIs>
					<LinearRing>
						<coordinates>
							32.83695083340911,39.8550597130158,0 32.83695830176805,39.85498805099299,0 32.83707177658573,39.8549961330416,0 32.83707841771064,39.85505802197015,0 32.83695083340911,39.8550597130158,0 
						</coordinates>
					</LinearRing>
				</outerBoundaryIs>
			</Polygon>
		</Placemark>
		<Placemark>
			<name>Adsız Çokgen [143:Polygon]</name>
			<snippet></snippet>
			<styleUrl>#m_ylw-pushpin</styleUrl>
			<Polygon>
				<tessellate>1</tessellate>
				<outerBoundaryIs>
					<LinearRing>
						<coordinates>
							32.83710425845327,39.85505802326374,0 32.83710045799875,39.85500454595967,0 32.83730099273789,39.85501083267927,0 32.83729212448704,39.85505459213408,0 32.83710425845327,39.85505802326374,0 
						</coordinates>
					</LinearRing>
				</outerBoundaryIs>
			</Polygon>
		</Placemark>
		<Placemark>
			<name>Adsız Çokgen [144:Polygon]</name>
			<snippet></snippet>
			<styleUrl>#m_ylw-pushpin</styleUrl>
			<Polygon>
				<tessellate>1</tessellate>
				<outerBoundaryIs>
					<LinearRing>
						<coordinates>
							32.83676483503637,39.85502492775155,0 32.83676381164923,39.85499342391776,0 32.83672274956024,39.8549917326918,0 32.83672102562559,39.85495482076075,0 32.83689395804274,39.85496132564703,0 32.83688878672415,39.85502649764278,0 32.83676483503637,39.85502492775155,0 
						</coordinates>
					</LinearRing>
				</outerBoundaryIs>
			</Polygon>
		</Placemark>
		<Placemark>
			<name>Adsız Çokgen [145:Polygon]</name>
			<snippet></snippet>
			<styleUrl>#m_ylw-pushpin</styleUrl>
			<Polygon>
				<tessellate>1</tessellate>
				<outerBoundaryIs>
					<LinearRing>
						<coordinates>
							32.83661666498732,39.85505488211421,0 32.83660706420156,39.85499635898717,0 32.83670833925829,39.8549881382271,0 32.83670847848909,39.8550449761681,0 32.83661666498732,39.85505488211421,0 
						</coordinates>
					</LinearRing>
				</outerBoundaryIs>
			</Polygon>
		</Placemark>
		<Placemark>
			<name>Adsız Çokgen [146:Polygon]</name>
			<snippet></snippet>
			<styleUrl>#m_ylw-pushpin</styleUrl>
			<Polygon>
				<tessellate>1</tessellate>
				<outerBoundaryIs>
					<LinearRing>
						<coordinates>
							32.83634087988388,39.85502529177494,0 32.83637001652071,39.85497649209135,0 32.83650410858516,39.85501973676342,0 32.83642460894112,39.85508957705188,0 32.83634087988388,39.85502529177494,0 
						</coordinates>
					</LinearRing>
				</outerBoundaryIs>
			</Polygon>
		</Placemark>
		<Placemark>
			<name>Adsız Çokgen [147:Polygon]</name>
			<snippet></snippet>
			<styleUrl>#m_ylw-pushpin</styleUrl>
			<Polygon>
				<tessellate>1</tessellate>
				<outerBoundaryIs>
					<LinearRing>
						<coordinates>
							32.83619727504211,39.85504781152775,0 32.83621738782975,39.85496309276063,0 32.83633007215317,39.85498016698325,0 32.83630459079362,39.85506852977485,0 32.83619727504211,39.85504781152775,0 
						</coordinates>
					</LinearRing>
				</outerBoundaryIs>
			</Polygon>
		</Placemark>
		<Placemark>
			<name>Adsız Çokgen [148:Polygon]</name>
			<snippet></snippet>
			<styleUrl>#m_ylw-pushpin</styleUrl>
			<Polygon>
				<tessellate>1</tessellate>
				<outerBoundaryIs>
					<LinearRing>
						<coordinates>
							32.83603019225916,39.85503772150688,0 32.83603476899397,39.85495721561686,0 32.83618458625503,39.85495859396614,0 32.83616096483403,39.85504319253315,0 32.83603019225916,39.85503772150688,0 
						</coordinates>
					</LinearRing>
				</outerBoundaryIs>
			</Polygon>
		</Placemark>
		<Placemark>
			<name>Adsız Çokgen [149:Polygon]</name>
			<snippet></snippet>
			<styleUrl>#m_ylw-pushpin</styleUrl>
			<Polygon>
				<tessellate>1</tessellate>
				<outerBoundaryIs>
					<LinearRing>
						<coordinates>
							32.83580480497638,39.8549870428668,0 32.83580875223784,39.85490400716471,0 32.83581260673528,39.85490062711201,0 32.83600624221015,39.85495071750397,0 32.8359910028969,39.8550005369158,0 32.83580480497638,39.8549870428668,0 
						</coordinates>
					</LinearRing>
				</outerBoundaryIs>
			</Polygon>
		</Placemark>
		<Placemark>
			<name>Adsız Çokgen [150:Polygon]</name>
			<snippet></snippet>
			<styleUrl>#m_ylw-pushpin</styleUrl>
			<Polygon>
				<tessellate>1</tessellate>
				<outerBoundaryIs>
					<LinearRing>
						<coordinates>
							32.83676317638,39.85485127069659,0 32.83676902177341,39.85476980172259,0 32.83691399275331,39.85477839951271,0 32.83689125598129,39.85485801714317,0 32.83676317638,39.85485127069659,0 
						</coordinates>
					</LinearRing>
				</outerBoundaryIs>
			</Polygon>
		</Placemark>
		<Placemark>
			<name>Adsız Çokgen [151:Polygon]</name>
			<snippet></snippet>
			<styleUrl>#m_ylw-pushpin</styleUrl>
			<Polygon>
				<tessellate>1</tessellate>
				<outerBoundaryIs>
					<LinearRing>
						<coordinates>
							32.83691194705786,39.8548629050184,0 32.83693244828113,39.85479961917633,0 32.83702363985795,39.85482691302093,0 32.83700636877023,39.85488310988919,0 32.83691194705786,39.8548629050184,0 
						</coordinates>
					</LinearRing>
				</outerBoundaryIs>
			</Polygon>
		</Placemark>
		<Placemark>
			<name>Adsız Çokgen [152:Polygon]</name>
			<snippet></snippet>
			<styleUrl>#m_ylw-pushpin</styleUrl>
			<Polygon>
				<tessellate>1</tessellate>
				<outerBoundaryIs>
					<LinearRing>
						<coordinates>
							32.83703583812884,39.85487246432716,0 32.83705160881487,39.85481789219918,0 32.83716777533166,39.8548280414546,0 32.83714038851723,39.85489126670251,0 32.83703583812884,39.85487246432716,0 
						</coordinates>
					</LinearRing>
				</outerBoundaryIs>
			</Polygon>
		</Placemark>
		<Placemark>
			<name>Adsız Çokgen [153:Polygon]</name>
			<snippet></snippet>
			<styleUrl>#m_ylw-pushpin</styleUrl>
			<Polygon>
				<tessellate>1</tessellate>
				<outerBoundaryIs>
					<LinearRing>
						<coordinates>
							32.83702207635316,39.85474207864538,0 32.83702713114855,39.85469368264072,0 32.83717624362631,39.85470255028183,0 32.8371663510101,39.85476491838788,0 32.83702207635316,39.85474207864538,0 
						</coordinates>
					</LinearRing>
				</outerBoundaryIs>
			</Polygon>
		</Placemark>
		<Placemark>
			<name>Adsız Çokgen [154:Polygon]</name>
			<snippet></snippet>
			<styleUrl>#m_ylw-pushpin</styleUrl>
			<Polygon>
				<tessellate>1</tessellate>
				<outerBoundaryIs>
					<LinearRing>
						<coordinates>
							32.83763682448152,39.85479595797904,0 32.83767126036658,39.85472593617899,0 32.83779322732426,39.85475793379322,0 32.83775048455248,39.85483497530214,0 32.83763682448152,39.85479595797904,0 
						</coordinates>
					</LinearRing>
				</outerBoundaryIs>
			</Polygon>
		</Placemark>
		<Placemark>
			<name>Adsız Çokgen [155:Polygon]</name>
			<snippet></snippet>
			<styleUrl>#m_ylw-pushpin</styleUrl>
			<Polygon>
				<tessellate>1</tessellate>
				<outerBoundaryIs>
					<LinearRing>
						<coordinates>
							32.83769590251585,39.85455412570784,0 32.83760889710589,39.8545433181862,0 32.83763173046597,39.85445277279084,0 32.8378587034547,39.85451166450475,0 32.83778909039676,39.85460097983051,0 32.83769590251585,39.85455412570784,0 
						</coordinates>
					</LinearRing>
				</outerBoundaryIs>
			</Polygon>
		</Placemark>
		<Placemark>
			<name>Adsız Çokgen [156:Polygon]</name>
			<snippet></snippet>
			<styleUrl>#m_ylw-pushpin</styleUrl>
			<Polygon>
				<tessellate>1</tessellate>
				<outerBoundaryIs>
					<LinearRing>
						<coordinates>
							32.83746880225011,39.85476173273997,0 32.83748867090652,39.85469472208589,0 32.83763848350644,39.85471949989748,0 32.83760190445217,39.8548035684425,0 32.83746880225011,39.85476173273997,0 
						</coordinates>
					</LinearRing>
				</outerBoundaryIs>
			</Polygon>
		</Placemark>
		<Placemark>
			<name>Adsız Çokgen [157:Polygon]</name>
			<snippet></snippet>
			<styleUrl>#m_ylw-pushpin</styleUrl>
			<Polygon>
				<tessellate>1</tessellate>
				<outerBoundaryIs>
					<LinearRing>
						<coordinates>
							32.83655876375409,39.85468435565249,0 32.83647267861986,39.85465830872924,0 32.83649381746165,39.85461761826159,0 32.83664324247083,39.85465259536176,0 32.83661066883231,39.85474166663309,0 32.83652703041887,39.85473276987219,0 32.83655876375409,39.85468435565249,0 
						</coordinates>
					</LinearRing>
				</outerBoundaryIs>
			</Polygon>
		</Placemark>
		<Placemark>
			<name>Adsız Çokgen [158:Polygon]</name>
			<snippet></snippet>
			<styleUrl>#m_ylw-pushpin</styleUrl>
			<Polygon>
				<tessellate>1</tessellate>
				<outerBoundaryIs>
					<LinearRing>
						<coordinates>
							32.83677059106111,39.85471878699504,0 32.83677597012996,39.85464925764112,0 32.83688054946273,39.85464575440977,0 32.83699240989203,39.85467043123074,0 32.83700003331383,39.85471741206604,0 32.83689728960542,39.85469469695806,0 32.83686806649086,39.85473753180578,0 32.83677059106111,39.85471878699504,0 
						</coordinates>
					</LinearRing>
				</outerBoundaryIs>
			</Polygon>
		</Placemark>
		<Placemark>
			<name>Adsız Çokgen [159:Polygon]</name>
			<snippet></snippet>
			<styleUrl>#m_ylw-pushpin</styleUrl>
			<Polygon>
				<tessellate>1</tessellate>
				<outerBoundaryIs>
					<LinearRing>
						<coordinates>
							32.83693529940363,39.85454909468957,0 32.8369439828196,39.85462442987696,0 32.83672330495693,39.85462746196185,0 32.83672978972928,39.85455069347869,0 32.83693529940363,39.85454909468957,0 
						</coordinates>
					</LinearRing>
				</outerBoundaryIs>
			</Polygon>
		</Placemark>
		<Placemark>
			<name>Adsız Çokgen [160:Polygon]</name>
			<snippet></snippet>
			<styleUrl>#m_ylw-pushpin</styleUrl>
			<Polygon>
				<tessellate>1</tessellate>
				<outerBoundaryIs>
					<LinearRing>
						<coordinates>
							32.83758514787579,39.85465254948661,0 32.83759817214001,39.85458702928885,0 32.83768859438073,39.85460512058945,0 32.83765553434974,39.85467026767222,0 32.83758514787579,39.85465254948661,0 
						</coordinates>
					</LinearRing>
				</outerBoundaryIs>
			</Polygon>
		</Placemark>
		<Placemark>
			<name>Adsız Çokgen [161:Polygon]</name>
			<snippet></snippet>
			<styleUrl>#m_ylw-pushpin</styleUrl>
			<Polygon>
				<tessellate>1</tessellate>
				<outerBoundaryIs>
					<LinearRing>
						<coordinates>
							32.83707021428197,39.85460970201385,0 32.8370711375611,39.85454987885633,0 32.83720373482864,39.85456271925971,0 32.837200210737,39.85461326541819,0 32.83707021428197,39.85460970201385,0 
						</coordinates>
					</LinearRing>
				</outerBoundaryIs>
			</Polygon>
		</Placemark>
		<Placemark>
			<name>Adsız Çokgen [162:Polygon]</name>
			<snippet></snippet>
			<styleUrl>#m_ylw-pushpin</styleUrl>
			<Polygon>
				<tessellate>1</tessellate>
				<outerBoundaryIs>
					<LinearRing>
						<coordinates>
							32.83723170106329,39.85452437017035,0 32.83738611271076,39.85451867785081,0 32.83745695185127,39.8545296198516,0 32.8374487253103,39.85456973550342,0 32.83752081405963,39.8545586842585,0 32.83753826569543,39.85461660634928,0 32.83742458602104,39.85462028805882,0 32.83742776394226,39.85463644133434,0 32.8373551935517,39.85465073306482,0 32.83734553105155,39.8546077884231,0 32.83723894664438,39.85460248499002,0 32.83723170106329,39.85452437017035,0 
						</coordinates>
					</LinearRing>
				</outerBoundaryIs>
			</Polygon>
		</Placemark>
		<Placemark>
			<name>Adsız Çokgen [163:Polygon]</name>
			<snippet></snippet>
			<styleUrl>#m_ylw-pushpin</styleUrl>
			<Polygon>
				<tessellate>1</tessellate>
				<outerBoundaryIs>
					<LinearRing>
						<coordinates>
							32.83830012543211,39.85387174568685,0 32.83837365341381,39.85383244948589,0 32.83848461049893,39.85400324934348,0 32.83841143356272,39.85403388745565,0 32.83830012543211,39.85387174568685,0 
						</coordinates>
					</LinearRing>
				</outerBoundaryIs>
			</Polygon>
		</Placemark>
		<Placemark>
			<name>Adsız Çokgen [164:Polygon]</name>
			<snippet></snippet>
			<styleUrl>#m_ylw-pushpin</styleUrl>
			<Polygon>
				<tessellate>1</tessellate>
				<outerBoundaryIs>
					<LinearRing>
						<coordinates>
							32.83848407309939,39.85402225494208,0 32.83860256096703,39.85397506549089,0 32.83868448075837,39.85404277754284,0 32.83856565575439,39.85409924848391,0 32.83848407309939,39.85402225494208,0 
						</coordinates>
					</LinearRing>
				</outerBoundaryIs>
			</Polygon>
		</Placemark>
		<Placemark>
			<name>Adsız Çokgen [165:Polygon]</name>
			<snippet></snippet>
			<styleUrl>#m_ylw-pushpin</styleUrl>
			<Polygon>
				<tessellate>1</tessellate>
				<outerBoundaryIs>
					<LinearRing>
						<coordinates>
							32.83876995131862,39.85434104957128,0 32.83869393460374,39.85421297531859,0 32.83879459968845,39.8541922094673,0 32.83888127235751,39.85430440909912,0 32.83876995131862,39.85434104957128,0 
						</coordinates>
					</LinearRing>
				</outerBoundaryIs>
			</Polygon>
		</Placemark>
		<Placemark>
			<name>Adsız Çokgen [166:Polygon]</name>
			<snippet></snippet>
			<styleUrl>#m_ylw-pushpin</styleUrl>
			<Polygon>
				<tessellate>1</tessellate>
				<outerBoundaryIs>
					<LinearRing>
						<coordinates>
							32.83879878461588,39.85418011011576,0 32.83872104308818,39.85408252131702,0 32.83882723200204,39.85408027229363,0 32.83886368266065,39.85413799214801,0 32.83879878461588,39.85418011011576,0 
						</coordinates>
					</LinearRing>
				</outerBoundaryIs>
			</Polygon>
		</Placemark>
		<Placemark>
			<name>Adsız Çokgen [167:Polygon]</name>
			<snippet></snippet>
			<styleUrl>#m_ylw-pushpin</styleUrl>
			<Polygon>
				<tessellate>1</tessellate>
				<outerBoundaryIs>
					<LinearRing>
						<coordinates>
							32.8363257535192,39.85483704993618,0 32.83634550097678,39.85480139195327,0 32.83648573618338,39.85484240218944,0 32.83648207960444,39.8548424231989,0 32.83647330651934,39.8548809483119,0 32.8363257535192,39.85483704993618,0 
						</coordinates>
					</LinearRing>
				</outerBoundaryIs>
			</Polygon>
		</Placemark>
		<Placemark>
			<name>Adsız Çokgen [168:Polygon]</name>
			<snippet></snippet>
			<styleUrl>#m_ylw-pushpin</styleUrl>
			<Polygon>
				<tessellate>1</tessellate>
				<outerBoundaryIs>
					<LinearRing>
						<coordinates>
							32.8359098345745,39.85452057180719,0 32.83598591694442,39.8545120570683,0 32.83604536943707,39.85454300598143,0 32.8360450416699,39.8545760912969,0 32.83591626352623,39.85457414082197,0 32.8359098345745,39.85452057180719,0 
						</coordinates>
					</LinearRing>
				</outerBoundaryIs>
			</Polygon>
		</Placemark>
		<Placemark>
			<name>Adsız Çokgen [169:Polygon]</name>
			<snippet></snippet>
			<styleUrl>#m_ylw-pushpin</styleUrl>
			<Polygon>
				<tessellate>1</tessellate>
				<outerBoundaryIs>
					<LinearRing>
						<coordinates>
							32.83569994809205,39.85454962167176,0 32.83566395730797,39.85448987969271,0 32.83578136787826,39.85446311004151,0 32.83580191732578,39.8545412870354,0 32.83580237770823,39.85454541869434,0 32.83569994809205,39.85454962167176,0 
						</coordinates>
					</LinearRing>
				</outerBoundaryIs>
			</Polygon>
		</Placemark>
		<Placemark>
			<name>Adsız Çokgen [170:Polygon]</name>
			<snippet></snippet>
			<styleUrl>#m_ylw-pushpin</styleUrl>
			<Polygon>
				<tessellate>1</tessellate>
				<outerBoundaryIs>
					<LinearRing>
						<coordinates>
							32.83554966120729,39.85463532278393,0 32.83555182556848,39.85458510252375,0 32.83566729111564,39.85458520927044,0 32.83566948655865,39.8546291213326,0 32.83554966120729,39.85463532278393,0 
						</coordinates>
					</LinearRing>
				</outerBoundaryIs>
			</Polygon>
		</Placemark>
		<Placemark>
			<name>Adsız Çokgen [171:Polygon]</name>
			<snippet></snippet>
			<styleUrl>#m_ylw-pushpin</styleUrl>
			<Polygon>
				<tessellate>1</tessellate>
				<outerBoundaryIs>
					<LinearRing>
						<coordinates>
							32.83569662547758,39.85463119011776,0 32.83569439667301,39.85458506215698,0 32.83585834623957,39.854588828989,0 32.83583845148958,39.85465018327258,0 32.83569662547758,39.85463119011776,0 
						</coordinates>
					</LinearRing>
				</outerBoundaryIs>
			</Polygon>
		</Placemark>
		<Placemark>
			<name>Adsız Çokgen [172:Polygon]</name>
			<snippet></snippet>
			<styleUrl>#m_ylw-pushpin</styleUrl>
			<Polygon>
				<tessellate>1</tessellate>
				<outerBoundaryIs>
					<LinearRing>
						<coordinates>
							32.83555191171645,39.85474769367581,0 32.835545669959,39.85466973581715,0 32.83566814434167,39.85468933125661,0 32.83565427452052,39.85475193125698,0 32.83555191171645,39.85474769367581,0 
						</coordinates>
					</LinearRing>
				</outerBoundaryIs>
			</Polygon>
		</Placemark>
		<Placemark>
			<name>Adsız Çokgen [173:Polygon]</name>
			<snippet></snippet>
			<styleUrl>#m_ylw-pushpin</styleUrl>
			<Polygon>
				<tessellate>1</tessellate>
				<outerBoundaryIs>
					<LinearRing>
						<coordinates>
							32.83567121408365,39.8548134422226,0 32.83567309450963,39.85475400179369,0 32.83579332544821,39.85476632983197,0 32.83578562733065,39.8548378285811,0 32.83567121408365,39.8548134422226,0 
						</coordinates>
					</LinearRing>
				</outerBoundaryIs>
			</Polygon>
		</Placemark>
		<Placemark>
			<name>Adsız Çokgen [174:Polygon]</name>
			<snippet></snippet>
			<styleUrl>#m_ylw-pushpin</styleUrl>
			<Polygon>
				<tessellate>1</tessellate>
				<outerBoundaryIs>
					<LinearRing>
						<coordinates>
							32.83597731731989,39.85484394898671,0 32.83599385288966,39.85475348429044,0 32.83611409344935,39.85478006613618,0 32.83609115998799,39.85486442466813,0 32.83597731731989,39.85484394898671,0 
						</coordinates>
					</LinearRing>
				</outerBoundaryIs>
			</Polygon>
		</Placemark>
		<Placemark>
			<name>Adsız Çokgen [175:Polygon]</name>
			<snippet></snippet>
			<styleUrl>#m_ylw-pushpin</styleUrl>
			<Polygon>
				<tessellate>1</tessellate>
				<outerBoundaryIs>
					<LinearRing>
						<coordinates>
							32.83536500997243,39.8548236155364,0 32.83536500625486,39.85474123995304,0 32.83546943875719,39.85475796083529,0 32.83546691533753,39.85482769534343,0 32.83536500997243,39.8548236155364,0 
						</coordinates>
					</LinearRing>
				</outerBoundaryIs>
			</Polygon>
		</Placemark>
		<Placemark>
			<name>Adsız Çokgen [176:Polygon]</name>
			<snippet></snippet>
			<styleUrl>#m_ylw-pushpin</styleUrl>
			<Polygon>
				<tessellate>1</tessellate>
				<outerBoundaryIs>
					<LinearRing>
						<coordinates>
							32.83555827818606,39.85495130801726,0 32.83555853604751,39.85488010521203,0 32.83565241256779,39.85489424677454,0 32.83565132617889,39.85496929837128,0 32.83555827818606,39.85495130801726,0 
						</coordinates>
					</LinearRing>
				</outerBoundaryIs>
			</Polygon>
		</Placemark>
		<Placemark>
			<name>Adsız Çokgen [177:Polygon]</name>
			<snippet></snippet>
			<styleUrl>#m_ylw-pushpin</styleUrl>
			<Polygon>
				<tessellate>1</tessellate>
				<outerBoundaryIs>
					<LinearRing>
						<coordinates>
							32.83541153030237,39.85494553266344,0 32.8354068540618,39.85487012325272,0 32.8355006851767,39.85487608661381,0 32.83551453456134,39.85495324643917,0 32.83541153030237,39.85494553266344,0 
						</coordinates>
					</LinearRing>
				</outerBoundaryIs>
			</Polygon>
		</Placemark>
		<Placemark>
			<name>Adsız Çokgen [178:Polygon]</name>
			<snippet></snippet>
			<styleUrl>#m_ylw-pushpin</styleUrl>
			<Polygon>
				<tessellate>1</tessellate>
				<outerBoundaryIs>
					<LinearRing>
						<coordinates>
							32.83569605806023,39.8550428027131,0 32.83568240123528,39.85488227552447,0 32.83577397971182,39.85488435135888,0 32.83579779317417,39.85504522283164,0 32.83569605806023,39.8550428027131,0 
						</coordinates>
					</LinearRing>
				</outerBoundaryIs>
			</Polygon>
		</Placemark>
		<Placemark>
			<name>Adsız Çokgen [179:Polygon]</name>
			<snippet></snippet>
			<styleUrl>#m_ylw-pushpin</styleUrl>
			<Polygon>
				<tessellate>1</tessellate>
				<outerBoundaryIs>
					<LinearRing>
						<coordinates>
							32.83614785074809,39.85470899796421,0 32.83616981947843,39.85464809485907,0 32.83627357379175,39.85467544626881,0 32.83626719882879,39.85470910380791,0 32.83614785074809,39.85470899796421,0 
						</coordinates>
					</LinearRing>
				</outerBoundaryIs>
			</Polygon>
		</Placemark>
		<Placemark>
			<name>Adsız Çokgen [180:Polygon]</name>
			<snippet></snippet>
			<styleUrl>#m_ylw-pushpin</styleUrl>
			<Polygon>
				<tessellate>1</tessellate>
				<outerBoundaryIs>
					<LinearRing>
						<coordinates>
							32.83612092133595,39.85484827244039,0 32.8361383609485,39.854768828662,0 32.83626249917472,39.85477344577188,0 32.83622607950456,39.85486124980405,0 32.83612092133595,39.85484827244039,0 
						</coordinates>
					</LinearRing>
				</outerBoundaryIs>
			</Polygon>
		</Placemark>
		<Placemark>
			<name>Adsız Çokgen [181:Polygon]</name>
			<snippet></snippet>
			<styleUrl>#m_ylw-pushpin</styleUrl>
			<Polygon>
				<tessellate>1</tessellate>
				<outerBoundaryIs>
					<LinearRing>
						<coordinates>
							32.8359734930113,39.85473151103587,0 32.83597835912076,39.85467778624568,0 32.83611071369256,39.85470689525074,0 32.83611375835824,39.85475439932468,0 32.8359734930113,39.85473151103587,0 
						</coordinates>
					</LinearRing>
				</outerBoundaryIs>
			</Polygon>
		</Placemark>
		<Placemark>
			<name>Adsız Çokgen [182:Polygon]</name>
			<snippet></snippet>
			<styleUrl>#m_ylw-pushpin</styleUrl>
			<Polygon>
				<tessellate>1</tessellate>
				<outerBoundaryIs>
					<LinearRing>
						<coordinates>
							32.83583173637897,39.85482860416404,0 32.83583169346016,39.85474966699815,0 32.83594593899352,39.85475196001276,0 32.83594856462759,39.85475196438065,0 32.83595689778933,39.85484121159893,0 32.83583173637897,39.85482860416404,0 
						</coordinates>
					</LinearRing>
				</outerBoundaryIs>
			</Polygon>
		</Placemark>
		<Placemark>
			<name>Adsız Çokgen [183:Polygon]</name>
			<snippet></snippet>
			<styleUrl>#m_ylw-pushpin</styleUrl>
			<Polygon>
				<tessellate>1</tessellate>
				<outerBoundaryIs>
					<LinearRing>
						<coordinates>
							32.83584380342703,39.8545109584297,0 32.8358418904957,39.85446348749888,0 32.83593453991048,39.85444782488882,0 32.83594214187423,39.85450838639098,0 32.83584380342703,39.8545109584297,0 
						</coordinates>
					</LinearRing>
				</outerBoundaryIs>
			</Polygon>
		</Placemark>
		<Placemark>
			<name>Adsız Çokgen [184:Polygon]</name>
			<snippet></snippet>
			<styleUrl>#m_ylw-pushpin</styleUrl>
			<Polygon>
				<tessellate>1</tessellate>
				<outerBoundaryIs>
					<LinearRing>
						<coordinates>
							32.83596308175009,39.85448874542482,0 32.83596354884369,39.85443001759073,0 32.83602048458038,39.8544292425202,0 32.83602387427395,39.85450785065724,0 32.83596308175009,39.85448874542482,0 
						</coordinates>
					</LinearRing>
				</outerBoundaryIs>
			</Polygon>
		</Placemark>
		<Placemark>
			<name>Adsız Çokgen [185:Polygon]</name>
			<snippet></snippet>
			<styleUrl>#m_ylw-pushpin</styleUrl>
			<Polygon>
				<tessellate>1</tessellate>
				<outerBoundaryIs>
					<LinearRing>
						<coordinates>
							32.83623785521341,39.85519215642685,0 32.83620121677677,39.85513231315976,0 32.83630751211314,39.85511345898868,0 32.83631989306244,39.85517657095756,0 32.83623785521341,39.85519215642685,0 
						</coordinates>
					</LinearRing>
				</outerBoundaryIs>
			</Polygon>
		</Placemark>
		<Placemark>
			<name>Adsız Çokgen [186:Polygon]</name>
			<snippet></snippet>
			<styleUrl>#m_ylw-pushpin</styleUrl>
			<Polygon>
				<tessellate>1</tessellate>
				<outerBoundaryIs>
					<LinearRing>
						<coordinates>
							32.83618223991701,39.85461820804852,0 32.83618589359298,39.85457651125488,0 32.83627378500745,39.85459110415304,0 32.83627644656479,39.85459106278066,0 32.83627569632148,39.85464564881919,0 32.83618223991701,39.85461820804852,0 
						</coordinates>
					</LinearRing>
				</outerBoundaryIs>
			</Polygon>
		</Placemark>
		<Placemark>
			<name>Adsız Çokgen [187:Polygon]</name>
			<snippet></snippet>
			<styleUrl>#m_ylw-pushpin</styleUrl>
			<Polygon>
				<tessellate>1</tessellate>
				<outerBoundaryIs>
					<LinearRing>
						<coordinates>
							32.83631759544959,39.85450669688176,0 32.83634904173886,39.85446201612385,0 32.83648599855513,39.85450859740033,0 32.83646269560036,39.85455566639931,0 32.83631759544959,39.85450669688176,0 
						</coordinates>
					</LinearRing>
				</outerBoundaryIs>
			</Polygon>
		</Placemark>
		<Placemark>
			<name>Adsız Çokgen [188:Polygon]</name>
			<snippet></snippet>
			<styleUrl>#m_ylw-pushpin</styleUrl>
			<Polygon>
				<tessellate>1</tessellate>
				<outerBoundaryIs>
					<LinearRing>
						<coordinates>
							32.83582350596826,39.8547199882852,0 32.83581953960104,39.8546651733642,0 32.83592994808676,39.85466473896503,0 32.8359376248287,39.8547341214872,0 32.83582350596826,39.8547199882852,0 
						</coordinates>
					</LinearRing>
				</outerBoundaryIs>
			</Polygon>
		</Placemark>
		<Placemark>
			<name>Adsız Çokgen [189:Polygon]</name>
			<snippet></snippet>
			<styleUrl>#m_ylw-pushpin</styleUrl>
			<Polygon>
				<tessellate>1</tessellate>
				<outerBoundaryIs>
					<LinearRing>
						<coordinates>
							32.83586611529586,39.85463910516969,0 32.83587984763601,39.85459565283379,0 32.83591950008334,39.8546064339662,0 32.83590053770389,39.8546498211547,0 32.83586611529586,39.85463910516969,0 
						</coordinates>
					</LinearRing>
				</outerBoundaryIs>
			</Polygon>
		</Placemark>
		<Placemark>
			<name>Adsız Çokgen [190:Polygon]</name>
			<snippet></snippet>
			<styleUrl>#m_ylw-pushpin</styleUrl>
			<Polygon>
				<tessellate>1</tessellate>
				<outerBoundaryIs>
					<LinearRing>
						<coordinates>
							32.83631821782806,39.8547520072114,0 32.83637983050789,39.85471374098314,0 32.8365144322398,39.85477064647266,0 32.83648459733762,39.85481262857306,0 32.83631821782806,39.8547520072114,0 
						</coordinates>
					</LinearRing>
				</outerBoundaryIs>
			</Polygon>
		</Placemark>
		<Placemark>
			<name>Adsız Çokgen [191:Polygon]</name>
			<snippet></snippet>
			<styleUrl>#m_ylw-pushpin</styleUrl>
			<Polygon>
				<tessellate>1</tessellate>
				<outerBoundaryIs>
					<LinearRing>
						<coordinates>
							32.83531996415583,39.85466868996134,0 32.83532736778125,39.85460380388533,0 32.83540951960087,39.85458259382447,0 32.83543477098332,39.85466883261906,0 32.83531996415583,39.85466868996134,0 
						</coordinates>
					</LinearRing>
				</outerBoundaryIs>
			</Polygon>
		</Placemark>
		<Placemark>
			<name>Adsız Çokgen [192:Polygon]</name>
			<snippet></snippet>
			<styleUrl>#m_ylw-pushpin</styleUrl>
			<Polygon>
				<tessellate>1</tessellate>
				<outerBoundaryIs>
					<LinearRing>
						<coordinates>
							32.83541286347861,39.85473420124013,0 32.83540950721522,39.85470490088991,0 32.8355130964778,39.85470715817741,0 32.8355053098029,39.85474256386244,0 32.83541286347861,39.85473420124013,0 
						</coordinates>
					</LinearRing>
				</outerBoundaryIs>
			</Polygon>
		</Placemark>
		<Placemark>
			<name>Adsız Çokgen [193:Polygon]</name>
			<snippet></snippet>
			<styleUrl>#m_ylw-pushpin</styleUrl>
			<Polygon>
				<tessellate>1</tessellate>
				<outerBoundaryIs>
					<LinearRing>
						<coordinates>
							32.83607978922326,39.85456051427058,0 32.83609080266136,39.85452486618541,0 32.83604871458467,39.85450976911999,0 32.83606276338216,39.85445228346465,0 32.83617803537511,39.85448252737434,0 32.83615549043579,39.85456720364763,0 32.83607978922326,39.85456051427058,0 
						</coordinates>
					</LinearRing>
				</outerBoundaryIs>
			</Polygon>
		</Placemark>
		<Placemark>
			<name>Adsız Çokgen [194:Polygon]</name>
			<snippet></snippet>
			<styleUrl>#m_ylw-pushpin</styleUrl>
			<Polygon>
				<tessellate>1</tessellate>
				<outerBoundaryIs>
					<LinearRing>
						<coordinates>
							32.83626556355192,39.85457507290045,0 32.83630187940266,39.85452800088888,0 32.83638010726851,39.85455134683079,0 32.83632449120997,39.85461382096432,0 32.83626556355192,39.85457507290045,0 
						</coordinates>
					</LinearRing>
				</outerBoundaryIs>
			</Polygon>
		</Placemark>
		<Placemark>
			<name>Adsız Çokgen [195:Polygon]</name>
			<snippet></snippet>
			<styleUrl>#m_ylw-pushpin</styleUrl>
			<Polygon>
				<tessellate>1</tessellate>
				<outerBoundaryIs>
					<LinearRing>
						<coordinates>
							32.83637578325658,39.85459550673408,0 32.83640780052396,39.85454658733166,0 32.83649194091243,39.85457853840462,0 32.83645213820675,39.85465840103178,0 32.83640443658229,39.85463036072991,0 32.83641194137518,39.85460820968031,0 32.83637578325658,39.85459550673408,0 
						</coordinates>
					</LinearRing>
				</outerBoundaryIs>
			</Polygon>
		</Placemark>
		<Placemark>
			<name>Adsız Çokgen [196:Polygon]</name>
			<snippet></snippet>
			<styleUrl>#m_ylw-pushpin</styleUrl>
			<Polygon>
				<tessellate>1</tessellate>
				<outerBoundaryIs>
					<LinearRing>
						<coordinates>
							32.83569510950967,39.85472720922165,0 32.83569300547179,39.85467838581513,0 32.83579913691003,39.85466943662905,0 32.83579940826274,39.85472517420851,0 32.83569510950967,39.85472720922165,0 
						</coordinates>
					</LinearRing>
				</outerBoundaryIs>
			</Polygon>
		</Placemark>
		<Placemark>
			<name>Adsız Çokgen [197:Polygon]</name>
			<snippet></snippet>
			<styleUrl>#m_ylw-pushpin</styleUrl>
			<Polygon>
				<tessellate>1</tessellate>
				<outerBoundaryIs>
					<LinearRing>
						<coordinates>
							32.83520071246089,39.85482158761469,0 32.83520197466041,39.8547648291202,0 32.83521015785576,39.85476696498501,0 32.83531813425819,39.85475387265704,0 32.83532188275931,39.85481930762102,0 32.83520071246089,39.85482158761469,0 
						</coordinates>
					</LinearRing>
				</outerBoundaryIs>
			</Polygon>
		</Placemark>
		<Placemark>
			<name>Adsız Çokgen [198:Polygon]</name>
			<snippet></snippet>
			<styleUrl>#m_ylw-pushpin</styleUrl>
			<Polygon>
				<tessellate>1</tessellate>
				<outerBoundaryIs>
					<LinearRing>
						<coordinates>
							32.8350385570731,39.85473887463674,0 32.83502953128617,39.8546295520764,0 32.83507482263593,39.85462684795504,0 32.83507628753639,39.85466056288735,0 32.83515549369348,39.85464877689463,0 32.83517302468932,39.85470681085624,0 32.8350385570731,39.85473887463674,0 
						</coordinates>
					</LinearRing>
				</outerBoundaryIs>
			</Polygon>
		</Placemark>
		<Placemark>
			<name>Adsız Çokgen [199:Polygon]</name>
			<snippet></snippet>
			<styleUrl>#m_ylw-pushpin</styleUrl>
			<Polygon>
				<tessellate>1</tessellate>
				<outerBoundaryIs>
					<LinearRing>
						<coordinates>
							32.83490274141246,39.85473206575166,0 32.83488697626078,39.85463458108474,0 32.83498660956185,39.85462781508087,0 32.8349988908782,39.85472361059605,0 32.83490274141246,39.85473206575166,0 
						</coordinates>
					</LinearRing>
				</outerBoundaryIs>
			</Polygon>
		</Placemark>
		<Placemark>
			<name>Adsız Çokgen [200:Polygon]</name>
			<snippet></snippet>
			<styleUrl>#m_ylw-pushpin</styleUrl>
			<Polygon>
				<tessellate>1</tessellate>
				<outerBoundaryIs>
					<LinearRing>
						<coordinates>
							32.83554038762389,39.85476066053413,0 32.83564331105782,39.85476715568724,0 32.83564474225333,39.85484366835878,0 32.83557055606837,39.85482944248594,0 32.83554038762389,39.85476066053413,0 
						</coordinates>
					</LinearRing>
				</outerBoundaryIs>
			</Polygon>
		</Placemark>
		<Placemark>
			<name>Adsız Çokgen [201:Polygon]</name>
			<snippet></snippet>
			<styleUrl>#m_ylw-pushpin</styleUrl>
			<Polygon>
				<tessellate>1</tessellate>
				<outerBoundaryIs>
					<LinearRing>
						<coordinates>
							32.83660137971071,39.85456469400842,0 32.83652380196109,39.854557388748,0 32.8365329326998,39.85451651843265,0 32.8366078294176,39.85451457694327,0 32.83660137971071,39.85456469400842,0 
						</coordinates>
					</LinearRing>
				</outerBoundaryIs>
			</Polygon>
		</Placemark>
		<Placemark>
			<name>Adsız Çokgen [202:Polygon]</name>
			<snippet></snippet>
			<styleUrl>#m_ylw-pushpin</styleUrl>
			<Polygon>
				<tessellate>1</tessellate>
				<outerBoundaryIs>
					<LinearRing>
						<coordinates>
							32.83464383935871,39.85491460178748,0 32.83462453356168,39.85484918447381,0 32.83471470898391,39.85481254313874,0 32.83475276204214,39.85490022784549,0 32.83464383935871,39.85491460178748,0 
						</coordinates>
					</LinearRing>
				</outerBoundaryIs>
			</Polygon>
		</Placemark>
		<Placemark>
			<name>Adsız Çokgen [203:Polygon]</name>
			<snippet></snippet>
			<styleUrl>#m_ylw-pushpin</styleUrl>
			<Polygon>
				<tessellate>1</tessellate>
				<outerBoundaryIs>
					<LinearRing>
						<coordinates>
							32.83405013193068,39.85534984293501,0 32.83403276380622,39.8553057638785,0 32.8342405749208,39.85528477856843,0 32.83425751479101,39.85534672105233,0 32.83405013193068,39.85534984293501,0 
						</coordinates>
					</LinearRing>
				</outerBoundaryIs>
			</Polygon>
		</Placemark>
		<Placemark>
			<name>Adsız Çokgen [204:Polygon]</name>
			<snippet></snippet>
			<styleUrl>#m_ylw-pushpin</styleUrl>
			<Polygon>
				<tessellate>1</tessellate>
				<outerBoundaryIs>
					<LinearRing>
						<coordinates>
							32.83370150905671,39.85545709335543,0 32.83369908362811,39.85535864123594,0 32.83380177513435,39.85537319570218,0 32.8338179075242,39.85545132831231,0 32.83370150905671,39.85545709335543,0 
						</coordinates>
					</LinearRing>
				</outerBoundaryIs>
			</Polygon>
		</Placemark>
		<Placemark>
			<name>Adsız Çokgen [205:Polygon]</name>
			<snippet></snippet>
			<styleUrl>#m_ylw-pushpin</styleUrl>
			<Polygon>
				<tessellate>1</tessellate>
				<outerBoundaryIs>
					<LinearRing>
						<coordinates>
							32.8344937201762,39.85530712977856,0 32.83445928849445,39.85522799096919,0 32.83457903539177,39.85519103275489,0 32.83460684482289,39.85526807640176,0 32.8344937201762,39.85530712977856,0 
						</coordinates>
					</LinearRing>
				</outerBoundaryIs>
			</Polygon>
		</Placemark>
		<Placemark>
			<name>Adsız Çokgen [206:Polygon]</name>
			<snippet></snippet>
			<styleUrl>#m_ylw-pushpin</styleUrl>
			<Polygon>
				<tessellate>1</tessellate>
				<outerBoundaryIs>
					<LinearRing>
						<coordinates>
							32.83430648944134,39.85535713587429,0 32.834276332923,39.85528489167856,0 32.83441068047408,39.8552410566646,0 32.83445396762689,39.85530053137902,0 32.83430648944134,39.85535713587429,0 
						</coordinates>
					</LinearRing>
				</outerBoundaryIs>
			</Polygon>
		</Placemark>
		<Placemark>
			<name>Adsız Çokgen [207:Polygon]</name>
			<snippet></snippet>
			<styleUrl>#m_ylw-pushpin</styleUrl>
			<Polygon>
				<tessellate>1</tessellate>
				<outerBoundaryIs>
					<LinearRing>
						<coordinates>
							32.8340568182992,39.8551589050581,0 32.83402796044156,39.85512199167211,0 32.83418837149987,39.85509246247161,0 32.83419017319027,39.85514077163895,0 32.8340568182992,39.8551589050581,0 
						</coordinates>
					</LinearRing>
				</outerBoundaryIs>
			</Polygon>
		</Placemark>
		<Placemark>
			<name>Adsız Çokgen [208:Polygon]</name>
			<snippet></snippet>
			<styleUrl>#m_ylw-pushpin</styleUrl>
			<Polygon>
				<tessellate>1</tessellate>
				<outerBoundaryIs>
					<LinearRing>
						<coordinates>
							32.83404750715073,39.85510581545221,0 32.83402016289624,39.85504274898509,0 32.83412277550224,39.85501490229014,0 32.83416136574984,39.85508075468115,0 32.83404750715073,39.85510581545221,0 
						</coordinates>
					</LinearRing>
				</outerBoundaryIs>
			</Polygon>
		</Placemark>
		<Placemark>
			<name>Adsız Çokgen [209:Polygon]</name>
			<snippet></snippet>
			<styleUrl>#m_ylw-pushpin</styleUrl>
			<Polygon>
				<tessellate>1</tessellate>
				<outerBoundaryIs>
					<LinearRing>
						<coordinates>
							32.83465944662802,39.85525957307792,0 32.83464327798973,39.85521166748389,0 32.83475865853697,39.85516793849865,0 32.83478026694088,39.85522045834941,0 32.83465944662802,39.85525957307792,0 
						</coordinates>
					</LinearRing>
				</outerBoundaryIs>
			</Polygon>
		</Placemark>
		<Placemark>
			<name>Adsız Çokgen [210:Polygon]</name>
			<snippet></snippet>
			<styleUrl>#m_ylw-pushpin</styleUrl>
			<Polygon>
				<tessellate>1</tessellate>
				<outerBoundaryIs>
					<LinearRing>
						<coordinates>
							32.83463367803168,39.85518976008724,0 32.83461433827674,39.85514568906148,0 32.8347300000791,39.85511025200579,0 32.83474088130362,39.85515031487865,0 32.83463367803168,39.85518976008724,0 
						</coordinates>
					</LinearRing>
				</outerBoundaryIs>
			</Polygon>
		</Placemark>
		<Placemark>
			<name>Adsız Çokgen [211:Polygon]</name>
			<snippet></snippet>
			<styleUrl>#m_ylw-pushpin</styleUrl>
			<Polygon>
				<tessellate>1</tessellate>
				<outerBoundaryIs>
					<LinearRing>
						<coordinates>
							32.83460132664693,39.85512782089028,0 32.83455783027457,39.85507331231094,0 32.8346528560172,39.85504882263305,0 32.83469121033348,39.85509436664996,0 32.83460132664693,39.85512782089028,0 
						</coordinates>
					</LinearRing>
				</outerBoundaryIs>
			</Polygon>
		</Placemark>
		<Placemark>
			<name>Adsız Çokgen [212:Polygon]</name>
			<snippet></snippet>
			<styleUrl>#m_ylw-pushpin</styleUrl>
			<Polygon>
				<tessellate>1</tessellate>
				<outerBoundaryIs>
					<LinearRing>
						<coordinates>
							32.83485530658593,39.85505944988593,0 32.83489056361005,39.85501837604107,0 32.83498572891001,39.85502286101242,0 32.83498472679734,39.85509501699383,0 32.83488894731797,39.85512193992557,0 32.83485530658593,39.85505944988593,0 
						</coordinates>
					</LinearRing>
				</outerBoundaryIs>
			</Polygon>
		</Placemark>
		<Placemark>
			<name>Adsız Çokgen [213:Polygon]</name>
			<snippet></snippet>
			<styleUrl>#m_ylw-pushpin</styleUrl>
			<Polygon>
				<tessellate>1</tessellate>
				<outerBoundaryIs>
					<LinearRing>
						<coordinates>
							32.83476845390726,39.85496707863155,0 32.83486129643631,39.8549579661351,0 32.83486316173274,39.85504139397799,0 32.83476504863422,39.85505436956747,0 32.83476845390726,39.85496707863155,0 
						</coordinates>
					</LinearRing>
				</outerBoundaryIs>
			</Polygon>
		</Placemark>
		<Placemark>
			<name>Adsız Çokgen [214:Polygon]</name>
			<snippet></snippet>
			<styleUrl>#m_ylw-pushpin</styleUrl>
			<Polygon>
				<tessellate>1</tessellate>
				<outerBoundaryIs>
					<LinearRing>
						<coordinates>
							32.83501108717294,39.8550022142688,0 32.83509465631131,39.8549839315769,0 32.83510158910411,39.85507257002561,0 32.83502740691236,39.85508826152626,0 32.83501108717294,39.8550022142688,0 
						</coordinates>
					</LinearRing>
				</outerBoundaryIs>
			</Polygon>
		</Placemark>
		<Placemark>
			<name>Adsız Çokgen [215:Polygon]</name>
			<snippet></snippet>
			<styleUrl>#m_ylw-pushpin</styleUrl>
			<Polygon>
				<tessellate>1</tessellate>
				<outerBoundaryIs>
					<LinearRing>
						<coordinates>
							32.83496154696488,39.85489533684226,0 32.83509319156233,39.85488370052183,0 32.83508855382182,39.85496094530409,0 32.83498119637579,39.85496990061542,0 32.83496154696488,39.85489533684226,0 
						</coordinates>
					</LinearRing>
				</outerBoundaryIs>
			</Polygon>
		</Placemark>
		<Placemark>
			<name>Adsız Çokgen [216:Polygon]</name>
			<snippet></snippet>
			<styleUrl>#m_ylw-pushpin</styleUrl>
			<Polygon>
				<tessellate>1</tessellate>
				<outerBoundaryIs>
					<LinearRing>
						<coordinates>
							32.83438270679451,39.85490545597212,0 32.83448053165936,39.85490023944669,0 32.83452001186463,39.85498774672904,0 32.83442492615989,39.85499398304785,0 32.83438270679451,39.85490545597212,0 
						</coordinates>
					</LinearRing>
				</outerBoundaryIs>
			</Polygon>
		</Placemark>
		<Placemark>
			<name>Adsız Çokgen [217:Polygon]</name>
			<snippet></snippet>
			<styleUrl>#m_ylw-pushpin</styleUrl>
			<Polygon>
				<tessellate>1</tessellate>
				<outerBoundaryIs>
					<LinearRing>
						<coordinates>
							32.83450002869102,39.8548770488859,0 32.83458967063574,39.85485555121572,0 32.83461751476548,39.85493951804089,0 32.8345442022702,39.85495532253804,0 32.83450002869102,39.8548770488859,0 
						</coordinates>
					</LinearRing>
				</outerBoundaryIs>
			</Polygon>
		</Placemark>
		<Placemark>
			<name>Adsız Çokgen [218:Polygon]</name>
			<snippet></snippet>
			<styleUrl>#m_ylw-pushpin</styleUrl>
			<Polygon>
				<tessellate>1</tessellate>
				<outerBoundaryIs>
					<LinearRing>
						<coordinates>
							32.83477792300375,39.85480237098457,0 32.83487764610604,39.85478275242567,0 32.83488363461617,39.85486395950908,0 32.83478671801715,39.85487321863636,0 32.83477792300375,39.85480237098457,0 
						</coordinates>
					</LinearRing>
				</outerBoundaryIs>
			</Polygon>
		</Placemark>
		<Placemark>
			<name>Adsız Çokgen [219:Polygon]</name>
			<snippet></snippet>
			<styleUrl>#m_ylw-pushpin</styleUrl>
			<Polygon>
				<tessellate>1</tessellate>
				<outerBoundaryIs>
					<LinearRing>
						<coordinates>
							32.83494873210235,39.8547777843684,0 32.83504695120586,39.85477575235676,0 32.83505385046317,39.85481948942367,0 32.83497473209789,39.85484557897018,0 32.83494873210235,39.8547777843684,0 
						</coordinates>
					</LinearRing>
				</outerBoundaryIs>
			</Polygon>
		</Placemark>
		<Placemark>
			<name>Adsız Çokgen [220:Polygon]</name>
			<snippet></snippet>
			<styleUrl>#m_ylw-pushpin</styleUrl>
			<Polygon>
				<tessellate>1</tessellate>
				<outerBoundaryIs>
					<LinearRing>
						<coordinates>
							32.83508849703954,39.8547709327042,0 32.83515993648653,39.85477843315039,0 32.83516018270694,39.85481931344042,0 32.83508334693114,39.85481706007747,0 32.83508849703954,39.8547709327042,0 
						</coordinates>
					</LinearRing>
				</outerBoundaryIs>
			</Polygon>
		</Placemark>
		<Placemark>
			<name>Adsız Çokgen [221:Polygon]</name>
			<snippet></snippet>
			<styleUrl>#m_ylw-pushpin</styleUrl>
			<Polygon>
				<tessellate>1</tessellate>
				<outerBoundaryIs>
					<LinearRing>
						<coordinates>
							32.83521040882044,39.85471921115739,0 32.83520134983758,39.85468074973014,0 32.83528293061526,39.85467471645888,0 32.83529132959299,39.85471874694432,0 32.83521040882044,39.85471921115739,0 
						</coordinates>
					</LinearRing>
				</outerBoundaryIs>
			</Polygon>
		</Placemark>
		<Placemark>
			<name>Adsız Çokgen [222:Polygon]</name>
			<snippet></snippet>
			<styleUrl>#m_ylw-pushpin</styleUrl>
			<Polygon>
				<tessellate>1</tessellate>
				<outerBoundaryIs>
					<LinearRing>
						<coordinates>
							32.83422507882853,39.8550477501538,0 32.83428432753483,39.85504394724082,0 32.83423480866057,39.85497906770433,0 32.83430042981448,39.85496423244228,0 32.83434993723516,39.8550663173808,0 32.83424188492285,39.85510001560805,0 32.83422507882853,39.8550477501538,0 
						</coordinates>
					</LinearRing>
				</outerBoundaryIs>
			</Polygon>
		</Placemark>
		<Placemark>
			<name>Adsız Çokgen [223:Polygon]</name>
			<snippet></snippet>
			<styleUrl>#m_ylw-pushpin</styleUrl>
			<Polygon>
				<tessellate>1</tessellate>
				<outerBoundaryIs>
					<LinearRing>
						<coordinates>
							32.83424449438639,39.85549458716125,0 32.83422132226225,39.85538620411482,0 32.83435708810971,39.85540363353068,0 32.83435874215697,39.85548384611952,0 32.83424449438639,39.85549458716125,0 
						</coordinates>
					</LinearRing>
				</outerBoundaryIs>
			</Polygon>
		</Placemark>
		<Placemark>
			<name>Adsız Çokgen [224:Polygon]</name>
			<snippet></snippet>
			<styleUrl>#m_ylw-pushpin</styleUrl>
			<Polygon>
				<tessellate>1</tessellate>
				<outerBoundaryIs>
					<LinearRing>
						<coordinates>
							32.83406287650466,39.85547742648004,0 32.83407193294676,39.85541919466409,0 32.83420867356526,39.85542335164696,0 32.83420203201823,39.85547525589149,0 32.83406287650466,39.85547742648004,0 
						</coordinates>
					</LinearRing>
				</outerBoundaryIs>
			</Polygon>
		</Placemark>
		<Placemark>
			<name>Adsız Çokgen [225:Polygon]</name>
			<snippet></snippet>
			<styleUrl>#m_ylw-pushpin</styleUrl>
			<Polygon>
				<tessellate>1</tessellate>
				<outerBoundaryIs>
					<LinearRing>
						<coordinates>
							32.8338561729274,39.85546026752133,0 32.83384881900705,39.85539314335771,0 32.83391947357089,39.85539104089686,0 32.83391357602108,39.85538883894471,0 32.83390704238065,39.8553535105363,0 32.83403396211485,39.85534256860172,0 32.83403668408305,39.85538007922981,0 32.83398625189974,39.8553822821062,0 32.83397921814056,39.85547099785204,0 32.8338561729274,39.85546026752133,0 
						</coordinates>
					</LinearRing>
				</outerBoundaryIs>
			</Polygon>
		</Placemark>
		<Placemark>
			<name>Adsız Çokgen [226:Polygon]</name>
			<snippet></snippet>
			<styleUrl>#m_ylw-pushpin</styleUrl>
			<Polygon>
				<tessellate>1</tessellate>
				<outerBoundaryIs>
					<LinearRing>
						<coordinates>
							32.83358616178618,39.8552762057827,0 32.83357825823059,39.85522255477479,0 32.83364476657276,39.85521682854938,0 32.83364755677125,39.85521677702312,0 32.83366176493735,39.85527556359002,0 32.83358616178618,39.8552762057827,0 
						</coordinates>
					</LinearRing>
				</outerBoundaryIs>
			</Polygon>
		</Placemark>
		<Placemark>
			<name>Adsız Çokgen [227:Polygon]</name>
			<snippet></snippet>
			<styleUrl>#m_ylw-pushpin</styleUrl>
			<Polygon>
				<tessellate>1</tessellate>
				<outerBoundaryIs>
					<LinearRing>
						<coordinates>
							32.83347799994751,39.85536492208306,0 32.83358737544917,39.8553604407665,0 32.83359291074984,39.85535824123735,0 32.83356689656858,39.85545852684634,0 32.83348185501642,39.85548011391388,0 32.83347799994751,39.85536492208306,0 
						</coordinates>
					</LinearRing>
				</outerBoundaryIs>
			</Polygon>
		</Placemark>
		<Placemark>
			<name>Adsız Çokgen [228:Polygon]</name>
			<snippet></snippet>
			<styleUrl>#m_ylw-pushpin</styleUrl>
			<Polygon>
				<tessellate>1</tessellate>
				<outerBoundaryIs>
					<LinearRing>
						<coordinates>
							32.83329304415797,39.8554241999487,0 32.83328775582276,39.8553872850665,0 32.8333953404845,39.85538693132511,0 32.83338407850315,39.85542617020602,0 32.83329304415797,39.8554241999487,0 
						</coordinates>
					</LinearRing>
				</outerBoundaryIs>
			</Polygon>
		</Placemark>
		<Placemark>
			<name>Adsız Çokgen [229:Polygon]</name>
			<snippet></snippet>
			<styleUrl>#m_ylw-pushpin</styleUrl>
			<Polygon>
				<tessellate>1</tessellate>
				<outerBoundaryIs>
					<LinearRing>
						<coordinates>
							32.83318930745558,39.85544588798251,0 32.8331941698266,39.85538541392884,0 32.83325154068709,39.85537871899361,0 32.83327068952475,39.85546518999013,0 32.83318930745558,39.85544588798251,0 
						</coordinates>
					</LinearRing>
				</outerBoundaryIs>
			</Polygon>
		</Placemark>
		<Placemark>
			<name>Adsız Çokgen [230:Polygon]</name>
			<snippet></snippet>
			<styleUrl>#m_ylw-pushpin</styleUrl>
			<Polygon>
				<tessellate>1</tessellate>
				<outerBoundaryIs>
					<LinearRing>
						<coordinates>
							32.83319917948288,39.85533743117656,0 32.83319594818668,39.85529562779032,0 32.83330569589255,39.85529474027478,0 32.83328738137543,39.85534135411372,0 32.83319917948288,39.85533743117656,0 
						</coordinates>
					</LinearRing>
				</outerBoundaryIs>
			</Polygon>
		</Placemark>
		<Placemark>
			<name>Adsız Çokgen [231:Polygon]</name>
			<snippet></snippet>
			<styleUrl>#m_ylw-pushpin</styleUrl>
			<Polygon>
				<tessellate>1</tessellate>
				<outerBoundaryIs>
					<LinearRing>
						<coordinates>
							32.83343200850522,39.85520027787265,0 32.83341083928961,39.85512216775551,0 32.83352585764068,39.85513247793084,0 32.83352651632069,39.85513735809077,0 32.83352905831681,39.8552046353246,0 32.83343200850522,39.85520027787265,0 
						</coordinates>
					</LinearRing>
				</outerBoundaryIs>
			</Polygon>
		</Placemark>
		<Placemark>
			<name>Adsız Çokgen [232:Polygon]</name>
			<snippet></snippet>
			<styleUrl>#m_ylw-pushpin</styleUrl>
			<Polygon>
				<tessellate>1</tessellate>
				<outerBoundaryIs>
					<LinearRing>
						<coordinates>
							32.83370213610338,39.85524991189146,0 32.83369971892301,39.85517962368882,0 32.83378349240728,39.85516330011806,0 32.83380535247254,39.85525332199381,0 32.83370213610338,39.85524991189146,0 
						</coordinates>
					</LinearRing>
				</outerBoundaryIs>
			</Polygon>
		</Placemark>
		<Placemark>
			<name>Adsız Çokgen [233:Polygon]</name>
			<snippet></snippet>
			<styleUrl>#m_ylw-pushpin</styleUrl>
			<Polygon>
				<tessellate>1</tessellate>
				<outerBoundaryIs>
					<LinearRing>
						<coordinates>
							32.8338882258786,39.85518786638099,0 32.83387195205857,39.8551172612448,0 32.83397295896736,39.85509159888357,0 32.8339857384931,39.85516553386842,0 32.8338882258786,39.85518786638099,0 
						</coordinates>
					</LinearRing>
				</outerBoundaryIs>
			</Polygon>
		</Placemark>
		<Placemark>
			<name>Adsız Çokgen [234:Polygon]</name>
			<snippet></snippet>
			<styleUrl>#m_ylw-pushpin</styleUrl>
			<Polygon>
				<tessellate>1</tessellate>
				<outerBoundaryIs>
					<LinearRing>
						<coordinates>
							32.83355503600852,39.85517703256145,0 32.83354615947647,39.85505911703242,0 32.83363850170146,39.85506005324953,0 32.83363815472114,39.85517816693145,0 32.83355503600852,39.85517703256145,0 
						</coordinates>
					</LinearRing>
				</outerBoundaryIs>
			</Polygon>
		</Placemark>
		<Placemark>
			<name>Adsız Çokgen [235:Polygon]</name>
			<snippet></snippet>
			<styleUrl>#m_ylw-pushpin</styleUrl>
			<Polygon>
				<tessellate>1</tessellate>
				<outerBoundaryIs>
					<LinearRing>
						<coordinates>
							32.83313041455648,39.85513303455554,0 32.833192571562,39.85512433805147,0 32.83318798912507,39.85509358161794,0 32.83327972772663,39.8550909863956,0 32.83328443260428,39.85518902558555,0 32.83315080807738,39.85519980803339,0 32.83313041455648,39.85513303455554,0 
						</coordinates>
					</LinearRing>
				</outerBoundaryIs>
			</Polygon>
		</Placemark>
		<Placemark>
			<name>Adsız Çokgen [236:Polygon]</name>
			<snippet></snippet>
			<styleUrl>#m_ylw-pushpin</styleUrl>
			<Polygon>
				<tessellate>1</tessellate>
				<outerBoundaryIs>
					<LinearRing>
						<coordinates>
							32.83304255268472,39.85522723002936,0 32.83301690029909,39.85513416787054,0 32.83310099343277,39.85514358418084,0 32.83312127479597,39.85522548145193,0 32.83304255268472,39.85522723002936,0 
						</coordinates>
					</LinearRing>
				</outerBoundaryIs>
			</Polygon>
		</Placemark>
		<Placemark>
			<name>Adsız Çokgen [237:Polygon]</name>
			<snippet></snippet>
			<styleUrl>#m_ylw-pushpin</styleUrl>
			<Polygon>
				<tessellate>1</tessellate>
				<outerBoundaryIs>
					<LinearRing>
						<coordinates>
							32.83304504318303,39.85532404201374,0 32.83304720422588,39.85524830018643,0 32.83313813704169,39.85524658974184,0 32.83313071924781,39.85532417557324,0 32.83304504318303,39.85532404201374,0 
						</coordinates>
					</LinearRing>
				</outerBoundaryIs>
			</Polygon>
		</Placemark>
		<Placemark>
			<name>Adsız Çokgen [238:Polygon]</name>
			<snippet></snippet>
			<styleUrl>#m_ylw-pushpin</styleUrl>
			<Polygon>
				<tessellate>1</tessellate>
				<outerBoundaryIs>
					<LinearRing>
						<coordinates>
							32.83388310489722,39.85503601146538,0 32.83387696746497,39.85495892593738,0 32.83399857604338,39.85496007445301,0 32.83399592643417,39.85502349955106,0 32.83388310489722,39.85503601146538,0 
						</coordinates>
					</LinearRing>
				</outerBoundaryIs>
			</Polygon>
		</Placemark>
		<Placemark>
			<name>Adsız Çokgen [239:Polygon]</name>
			<snippet></snippet>
			<styleUrl>#m_ylw-pushpin</styleUrl>
			<Polygon>
				<tessellate>1</tessellate>
				<outerBoundaryIs>
					<LinearRing>
						<coordinates>
							32.83333585186257,39.85530463663892,0 32.83332435385021,39.85523047027552,0 32.83340521370891,39.8552304784627,0 32.83341759750083,39.85529691973475,0 32.83333585186257,39.85530463663892,0 
						</coordinates>
					</LinearRing>
				</outerBoundaryIs>
			</Polygon>
		</Placemark>
		<Placemark>
			<name>Adsız Çokgen [240:Polygon]</name>
			<snippet></snippet>
			<styleUrl>#m_ylw-pushpin</styleUrl>
			<Polygon>
				<tessellate>1</tessellate>
				<outerBoundaryIs>
					<LinearRing>
						<coordinates>
							32.83342704150306,39.8552893508971,0 32.83342429259459,39.85522087865508,0 32.83355103282567,39.85522427551641,0 32.83355367698331,39.85529301429241,0 32.83342704150306,39.8552893508971,0 
						</coordinates>
					</LinearRing>
				</outerBoundaryIs>
			</Polygon>
		</Placemark>
		<Placemark>
			<name>Adsız Çokgen [241:Polygon]</name>
			<snippet></snippet>
			<styleUrl>#m_ylw-pushpin</styleUrl>
			<Polygon>
				<tessellate>1</tessellate>
				<outerBoundaryIs>
					<LinearRing>
						<coordinates>
							32.83329099157822,39.8550657244126,0 32.83337629263828,39.85506323227049,0 32.83340224972214,39.85520109383014,0 32.83332009311167,39.85519699390111,0 32.83329099157822,39.8550657244126,0 
						</coordinates>
					</LinearRing>
				</outerBoundaryIs>
			</Polygon>
		</Placemark>
		<Placemark>
			<name>Adsız Çokgen [242:Polygon]</name>
			<snippet></snippet>
			<styleUrl>#m_ylw-pushpin</styleUrl>
			<Polygon>
				<tessellate>1</tessellate>
				<outerBoundaryIs>
					<LinearRing>
						<coordinates>
							32.83949702067291,39.85361930197031,0 32.83941549123956,39.85350134466133,0 32.83946701321413,39.85348209542058,0 32.83956454719444,39.85358857432854,0 32.83949702067291,39.85361930197031,0 
						</coordinates>
					</LinearRing>
				</outerBoundaryIs>
			</Polygon>
		</Placemark>
		<Placemark>
			<name>Adsız Çokgen [243:Polygon]</name>
			<snippet></snippet>
			<styleUrl>#m_ylw-pushpin</styleUrl>
			<Polygon>
				<tessellate>1</tessellate>
				<outerBoundaryIs>
					<LinearRing>
						<coordinates>
							32.83907733997873,39.85313104859488,0 32.83892125490434,39.85323278255893,0 32.8388713634382,39.85317682288691,0 32.83902625678809,39.85308276177535,0 32.83907733997873,39.85313104859488,0 
						</coordinates>
					</LinearRing>
				</outerBoundaryIs>
			</Polygon>
		</Placemark>
		<Placemark>
			<name>Adsız Çokgen [244:Polygon]</name>
			<snippet></snippet>
			<styleUrl>#m_ylw-pushpin</styleUrl>
			<Polygon>
				<tessellate>1</tessellate>
				<outerBoundaryIs>
					<LinearRing>
						<coordinates>
							32.83871348638202,39.85340305299967,0 32.83861107702029,39.85335554637744,0 32.83881045838631,39.8532199734567,0 32.83886100076455,39.85326786769636,0 32.83871348638202,39.85340305299967,0 
						</coordinates>
					</LinearRing>
				</outerBoundaryIs>
			</Polygon>
		</Placemark>
		<Placemark>
			<name>Adsız Çokgen [245:Polygon]</name>
			<snippet></snippet>
			<styleUrl>#m_ylw-pushpin</styleUrl>
			<Polygon>
				<tessellate>1</tessellate>
				<outerBoundaryIs>
					<LinearRing>
						<coordinates>
							32.83867438614639,39.85354252635144,0 32.83859146846423,39.85354481541423,0 32.83858701902921,39.85341253984143,0 32.83871967943666,39.85342146752706,0 32.83867438614639,39.85354252635144,0 
						</coordinates>
					</LinearRing>
				</outerBoundaryIs>
			</Polygon>
		</Placemark>
		<Placemark>
			<name>Adsız Çokgen [246:Polygon]</name>
			<snippet></snippet>
			<styleUrl>#m_ylw-pushpin</styleUrl>
			<Polygon>
				<tessellate>1</tessellate>
				<outerBoundaryIs>
					<LinearRing>
						<coordinates>
							32.8385229687735,39.85371144300101,0 32.83851797831744,39.85362504242401,0 32.83860343726142,39.8536063284523,0 32.83861373178186,39.85370182891838,0 32.8385229687735,39.85371144300101,0 
						</coordinates>
					</LinearRing>
				</outerBoundaryIs>
			</Polygon>
		</Placemark>
		<Placemark>
			<name>Adsız Çokgen [247:Polygon]</name>
			<snippet></snippet>
			<styleUrl>#m_ylw-pushpin</styleUrl>
			<Polygon>
				<tessellate>1</tessellate>
				<outerBoundaryIs>
					<LinearRing>
						<coordinates>
							32.83878993903958,39.85374794056207,0 32.83874447599751,39.85366902711013,0 32.83882241723293,39.85363238473735,0 32.83888661325226,39.85370297020616,0 32.83878993903958,39.85374794056207,0 
						</coordinates>
					</LinearRing>
				</outerBoundaryIs>
			</Polygon>
		</Placemark>
		<Placemark>
			<name>Adsız Çokgen [248:Polygon]</name>
			<snippet></snippet>
			<styleUrl>#m_ylw-pushpin</styleUrl>
			<Polygon>
				<tessellate>1</tessellate>
				<outerBoundaryIs>
					<LinearRing>
						<coordinates>
							32.83872327177085,39.85365313777612,0 32.83869569057531,39.85356447275173,0 32.83878069847333,39.85355171386326,0 32.83882001928229,39.85361675386486,0 32.83872327177085,39.85365313777612,0 
						</coordinates>
					</LinearRing>
				</outerBoundaryIs>
			</Polygon>
		</Placemark>
		<Placemark>
			<name>Adsız Çokgen [249:Polygon]</name>
			<snippet></snippet>
			<styleUrl>#m_ylw-pushpin</styleUrl>
			<Polygon>
				<tessellate>1</tessellate>
				<outerBoundaryIs>
					<LinearRing>
						<coordinates>
							32.83891541881201,39.85370501920992,0 32.83899632413367,39.85366843499767,0 32.83910481008772,39.85377525632544,0 32.83901679195222,39.85380866132441,0 32.83891541881201,39.85370501920992,0 
						</coordinates>
					</LinearRing>
				</outerBoundaryIs>
			</Polygon>
		</Placemark>
		<Placemark>
			<name>Adsız Çokgen [250:Polygon]</name>
			<snippet></snippet>
			<styleUrl>#m_ylw-pushpin</styleUrl>
			<Polygon>
				<tessellate>1</tessellate>
				<outerBoundaryIs>
					<LinearRing>
						<coordinates>
							32.83884395160652,39.85359748581183,0 32.83891171576363,39.85355914568159,0 32.83898365764086,39.8536490118789,0 32.83890546718317,39.85368747286289,0 32.83884395160652,39.85359748581183,0 
						</coordinates>
					</LinearRing>
				</outerBoundaryIs>
			</Polygon>
		</Placemark>
		<Placemark>
			<name>Adsız Çokgen [251:Polygon]</name>
			<snippet></snippet>
			<styleUrl>#m_ylw-pushpin</styleUrl>
			<Polygon>
				<tessellate>1</tessellate>
				<outerBoundaryIs>
					<LinearRing>
						<coordinates>
							32.83904500493618,39.85364344958118,0 32.83898661098683,39.85355800024833,0 32.83901718894359,39.85354460880377,0 32.83901708288467,39.85350964496025,0 32.8390757332982,39.8535063708046,0 32.83914413422956,39.85358025016438,0 32.83904500493618,39.85364344958118,0 
						</coordinates>
					</LinearRing>
				</outerBoundaryIs>
			</Polygon>
		</Placemark>
		<Placemark>
			<name>Adsız Çokgen [252:Polygon]</name>
			<snippet></snippet>
			<styleUrl>#m_ylw-pushpin</styleUrl>
			<Polygon>
				<tessellate>1</tessellate>
				<outerBoundaryIs>
					<LinearRing>
						<coordinates>
							32.83895106145917,39.85342170492121,0 32.83900545105845,39.85342271296438,0 32.83902151657199,39.8534663962004,0 32.8390625814602,39.85346318398778,0 32.83907049124375,39.85349261461425,0 32.83894757580712,39.85350096886561,0 32.83895106145917,39.85342170492121,0 
						</coordinates>
					</LinearRing>
				</outerBoundaryIs>
			</Polygon>
		</Placemark>
		<Placemark>
			<name>Adsız Çokgen [253:Polygon]</name>
			<snippet></snippet>
			<styleUrl>#m_ylw-pushpin</styleUrl>
			<Polygon>
				<tessellate>1</tessellate>
				<outerBoundaryIs>
					<LinearRing>
						<coordinates>
							32.8388382952925,39.85349357264332,0 32.83883372569439,39.853425648893,0 32.83892251812391,39.85342319668758,0 32.83892952225634,39.85350270832424,0 32.8388382952925,39.85349357264332,0 
						</coordinates>
					</LinearRing>
				</outerBoundaryIs>
			</Polygon>
		</Placemark>
		<Placemark>
			<name>Adsız Çokgen [254:Polygon]</name>
			<snippet></snippet>
			<styleUrl>#m_ylw-pushpin</styleUrl>
			<Polygon>
				<tessellate>1</tessellate>
				<outerBoundaryIs>
					<LinearRing>
						<coordinates>
							32.83932763054055,39.85394326107075,0 32.83941761013214,39.85388620334179,0 32.83949082771969,39.85397321033841,0 32.83941180504311,39.85401911166939,0 32.83932763054055,39.85394326107075,0 
						</coordinates>
					</LinearRing>
				</outerBoundaryIs>
			</Polygon>
		</Placemark>
		<Placemark>
			<name>Adsız Çokgen [255:Polygon]</name>
			<snippet></snippet>
			<styleUrl>#m_ylw-pushpin</styleUrl>
			<Polygon>
				<tessellate>1</tessellate>
				<outerBoundaryIs>
					<LinearRing>
						<coordinates>
							32.83917472854412,39.85374237206333,0 32.83926686454043,39.8536991000164,0 32.83936241493161,39.85377439081586,0 32.83928803318391,39.85381582200205,0 32.83917472854412,39.85374237206333,0 
						</coordinates>
					</LinearRing>
				</outerBoundaryIs>
			</Polygon>
		</Placemark>
		<Placemark>
			<name>Adsız Çokgen [256:Polygon]</name>
			<snippet></snippet>
			<styleUrl>#m_ylw-pushpin</styleUrl>
			<Polygon>
				<tessellate>1</tessellate>
				<outerBoundaryIs>
					<LinearRing>
						<coordinates>
							32.83917275482015,39.85371566650809,0 32.83908406654633,39.85364761025047,0 32.83916155019051,39.8536009168299,0 32.8392342689127,39.85366829803879,0 32.83917275482015,39.85371566650809,0 
						</coordinates>
					</LinearRing>
				</outerBoundaryIs>
			</Polygon>
		</Placemark>
		<Placemark>
			<name>Adsız Çokgen [257:Polygon]</name>
			<snippet></snippet>
			<styleUrl>#m_ylw-pushpin</styleUrl>
			<Polygon>
				<tessellate>1</tessellate>
				<outerBoundaryIs>
					<LinearRing>
						<coordinates>
							32.83878267727947,39.85448760353524,0 32.83891022369723,39.85444764136184,0 32.83896568353146,39.85453619472988,0 32.83884731745866,39.8545665763391,0 32.83878267727947,39.85448760353524,0 
						</coordinates>
					</LinearRing>
				</outerBoundaryIs>
			</Polygon>
		</Placemark>
		<Placemark>
			<name>Adsız Çokgen [258:Polygon]</name>
			<snippet></snippet>
			<styleUrl>#m_ylw-pushpin</styleUrl>
			<Polygon>
				<tessellate>1</tessellate>
				<outerBoundaryIs>
					<LinearRing>
						<coordinates>
							32.83857047443389,39.85427849924795,0 32.83850372397827,39.85419201440149,0 32.83857713112439,39.8541782331023,0 32.83864022546292,39.85426685102588,0 32.83857047443389,39.85427849924795,0 
						</coordinates>
					</LinearRing>
				</outerBoundaryIs>
			</Polygon>
		</Placemark>
		<Placemark>
			<name>Adsız Çokgen [259:Polygon]</name>
			<snippet></snippet>
			<styleUrl>#m_ylw-pushpin</styleUrl>
			<Polygon>
				<tessellate>1</tessellate>
				<outerBoundaryIs>
					<LinearRing>
						<coordinates>
							32.83862523069638,39.8544477893275,0 32.83859024784464,39.85438134239118,0 32.8386921437174,39.85435090504578,0 32.83872221494055,39.85442031654462,0 32.83862523069638,39.8544477893275,0 
						</coordinates>
					</LinearRing>
				</outerBoundaryIs>
			</Polygon>
		</Placemark>
		<Placemark>
			<name>Adsız Çokgen [260:Polygon]</name>
			<snippet></snippet>
			<styleUrl>#m_ylw-pushpin</styleUrl>
			<Polygon>
				<tessellate>1</tessellate>
				<outerBoundaryIs>
					<LinearRing>
						<coordinates>
							32.83849838079937,39.85470463781382,0 32.8384239612827,39.85459911384132,0 32.8385025801988,39.85457518309342,0 32.83856851962823,39.85467595241025,0 32.83849838079937,39.85470463781382,0 
						</coordinates>
					</LinearRing>
				</outerBoundaryIs>
			</Polygon>
		</Placemark>
		<Placemark>
			<name>Adsız Çokgen [261:Polygon]</name>
			<snippet></snippet>
			<styleUrl>#m_ylw-pushpin</styleUrl>
			<Polygon>
				<tessellate>1</tessellate>
				<outerBoundaryIs>
					<LinearRing>
						<coordinates>
							32.83849426149881,39.85455416391051,0 32.83840056791924,39.85443512989916,0 32.83850042461331,39.85440073577145,0 32.83857536641561,39.85451327570079,0 32.83849426149881,39.85455416391051,0 
						</coordinates>
					</LinearRing>
				</outerBoundaryIs>
			</Polygon>
		</Placemark>
		<Placemark>
			<name>Adsız Çokgen [262:Polygon]</name>
			<snippet></snippet>
			<styleUrl>#m_ylw-pushpin</styleUrl>
			<Polygon>
				<tessellate>1</tessellate>
				<outerBoundaryIs>
					<LinearRing>
						<coordinates>
							32.83861047827241,39.85465172021596,0 32.83855431322426,39.85454153782422,0 32.83864585760002,39.85450770944998,0 32.83870328753689,39.8546286433957,0 32.83861047827241,39.85465172021596,0 
						</coordinates>
					</LinearRing>
				</outerBoundaryIs>
			</Polygon>
		</Placemark>
		<Placemark>
			<name>Adsız Çokgen [263:Polygon]</name>
			<snippet></snippet>
			<styleUrl>#m_ylw-pushpin</styleUrl>
			<Polygon>
				<tessellate>1</tessellate>
				<outerBoundaryIs>
					<LinearRing>
						<coordinates>
							32.83904996411635,39.85520152278895,0 32.83899606566133,39.85510160320902,0 32.83912614572989,39.85507684620354,0 32.83915481866989,39.85516367306391,0 32.83904996411635,39.85520152278895,0 
						</coordinates>
					</LinearRing>
				</outerBoundaryIs>
			</Polygon>
		</Placemark>
		<Placemark>
			<name>Adsız Çokgen [264:Polygon]</name>
			<snippet></snippet>
			<styleUrl>#m_ylw-pushpin</styleUrl>
			<Polygon>
				<tessellate>1</tessellate>
				<outerBoundaryIs>
					<LinearRing>
						<coordinates>
							32.8392567455564,39.85511210353073,0 32.83920735587826,39.85504512755917,0 32.83928982622365,39.85501414892307,0 32.8393433795012,39.85509670334338,0 32.8392567455564,39.85511210353073,0 
						</coordinates>
					</LinearRing>
				</outerBoundaryIs>
			</Polygon>
		</Placemark>
		<Placemark>
			<name>Adsız Çokgen [265:Polygon]</name>
			<snippet></snippet>
			<styleUrl>#m_ylw-pushpin</styleUrl>
			<Polygon>
				<tessellate>1</tessellate>
				<outerBoundaryIs>
					<LinearRing>
						<coordinates>
							32.83921199540853,39.85556334518404,0 32.8391827434244,39.85546824039717,0 32.83930898998914,39.85545725239358,0 32.83932956284281,39.85553133981231,0 32.83921199540853,39.85556334518404,0 
						</coordinates>
					</LinearRing>
				</outerBoundaryIs>
			</Polygon>
		</Placemark>
		<Placemark>
			<name>Adsız Çokgen [266:Polygon]</name>
			<snippet></snippet>
			<styleUrl>#m_ylw-pushpin</styleUrl>
			<Polygon>
				<tessellate>1</tessellate>
				<outerBoundaryIs>
					<LinearRing>
						<coordinates>
							32.83939440983064,39.85535003711971,0 32.83932549860894,39.85523980167267,0 32.83947152592381,39.8552015303249,0 32.83950500157161,39.85531595879488,0 32.83939440983064,39.85535003711971,0 
						</coordinates>
					</LinearRing>
				</outerBoundaryIs>
			</Polygon>
		</Placemark>
		<Placemark>
			<name>Adsız Çokgen [267:Polygon]</name>
			<snippet></snippet>
			<styleUrl>#m_ylw-pushpin</styleUrl>
			<Polygon>
				<tessellate>1</tessellate>
				<outerBoundaryIs>
					<LinearRing>
						<coordinates>
							32.83955649247719,39.85541993611163,0 32.83951531427192,39.85533677497494,0 32.83959944883834,39.85531338544193,0 32.83963995814706,39.85537804977213,0 32.83955649247719,39.85541993611163,0 
						</coordinates>
					</LinearRing>
				</outerBoundaryIs>
			</Polygon>
		</Placemark>
		<Placemark>
			<name>Adsız Çokgen [268:Polygon]</name>
			<snippet></snippet>
			<styleUrl>#m_ylw-pushpin</styleUrl>
			<Polygon>
				<tessellate>1</tessellate>
				<outerBoundaryIs>
					<LinearRing>
						<coordinates>
							32.83967994292105,39.85551018240093,0 32.83959149656769,39.85542229587019,0 32.83968098083805,39.85538313036248,0 32.83974500225507,39.85546833167611,0 32.83967994292105,39.85551018240093,0 
						</coordinates>
					</LinearRing>
				</outerBoundaryIs>
			</Polygon>
		</Placemark>
		<Placemark>
			<name>Adsız Çokgen [269:Polygon]</name>
			<snippet></snippet>
			<styleUrl>#m_ylw-pushpin</styleUrl>
			<Polygon>
				<tessellate>1</tessellate>
				<outerBoundaryIs>
					<LinearRing>
						<coordinates>
							32.83938167864973,39.85550903129165,0 32.83935216325189,39.85542415953953,0 32.83944669167248,39.85540760916166,0 32.83949390317547,39.8554942087022,0 32.83938167864973,39.85550903129165,0 
						</coordinates>
					</LinearRing>
				</outerBoundaryIs>
			</Polygon>
		</Placemark>
		<Placemark>
			<name>Adsız Çokgen [270:Polygon]</name>
			<snippet></snippet>
			<styleUrl>#m_ylw-pushpin</styleUrl>
			<Polygon>
				<tessellate>1</tessellate>
				<outerBoundaryIs>
					<LinearRing>
						<coordinates>
							32.83933595508252,39.85564469697366,0 32.83926077819041,39.85558118675163,0 32.83936554910605,39.85554946564127,0 32.8394241729635,39.85562916059532,0 32.83933595508252,39.85564469697366,0 
						</coordinates>
					</LinearRing>
				</outerBoundaryIs>
			</Polygon>
		</Placemark>
		<Placemark>
			<name>Adsız Çokgen [271:Polygon]</name>
			<snippet></snippet>
			<styleUrl>#m_ylw-pushpin</styleUrl>
			<Polygon>
				<tessellate>1</tessellate>
				<outerBoundaryIs>
					<LinearRing>
						<coordinates>
							32.8395641273005,39.85613445891761,0 32.8395311631314,39.85604536540622,0 32.83963268344225,39.85602747463126,0 32.8396539015941,39.85613219770096,0 32.8395641273005,39.85613445891761,0 
						</coordinates>
					</LinearRing>
				</outerBoundaryIs>
			</Polygon>
		</Placemark>
		<Placemark>
			<name>Adsız Çokgen [272:Polygon]</name>
			<snippet></snippet>
			<styleUrl>#m_ylw-pushpin</styleUrl>
			<Polygon>
				<tessellate>1</tessellate>
				<outerBoundaryIs>
					<LinearRing>
						<coordinates>
							32.83976238176407,39.85620705968018,0 32.83971005336319,39.85611459251828,0 32.83977633852729,39.85609173404524,0 32.83983420333182,39.85617365700319,0 32.83976238176407,39.85620705968018,0 
						</coordinates>
					</LinearRing>
				</outerBoundaryIs>
			</Polygon>
		</Placemark>
		<Placemark>
			<name>Adsız Çokgen [273:Polygon]</name>
			<snippet></snippet>
			<styleUrl>#m_ylw-pushpin</styleUrl>
			<Polygon>
				<tessellate>1</tessellate>
				<outerBoundaryIs>
					<LinearRing>
						<coordinates>
							32.83986980945068,39.85615973928152,0 32.83982242700306,39.85609372480015,0 32.83991402725182,39.85606887386767,0 32.83996200846164,39.85611575850172,0 32.83986980945068,39.85615973928152,0 
						</coordinates>
					</LinearRing>
				</outerBoundaryIs>
			</Polygon>
		</Placemark>
		<Placemark>
			<name>Adsız Çokgen [274:Polygon]</name>
			<snippet></snippet>
			<styleUrl>#m_ylw-pushpin</styleUrl>
			<Polygon>
				<tessellate>1</tessellate>
				<outerBoundaryIs>
					<LinearRing>
						<coordinates>
							32.83996663902457,39.85604463555529,0 32.83989273190227,39.85593499800824,0 32.83998984765317,39.85589821569106,0 32.84004257905863,39.85601017102444,0 32.83996663902457,39.85604463555529,0 
						</coordinates>
					</LinearRing>
				</outerBoundaryIs>
			</Polygon>
		</Placemark>
		<Placemark>
			<name>Adsız Çokgen [275:Polygon]</name>
			<snippet></snippet>
			<styleUrl>#m_ylw-pushpin</styleUrl>
			<Polygon>
				<tessellate>1</tessellate>
				<outerBoundaryIs>
					<LinearRing>
						<coordinates>
							32.83900625860662,39.85571721334154,0 32.83896405487425,39.85559696018283,0 32.83905822333716,39.85559627054181,0 32.83910457407093,39.85570200279314,0 32.83900625860662,39.85571721334154,0 
						</coordinates>
					</LinearRing>
				</outerBoundaryIs>
			</Polygon>
		</Placemark>
		<Placemark>
			<name>Adsız Çokgen [276:Polygon]</name>
			<snippet></snippet>
			<styleUrl>#m_ylw-pushpin</styleUrl>
			<Polygon>
				<tessellate>1</tessellate>
				<outerBoundaryIs>
					<LinearRing>
						<coordinates>
							32.83836627275519,39.85531255363279,0 32.83825469466502,39.85507479007774,0 32.83833804744535,39.85505250833315,0 32.83844979819933,39.85530251873527,0 32.83836627275519,39.85531255363279,0 
						</coordinates>
					</LinearRing>
				</outerBoundaryIs>
			</Polygon>
		</Placemark>
		<Placemark>
			<name>Adsız Çokgen [277:Polygon]</name>
			<snippet></snippet>
			<styleUrl>#m_ylw-pushpin</styleUrl>
			<Polygon>
				<tessellate>1</tessellate>
				<outerBoundaryIs>
					<LinearRing>
						<coordinates>
							32.83983863688525,39.85568075840988,0 32.83977476158533,39.85559542772111,0 32.83987106331199,39.85556923759858,0 32.83991077867175,39.85564416429681,0 32.83983863688525,39.85568075840988,0 
						</coordinates>
					</LinearRing>
				</outerBoundaryIs>
			</Polygon>
		</Placemark>
		<Placemark>
			<name>Adsız Çokgen [278:Polygon]</name>
			<snippet></snippet>
			<styleUrl>#m_ylw-pushpin</styleUrl>
			<Polygon>
				<tessellate>1</tessellate>
				<outerBoundaryIs>
					<LinearRing>
						<coordinates>
							32.83930206218611,39.85433677470329,0 32.8392518391496,39.85424220367089,0 32.83937416707633,39.8542377876871,0 32.8394035686557,39.8543114755121,0 32.83930206218611,39.85433677470329,0 
						</coordinates>
					</LinearRing>
				</outerBoundaryIs>
			</Polygon>
		</Placemark>
		<Placemark>
			<name>Adsız Çokgen [279:Polygon]</name>
			<snippet></snippet>
			<styleUrl>#m_ylw-pushpin</styleUrl>
			<Polygon>
				<tessellate>1</tessellate>
				<outerBoundaryIs>
					<LinearRing>
						<coordinates>
							32.83938090037531,39.85348908105781,0 32.8392580617645,39.85336482742089,0 32.83932761885669,39.85332063145333,0 32.83944775078395,39.85343081814871,0 32.83938090037531,39.85348908105781,0 
						</coordinates>
					</LinearRing>
				</outerBoundaryIs>
			</Polygon>
		</Placemark>
		<Placemark>
			<name>Adsız Çokgen [280:Polygon]</name>
			<snippet></snippet>
			<styleUrl>#m_ylw-pushpin</styleUrl>
			<Polygon>
				<tessellate>1</tessellate>
				<outerBoundaryIs>
					<LinearRing>
						<coordinates>
							32.83912624374514,39.8540583085067,0 32.8390376917781,39.85401502353453,0 32.83908759096521,39.853940282324,0 32.83920572167732,39.85398865183402,0 32.83912624374514,39.8540583085067,0 
						</coordinates>
					</LinearRing>
				</outerBoundaryIs>
			</Polygon>
		</Placemark>
		<Placemark>
			<name>Adsız Çokgen [281:Polygon]</name>
			<snippet></snippet>
			<styleUrl>#m_ylw-pushpin</styleUrl>
			<Polygon>
				<tessellate>1</tessellate>
				<outerBoundaryIs>
					<LinearRing>
						<coordinates>
							32.83926244117404,39.85422603893101,0 32.83922138538178,39.85415247695461,0 32.83932411688354,39.85414605175638,0 32.83933773717308,39.85420184470484,0 32.83926244117404,39.85422603893101,0 
						</coordinates>
					</LinearRing>
				</outerBoundaryIs>
			</Polygon>
		</Placemark>
		<Placemark>
			<name>Adsız Çokgen [282:Polygon]</name>
			<snippet></snippet>
			<styleUrl>#m_ylw-pushpin</styleUrl>
			<Polygon>
				<tessellate>1</tessellate>
				<outerBoundaryIs>
					<LinearRing>
						<coordinates>
							32.83898118869771,39.85443434387778,0 32.8389572494841,39.85437999478369,0 32.83901133531437,39.85437293812588,0 32.83902790250757,39.85441965546592,0 32.83898118869771,39.85443434387778,0 
						</coordinates>
					</LinearRing>
				</outerBoundaryIs>
			</Polygon>
		</Placemark>
		<Placemark>
			<name>Adsız Çokgen [283:Polygon]</name>
			<snippet></snippet>
			<styleUrl>#m_ylw-pushpin</styleUrl>
			<Polygon>
				<tessellate>1</tessellate>
				<outerBoundaryIs>
					<LinearRing>
						<coordinates>
							32.83906500936686,39.85440463822643,0 32.83902534596405,39.85435371086847,0 32.83908177106942,39.8543335423857,0 32.83910700112271,39.8543828842675,0 32.83906500936686,39.85440463822643,0 
						</coordinates>
					</LinearRing>
				</outerBoundaryIs>
			</Polygon>
		</Placemark>
		<Placemark>
			<name>Adsız Çokgen [284:Polygon]</name>
			<snippet></snippet>
			<styleUrl>#m_ylw-pushpin</styleUrl>
			<Polygon>
				<tessellate>1</tessellate>
				<outerBoundaryIs>
					<LinearRing>
						<coordinates>
							32.83887757991806,39.85456811010199,0 32.83894882539677,39.85454713020073,0 32.83900873769016,39.85464060604329,0 32.83895437274322,39.85467497977745,0 32.83887757991806,39.85456811010199,0 
						</coordinates>
					</LinearRing>
				</outerBoundaryIs>
			</Polygon>
		</Placemark>
		<Placemark>
			<name>Adsız Çokgen [285:Polygon]</name>
			<snippet></snippet>
			<styleUrl>#m_ylw-pushpin</styleUrl>
			<Polygon>
				<tessellate>1</tessellate>
				<outerBoundaryIs>
					<LinearRing>
						<coordinates>
							32.83919898256321,39.85501674521203,0 32.83914541459229,39.85492756911255,0 32.83925513975149,39.85489793091301,0 32.83928157858078,39.85497965061924,0 32.83919898256321,39.85501674521203,0 
						</coordinates>
					</LinearRing>
				</outerBoundaryIs>
			</Polygon>
		</Placemark>
		<Placemark>
			<name>Adsız Çokgen [286:Polygon]</name>
			<snippet></snippet>
			<styleUrl>#m_ylw-pushpin</styleUrl>
			<Polygon>
				<tessellate>1</tessellate>
				<outerBoundaryIs>
					<LinearRing>
						<coordinates>
							32.83937342381444,39.85490045517211,0 32.83928736689826,39.85480072393903,0 32.83939765465421,39.85477748503154,0 32.83944280860896,39.85486711904134,0 32.83937342381444,39.85490045517211,0 
						</coordinates>
					</LinearRing>
				</outerBoundaryIs>
			</Polygon>
		</Placemark>
		<Placemark>
			<name>Adsız Çokgen [287:Polygon]</name>
			<snippet></snippet>
			<styleUrl>#m_ylw-pushpin</styleUrl>
			<Polygon>
				<tessellate>1</tessellate>
				<outerBoundaryIs>
					<LinearRing>
						<coordinates>
							32.83946445706597,39.85499028217455,0 32.83941970764015,39.85490182689318,0 32.8395314087465,39.85487173994363,0 32.83953758897225,39.85487016299295,0 32.83956601189918,39.85497372378533,0 32.83946445706597,39.85499028217455,0 
						</coordinates>
					</LinearRing>
				</outerBoundaryIs>
			</Polygon>
		</Placemark>
		<Placemark>
			<name>Adsız Çokgen [288:Polygon]</name>
			<snippet></snippet>
			<styleUrl>#m_ylw-pushpin</styleUrl>
			<Polygon>
				<tessellate>1</tessellate>
				<outerBoundaryIs>
					<LinearRing>
						<coordinates>
							32.83955465376484,39.85510587164022,0 32.83950368956619,39.85501222024014,0 32.83962750432998,39.85498906255175,0 32.83965805623303,39.85505803625612,0 32.83955465376484,39.85510587164022,0 
						</coordinates>
					</LinearRing>
				</outerBoundaryIs>
			</Polygon>
		</Placemark>
		<Placemark>
			<name>Adsız Çokgen [289:Polygon]</name>
			<snippet></snippet>
			<styleUrl>#m_ylw-pushpin</styleUrl>
			<Polygon>
				<tessellate>1</tessellate>
				<outerBoundaryIs>
					<LinearRing>
						<coordinates>
							32.84025788857063,39.85322995330348,0 32.84024119344617,39.85317878782796,0 32.84039729245897,39.85316303058987,0 32.84039622125214,39.85322725598556,0 32.84025788857063,39.85322995330348,0 
						</coordinates>
					</LinearRing>
				</outerBoundaryIs>
			</Polygon>
		</Placemark>
		<Placemark>
			<name>Adsız Çokgen [290:Polygon]</name>
			<snippet></snippet>
			<styleUrl>#m_ylw-pushpin</styleUrl>
			<Polygon>
				<tessellate>1</tessellate>
				<outerBoundaryIs>
					<LinearRing>
						<coordinates>
							32.84043246012327,39.85314483395069,0 32.84055912489861,39.85314542046492,0 32.84055804691243,39.85324033606763,0 32.84043028093436,39.85324793724185,0 32.84043246012327,39.85314483395069,0 
						</coordinates>
					</LinearRing>
				</outerBoundaryIs>
			</Polygon>
		</Placemark>
		<Placemark>
			<name>Adsız Çokgen [291:Polygon]</name>
			<snippet></snippet>
			<styleUrl>#m_ylw-pushpin</styleUrl>
			<Polygon>
				<tessellate>1</tessellate>
				<outerBoundaryIs>
					<LinearRing>
						<coordinates>
							32.84077958104947,39.85254862980319,0 32.84082859146841,39.8525004550138,0 32.84094409353666,39.85254762594195,0 32.84091907019634,39.85260068881625,0 32.84077958104947,39.85254862980319,0 
						</coordinates>
					</LinearRing>
				</outerBoundaryIs>
			</Polygon>
		</Placemark>
		<Placemark>
			<name>Adsız Çokgen [292:Polygon]</name>
			<snippet></snippet>
			<styleUrl>#m_ylw-pushpin</styleUrl>
			<Polygon>
				<tessellate>1</tessellate>
				<outerBoundaryIs>
					<LinearRing>
						<coordinates>
							32.84110781073324,39.85280360357495,0 32.84112737188336,39.85273548316321,0 32.84123142616631,39.85276575514952,0 32.84120068989292,39.8528364766083,0 32.84110781073324,39.85280360357495,0 
						</coordinates>
					</LinearRing>
				</outerBoundaryIs>
			</Polygon>
		</Placemark>
		<Placemark>
			<name>Adsız Çokgen [293:Polygon]</name>
			<snippet></snippet>
			<styleUrl>#m_ylw-pushpin</styleUrl>
			<Polygon>
				<tessellate>1</tessellate>
				<outerBoundaryIs>
					<LinearRing>
						<coordinates>
							32.84082793478289,39.85328252934934,0 32.84084187680017,39.85322281711678,0 32.84113456505618,39.85322943816886,0 32.8411503724091,39.85329758491315,0 32.84082793478289,39.85328252934934,0 
						</coordinates>
					</LinearRing>
				</outerBoundaryIs>
			</Polygon>
		</Placemark>
		<Placemark>
			<name>Adsız Çokgen [294:Polygon]</name>
			<snippet></snippet>
			<styleUrl>#m_ylw-pushpin</styleUrl>
			<Polygon>
				<tessellate>1</tessellate>
				<outerBoundaryIs>
					<LinearRing>
						<coordinates>
							32.84068991521008,39.85297904654791,0 32.84084052209662,39.85298532698306,0 32.84081245382333,39.8530794202832,0 32.84067288964746,39.85309038682597,0 32.84068991521008,39.85297904654791,0 
						</coordinates>
					</LinearRing>
				</outerBoundaryIs>
			</Polygon>
		</Placemark>
		<Placemark>
			<name>Adsız Çokgen [295:Polygon]</name>
			<snippet></snippet>
			<styleUrl>#m_ylw-pushpin</styleUrl>
			<Polygon>
				<tessellate>1</tessellate>
				<outerBoundaryIs>
					<LinearRing>
						<coordinates>
							32.84022791706144,39.85304365338032,0 32.84019937564985,39.85297625457063,0 32.8402773185442,39.85296770902204,0 32.84028743119216,39.85303341083478,0 32.84022791706144,39.85304365338032,0 
						</coordinates>
					</LinearRing>
				</outerBoundaryIs>
			</Polygon>
		</Placemark>
		<Placemark>
			<name>Adsız Çokgen [296:Polygon]</name>
			<snippet></snippet>
			<styleUrl>#m_ylw-pushpin</styleUrl>
			<Polygon>
				<tessellate>1</tessellate>
				<outerBoundaryIs>
					<LinearRing>
						<coordinates>
							32.84032052406744,39.85308512280012,0 32.84031255365156,39.85305009367509,0 32.8403531554491,39.85303559203955,0 32.84036237418863,39.85308521758422,0 32.84032052406744,39.85308512280012,0 
						</coordinates>
					</LinearRing>
				</outerBoundaryIs>
			</Polygon>
		</Placemark>
		<Placemark>
			<name>Adsız Çokgen [297:Polygon]</name>
			<snippet></snippet>
			<styleUrl>#m_ylw-pushpin</styleUrl>
			<Polygon>
				<tessellate>1</tessellate>
				<outerBoundaryIs>
					<LinearRing>
						<coordinates>
							32.84138677786512,39.85322091434583,0 32.84149048513859,39.85321471035085,0 32.84150321323006,39.85334484993199,0 32.84140296041825,39.85334487841909,0 32.84138677786512,39.85322091434583,0 
						</coordinates>
					</LinearRing>
				</outerBoundaryIs>
			</Polygon>
		</Placemark>
		<Placemark>
			<name>Adsız Çokgen [298:Polygon]</name>
			<snippet></snippet>
			<styleUrl>#m_ylw-pushpin</styleUrl>
			<Polygon>
				<tessellate>1</tessellate>
				<outerBoundaryIs>
					<LinearRing>
						<coordinates>
							32.84149360782949,39.85335699538013,0 32.84152176530742,39.85335695131154,0 32.84153366833726,39.85333673230436,0 32.84161563016971,39.8533225808219,0 32.84159838812395,39.8534189082422,0 32.84149225946065,39.85342314386447,0 32.84149360782949,39.85335699538013,0 
						</coordinates>
					</LinearRing>
				</outerBoundaryIs>
			</Polygon>
		</Placemark>
		<Placemark>
			<name>Adsız Çokgen [299:Polygon]</name>
			<snippet></snippet>
			<styleUrl>#m_ylw-pushpin</styleUrl>
			<Polygon>
				<tessellate>1</tessellate>
				<outerBoundaryIs>
					<LinearRing>
						<coordinates>
							32.84226907418746,39.85326321924014,0 32.84237954070284,39.85325949031132,0 32.84238911276961,39.85332700348972,0 32.84227223061408,39.8533330156049,0 32.84226907418746,39.85326321924014,0 
						</coordinates>
					</LinearRing>
				</outerBoundaryIs>
			</Polygon>
		</Placemark>
		<Placemark>
			<name>Adsız Çokgen [300:Polygon]</name>
			<snippet></snippet>
			<styleUrl>#m_ylw-pushpin</styleUrl>
			<Polygon>
				<tessellate>1</tessellate>
				<outerBoundaryIs>
					<LinearRing>
						<coordinates>
							32.84197466385478,39.8534510678855,0 32.84209411653451,39.85344562220946,0 32.84208243101997,39.85352171352917,0 32.84200093377311,39.85352152855118,0 32.84197466385478,39.8534510678855,0 
						</coordinates>
					</LinearRing>
				</outerBoundaryIs>
			</Polygon>
		</Placemark>
		<Placemark>
			<name>Adsız Çokgen [301:Polygon]</name>
			<snippet></snippet>
			<styleUrl>#m_ylw-pushpin</styleUrl>
			<Polygon>
				<tessellate>1</tessellate>
				<outerBoundaryIs>
					<LinearRing>
						<coordinates>
							32.84215557485351,39.85349655762002,0 32.84230615243862,39.85349049474321,0 32.84229067129516,39.85358896374785,0 32.84218040699349,39.85358316468201,0 32.84215557485351,39.85349655762002,0 
						</coordinates>
					</LinearRing>
				</outerBoundaryIs>
			</Polygon>
		</Placemark>
		<Placemark>
			<name>Adsız Çokgen [302:Polygon]</name>
			<snippet></snippet>
			<styleUrl>#m_ylw-pushpin</styleUrl>
			<Polygon>
				<tessellate>1</tessellate>
				<outerBoundaryIs>
					<LinearRing>
						<coordinates>
							32.84241179051883,39.85342411681063,0 32.84255637660545,39.85339708077419,0 32.84256956964521,39.85348691672834,0 32.84256963820991,39.85348885601842,0 32.84243396154808,39.85352929479303,0 32.84241179051883,39.85342411681063,0 
						</coordinates>
					</LinearRing>
				</outerBoundaryIs>
			</Polygon>
		</Placemark>
		<Placemark>
			<name>Adsız Çokgen [303:Polygon]</name>
			<snippet></snippet>
			<styleUrl>#m_ylw-pushpin</styleUrl>
			<Polygon>
				<tessellate>1</tessellate>
				<outerBoundaryIs>
					<LinearRing>
						<coordinates>
							32.84265121628155,39.85341487280796,0 32.84271280617183,39.85338438477568,0 32.84276306607384,39.85336102628388,0 32.84278294243881,39.85337153654548,0 32.84283392997984,39.85344204298332,0 32.84272503528076,39.85349961129498,0 32.84265121628155,39.85341487280796,0 
						</coordinates>
					</LinearRing>
				</outerBoundaryIs>
			</Polygon>
		</Placemark>
		<Placemark>
			<name>Adsız Çokgen [304:Polygon]</name>
			<snippet></snippet>
			<styleUrl>#m_ylw-pushpin</styleUrl>
			<Polygon>
				<tessellate>1</tessellate>
				<outerBoundaryIs>
					<LinearRing>
						<coordinates>
							32.84276675800118,39.85332700902407,0 32.84283316834247,39.85329433233287,0 32.84286203592784,39.85332014349842,0 32.84298727215871,39.85328587938043,0 32.84300030955815,39.85332900988374,0 32.84282570747262,39.85338948367396,0 32.84276675800118,39.85332700902407,0 
						</coordinates>
					</LinearRing>
				</outerBoundaryIs>
			</Polygon>
		</Placemark>
		<Placemark>
			<name>Adsız Çokgen [305:Polygon]</name>
			<snippet></snippet>
			<styleUrl>#m_ylw-pushpin</styleUrl>
			<Polygon>
				<tessellate>1</tessellate>
				<outerBoundaryIs>
					<LinearRing>
						<coordinates>
							32.8423766859044,39.85319486974885,0 32.84245008778171,39.85317689036088,0 32.84247744702366,39.85319909937487,0 32.84259233005941,39.85317562689337,0 32.84260967292941,39.85322370551789,0 32.84246642766224,39.85328121257018,0 32.8423766859044,39.85319486974885,0 
						</coordinates>
					</LinearRing>
				</outerBoundaryIs>
			</Polygon>
		</Placemark>
		<Placemark>
			<name>Adsız Çokgen [306:Polygon]</name>
			<snippet></snippet>
			<styleUrl>#m_ylw-pushpin</styleUrl>
			<Polygon>
				<tessellate>1</tessellate>
				<outerBoundaryIs>
					<LinearRing>
						<coordinates>
							32.84227160013779,39.85262636611193,0 32.84238544140185,39.85264457997196,0 32.84240652043472,39.85264860021513,0 32.84239644223025,39.85274793496406,0 32.84225207635991,39.85272992271117,0 32.84227160013779,39.85262636611193,0 
						</coordinates>
					</LinearRing>
				</outerBoundaryIs>
			</Polygon>
		</Placemark>
		<Placemark>
			<name>Adsız Çokgen [307:Polygon]</name>
			<snippet></snippet>
			<styleUrl>#m_ylw-pushpin</styleUrl>
			<Polygon>
				<tessellate>1</tessellate>
				<outerBoundaryIs>
					<LinearRing>
						<coordinates>
							32.84246960283213,39.8528521896356,0 32.84265593690676,39.85284556668998,0 32.84263549245387,39.85293395756256,0 32.84248137238582,39.85295881922542,0 32.84246960283213,39.8528521896356,0 
						</coordinates>
					</LinearRing>
				</outerBoundaryIs>
			</Polygon>
		</Placemark>
		<Placemark>
			<name>Adsız Çokgen [308:Polygon]</name>
			<snippet></snippet>
			<styleUrl>#m_ylw-pushpin</styleUrl>
			<Polygon>
				<tessellate>1</tessellate>
				<outerBoundaryIs>
					<LinearRing>
						<coordinates>
							32.84284915000516,39.8532519093276,0 32.84280403684607,39.85309577210396,0 32.8428971430512,39.85308433142409,0 32.84293712226166,39.85323806950867,0 32.84284915000516,39.8532519093276,0 
						</coordinates>
					</LinearRing>
				</outerBoundaryIs>
			</Polygon>
		</Placemark>
		<Placemark>
			<name>Adsız Çokgen [309:Polygon]</name>
			<snippet></snippet>
			<styleUrl>#m_ylw-pushpin</styleUrl>
			<Polygon>
				<tessellate>1</tessellate>
				<outerBoundaryIs>
					<LinearRing>
						<coordinates>
							32.84293003332402,39.85308751182519,0 32.84303263754726,39.8530717206271,0 32.84307313494136,39.85317869908568,0 32.84294643139244,39.85321623631044,0 32.84293003332402,39.85308751182519,0 
						</coordinates>
					</LinearRing>
				</outerBoundaryIs>
			</Polygon>
		</Placemark>
		<Placemark>
			<name>Adsız Çokgen [310:Polygon]</name>
			<snippet></snippet>
			<styleUrl>#m_ylw-pushpin</styleUrl>
			<Polygon>
				<tessellate>1</tessellate>
				<outerBoundaryIs>
					<LinearRing>
						<coordinates>
							32.84356253532937,39.85302764137444,0 32.84353660585468,39.85292860620861,0 32.84365516495812,39.85290026327088,0 32.84369001263842,39.85300609237164,0 32.84356253532937,39.85302764137444,0 
						</coordinates>
					</LinearRing>
				</outerBoundaryIs>
			</Polygon>
		</Placemark>
		<Placemark>
			<name>Adsız Çokgen [311:Polygon]</name>
			<snippet></snippet>
			<styleUrl>#m_ylw-pushpin</styleUrl>
			<Polygon>
				<tessellate>1</tessellate>
				<outerBoundaryIs>
					<LinearRing>
						<coordinates>
							32.84392720999242,39.8531339837616,0 32.84404527274273,39.8530387553453,0 32.8441522394118,39.85311115939971,0 32.84401745630834,39.85320439136954,0 32.84392720999242,39.8531339837616,0 
						</coordinates>
					</LinearRing>
				</outerBoundaryIs>
			</Polygon>
		</Placemark>
		<Placemark>
			<name>Adsız Çokgen [312:Polygon]</name>
			<snippet></snippet>
			<styleUrl>#m_ylw-pushpin</styleUrl>
			<Polygon>
				<tessellate>1</tessellate>
				<outerBoundaryIs>
					<LinearRing>
						<coordinates>
							32.84355463301769,39.8533136167118,0 32.84342745434735,39.85321277281304,0 32.84350350758368,39.85316231281995,0 32.84355953235097,39.85319385716815,0 32.84362124150241,39.85315743849581,0 32.84366917590035,39.85322341116169,0 32.84357792146716,39.85326556719507,0 32.84360264774894,39.85330019240243,0 32.84355463301769,39.8533136167118,0 
						</coordinates>
					</LinearRing>
				</outerBoundaryIs>
			</Polygon>
		</Placemark>
		<Placemark>
			<name>Adsız Çokgen [313:Polygon]</name>
			<snippet></snippet>
			<styleUrl>#m_ylw-pushpin</styleUrl>
			<Polygon>
				<tessellate>1</tessellate>
				<outerBoundaryIs>
					<LinearRing>
						<coordinates>
							32.84365911230991,39.8535899953305,0 32.84381800176506,39.85352712393384,0 32.84385042792701,39.85358338499115,0 32.84379281207634,39.85359634881381,0 32.84382541471989,39.85362823770822,0 32.84371377129359,39.85367548379401,0 32.84365911230991,39.8535899953305,0 
						</coordinates>
					</LinearRing>
				</outerBoundaryIs>
			</Polygon>
		</Placemark>
		<Placemark>
			<name>Adsız Çokgen [314:Polygon]</name>
			<snippet></snippet>
			<styleUrl>#m_ylw-pushpin</styleUrl>
			<Polygon>
				<tessellate>1</tessellate>
				<outerBoundaryIs>
					<LinearRing>
						<coordinates>
							32.84309602296204,39.8537508050476,0 32.84302185715336,39.85365834108556,0 32.84313601504792,39.85360428040473,0 32.84320858940122,39.8537009456582,0 32.84316205789617,39.85372922009232,0 32.84314516850257,39.85370304819493,0 32.84309602296204,39.8537508050476,0 
						</coordinates>
					</LinearRing>
				</outerBoundaryIs>
			</Polygon>
		</Placemark>
		<Placemark>
			<name>Adsız Çokgen [315:Polygon]</name>
			<snippet></snippet>
			<styleUrl>#m_ylw-pushpin</styleUrl>
			<Polygon>
				<tessellate>1</tessellate>
				<outerBoundaryIs>
					<LinearRing>
						<coordinates>
							32.84308494155133,39.85394978961891,0 32.84323730658404,39.85388791797993,0 32.84326514920041,39.85398868544239,0 32.84319610609418,39.85402276351307,0 32.8431870456507,39.85400582489704,0 32.84313751546898,39.8540282417446,0 32.84308494155133,39.85394978961891,0 
						</coordinates>
					</LinearRing>
				</outerBoundaryIs>
			</Polygon>
		</Placemark>
		<Placemark>
			<name>Adsız Çokgen [316:Polygon]</name>
			<snippet></snippet>
			<styleUrl>#m_ylw-pushpin</styleUrl>
			<Polygon>
				<tessellate>1</tessellate>
				<outerBoundaryIs>
					<LinearRing>
						<coordinates>
							32.84311104373762,39.85433808834436,0 32.84312622122355,39.85424705542326,0 32.8432552534389,39.85426319387493,0 32.84326217445047,39.85423326118296,0 32.84333182256908,39.85424155235675,0 32.84332729390067,39.85428561225687,0 32.84328897501079,39.85428591941293,0 32.84325681877644,39.85435108839701,0 32.84311104373762,39.85433808834436,0 
						</coordinates>
					</LinearRing>
				</outerBoundaryIs>
			</Polygon>
		</Placemark>
		<Placemark>
			<name>Adsız Çokgen [317:Polygon]</name>
			<snippet></snippet>
			<styleUrl>#m_ylw-pushpin</styleUrl>
			<Polygon>
				<tessellate>1</tessellate>
				<outerBoundaryIs>
					<LinearRing>
						<coordinates>
							32.84341859803263,39.85448731218906,0 32.84344737134032,39.85439735775559,0 32.8435762580882,39.85441570966031,0 32.84354911722355,39.85451041947554,0 32.84341859803263,39.85448731218906,0 
						</coordinates>
					</LinearRing>
				</outerBoundaryIs>
			</Polygon>
		</Placemark>
		<Placemark>
			<name>Adsız Çokgen [318:Polygon]</name>
			<snippet></snippet>
			<styleUrl>#m_ylw-pushpin</styleUrl>
			<Polygon>
				<tessellate>1</tessellate>
				<outerBoundaryIs>
					<LinearRing>
						<coordinates>
							32.84268588651817,39.85421001695445,0 32.84276697367068,39.8542037291792,0 32.8428885449739,39.8542336530688,0 32.84287903836564,39.85430647419608,0 32.84285152525349,39.85430856578954,0 32.8428535387411,39.85434090306171,0 32.84272364024263,39.85436472038825,0 32.84268588651817,39.85421001695445,0 
						</coordinates>
					</LinearRing>
				</outerBoundaryIs>
			</Polygon>
		</Placemark>
		<Placemark>
			<name>Adsız Çokgen [319:Polygon]</name>
			<snippet></snippet>
			<styleUrl>#m_ylw-pushpin</styleUrl>
			<Polygon>
				<tessellate>1</tessellate>
				<outerBoundaryIs>
					<LinearRing>
						<coordinates>
							32.84259633470998,39.85392581103137,0 32.84269406023689,39.85392759391665,0 32.84269476106247,39.85395394870891,0 32.84274803840292,39.85395390700326,0 32.84273538791489,39.85406895253901,0 32.84260549119771,39.85406271589613,0 32.84259633470998,39.85392581103137,0 
						</coordinates>
					</LinearRing>
				</outerBoundaryIs>
			</Polygon>
		</Placemark>
		<Placemark>
			<name>Adsız Çokgen [320:Polygon]</name>
			<snippet></snippet>
			<styleUrl>#m_ylw-pushpin</styleUrl>
			<Polygon>
				<tessellate>1</tessellate>
				<outerBoundaryIs>
					<LinearRing>
						<coordinates>
							32.84252439829198,39.85380010551848,0 32.84265337842533,39.85377137751205,0 32.84267677046104,39.85383492007011,0 32.84273291889678,39.85383502374228,0 32.84273418100422,39.85387623539856,0 32.84257629191526,39.8538956556052,0 32.84252439829198,39.85380010551848,0 
						</coordinates>
					</LinearRing>
				</outerBoundaryIs>
			</Polygon>
		</Placemark>
		<Placemark>
			<name>Adsız Çokgen [321:Polygon]</name>
			<snippet></snippet>
			<styleUrl>#m_ylw-pushpin</styleUrl>
			<Polygon>
				<tessellate>1</tessellate>
				<outerBoundaryIs>
					<LinearRing>
						<coordinates>
							32.84243757696315,39.85383239323183,0 32.84242569844398,39.85377786848989,0 32.84247794896979,39.85377259184859,0 32.8424949048545,39.85382365543042,0 32.84243757696315,39.85383239323183,0 
						</coordinates>
					</LinearRing>
				</outerBoundaryIs>
			</Polygon>
		</Placemark>
		<Placemark>
			<name>Adsız Çokgen [322:Polygon]</name>
			<snippet></snippet>
			<styleUrl>#m_ylw-pushpin</styleUrl>
			<Polygon>
				<tessellate>1</tessellate>
				<outerBoundaryIs>
					<LinearRing>
						<coordinates>
							32.84217310121753,39.85407285031463,0 32.84220714593174,39.85398978952535,0 32.84232966818949,39.85402482524457,0 32.84229650359033,39.85410049419878,0 32.84217310121753,39.85407285031463,0 
						</coordinates>
					</LinearRing>
				</outerBoundaryIs>
			</Polygon>
		</Placemark>
		<Placemark>
			<name>Adsız Çokgen [323:Polygon]</name>
			<snippet></snippet>
			<styleUrl>#m_ylw-pushpin</styleUrl>
			<Polygon>
				<tessellate>1</tessellate>
				<outerBoundaryIs>
					<LinearRing>
						<coordinates>
							32.84183445240227,39.85428143164425,0 32.84185284558737,39.85416210476624,0 32.84198445264874,39.85418901395882,0 32.84196436662828,39.8543063628675,0 32.84183445240227,39.85428143164425,0 
						</coordinates>
					</LinearRing>
				</outerBoundaryIs>
			</Polygon>
		</Placemark>
		<Placemark>
			<name>Adsız Çokgen [324:Polygon]</name>
			<snippet></snippet>
			<styleUrl>#m_ylw-pushpin</styleUrl>
			<Polygon>
				<tessellate>1</tessellate>
				<outerBoundaryIs>
					<LinearRing>
						<coordinates>
							32.84334278908037,39.85415343579035,0 32.84336553847848,39.85405692232456,0 32.84348295475328,39.85405796711763,0 32.8434492715159,39.85416287766064,0 32.84334278908037,39.85415343579035,0 
						</coordinates>
					</LinearRing>
				</outerBoundaryIs>
			</Polygon>
		</Placemark>
		<Placemark>
			<name>Adsız Çokgen [325:Polygon]</name>
			<snippet></snippet>
			<styleUrl>#m_ylw-pushpin</styleUrl>
			<Polygon>
				<tessellate>1</tessellate>
				<outerBoundaryIs>
					<LinearRing>
						<coordinates>
							32.84300170032164,39.854093725549,0 32.84290758354776,39.8539763641898,0 32.84304089058913,39.85394239493174,0 32.84309255501856,39.85405184825274,0 32.84300170032164,39.854093725549,0 
						</coordinates>
					</LinearRing>
				</outerBoundaryIs>
			</Polygon>
		</Placemark>
		<Placemark>
			<name>Adsız Çokgen [326:Polygon]</name>
			<snippet></snippet>
			<styleUrl>#m_ylw-pushpin</styleUrl>
			<Polygon>
				<tessellate>1</tessellate>
				<outerBoundaryIs>
					<LinearRing>
						<coordinates>
							32.84276455288924,39.85409789812513,0 32.84287829218211,39.85408460616493,0 32.84289641193641,39.854180754395,0 32.84283863153153,39.85419453548188,0 32.84276455288924,39.85409789812513,0 
						</coordinates>
					</LinearRing>
				</outerBoundaryIs>
			</Polygon>
		</Placemark>
		<Placemark>
			<name>Adsız Çokgen [327:Polygon]</name>
			<snippet></snippet>
			<styleUrl>#m_ylw-pushpin</styleUrl>
			<Polygon>
				<tessellate>1</tessellate>
				<outerBoundaryIs>
					<LinearRing>
						<coordinates>
							32.84303253622541,39.8541727588795,0 32.84301287030461,39.85412988949374,0 32.8431704028901,39.85408566919767,0 32.84316741943545,39.8541331969626,0 32.84303253622541,39.8541727588795,0 
						</coordinates>
					</LinearRing>
				</outerBoundaryIs>
			</Polygon>
		</Placemark>
		<Placemark>
			<name>Adsız Çokgen [328:Polygon]</name>
			<snippet></snippet>
			<styleUrl>#m_ylw-pushpin</styleUrl>
			<Polygon>
				<tessellate>1</tessellate>
				<outerBoundaryIs>
					<LinearRing>
						<coordinates>
							32.84320753405618,39.85416038542717,0 32.84321732335533,39.85410434432318,0 32.84327959535596,39.85410605151748,0 32.84326108793323,39.85416543662718,0 32.84320753405618,39.85416038542717,0 
						</coordinates>
					</LinearRing>
				</outerBoundaryIs>
			</Polygon>
		</Placemark>
		<Placemark>
			<name>Adsız Çokgen [329:Polygon]</name>
			<snippet></snippet>
			<styleUrl>#m_ylw-pushpin</styleUrl>
			<Polygon>
				<tessellate>1</tessellate>
				<outerBoundaryIs>
					<LinearRing>
						<coordinates>
							32.84098575245436,39.85397273188946,0 32.84096923710545,39.85387215196008,0 32.84116047069611,39.85388512850075,0 32.84116768574607,39.85398736180114,0 32.84098575245436,39.85397273188946,0 
						</coordinates>
					</LinearRing>
				</outerBoundaryIs>
			</Polygon>
		</Placemark>
		<Placemark>
			<name>Adsız Çokgen [330:Polygon]</name>
			<snippet></snippet>
			<styleUrl>#m_ylw-pushpin</styleUrl>
			<Polygon>
				<tessellate>1</tessellate>
				<outerBoundaryIs>
					<LinearRing>
						<coordinates>
							32.84100473587527,39.85376982536615,0 32.84100359984812,39.85371533017613,0 32.84117932377141,39.85372109081187,0 32.8411820087391,39.85379033688393,0 32.84100473587527,39.85376982536615,0 
						</coordinates>
					</LinearRing>
				</outerBoundaryIs>
			</Polygon>
		</Placemark>
		<Placemark>
			<name>Adsız Çokgen [331:Polygon]</name>
			<snippet></snippet>
			<styleUrl>#m_ylw-pushpin</styleUrl>
			<Polygon>
				<tessellate>1</tessellate>
				<outerBoundaryIs>
					<LinearRing>
						<coordinates>
							32.8412257752909,39.85386101150869,0 32.84123542409264,39.85380897376333,0 32.84122320798879,39.85374362770476,0 32.8413833074001,39.85375314311461,0 32.84137583822132,39.85380712197465,0 32.84131296772389,39.85380711644054,0 32.84130802281995,39.85388880572554,0 32.8412257752909,39.85386101150869,0 
						</coordinates>
					</LinearRing>
				</outerBoundaryIs>
			</Polygon>
		</Placemark>
		<Placemark>
			<name>Adsız Çokgen [332:Polygon]</name>
			<snippet></snippet>
			<styleUrl>#m_ylw-pushpin</styleUrl>
			<Polygon>
				<tessellate>1</tessellate>
				<outerBoundaryIs>
					<LinearRing>
						<coordinates>
							32.84137833648348,39.85397599082329,0 32.84157025219988,39.85393678546717,0 32.84160001464007,39.85402503642635,0 32.84139791177077,39.85407227994229,0 32.84137833648348,39.85397599082329,0 
						</coordinates>
					</LinearRing>
				</outerBoundaryIs>
			</Polygon>
		</Placemark>
		<Placemark>
			<name>Adsız Çokgen [333:Polygon]</name>
			<snippet></snippet>
			<styleUrl>#m_ylw-pushpin</styleUrl>
			<Polygon>
				<tessellate>1</tessellate>
				<outerBoundaryIs>
					<LinearRing>
						<coordinates>
							32.84140035580457,39.85408894230895,0 32.84149566972984,39.85405688557987,0 32.84151523834174,39.8540659652508,0 32.84156628190293,39.85406196882077,0 32.841585875247,39.8540930571184,0 32.84155680614165,39.85410429146103,0 32.84158367065157,39.85414079154565,0 32.84145457410304,39.85417711598136,0 32.84140035580457,39.85408894230895,0 
						</coordinates>
					</LinearRing>
				</outerBoundaryIs>
			</Polygon>
		</Placemark>
		<Placemark>
			<name>Adsız Çokgen [334:Polygon]</name>
			<snippet></snippet>
			<styleUrl>#m_ylw-pushpin</styleUrl>
			<Polygon>
				<tessellate>1</tessellate>
				<outerBoundaryIs>
					<LinearRing>
						<coordinates>
							32.84149388733303,39.85427803326259,0 32.84145704220482,39.8541900132494,0 32.84159829093288,39.85416083337882,0 32.84164198371575,39.85425942620908,0 32.84149388733303,39.85427803326259,0 
						</coordinates>
					</LinearRing>
				</outerBoundaryIs>
			</Polygon>
		</Placemark>
		<Placemark>
			<name>Adsız Çokgen [335:Polygon]</name>
			<snippet></snippet>
			<styleUrl>#m_ylw-pushpin</styleUrl>
			<Polygon>
				<tessellate>1</tessellate>
				<outerBoundaryIs>
					<LinearRing>
						<coordinates>
							32.84177204828556,39.85397799716115,0 32.84185045776283,39.85401442997932,0 32.84183123241054,39.85411445321858,0 32.84173339285904,39.854098790082,0 32.84177204828556,39.85397799716115,0 
						</coordinates>
					</LinearRing>
				</outerBoundaryIs>
			</Polygon>
		</Placemark>
		<Placemark>
			<name>Adsız Çokgen [336:Polygon]</name>
			<snippet></snippet>
			<styleUrl>#m_ylw-pushpin</styleUrl>
			<Polygon>
				<tessellate>1</tessellate>
				<outerBoundaryIs>
					<LinearRing>
						<coordinates>
							32.84188634364586,39.85407779207434,0 32.841987864223,39.85408438135831,0 32.84198192460821,39.85416187121627,0 32.84192409119805,39.85416429625723,0 32.84193336996645,39.85412984984778,0 32.84188734704301,39.85412847173801,0 32.84188634364586,39.85407779207434,0 
						</coordinates>
					</LinearRing>
				</outerBoundaryIs>
			</Polygon>
		</Placemark>
		<Placemark>
			<name>Adsız Çokgen [337:Polygon]</name>
			<snippet></snippet>
			<styleUrl>#m_ylw-pushpin</styleUrl>
			<Polygon>
				<tessellate>1</tessellate>
				<outerBoundaryIs>
					<LinearRing>
						<coordinates>
							32.84188296726472,39.85389521066266,0 32.84218154601569,39.85392835821204,0 32.84216198701201,39.85399571620047,0 32.84211176602456,39.85399396826296,0 32.84208452739809,39.85404093317468,0 32.84199371061012,39.85404116003865,0 32.84200195968074,39.8539430575769,0 32.84188870657863,39.8539357408854,0 32.84188296726472,39.85389521066266,0 
						</coordinates>
					</LinearRing>
				</outerBoundaryIs>
			</Polygon>
		</Placemark>
		<Placemark>
			<name>Adsız Çokgen [338:Polygon]</name>
			<snippet></snippet>
			<styleUrl>#m_ylw-pushpin</styleUrl>
			<Polygon>
				<tessellate>1</tessellate>
				<outerBoundaryIs>
					<LinearRing>
						<coordinates>
							32.84187981061449,39.85376092440713,0 32.8420286522723,39.85381141996142,0 32.84201616753592,39.85387112202471,0 32.84185265837797,39.85384339989215,0 32.84187981061449,39.85376092440713,0 
						</coordinates>
					</LinearRing>
				</outerBoundaryIs>
			</Polygon>
		</Placemark>
		<Placemark>
			<name>Adsız Çokgen [339:Polygon]</name>
			<snippet></snippet>
			<styleUrl>#m_ylw-pushpin</styleUrl>
			<Polygon>
				<tessellate>1</tessellate>
				<outerBoundaryIs>
					<LinearRing>
						<coordinates>
							32.84204311223139,39.85388410077777,0 32.84204982915509,39.85378143387901,0 32.84216394040585,39.85378887408814,0 32.84214919294824,39.85388965202025,0 32.84204311223139,39.85388410077777,0 
						</coordinates>
					</LinearRing>
				</outerBoundaryIs>
			</Polygon>
		</Placemark>
		<Placemark>
			<name>Adsız Çokgen [340:Polygon]</name>
			<snippet></snippet>
			<styleUrl>#m_ylw-pushpin</styleUrl>
			<Polygon>
				<tessellate>1</tessellate>
				<outerBoundaryIs>
					<LinearRing>
						<coordinates>
							32.84154501776704,39.85380158618306,0 32.84155247274018,39.85371569350601,0 32.84168637223753,39.85371950711188,0 32.84168992051926,39.85380520671513,0 32.84154501776704,39.85380158618306,0 
						</coordinates>
					</LinearRing>
				</outerBoundaryIs>
			</Polygon>
		</Placemark>
		<Placemark>
			<name>Adsız Çokgen [341:Polygon]</name>
			<snippet></snippet>
			<styleUrl>#m_ylw-pushpin</styleUrl>
			<Polygon>
				<tessellate>1</tessellate>
				<outerBoundaryIs>
					<LinearRing>
						<coordinates>
							32.8413470819057,39.85348524330782,0 32.84155899150706,39.85348914669121,0 32.84157713929953,39.85360554449717,0 32.84135867644864,39.85360554207791,0 32.8413470819057,39.85348524330782,0 
						</coordinates>
					</LinearRing>
				</outerBoundaryIs>
			</Polygon>
		</Placemark>
		<Placemark>
			<name>Adsız Çokgen [342:Polygon]</name>
			<snippet></snippet>
			<styleUrl>#m_ylw-pushpin</styleUrl>
			<Polygon>
				<tessellate>1</tessellate>
				<outerBoundaryIs>
					<LinearRing>
						<coordinates>
							32.84162354637861,39.85359612000283,0 32.84162888753889,39.85350452972716,0 32.8417704575203,39.85350811288757,0 32.8417735049918,39.85360936398743,0 32.84162354637861,39.85359612000283,0 
						</coordinates>
					</LinearRing>
				</outerBoundaryIs>
			</Polygon>
		</Placemark>
		<Placemark>
			<name>Adsız Çokgen [343:Polygon]</name>
			<snippet></snippet>
			<styleUrl>#m_ylw-pushpin</styleUrl>
			<Polygon>
				<tessellate>1</tessellate>
				<outerBoundaryIs>
					<LinearRing>
						<coordinates>
							32.84088319789026,39.85314707212493,0 32.84101567865483,39.85314626887148,0 32.84101036001097,39.85321112802578,0 32.84090303878285,39.85321150897035,0 32.84088319789026,39.85314707212493,0 
						</coordinates>
					</LinearRing>
				</outerBoundaryIs>
			</Polygon>
		</Placemark>
		<Placemark>
			<name>Adsız Çokgen [344:Polygon]</name>
			<snippet></snippet>
			<styleUrl>#m_ylw-pushpin</styleUrl>
			<Polygon>
				<tessellate>1</tessellate>
				<outerBoundaryIs>
					<LinearRing>
						<coordinates>
							32.84104574345513,39.85321447287804,0 32.84104625921056,39.8531302444142,0 32.84114811343148,39.8531390730463,0 32.84114528640385,39.85321413623166,0 32.84104574345513,39.85321447287804,0 
						</coordinates>
					</LinearRing>
				</outerBoundaryIs>
			</Polygon>
		</Placemark>
		<Placemark>
			<name>Adsız Çokgen [345:Polygon]</name>
			<snippet></snippet>
			<styleUrl>#m_ylw-pushpin</styleUrl>
			<Polygon>
				<tessellate>1</tessellate>
				<outerBoundaryIs>
					<LinearRing>
						<coordinates>
							32.84054656521156,39.85343936288948,0 32.84053818802894,39.85333809746906,0 32.84068030108004,39.85333421190013,0 32.84067410733741,39.85343397529741,0 32.84054656521156,39.85343936288948,0 
						</coordinates>
					</LinearRing>
				</outerBoundaryIs>
			</Polygon>
		</Placemark>
		<Placemark>
			<name>Adsız Çokgen [346:Polygon]</name>
			<snippet></snippet>
			<styleUrl>#m_ylw-pushpin</styleUrl>
			<Polygon>
				<tessellate>1</tessellate>
				<outerBoundaryIs>
					<LinearRing>
						<coordinates>
							32.84019216256701,39.85333913789933,0 32.8403102091035,39.8533391598291,0 32.84032292262845,39.85340101145329,0 32.84042886645482,39.85341416423885,0 32.84043144701395,39.85342600248941,0 32.84039947662306,39.85343454732875,0 32.84040698932873,39.85347312865615,0 32.84034322787136,39.85348337750585,0 32.84034031582667,39.85345663296381,0 32.84025262976296,39.85345687544213,0 32.84025608036811,39.85342013750927,0 32.84020865942369,39.85341852068938,0 32.84019216256701,39.85333913789933,0 
						</coordinates>
					</LinearRing>
				</outerBoundaryIs>
			</Polygon>
		</Placemark>
		<Placemark>
			<name>Adsız Çokgen [347:Polygon]</name>
			<snippet></snippet>
			<styleUrl>#m_ylw-pushpin</styleUrl>
			<Polygon>
				<tessellate>1</tessellate>
				<outerBoundaryIs>
					<LinearRing>
						<coordinates>
							32.84038461094077,39.85338879808835,0 32.84037709109207,39.85330384733285,0 32.84044899272202,39.8533017549173,0 32.84044121888924,39.85340217700408,0 32.84038461094077,39.85338879808835,0 
						</coordinates>
					</LinearRing>
				</outerBoundaryIs>
			</Polygon>
		</Placemark>
		<Placemark>
			<name>Adsız Çokgen [348:Polygon]</name>
			<snippet></snippet>
			<styleUrl>#m_ylw-pushpin</styleUrl>
			<Polygon>
				<tessellate>1</tessellate>
				<outerBoundaryIs>
					<LinearRing>
						<coordinates>
							32.83991509369189,39.85342036229763,0 32.84002204114526,39.85342413422719,0 32.84004380647298,39.85356129982488,0 32.839949785901,39.85356726320207,0 32.83991509369189,39.85342036229763,0 
						</coordinates>
					</LinearRing>
				</outerBoundaryIs>
			</Polygon>
		</Placemark>
		<Placemark>
			<name>Adsız Çokgen [349:Polygon]</name>
			<snippet></snippet>
			<styleUrl>#m_ylw-pushpin</styleUrl>
			<Polygon>
				<tessellate>1</tessellate>
				<outerBoundaryIs>
					<LinearRing>
						<coordinates>
							32.84052353276965,39.85394815943742,0 32.84042610724025,39.85392546467727,0 32.84045492622131,39.85380509613949,0 32.84054697235049,39.85382563312173,0 32.84052353276965,39.85394815943742,0 
						</coordinates>
					</LinearRing>
				</outerBoundaryIs>
			</Polygon>
		</Placemark>
		<Placemark>
			<name>Adsız Çokgen [350:Polygon]</name>
			<snippet></snippet>
			<styleUrl>#m_ylw-pushpin</styleUrl>
			<Polygon>
				<tessellate>1</tessellate>
				<outerBoundaryIs>
					<LinearRing>
						<coordinates>
							32.84069724582757,39.85390126209985,0 32.84064373427148,39.85388240554883,0 32.84065814504923,39.85379877098396,0 32.84079990908479,39.85381152780393,0 32.84077721772769,39.85392701404061,0 32.8407970722954,39.8539321916325,0 32.84079627318576,39.85396596046385,0 32.84068569711064,39.85396132050113,0 32.84069724582757,39.85390126209985,0 
						</coordinates>
					</LinearRing>
				</outerBoundaryIs>
			</Polygon>
		</Placemark>
		<Placemark>
			<name>Adsız Çokgen [351:Polygon]</name>
			<snippet></snippet>
			<styleUrl>#m_ylw-pushpin</styleUrl>
			<Polygon>
				<tessellate>1</tessellate>
				<outerBoundaryIs>
					<LinearRing>
						<coordinates>
							32.84076667941792,39.8535121838676,0 32.841038057412,39.85349907517259,0 32.8410407574661,39.85359100100583,0 32.84077496110996,39.85358764581201,0 32.84076667941792,39.8535121838676,0 
						</coordinates>
					</LinearRing>
				</outerBoundaryIs>
			</Polygon>
		</Placemark>
		<Placemark>
			<name>Adsız Çokgen [352:Polygon]</name>
			<snippet></snippet>
			<styleUrl>#m_ylw-pushpin</styleUrl>
			<Polygon>
				<tessellate>1</tessellate>
				<outerBoundaryIs>
					<LinearRing>
						<coordinates>
							32.8401459907232,39.85515739703025,0 32.84008112699347,39.8550503025761,0 32.84019644354353,39.85503593373898,0 32.84021837920391,39.85511686816737,0 32.8401459907232,39.85515739703025,0 
						</coordinates>
					</LinearRing>
				</outerBoundaryIs>
			</Polygon>
		</Placemark>
		<Placemark>
			<name>Adsız Çokgen [353:Polygon]</name>
			<snippet></snippet>
			<styleUrl>#m_ylw-pushpin</styleUrl>
			<Polygon>
				<tessellate>1</tessellate>
				<outerBoundaryIs>
					<LinearRing>
						<coordinates>
							32.84029856266916,39.85510593925192,0 32.84026095657119,39.85503242443557,0 32.84033095739299,39.85498864411629,0 32.84039312954455,39.85507305738898,0 32.84029856266916,39.85510593925192,0 
						</coordinates>
					</LinearRing>
				</outerBoundaryIs>
			</Polygon>
		</Placemark>
		<Placemark>
			<name>Adsız Çokgen [354:Polygon]</name>
			<snippet></snippet>
			<styleUrl>#m_ylw-pushpin</styleUrl>
			<Polygon>
				<tessellate>1</tessellate>
				<outerBoundaryIs>
					<LinearRing>
						<coordinates>
							32.83986021390668,39.85468386097973,0 32.83982441921221,39.85460522603442,0 32.83993163461672,39.85458204950699,0 32.83996924054061,39.85465277348198,0 32.83986021390668,39.85468386097973,0 
						</coordinates>
					</LinearRing>
				</outerBoundaryIs>
			</Polygon>
		</Placemark>
		<Placemark>
			<name>Adsız Çokgen [355:Polygon]</name>
			<snippet></snippet>
			<styleUrl>#m_ylw-pushpin</styleUrl>
			<Polygon>
				<tessellate>1</tessellate>
				<outerBoundaryIs>
					<LinearRing>
						<coordinates>
							32.8391375320199,39.85488351468739,0 32.83906357929781,39.85479199211996,0 32.83913684004554,39.85476370592036,0 32.83921077356499,39.85485738447645,0 32.8391375320199,39.85488351468739,0 
						</coordinates>
					</LinearRing>
				</outerBoundaryIs>
			</Polygon>
		</Placemark>
		<Placemark>
			<name>Adsız Çokgen [356:Polygon]</name>
			<snippet></snippet>
			<styleUrl>#m_ylw-pushpin</styleUrl>
			<Polygon>
				<tessellate>1</tessellate>
				<outerBoundaryIs>
					<LinearRing>
						<coordinates>
							32.83882197248306,39.85527334350769,0 32.83880096057607,39.85521749600288,0 32.83884399717962,39.85519828694008,0 32.8388790323116,39.85524866736399,0 32.83882197248306,39.85527334350769,0 
						</coordinates>
					</LinearRing>
				</outerBoundaryIs>
			</Polygon>
		</Placemark>
		<Placemark>
			<name>Adsız Çokgen [357:Polygon]</name>
			<snippet></snippet>
			<styleUrl>#m_ylw-pushpin</styleUrl>
			<Polygon>
				<tessellate>1</tessellate>
				<outerBoundaryIs>
					<LinearRing>
						<coordinates>
							32.84030868946065,39.85441751831723,0 32.84036214078051,39.85443099893015,0 32.84038995013,39.85439691184251,0 32.84045009535006,39.85440465706085,0 32.84042720583082,39.85445005769148,0 32.84045211656138,39.85445766017047,0 32.84041405519056,39.8545202854135,0 32.84035088988269,39.85450702206081,0 32.84033475208049,39.85455094808674,0 32.84026290499643,39.85452051161344,0 32.84030868946065,39.85441751831723,0 
						</coordinates>
					</LinearRing>
				</outerBoundaryIs>
			</Polygon>
		</Placemark>
		<Placemark>
			<name>Adsız Çokgen [358:Polygon]</name>
			<snippet></snippet>
			<styleUrl>#m_ylw-pushpin</styleUrl>
			<Polygon>
				<tessellate>1</tessellate>
				<outerBoundaryIs>
					<LinearRing>
						<coordinates>
							32.84017257105102,39.85436339098959,0 32.84016658851084,39.85427758491297,0 32.84030200483713,39.85427495841282,0 32.8403088278587,39.85438136079802,0 32.84017257105102,39.85436339098959,0 
						</coordinates>
					</LinearRing>
				</outerBoundaryIs>
			</Polygon>
		</Placemark>
		<Placemark>
			<name>Adsız Çokgen [359:Polygon]</name>
			<snippet></snippet>
			<styleUrl>#m_ylw-pushpin</styleUrl>
			<Polygon>
				<tessellate>1</tessellate>
				<outerBoundaryIs>
					<LinearRing>
						<coordinates>
							32.840344569588,39.85436635463168,0 32.84035749812701,39.85430572249357,0 32.84045528967937,39.85433844722903,0 32.84043761745507,39.85439136792402,0 32.840344569588,39.85436635463168,0 
						</coordinates>
					</LinearRing>
				</outerBoundaryIs>
			</Polygon>
		</Placemark>
		<Placemark>
			<name>Adsız Çokgen [360:Polygon]</name>
			<snippet></snippet>
			<styleUrl>#m_ylw-pushpin</styleUrl>
			<Polygon>
				<tessellate>1</tessellate>
				<outerBoundaryIs>
					<LinearRing>
						<coordinates>
							32.83971589950211,39.85442941777659,0 32.83967260430266,39.85433940987794,0 32.83977011416011,39.85431507623436,0 32.83981347779877,39.854406607443,0 32.83971589950211,39.85442941777659,0 
						</coordinates>
					</LinearRing>
				</outerBoundaryIs>
			</Polygon>
		</Placemark>
		<Placemark>
			<name>Adsız Çokgen [361:Polygon]</name>
			<snippet></snippet>
			<styleUrl>#m_ylw-pushpin</styleUrl>
			<Polygon>
				<tessellate>1</tessellate>
				<outerBoundaryIs>
					<LinearRing>
						<coordinates>
							32.83978770035569,39.85456245666146,0 32.83973362060839,39.85447246136994,0 32.83985686801131,39.85444750088881,0 32.83988435700575,39.85454862220217,0 32.83978770035569,39.85456245666146,0 
						</coordinates>
					</LinearRing>
				</outerBoundaryIs>
			</Polygon>
		</Placemark>
		<Placemark>
			<name>Adsız Çokgen [362:Polygon]</name>
			<snippet></snippet>
			<styleUrl>#m_ylw-pushpin</styleUrl>
			<Polygon>
				<tessellate>1</tessellate>
				<outerBoundaryIs>
					<LinearRing>
						<coordinates>
							32.83962215212377,39.85459451514431,0 32.83957578964389,39.85450955453735,0 32.8396857744161,39.85447625152974,0 32.83972944942563,39.85456064641528,0 32.83962215212377,39.85459451514431,0 
						</coordinates>
					</LinearRing>
				</outerBoundaryIs>
			</Polygon>
		</Placemark>
		<Placemark>
			<name>Adsız Çokgen [363:Polygon]</name>
			<snippet></snippet>
			<styleUrl>#m_ylw-pushpin</styleUrl>
			<Polygon>
				<tessellate>1</tessellate>
				<outerBoundaryIs>
					<LinearRing>
						<coordinates>
							32.8397322698306,39.85473091888519,0 32.83968493477221,39.85465769137884,0 32.83981050297051,39.85462433344111,0 32.83981507729916,39.85470828780522,0 32.8397322698306,39.85473091888519,0 
						</coordinates>
					</LinearRing>
				</outerBoundaryIs>
			</Polygon>
		</Placemark>
		<Placemark>
			<name>Adsız Çokgen [364:Polygon]</name>
			<snippet></snippet>
			<styleUrl>#m_ylw-pushpin</styleUrl>
			<Polygon>
				<tessellate>1</tessellate>
				<outerBoundaryIs>
					<LinearRing>
						<coordinates>
							32.83973162830964,39.85483703928492,0 32.83969409447378,39.85476005956912,0 32.83981424225531,39.85473744496688,0 32.83984623692776,39.85481769116362,0 32.83973162830964,39.85483703928492,0 
						</coordinates>
					</LinearRing>
				</outerBoundaryIs>
			</Polygon>
		</Placemark>
		<Placemark>
			<name>Adsız Çokgen [365:Polygon]</name>
			<snippet></snippet>
			<styleUrl>#m_ylw-pushpin</styleUrl>
			<Polygon>
				<tessellate>1</tessellate>
				<outerBoundaryIs>
					<LinearRing>
						<coordinates>
							32.83960629796424,39.85481889688983,0 32.83952351634868,39.85469756755925,0 32.83959923746148,39.85468047278844,0 32.83966141463743,39.85478748781389,0 32.83960629796424,39.85481889688983,0 
						</coordinates>
					</LinearRing>
				</outerBoundaryIs>
			</Polygon>
		</Placemark>
		<Placemark>
			<name>Adsız Çokgen [366:Polygon]</name>
			<snippet></snippet>
			<styleUrl>#m_ylw-pushpin</styleUrl>
			<Polygon>
				<tessellate>1</tessellate>
				<outerBoundaryIs>
					<LinearRing>
						<coordinates>
							32.84072383979036,39.85453078647252,0 32.84092830036342,39.85452031482404,0 32.8409266188083,39.8546229133031,0 32.84089450918564,39.85461916325048,0 32.84089899800363,39.8546454084775,0 32.8407713917432,39.85466433822388,0 32.8407621066219,39.8546323060184,0 32.84073202258227,39.85463042711475,0 32.84072383979036,39.85453078647252,0 
						</coordinates>
					</LinearRing>
				</outerBoundaryIs>
			</Polygon>
		</Placemark>
		<Placemark>
			<name>Adsız Çokgen [367:Polygon]</name>
			<snippet></snippet>
			<styleUrl>#m_ylw-pushpin</styleUrl>
			<Polygon>
				<tessellate>1</tessellate>
				<outerBoundaryIs>
					<LinearRing>
						<coordinates>
							32.84096203519496,39.85456878510954,0 32.84093109900285,39.85449989040166,0 32.84098265404019,39.85450005543679,0 32.84101867237275,39.85456143499768,0 32.84096203519496,39.85456878510954,0 
						</coordinates>
					</LinearRing>
				</outerBoundaryIs>
			</Polygon>
		</Placemark>
		<Placemark>
			<name>Adsız Çokgen [368:Polygon]</name>
			<snippet></snippet>
			<styleUrl>#m_ylw-pushpin</styleUrl>
			<Polygon>
				<tessellate>1</tessellate>
				<outerBoundaryIs>
					<LinearRing>
						<coordinates>
							32.84095785418658,39.85435039495255,0 32.84099460983754,39.85433593021229,0 32.84100470153216,39.85431590006628,0 32.84111955940664,39.85427529703757,0 32.84120567388942,39.85436892248846,0 32.84116218288406,39.85437411605708,0 32.84111896021536,39.85433171814491,0 32.84108209969264,39.85436792307757,0 32.84109149118792,39.85439732185541,0 32.84103256296848,39.85442076231015,0 32.84095785418658,39.85435039495255,0 
						</coordinates>
					</LinearRing>
				</outerBoundaryIs>
			</Polygon>
		</Placemark>
		<Placemark>
			<name>Adsız Çokgen [369:Polygon]</name>
			<snippet></snippet>
			<styleUrl>#m_ylw-pushpin</styleUrl>
			<Polygon>
				<tessellate>1</tessellate>
				<outerBoundaryIs>
					<LinearRing>
						<coordinates>
							32.84122683015056,39.85470887223242,0 32.841351890751,39.85468096408486,0 32.84139209985752,39.85479947652276,0 32.84131886116323,39.85482571131338,0 32.84122683015056,39.85470887223242,0 
						</coordinates>
					</LinearRing>
				</outerBoundaryIs>
			</Polygon>
		</Placemark>
		<Placemark>
			<name>Adsız Çokgen [370:Polygon]</name>
			<snippet></snippet>
			<styleUrl>#m_ylw-pushpin</styleUrl>
			<Polygon>
				<tessellate>1</tessellate>
				<outerBoundaryIs>
					<LinearRing>
						<coordinates>
							32.84069475872872,39.85419742360401,0 32.8408255417682,39.85417875425274,0 32.84085479238381,39.85431927675007,0 32.84075061143404,39.85434739933947,0 32.84069475872872,39.85419742360401,0 
						</coordinates>
					</LinearRing>
				</outerBoundaryIs>
			</Polygon>
		</Placemark>
		<Placemark>
			<name>Adsız Çokgen [371:Polygon]</name>
			<snippet></snippet>
			<styleUrl>#m_ylw-pushpin</styleUrl>
			<Polygon>
				<tessellate>1</tessellate>
				<outerBoundaryIs>
					<LinearRing>
						<coordinates>
							32.83998992318281,39.85429820480735,0 32.8399722703942,39.85423843896084,0 32.84004575254359,39.85423031845944,0 32.84006540038318,39.85428201035729,0 32.83998992318281,39.85429820480735,0 
						</coordinates>
					</LinearRing>
				</outerBoundaryIs>
			</Polygon>
		</Placemark>
		<Placemark>
			<name>Adsız Çokgen [372:Polygon]</name>
			<snippet></snippet>
			<styleUrl>#m_ylw-pushpin</styleUrl>
			<Polygon>
				<tessellate>1</tessellate>
				<outerBoundaryIs>
					<LinearRing>
						<coordinates>
							32.83965784743032,39.85431963320284,0 32.83961904987555,39.85421544368296,0 32.83971103817121,39.85419901691131,0 32.83973496848512,39.85428811044827,0 32.83965784743032,39.85431963320284,0 
						</coordinates>
					</LinearRing>
				</outerBoundaryIs>
			</Polygon>
		</Placemark>
		<Placemark>
			<name>Adsız Çokgen [373:Polygon]</name>
			<snippet></snippet>
			<styleUrl>#m_ylw-pushpin</styleUrl>
			<Polygon>
				<tessellate>1</tessellate>
				<outerBoundaryIs>
					<LinearRing>
						<coordinates>
							32.84092835836887,39.85498541300346,0 32.84086964886849,39.8548979447254,0 32.84097731596969,39.85485339827856,0 32.84101641009123,39.85497236652862,0 32.84092835836887,39.85498541300346,0 
						</coordinates>
					</LinearRing>
				</outerBoundaryIs>
			</Polygon>
		</Placemark>
		<Placemark>
			<name>Adsız Çokgen [374:Polygon]</name>
			<snippet></snippet>
			<styleUrl>#m_ylw-pushpin</styleUrl>
			<Polygon>
				<tessellate>1</tessellate>
				<outerBoundaryIs>
					<LinearRing>
						<coordinates>
							32.84085267902224,39.8548326088175,0 32.84080162657775,39.85472053676307,0 32.84093407894852,39.85470482222636,0 32.84096346512721,39.85480510847259,0 32.84085267902224,39.8548326088175,0 
						</coordinates>
					</LinearRing>
				</outerBoundaryIs>
			</Polygon>
		</Placemark>
		<Placemark>
			<name>Adsız Çokgen [375:Polygon]</name>
			<snippet></snippet>
			<styleUrl>#m_ylw-pushpin</styleUrl>
			<Polygon>
				<tessellate>1</tessellate>
				<outerBoundaryIs>
					<LinearRing>
						<coordinates>
							32.84025316647026,39.85467365088318,0 32.8402602756858,39.8545732569252,0 32.84039499309274,39.85456339740048,0 32.84039053862244,39.85466251252542,0 32.84025316647026,39.85467365088318,0 
						</coordinates>
					</LinearRing>
				</outerBoundaryIs>
			</Polygon>
		</Placemark>
		<Placemark>
			<name>Adsız Çokgen [376:Polygon]</name>
			<snippet></snippet>
			<styleUrl>#m_ylw-pushpin</styleUrl>
			<Polygon>
				<tessellate>1</tessellate>
				<outerBoundaryIs>
					<LinearRing>
						<coordinates>
							32.84039732897634,39.85475417694182,0 32.84041368808202,39.85467692704032,0 32.84047953300885,39.85467262200406,0 32.84047064004483,39.85476949910143,0 32.84039732897634,39.85475417694182,0 
						</coordinates>
					</LinearRing>
				</outerBoundaryIs>
			</Polygon>
		</Placemark>
		<Placemark>
			<name>Adsız Çokgen [377:Polygon]</name>
			<snippet></snippet>
			<styleUrl>#m_ylw-pushpin</styleUrl>
			<Polygon>
				<tessellate>1</tessellate>
				<outerBoundaryIs>
					<LinearRing>
						<coordinates>
							32.84107743860083,39.85500178662044,0 32.84118144595316,39.85505964687921,0 32.84110845392284,39.85512450940709,0 32.8409940212274,39.85504647063648,0 32.84107743860083,39.85500178662044,0 
						</coordinates>
					</LinearRing>
				</outerBoundaryIs>
			</Polygon>
		</Placemark>
		<Placemark>
			<name>Adsız Çokgen [378:Polygon]</name>
			<snippet></snippet>
			<styleUrl>#m_ylw-pushpin</styleUrl>
			<Polygon>
				<tessellate>1</tessellate>
				<outerBoundaryIs>
					<LinearRing>
						<coordinates>
							32.84126862192784,39.85540667029775,0 32.84135453951716,39.85533581926879,0 32.84146459242951,39.85538071275174,0 32.84135976055123,39.85546910225695,0 32.84126862192784,39.85540667029775,0 
						</coordinates>
					</LinearRing>
				</outerBoundaryIs>
			</Polygon>
		</Placemark>
		<Placemark>
			<name>Adsız Çokgen [379:Polygon]</name>
			<snippet></snippet>
			<styleUrl>#m_ylw-pushpin</styleUrl>
			<Polygon>
				<tessellate>1</tessellate>
				<outerBoundaryIs>
					<LinearRing>
						<coordinates>
							32.84206336048143,39.85557349710403,0 32.84194079679555,39.85547717547007,0 32.84206002304818,39.85541233411946,0 32.84213915514412,39.85551515514732,0 32.84206336048143,39.85557349710403,0 
						</coordinates>
					</LinearRing>
				</outerBoundaryIs>
			</Polygon>
		</Placemark>
		<Placemark>
			<name>Adsız Çokgen [380:Polygon]</name>
			<snippet></snippet>
			<styleUrl>#m_ylw-pushpin</styleUrl>
			<Polygon>
				<tessellate>1</tessellate>
				<outerBoundaryIs>
					<LinearRing>
						<coordinates>
							32.84182810631214,39.85483776012283,0 32.84169530672308,39.8546652008188,0 32.84181355069479,39.85462993504872,0 32.84190771809537,39.85479905971387,0 32.84182810631214,39.85483776012283,0 
						</coordinates>
					</LinearRing>
				</outerBoundaryIs>
			</Polygon>
		</Placemark>
		<Placemark>
			<name>Adsız Çokgen [381:Polygon]</name>
			<snippet></snippet>
			<styleUrl>#m_ylw-pushpin</styleUrl>
			<Polygon>
				<tessellate>1</tessellate>
				<outerBoundaryIs>
					<LinearRing>
						<coordinates>
							32.84222868579293,39.8547925308449,0 32.84217516534282,39.85471093822035,0 32.84227146620243,39.85467319702178,0 32.8423376604568,39.85478077675493,0 32.84222868579293,39.8547925308449,0 
						</coordinates>
					</LinearRing>
				</outerBoundaryIs>
			</Polygon>
		</Placemark>
		<Placemark>
			<name>Adsız Çokgen [382:Polygon]</name>
			<snippet></snippet>
			<styleUrl>#m_ylw-pushpin</styleUrl>
			<Polygon>
				<tessellate>1</tessellate>
				<outerBoundaryIs>
					<LinearRing>
						<coordinates>
							32.84216519765674,39.8545657873542,0 32.84221793026586,39.85455909008648,0 32.84227432079828,39.85464233083678,0 32.84220925767623,39.85467292852748,0 32.84216519765674,39.8545657873542,0 
						</coordinates>
					</LinearRing>
				</outerBoundaryIs>
			</Polygon>
		</Placemark>
		<Placemark>
			<name>Adsız Çokgen [383:Polygon]</name>
			<snippet></snippet>
			<styleUrl>#m_ylw-pushpin</styleUrl>
			<Polygon>
				<tessellate>1</tessellate>
				<outerBoundaryIs>
					<LinearRing>
						<coordinates>
							32.84162167640779,39.85443678368613,0 32.84170416026166,39.85443276491534,0 32.84172590523282,39.8545000185403,0 32.84165890990638,39.85452812721741,0 32.84162167640779,39.85443678368613,0 
						</coordinates>
					</LinearRing>
				</outerBoundaryIs>
			</Polygon>
		</Placemark>
		<Placemark>
			<name>Adsız Çokgen [384:Polygon]</name>
			<snippet></snippet>
			<styleUrl>#m_ylw-pushpin</styleUrl>
			<Polygon>
				<tessellate>1</tessellate>
				<outerBoundaryIs>
					<LinearRing>
						<coordinates>
							32.84125045998807,39.85421661263191,0 32.84116378832213,39.85421584363258,0 32.8411608347489,39.85417456857116,0 32.84134399999487,39.85415731677331,0 32.84141418658711,39.85431335406516,0 32.84126872371978,39.85432809534748,0 32.84125045998807,39.85421661263191,0 
						</coordinates>
					</LinearRing>
				</outerBoundaryIs>
			</Polygon>
		</Placemark>
		<Placemark>
			<name>Adsız Çokgen [385:Polygon]</name>
			<snippet></snippet>
			<styleUrl>#m_ylw-pushpin</styleUrl>
			<Polygon>
				<tessellate>1</tessellate>
				<outerBoundaryIs>
					<LinearRing>
						<coordinates>
							32.84145051965292,39.85471016600432,0 32.84162509658567,39.85464787045786,0 32.84165600800458,39.85472787621102,0 32.84150742898191,39.85478351503684,0 32.84145051965292,39.85471016600432,0 
						</coordinates>
					</LinearRing>
				</outerBoundaryIs>
			</Polygon>
		</Placemark>
		<Placemark>
			<name>Adsız Çokgen [386:Polygon]</name>
			<snippet></snippet>
			<styleUrl>#m_ylw-pushpin</styleUrl>
			<Polygon>
				<tessellate>1</tessellate>
				<outerBoundaryIs>
					<LinearRing>
						<coordinates>
							32.84115863369608,39.85459187593658,0 32.84131222338409,39.85453524085591,0 32.84135003050746,39.85459867511951,0 32.84119423815206,39.85462884397936,0 32.84115863369608,39.85459187593658,0 
						</coordinates>
					</LinearRing>
				</outerBoundaryIs>
			</Polygon>
		</Placemark>
		<Placemark>
			<name>Adsız Çokgen [387:Polygon]</name>
			<snippet></snippet>
			<styleUrl>#m_ylw-pushpin</styleUrl>
			<Polygon>
				<tessellate>1</tessellate>
				<outerBoundaryIs>
					<LinearRing>
						<coordinates>
							32.84342610527752,39.85338783133648,0 32.84335803593004,39.85332270906726,0 32.84344447116169,39.85327709232602,0 32.84352200469247,39.8533452150194,0 32.84342610527752,39.85338783133648,0 
						</coordinates>
					</LinearRing>
				</outerBoundaryIs>
			</Polygon>
		</Placemark>
		<Placemark>
			<name>Adsız Çokgen [388:Polygon]</name>
			<snippet></snippet>
			<styleUrl>#m_ylw-pushpin</styleUrl>
			<Polygon>
				<tessellate>1</tessellate>
				<outerBoundaryIs>
					<LinearRing>
						<coordinates>
							32.84240076107667,39.85451359615521,0 32.84250793005388,39.85451813666307,0 32.84250348212701,39.85459766431765,0 32.84238932526543,39.85460382939517,0 32.84240076107667,39.85451359615521,0 
						</coordinates>
					</LinearRing>
				</outerBoundaryIs>
			</Polygon>
		</Placemark>
		<Placemark>
			<name>Adsız Çokgen [389:Polygon]</name>
			<snippet></snippet>
			<styleUrl>#m_ylw-pushpin</styleUrl>
			<Polygon>
				<tessellate>1</tessellate>
				<outerBoundaryIs>
					<LinearRing>
						<coordinates>
							32.8427291108755,39.85470150242404,0 32.84282460539895,39.85470225696751,0 32.84281415004379,39.85480140475654,0 32.84270491159253,39.85479763865868,0 32.8427291108755,39.85470150242404,0 
						</coordinates>
					</LinearRing>
				</outerBoundaryIs>
			</Polygon>
		</Placemark>
		<Placemark>
			<name>Adsız Çokgen [390:Polygon]</name>
			<snippet></snippet>
			<styleUrl>#m_ylw-pushpin</styleUrl>
			<Polygon>
				<tessellate>1</tessellate>
				<outerBoundaryIs>
					<LinearRing>
						<coordinates>
							32.84300641521685,39.85501005174045,0 32.84305899908341,39.85485594170575,0 32.84314702529447,39.85487344635186,0 32.84310653365483,39.85502928149446,0 32.84300641521685,39.85501005174045,0 
						</coordinates>
					</LinearRing>
				</outerBoundaryIs>
			</Polygon>
		</Placemark>
		<Placemark>
			<name>Adsız Çokgen [391:Polygon]</name>
			<snippet></snippet>
			<styleUrl>#m_ylw-pushpin</styleUrl>
			<Polygon>
				<tessellate>1</tessellate>
				<outerBoundaryIs>
					<LinearRing>
						<coordinates>
							32.8430165216801,39.85543637413765,0 32.84301688418009,39.85534237570484,0 32.84313902860077,39.85534934789351,0 32.84313932423918,39.8554312703869,0 32.8430165216801,39.85543637413765,0 
						</coordinates>
					</LinearRing>
				</outerBoundaryIs>
			</Polygon>
		</Placemark>
		<Placemark>
			<name>Adsız Çokgen [392:Polygon]</name>
			<snippet></snippet>
			<styleUrl>#m_ylw-pushpin</styleUrl>
			<Polygon>
				<tessellate>1</tessellate>
				<outerBoundaryIs>
					<LinearRing>
						<coordinates>
							32.84326604378823,39.85519015814543,0 32.84338943530565,39.85522887175722,0 32.84334083905785,39.85531115036742,0 32.84323503376088,39.85528435168223,0 32.84326604378823,39.85519015814543,0 
						</coordinates>
					</LinearRing>
				</outerBoundaryIs>
			</Polygon>
		</Placemark>
		<Placemark>
			<name>Adsız Çokgen [393:Polygon]</name>
			<snippet></snippet>
			<styleUrl>#m_ylw-pushpin</styleUrl>
			<Polygon>
				<tessellate>1</tessellate>
				<outerBoundaryIs>
					<LinearRing>
						<coordinates>
							32.84348229002843,39.85538820250341,0 32.84352730689828,39.85530654139452,0 32.84362232292193,39.85533406014347,0 32.84357616627101,39.85541604598979,0 32.84348229002843,39.85538820250341,0 
						</coordinates>
					</LinearRing>
				</outerBoundaryIs>
			</Polygon>
		</Placemark>
		<Placemark>
			<name>Adsız Çokgen [394:Polygon]</name>
			<snippet></snippet>
			<styleUrl>#m_ylw-pushpin</styleUrl>
			<Polygon>
				<tessellate>1</tessellate>
				<outerBoundaryIs>
					<LinearRing>
						<coordinates>
							32.84335676720511,39.85550216871835,0 32.84342471827272,39.85543340431833,0 32.84350820825509,39.85550721933431,0 32.84340722341121,39.85555648620545,0 32.84335676720511,39.85550216871835,0 
						</coordinates>
					</LinearRing>
				</outerBoundaryIs>
			</Polygon>
		</Placemark>
		<Placemark>
			<name>Adsız Çokgen [395:Polygon]</name>
			<snippet></snippet>
			<styleUrl>#m_ylw-pushpin</styleUrl>
			<Polygon>
				<tessellate>1</tessellate>
				<outerBoundaryIs>
					<LinearRing>
						<coordinates>
							32.84263341587592,39.85572757130007,0 32.84260930349584,39.85564148706862,0 32.8427297790706,39.85562515806654,0 32.84274137632661,39.85570161475221,0 32.84263341587592,39.85572757130007,0 
						</coordinates>
					</LinearRing>
				</outerBoundaryIs>
			</Polygon>
		</Placemark>
		<Placemark>
			<name>Adsız Çokgen [396:Polygon]</name>
			<snippet></snippet>
			<styleUrl>#m_ylw-pushpin</styleUrl>
			<Polygon>
				<tessellate>1</tessellate>
				<outerBoundaryIs>
					<LinearRing>
						<coordinates>
							32.84245431568272,39.85583742428688,0 32.84255633670473,39.85579454725583,0 32.84263330363792,39.85590741899048,0 32.84252894444247,39.85594494302129,0 32.84245431568272,39.85583742428688,0 
						</coordinates>
					</LinearRing>
				</outerBoundaryIs>
			</Polygon>
		</Placemark>
		<Placemark>
			<name>Adsız Çokgen [397:Polygon]</name>
			<snippet></snippet>
			<styleUrl>#m_ylw-pushpin</styleUrl>
			<Polygon>
				<tessellate>1</tessellate>
				<outerBoundaryIs>
					<LinearRing>
						<coordinates>
							32.84277855581652,39.85595738848296,0 32.84274626929956,39.85590018045344,0 32.84284533814103,39.85588681030481,0 32.84285886346082,39.85593806662808,0 32.84277855581652,39.85595738848296,0 
						</coordinates>
					</LinearRing>
				</outerBoundaryIs>
			</Polygon>
		</Placemark>
		<Placemark>
			<name>Adsız Çokgen [398:Polygon]</name>
			<snippet></snippet>
			<styleUrl>#m_ylw-pushpin</styleUrl>
			<Polygon>
				<tessellate>1</tessellate>
				<outerBoundaryIs>
					<LinearRing>
						<coordinates>
							32.84289251123658,39.85595132308173,0 32.84286230770755,39.85587924336585,0 32.84298275196875,39.85584533583584,0 32.84300621650357,39.85592655015897,0 32.84289251123658,39.85595132308173,0 
						</coordinates>
					</LinearRing>
				</outerBoundaryIs>
			</Polygon>
		</Placemark>
		<Placemark>
			<name>Adsız Çokgen [399:Polygon]</name>
			<snippet></snippet>
			<styleUrl>#m_ylw-pushpin</styleUrl>
			<Polygon>
				<tessellate>1</tessellate>
				<outerBoundaryIs>
					<LinearRing>
						<coordinates>
							32.84310021887693,39.85584381180014,0 32.84305962402847,39.85575607487802,0 32.84319548157272,39.85572665837297,0 32.84322017033745,39.85579951648624,0 32.84310021887693,39.85584381180014,0 
						</coordinates>
					</LinearRing>
				</outerBoundaryIs>
			</Polygon>
		</Placemark>
		<Placemark>
			<name>Adsız Çokgen [400:Polygon]</name>
			<snippet></snippet>
			<styleUrl>#m_ylw-pushpin</styleUrl>
			<Polygon>
				<tessellate>1</tessellate>
				<outerBoundaryIs>
					<LinearRing>
						<coordinates>
							32.84278160211583,39.85569794932113,0 32.84277215929859,39.85562152983759,0 32.8428682030513,39.85560894231461,0 32.84290214809444,39.85567609128144,0 32.84278160211583,39.85569794932113,0 
						</coordinates>
					</LinearRing>
				</outerBoundaryIs>
			</Polygon>
		</Placemark>
		<Placemark>
			<name>Adsız Çokgen [401:Polygon]</name>
			<snippet></snippet>
			<styleUrl>#m_ylw-pushpin</styleUrl>
			<Polygon>
				<tessellate>1</tessellate>
				<outerBoundaryIs>
					<LinearRing>
						<coordinates>
							32.84245674817187,39.85569464353154,0 32.84254739115399,39.85565062179978,0 32.84258762749581,39.8557423795564,0 32.84251493426957,39.8557702196956,0 32.84245674817187,39.85569464353154,0 
						</coordinates>
					</LinearRing>
				</outerBoundaryIs>
			</Polygon>
		</Placemark>
		<Placemark>
			<name>Adsız Çokgen [402:Polygon]</name>
			<snippet></snippet>
			<styleUrl>#m_ylw-pushpin</styleUrl>
			<Polygon>
				<tessellate>1</tessellate>
				<outerBoundaryIs>
					<LinearRing>
						<coordinates>
							32.84227193940574,39.85560740067628,0 32.84219484065174,39.85555670083826,0 32.8423533488351,39.8554579921048,0 32.84242585299145,39.85550290714459,0 32.84227193940574,39.85560740067628,0 
						</coordinates>
					</LinearRing>
				</outerBoundaryIs>
			</Polygon>
		</Placemark>
		<Placemark>
			<name>Adsız Çokgen [403:Polygon]</name>
			<snippet></snippet>
			<styleUrl>#m_ylw-pushpin</styleUrl>
			<Polygon>
				<tessellate>1</tessellate>
				<outerBoundaryIs>
					<LinearRing>
						<coordinates>
							32.84210883383391,39.85561657344523,0 32.84217761549895,39.85557479877322,0 32.84224990108799,39.85562375074041,0 32.84218674703296,39.85569318743001,0 32.84210883383391,39.85561657344523,0 
						</coordinates>
					</LinearRing>
				</outerBoundaryIs>
			</Polygon>
		</Placemark>
		<Placemark>
			<name>Adsız Çokgen [404:Polygon]</name>
			<snippet></snippet>
			<styleUrl>#m_ylw-pushpin</styleUrl>
			<Polygon>
				<tessellate>1</tessellate>
				<outerBoundaryIs>
					<LinearRing>
						<coordinates>
							32.8420300830002,39.85592484279947,0 32.84194585587154,39.85583431226467,0 32.84209753408777,39.85576691570252,0 32.84219737056448,39.8558528753951,0 32.8420300830002,39.85592484279947,0 
						</coordinates>
					</LinearRing>
				</outerBoundaryIs>
			</Polygon>
		</Placemark>
		<Placemark>
			<name>Adsız Çokgen [405:Polygon]</name>
			<snippet></snippet>
			<styleUrl>#m_ylw-pushpin</styleUrl>
			<Polygon>
				<tessellate>1</tessellate>
				<outerBoundaryIs>
					<LinearRing>
						<coordinates>
							32.84153780625076,39.85583842467125,0 32.84161029536347,39.85578675532117,0 32.84169985918155,39.85585712179648,0 32.8416303204752,39.85592245003298,0 32.84153780625076,39.85583842467125,0 
						</coordinates>
					</LinearRing>
				</outerBoundaryIs>
			</Polygon>
		</Placemark>
		<Placemark>
			<name>Adsız Çokgen [406:Polygon]</name>
			<snippet></snippet>
			<styleUrl>#m_ylw-pushpin</styleUrl>
			<Polygon>
				<tessellate>1</tessellate>
				<outerBoundaryIs>
					<LinearRing>
						<coordinates>
							32.84078988082362,39.85544681912454,0 32.84070379559128,39.85536207829875,0 32.84084511253419,39.85530140768181,0 32.84088273569382,39.8553868465744,0 32.84078988082362,39.85544681912454,0 
						</coordinates>
					</LinearRing>
				</outerBoundaryIs>
			</Polygon>
		</Placemark>
		<Placemark>
			<name>Adsız Çokgen [407:Polygon]</name>
			<snippet></snippet>
			<styleUrl>#m_ylw-pushpin</styleUrl>
			<Polygon>
				<tessellate>1</tessellate>
				<outerBoundaryIs>
					<LinearRing>
						<coordinates>
							32.84067511075821,39.85531178003076,0 32.84065183816841,39.85525445586329,0 32.84059378748486,39.85526095424098,0 32.84054495756961,39.85517644867669,0 32.84060320919942,39.85517034632154,0 32.84063923490622,39.85519896877271,0 32.84074410282177,39.85517761464137,0 32.84079725227043,39.85527547077554,0 32.84067511075821,39.85531178003076,0 
						</coordinates>
					</LinearRing>
				</outerBoundaryIs>
			</Polygon>
		</Placemark>
		<Placemark>
			<name>Adsız Çokgen [408:Polygon]</name>
			<snippet></snippet>
			<styleUrl>#m_ylw-pushpin</styleUrl>
			<Polygon>
				<tessellate>1</tessellate>
				<outerBoundaryIs>
					<LinearRing>
						<coordinates>
							32.84028448360692,39.85524267628749,0 32.84024767432135,39.85515569267334,0 32.84035148865672,39.85512921900244,0 32.84039028626994,39.85522688092679,0 32.84028448360692,39.85524267628749,0 
						</coordinates>
					</LinearRing>
				</outerBoundaryIs>
			</Polygon>
		</Placemark>
		<Placemark>
			<name>Adsız Çokgen [409:Polygon]</name>
			<snippet></snippet>
			<styleUrl>#m_ylw-pushpin</styleUrl>
			<Polygon>
				<tessellate>1</tessellate>
				<outerBoundaryIs>
					<LinearRing>
						<coordinates>
							32.84131240520738,39.85572597222298,0 32.84122700057945,39.85566585965852,0 32.84129815822389,39.85558722074888,0 32.84139807310416,39.85565251241505,0 32.84131240520738,39.85572597222298,0 
						</coordinates>
					</LinearRing>
				</outerBoundaryIs>
			</Polygon>
		</Placemark>
		<Placemark>
			<name>Adsız Çokgen [410:Polygon]</name>
			<snippet></snippet>
			<styleUrl>#m_ylw-pushpin</styleUrl>
			<Polygon>
				<tessellate>1</tessellate>
				<outerBoundaryIs>
					<LinearRing>
						<coordinates>
							32.84110803367732,39.85559033634414,0 32.84102049277558,39.85554094540002,0 32.84110617491748,39.85546704416873,0 32.84111145763198,39.85546532629393,0 32.84120206859539,39.85553460144765,0 32.84110803367732,39.85559033634414,0 
						</coordinates>
					</LinearRing>
				</outerBoundaryIs>
			</Polygon>
		</Placemark>
		<Placemark>
			<name>Adsız Çokgen [411:Polygon]</name>
			<snippet></snippet>
			<styleUrl>#m_ylw-pushpin</styleUrl>
			<Polygon>
				<tessellate>1</tessellate>
				<outerBoundaryIs>
					<LinearRing>
						<coordinates>
							32.84090870137815,39.85556601291698,0 32.84082679930417,39.85548505736545,0 32.84091989764559,39.85543619965307,0 32.84102019751398,39.85550763648608,0 32.84090870137815,39.85556601291698,0 
						</coordinates>
					</LinearRing>
				</outerBoundaryIs>
			</Polygon>
		</Placemark>
		<Placemark>
			<name>Adsız Çokgen [412:Polygon]</name>
			<snippet></snippet>
			<styleUrl>#m_ylw-pushpin</styleUrl>
			<Polygon>
				<tessellate>1</tessellate>
				<outerBoundaryIs>
					<LinearRing>
						<coordinates>
							32.84111775205712,39.85573023802135,0 32.84104343099185,39.8556905187335,0 32.84109308340289,39.85562180217166,0 32.84118591585737,39.85566929727901,0 32.84111775205712,39.85573023802135,0 
						</coordinates>
					</LinearRing>
				</outerBoundaryIs>
			</Polygon>
		</Placemark>
		<Placemark>
			<name>Adsız Çokgen [413:Polygon]</name>
			<snippet></snippet>
			<styleUrl>#m_ylw-pushpin</styleUrl>
			<Polygon>
				<tessellate>1</tessellate>
				<outerBoundaryIs>
					<LinearRing>
						<coordinates>
							32.84298940754842,39.85458121532738,0 32.84314262891295,39.85463118803771,0 32.84311253570927,39.85466609459716,0 32.84308537351083,39.85465659826455,0 32.84304508070798,39.85468967414984,0 32.84295298728465,39.85467205924297,0 32.84298940754842,39.85458121532738,0 
						</coordinates>
					</LinearRing>
				</outerBoundaryIs>
			</Polygon>
		</Placemark>
		<Placemark>
			<name>Adsız Çokgen [414:Polygon]</name>
			<snippet></snippet>
			<styleUrl>#m_ylw-pushpin</styleUrl>
			<Polygon>
				<tessellate>1</tessellate>
				<outerBoundaryIs>
					<LinearRing>
						<coordinates>
							32.84318889117613,39.85472446214223,0 32.84321148909044,39.85467445048928,0 32.84331247028092,39.85469913430367,0 32.84330505312,39.85474020859395,0 32.84318889117613,39.85472446214223,0 
						</coordinates>
					</LinearRing>
				</outerBoundaryIs>
			</Polygon>
		</Placemark>
		<Placemark>
			<name>Adsız Çokgen [415:Polygon]</name>
			<snippet></snippet>
			<styleUrl>#m_ylw-pushpin</styleUrl>
			<Polygon>
				<tessellate>1</tessellate>
				<outerBoundaryIs>
					<LinearRing>
						<coordinates>
							32.8429873423313,39.85562657613463,0 32.84298494788246,39.85561704362894,0 32.84296573798595,39.85555671339061,0 32.84306106893113,39.85552948803974,0 32.84310144377599,39.85559722478524,0 32.8429873423313,39.85562657613463,0 
						</coordinates>
					</LinearRing>
				</outerBoundaryIs>
			</Polygon>
		</Placemark>
		<Placemark>
			<name>Adsız Çokgen [416:Polygon]</name>
			<snippet></snippet>
			<styleUrl>#m_ylw-pushpin</styleUrl>
			<Polygon>
				<tessellate>1</tessellate>
				<outerBoundaryIs>
					<LinearRing>
						<coordinates>
							32.84296671629856,39.85529499205413,0 32.84302023418998,39.85530285757152,0 32.84305364905443,39.85523224721771,0 32.84317018138697,39.85524794400565,0 32.84313202218262,39.85533212154618,0 32.84297873000113,39.85532597089446,0 32.84296671629856,39.85529499205413,0 
						</coordinates>
					</LinearRing>
				</outerBoundaryIs>
			</Polygon>
		</Placemark>
		<Placemark>
			<name>Adsız Çokgen [417:Polygon]</name>
			<snippet></snippet>
			<styleUrl>#m_ylw-pushpin</styleUrl>
			<Polygon>
				<tessellate>1</tessellate>
				<outerBoundaryIs>
					<LinearRing>
						<coordinates>
							32.84305967615479,39.85519402433039,0 32.84309553542872,39.85519629735273,0 32.84309894968432,39.85514856648984,0 32.84318956025311,39.85516404030475,0 32.8431679348534,39.85523842590828,0 32.84305409886449,39.85521697470917,0 32.84305967615479,39.85519402433039,0 
						</coordinates>
					</LinearRing>
				</outerBoundaryIs>
			</Polygon>
		</Placemark>
		<Placemark>
			<name>Adsız Çokgen [418:Polygon]</name>
			<snippet></snippet>
			<styleUrl>#m_ylw-pushpin</styleUrl>
			<Polygon>
				<tessellate>1</tessellate>
				<outerBoundaryIs>
					<LinearRing>
						<coordinates>
							32.84186941292096,39.85572165450261,0 32.84181443661287,39.85565777299649,0 32.84188573369341,39.85561111603614,0 32.84194590814885,39.85568098134061,0 32.84186941292096,39.85572165450261,0 
						</coordinates>
					</LinearRing>
				</outerBoundaryIs>
			</Polygon>
		</Placemark>
		<Placemark>
			<name>Adsız Çokgen [419:Polygon]</name>
			<snippet></snippet>
			<styleUrl>#m_ylw-pushpin</styleUrl>
			<Polygon>
				<tessellate>1</tessellate>
				<outerBoundaryIs>
					<LinearRing>
						<coordinates>
							32.84162263742778,39.85538920329825,0 32.84151303296085,39.85532697287818,0 32.84156149543705,39.85529695033377,0 32.84167116091375,39.85535706796927,0 32.84162263742778,39.85538920329825,0 
						</coordinates>
					</LinearRing>
				</outerBoundaryIs>
			</Polygon>
		</Placemark>
		<Placemark>
			<name>Adsız Çokgen [420:Polygon]</name>
			<snippet></snippet>
			<styleUrl>#m_ylw-pushpin</styleUrl>
			<Polygon>
				<tessellate>1</tessellate>
				<outerBoundaryIs>
					<LinearRing>
						<coordinates>
							32.84180506564179,39.85592038623235,0 32.84189285005293,39.85597760379211,0 32.84179306503464,39.85605970449567,0 32.8416957624133,39.85601204963604,0 32.84180506564179,39.85592038623235,0 
						</coordinates>
					</LinearRing>
				</outerBoundaryIs>
			</Polygon>
		</Placemark>
		<Placemark>
			<name>Adsız Çokgen [421:Polygon]</name>
			<snippet></snippet>
			<styleUrl>#m_ylw-pushpin</styleUrl>
			<Polygon>
				<tessellate>1</tessellate>
				<outerBoundaryIs>
					<LinearRing>
						<coordinates>
							32.84189104643366,39.85608687902909,0 32.84199251791593,39.85600676525812,0 32.84209831433436,39.85608821416209,0 32.84199711283422,39.85617532966123,0 32.84189104643366,39.85608687902909,0 
						</coordinates>
					</LinearRing>
				</outerBoundaryIs>
			</Polygon>
		</Placemark>
		<Placemark>
			<name>Adsız Çokgen [422:Polygon]</name>
			<snippet></snippet>
			<styleUrl>#m_ylw-pushpin</styleUrl>
			<Polygon>
				<tessellate>1</tessellate>
				<outerBoundaryIs>
					<LinearRing>
						<coordinates>
							32.84220473814388,39.85618777848371,0 32.84210558534402,39.85610634896946,0 32.84216625165293,39.85605012252222,0 32.842270888528,39.85613076114001,0 32.84220473814388,39.85618777848371,0 
						</coordinates>
					</LinearRing>
				</outerBoundaryIs>
			</Polygon>
		</Placemark>
		<Placemark>
			<name>Adsız Çokgen [423:Polygon]</name>
			<snippet></snippet>
			<styleUrl>#m_ylw-pushpin</styleUrl>
			<Polygon>
				<tessellate>1</tessellate>
				<outerBoundaryIs>
					<LinearRing>
						<coordinates>
							32.8426120579345,39.85635994085081,0 32.842541667795,39.85625386935146,0 32.84263610883631,39.8562061918826,0 32.84270345319366,39.85632023190883,0 32.8426120579345,39.85635994085081,0 
						</coordinates>
					</LinearRing>
				</outerBoundaryIs>
			</Polygon>
		</Placemark>
		<Placemark>
			<name>Adsız Çokgen [424:Polygon]</name>
			<snippet></snippet>
			<styleUrl>#m_ylw-pushpin</styleUrl>
			<Polygon>
				<tessellate>1</tessellate>
				<outerBoundaryIs>
					<LinearRing>
						<coordinates>
							32.84223612902504,39.85659092406212,0 32.84231370393759,39.85653216849666,0 32.84237134828289,39.85658068575485,0 32.84231363106327,39.85664179353525,0 32.84223612902504,39.85659092406212,0 
						</coordinates>
					</LinearRing>
				</outerBoundaryIs>
			</Polygon>
		</Placemark>
		<Placemark>
			<name>Adsız Çokgen [425:Polygon]</name>
			<snippet></snippet>
			<styleUrl>#m_ylw-pushpin</styleUrl>
			<Polygon>
				<tessellate>1</tessellate>
				<outerBoundaryIs>
					<LinearRing>
						<coordinates>
							32.84233018765852,39.85651747406911,0 32.84240415146806,39.8564336937691,0 32.84248838396292,39.85649735821301,0 32.84240683745382,39.85656405015586,0 32.84233018765852,39.85651747406911,0 
						</coordinates>
					</LinearRing>
				</outerBoundaryIs>
			</Polygon>
		</Placemark>
		<Placemark>
			<name>Adsız Çokgen [426:Polygon]</name>
			<snippet></snippet>
			<styleUrl>#m_ylw-pushpin</styleUrl>
			<Polygon>
				<tessellate>1</tessellate>
				<outerBoundaryIs>
					<LinearRing>
						<coordinates>
							32.84204066172224,39.85641311885132,0 32.84211519722063,39.85634694677483,0 32.84220735106075,39.856406874058,0 32.84208030481043,39.85647525031782,0 32.84204066172224,39.85641311885132,0 
						</coordinates>
					</LinearRing>
				</outerBoundaryIs>
			</Polygon>
		</Placemark>
		<Placemark>
			<name>Adsız Çokgen [427:Polygon]</name>
			<snippet></snippet>
			<styleUrl>#m_ylw-pushpin</styleUrl>
			<Polygon>
				<tessellate>1</tessellate>
				<outerBoundaryIs>
					<LinearRing>
						<coordinates>
							32.84220996097883,39.85642976139157,0 32.84232206432675,39.85636478293866,0 32.84236034153212,39.85640019508956,0 32.8422672638271,39.85646100914635,0 32.84220996097883,39.85642976139157,0 
						</coordinates>
					</LinearRing>
				</outerBoundaryIs>
			</Polygon>
		</Placemark>
		<Placemark>
			<name>Adsız Çokgen [428:Polygon]</name>
			<snippet></snippet>
			<styleUrl>#m_ylw-pushpin</styleUrl>
			<Polygon>
				<tessellate>1</tessellate>
				<outerBoundaryIs>
					<LinearRing>
						<coordinates>
							32.84152965936039,39.8562306872953,0 32.84142655975194,39.85613467757138,0 32.84151181443514,39.85607689520737,0 32.84161980821797,39.85614776644017,0 32.84152965936039,39.8562306872953,0 
						</coordinates>
					</LinearRing>
				</outerBoundaryIs>
			</Polygon>
		</Placemark>
		<Placemark>
			<name>Adsız Çokgen [429:Polygon]</name>
			<snippet></snippet>
			<styleUrl>#m_ylw-pushpin</styleUrl>
			<Polygon>
				<tessellate>1</tessellate>
				<outerBoundaryIs>
					<LinearRing>
						<coordinates>
							32.84080899084771,39.85624505285426,0 32.84087491963086,39.85617857200889,0 32.84096815910476,39.85623972106578,0 32.84088910541215,39.85630830749938,0 32.84080899084771,39.85624505285426,0 
						</coordinates>
					</LinearRing>
				</outerBoundaryIs>
			</Polygon>
		</Placemark>
		<Placemark>
			<name>Adsız Çokgen [430:Polygon]</name>
			<snippet></snippet>
			<styleUrl>#m_ylw-pushpin</styleUrl>
			<Polygon>
				<tessellate>1</tessellate>
				<outerBoundaryIs>
					<LinearRing>
						<coordinates>
							32.8409504701881,39.85655112843334,0 32.84082982792153,39.85639912949262,0 32.84093270022041,39.85635232935513,0 32.84103022130628,39.85649979014333,0 32.8409504701881,39.85655112843334,0 
						</coordinates>
					</LinearRing>
				</outerBoundaryIs>
			</Polygon>
		</Placemark>
		<Placemark>
			<name>Adsız Çokgen [431:Polygon]</name>
			<snippet></snippet>
			<styleUrl>#m_ylw-pushpin</styleUrl>
			<Polygon>
				<tessellate>1</tessellate>
				<outerBoundaryIs>
					<LinearRing>
						<coordinates>
							32.84096666236333,39.85656352783264,0 32.84104871258013,39.85651577756941,0 32.84114331338818,39.85660435591443,0 32.84107531380705,39.8566449972076,0 32.84096666236333,39.85656352783264,0 
						</coordinates>
					</LinearRing>
				</outerBoundaryIs>
			</Polygon>
		</Placemark>
		<Placemark>
			<name>Adsız Çokgen [432:Polygon]</name>
			<snippet></snippet>
			<styleUrl>#m_ylw-pushpin</styleUrl>
			<Polygon>
				<tessellate>1</tessellate>
				<outerBoundaryIs>
					<LinearRing>
						<coordinates>
							32.84066012817783,39.85609034159077,0 32.84072004490136,39.85605078131199,0 32.84080664234739,39.85611911847982,0 32.84075405760849,39.8561677439474,0 32.84066012817783,39.85609034159077,0 
						</coordinates>
					</LinearRing>
				</outerBoundaryIs>
			</Polygon>
		</Placemark>
		<Placemark>
			<name>Adsız Çokgen [433:Polygon]</name>
			<snippet></snippet>
			<styleUrl>#m_ylw-pushpin</styleUrl>
			<Polygon>
				<tessellate>1</tessellate>
				<outerBoundaryIs>
					<LinearRing>
						<coordinates>
							32.84030921580295,39.85587026206596,0 32.84040810924919,39.85585993729399,0 32.84043194365258,39.85596621707437,0 32.84034463502935,39.85599151207828,0 32.84030921580295,39.85587026206596,0 
						</coordinates>
					</LinearRing>
				</outerBoundaryIs>
			</Polygon>
		</Placemark>
		<Placemark>
			<name>Adsız Çokgen [434:Polygon]</name>
			<snippet></snippet>
			<styleUrl>#m_ylw-pushpin</styleUrl>
			<Polygon>
				<tessellate>1</tessellate>
				<outerBoundaryIs>
					<LinearRing>
						<coordinates>
							32.83919830602115,39.85589687616294,0 32.83929134539144,39.85588868585727,0 32.83932781222797,39.85597886955653,0 32.83922713100467,39.85599154976406,0 32.83919830602115,39.85589687616294,0 
						</coordinates>
					</LinearRing>
				</outerBoundaryIs>
			</Polygon>
		</Placemark>
		<Placemark>
			<name>Adsız Çokgen [435:Polygon]</name>
			<snippet></snippet>
			<styleUrl>#m_ylw-pushpin</styleUrl>
			<Polygon>
				<tessellate>1</tessellate>
				<outerBoundaryIs>
					<LinearRing>
						<coordinates>
							32.83903305936669,39.85597065171666,0 32.83914065319558,39.85596593160916,0 32.83917305198409,39.85603331788931,0 32.83907246547594,39.85605998114323,0 32.83903305936669,39.85597065171666,0 
						</coordinates>
					</LinearRing>
				</outerBoundaryIs>
			</Polygon>
		</Placemark>
		<Placemark>
			<name>Adsız Çokgen [436:Polygon]</name>
			<snippet></snippet>
			<styleUrl>#m_ylw-pushpin</styleUrl>
			<Polygon>
				<tessellate>1</tessellate>
				<outerBoundaryIs>
					<LinearRing>
						<coordinates>
							32.83912526625032,39.85610662852159,0 32.839246465495,39.85608148820703,0 32.83927275323288,39.85618561197528,0 32.83916626027731,39.85621128914551,0 32.83912526625032,39.85610662852159,0 
						</coordinates>
					</LinearRing>
				</outerBoundaryIs>
			</Polygon>
		</Placemark>
		<Placemark>
			<name>Adsız Çokgen [437:Polygon]</name>
			<snippet></snippet>
			<styleUrl>#m_ylw-pushpin</styleUrl>
			<Polygon>
				<tessellate>1</tessellate>
				<outerBoundaryIs>
					<LinearRing>
						<coordinates>
							32.83912907783913,39.85625045532802,0 32.83923576172104,39.8562400488323,0 32.83924656795676,39.85631032111782,0 32.83916440335651,39.85632714043275,0 32.83912907783913,39.85625045532802,0 
						</coordinates>
					</LinearRing>
				</outerBoundaryIs>
			</Polygon>
		</Placemark>
		<Placemark>
			<name>Adsız Çokgen [438:Polygon]</name>
			<snippet></snippet>
			<styleUrl>#m_ylw-pushpin</styleUrl>
			<Polygon>
				<tessellate>1</tessellate>
				<outerBoundaryIs>
					<LinearRing>
						<coordinates>
							32.83973751090823,39.85550325226237,0 32.83984554484221,39.85546040111868,0 32.83986875198146,39.85553346082413,0 32.83977253592376,39.85556935098223,0 32.83973751090823,39.85550325226237,0 
						</coordinates>
					</LinearRing>
				</outerBoundaryIs>
			</Polygon>
		</Placemark>
		<Placemark>
			<name>Adsız Çokgen [439:Polygon]</name>
			<snippet></snippet>
			<styleUrl>#m_ylw-pushpin</styleUrl>
			<Polygon>
				<tessellate>1</tessellate>
				<outerBoundaryIs>
					<LinearRing>
						<coordinates>
							32.8396678990381,39.85536212093047,0 32.83959940435712,39.85527781855756,0 32.83967545730863,39.85524378173148,0 32.83973315703721,39.85532364911226,0 32.8396678990381,39.85536212093047,0 
						</coordinates>
					</LinearRing>
				</outerBoundaryIs>
			</Polygon>
		</Placemark>
		<Placemark>
			<name>Adsız Çokgen [440:Polygon]</name>
			<snippet></snippet>
			<styleUrl>#m_ylw-pushpin</styleUrl>
			<Polygon>
				<tessellate>1</tessellate>
				<outerBoundaryIs>
					<LinearRing>
						<coordinates>
							32.83988904713659,39.85537723150133,0 32.83982256510162,39.85532427767669,0 32.83997920646983,39.85524206075857,0 32.8400245528617,39.85530652330233,0 32.83988904713659,39.85537723150133,0 
						</coordinates>
					</LinearRing>
				</outerBoundaryIs>
			</Polygon>
		</Placemark>
		<Placemark>
			<name>Adsız Çokgen [441:Polygon]</name>
			<snippet></snippet>
			<styleUrl>#m_ylw-pushpin</styleUrl>
			<Polygon>
				<tessellate>1</tessellate>
				<outerBoundaryIs>
					<LinearRing>
						<coordinates>
							32.83917802546767,39.85535306604003,0 32.83924687771925,39.85533551964937,0 32.83927878019817,39.85542450532964,0 32.8391993905668,39.85543906696186,0 32.83917802546767,39.85535306604003,0 
						</coordinates>
					</LinearRing>
				</outerBoundaryIs>
			</Polygon>
		</Placemark>
		<Placemark>
			<name>Adsız Çokgen [442:Polygon]</name>
			<snippet></snippet>
			<styleUrl>#m_ylw-pushpin</styleUrl>
			<Polygon>
				<tessellate>1</tessellate>
				<outerBoundaryIs>
					<LinearRing>
						<coordinates>
							32.83920409894609,39.85585747831016,0 32.83918799617829,39.85579381178696,0 32.83927995304845,39.85578823520903,0 32.83930457643658,39.85586164391069,0 32.83920409894609,39.85585747831016,0 
						</coordinates>
					</LinearRing>
				</outerBoundaryIs>
			</Polygon>
		</Placemark>
		<Placemark>
			<name>Adsız Çokgen [443:Polygon]</name>
			<snippet></snippet>
			<styleUrl>#m_ylw-pushpin</styleUrl>
			<Polygon>
				<tessellate>1</tessellate>
				<outerBoundaryIs>
					<LinearRing>
						<coordinates>
							32.83921174552474,39.855707137654,0 32.83927950387693,39.85570949269731,0 32.83930922670165,39.8557571750943,0 32.83920454878759,39.85577081835211,0 32.83921174552474,39.855707137654,0 
						</coordinates>
					</LinearRing>
				</outerBoundaryIs>
			</Polygon>
		</Placemark>
		<Placemark>
			<name>Adsız Çokgen [444:Polygon]</name>
			<snippet></snippet>
			<styleUrl>#m_ylw-pushpin</styleUrl>
			<Polygon>
				<tessellate>1</tessellate>
				<outerBoundaryIs>
					<LinearRing>
						<coordinates>
							32.83965355254685,39.85598923739149,0 32.83960003773033,39.85590730962976,0 32.83968505199817,39.85588692591412,0 32.83971267484576,39.85596467486349,0 32.83965355254685,39.85598923739149,0 
						</coordinates>
					</LinearRing>
				</outerBoundaryIs>
			</Polygon>
		</Placemark>
		<Placemark>
			<name>Adsız Çokgen [445:Polygon]</name>
			<snippet></snippet>
			<styleUrl>#m_ylw-pushpin</styleUrl>
			<Polygon>
				<tessellate>1</tessellate>
				<outerBoundaryIs>
					<LinearRing>
						<coordinates>
							32.83952568488098,39.85590985797479,0 32.83950094973384,39.85584985864125,0 32.83960909424167,39.85581704764103,0 32.83962628732547,39.85588975499248,0 32.83952568488098,39.85590985797479,0 
						</coordinates>
					</LinearRing>
				</outerBoundaryIs>
			</Polygon>
		</Placemark>
		<Placemark>
			<name>Adsız Çokgen [446:Polygon]</name>
			<snippet></snippet>
			<styleUrl>#m_ylw-pushpin</styleUrl>
			<Polygon>
				<tessellate>1</tessellate>
				<outerBoundaryIs>
					<LinearRing>
						<coordinates>
							32.83941154207612,39.85626227637872,0 32.83936769503674,39.85618408147152,0 32.8394801714344,39.85616310235427,0 32.83952704900169,39.8562546946717,0 32.83941154207612,39.85626227637872,0 
						</coordinates>
					</LinearRing>
				</outerBoundaryIs>
			</Polygon>
		</Placemark>
		<Placemark>
			<name>Adsız Çokgen [447:Polygon]</name>
			<snippet></snippet>
			<styleUrl>#m_ylw-pushpin</styleUrl>
			<Polygon>
				<tessellate>1</tessellate>
				<outerBoundaryIs>
					<LinearRing>
						<coordinates>
							32.83928804143115,39.85607258163322,0 32.83935595405586,39.85605700761221,0 32.83932797393729,39.85601024026864,0 32.8394290467164,39.85600665945088,0 32.8394355915971,39.85615432226474,0 32.8393378753852,39.85618107027076,0 32.83928804143115,39.85607258163322,0 
						</coordinates>
					</LinearRing>
				</outerBoundaryIs>
			</Polygon>
		</Placemark>
		<Placemark>
			<name>Adsız Çokgen [448:Polygon]</name>
			<snippet></snippet>
			<styleUrl>#m_ylw-pushpin</styleUrl>
			<Polygon>
				<tessellate>1</tessellate>
				<outerBoundaryIs>
					<LinearRing>
						<coordinates>
							32.83938754740404,39.85596824720226,0 32.83932960608937,39.85587298146136,0 32.83939948744955,39.85586534787829,0 32.83944889057376,39.8559422612296,0 32.83938754740404,39.85596824720226,0 
						</coordinates>
					</LinearRing>
				</outerBoundaryIs>
			</Polygon>
		</Placemark>
		<Placemark>
			<name>Adsız Çokgen [449:Polygon]</name>
			<snippet></snippet>
			<styleUrl>#m_ylw-pushpin</styleUrl>
			<Polygon>
				<tessellate>1</tessellate>
				<outerBoundaryIs>
					<LinearRing>
						<coordinates>
							32.83935627830908,39.85573724374733,0 32.83948019349729,39.85574095746143,0 32.8394780887274,39.85582981100299,0 32.83937603469105,39.8558371549466,0 32.83935627830908,39.85573724374733,0 
						</coordinates>
					</LinearRing>
				</outerBoundaryIs>
			</Polygon>
		</Placemark>
		<Placemark>
			<name>Adsız Çokgen [450:Polygon]</name>
			<snippet></snippet>
			<styleUrl>#m_ylw-pushpin</styleUrl>
			<Polygon>
				<tessellate>1</tessellate>
				<outerBoundaryIs>
					<LinearRing>
						<coordinates>
							32.83962572665302,39.85563586884242,0 32.83973211328448,39.85564284554527,0 32.83974381314174,39.85570950268811,0 32.83965045538626,39.85573062640111,0 32.83962572665302,39.85563586884242,0 
						</coordinates>
					</LinearRing>
				</outerBoundaryIs>
			</Polygon>
		</Placemark>
		<Placemark>
			<name>Adsız Çokgen [451:Polygon]</name>
			<snippet></snippet>
			<styleUrl>#m_ylw-pushpin</styleUrl>
			<Polygon>
				<tessellate>1</tessellate>
				<outerBoundaryIs>
					<LinearRing>
						<coordinates>
							32.83972962744771,39.85585844008519,0 32.83966361982748,39.85575820593803,0 32.83976350188026,39.8557269689429,0 32.8398246798408,39.85582633181981,0 32.83972962744771,39.85585844008519,0 
						</coordinates>
					</LinearRing>
				</outerBoundaryIs>
			</Polygon>
		</Placemark>
		<Placemark>
			<name>Adsız Çokgen [452:Polygon]</name>
			<snippet></snippet>
			<styleUrl>#m_ylw-pushpin</styleUrl>
			<Polygon>
				<tessellate>1</tessellate>
				<outerBoundaryIs>
					<LinearRing>
						<coordinates>
							32.83992317005067,39.85587609732748,0 32.83985546272267,39.85579429590348,0 32.83997388235171,39.85576023826967,0 32.8400053589003,39.85584403283345,0 32.83992317005067,39.85587609732748,0 
						</coordinates>
					</LinearRing>
				</outerBoundaryIs>
			</Polygon>
		</Placemark>
		<Placemark>
			<name>Adsız Çokgen [453:Polygon]</name>
			<snippet></snippet>
			<styleUrl>#m_ylw-pushpin</styleUrl>
			<Polygon>
				<tessellate>1</tessellate>
				<outerBoundaryIs>
					<LinearRing>
						<coordinates>
							32.83985400587119,39.85570564285896,0 32.8399387000453,39.85567151679548,0 32.839977333247,39.85573319213592,0 32.83990227728849,39.85576247517955,0 32.83985400587119,39.85570564285896,0 
						</coordinates>
					</LinearRing>
				</outerBoundaryIs>
			</Polygon>
		</Placemark>
		<Placemark>
			<name>Adsız Çokgen [454:Polygon]</name>
			<snippet></snippet>
			<styleUrl>#m_ylw-pushpin</styleUrl>
			<Polygon>
				<tessellate>1</tessellate>
				<outerBoundaryIs>
					<LinearRing>
						<coordinates>
							32.83971744061589,39.8559952623827,0 32.83984317502481,39.85597042874974,0 32.83987666355524,39.85604486638248,0 32.83978687831581,39.8560784478009,0 32.83971744061589,39.8559952623827,0 
						</coordinates>
					</LinearRing>
				</outerBoundaryIs>
			</Polygon>
		</Placemark>
		<Placemark>
			<name>Adsız Çokgen [455:Polygon]</name>
			<snippet></snippet>
			<styleUrl>#m_ylw-pushpin</styleUrl>
			<Polygon>
				<tessellate>1</tessellate>
				<outerBoundaryIs>
					<LinearRing>
						<coordinates>
							32.83987794824505,39.85638389315545,0 32.83995377784715,39.85635744416015,0 32.83999010312586,39.85644557781757,0 32.83991370631207,39.85647466551588,0 32.83987794824505,39.85638389315545,0 
						</coordinates>
					</LinearRing>
				</outerBoundaryIs>
			</Polygon>
		</Placemark>
		<Placemark>
			<name>Adsız Çokgen [456:Polygon]</name>
			<snippet></snippet>
			<styleUrl>#m_ylw-pushpin</styleUrl>
			<Polygon>
				<tessellate>1</tessellate>
				<outerBoundaryIs>
					<LinearRing>
						<coordinates>
							32.83963281481581,39.85679496549443,0 32.83971587717785,39.85675804187755,0 32.83976072588185,39.85685274548475,0 32.83968277096071,39.85688760160384,0 32.83963281481581,39.85679496549443,0 
						</coordinates>
					</LinearRing>
				</outerBoundaryIs>
			</Polygon>
		</Placemark>
		<Placemark>
			<name>Adsız Çokgen [457:Polygon]</name>
			<snippet></snippet>
			<styleUrl>#m_ylw-pushpin</styleUrl>
			<Polygon>
				<tessellate>1</tessellate>
				<outerBoundaryIs>
					<LinearRing>
						<coordinates>
							32.8400182166497,39.85685035746168,0 32.83989167156929,39.85674750091883,0 32.84000920930363,39.85669404688765,0 32.84012561842607,39.85679316824724,0 32.8400182166497,39.85685035746168,0 
						</coordinates>
					</LinearRing>
				</outerBoundaryIs>
			</Polygon>
		</Placemark>
		<Placemark>
			<name>Adsız Çokgen [458:Polygon]</name>
			<snippet></snippet>
			<styleUrl>#m_ylw-pushpin</styleUrl>
			<Polygon>
				<tessellate>1</tessellate>
				<outerBoundaryIs>
					<LinearRing>
						<coordinates>
							32.84015848997014,39.85669267378445,0 32.84006691784951,39.85660222162704,0 32.84019457215438,39.85655503745781,0 32.8402669133906,39.85665078874386,0 32.84015848997014,39.85669267378445,0 
						</coordinates>
					</LinearRing>
				</outerBoundaryIs>
			</Polygon>
		</Placemark>
		<Placemark>
			<name>Adsız Çokgen [459:Polygon]</name>
			<snippet></snippet>
			<styleUrl>#m_ylw-pushpin</styleUrl>
			<Polygon>
				<tessellate>1</tessellate>
				<outerBoundaryIs>
					<LinearRing>
						<coordinates>
							32.8403600066295,39.85659018054362,0 32.84032079839211,39.85657220770135,0 32.84037620449675,39.85647950851242,0 32.84052956190634,39.85656106556051,0 32.84048594252324,39.85665738747337,0 32.84034929128929,39.85661691141108,0 32.8403600066295,39.85659018054362,0 
						</coordinates>
					</LinearRing>
				</outerBoundaryIs>
			</Polygon>
		</Placemark>
		<Placemark>
			<name>Adsız Çokgen [460:Polygon]</name>
			<snippet></snippet>
			<styleUrl>#m_ylw-pushpin</styleUrl>
			<Polygon>
				<tessellate>1</tessellate>
				<outerBoundaryIs>
					<LinearRing>
						<coordinates>
							32.83943990123019,39.85682289104713,0 32.83956214478933,39.85677536939983,0 32.83963618970247,39.85691655073948,0 32.83954584456991,39.85696097892714,0 32.83943990123019,39.85682289104713,0 
						</coordinates>
					</LinearRing>
				</outerBoundaryIs>
			</Polygon>
		</Placemark>
		<Placemark>
			<name>Adsız Çokgen [461:Polygon]</name>
			<snippet></snippet>
			<styleUrl>#m_ylw-pushpin</styleUrl>
			<Polygon>
				<tessellate>1</tessellate>
				<outerBoundaryIs>
					<LinearRing>
						<coordinates>
							32.83960108686705,39.85696717472716,0 32.83969110602651,39.85692709903577,0 32.83974767874673,39.8570134218516,0 32.83968098763407,39.85704939015218,0 32.83960108686705,39.85696717472716,0 
						</coordinates>
					</LinearRing>
				</outerBoundaryIs>
			</Polygon>
		</Placemark>
		<Placemark>
			<name>Adsız Çokgen [462:Polygon]</name>
			<snippet></snippet>
			<styleUrl>#m_ylw-pushpin</styleUrl>
			<Polygon>
				<tessellate>1</tessellate>
				<outerBoundaryIs>
					<LinearRing>
						<coordinates>
							32.83933475162413,39.85671994441915,0 32.83937448872747,39.85670253810014,0 32.83947153344415,39.85666906468857,0 32.83946352061646,39.85662038031671,0 32.83950214208932,39.85660796372233,0 32.83957204851652,39.8567349114052,0 32.8393563888446,39.85681951513279,0 32.83933475162413,39.85671994441915,0 
						</coordinates>
					</LinearRing>
				</outerBoundaryIs>
			</Polygon>
		</Placemark>
		<Placemark>
			<name>Adsız Çokgen [463:Polygon]</name>
			<snippet></snippet>
			<styleUrl>#m_ylw-pushpin</styleUrl>
			<Polygon>
				<tessellate>1</tessellate>
				<outerBoundaryIs>
					<LinearRing>
						<coordinates>
							32.83923245937252,39.85637795905342,0 32.83931241511606,39.85634932647012,0 32.8393638017899,39.8564346167766,0 32.83929311529902,39.85646792768668,0 32.83923245937252,39.85637795905342,0 
						</coordinates>
					</LinearRing>
				</outerBoundaryIs>
			</Polygon>
		</Placemark>
		<Placemark>
			<name>Adsız Çokgen [464:Polygon]</name>
			<snippet></snippet>
			<styleUrl>#m_ylw-pushpin</styleUrl>
			<Polygon>
				<tessellate>1</tessellate>
				<outerBoundaryIs>
					<LinearRing>
						<coordinates>
							32.83927772272342,39.85652631014052,0 32.83937985027264,39.85650318799389,0 32.83942747093648,39.85659806313827,0 32.83932718642428,39.85663567964154,0 32.83927772272342,39.85652631014052,0 
						</coordinates>
					</LinearRing>
				</outerBoundaryIs>
			</Polygon>
		</Placemark>
		<Placemark>
			<name>Adsız Çokgen [465:Polygon]</name>
			<snippet></snippet>
			<styleUrl>#m_ylw-pushpin</styleUrl>
			<Polygon>
				<tessellate>1</tessellate>
				<outerBoundaryIs>
					<LinearRing>
						<coordinates>
							32.83959804561803,39.85650295921048,0 32.83969516002823,39.85649253445593,0 32.83972189795116,39.85655976846345,0 32.83961192671922,39.85658942162635,0 32.83959804561803,39.85650295921048,0 
						</coordinates>
					</LinearRing>
				</outerBoundaryIs>
			</Polygon>
		</Placemark>
		<Placemark>
			<name>Adsız Çokgen [466:Polygon]</name>
			<snippet></snippet>
			<styleUrl>#m_ylw-pushpin</styleUrl>
			<Polygon>
				<tessellate>1</tessellate>
				<outerBoundaryIs>
					<LinearRing>
						<coordinates>
							32.83942568393704,39.85643494528362,0 32.83949328895056,39.85643481810932,0 32.83952875578494,39.85652247664891,0 32.8394309467449,39.85653511969284,0 32.83942568393704,39.85643494528362,0 
						</coordinates>
					</LinearRing>
				</outerBoundaryIs>
			</Polygon>
		</Placemark>
		<Placemark>
			<name>Adsız Çokgen [467:Polygon]</name>
			<snippet></snippet>
			<styleUrl>#m_ylw-pushpin</styleUrl>
			<Polygon>
				<tessellate>1</tessellate>
				<outerBoundaryIs>
					<LinearRing>
						<coordinates>
							32.83956341714595,39.85637574485685,0 32.83967287521273,39.8563762858045,0 32.83969782397133,39.8564773945633,0 32.83959117403217,39.85648865522074,0 32.83956341714595,39.85637574485685,0 
						</coordinates>
					</LinearRing>
				</outerBoundaryIs>
			</Polygon>
		</Placemark>
		<Placemark>
			<name>Adsız Çokgen [468:Polygon]</name>
			<snippet></snippet>
			<styleUrl>#m_ylw-pushpin</styleUrl>
			<Polygon>
				<tessellate>1</tessellate>
				<outerBoundaryIs>
					<LinearRing>
						<coordinates>
							32.8397684993829,39.85652174036027,0 32.8398730587749,39.85650575427724,0 32.83992497002434,39.85660480588281,0 32.83981009261817,39.85662134824091,0 32.8397684993829,39.85652174036027,0 
						</coordinates>
					</LinearRing>
				</outerBoundaryIs>
			</Polygon>
		</Placemark>
		<Placemark>
			<name>Adsız Çokgen [469:Polygon]</name>
			<snippet></snippet>
			<styleUrl>#m_ylw-pushpin</styleUrl>
			<Polygon>
				<tessellate>1</tessellate>
				<outerBoundaryIs>
					<LinearRing>
						<coordinates>
							32.83971413667332,39.85642420073564,0 32.83981840017651,39.85640284444452,0 32.83986032996286,39.85648940789902,0 32.83975762230678,39.85651516141468,0 32.83971413667332,39.85642420073564,0 
						</coordinates>
					</LinearRing>
				</outerBoundaryIs>
			</Polygon>
		</Placemark>
		<Placemark>
			<name>Adsız Çokgen [470:Polygon]</name>
			<snippet></snippet>
			<styleUrl>#m_ylw-pushpin</styleUrl>
			<Polygon>
				<tessellate>1</tessellate>
				<outerBoundaryIs>
					<LinearRing>
						<coordinates>
							32.8399578512058,39.8563238598768,0 32.84007609913425,39.85629607694273,0 32.84011136012851,39.85637739448214,0 32.84000748976596,39.85641421437679,0 32.8400097022449,39.85641421173298,0 32.8399578512058,39.8563238598768,0 
						</coordinates>
					</LinearRing>
				</outerBoundaryIs>
			</Polygon>
		</Placemark>
		<Placemark>
			<name>Adsız Çokgen [471:Polygon]</name>
			<snippet></snippet>
			<styleUrl>#m_ylw-pushpin</styleUrl>
			<Polygon>
				<tessellate>1</tessellate>
				<outerBoundaryIs>
					<LinearRing>
						<coordinates>
							32.83984803144475,39.85623085707656,0 32.83995796695061,39.85620828332135,0 32.83999641812554,39.85629527182257,0 32.8398934022573,39.85632188167433,0 32.83984803144475,39.85623085707656,0 
						</coordinates>
					</LinearRing>
				</outerBoundaryIs>
			</Polygon>
		</Placemark>
		<Placemark>
			<name>Adsız Çokgen [472:Polygon]</name>
			<snippet></snippet>
			<styleUrl>#m_ylw-pushpin</styleUrl>
			<Polygon>
				<tessellate>1</tessellate>
				<outerBoundaryIs>
					<LinearRing>
						<coordinates>
							32.84003339911269,39.85615135667211,0 32.84014360633278,39.85613465305011,0 32.84017870603672,39.8562136066047,0 32.84010555153648,39.85624259228178,0 32.84003339911269,39.85615135667211,0 
						</coordinates>
					</LinearRing>
				</outerBoundaryIs>
			</Polygon>
		</Placemark>
		<Placemark>
			<name>Adsız Çokgen [473:Polygon]</name>
			<snippet></snippet>
			<styleUrl>#m_ylw-pushpin</styleUrl>
			<Polygon>
				<tessellate>1</tessellate>
				<outerBoundaryIs>
					<LinearRing>
						<coordinates>
							32.84054210949281,39.85598709216685,0 32.84062273965694,39.85595314886393,0 32.84071303044298,39.85601211112901,0 32.84063270111483,39.85606286663264,0 32.84054210949281,39.85598709216685,0 
						</coordinates>
					</LinearRing>
				</outerBoundaryIs>
			</Polygon>
		</Placemark>
		<Placemark>
			<name>Adsız Çokgen [474:Polygon]</name>
			<snippet></snippet>
			<styleUrl>#m_ylw-pushpin</styleUrl>
			<Polygon>
				<tessellate>1</tessellate>
				<outerBoundaryIs>
					<LinearRing>
						<coordinates>
							32.84076601236917,39.85586339075518,0 32.84067335591564,39.85575897251545,0 32.84074585368379,39.85571984462405,0 32.84079696026983,39.85576814418783,0 32.8407710305257,39.85579032551041,0 32.84082236310722,39.85582376937845,0 32.84076601236917,39.85586339075518,0 
						</coordinates>
					</LinearRing>
				</outerBoundaryIs>
			</Polygon>
		</Placemark>
		<Placemark>
			<name>Adsız Çokgen [475:Polygon]</name>
			<snippet></snippet>
			<styleUrl>#m_ylw-pushpin</styleUrl>
			<Polygon>
				<tessellate>1</tessellate>
				<outerBoundaryIs>
					<LinearRing>
						<coordinates>
							32.84100525119464,39.85594034919094,0 32.84090900667085,39.85587383078911,0 32.84099759149722,39.85581456839513,0 32.84106221121358,39.85587062119086,0 32.8411168389737,39.85584586899801,0 32.84114602186092,39.85588780975643,0 32.84108953753898,39.85591862165145,0 32.84104850076237,39.85589739320021,0 32.84100525119464,39.85594034919094,0 
						</coordinates>
					</LinearRing>
				</outerBoundaryIs>
			</Polygon>
		</Placemark>
		<Placemark>
			<name>Adsız Çokgen [476:Polygon]</name>
			<snippet></snippet>
			<styleUrl>#m_ylw-pushpin</styleUrl>
			<Polygon>
				<tessellate>1</tessellate>
				<outerBoundaryIs>
					<LinearRing>
						<coordinates>
							32.84105134012265,39.85604139163407,0 32.84115482293505,39.85611340645179,0 32.84109433787623,39.85616416317722,0 32.8409717169443,39.85608833088785,0 32.84105134012265,39.85604139163407,0 
						</coordinates>
					</LinearRing>
				</outerBoundaryIs>
			</Polygon>
		</Placemark>
		<Placemark>
			<name>Adsız Çokgen [477:Polygon]</name>
			<snippet></snippet>
			<styleUrl>#m_ylw-pushpin</styleUrl>
			<Polygon>
				<tessellate>1</tessellate>
				<outerBoundaryIs>
					<LinearRing>
						<coordinates>
							32.84106365461172,39.85633378639771,0 32.84117518319079,39.85640562787794,0 32.84109867396434,39.85644600233196,0 32.84100670108449,39.85637849654304,0 32.84106365461172,39.85633378639771,0 
						</coordinates>
					</LinearRing>
				</outerBoundaryIs>
			</Polygon>
		</Placemark>
		<Placemark>
			<name>Adsız Çokgen [478:Polygon]</name>
			<snippet></snippet>
			<styleUrl>#m_ylw-pushpin</styleUrl>
			<Polygon>
				<tessellate>1</tessellate>
				<outerBoundaryIs>
					<LinearRing>
						<coordinates>
							32.84029136652676,39.85630500702985,0 32.84023792305079,39.85620659719235,0 32.84033865029532,39.85617874883354,0 32.84036633622902,39.85628931398725,0 32.84029136652676,39.85630500702985,0 
						</coordinates>
					</LinearRing>
				</outerBoundaryIs>
			</Polygon>
		</Placemark>
		<Placemark>
			<name>Adsız Çokgen [479:Polygon]</name>
			<snippet></snippet>
			<styleUrl>#m_ylw-pushpin</styleUrl>
			<Polygon>
				<tessellate>1</tessellate>
				<outerBoundaryIs>
					<LinearRing>
						<coordinates>
							32.84020128926845,39.85620287322697,0 32.84016477414724,39.85611222540282,0 32.84024468869184,39.85609438612224,0 32.84026595052897,39.85618259589578,0 32.84020128926845,39.85620287322697,0 
						</coordinates>
					</LinearRing>
				</outerBoundaryIs>
			</Polygon>
		</Placemark>
		<Placemark>
			<name>Adsız Çokgen [480:Polygon]</name>
			<snippet></snippet>
			<styleUrl>#m_ylw-pushpin</styleUrl>
			<Polygon>
				<tessellate>1</tessellate>
				<outerBoundaryIs>
					<LinearRing>
						<coordinates>
							32.84031306829178,39.85616868274165,0 32.84027043781172,39.85608026744736,0 32.84037477105547,39.85605496551418,0 32.84040873301269,39.85614557738838,0 32.84031306829178,39.85616868274165,0 
						</coordinates>
					</LinearRing>
				</outerBoundaryIs>
			</Polygon>
		</Placemark>
		<Placemark>
			<name>Adsız Çokgen [481:Polygon]</name>
			<snippet></snippet>
			<styleUrl>#m_ylw-pushpin</styleUrl>
			<Polygon>
				<tessellate>1</tessellate>
				<outerBoundaryIs>
					<LinearRing>
						<coordinates>
							32.84037271876367,39.85624713698614,0 32.84036418830949,39.85616619347664,0 32.840415116328,39.85616500600662,0 32.84041948549811,39.85623941927592,0 32.84037271876367,39.85624713698614,0 
						</coordinates>
					</LinearRing>
				</outerBoundaryIs>
			</Polygon>
		</Placemark>
		<Placemark>
			<name>Adsız Çokgen [482:Polygon]</name>
			<snippet></snippet>
			<styleUrl>#m_ylw-pushpin</styleUrl>
			<Polygon>
				<tessellate>1</tessellate>
				<outerBoundaryIs>
					<LinearRing>
						<coordinates>
							32.84015655883367,39.85636800079045,0 32.84009588647346,39.85626993749117,0 32.84020976071385,39.85623396758,0 32.84024166987896,39.85633902681188,0 32.84015655883367,39.85636800079045,0 
						</coordinates>
					</LinearRing>
				</outerBoundaryIs>
			</Polygon>
		</Placemark>
		<Placemark>
			<name>Adsız Çokgen [483:Polygon]</name>
			<snippet></snippet>
			<styleUrl>#m_ylw-pushpin</styleUrl>
			<Polygon>
				<tessellate>1</tessellate>
				<outerBoundaryIs>
					<LinearRing>
						<coordinates>
							32.83999089718593,39.85656559903784,0 32.83993359244348,39.85648248783475,0 32.84000653702569,39.8564538776875,0 32.8400596900932,39.85652458254121,0 32.83999089718593,39.85656559903784,0 
						</coordinates>
					</LinearRing>
				</outerBoundaryIs>
			</Polygon>
		</Placemark>
		<Placemark>
			<name>Adsız Çokgen [484:Polygon]</name>
			<snippet></snippet>
			<styleUrl>#m_ylw-pushpin</styleUrl>
			<Polygon>
				<tessellate>1</tessellate>
				<outerBoundaryIs>
					<LinearRing>
						<coordinates>
							32.83984850975639,39.85678639019596,0 32.83975908976373,39.85669960784094,0 32.83982740125222,39.8566692377707,0 32.83988767297058,39.85675198608063,0 32.83984850975639,39.85678639019596,0 
						</coordinates>
					</LinearRing>
				</outerBoundaryIs>
			</Polygon>
		</Placemark>
		<Placemark>
			<name>Adsız Çokgen [485:Polygon]</name>
			<snippet></snippet>
			<styleUrl>#m_ylw-pushpin</styleUrl>
			<Polygon>
				<tessellate>1</tessellate>
				<outerBoundaryIs>
					<LinearRing>
						<coordinates>
							32.83982740125222,39.8566692377707,0 32.83992389415877,39.85661973142413,0 32.83997478714927,39.8566869420446,0 32.83990376062814,39.85672796067352,0 32.83982740125222,39.8566692377707,0 
						</coordinates>
					</LinearRing>
				</outerBoundaryIs>
			</Polygon>
		</Placemark>
		<Placemark>
			<name>Adsız Çokgen [486:Polygon]</name>
			<snippet></snippet>
			<styleUrl>#m_ylw-pushpin</styleUrl>
			<Polygon>
				<tessellate>1</tessellate>
				<outerBoundaryIs>
					<LinearRing>
						<coordinates>
							32.83982650835591,39.85695443220423,0 32.83975859085666,39.85689109608985,0 32.83984120168655,39.85682984191656,0 32.83990357400373,39.85689400759679,0 32.83982650835591,39.85695443220423,0 
						</coordinates>
					</LinearRing>
				</outerBoundaryIs>
			</Polygon>
		</Placemark>
		<Placemark>
			<name>Adsız Çokgen [487:Polygon]</name>
			<snippet></snippet>
			<styleUrl>#m_ylw-pushpin</styleUrl>
			<Polygon>
				<tessellate>1</tessellate>
				<outerBoundaryIs>
					<LinearRing>
						<coordinates>
							32.83890274776892,39.85743264066178,0 32.83884449980575,39.85731522050531,0 32.83894153987918,39.8572835848526,0 32.83898112412299,39.85740640319825,0 32.83890274776892,39.85743264066178,0 
						</coordinates>
					</LinearRing>
				</outerBoundaryIs>
			</Polygon>
		</Placemark>
		<Placemark>
			<name>Adsız Çokgen [488:Polygon]</name>
			<snippet></snippet>
			<styleUrl>#m_ylw-pushpin</styleUrl>
			<Polygon>
				<tessellate>1</tessellate>
				<outerBoundaryIs>
					<LinearRing>
						<coordinates>
							32.83922014372969,39.85752001660519,0 32.83916853135808,39.85741921759683,0 32.83928529152579,39.85738642758274,0 32.8393395462565,39.85749486650931,0 32.83922014372969,39.85752001660519,0 
						</coordinates>
					</LinearRing>
				</outerBoundaryIs>
			</Polygon>
		</Placemark>
		<Placemark>
			<name>Adsız Çokgen [489:Polygon]</name>
			<snippet></snippet>
			<styleUrl>#m_ylw-pushpin</styleUrl>
			<Polygon>
				<tessellate>1</tessellate>
				<outerBoundaryIs>
					<LinearRing>
						<coordinates>
							32.83928439938583,39.85765599119281,0 32.83942032753896,39.85759182190053,0 32.83947463623238,39.85764972516545,0 32.83935071071843,39.85771783814427,0 32.83928439938583,39.85765599119281,0 
						</coordinates>
					</LinearRing>
				</outerBoundaryIs>
			</Polygon>
		</Placemark>
		<Placemark>
			<name>Adsız Çokgen [490:Polygon]</name>
			<snippet></snippet>
			<styleUrl>#m_ylw-pushpin</styleUrl>
			<Polygon>
				<tessellate>1</tessellate>
				<outerBoundaryIs>
					<LinearRing>
						<coordinates>
							32.83894017629746,39.8577043864395,0 32.8389612247465,39.85761355039077,0 32.83916209393154,39.85763103806642,0 32.83914253323212,39.8577306631377,0 32.83894017629746,39.8577043864395,0 
						</coordinates>
					</LinearRing>
				</outerBoundaryIs>
			</Polygon>
		</Placemark>
		<Placemark>
			<name>Adsız Çokgen [491:Polygon]</name>
			<snippet></snippet>
			<styleUrl>#m_ylw-pushpin</styleUrl>
			<Polygon>
				<tessellate>1</tessellate>
				<outerBoundaryIs>
					<LinearRing>
						<coordinates>
							32.83839843250627,39.85692143519724,0 32.83850592489262,39.85689110001952,0 32.83855477178223,39.85697059315677,0 32.83844563409617,39.85700471614796,0 32.83839843250627,39.85692143519724,0 
						</coordinates>
					</LinearRing>
				</outerBoundaryIs>
			</Polygon>
		</Placemark>
		<Placemark>
			<name>Adsız Çokgen [492:Polygon]</name>
			<snippet></snippet>
			<styleUrl>#m_ylw-pushpin</styleUrl>
			<Polygon>
				<tessellate>1</tessellate>
				<outerBoundaryIs>
					<LinearRing>
						<coordinates>
							32.84075129285712,39.85724741123655,0 32.84088094222376,39.85720716770189,0 32.84092306065309,39.85728000493096,0 32.84078854519809,39.85731592279109,0 32.84075129285712,39.85724741123655,0 
						</coordinates>
					</LinearRing>
				</outerBoundaryIs>
			</Polygon>
		</Placemark>
		<Placemark>
			<name>Adsız Çokgen [493:Polygon]</name>
			<snippet></snippet>
			<styleUrl>#m_ylw-pushpin</styleUrl>
			<Polygon>
				<tessellate>1</tessellate>
				<outerBoundaryIs>
					<LinearRing>
						<coordinates>
							32.84047412781568,39.85727203637873,0 32.84056411620722,39.85722539284412,0 32.84066084505191,39.85728295884253,0 32.84056304342212,39.85734679490387,0 32.84047412781568,39.85727203637873,0 
						</coordinates>
					</LinearRing>
				</outerBoundaryIs>
			</Polygon>
		</Placemark>
		<Placemark>
			<name>Adsız Çokgen [494:Polygon]</name>
			<snippet></snippet>
			<styleUrl>#m_ylw-pushpin</styleUrl>
			<Polygon>
				<tessellate>1</tessellate>
				<outerBoundaryIs>
					<LinearRing>
						<coordinates>
							32.84078418577523,39.85719936831929,0 32.84075677827141,39.85717154799681,0 32.84072214844593,39.85718576943811,0 32.84067887539651,39.85713209052197,0 32.84077953010063,39.8570832777725,0 32.8408827759572,39.85716527887178,0 32.84078418577523,39.85719936831929,0 
						</coordinates>
					</LinearRing>
				</outerBoundaryIs>
			</Polygon>
		</Placemark>
		<Placemark>
			<name>Adsız Çokgen [495:Polygon]</name>
			<snippet></snippet>
			<styleUrl>#m_ylw-pushpin</styleUrl>
			<Polygon>
				<tessellate>1</tessellate>
				<outerBoundaryIs>
					<LinearRing>
						<coordinates>
							32.84066965465952,39.85711484884579,0 32.84059926614828,39.85705574138201,0 32.84068566265071,39.857002718717,0 32.84073851247975,39.85707515282932,0 32.84066965465952,39.85711484884579,0 
						</coordinates>
					</LinearRing>
				</outerBoundaryIs>
			</Polygon>
		</Placemark>
		<Placemark>
			<name>Adsız Çokgen [496:Polygon]</name>
			<snippet></snippet>
			<styleUrl>#m_ylw-pushpin</styleUrl>
			<Polygon>
				<tessellate>1</tessellate>
				<outerBoundaryIs>
					<LinearRing>
						<coordinates>
							32.8420033373344,39.85689350886549,0 32.84215557255179,39.85689889821954,0 32.8421277831802,39.85704344689528,0 32.84201399567363,39.85702925700165,0 32.8420033373344,39.85689350886549,0 
						</coordinates>
					</LinearRing>
				</outerBoundaryIs>
			</Polygon>
		</Placemark>
		<Placemark>
			<name>Adsız Çokgen [497:Polygon]</name>
			<snippet></snippet>
			<styleUrl>#m_ylw-pushpin</styleUrl>
			<Polygon>
				<tessellate>1</tessellate>
				<outerBoundaryIs>
					<LinearRing>
						<coordinates>
							32.8410482087138,39.85747979729386,0 32.84098427810286,39.85735018541346,0 32.84108576403624,39.85731294489135,0 32.84115585682299,39.85744418848733,0 32.8410482087138,39.85747979729386,0 
						</coordinates>
					</LinearRing>
				</outerBoundaryIs>
			</Polygon>
		</Placemark>
		<Placemark>
			<name>Adsız Çokgen [498:Polygon]</name>
			<snippet></snippet>
			<styleUrl>#m_ylw-pushpin</styleUrl>
			<Polygon>
				<tessellate>1</tessellate>
				<outerBoundaryIs>
					<LinearRing>
						<coordinates>
							32.84058996067571,39.85777209918411,0 32.84054374056497,39.85767464002745,0 32.8406616579264,39.85766025651454,0 32.84070485624589,39.85775362078139,0 32.84058996067571,39.85777209918411,0 
						</coordinates>
					</LinearRing>
				</outerBoundaryIs>
			</Polygon>
		</Placemark>
		<Placemark>
			<name>Adsız Çokgen [499:Polygon]</name>
			<snippet></snippet>
			<styleUrl>#m_ylw-pushpin</styleUrl>
			<Polygon>
				<tessellate>1</tessellate>
				<outerBoundaryIs>
					<LinearRing>
						<coordinates>
							32.84073668169948,39.85787538161064,0 32.84067172932487,39.85781367161923,0 32.84075073981719,39.85777297235813,0 32.84080990305038,39.85783163277042,0 32.84073668169948,39.85787538161064,0 
						</coordinates>
					</LinearRing>
				</outerBoundaryIs>
			</Polygon>
		</Placemark>
		<Placemark>
			<name>Adsız Çokgen [500:Polygon]</name>
			<snippet></snippet>
			<styleUrl>#m_ylw-pushpin</styleUrl>
			<Polygon>
				<tessellate>1</tessellate>
				<outerBoundaryIs>
					<LinearRing>
						<coordinates>
							32.84037824219948,39.85769953831199,0 32.84029975866115,39.8576185707612,0 32.84039425422514,39.85757930788684,0 32.8404517448455,39.85765381268804,0 32.84037824219948,39.85769953831199,0 
						</coordinates>
					</LinearRing>
				</outerBoundaryIs>
			</Polygon>
		</Placemark>
		<Placemark>
			<name>Adsız Çokgen [501:Polygon]</name>
			<snippet></snippet>
			<styleUrl>#m_ylw-pushpin</styleUrl>
			<Polygon>
				<tessellate>1</tessellate>
				<outerBoundaryIs>
					<LinearRing>
						<coordinates>
							32.84168055917807,39.85868936734161,0 32.84161777057788,39.85861042751076,0 32.84173240910397,39.85856368356171,0 32.8417960200724,39.8586208833171,0 32.84168055917807,39.85868936734161,0 
						</coordinates>
					</LinearRing>
				</outerBoundaryIs>
			</Polygon>
		</Placemark>
		<Placemark>
			<name>Adsız Çokgen [502:Polygon]</name>
			<snippet></snippet>
			<styleUrl>#m_ylw-pushpin</styleUrl>
			<Polygon>
				<tessellate>1</tessellate>
				<outerBoundaryIs>
					<LinearRing>
						<coordinates>
							32.84161215484691,39.8584592879806,0 32.84167667206498,39.85841170177597,0 32.84177296847936,39.85846972263715,0 32.8416993968442,39.8585219832736,0 32.84161215484691,39.8584592879806,0 
						</coordinates>
					</LinearRing>
				</outerBoundaryIs>
			</Polygon>
		</Placemark>
		<Placemark>
			<name>Adsız Çokgen [503:Polygon]</name>
			<snippet></snippet>
			<styleUrl>#m_ylw-pushpin</styleUrl>
			<Polygon>
				<tessellate>1</tessellate>
				<outerBoundaryIs>
					<LinearRing>
						<coordinates>
							32.8415788477182,39.85844516216424,0 32.84148200877597,39.8583680803555,0 32.84154710622964,39.85832767712876,0 32.84164675763465,39.85838339693811,0 32.8415788477182,39.85844516216424,0 
						</coordinates>
					</LinearRing>
				</outerBoundaryIs>
			</Polygon>
		</Placemark>
		<Placemark>
			<name>Adsız Çokgen [504:Polygon]</name>
			<snippet></snippet>
			<styleUrl>#m_ylw-pushpin</styleUrl>
			<Polygon>
				<tessellate>1</tessellate>
				<outerBoundaryIs>
					<LinearRing>
						<coordinates>
							32.8414886880578,39.85833285991234,0 32.84144277330566,39.85828892756023,0 32.84142073486819,39.85830087668764,0 32.8413998406374,39.85825885372059,0 32.84143140095734,39.85823526545836,0 32.84142279590495,39.85820732480368,0 32.84145376379214,39.85820485386589,0 32.84154114267615,39.8583137322663,0 32.8414886880578,39.85833285991234,0 
						</coordinates>
					</LinearRing>
				</outerBoundaryIs>
			</Polygon>
		</Placemark>
		<Placemark>
			<name>Adsız Çokgen [505:Polygon]</name>
			<snippet></snippet>
			<styleUrl>#m_ylw-pushpin</styleUrl>
			<Polygon>
				<tessellate>1</tessellate>
				<outerBoundaryIs>
					<LinearRing>
						<coordinates>
							32.84127601366748,39.85836944983772,0 32.84120341668983,39.85827711134068,0 32.84128405277153,39.85824800227687,0 32.84132572363944,39.85832329215607,0 32.84127601366748,39.85836944983772,0 
						</coordinates>
					</LinearRing>
				</outerBoundaryIs>
			</Polygon>
		</Placemark>
		<Placemark>
			<name>Adsız Çokgen [506:Polygon]</name>
			<snippet></snippet>
			<styleUrl>#m_ylw-pushpin</styleUrl>
			<Polygon>
				<tessellate>1</tessellate>
				<outerBoundaryIs>
					<LinearRing>
						<coordinates>
							32.84118831279643,39.85825821609082,0 32.8411337091602,39.85819693682043,0 32.84122392327412,39.85815902261103,0 32.84126227538982,39.85823638231976,0 32.84118831279643,39.85825821609082,0 
						</coordinates>
					</LinearRing>
				</outerBoundaryIs>
			</Polygon>
		</Placemark>
		<Placemark>
			<name>Adsız Çokgen [507:Polygon]</name>
			<snippet></snippet>
			<styleUrl>#m_ylw-pushpin</styleUrl>
			<Polygon>
				<tessellate>1</tessellate>
				<outerBoundaryIs>
					<LinearRing>
						<coordinates>
							32.84321711180053,39.85754548156618,0 32.84325985490666,39.85748583795546,0 32.84331942838944,39.85751700904852,0 32.8432919007089,39.85757791150777,0 32.84321711180053,39.85754548156618,0 
						</coordinates>
					</LinearRing>
				</outerBoundaryIs>
			</Polygon>
		</Placemark>
		<Placemark>
			<name>Adsız Çokgen [508:Polygon]</name>
			<snippet></snippet>
			<styleUrl>#m_ylw-pushpin</styleUrl>
			<Polygon>
				<tessellate>1</tessellate>
				<outerBoundaryIs>
					<LinearRing>
						<coordinates>
							32.84365082814645,39.85720315283841,0 32.84374991088336,39.85721423038243,0 32.84374438442753,39.85731902005777,0 32.84360966179912,39.85729326420505,0 32.84365082814645,39.85720315283841,0 
						</coordinates>
					</LinearRing>
				</outerBoundaryIs>
			</Polygon>
		</Placemark>
		<Placemark>
			<name>Adsız Çokgen [509:Polygon]</name>
			<snippet></snippet>
			<styleUrl>#m_ylw-pushpin</styleUrl>
			<Polygon>
				<tessellate>1</tessellate>
				<outerBoundaryIs>
					<LinearRing>
						<coordinates>
							32.84317283196659,39.85731550511945,0 32.84310004248235,39.85721239059103,0 32.84320083077687,39.85716800767673,0 32.84326782247815,39.85730139234087,0 32.84317283196659,39.85731550511945,0 
						</coordinates>
					</LinearRing>
				</outerBoundaryIs>
			</Polygon>
		</Placemark>
		<Placemark>
			<name>Adsız Çokgen [510:Polygon]</name>
			<snippet></snippet>
			<styleUrl>#m_ylw-pushpin</styleUrl>
			<Polygon>
				<tessellate>1</tessellate>
				<outerBoundaryIs>
					<LinearRing>
						<coordinates>
							32.84308240176487,39.85739387088198,0 32.84315575843664,39.85733418322293,0 32.84323635371283,39.85740046831712,0 32.84314614702723,39.85746509441802,0 32.84308240176487,39.85739387088198,0 
						</coordinates>
					</LinearRing>
				</outerBoundaryIs>
			</Polygon>
		</Placemark>
		<Placemark>
			<name>Adsız Çokgen [511:Polygon]</name>
			<snippet></snippet>
			<styleUrl>#m_ylw-pushpin</styleUrl>
			<Polygon>
				<tessellate>1</tessellate>
				<outerBoundaryIs>
					<LinearRing>
						<coordinates>
							32.84331531403707,39.85703605306276,0 32.84339232392762,39.85700224248974,0 32.84345877616833,39.85711186079776,0 32.84336128167227,39.85715584233743,0 32.84331531403707,39.85703605306276,0 
						</coordinates>
					</LinearRing>
				</outerBoundaryIs>
			</Polygon>
		</Placemark>
		<Placemark>
			<name>Adsız Çokgen [512:Polygon]</name>
			<snippet></snippet>
			<styleUrl>#m_ylw-pushpin</styleUrl>
			<Polygon>
				<tessellate>1</tessellate>
				<outerBoundaryIs>
					<LinearRing>
						<coordinates>
							32.84377703402338,39.856716340632,0 32.84379493035635,39.85672219389501,0 32.84380516440726,39.85672415345467,0 32.84381796935768,39.85673007505687,0 32.843853839021,39.85678327531338,0 32.84374356854671,39.8568477005708,0 32.84365642216704,39.8567886517318,0 32.84377703402338,39.856716340632,0 
						</coordinates>
					</LinearRing>
				</outerBoundaryIs>
			</Polygon>
		</Placemark>
		<Placemark>
			<name>Adsız Çokgen [513:Polygon]</name>
			<snippet></snippet>
			<styleUrl>#m_ylw-pushpin</styleUrl>
			<Polygon>
				<tessellate>1</tessellate>
				<outerBoundaryIs>
					<LinearRing>
						<coordinates>
							32.84299240251229,39.859312072561,0 32.84308157663674,39.85923094553705,0 32.84319480292081,39.85932501044493,0 32.84309475491003,39.85939672940868,0 32.84299240251229,39.859312072561,0 
						</coordinates>
					</LinearRing>
				</outerBoundaryIs>
			</Polygon>
		</Placemark>
		<Placemark>
			<name>Adsız Çokgen [514:Polygon]</name>
			<snippet></snippet>
			<styleUrl>#m_ylw-pushpin</styleUrl>
			<Polygon>
				<tessellate>1</tessellate>
				<outerBoundaryIs>
					<LinearRing>
						<coordinates>
							32.8428047108106,39.85947314372115,0 32.84289836453921,39.85940705670257,0 32.8429977024516,39.85949519046168,0 32.84289624332746,39.85954830814952,0 32.8428047108106,39.85947314372115,0 
						</coordinates>
					</LinearRing>
				</outerBoundaryIs>
			</Polygon>
		</Placemark>
		<Placemark>
			<name>Adsız Çokgen [515:Polygon]</name>
			<snippet></snippet>
			<styleUrl>#m_ylw-pushpin</styleUrl>
			<Polygon>
				<tessellate>1</tessellate>
				<outerBoundaryIs>
					<LinearRing>
						<coordinates>
							32.84290919421493,39.85959418256965,0 32.84298423482944,39.85952149798877,0 32.84310712673727,39.85961334693302,0 32.84302880046813,39.85966633401603,0 32.84290919421493,39.85959418256965,0 
						</coordinates>
					</LinearRing>
				</outerBoundaryIs>
			</Polygon>
		</Placemark>
		<Placemark>
			<name>Adsız Çokgen [516:Polygon]</name>
			<snippet></snippet>
			<styleUrl>#m_ylw-pushpin</styleUrl>
			<Polygon>
				<tessellate>1</tessellate>
				<outerBoundaryIs>
					<LinearRing>
						<coordinates>
							32.84331112482128,39.85972514191128,0 32.84345999197382,39.85976172799663,0 32.84343289152898,39.85991105478124,0 32.84327381709943,39.85987525633845,0 32.84331112482128,39.85972514191128,0 
						</coordinates>
					</LinearRing>
				</outerBoundaryIs>
			</Polygon>
		</Placemark>
		<Placemark>
			<name>Adsız Çokgen [517:Polygon]</name>
			<snippet></snippet>
			<styleUrl>#m_ylw-pushpin</styleUrl>
			<Polygon>
				<tessellate>1</tessellate>
				<outerBoundaryIs>
					<LinearRing>
						<coordinates>
							32.84363438334301,39.85951017957882,0 32.84378290346873,39.85952591056946,0 32.84375661600554,39.85960182181953,0 32.84359471943529,39.8595828495511,0 32.84363438334301,39.85951017957882,0 
						</coordinates>
					</LinearRing>
				</outerBoundaryIs>
			</Polygon>
		</Placemark>
		<Placemark>
			<name>Adsız Çokgen [518:Polygon]</name>
			<snippet></snippet>
			<styleUrl>#m_ylw-pushpin</styleUrl>
			<Polygon>
				<tessellate>1</tessellate>
				<outerBoundaryIs>
					<LinearRing>
						<coordinates>
							32.84375587525518,39.85965516830313,0 32.84379538907294,39.85955210338528,0 32.84390536042378,39.85956797938425,0 32.84386671575538,39.85967085989406,0 32.84375587525518,39.85965516830313,0 
						</coordinates>
					</LinearRing>
				</outerBoundaryIs>
			</Polygon>
		</Placemark>
		<Placemark>
			<name>Adsız Çokgen [519:Polygon]</name>
			<snippet></snippet>
			<styleUrl>#m_ylw-pushpin</styleUrl>
			<Polygon>
				<tessellate>1</tessellate>
				<outerBoundaryIs>
					<LinearRing>
						<coordinates>
							32.84391379463292,39.85957449700281,0 32.84403199072217,39.85958094264461,0 32.84401100503327,39.85966292131135,0 32.8438965795464,39.85965718856797,0 32.84391379463292,39.85957449700281,0 
						</coordinates>
					</LinearRing>
				</outerBoundaryIs>
			</Polygon>
		</Placemark>
		<Placemark>
			<name>Adsız Çokgen [520:Polygon]</name>
			<snippet></snippet>
			<styleUrl>#m_ylw-pushpin</styleUrl>
			<Polygon>
				<tessellate>1</tessellate>
				<outerBoundaryIs>
					<LinearRing>
						<coordinates>
							32.84343640977561,39.85938659624366,0 32.84338596407823,39.8593606234346,0 32.84347742542161,39.85927003737208,0 32.84358224359693,39.85930871558916,0 32.84347294519648,39.85947466489087,0 32.84336260908877,39.85944544215371,0 32.84343640977561,39.85938659624366,0 
						</coordinates>
					</LinearRing>
				</outerBoundaryIs>
			</Polygon>
		</Placemark>
		<Placemark>
			<name>Adsız Çokgen [521:Polygon]</name>
			<snippet></snippet>
			<styleUrl>#m_ylw-pushpin</styleUrl>
			<Polygon>
				<tessellate>1</tessellate>
				<outerBoundaryIs>
					<LinearRing>
						<coordinates>
							32.8432297127972,39.85913467205589,0 32.8433259354017,39.85921842354309,0 32.84325183781574,39.85928609630579,0 32.84312098781979,39.85921163332143,0 32.8432297127972,39.85913467205589,0 
						</coordinates>
					</LinearRing>
				</outerBoundaryIs>
			</Polygon>
		</Placemark>
		<Placemark>
			<name>Adsız Çokgen [522:Polygon]</name>
			<snippet></snippet>
			<styleUrl>#m_ylw-pushpin</styleUrl>
			<Polygon>
				<tessellate>1</tessellate>
				<outerBoundaryIs>
					<LinearRing>
						<coordinates>
							32.84256209091796,39.85900184862547,0 32.84255996512746,39.85883935727406,0 32.84270056367674,39.85883361517768,0 32.84270727754464,39.85899807881935,0 32.84256209091796,39.85900184862547,0 
						</coordinates>
					</LinearRing>
				</outerBoundaryIs>
			</Polygon>
		</Placemark>
		<Placemark>
			<name>Adsız Çokgen [523:Polygon]</name>
			<snippet></snippet>
			<styleUrl>#m_ylw-pushpin</styleUrl>
			<Polygon>
				<tessellate>1</tessellate>
				<outerBoundaryIs>
					<LinearRing>
						<coordinates>
							32.84232262228737,39.85876132292523,0 32.84246882898342,39.8587799288274,0 32.8424288453735,39.85893172684362,0 32.84229373239875,39.85889068222922,0 32.84232262228737,39.85876132292523,0 
						</coordinates>
					</LinearRing>
				</outerBoundaryIs>
			</Polygon>
		</Placemark>
		<Placemark>
			<name>Adsız Çokgen [524:Polygon]</name>
			<snippet></snippet>
			<styleUrl>#m_ylw-pushpin</styleUrl>
			<Polygon>
				<tessellate>1</tessellate>
				<outerBoundaryIs>
					<LinearRing>
						<coordinates>
							32.84250785919886,39.85877151927544,0 32.84255959272222,39.85866060771639,0 32.84267447877524,39.85869044874065,0 32.84262517546676,39.85880808509246,0 32.84250785919886,39.85877151927544,0 
						</coordinates>
					</LinearRing>
				</outerBoundaryIs>
			</Polygon>
		</Placemark>
		<Placemark>
			<name>Adsız Çokgen [525:Polygon]</name>
			<snippet></snippet>
			<styleUrl>#m_ylw-pushpin</styleUrl>
			<Polygon>
				<tessellate>1</tessellate>
				<outerBoundaryIs>
					<LinearRing>
						<coordinates>
							32.84338327314951,39.85883376537063,0 32.84347660063069,39.8587594752351,0 32.84356321216462,39.85882587348215,0 32.84347019823296,39.85890367175065,0 32.84338327314951,39.85883376537063,0 
						</coordinates>
					</LinearRing>
				</outerBoundaryIs>
			</Polygon>
		</Placemark>
		<Placemark>
			<name>Adsız Çokgen [526:Polygon]</name>
			<snippet></snippet>
			<styleUrl>#m_ylw-pushpin</styleUrl>
			<Polygon>
				<tessellate>1</tessellate>
				<outerBoundaryIs>
					<LinearRing>
						<coordinates>
							32.84365116094454,39.85919643317327,0 32.84368092314408,39.85915180092702,0 32.84379745076733,39.8591996808012,0 32.84374696525858,39.85924125043379,0 32.84365116094454,39.85919643317327,0 
						</coordinates>
					</LinearRing>
				</outerBoundaryIs>
			</Polygon>
		</Placemark>
		<Placemark>
			<name>Adsız Çokgen [527:Polygon]</name>
			<snippet></snippet>
			<styleUrl>#m_ylw-pushpin</styleUrl>
			<Polygon>
				<tessellate>1</tessellate>
				<outerBoundaryIs>
					<LinearRing>
						<coordinates>
							32.84492139412096,39.85865891575451,0 32.84494250929305,39.85858102692948,0 32.8450334159444,39.85859184870539,0 32.84502727704511,39.85867195284125,0 32.84492139412096,39.85865891575451,0 
						</coordinates>
					</LinearRing>
				</outerBoundaryIs>
			</Polygon>
		</Placemark>
		<Placemark>
			<name>Adsız Çokgen [528:Polygon]</name>
			<snippet></snippet>
			<styleUrl>#m_ylw-pushpin</styleUrl>
			<Polygon>
				<tessellate>1</tessellate>
				<outerBoundaryIs>
					<LinearRing>
						<coordinates>
							32.84489575479738,39.85888903917219,0 32.84489087141773,39.85881278130221,0 32.84497736496804,39.85881719410625,0 32.84498235518923,39.85888659744349,0 32.84489575479738,39.85888903917219,0 
						</coordinates>
					</LinearRing>
				</outerBoundaryIs>
			</Polygon>
		</Placemark>
		<Placemark>
			<name>Adsız Çokgen [529:Polygon]</name>
			<snippet></snippet>
			<styleUrl>#m_ylw-pushpin</styleUrl>
			<Polygon>
				<tessellate>1</tessellate>
				<outerBoundaryIs>
					<LinearRing>
						<coordinates>
							32.84360296905817,39.85901385896573,0 32.84368163946773,39.85893125688663,0 32.84380589474563,39.85899650431051,0 32.84372452175578,39.85907273550348,0 32.84360296905817,39.85901385896573,0 
						</coordinates>
					</LinearRing>
				</outerBoundaryIs>
			</Polygon>
		</Placemark>
		<Placemark>
			<name>Adsız Çokgen [530:Polygon]</name>
			<snippet></snippet>
			<styleUrl>#m_ylw-pushpin</styleUrl>
			<Polygon>
				<tessellate>1</tessellate>
				<outerBoundaryIs>
					<LinearRing>
						<coordinates>
							32.84376600062156,39.85907949942121,0 32.84382864786524,39.85901479921662,0 32.84392706641431,39.85905387779344,0 32.84384327666013,39.85913518145704,0 32.84376600062156,39.85907949942121,0 
						</coordinates>
					</LinearRing>
				</outerBoundaryIs>
			</Polygon>
		</Placemark>
		<Placemark>
			<name>Adsız Çokgen [531:Polygon]</name>
			<snippet></snippet>
			<styleUrl>#m_ylw-pushpin</styleUrl>
			<Polygon>
				<tessellate>1</tessellate>
				<outerBoundaryIs>
					<LinearRing>
						<coordinates>
							32.84411601286957,39.85913972526014,0 32.84415867487682,39.85907744582649,0 32.84425282229708,39.85910060185353,0 32.84424622899723,39.85916272054919,0 32.84411601286957,39.85913972526014,0 
						</coordinates>
					</LinearRing>
				</outerBoundaryIs>
			</Polygon>
		</Placemark>
		<Placemark>
			<name>Adsız Çokgen [532:Polygon]</name>
			<snippet></snippet>
			<styleUrl>#m_ylw-pushpin</styleUrl>
			<Polygon>
				<tessellate>1</tessellate>
				<outerBoundaryIs>
					<LinearRing>
						<coordinates>
							32.84362647133616,39.85865231735644,0 32.8437230269318,39.85870600287842,0 32.84360588073449,39.85878665472782,0 32.8435098130907,39.85871919277251,0 32.84362647133616,39.85865231735644,0 
						</coordinates>
					</LinearRing>
				</outerBoundaryIs>
			</Polygon>
		</Placemark>
		<Placemark>
			<name>Adsız Çokgen [533:Polygon]</name>
			<snippet></snippet>
			<styleUrl>#m_ylw-pushpin</styleUrl>
			<Polygon>
				<tessellate>1</tessellate>
				<outerBoundaryIs>
					<LinearRing>
						<coordinates>
							32.84323728684458,39.85848193978141,0 32.84336431903021,39.85845933814555,0 32.84341125779881,39.85855126123776,0 32.84331025600996,39.85858305738987,0 32.84323728684458,39.85848193978141,0 
						</coordinates>
					</LinearRing>
				</outerBoundaryIs>
			</Polygon>
		</Placemark>
		<Placemark>
			<name>Adsız Çokgen [534:Polygon]</name>
			<snippet></snippet>
			<styleUrl>#m_ylw-pushpin</styleUrl>
			<Polygon>
				<tessellate>1</tessellate>
				<outerBoundaryIs>
					<LinearRing>
						<coordinates>
							32.84198215467587,39.85922277250133,0 32.84200860723913,39.85913079055843,0 32.84212110816406,39.85915071435282,0 32.84209570589727,39.8591898121442,0 32.84216669639767,39.85920611579988,0 32.84215399811673,39.85925495064641,0 32.84198215467587,39.85922277250133,0 
						</coordinates>
					</LinearRing>
				</outerBoundaryIs>
			</Polygon>
		</Placemark>
		<Placemark>
			<name>Adsız Çokgen [535:Polygon]</name>
			<snippet></snippet>
			<styleUrl>#m_ylw-pushpin</styleUrl>
			<Polygon>
				<tessellate>1</tessellate>
				<outerBoundaryIs>
					<LinearRing>
						<coordinates>
							32.84270970545148,39.85840696408704,0 32.84277721100964,39.85829871135755,0 32.84285596613802,39.85832637745101,0 32.84279266886693,39.85842837491592,0 32.84270970545148,39.85840696408704,0 
						</coordinates>
					</LinearRing>
				</outerBoundaryIs>
			</Polygon>
		</Placemark>
		<Placemark>
			<name>Adsız Çokgen [536:Polygon]</name>
			<snippet></snippet>
			<styleUrl>#m_ylw-pushpin</styleUrl>
			<Polygon>
				<tessellate>1</tessellate>
				<outerBoundaryIs>
					<LinearRing>
						<coordinates>
							32.83990598266775,39.85926162329143,0 32.83980937217093,39.85912141283671,0 32.83990290987086,39.85906908729942,0 32.83999770293384,39.85920874262732,0 32.83990598266775,39.85926162329143,0 
						</coordinates>
					</LinearRing>
				</outerBoundaryIs>
			</Polygon>
		</Placemark>
		<Placemark>
			<name>Adsız Çokgen [537:Polygon]</name>
			<snippet></snippet>
			<styleUrl>#m_ylw-pushpin</styleUrl>
			<Polygon>
				<tessellate>1</tessellate>
				<outerBoundaryIs>
					<LinearRing>
						<coordinates>
							32.84001685464785,39.85937952431025,0 32.83995476754691,39.85927414264219,0 32.84005434210453,39.85922815702494,0 32.84010177543821,39.85933720244746,0 32.84001685464785,39.85937952431025,0 
						</coordinates>
					</LinearRing>
				</outerBoundaryIs>
			</Polygon>
		</Placemark>
		<Placemark>
			<name>Adsız Çokgen [538:Polygon]</name>
			<snippet></snippet>
			<styleUrl>#m_ylw-pushpin</styleUrl>
			<Polygon>
				<tessellate>1</tessellate>
				<outerBoundaryIs>
					<LinearRing>
						<coordinates>
							32.83993831541018,39.85958577016359,0 32.83985928407584,39.85946100579845,0 32.83997269250919,39.85943047700274,0 32.84002589446235,39.85956796563448,0 32.83993831541018,39.85958577016359,0 
						</coordinates>
					</LinearRing>
				</outerBoundaryIs>
			</Polygon>
		</Placemark>
		<Placemark>
			<name>Adsız Çokgen [539:Polygon]</name>
			<snippet></snippet>
			<styleUrl>#m_ylw-pushpin</styleUrl>
			<Polygon>
				<tessellate>1</tessellate>
				<outerBoundaryIs>
					<LinearRing>
						<coordinates>
							32.83970768855637,39.85944217951442,0 32.83968880229968,39.85937668669268,0 32.83977038988639,39.85935764793913,0 32.83980913345688,39.85942864009115,0 32.83970768855637,39.85944217951442,0 
						</coordinates>
					</LinearRing>
				</outerBoundaryIs>
			</Polygon>
		</Placemark>
		<Placemark>
			<name>Adsız Çokgen [540:Polygon]</name>
			<snippet></snippet>
			<styleUrl>#m_ylw-pushpin</styleUrl>
			<Polygon>
				<tessellate>1</tessellate>
				<outerBoundaryIs>
					<LinearRing>
						<coordinates>
							32.83806825700778,39.85886992510774,0 32.83797063712961,39.85877599379696,0 32.83804608286545,39.85870568095107,0 32.8381457640133,39.85880911093369,0 32.83806825700778,39.85886992510774,0 
						</coordinates>
					</LinearRing>
				</outerBoundaryIs>
			</Polygon>
		</Placemark>
		<Placemark>
			<name>Adsız Çokgen [541:Polygon]</name>
			<snippet></snippet>
			<styleUrl>#m_ylw-pushpin</styleUrl>
			<Polygon>
				<tessellate>1</tessellate>
				<outerBoundaryIs>
					<LinearRing>
						<coordinates>
							32.83802718442755,39.85861310007859,0 32.83815137867278,39.8584915042502,0 32.83820702127089,39.85854456619442,0 32.83811082754496,39.85863937189522,0 32.83802718442755,39.85861310007859,0 
						</coordinates>
					</LinearRing>
				</outerBoundaryIs>
			</Polygon>
		</Placemark>
		<Placemark>
			<name>Adsız Çokgen [542:Polygon]</name>
			<snippet></snippet>
			<styleUrl>#m_ylw-pushpin</styleUrl>
			<Polygon>
				<tessellate>1</tessellate>
				<outerBoundaryIs>
					<LinearRing>
						<coordinates>
							32.83820595581098,39.85872004850933,0 32.83826856019301,39.85864133725885,0 32.83834409535961,39.85866350276196,0 32.8382709329771,39.85873871111331,0 32.83820595581098,39.85872004850933,0 
						</coordinates>
					</LinearRing>
				</outerBoundaryIs>
			</Polygon>
		</Placemark>
		<Placemark>
			<name>Adsız Çokgen [543:Polygon]</name>
			<snippet></snippet>
			<styleUrl>#m_ylw-pushpin</styleUrl>
			<Polygon>
				<tessellate>1</tessellate>
				<outerBoundaryIs>
					<LinearRing>
						<coordinates>
							32.83813561544661,39.85891679626949,0 32.8381851411191,39.85884825464248,0 32.83832025015565,39.85889817518002,0 32.83824552953472,39.8589812612711,0 32.83813561544661,39.85891679626949,0 
						</coordinates>
					</LinearRing>
				</outerBoundaryIs>
			</Polygon>
		</Placemark>
		<Placemark>
			<name>Adsız Çokgen [544:Polygon]</name>
			<snippet></snippet>
			<styleUrl>#m_ylw-pushpin</styleUrl>
			<Polygon>
				<tessellate>1</tessellate>
				<outerBoundaryIs>
					<LinearRing>
						<coordinates>
							32.83744611710535,39.86048199443314,0 32.83746040275867,39.86039988004264,0 32.83755859834829,39.8604212240286,0 32.83755362741955,39.86050140676998,0 32.83744611710535,39.86048199443314,0 
						</coordinates>
					</LinearRing>
				</outerBoundaryIs>
			</Polygon>
		</Placemark>
		<Placemark>
			<name>Adsız Çokgen [545:Polygon]</name>
			<snippet></snippet>
			<styleUrl>#m_ylw-pushpin</styleUrl>
			<Polygon>
				<tessellate>1</tessellate>
				<outerBoundaryIs>
					<LinearRing>
						<coordinates>
							32.83747734333459,39.86028010312053,0 32.83749222179669,39.86017109047168,0 32.83759576735922,39.8601651342004,0 32.83760643461711,39.8602825651322,0 32.83747734333459,39.86028010312053,0 
						</coordinates>
					</LinearRing>
				</outerBoundaryIs>
			</Polygon>
		</Placemark>
		<Placemark>
			<name>Adsız Çokgen [546:Polygon]</name>
			<snippet></snippet>
			<styleUrl>#m_ylw-pushpin</styleUrl>
			<Polygon>
				<tessellate>1</tessellate>
				<outerBoundaryIs>
					<LinearRing>
						<coordinates>
							32.83905173520638,39.85972432822266,0 32.83897910614238,39.85966683584122,0 32.83905204658615,39.85962854022991,0 32.83908927659281,39.85968478256197,0 32.83905173520638,39.85972432822266,0 
						</coordinates>
					</LinearRing>
				</outerBoundaryIs>
			</Polygon>
		</Placemark>
		<Placemark>
			<name>Adsız Çokgen [547:Polygon]</name>
			<snippet></snippet>
			<styleUrl>#m_ylw-pushpin</styleUrl>
			<Polygon>
				<tessellate>1</tessellate>
				<outerBoundaryIs>
					<LinearRing>
						<coordinates>
							32.84075934567097,39.859987929148,0 32.84070660625958,39.85984541295992,0 32.84081754978047,39.85980990887988,0 32.84088089040328,39.85996283068095,0 32.84075934567097,39.859987929148,0 
						</coordinates>
					</LinearRing>
				</outerBoundaryIs>
			</Polygon>
		</Placemark>
		<Placemark>
			<name>Adsız Çokgen [548:Polygon]</name>
			<snippet></snippet>
			<styleUrl>#m_ylw-pushpin</styleUrl>
			<Polygon>
				<tessellate>1</tessellate>
				<outerBoundaryIs>
					<LinearRing>
						<coordinates>
							32.84060484377731,39.85971432673442,0 32.84055682321809,39.85959859895768,0 32.84066228295242,39.85957815059345,0 32.84071138103715,39.85969569918284,0 32.84060484377731,39.85971432673442,0 
						</coordinates>
					</LinearRing>
				</outerBoundaryIs>
			</Polygon>
		</Placemark>
		<Placemark>
			<name>Adsız Çokgen [549:Polygon]</name>
			<snippet></snippet>
			<styleUrl>#m_ylw-pushpin</styleUrl>
			<Polygon>
				<tessellate>1</tessellate>
				<outerBoundaryIs>
					<LinearRing>
						<coordinates>
							32.84024280520324,39.85940803549595,0 32.8401828643679,39.85933463771057,0 32.84026628370718,39.85929638527877,0 32.84032284396104,39.85936735428081,0 32.84024280520324,39.85940803549595,0 
						</coordinates>
					</LinearRing>
				</outerBoundaryIs>
			</Polygon>
		</Placemark>
		<Placemark>
			<name>Adsız Çokgen [550:Polygon]</name>
			<snippet></snippet>
			<styleUrl>#m_ylw-pushpin</styleUrl>
			<Polygon>
				<tessellate>1</tessellate>
				<outerBoundaryIs>
					<LinearRing>
						<coordinates>
							32.84116202743063,39.86091115675415,0 32.84110709174293,39.86084362800058,0 32.84116286806392,39.86082135578831,0 32.84123734792953,39.86087863331928,0 32.84116202743063,39.86091115675415,0 
						</coordinates>
					</LinearRing>
				</outerBoundaryIs>
			</Polygon>
		</Placemark>
		<Placemark>
			<name>Adsız Çokgen [551:Polygon]</name>
			<snippet></snippet>
			<styleUrl>#m_ylw-pushpin</styleUrl>
			<Polygon>
				<tessellate>1</tessellate>
				<outerBoundaryIs>
					<LinearRing>
						<coordinates>
							32.84396769437295,39.85788456464114,0 32.84387543354293,39.8578201186272,0 32.84396996135889,39.85775960538214,0 32.84403845043873,39.85783199131352,0 32.84396769437295,39.85788456464114,0 
						</coordinates>
					</LinearRing>
				</outerBoundaryIs>
			</Polygon>
		</Placemark>
		<Placemark>
			<name>Adsız Çokgen [552:Polygon]</name>
			<snippet></snippet>
			<styleUrl>#m_ylw-pushpin</styleUrl>
			<Polygon>
				<tessellate>1</tessellate>
				<outerBoundaryIs>
					<LinearRing>
						<coordinates>
							32.84490643915088,39.85984973091269,0 32.84490887703565,39.85975839899357,0 32.84501607507435,39.85974072370216,0 32.84503375320446,39.85983441234681,0 32.84490643915088,39.85984973091269,0 
						</coordinates>
					</LinearRing>
				</outerBoundaryIs>
			</Polygon>
		</Placemark>
		<Placemark>
			<name>Adsız Çokgen [553:Polygon]</name>
			<snippet></snippet>
			<styleUrl>#m_ylw-pushpin</styleUrl>
			<Polygon>
				<tessellate>1</tessellate>
				<outerBoundaryIs>
					<LinearRing>
						<coordinates>
							32.84514940683717,39.86041414653755,0 32.84510268329751,39.86034246845365,0 32.84519250763104,39.86031599639435,0 32.84524584397047,39.86040957773933,0 32.84514940683717,39.86041414653755,0 
						</coordinates>
					</LinearRing>
				</outerBoundaryIs>
			</Polygon>
		</Placemark>
		<Placemark>
			<name>Adsız Çokgen [554:Polygon]</name>
			<snippet></snippet>
			<styleUrl>#m_ylw-pushpin</styleUrl>
			<Polygon>
				<tessellate>1</tessellate>
				<outerBoundaryIs>
					<LinearRing>
						<coordinates>
							32.84492055099445,39.86112851851806,0 32.84482200263979,39.86106593916033,0 32.84491957885091,39.86099374215084,0 32.8450223268918,39.86104957699597,0 32.84492055099445,39.86112851851806,0 
						</coordinates>
					</LinearRing>
				</outerBoundaryIs>
			</Polygon>
		</Placemark>
		<Placemark>
			<name>Adsız Çokgen [555:Polygon]</name>
			<snippet></snippet>
			<styleUrl>#m_ylw-pushpin</styleUrl>
			<Polygon>
				<tessellate>1</tessellate>
				<outerBoundaryIs>
					<LinearRing>
						<coordinates>
							32.84427116404814,39.86101181171178,0 32.84422731286933,39.86091582382711,0 32.84435147810796,39.86089268465752,0 32.84437412655118,39.86097469126214,0 32.84427116404814,39.86101181171178,0 
						</coordinates>
					</LinearRing>
				</outerBoundaryIs>
			</Polygon>
		</Placemark>
		<Placemark>
			<name>Adsız Çokgen [556:Polygon]</name>
			<snippet></snippet>
			<styleUrl>#m_ylw-pushpin</styleUrl>
			<Polygon>
				<tessellate>1</tessellate>
				<outerBoundaryIs>
					<LinearRing>
						<coordinates>
							32.84458133353283,39.86080734477355,0 32.84457301101288,39.86071320154932,0 32.84469977406346,39.86071381180012,0 32.84472743177779,39.86076636843128,0 32.84458133353283,39.86080734477355,0 
						</coordinates>
					</LinearRing>
				</outerBoundaryIs>
			</Polygon>
		</Placemark>
		<Placemark>
			<name>Adsız Çokgen [557:Polygon]</name>
			<snippet></snippet>
			<styleUrl>#m_ylw-pushpin</styleUrl>
			<Polygon>
				<tessellate>1</tessellate>
				<outerBoundaryIs>
					<LinearRing>
						<coordinates>
							32.84480547284333,39.86073682914071,0 32.84474656856123,39.86065892037043,0 32.84486714589207,39.86058820034357,0 32.84492328150767,39.86066849645238,0 32.84480547284333,39.86073682914071,0 
						</coordinates>
					</LinearRing>
				</outerBoundaryIs>
			</Polygon>
		</Placemark>
		<Placemark>
			<name>Adsız Çokgen [558:Polygon]</name>
			<snippet></snippet>
			<styleUrl>#m_ylw-pushpin</styleUrl>
			<Polygon>
				<tessellate>1</tessellate>
				<outerBoundaryIs>
					<LinearRing>
						<coordinates>
							32.844895458119,39.86057463537566,0 32.84499092858434,39.86053388733413,0 32.84503738383735,39.86061059385688,0 32.84493045381965,39.86065743906396,0 32.844895458119,39.86057463537566,0 
						</coordinates>
					</LinearRing>
				</outerBoundaryIs>
			</Polygon>
		</Placemark>
		<Placemark>
			<name>Adsız Çokgen [559:Polygon]</name>
			<snippet></snippet>
			<styleUrl>#m_ylw-pushpin</styleUrl>
			<Polygon>
				<tessellate>1</tessellate>
				<outerBoundaryIs>
					<LinearRing>
						<coordinates>
							32.84423441194741,39.86169197595629,0 32.84413265280384,39.86165294958059,0 32.84420904003774,39.86155213239,0 32.84430224174453,39.86157860606289,0 32.84423441194741,39.86169197595629,0 
						</coordinates>
					</LinearRing>
				</outerBoundaryIs>
			</Polygon>
		</Placemark>
		<Placemark>
			<name>Adsız Çokgen [560:Polygon]</name>
			<snippet></snippet>
			<styleUrl>#m_ylw-pushpin</styleUrl>
			<Polygon>
				<tessellate>1</tessellate>
				<outerBoundaryIs>
					<LinearRing>
						<coordinates>
							32.84415639375427,39.86205007782766,0 32.84412897348671,39.86190628977936,0 32.84425453848705,39.86190403258565,0 32.8442492694229,39.86203141762923,0 32.84415639375427,39.86205007782766,0 
						</coordinates>
					</LinearRing>
				</outerBoundaryIs>
			</Polygon>
		</Placemark>
		<Placemark>
			<name>Adsız Çokgen [561:Polygon]</name>
			<snippet></snippet>
			<styleUrl>#m_ylw-pushpin</styleUrl>
			<Polygon>
				<tessellate>1</tessellate>
				<outerBoundaryIs>
					<LinearRing>
						<coordinates>
							32.84402554384632,39.861977090677,0 32.84396163230668,39.86187190194074,0 32.84405527245513,39.86186937932665,0 32.84408825751611,39.86196114631024,0 32.84402554384632,39.861977090677,0 
						</coordinates>
					</LinearRing>
				</outerBoundaryIs>
			</Polygon>
		</Placemark>
		<Placemark>
			<name>Adsız Çokgen [562:Polygon]</name>
			<snippet></snippet>
			<styleUrl>#m_ylw-pushpin</styleUrl>
			<Polygon>
				<tessellate>1</tessellate>
				<outerBoundaryIs>
					<LinearRing>
						<coordinates>
							32.84413024758142,39.86184637951711,0 32.84403947534861,39.86175384229948,0 32.84416700660135,39.86171707342351,0 32.84424414845,39.86178830332308,0 32.84423678229463,39.86178840271713,0 32.84413024758142,39.86184637951711,0 
						</coordinates>
					</LinearRing>
				</outerBoundaryIs>
			</Polygon>
		</Placemark>
		<Placemark>
			<name>Adsız Çokgen [563:Polygon]</name>
			<snippet></snippet>
			<styleUrl>#m_ylw-pushpin</styleUrl>
			<Polygon>
				<tessellate>1</tessellate>
				<outerBoundaryIs>
					<LinearRing>
						<coordinates>
							32.8438943061121,39.86167667038645,0 32.84385589177919,39.86158349588391,0 32.8439941482471,39.8615309545319,0 32.84404353216669,39.86163474944866,0 32.8438943061121,39.86167667038645,0 
						</coordinates>
					</LinearRing>
				</outerBoundaryIs>
			</Polygon>
		</Placemark>
		<Placemark>
			<name>Adsız Çokgen [564:Polygon]</name>
			<snippet></snippet>
			<styleUrl>#m_ylw-pushpin</styleUrl>
			<Polygon>
				<tessellate>1</tessellate>
				<outerBoundaryIs>
					<LinearRing>
						<coordinates>
							32.84450986617144,39.86196415932913,0 32.84448855551844,39.86186016554613,0 32.84458607922186,39.86185198506795,0 32.84462404268712,39.86194780092225,0 32.84450986617144,39.86196415932913,0 
						</coordinates>
					</LinearRing>
				</outerBoundaryIs>
			</Polygon>
		</Placemark>
		<Placemark>
			<name>Adsız Çokgen [565:Polygon]</name>
			<snippet></snippet>
			<styleUrl>#m_ylw-pushpin</styleUrl>
			<Polygon>
				<tessellate>1</tessellate>
				<outerBoundaryIs>
					<LinearRing>
						<coordinates>
							32.8446778135926,39.86192899092246,0 32.84459545216787,39.8617778325935,0 32.84472586574675,39.86178575600298,0 32.84476016821797,39.86188101493163,0 32.8446778135926,39.86192899092246,0 
						</coordinates>
					</LinearRing>
				</outerBoundaryIs>
			</Polygon>
		</Placemark>
		<Placemark>
			<name>Adsız Çokgen [566:Polygon]</name>
			<snippet></snippet>
			<styleUrl>#m_ylw-pushpin</styleUrl>
			<Polygon>
				<tessellate>1</tessellate>
				<outerBoundaryIs>
					<LinearRing>
						<coordinates>
							32.84490086378197,39.86174703565483,0 32.84482022335585,39.86165858168872,0 32.8449060885601,39.86161401327642,0 32.84497889949363,39.8617111601631,0 32.84490086378197,39.86174703565483,0 
						</coordinates>
					</LinearRing>
				</outerBoundaryIs>
			</Polygon>
		</Placemark>
		<Placemark>
			<name>Adsız Çokgen [567:Polygon]</name>
			<snippet></snippet>
			<styleUrl>#m_ylw-pushpin</styleUrl>
			<Polygon>
				<tessellate>1</tessellate>
				<outerBoundaryIs>
					<LinearRing>
						<coordinates>
							32.84472872789922,39.86157658164365,0 32.84459962860211,39.861464730278,0 32.84472580035532,39.86140507240525,0 32.84480261012622,39.86149962169004,0 32.84472872789922,39.86157658164365,0 
						</coordinates>
					</LinearRing>
				</outerBoundaryIs>
			</Polygon>
		</Placemark>
		<Placemark>
			<name>Adsız Çokgen [568:Polygon]</name>
			<snippet></snippet>
			<styleUrl>#m_ylw-pushpin</styleUrl>
			<Polygon>
				<tessellate>1</tessellate>
				<outerBoundaryIs>
					<LinearRing>
						<coordinates>
							32.84445383746831,39.86136265857049,0 32.84458604282958,39.8612960885334,0 32.8446379126015,39.86134799506199,0 32.84453165947886,39.86141712838881,0 32.84445383746831,39.86136265857049,0 
						</coordinates>
					</LinearRing>
				</outerBoundaryIs>
			</Polygon>
		</Placemark>
		<Placemark>
			<name>Adsız Çokgen [569:Polygon]</name>
			<snippet></snippet>
			<styleUrl>#m_ylw-pushpin</styleUrl>
			<Polygon>
				<tessellate>1</tessellate>
				<outerBoundaryIs>
					<LinearRing>
						<coordinates>
							32.84434599252119,39.86137469119469,0 32.84430267697145,39.86132556818485,0 32.84440027972013,39.86131039525741,0 32.84442899424473,39.861368690771,0 32.84434599252119,39.86137469119469,0 
						</coordinates>
					</LinearRing>
				</outerBoundaryIs>
			</Polygon>
		</Placemark>
		<Placemark>
			<name>Adsız Çokgen [570:Polygon]</name>
			<snippet></snippet>
			<styleUrl>#m_ylw-pushpin</styleUrl>
			<Polygon>
				<tessellate>1</tessellate>
				<outerBoundaryIs>
					<LinearRing>
						<coordinates>
							32.8441462570937,39.86136822791514,0 32.84425308481804,39.86130683290322,0 32.84435304645083,39.86140209612089,0 32.84427391344047,39.86145373520444,0 32.8441462570937,39.86136822791514,0 
						</coordinates>
					</LinearRing>
				</outerBoundaryIs>
			</Polygon>
		</Placemark>
		<Placemark>
			<name>Adsız Çokgen [571:Polygon]</name>
			<snippet></snippet>
			<styleUrl>#m_ylw-pushpin</styleUrl>
			<Polygon>
				<tessellate>1</tessellate>
				<outerBoundaryIs>
					<LinearRing>
						<coordinates>
							32.84448174598952,39.86171463920505,0 32.84449531905905,39.86163165168027,0 32.84458939353332,39.86162773883017,0 32.84459077758486,39.8617223618092,0 32.84448174598952,39.86171463920505,0 
						</coordinates>
					</LinearRing>
				</outerBoundaryIs>
			</Polygon>
		</Placemark>
		<Placemark>
			<name>Adsız Çokgen [572:Polygon]</name>
			<snippet></snippet>
			<styleUrl>#m_ylw-pushpin</styleUrl>
			<Polygon>
				<tessellate>1</tessellate>
				<outerBoundaryIs>
					<LinearRing>
						<coordinates>
							32.84466954919903,39.86159753851891,0 32.84477234552443,39.86159112698588,0 32.8447646595336,39.86171222161705,0 32.84468209306731,39.86170682241237,0 32.84466954919903,39.86159753851891,0 
						</coordinates>
					</LinearRing>
				</outerBoundaryIs>
			</Polygon>
		</Placemark>
		<Placemark>
			<name>Adsız Çokgen [573:Polygon]</name>
			<snippet></snippet>
			<styleUrl>#m_ylw-pushpin</styleUrl>
			<Polygon>
				<tessellate>1</tessellate>
				<outerBoundaryIs>
					<LinearRing>
						<coordinates>
							32.84525669886271,39.86132290251667,0 32.84536581537915,39.861273781143,0 32.84546118316128,39.86142831268867,0 32.8453769508714,39.86147214146523,0 32.84525669886271,39.86132290251667,0 
						</coordinates>
					</LinearRing>
				</outerBoundaryIs>
			</Polygon>
		</Placemark>
		<Placemark>
			<name>Adsız Çokgen [574:Polygon]</name>
			<snippet></snippet>
			<styleUrl>#m_ylw-pushpin</styleUrl>
			<Polygon>
				<tessellate>1</tessellate>
				<outerBoundaryIs>
					<LinearRing>
						<coordinates>
							32.84546503748988,39.86114005569111,0 32.84557190818514,39.86120200333407,0 32.84551867743039,39.86125687450679,0 32.84539576909728,39.86119185069479,0 32.84546503748988,39.86114005569111,0 
						</coordinates>
					</LinearRing>
				</outerBoundaryIs>
			</Polygon>
		</Placemark>
		<Placemark>
			<name>Adsız Çokgen [575:Polygon]</name>
			<snippet></snippet>
			<styleUrl>#m_ylw-pushpin</styleUrl>
			<Polygon>
				<tessellate>1</tessellate>
				<outerBoundaryIs>
					<LinearRing>
						<coordinates>
							32.84548427377167,39.86114615123744,0 32.84552945335129,39.86105550393233,0 32.84563629326091,39.86112416474714,0 32.84560603364454,39.861179017988,0 32.84548427377167,39.86114615123744,0 
						</coordinates>
					</LinearRing>
				</outerBoundaryIs>
			</Polygon>
		</Placemark>
		<Placemark>
			<name>Adsız Çokgen [576:Polygon]</name>
			<snippet></snippet>
			<styleUrl>#m_ylw-pushpin</styleUrl>
			<Polygon>
				<tessellate>1</tessellate>
				<outerBoundaryIs>
					<LinearRing>
						<coordinates>
							32.84560858918361,39.86094578782489,0 32.8457305827238,39.86099921199564,0 32.84566275965263,39.86111572295247,0 32.84553267208165,39.86103115733309,0 32.84560858918361,39.86094578782489,0 
						</coordinates>
					</LinearRing>
				</outerBoundaryIs>
			</Polygon>
		</Placemark>
		<Placemark>
			<name>Adsız Çokgen [577:Polygon]</name>
			<snippet></snippet>
			<styleUrl>#m_ylw-pushpin</styleUrl>
			<Polygon>
				<tessellate>1</tessellate>
				<outerBoundaryIs>
					<LinearRing>
						<coordinates>
							32.84426588275969,39.86222041948519,0 32.8442008539162,39.8620953924468,0 32.84432272917432,39.86205097483479,0 32.84442170928377,39.86217531835242,0 32.84426588275969,39.86222041948519,0 
						</coordinates>
					</LinearRing>
				</outerBoundaryIs>
			</Polygon>
		</Placemark>
		<Placemark>
			<name>Adsız Çokgen [578:Polygon]</name>
			<snippet></snippet>
			<styleUrl>#m_ylw-pushpin</styleUrl>
			<Polygon>
				<tessellate>1</tessellate>
				<outerBoundaryIs>
					<LinearRing>
						<coordinates>
							32.8442916576214,39.861831280351,0 32.84443574254043,39.86184329831251,0 32.84445283158757,39.86196454979953,0 32.84431901169911,39.86197149595763,0 32.8442916576214,39.861831280351,0 
						</coordinates>
					</LinearRing>
				</outerBoundaryIs>
			</Polygon>
		</Placemark>
		<Placemark>
			<name>Adsız Çokgen [579:Polygon]</name>
			<snippet></snippet>
			<styleUrl>#m_ylw-pushpin</styleUrl>
			<Polygon>
				<tessellate>1</tessellate>
				<outerBoundaryIs>
					<LinearRing>
						<coordinates>
							32.84446446154478,39.86212512845397,0 32.8443719464488,39.86201416755371,0 32.84446331428947,39.8619751596741,0 32.84457578321904,39.86207776048578,0 32.84446446154478,39.86212512845397,0 
						</coordinates>
					</LinearRing>
				</outerBoundaryIs>
			</Polygon>
		</Placemark>
		<Placemark>
			<name>Adsız Çokgen [580:Polygon]</name>
			<snippet></snippet>
			<styleUrl>#m_ylw-pushpin</styleUrl>
			<Polygon>
				<tessellate>1</tessellate>
				<outerBoundaryIs>
					<LinearRing>
						<coordinates>
							32.84326769569596,39.86113263299958,0 32.84328166655947,39.86104596624656,0 32.84345431436918,39.86102994250919,0 32.84344144359451,39.86111071597826,0 32.84326769569596,39.86113263299958,0 
						</coordinates>
					</LinearRing>
				</outerBoundaryIs>
			</Polygon>
		</Placemark>
		<Placemark>
			<name>Adsız Çokgen [581:Polygon]</name>
			<snippet></snippet>
			<styleUrl>#m_ylw-pushpin</styleUrl>
			<Polygon>
				<tessellate>1</tessellate>
				<outerBoundaryIs>
					<LinearRing>
						<coordinates>
							32.84539786730091,39.86194915248924,0 32.84536267935925,39.86187670136934,0 32.84548493352123,39.86183684688492,0 32.8455183361335,39.86193617525641,0 32.84539786730091,39.86194915248924,0 
						</coordinates>
					</LinearRing>
				</outerBoundaryIs>
			</Polygon>
		</Placemark>
		<Placemark>
			<name>Adsız Çokgen [582:Polygon]</name>
			<snippet></snippet>
			<styleUrl>#m_ylw-pushpin</styleUrl>
			<Polygon>
				<tessellate>1</tessellate>
				<outerBoundaryIs>
					<LinearRing>
						<coordinates>
							32.84396991035607,39.86168542238408,0 32.8441251185975,39.86165881478699,0 32.84414477350848,39.8616969620054,0 32.84400753165884,39.86174766806214,0 32.84396991035607,39.86168542238408,0 
						</coordinates>
					</LinearRing>
				</outerBoundaryIs>
			</Polygon>
		</Placemark>
		<Placemark>
			<name>Adsız Çokgen [583:Polygon]</name>
			<snippet></snippet>
			<styleUrl>#m_ylw-pushpin</styleUrl>
			<Polygon>
				<tessellate>1</tessellate>
				<outerBoundaryIs>
					<LinearRing>
						<coordinates>
							32.84619952975851,39.86174470827088,0 32.84630152829548,39.86175163392321,0 32.84630942255909,39.86184603030388,0 32.84621563248338,39.86185314205565,0 32.84619952975851,39.86174470827088,0 
						</coordinates>
					</LinearRing>
				</outerBoundaryIs>
			</Polygon>
		</Placemark>
		<Placemark>
			<name>Adsız Çokgen [584:Polygon]</name>
			<snippet></snippet>
			<styleUrl>#m_ylw-pushpin</styleUrl>
			<Polygon>
				<tessellate>1</tessellate>
				<outerBoundaryIs>
					<LinearRing>
						<coordinates>
							32.84540847432185,39.86200963372593,0 32.84554342811066,39.86202212705072,0 32.8455980478937,39.86210716966603,0 32.84544422240516,39.86211261389416,0 32.84540847432185,39.86200963372593,0 
						</coordinates>
					</LinearRing>
				</outerBoundaryIs>
			</Polygon>
		</Placemark>
		<Placemark>
			<name>Adsız Çokgen [585:Polygon]</name>
			<snippet></snippet>
			<styleUrl>#m_ylw-pushpin</styleUrl>
			<Polygon>
				<tessellate>1</tessellate>
				<outerBoundaryIs>
					<LinearRing>
						<coordinates>
							32.84672350535848,39.86169505900261,0 32.84671755610798,39.86169280263396,0 32.84675965556632,39.86161020180123,0 32.8469391965563,39.86165054934524,0 32.84693629670392,39.86172915161259,0 32.84672350535848,39.86169505900261,0 
						</coordinates>
					</LinearRing>
				</outerBoundaryIs>
			</Polygon>
		</Placemark>
		<Placemark>
			<name>Adsız Çokgen [586:Polygon]</name>
			<snippet></snippet>
			<styleUrl>#m_ylw-pushpin</styleUrl>
			<Polygon>
				<tessellate>1</tessellate>
				<outerBoundaryIs>
					<LinearRing>
						<coordinates>
							32.84636610800225,39.86156208240929,0 32.84656619852578,39.86158284385875,0 32.84656084841225,39.86168359638718,0 32.84643331736476,39.86168111789135,0 32.84636610800225,39.86156208240929,0 
						</coordinates>
					</LinearRing>
				</outerBoundaryIs>
			</Polygon>
		</Placemark>
		<Placemark>
			<name>Adsız Çokgen [587:Polygon]</name>
			<snippet></snippet>
			<styleUrl>#m_ylw-pushpin</styleUrl>
			<Polygon>
				<tessellate>1</tessellate>
				<outerBoundaryIs>
					<LinearRing>
						<coordinates>
							32.84648393812369,39.86155148773948,0 32.84651894723394,39.86146222186116,0 32.84666417247235,39.86149137788286,0 32.84664225845307,39.8615810379131,0 32.84648393812369,39.86155148773948,0 
						</coordinates>
					</LinearRing>
				</outerBoundaryIs>
			</Polygon>
		</Placemark>
		<Placemark>
			<name>Adsız Çokgen [588:Polygon]</name>
			<snippet></snippet>
			<styleUrl>#m_ylw-pushpin</styleUrl>
			<Polygon>
				<tessellate>1</tessellate>
				<outerBoundaryIs>
					<LinearRing>
						<coordinates>
							32.84734396118422,39.86160692823478,0 32.84741314624052,39.86155248105624,0 32.84750448560539,39.86161560467288,0 32.84745448326364,39.86166548995207,0 32.84734396118422,39.86160692823478,0 
						</coordinates>
					</LinearRing>
				</outerBoundaryIs>
			</Polygon>
		</Placemark>
		<Placemark>
			<name>Adsız Çokgen [589:Polygon]</name>
			<snippet></snippet>
			<styleUrl>#m_ylw-pushpin</styleUrl>
			<Polygon>
				<tessellate>1</tessellate>
				<outerBoundaryIs>
					<LinearRing>
						<coordinates>
							32.84755644386145,39.86168574535463,0 32.8476601625589,39.86160194798872,0 32.84772726951731,39.861666161407,0 32.84765119497692,39.86173337124323,0 32.84755644386145,39.86168574535463,0 
						</coordinates>
					</LinearRing>
				</outerBoundaryIs>
			</Polygon>
		</Placemark>
		<Placemark>
			<name>Adsız Çokgen [590:Polygon]</name>
			<snippet></snippet>
			<styleUrl>#m_ylw-pushpin</styleUrl>
			<Polygon>
				<tessellate>1</tessellate>
				<outerBoundaryIs>
					<LinearRing>
						<coordinates>
							32.84805417105305,39.86176141740154,0 32.84815600452433,39.86171346196868,0 32.84821986735449,39.86180523095362,0 32.84811526047903,39.86184188253628,0 32.84805417105305,39.86176141740154,0 
						</coordinates>
					</LinearRing>
				</outerBoundaryIs>
			</Polygon>
		</Placemark>
		<Placemark>
			<name>Adsız Çokgen [591:Polygon]</name>
			<snippet></snippet>
			<styleUrl>#m_ylw-pushpin</styleUrl>
			<Polygon>
				<tessellate>1</tessellate>
				<outerBoundaryIs>
					<LinearRing>
						<coordinates>
							32.84655019422845,39.86137356214408,0 32.84657043360686,39.86129010421079,0 32.84666804663495,39.8613074464895,0 32.84664767876835,39.86140500018617,0 32.84655019422845,39.86137356214408,0 
						</coordinates>
					</LinearRing>
				</outerBoundaryIs>
			</Polygon>
		</Placemark>
		<Placemark>
			<name>Adsız Çokgen [592:Polygon]</name>
			<snippet></snippet>
			<styleUrl>#m_ylw-pushpin</styleUrl>
			<Polygon>
				<tessellate>1</tessellate>
				<outerBoundaryIs>
					<LinearRing>
						<coordinates>
							32.84644515207408,39.8613278607883,0 32.84648251132948,39.86126710190824,0 32.84655101123136,39.86126995765171,0 32.84654287515072,39.8613527112995,0 32.84644515207408,39.8613278607883,0 
						</coordinates>
					</LinearRing>
				</outerBoundaryIs>
			</Polygon>
		</Placemark>
		<Placemark>
			<name>Adsız Çokgen [593:Polygon]</name>
			<snippet></snippet>
			<styleUrl>#m_ylw-pushpin</styleUrl>
			<Polygon>
				<tessellate>1</tessellate>
				<outerBoundaryIs>
					<LinearRing>
						<coordinates>
							32.84708300454929,39.8610678340984,0 32.8469972684411,39.86095251397035,0 32.84709749398345,39.86091825140745,0 32.84714732997097,39.86101617234827,0 32.84708300454929,39.8610678340984,0 
						</coordinates>
					</LinearRing>
				</outerBoundaryIs>
			</Polygon>
		</Placemark>
		<Placemark>
			<name>Adsız Çokgen [594:Polygon]</name>
			<snippet></snippet>
			<styleUrl>#m_ylw-pushpin</styleUrl>
			<Polygon>
				<tessellate>1</tessellate>
				<outerBoundaryIs>
					<LinearRing>
						<coordinates>
							32.84715546907493,39.86104832328007,0 32.84721422346821,39.86096678152373,0 32.84731662038597,39.86100479303645,0 32.84724674771178,39.8610980360213,0 32.84715546907493,39.86104832328007,0 
						</coordinates>
					</LinearRing>
				</outerBoundaryIs>
			</Polygon>
		</Placemark>
		<Placemark>
			<name>Adsız Çokgen [595:Polygon]</name>
			<snippet></snippet>
			<styleUrl>#m_ylw-pushpin</styleUrl>
			<Polygon>
				<tessellate>1</tessellate>
				<outerBoundaryIs>
					<LinearRing>
						<coordinates>
							32.84738020164609,39.86112238274487,0 32.84745188442652,39.86105719477983,0 32.84755680730548,39.86112306534559,0 32.84750477837702,39.86116882345588,0 32.84738020164609,39.86112238274487,0 
						</coordinates>
					</LinearRing>
				</outerBoundaryIs>
			</Polygon>
		</Placemark>
		<Placemark>
			<name>Adsız Çokgen [596:Polygon]</name>
			<snippet></snippet>
			<styleUrl>#m_ylw-pushpin</styleUrl>
			<Polygon>
				<tessellate>1</tessellate>
				<outerBoundaryIs>
					<LinearRing>
						<coordinates>
							32.84712540390406,39.86086498602071,0 32.84708348110165,39.86075016999616,0 32.84717841157421,39.86071627257195,0 32.8472340155007,39.86082010535683,0 32.84712540390406,39.86086498602071,0 
						</coordinates>
					</LinearRing>
				</outerBoundaryIs>
			</Polygon>
		</Placemark>
		<Placemark>
			<name>Adsız Çokgen [597:Polygon]</name>
			<snippet></snippet>
			<styleUrl>#m_ylw-pushpin</styleUrl>
			<Polygon>
				<tessellate>1</tessellate>
				<outerBoundaryIs>
					<LinearRing>
						<coordinates>
							32.84723375342448,39.8609326043395,0 32.84718673842588,39.86086052531333,0 32.84726992386332,39.86083911599569,0 32.84729741474425,39.86091965815505,0 32.84723375342448,39.8609326043395,0 
						</coordinates>
					</LinearRing>
				</outerBoundaryIs>
			</Polygon>
		</Placemark>
		<Placemark>
			<name>Adsız Çokgen [598:Polygon]</name>
			<snippet></snippet>
			<styleUrl>#m_ylw-pushpin</styleUrl>
			<Polygon>
				<tessellate>1</tessellate>
				<outerBoundaryIs>
					<LinearRing>
						<coordinates>
							32.84689752574855,39.86048501950906,0 32.84699918554472,39.86039515830576,0 32.84705361689601,39.86044366495338,0 32.84700853557754,39.86047118664118,0 32.84705123442006,39.86050826920743,0 32.84696371756648,39.86055479429927,0 32.84689752574855,39.86048501950906,0 
						</coordinates>
					</LinearRing>
				</outerBoundaryIs>
			</Polygon>
		</Placemark>
		<Placemark>
			<name>Adsız Çokgen [599:Polygon]</name>
			<snippet></snippet>
			<styleUrl>#m_ylw-pushpin</styleUrl>
			<Polygon>
				<tessellate>1</tessellate>
				<outerBoundaryIs>
					<LinearRing>
						<coordinates>
							32.84660749521932,39.8605339038461,0 32.84650359868149,39.86045616455252,0 32.8466000430305,39.86038412783611,0 32.84668807616418,39.86046238650846,0 32.84660749521932,39.8605339038461,0 
						</coordinates>
					</LinearRing>
				</outerBoundaryIs>
			</Polygon>
		</Placemark>
		<Placemark>
			<name>Adsız Çokgen [600:Polygon]</name>
			<snippet></snippet>
			<styleUrl>#m_ylw-pushpin</styleUrl>
			<Polygon>
				<tessellate>1</tessellate>
				<outerBoundaryIs>
					<LinearRing>
						<coordinates>
							32.84671953170379,39.86044073426655,0 32.84663496713129,39.86037117804867,0 32.8467056364702,39.86030888554723,0 32.84678087602613,39.86037474209581,0 32.84671953170379,39.86044073426655,0 
						</coordinates>
					</LinearRing>
				</outerBoundaryIs>
			</Polygon>
		</Placemark>
		<Placemark>
			<name>Adsız Çokgen [601:Polygon]</name>
			<snippet></snippet>
			<styleUrl>#m_ylw-pushpin</styleUrl>
			<Polygon>
				<tessellate>1</tessellate>
				<outerBoundaryIs>
					<LinearRing>
						<coordinates>
							32.84737466290392,39.86068305259712,0 32.84739110615426,39.86054829944633,0 32.84750579855874,39.86056374044342,0 32.8474703091826,39.8606853531399,0 32.84737466290392,39.86068305259712,0 
						</coordinates>
					</LinearRing>
				</outerBoundaryIs>
			</Polygon>
		</Placemark>
		<Placemark>
			<name>Adsız Çokgen [602:Polygon]</name>
			<snippet></snippet>
			<styleUrl>#m_ylw-pushpin</styleUrl>
			<Polygon>
				<tessellate>1</tessellate>
				<outerBoundaryIs>
					<LinearRing>
						<coordinates>
							32.84519420043083,39.85979363452426,0 32.8451805811554,39.8596649721819,0 32.84531252476489,39.8596651395045,0 32.84530862629479,39.85977099160105,0 32.84519420043083,39.85979363452426,0 
						</coordinates>
					</LinearRing>
				</outerBoundaryIs>
			</Polygon>
		</Placemark>
		<Placemark>
			<name>Adsız Çokgen [603:Polygon]</name>
			<snippet></snippet>
			<styleUrl>#m_ylw-pushpin</styleUrl>
			<Polygon>
				<tessellate>1</tessellate>
				<outerBoundaryIs>
					<LinearRing>
						<coordinates>
							32.84550263425474,39.85988242338856,0 32.84548976125754,39.85978340789803,0 32.84558287136324,39.8597782999022,0 32.8455956257157,39.85987644891755,0 32.84550263425474,39.85988242338856,0 
						</coordinates>
					</LinearRing>
				</outerBoundaryIs>
			</Polygon>
		</Placemark>
		<Placemark>
			<name>Adsız Çokgen [604:Polygon]</name>
			<snippet></snippet>
			<styleUrl>#m_ylw-pushpin</styleUrl>
			<Polygon>
				<tessellate>1</tessellate>
				<outerBoundaryIs>
					<LinearRing>
						<coordinates>
							32.84564800619373,39.85941691753519,0 32.84560159973801,39.85933912800638,0 32.84576712490329,39.85930894414456,0 32.84579768447544,39.85937043023083,0 32.84564800619373,39.85941691753519,0 
						</coordinates>
					</LinearRing>
				</outerBoundaryIs>
			</Polygon>
		</Placemark>
		<Placemark>
			<name>Adsız Çokgen [605:Polygon]</name>
			<snippet></snippet>
			<styleUrl>#m_ylw-pushpin</styleUrl>
			<Polygon>
				<tessellate>1</tessellate>
				<outerBoundaryIs>
					<LinearRing>
						<coordinates>
							32.84759759745928,39.86137605209504,0 32.84765170259757,39.86131353954192,0 32.84775215133038,39.86138629231979,0 32.84767042385285,39.86143620636803,0 32.84759759745928,39.86137605209504,0 
						</coordinates>
					</LinearRing>
				</outerBoundaryIs>
			</Polygon>
		</Placemark>
		<Placemark>
			<name>Adsız Çokgen [606:Polygon]</name>
			<snippet></snippet>
			<styleUrl>#m_ylw-pushpin</styleUrl>
			<Polygon>
				<tessellate>1</tessellate>
				<outerBoundaryIs>
					<LinearRing>
						<coordinates>
							32.84744196503143,39.86152852117462,0 32.84748957255957,39.86148176023602,0 32.84760282677748,39.86155328635366,0 32.84754187795305,39.86159609070555,0 32.84744196503143,39.86152852117462,0 
						</coordinates>
					</LinearRing>
				</outerBoundaryIs>
			</Polygon>
		</Placemark>
		<Placemark>
			<name>Adsız Çokgen [607:Polygon]</name>
			<snippet></snippet>
			<styleUrl>#m_ylw-pushpin</styleUrl>
			<Polygon>
				<tessellate>1</tessellate>
				<outerBoundaryIs>
					<LinearRing>
						<coordinates>
							32.84652712334466,39.86125931097048,0 32.84655037992177,39.86119943610253,0 32.84668943366933,39.86122847628946,0 32.84665915558471,39.86127326971985,0 32.84652712334466,39.86125931097048,0 
						</coordinates>
					</LinearRing>
				</outerBoundaryIs>
			</Polygon>
		</Placemark>
		<Placemark>
			<name>Adsız Çokgen [608:Polygon]</name>
			<snippet></snippet>
			<styleUrl>#m_ylw-pushpin</styleUrl>
			<Polygon>
				<tessellate>1</tessellate>
				<outerBoundaryIs>
					<LinearRing>
						<coordinates>
							32.8486827122757,39.86232423482822,0 32.84859381244336,39.86228473736771,0 32.84866519920499,39.86220483309926,0 32.84875101738466,39.86225174847204,0 32.8486827122757,39.86232423482822,0 
						</coordinates>
					</LinearRing>
				</outerBoundaryIs>
			</Polygon>
		</Placemark>
		<Placemark>
			<name>Adsız Çokgen [609:Polygon]</name>
			<snippet></snippet>
			<styleUrl>#m_ylw-pushpin</styleUrl>
			<Polygon>
				<tessellate>1</tessellate>
				<outerBoundaryIs>
					<LinearRing>
						<coordinates>
							32.8466700810942,39.86242550830739,0 32.84663057091466,39.86233840492678,0 32.84676533388649,39.86229604217765,0 32.84679268393506,39.86236997719439,0 32.8466700810942,39.86242550830739,0 
						</coordinates>
					</LinearRing>
				</outerBoundaryIs>
			</Polygon>
		</Placemark>
		<Placemark>
			<name>Adsız Çokgen [610:Polygon]</name>
			<snippet></snippet>
			<styleUrl>#m_ylw-pushpin</styleUrl>
			<Polygon>
				<tessellate>1</tessellate>
				<outerBoundaryIs>
					<LinearRing>
						<coordinates>
							32.84683915723436,39.86237528505431,0 32.84680328149548,39.86229232056174,0 32.84692496621144,39.86225081160904,0 32.8469401055019,39.86233863617315,0 32.84683915723436,39.86237528505431,0 
						</coordinates>
					</LinearRing>
				</outerBoundaryIs>
			</Polygon>
		</Placemark>
		<Placemark>
			<name>Adsız Çokgen [611:Polygon]</name>
			<snippet></snippet>
			<styleUrl>#m_ylw-pushpin</styleUrl>
			<Polygon>
				<tessellate>1</tessellate>
				<outerBoundaryIs>
					<LinearRing>
						<coordinates>
							32.84699413251209,39.86299654062829,0 32.84689205199606,39.86293343992308,0 32.84697303898766,39.86285530102138,0 32.8470424141569,39.86289927712622,0 32.84699413251209,39.86299654062829,0 
						</coordinates>
					</LinearRing>
				</outerBoundaryIs>
			</Polygon>
		</Placemark>
		<Placemark>
			<name>Adsız Çokgen [612:Polygon]</name>
			<snippet></snippet>
			<styleUrl>#m_ylw-pushpin</styleUrl>
			<Polygon>
				<tessellate>1</tessellate>
				<outerBoundaryIs>
					<LinearRing>
						<coordinates>
							32.84638197914379,39.86363522469642,0 32.84625423367926,39.86355350175206,0 32.84636440115563,39.8635051545105,0 32.84644510827775,39.86356384405455,0 32.84638197914379,39.86363522469642,0 
						</coordinates>
					</LinearRing>
				</outerBoundaryIs>
			</Polygon>
		</Placemark>
		<Placemark>
			<name>Adsız Çokgen [613:Polygon]</name>
			<snippet></snippet>
			<styleUrl>#m_ylw-pushpin</styleUrl>
			<Polygon>
				<tessellate>1</tessellate>
				<outerBoundaryIs>
					<LinearRing>
						<coordinates>
							32.84581309004214,39.86359123939089,0 32.84574073984533,39.86348627770489,0 32.84581002514295,39.86344753808093,0 32.84591268001507,39.86352306692466,0 32.84581309004214,39.86359123939089,0 
						</coordinates>
					</LinearRing>
				</outerBoundaryIs>
			</Polygon>
		</Placemark>
		<Placemark>
			<name>Adsız Çokgen [614:Polygon]</name>
			<snippet></snippet>
			<styleUrl>#m_ylw-pushpin</styleUrl>
			<Polygon>
				<tessellate>1</tessellate>
				<outerBoundaryIs>
					<LinearRing>
						<coordinates>
							32.84475618682871,39.86336776393601,0 32.84473986103814,39.86316414278829,0 32.84481833396373,39.86316585610557,0 32.84484808589285,39.8633388303571,0 32.84475618682871,39.86336776393601,0 
						</coordinates>
					</LinearRing>
				</outerBoundaryIs>
			</Polygon>
		</Placemark>
		<Placemark>
			<name>Adsız Çokgen [615:Polygon]</name>
			<snippet></snippet>
			<styleUrl>#m_ylw-pushpin</styleUrl>
			<Polygon>
				<tessellate>1</tessellate>
				<outerBoundaryIs>
					<LinearRing>
						<coordinates>
							32.844505451073,39.86375819077351,0 32.8445947970931,39.86370007872542,0 32.84473306928392,39.86377206629584,0 32.84466518443126,39.8638303214469,0 32.844505451073,39.86375819077351,0 
						</coordinates>
					</LinearRing>
				</outerBoundaryIs>
			</Polygon>
		</Placemark>
		<Placemark>
			<name>Adsız Çokgen [616:Polygon]</name>
			<snippet></snippet>
			<styleUrl>#m_ylw-pushpin</styleUrl>
			<Polygon>
				<tessellate>1</tessellate>
				<outerBoundaryIs>
					<LinearRing>
						<coordinates>
							32.84636132471253,39.86447586851704,0 32.84642591831143,39.86438292934587,0 32.84650014658077,39.86441266180627,0 32.84647253805945,39.86448885128703,0 32.84636132471253,39.86447586851704,0 
						</coordinates>
					</LinearRing>
				</outerBoundaryIs>
			</Polygon>
		</Placemark>
		<Placemark>
			<name>Adsız Çokgen [617:Polygon]</name>
			<snippet></snippet>
			<styleUrl>#m_ylw-pushpin</styleUrl>
			<Polygon>
				<tessellate>1</tessellate>
				<outerBoundaryIs>
					<LinearRing>
						<coordinates>
							32.84537980873787,39.86488216154566,0 32.84547248486392,39.86484288045799,0 32.84552301929104,39.86492341211297,0 32.84542614202445,39.86495953068881,0 32.84537980873787,39.86488216154566,0 
						</coordinates>
					</LinearRing>
				</outerBoundaryIs>
			</Polygon>
		</Placemark>
		<Placemark>
			<name>Adsız Çokgen [618:Polygon]</name>
			<snippet></snippet>
			<styleUrl>#m_ylw-pushpin</styleUrl>
			<Polygon>
				<tessellate>1</tessellate>
				<outerBoundaryIs>
					<LinearRing>
						<coordinates>
							32.84546595846837,39.86506508206571,0 32.84544464252551,39.86497270940539,0 32.84557744436887,39.86493954683801,0 32.84558522215882,39.86506224192772,0 32.84546595846837,39.86506508206571,0 
						</coordinates>
					</LinearRing>
				</outerBoundaryIs>
			</Polygon>
		</Placemark>
		<Placemark>
			<name>Adsız Çokgen [619:Polygon]</name>
			<snippet></snippet>
			<styleUrl>#m_ylw-pushpin</styleUrl>
			<Polygon>
				<tessellate>1</tessellate>
				<outerBoundaryIs>
					<LinearRing>
						<coordinates>
							32.84575647266733,39.86435604962846,0 32.8456817594205,39.86426569271522,0 32.84583354314763,39.86420911901605,0 32.84588975960564,39.86429247733842,0 32.84575647266733,39.86435604962846,0 
						</coordinates>
					</LinearRing>
				</outerBoundaryIs>
			</Polygon>
		</Placemark>
		<Placemark>
			<name>Adsız Çokgen [620:Polygon]</name>
			<snippet></snippet>
			<styleUrl>#m_ylw-pushpin</styleUrl>
			<Polygon>
				<tessellate>1</tessellate>
				<outerBoundaryIs>
					<LinearRing>
						<coordinates>
							32.84583045777409,39.86413267617593,0 32.84570920691814,39.86401953855402,0 32.84582853809942,39.86395719863683,0 32.84583729097096,39.86395724081506,0 32.84594107670123,39.86404353344358,0 32.84583045777409,39.86413267617593,0 
						</coordinates>
					</LinearRing>
				</outerBoundaryIs>
			</Polygon>
		</Placemark>
		<Placemark>
			<name>Adsız Çokgen [621:Polygon]</name>
			<snippet></snippet>
			<styleUrl>#m_ylw-pushpin</styleUrl>
			<Polygon>
				<tessellate>1</tessellate>
				<outerBoundaryIs>
					<LinearRing>
						<coordinates>
							32.84651815286573,39.86400419269351,0 32.84640676762611,39.86388559552763,0 32.8465310138243,39.86382422144442,0 32.84665474340099,39.86392946089456,0 32.84651815286573,39.86400419269351,0 
						</coordinates>
					</LinearRing>
				</outerBoundaryIs>
			</Polygon>
		</Placemark>
		<Placemark>
			<name>Adsız Çokgen [622:Polygon]</name>
			<snippet></snippet>
			<styleUrl>#m_ylw-pushpin</styleUrl>
			<Polygon>
				<tessellate>1</tessellate>
				<outerBoundaryIs>
					<LinearRing>
						<coordinates>
							32.84661378005465,39.86435175714197,0 32.84667927050771,39.8642827675105,0 32.84669015061149,39.86428277257578,0 32.84676426808919,39.86432816131919,0 32.84668139894045,39.86437778728614,0 32.84661378005465,39.86435175714197,0 
						</coordinates>
					</LinearRing>
				</outerBoundaryIs>
			</Polygon>
		</Placemark>
		<Placemark>
			<name>Adsız Çokgen [623:Polygon]</name>
			<snippet></snippet>
			<styleUrl>#m_ylw-pushpin</styleUrl>
			<Polygon>
				<tessellate>1</tessellate>
				<outerBoundaryIs>
					<LinearRing>
						<coordinates>
							32.84630592001597,39.8640317061482,0 32.84644595306837,39.86394938096195,0 32.84650310529985,39.86402548979731,0 32.84641512155494,39.8640950541294,0 32.84630592001597,39.8640317061482,0 
						</coordinates>
					</LinearRing>
				</outerBoundaryIs>
			</Polygon>
		</Placemark>
		<Placemark>
			<name>Adsız Çokgen [624:Polygon]</name>
			<snippet></snippet>
			<styleUrl>#m_ylw-pushpin</styleUrl>
			<Polygon>
				<tessellate>1</tessellate>
				<outerBoundaryIs>
					<LinearRing>
						<coordinates>
							32.84606289815194,39.86429562399537,0 32.84615279279807,39.86421321175441,0 32.84626576525937,39.86427656357721,0 32.84618325768258,39.86432873322725,0 32.84606289815194,39.86429562399537,0 
						</coordinates>
					</LinearRing>
				</outerBoundaryIs>
			</Polygon>
		</Placemark>
		<Placemark>
			<name>Adsız Çokgen [625:Polygon]</name>
			<snippet></snippet>
			<styleUrl>#m_ylw-pushpin</styleUrl>
			<Polygon>
				<tessellate>1</tessellate>
				<outerBoundaryIs>
					<LinearRing>
						<coordinates>
							32.84618966993643,39.86437283789604,0 32.84629135712108,39.86429031271561,0 32.84638243551553,39.86434516897479,0 32.84632953723755,39.86442489210347,0 32.84618966993643,39.86437283789604,0 
						</coordinates>
					</LinearRing>
				</outerBoundaryIs>
			</Polygon>
		</Placemark>
		<Placemark>
			<name>Adsız Çokgen [626:Polygon]</name>
			<snippet></snippet>
			<styleUrl>#m_ylw-pushpin</styleUrl>
			<Polygon>
				<tessellate>1</tessellate>
				<outerBoundaryIs>
					<LinearRing>
						<coordinates>
							32.84631243459297,39.86419741034477,0 32.8463738364091,39.86412990333463,0 32.846623713257,39.8642444739104,0 32.84658229352435,39.86431782841137,0 32.84631243459297,39.86419741034477,0 
						</coordinates>
					</LinearRing>
				</outerBoundaryIs>
			</Polygon>
		</Placemark>
		<Placemark>
			<name>Adsız Çokgen [627:Polygon]</name>
			<snippet></snippet>
			<styleUrl>#m_ylw-pushpin</styleUrl>
			<Polygon>
				<tessellate>1</tessellate>
				<outerBoundaryIs>
					<LinearRing>
						<coordinates>
							32.84657067538386,39.86402299580195,0 32.84666007174024,39.86393983981853,0 32.8467442488482,39.86399100673076,0 32.84665456108713,39.86407414456513,0 32.84657067538386,39.86402299580195,0 
						</coordinates>
					</LinearRing>
				</outerBoundaryIs>
			</Polygon>
		</Placemark>
		<Placemark>
			<name>Adsız Çokgen [628:Polygon]</name>
			<snippet></snippet>
			<styleUrl>#m_ylw-pushpin</styleUrl>
			<Polygon>
				<tessellate>1</tessellate>
				<outerBoundaryIs>
					<LinearRing>
						<coordinates>
							32.84701709925435,39.86417394214509,0 32.84711668831927,39.86403337226368,0 32.84718700633418,39.86407357626945,0 32.84709475010658,39.86417654747709,0 32.84701709925435,39.86417394214509,0 
						</coordinates>
					</LinearRing>
				</outerBoundaryIs>
			</Polygon>
		</Placemark>
		<Placemark>
			<name>Adsız Çokgen [629:Polygon]</name>
			<snippet></snippet>
			<styleUrl>#m_ylw-pushpin</styleUrl>
			<Polygon>
				<tessellate>1</tessellate>
				<outerBoundaryIs>
					<LinearRing>
						<coordinates>
							32.84711309200226,39.86443878976254,0 32.84729236973212,39.86431499668466,0 32.84737130154407,39.8643813621231,0 32.8471904923741,39.86452585942746,0 32.84711309200226,39.86443878976254,0 
						</coordinates>
					</LinearRing>
				</outerBoundaryIs>
			</Polygon>
		</Placemark>
		<Placemark>
			<name>Adsız Çokgen [630:Polygon]</name>
			<snippet></snippet>
			<styleUrl>#m_ylw-pushpin</styleUrl>
			<Polygon>
				<tessellate>1</tessellate>
				<outerBoundaryIs>
					<LinearRing>
						<coordinates>
							32.84691394707006,39.86467422365753,0 32.84701557173999,39.86456035225623,0 32.84711148084877,39.8645669336065,0 32.84703509728799,39.86468672794203,0 32.84691394707006,39.86467422365753,0 
						</coordinates>
					</LinearRing>
				</outerBoundaryIs>
			</Polygon>
		</Placemark>
		<Placemark>
			<name>Adsız Çokgen [631:Polygon]</name>
			<snippet></snippet>
			<styleUrl>#m_ylw-pushpin</styleUrl>
			<Polygon>
				<tessellate>1</tessellate>
				<outerBoundaryIs>
					<LinearRing>
						<coordinates>
							32.84660681575484,39.86514265771947,0 32.84667844588382,39.86496806639414,0 32.8468210885613,39.86500534964314,0 32.84673916769033,39.8651503670435,0 32.84660681575484,39.86514265771947,0 
						</coordinates>
					</LinearRing>
				</outerBoundaryIs>
			</Polygon>
		</Placemark>
		<Placemark>
			<name>Adsız Çokgen [632:Polygon]</name>
			<snippet></snippet>
			<styleUrl>#m_ylw-pushpin</styleUrl>
			<Polygon>
				<tessellate>1</tessellate>
				<outerBoundaryIs>
					<LinearRing>
						<coordinates>
							32.84617501551793,39.86574011464125,0 32.84623528494274,39.86567275500577,0 32.84631508047379,39.86570565509147,0 32.8462948475878,39.86577876995639,0 32.84617501551793,39.86574011464125,0 
						</coordinates>
					</LinearRing>
				</outerBoundaryIs>
			</Polygon>
		</Placemark>
		<Placemark>
			<name>Adsız Çokgen [633:Polygon]</name>
			<snippet></snippet>
			<styleUrl>#m_ylw-pushpin</styleUrl>
			<Polygon>
				<tessellate>1</tessellate>
				<outerBoundaryIs>
					<LinearRing>
						<coordinates>
							32.84776242138732,39.86572096944523,0 32.84776428600884,39.86564339401784,0 32.84791419483253,39.86561321162283,0 32.84791382064171,39.86570935882165,0 32.84776242138732,39.86572096944523,0 
						</coordinates>
					</LinearRing>
				</outerBoundaryIs>
			</Polygon>
		</Placemark>
		<Placemark>
			<name>Adsız Çokgen [634:Polygon]</name>
			<snippet></snippet>
			<styleUrl>#m_ylw-pushpin</styleUrl>
			<Polygon>
				<tessellate>1</tessellate>
				<outerBoundaryIs>
					<LinearRing>
						<coordinates>
							32.84360795455665,39.86283960992291,0 32.84353039992745,39.86273547660605,0 32.84362826865915,39.86270441987264,0 32.84370156933596,39.86281695986765,0 32.84360795455665,39.86283960992291,0 
						</coordinates>
					</LinearRing>
				</outerBoundaryIs>
			</Polygon>
		</Placemark>
		<Placemark>
			<name>Adsız Çokgen [635:Polygon]</name>
			<snippet></snippet>
			<styleUrl>#m_ylw-pushpin</styleUrl>
			<Polygon>
				<tessellate>1</tessellate>
				<outerBoundaryIs>
					<LinearRing>
						<coordinates>
							32.84208095823806,39.86254307260644,0 32.8421176104039,39.86245429813815,0 32.84222700241949,39.86250634269676,0 32.84218747368578,39.86257588866211,0 32.84208095823806,39.86254307260644,0 
						</coordinates>
					</LinearRing>
				</outerBoundaryIs>
			</Polygon>
		</Placemark>
		<Placemark>
			<name>Adsız Çokgen [636:Polygon]</name>
			<snippet></snippet>
			<styleUrl>#m_ylw-pushpin</styleUrl>
			<Polygon>
				<tessellate>1</tessellate>
				<outerBoundaryIs>
					<LinearRing>
						<coordinates>
							32.84216123689434,39.86510725588649,0 32.8421331658955,39.86500090194396,0 32.84222679204142,39.86497879257151,0 32.84226406515311,39.86506884539209,0 32.84216123689434,39.86510725588649,0 
						</coordinates>
					</LinearRing>
				</outerBoundaryIs>
			</Polygon>
		</Placemark>
		<Placemark>
			<name>Adsız Çokgen [637:Polygon]</name>
			<snippet></snippet>
			<styleUrl>#m_ylw-pushpin</styleUrl>
			<Polygon>
				<tessellate>1</tessellate>
				<outerBoundaryIs>
					<LinearRing>
						<coordinates>
							32.84044682182727,39.86458757635575,0 32.84050976171124,39.86454747533728,0 32.84057831297842,39.86458928282735,0 32.84051817244361,39.86463483776146,0 32.84044682182727,39.86458757635575,0 
						</coordinates>
					</LinearRing>
				</outerBoundaryIs>
			</Polygon>
		</Placemark>
		<Placemark>
			<name>Adsız Çokgen [638:Polygon]</name>
			<snippet></snippet>
			<styleUrl>#m_ylw-pushpin</styleUrl>
			<Polygon>
				<tessellate>1</tessellate>
				<outerBoundaryIs>
					<LinearRing>
						<coordinates>
							32.84054834083543,39.86469373042371,0 32.8406188253213,39.86465284441414,0 32.84067104079908,39.86471494581581,0 32.84061413976212,39.86476972389027,0 32.84054834083543,39.86469373042371,0 
						</coordinates>
					</LinearRing>
				</outerBoundaryIs>
			</Polygon>
		</Placemark>
		<Placemark>
			<name>Adsız Çokgen [639:Polygon]</name>
			<snippet></snippet>
			<styleUrl>#m_ylw-pushpin</styleUrl>
			<Polygon>
				<tessellate>1</tessellate>
				<outerBoundaryIs>
					<LinearRing>
						<coordinates>
							32.84082947146105,39.86406516731599,0 32.84087523018778,39.86399482059574,0 32.84100260464192,39.86402879526187,0 32.84095669175213,39.86411156054438,0 32.84082947146105,39.86406516731599,0 
						</coordinates>
					</LinearRing>
				</outerBoundaryIs>
			</Polygon>
		</Placemark>
		<Placemark>
			<name>Adsız Çokgen [640:Polygon]</name>
			<snippet></snippet>
			<styleUrl>#m_ylw-pushpin</styleUrl>
			<Polygon>
				<tessellate>1</tessellate>
				<outerBoundaryIs>
					<LinearRing>
						<coordinates>
							32.84107650308469,39.86419145399417,0 32.84110878985762,39.86412149466312,0 32.84120569572239,39.86415262618334,0 32.84116664266494,39.86421562307569,0 32.84107650308469,39.86419145399417,0 
						</coordinates>
					</LinearRing>
				</outerBoundaryIs>
			</Polygon>
		</Placemark>
		<Placemark>
			<name>Adsız Çokgen [641:Polygon]</name>
			<snippet></snippet>
			<styleUrl>#m_ylw-pushpin</styleUrl>
			<Polygon>
				<tessellate>1</tessellate>
				<outerBoundaryIs>
					<LinearRing>
						<coordinates>
							32.84093493215975,39.86397199268875,0 32.8410002933642,39.86388515694695,0 32.84112159336064,39.8639322168022,0 32.84106270956352,39.86401959769169,0 32.84093493215975,39.86397199268875,0 
						</coordinates>
					</LinearRing>
				</outerBoundaryIs>
			</Polygon>
		</Placemark>
		<Placemark>
			<name>Adsız Çokgen [642:Polygon]</name>
			<snippet></snippet>
			<styleUrl>#m_ylw-pushpin</styleUrl>
			<Polygon>
				<tessellate>1</tessellate>
				<outerBoundaryIs>
					<LinearRing>
						<coordinates>
							32.84218936281402,39.86388405694971,0 32.84222501324374,39.86377939540411,0 32.8423931755632,39.86378648319775,0 32.84237152877272,39.863912800228,0 32.84218936281402,39.86388405694971,0 
						</coordinates>
					</LinearRing>
				</outerBoundaryIs>
			</Polygon>
		</Placemark>
		<Placemark>
			<name>Adsız Çokgen [643:Polygon]</name>
			<snippet></snippet>
			<styleUrl>#m_ylw-pushpin</styleUrl>
			<Polygon>
				<tessellate>1</tessellate>
				<outerBoundaryIs>
					<LinearRing>
						<coordinates>
							32.84959387543362,39.86405253127335,0 32.84968023116137,39.86400301162279,0 32.84976109056502,39.86408048763187,0 32.84968786465607,39.86411385883053,0 32.84959387543362,39.86405253127335,0 
						</coordinates>
					</LinearRing>
				</outerBoundaryIs>
			</Polygon>
		</Placemark>
		<Placemark>
			<name>Adsız Çokgen [644:Polygon]</name>
			<snippet></snippet>
			<styleUrl>#m_ylw-pushpin</styleUrl>
			<Polygon>
				<tessellate>1</tessellate>
				<outerBoundaryIs>
					<LinearRing>
						<coordinates>
							32.85052002906263,39.86327823202718,0 32.85047580422526,39.86320282633066,0 32.85058393099088,39.8631616106852,0 32.85063463120915,39.86324434956649,0 32.85052002906263,39.86327823202718,0 
						</coordinates>
					</LinearRing>
				</outerBoundaryIs>
			</Polygon>
		</Placemark>
		<Placemark>
			<name>Adsız Çokgen [645:Polygon]</name>
			<snippet></snippet>
			<styleUrl>#m_ylw-pushpin</styleUrl>
			<Polygon>
				<tessellate>1</tessellate>
				<outerBoundaryIs>
					<LinearRing>
						<coordinates>
							32.85105315577093,39.86302638065009,0 32.85108166958374,39.86294125235115,0 32.85118918968193,39.86295362813168,0 32.85117329029464,39.86304851109895,0 32.85105315577093,39.86302638065009,0 
						</coordinates>
					</LinearRing>
				</outerBoundaryIs>
			</Polygon>
		</Placemark>
		<Placemark>
			<name>Adsız Çokgen [646:Polygon]</name>
			<snippet></snippet>
			<styleUrl>#m_ylw-pushpin</styleUrl>
			<Polygon>
				<tessellate>1</tessellate>
				<outerBoundaryIs>
					<LinearRing>
						<coordinates>
							32.85046958540274,39.86392524876603,0 32.85043126832531,39.8638273823911,0 32.85052121753635,39.86379593831796,0 32.85055304498387,39.86386446699871,0 32.85046958540274,39.86392524876603,0 
						</coordinates>
					</LinearRing>
				</outerBoundaryIs>
			</Polygon>
		</Placemark>
		<Placemark>
			<name>Adsız Çokgen [647:Polygon]</name>
			<snippet></snippet>
			<styleUrl>#m_ylw-pushpin</styleUrl>
			<Polygon>
				<tessellate>1</tessellate>
				<outerBoundaryIs>
					<LinearRing>
						<coordinates>
							32.85059716337773,39.86400238606521,0 32.85053368828694,39.86392661235413,0 32.85067024749301,39.86387892123367,0 32.85070167691777,39.86396563744734,0 32.85059716337773,39.86400238606521,0 
						</coordinates>
					</LinearRing>
				</outerBoundaryIs>
			</Polygon>
		</Placemark>
		<Placemark>
			<name>Adsız Çokgen [648:Polygon]</name>
			<snippet></snippet>
			<styleUrl>#m_ylw-pushpin</styleUrl>
			<Polygon>
				<tessellate>1</tessellate>
				<outerBoundaryIs>
					<LinearRing>
						<coordinates>
							32.84941850647662,39.86417167314497,0 32.84952099021808,39.86410273863734,0 32.84962897372394,39.86417833810223,0 32.84958359707826,39.86424731300379,0 32.84941850647662,39.86417167314497,0 
						</coordinates>
					</LinearRing>
				</outerBoundaryIs>
			</Polygon>
		</Placemark>
		<Placemark>
			<name>Adsız Çokgen [649:Polygon]</name>
			<snippet></snippet>
			<styleUrl>#m_ylw-pushpin</styleUrl>
			<Polygon>
				<tessellate>1</tessellate>
				<outerBoundaryIs>
					<LinearRing>
						<coordinates>
							32.84911558463924,39.86416022955868,0 32.84919811367306,39.86406216207705,0 32.84931329289966,39.86412089505379,0 32.84927438253057,39.86420808164247,0 32.84911558463924,39.86416022955868,0 
						</coordinates>
					</LinearRing>
				</outerBoundaryIs>
			</Polygon>
		</Placemark>
		<Placemark>
			<name>Adsız Çokgen [650:Polygon]</name>
			<snippet></snippet>
			<styleUrl>#m_ylw-pushpin</styleUrl>
			<Polygon>
				<tessellate>1</tessellate>
				<outerBoundaryIs>
					<LinearRing>
						<coordinates>
							32.84883141108097,39.86440613652223,0 32.84886618121372,39.86431288970049,0 32.84902637843329,39.86435212189481,0 32.8489849220327,39.86445769308239,0 32.84883141108097,39.86440613652223,0 
						</coordinates>
					</LinearRing>
				</outerBoundaryIs>
			</Polygon>
		</Placemark>
		<Placemark>
			<name>Adsız Çokgen [651:Polygon]</name>
			<snippet></snippet>
			<styleUrl>#m_ylw-pushpin</styleUrl>
			<Polygon>
				<tessellate>1</tessellate>
				<outerBoundaryIs>
					<LinearRing>
						<coordinates>
							32.84831568263224,39.86470690288766,0 32.8483360916737,39.86460832480778,0 32.84844194602388,39.86464216127755,0 32.84843856171085,39.86475338630554,0 32.84831568263224,39.86470690288766,0 
						</coordinates>
					</LinearRing>
				</outerBoundaryIs>
			</Polygon>
		</Placemark>
		<Placemark>
			<name>Adsız Çokgen [652:Polygon]</name>
			<snippet></snippet>
			<styleUrl>#m_ylw-pushpin</styleUrl>
			<Polygon>
				<tessellate>1</tessellate>
				<outerBoundaryIs>
					<LinearRing>
						<coordinates>
							32.84798453338951,39.86473329630542,0 32.84803161601148,39.86465842671037,0 32.84813999468845,39.86466992892375,0 32.84813375766932,39.86477393533105,0 32.84798453338951,39.86473329630542,0 
						</coordinates>
					</LinearRing>
				</outerBoundaryIs>
			</Polygon>
		</Placemark>
		<Placemark>
			<name>Adsız Çokgen [653:Polygon]</name>
			<snippet></snippet>
			<styleUrl>#m_ylw-pushpin</styleUrl>
			<Polygon>
				<tessellate>1</tessellate>
				<outerBoundaryIs>
					<LinearRing>
						<coordinates>
							32.84798235318991,39.86520676477517,0 32.84808888160208,39.8651151162752,0 32.84816904415572,39.86519490563285,0 32.84807390423344,39.86527474100705,0 32.84798235318991,39.86520676477517,0 
						</coordinates>
					</LinearRing>
				</outerBoundaryIs>
			</Polygon>
		</Placemark>
		<Placemark>
			<name>Adsız Çokgen [654:Polygon]</name>
			<snippet></snippet>
			<styleUrl>#m_ylw-pushpin</styleUrl>
			<Polygon>
				<tessellate>1</tessellate>
				<outerBoundaryIs>
					<LinearRing>
						<coordinates>
							32.84926599950352,39.86440694285128,0 32.84930002519376,39.86430919086784,0 32.84930004437891,39.86430415279493,0 32.84944349944622,39.86434567653301,0 32.8493967182996,39.86445011171545,0 32.84926599950352,39.86440694285128,0 
						</coordinates>
					</LinearRing>
				</outerBoundaryIs>
			</Polygon>
		</Placemark>
		<Placemark>
			<name>Adsız Çokgen [655:Polygon]</name>
			<snippet></snippet>
			<styleUrl>#m_ylw-pushpin</styleUrl>
			<Polygon>
				<tessellate>1</tessellate>
				<outerBoundaryIs>
					<LinearRing>
						<coordinates>
							32.8473336268158,39.86591923366372,0 32.84745237290879,39.86583968203006,0 32.84753297617677,39.8659005497745,0 32.84743350026914,39.86599024127182,0 32.8473336268158,39.86591923366372,0 
						</coordinates>
					</LinearRing>
				</outerBoundaryIs>
			</Polygon>
		</Placemark>
		<Placemark>
			<name>Adsız Çokgen [656:Polygon]</name>
			<snippet></snippet>
			<styleUrl>#m_ylw-pushpin</styleUrl>
			<Polygon>
				<tessellate>1</tessellate>
				<outerBoundaryIs>
					<LinearRing>
						<coordinates>
							32.84719870827551,39.86586088489319,0 32.84735682979083,39.86576695042426,0 32.84740215572948,39.86581382658904,0 32.84728063288943,39.86590992214978,0 32.84719870827551,39.86586088489319,0 
						</coordinates>
					</LinearRing>
				</outerBoundaryIs>
			</Polygon>
		</Placemark>
		<Placemark>
			<name>Adsız Çokgen [657:Polygon]</name>
			<snippet></snippet>
			<styleUrl>#m_ylw-pushpin</styleUrl>
			<Polygon>
				<tessellate>1</tessellate>
				<outerBoundaryIs>
					<LinearRing>
						<coordinates>
							32.84738182028055,39.86575310731013,0 32.8475300965752,39.86571459855131,0 32.84753456822039,39.86575889064877,0 32.84743727628167,39.86578633614069,0 32.84738182028055,39.86575310731013,0 
						</coordinates>
					</LinearRing>
				</outerBoundaryIs>
			</Polygon>
		</Placemark>
		<Placemark>
			<name>Adsız Çokgen [658:Polygon]</name>
			<snippet></snippet>
			<styleUrl>#m_ylw-pushpin</styleUrl>
			<Polygon>
				<tessellate>1</tessellate>
				<outerBoundaryIs>
					<LinearRing>
						<coordinates>
							32.84770028189995,39.86595713797367,0 32.84763804737256,39.86589585872801,0 32.84776677680643,39.8658301586436,0 32.84781934217163,39.86590236568858,0 32.84770028189995,39.86595713797367,0 
						</coordinates>
					</LinearRing>
				</outerBoundaryIs>
			</Polygon>
		</Placemark>
		<Placemark>
			<name>Adsız Çokgen [659:Polygon]</name>
			<snippet></snippet>
			<styleUrl>#m_ylw-pushpin</styleUrl>
			<Polygon>
				<tessellate>1</tessellate>
				<outerBoundaryIs>
					<LinearRing>
						<coordinates>
							32.84879317366571,39.86455985225414,0 32.84882600361213,39.86446741560603,0 32.84895018468668,39.86448975299699,0 32.84895306193102,39.86449199585742,0 32.84893000497679,39.86458648205726,0 32.84879317366571,39.86455985225414,0 
						</coordinates>
					</LinearRing>
				</outerBoundaryIs>
			</Polygon>
		</Placemark>
		<Placemark>
			<name>Adsız Çokgen [660:Polygon]</name>
			<snippet></snippet>
			<styleUrl>#m_ylw-pushpin</styleUrl>
			<Polygon>
				<tessellate>1</tessellate>
				<outerBoundaryIs>
					<LinearRing>
						<coordinates>
							32.8487189709429,39.86478416135935,0 32.84872806823157,39.86469660835525,0 32.84887305739689,39.86470871795535,0 32.84884300618388,39.86480198928262,0 32.8487189709429,39.86478416135935,0 
						</coordinates>
					</LinearRing>
				</outerBoundaryIs>
			</Polygon>
		</Placemark>
		<Placemark>
			<name>Adsız Çokgen [661:Polygon]</name>
			<snippet></snippet>
			<styleUrl>#m_ylw-pushpin</styleUrl>
			<Polygon>
				<tessellate>1</tessellate>
				<outerBoundaryIs>
					<LinearRing>
						<coordinates>
							32.84856498440389,39.86474716464278,0 32.84858939027675,39.86466451183745,0 32.84870421787416,39.86468541138845,0 32.84868294590058,39.86477302763357,0 32.84856498440389,39.86474716464278,0 
						</coordinates>
					</LinearRing>
				</outerBoundaryIs>
			</Polygon>
		</Placemark>
		<Placemark>
			<name>Adsız Çokgen [662:Polygon]</name>
			<snippet></snippet>
			<styleUrl>#m_ylw-pushpin</styleUrl>
			<Polygon>
				<tessellate>1</tessellate>
				<outerBoundaryIs>
					<LinearRing>
						<coordinates>
							32.849338941023,39.86155123530238,0 32.84937419769086,39.86145753604696,0 32.84949084307678,39.86148322059032,0 32.84945623093584,39.8615744707227,0 32.849338941023,39.86155123530238,0 
						</coordinates>
					</LinearRing>
				</outerBoundaryIs>
			</Polygon>
		</Placemark>
		<Placemark>
			<name>Adsız Çokgen [663:Polygon]</name>
			<snippet></snippet>
			<styleUrl>#m_ylw-pushpin</styleUrl>
			<Polygon>
				<tessellate>1</tessellate>
				<outerBoundaryIs>
					<LinearRing>
						<coordinates>
							32.84435338300683,39.86165810567635,0 32.84436239694887,39.86159192153507,0 32.84443786819688,39.86160730262232,0 32.84442858621538,39.86165455267512,0 32.84435338300683,39.86165810567635,0 
						</coordinates>
					</LinearRing>
				</outerBoundaryIs>
			</Polygon>
		</Placemark>
		<Placemark>
			<name>Adsız Çokgen [664:Polygon]</name>
			<snippet></snippet>
			<styleUrl>#m_ylw-pushpin</styleUrl>
			<Polygon>
				<tessellate>1</tessellate>
				<outerBoundaryIs>
					<LinearRing>
						<coordinates>
							32.84388734433593,39.8610759637281,0 32.84383895334759,39.86100986929775,0 32.84395188796792,39.86096959128881,0 32.844008646924,39.86103356910548,0 32.84388734433593,39.8610759637281,0 
						</coordinates>
					</LinearRing>
				</outerBoundaryIs>
			</Polygon>
		</Placemark>
		<Placemark>
			<name>Adsız Çokgen [665:Polygon]</name>
			<snippet></snippet>
			<styleUrl>#m_ylw-pushpin</styleUrl>
			<Polygon>
				<tessellate>1</tessellate>
				<outerBoundaryIs>
					<LinearRing>
						<coordinates>
							32.84438229051786,39.86087516795978,0 32.84432933323446,39.86080384764029,0 32.84439924063067,39.86077272658488,0 32.84440242094553,39.86077036082168,0 32.84446572881222,39.86083015998181,0 32.84438229051786,39.86087516795978,0 
						</coordinates>
					</LinearRing>
				</outerBoundaryIs>
			</Polygon>
		</Placemark>
		<Placemark>
			<name>Adsız Çokgen [666:Polygon]</name>
			<snippet></snippet>
			<styleUrl>#m_ylw-pushpin</styleUrl>
			<Polygon>
				<tessellate>1</tessellate>
				<outerBoundaryIs>
					<LinearRing>
						<coordinates>
							32.84479598897569,39.86132505656852,0 32.84478958373455,39.86123311742517,0 32.84488005169308,39.86119844632353,0 32.84491804098521,39.86128472775005,0 32.84479598897569,39.86132505656852,0 
						</coordinates>
					</LinearRing>
				</outerBoundaryIs>
			</Polygon>
		</Placemark>
		<Placemark>
			<name>Adsız Çokgen [667:Polygon]</name>
			<snippet></snippet>
			<styleUrl>#m_ylw-pushpin</styleUrl>
			<Polygon>
				<tessellate>1</tessellate>
				<outerBoundaryIs>
					<LinearRing>
						<coordinates>
							32.84620318783709,39.86369142827381,0 32.84615034468,39.86361992475006,0 32.84624065407804,39.86359912300229,0 32.84628100897956,39.86366329877585,0 32.84620318783709,39.86369142827381,0 
						</coordinates>
					</LinearRing>
				</outerBoundaryIs>
			</Polygon>
		</Placemark>
		<Placemark>
			<name>Adsız Çokgen [668:Polygon]</name>
			<snippet></snippet>
			<styleUrl>#m_ylw-pushpin</styleUrl>
			<Polygon>
				<tessellate>1</tessellate>
				<outerBoundaryIs>
					<LinearRing>
						<coordinates>
							32.84683489965938,39.86381261027604,0 32.84674768382077,39.86374123872538,0 32.84681732640533,39.86368026473814,0 32.84691886283553,39.86374880926639,0 32.84683489965938,39.86381261027604,0 
						</coordinates>
					</LinearRing>
				</outerBoundaryIs>
			</Polygon>
		</Placemark>
		<Placemark>
			<name>Adsız Çokgen [669:Polygon]</name>
			<snippet></snippet>
			<styleUrl>#m_ylw-pushpin</styleUrl>
			<Polygon>
				<tessellate>1</tessellate>
				<outerBoundaryIs>
					<LinearRing>
						<coordinates>
							32.85143741643382,39.86271311075121,0 32.85137191361553,39.86253217600455,0 32.85153563968963,39.86253067961867,0 32.85155873781882,39.86271341915891,0 32.85143741643382,39.86271311075121,0 
						</coordinates>
					</LinearRing>
				</outerBoundaryIs>
			</Polygon>
		</Placemark>
		<Placemark>
			<name>Adsız Çokgen [670:Polygon]</name>
			<snippet></snippet>
			<styleUrl>#m_ylw-pushpin</styleUrl>
			<Polygon>
				<tessellate>1</tessellate>
				<outerBoundaryIs>
					<LinearRing>
						<coordinates>
							32.85113448053937,39.86389913145249,0 32.85106962692082,39.86382192767255,0 32.85120277906826,39.86374698902701,0 32.85128723582533,39.86384419836119,0 32.85113448053937,39.86389913145249,0 
						</coordinates>
					</LinearRing>
				</outerBoundaryIs>
			</Polygon>
		</Placemark>
		<Placemark>
			<name>Adsız Çokgen [671:Polygon]</name>
			<snippet></snippet>
			<styleUrl>#m_ylw-pushpin</styleUrl>
			<Polygon>
				<tessellate>1</tessellate>
				<outerBoundaryIs>
					<LinearRing>
						<coordinates>
							32.85129843741731,39.86381839870704,0 32.85122073844545,39.86372298930333,0 32.85133470015138,39.86367119101449,0 32.85140729311402,39.8637749344232,0 32.85129843741731,39.86381839870704,0 
						</coordinates>
					</LinearRing>
				</outerBoundaryIs>
			</Polygon>
		</Placemark>
		<Placemark>
			<name>Adsız Çokgen [672:Polygon]</name>
			<snippet></snippet>
			<styleUrl>#m_ylw-pushpin</styleUrl>
			<Polygon>
				<tessellate>1</tessellate>
				<outerBoundaryIs>
					<LinearRing>
						<coordinates>
							32.85149792439324,39.86383839591593,0 32.85144354477212,39.86377513289118,0 32.8515210883879,39.86374188387595,0 32.85158066384909,39.86381888978178,0 32.85149792439324,39.86383839591593,0 
						</coordinates>
					</LinearRing>
				</outerBoundaryIs>
			</Polygon>
		</Placemark>
		<Placemark>
			<name>Adsız Çokgen [673:Polygon]</name>
			<snippet></snippet>
			<styleUrl>#m_ylw-pushpin</styleUrl>
			<Polygon>
				<tessellate>1</tessellate>
				<outerBoundaryIs>
					<LinearRing>
						<coordinates>
							32.85168208459729,39.86386589710231,0 32.85158048621084,39.86375986685687,0 32.85167811209436,39.863705417064,0 32.85176929804046,39.86380324528685,0 32.85168208459729,39.86386589710231,0 
						</coordinates>
					</LinearRing>
				</outerBoundaryIs>
			</Polygon>
		</Placemark>
		<Placemark>
			<name>Adsız Çokgen [674:Polygon]</name>
			<snippet></snippet>
			<styleUrl>#m_ylw-pushpin</styleUrl>
			<Polygon>
				<tessellate>1</tessellate>
				<outerBoundaryIs>
					<LinearRing>
						<coordinates>
							32.85104309452951,39.86406867067026,0 32.85100365696096,39.8639956333491,0 32.8511395894008,39.86392926290691,0 32.8511707917031,39.86402792342402,0 32.85104309452951,39.86406867067026,0 
						</coordinates>
					</LinearRing>
				</outerBoundaryIs>
			</Polygon>
		</Placemark>
		<Placemark>
			<name>Adsız Çokgen [675:Polygon]</name>
			<snippet></snippet>
			<styleUrl>#m_ylw-pushpin</styleUrl>
			<Polygon>
				<tessellate>1</tessellate>
				<outerBoundaryIs>
					<LinearRing>
						<coordinates>
							32.85078796174443,39.86424162180714,0 32.85079466845998,39.86413059234825,0 32.85092565078904,39.86413796004796,0 32.85092299149252,39.86419224661329,0 32.85094331658401,39.86419791599567,0 32.85095290609417,39.86425255422704,0 32.85078796174443,39.86424162180714,0 
						</coordinates>
					</LinearRing>
				</outerBoundaryIs>
			</Polygon>
		</Placemark>
		<Placemark>
			<name>Adsız Çokgen [676:Polygon]</name>
			<snippet></snippet>
			<styleUrl>#m_ylw-pushpin</styleUrl>
			<Polygon>
				<tessellate>1</tessellate>
				<outerBoundaryIs>
					<LinearRing>
						<coordinates>
							32.85020163023579,39.86431475670992,0 32.85015100071404,39.86424659738768,0 32.8502858350102,39.86419642201746,0 32.85032478574344,39.86426321681252,0 32.85020163023579,39.86431475670992,0 
						</coordinates>
					</LinearRing>
				</outerBoundaryIs>
			</Polygon>
		</Placemark>
		<Placemark>
			<name>Adsız Çokgen [677:Polygon]</name>
			<snippet></snippet>
			<styleUrl>#m_ylw-pushpin</styleUrl>
			<Polygon>
				<tessellate>1</tessellate>
				<outerBoundaryIs>
					<LinearRing>
						<coordinates>
							32.8501477198377,39.86423997489045,0 32.85010972276531,39.86417826254591,0 32.85023191765442,39.8641370598346,0 32.85026528021206,39.86419124116811,0 32.8501477198377,39.86423997489045,0 
						</coordinates>
					</LinearRing>
				</outerBoundaryIs>
			</Polygon>
		</Placemark>
		<Placemark>
			<name>Adsız Çokgen [678:Polygon]</name>
			<snippet></snippet>
			<styleUrl>#m_ylw-pushpin</styleUrl>
			<Polygon>
				<tessellate>1</tessellate>
				<outerBoundaryIs>
					<LinearRing>
						<coordinates>
							32.85011202767793,39.86416395538897,0 32.85007257130513,39.86410972444401,0 32.85010266878789,39.86409325580048,0 32.850051167323,39.86404352902785,0 32.85015498773532,39.86400294125279,0 32.85017111975037,39.86403424497884,0 32.8501574376041,39.86403920096097,0 32.85021148460295,39.86413189849685,0 32.85011202767793,39.86416395538897,0 
						</coordinates>
					</LinearRing>
				</outerBoundaryIs>
			</Polygon>
		</Placemark>
		<Placemark>
			<name>Adsız Çokgen [679:Polygon]</name>
			<snippet></snippet>
			<styleUrl>#m_ylw-pushpin</styleUrl>
			<Polygon>
				<tessellate>1</tessellate>
				<outerBoundaryIs>
					<LinearRing>
						<coordinates>
							32.85037996799219,39.86425640038085,0 32.85033211447016,39.86419768296422,0 32.8504337256164,39.86415023440341,0 32.85047337127374,39.86421821122404,0 32.85037996799219,39.86425640038085,0 
						</coordinates>
					</LinearRing>
				</outerBoundaryIs>
			</Polygon>
		</Placemark>
		<Placemark>
			<name>Adsız Çokgen [680:Polygon]</name>
			<snippet></snippet>
			<styleUrl>#m_ylw-pushpin</styleUrl>
			<Polygon>
				<tessellate>1</tessellate>
				<outerBoundaryIs>
					<LinearRing>
						<coordinates>
							32.85046704587939,39.86434561688143,0 32.85040587075988,39.86428411160353,0 32.85051407274064,39.86422848141173,0 32.85056602062437,39.86431136663459,0 32.85046704587939,39.86434561688143,0 
						</coordinates>
					</LinearRing>
				</outerBoundaryIs>
			</Polygon>
		</Placemark>
		<Placemark>
			<name>Adsız Çokgen [681:Polygon]</name>
			<snippet></snippet>
			<styleUrl>#m_ylw-pushpin</styleUrl>
			<Polygon>
				<tessellate>1</tessellate>
				<outerBoundaryIs>
					<LinearRing>
						<coordinates>
							32.84998645146359,39.86441797921228,0 32.84993256989154,39.86433589015729,0 32.85006025692874,39.86429365040144,0 32.85010931266328,39.86437821398568,0 32.84998645146359,39.86441797921228,0 
						</coordinates>
					</LinearRing>
				</outerBoundaryIs>
			</Polygon>
		</Placemark>
		<Placemark>
			<name>Adsız Çokgen [682:Polygon]</name>
			<snippet></snippet>
			<styleUrl>#m_ylw-pushpin</styleUrl>
			<Polygon>
				<tessellate>1</tessellate>
				<outerBoundaryIs>
					<LinearRing>
						<coordinates>
							32.84984784689776,39.8642717701865,0 32.84982037467486,39.86418975263958,0 32.84991584136796,39.86416086955039,0 32.84996127536068,39.86424963062871,0 32.84984784689776,39.8642717701865,0 
						</coordinates>
					</LinearRing>
				</outerBoundaryIs>
			</Polygon>
		</Placemark>
		<Placemark>
			<name>Adsız Çokgen [683:Polygon]</name>
			<snippet></snippet>
			<styleUrl>#m_ylw-pushpin</styleUrl>
			<Polygon>
				<tessellate>1</tessellate>
				<outerBoundaryIs>
					<LinearRing>
						<coordinates>
							32.849709307105,39.86441152189806,0 32.84965245943204,39.86431314310328,0 32.84978009477329,39.86427496031661,0 32.84983819496399,39.86440333467975,0 32.849709307105,39.86441152189806,0 
						</coordinates>
					</LinearRing>
				</outerBoundaryIs>
			</Polygon>
		</Placemark>
		<Placemark>
			<name>Adsız Çokgen [684:Polygon]</name>
			<snippet></snippet>
			<styleUrl>#m_ylw-pushpin</styleUrl>
			<Polygon>
				<tessellate>1</tessellate>
				<outerBoundaryIs>
					<LinearRing>
						<coordinates>
							32.84989592413663,39.86454694952995,0 32.84980259294576,39.8644331241933,0 32.84989188427149,39.86439528911208,0 32.8499756627049,39.86450891836226,0 32.84989592413663,39.86454694952995,0 
						</coordinates>
					</LinearRing>
				</outerBoundaryIs>
			</Polygon>
		</Placemark>
		<Placemark>
			<name>Adsız Çokgen [685:Polygon]</name>
			<snippet></snippet>
			<styleUrl>#m_ylw-pushpin</styleUrl>
			<Polygon>
				<tessellate>1</tessellate>
				<outerBoundaryIs>
					<LinearRing>
						<coordinates>
							32.84970736554683,39.86464637538455,0 32.84954888952898,39.86446678931773,0 32.8496470661232,39.86441702876251,0 32.84978366307195,39.86459047441968,0 32.84970736554683,39.86464637538455,0 
						</coordinates>
					</LinearRing>
				</outerBoundaryIs>
			</Polygon>
		</Placemark>
		<Placemark>
			<name>Adsız Çokgen [686:Polygon]</name>
			<snippet></snippet>
			<styleUrl>#m_ylw-pushpin</styleUrl>
			<Polygon>
				<tessellate>1</tessellate>
				<outerBoundaryIs>
					<LinearRing>
						<coordinates>
							32.84922955396597,39.86451110059522,0 32.84927189593932,39.86443848535732,0 32.84937923788843,39.86445923029337,0 32.84933200015412,39.8645248302866,0 32.84922955396597,39.86451110059522,0 
						</coordinates>
					</LinearRing>
				</outerBoundaryIs>
			</Polygon>
		</Placemark>
		<Placemark>
			<name>Adsız Çokgen [687:Polygon]</name>
			<snippet></snippet>
			<styleUrl>#m_ylw-pushpin</styleUrl>
			<Polygon>
				<tessellate>1</tessellate>
				<outerBoundaryIs>
					<LinearRing>
						<coordinates>
							32.85018798725618,39.86451734722389,0 32.85012070551409,39.86445123449142,0 32.8502065168982,39.86441513215833,0 32.85026334110105,39.86447102440545,0 32.85018798725618,39.86451734722389,0 
						</coordinates>
					</LinearRing>
				</outerBoundaryIs>
			</Polygon>
		</Placemark>
		<Placemark>
			<name>Adsız Çokgen [688:Polygon]</name>
			<snippet></snippet>
			<styleUrl>#m_ylw-pushpin</styleUrl>
			<Polygon>
				<tessellate>1</tessellate>
				<outerBoundaryIs>
					<LinearRing>
						<coordinates>
							32.85044667589901,39.8645713464723,0 32.85033715413203,39.86444150852983,0 32.85039955034537,39.86440584065937,0 32.85043438250656,39.86443345977048,0 32.85047758356414,39.86443210084694,0 32.85051735027478,39.86449877793796,0 32.85049862800816,39.86452047846298,0 32.85051169292631,39.86455188462259,0 32.85044667589901,39.8645713464723,0 
						</coordinates>
					</LinearRing>
				</outerBoundaryIs>
			</Polygon>
		</Placemark>
		<Placemark>
			<name>Adsız Çokgen [689:Polygon]</name>
			<snippet></snippet>
			<styleUrl>#m_ylw-pushpin</styleUrl>
			<Polygon>
				<tessellate>1</tessellate>
				<outerBoundaryIs>
					<LinearRing>
						<coordinates>
							32.85038338824018,39.86475328662856,0 32.85030377863595,39.86466166006311,0 32.85042400989012,39.86460899554188,0 32.85050231540036,39.86468788815198,0 32.85038338824018,39.86475328662856,0 
						</coordinates>
					</LinearRing>
				</outerBoundaryIs>
			</Polygon>
		</Placemark>
		<Placemark>
			<name>Adsız Çokgen [690:Polygon]</name>
			<snippet></snippet>
			<styleUrl>#m_ylw-pushpin</styleUrl>
			<Polygon>
				<tessellate>1</tessellate>
				<outerBoundaryIs>
					<LinearRing>
						<coordinates>
							32.85009172348197,39.86459278149185,0 32.85003442895409,39.86449626532053,0 32.85007840846546,39.86447972925989,0 32.85013439382515,39.86456729388662,0 32.85009172348197,39.86459278149185,0 
						</coordinates>
					</LinearRing>
				</outerBoundaryIs>
			</Polygon>
		</Placemark>
		<Placemark>
			<name>Adsız Çokgen [691:Polygon]</name>
			<snippet></snippet>
			<styleUrl>#m_ylw-pushpin</styleUrl>
			<Polygon>
				<tessellate>1</tessellate>
				<outerBoundaryIs>
					<LinearRing>
						<coordinates>
							32.84983317518282,39.86465868959962,0 32.84992994861283,39.86462277262877,0 32.84997079093233,39.86465794313052,0 32.84985485627912,39.86471167261585,0 32.84983317518282,39.86465868959962,0 
						</coordinates>
					</LinearRing>
				</outerBoundaryIs>
			</Polygon>
		</Placemark>
		<Placemark>
			<name>Adsız Çokgen [692:Polygon]</name>
			<snippet></snippet>
			<styleUrl>#m_ylw-pushpin</styleUrl>
			<Polygon>
				<tessellate>1</tessellate>
				<outerBoundaryIs>
					<LinearRing>
						<coordinates>
							32.84986556246245,39.86463082523779,0 32.84981895352631,39.8645758481719,0 32.84992011027131,39.86454534242553,0 32.84994843205462,39.86459419702184,0 32.84986556246245,39.86463082523779,0 
						</coordinates>
					</LinearRing>
				</outerBoundaryIs>
			</Polygon>
		</Placemark>
		<Placemark>
			<name>Adsız Çokgen [693:Polygon]</name>
			<snippet></snippet>
			<styleUrl>#m_ylw-pushpin</styleUrl>
			<Polygon>
				<tessellate>1</tessellate>
				<outerBoundaryIs>
					<LinearRing>
						<coordinates>
							32.8506355223532,39.86498544107692,0 32.85051658837605,39.86487354522035,0 32.85066134741869,39.86480793276719,0 32.85076117389499,39.86491001774989,0 32.8506355223532,39.86498544107692,0 
						</coordinates>
					</LinearRing>
				</outerBoundaryIs>
			</Polygon>
		</Placemark>
		<Placemark>
			<name>Adsız Çokgen [694:Polygon]</name>
			<snippet></snippet>
			<styleUrl>#m_ylw-pushpin</styleUrl>
			<Polygon>
				<tessellate>1</tessellate>
				<outerBoundaryIs>
					<LinearRing>
						<coordinates>
							32.85019429828462,39.86522157339204,0 32.85026610274482,39.8651576669094,0 32.85038067116805,39.86520686124202,0 32.85031281427391,39.86528596952467,0 32.85019429828462,39.86522157339204,0 
						</coordinates>
					</LinearRing>
				</outerBoundaryIs>
			</Polygon>
		</Placemark>
		<Placemark>
			<name>Adsız Çokgen [695:Polygon]</name>
			<snippet></snippet>
			<styleUrl>#m_ylw-pushpin</styleUrl>
			<Polygon>
				<tessellate>1</tessellate>
				<outerBoundaryIs>
					<LinearRing>
						<coordinates>
							32.85042361216303,39.86526503702279,0 32.85035760668776,39.86517372216657,0 32.85042437635973,39.86513760453982,0 32.8505236394508,39.86521709753135,0 32.85042361216303,39.86526503702279,0 
						</coordinates>
					</LinearRing>
				</outerBoundaryIs>
			</Polygon>
		</Placemark>
		<Placemark>
			<name>Adsız Çokgen [696:Polygon]</name>
			<snippet></snippet>
			<styleUrl>#m_ylw-pushpin</styleUrl>
			<Polygon>
				<tessellate>1</tessellate>
				<outerBoundaryIs>
					<LinearRing>
						<coordinates>
							32.85013595665805,39.86548451116931,0 32.85024065749855,39.86542908603357,0 32.8503118161527,39.86552708706951,0 32.85024702816726,39.86555529451633,0 32.85022757777254,39.86553818265085,0 32.85019242278834,39.86555666610006,0 32.85013595665805,39.86548451116931,0 
						</coordinates>
					</LinearRing>
				</outerBoundaryIs>
			</Polygon>
		</Placemark>
		<Placemark>
			<name>Adsız Çokgen [697:Polygon]</name>
			<snippet></snippet>
			<styleUrl>#m_ylw-pushpin</styleUrl>
			<Polygon>
				<tessellate>1</tessellate>
				<outerBoundaryIs>
					<LinearRing>
						<coordinates>
							32.85026395617951,39.86542141185101,0 32.85035538663062,39.86538016127761,0 32.850422911256,39.86547901428676,0 32.85033239164667,39.86551225717813,0 32.85026395617951,39.86542141185101,0 
						</coordinates>
					</LinearRing>
				</outerBoundaryIs>
			</Polygon>
		</Placemark>
		<Placemark>
			<name>Adsız Çokgen [698:Polygon]</name>
			<snippet></snippet>
			<styleUrl>#m_ylw-pushpin</styleUrl>
			<Polygon>
				<tessellate>1</tessellate>
				<outerBoundaryIs>
					<LinearRing>
						<coordinates>
							32.85041728027393,39.86533975750952,0 32.85049344783064,39.86530403119941,0 32.85057096470689,39.8654070387531,0 32.85049192241908,39.86543495020616,0 32.85041728027393,39.86533975750952,0 
						</coordinates>
					</LinearRing>
				</outerBoundaryIs>
			</Polygon>
		</Placemark>
		<Placemark>
			<name>Adsız Çokgen [699:Polygon]</name>
			<snippet></snippet>
			<styleUrl>#m_ylw-pushpin</styleUrl>
			<Polygon>
				<tessellate>1</tessellate>
				<outerBoundaryIs>
					<LinearRing>
						<coordinates>
							32.85058711722689,39.86536669545889,0 32.85055514890701,39.86529957149909,0 32.85068216488768,39.86525941521408,0 32.85071934261224,39.86532253252555,0 32.85058711722689,39.86536669545889,0 
						</coordinates>
					</LinearRing>
				</outerBoundaryIs>
			</Polygon>
		</Placemark>
		<Placemark>
			<name>Adsız Çokgen [700:Polygon]</name>
			<snippet></snippet>
			<styleUrl>#m_ylw-pushpin</styleUrl>
			<Polygon>
				<tessellate>1</tessellate>
				<outerBoundaryIs>
					<LinearRing>
						<coordinates>
							32.85084063253392,39.86528854315851,0 32.85079833476046,39.86522185353467,0 32.85092061229641,39.86518734197028,0 32.85096432904887,39.86525884515243,0 32.85084063253392,39.86528854315851,0 
						</coordinates>
					</LinearRing>
				</outerBoundaryIs>
			</Polygon>
		</Placemark>
		<Placemark>
			<name>Adsız Çokgen [701:Polygon]</name>
			<snippet></snippet>
			<styleUrl>#m_ylw-pushpin</styleUrl>
			<Polygon>
				<tessellate>1</tessellate>
				<outerBoundaryIs>
					<LinearRing>
						<coordinates>
							32.85094847149286,39.86541489947496,0 32.85091584168099,39.86535061691931,0 32.85105438828588,39.8653148621927,0 32.8510788520635,39.86539273957785,0 32.85094847149286,39.86541489947496,0 
						</coordinates>
					</LinearRing>
				</outerBoundaryIs>
			</Polygon>
		</Placemark>
		<Placemark>
			<name>Adsız Çokgen [702:Polygon]</name>
			<snippet></snippet>
			<styleUrl>#m_ylw-pushpin</styleUrl>
			<Polygon>
				<tessellate>1</tessellate>
				<outerBoundaryIs>
					<LinearRing>
						<coordinates>
							32.84988541880509,39.86513662240787,0 32.84982043547467,39.86505578246376,0 32.84994160069323,39.86501538514878,0 32.85001830869608,39.86507650598923,0 32.84988541880509,39.86513662240787,0 
						</coordinates>
					</LinearRing>
				</outerBoundaryIs>
			</Polygon>
		</Placemark>
		<Placemark>
			<name>Adsız Çokgen [703:Polygon]</name>
			<snippet></snippet>
			<styleUrl>#m_ylw-pushpin</styleUrl>
			<Polygon>
				<tessellate>1</tessellate>
				<outerBoundaryIs>
					<LinearRing>
						<coordinates>
							32.85005139308287,39.86537241182689,0 32.84995089519843,39.86529785622592,0 32.8500288408864,39.86524647589668,0 32.85010704128484,39.86531015636366,0 32.85005139308287,39.86537241182689,0 
						</coordinates>
					</LinearRing>
				</outerBoundaryIs>
			</Polygon>
		</Placemark>
		<Placemark>
			<name>Adsız Çokgen [704:Polygon]</name>
			<snippet></snippet>
			<styleUrl>#m_ylw-pushpin</styleUrl>
			<Polygon>
				<tessellate>1</tessellate>
				<outerBoundaryIs>
					<LinearRing>
						<coordinates>
							32.85042381495795,39.86579636617646,0 32.85038077950959,39.86572516141783,0 32.85047853813975,39.86569151544145,0 32.8505164036249,39.86575553813111,0 32.85042381495795,39.86579636617646,0 
						</coordinates>
					</LinearRing>
				</outerBoundaryIs>
			</Polygon>
		</Placemark>
		<Placemark>
			<name>Adsız Çokgen [705:Polygon]</name>
			<snippet></snippet>
			<styleUrl>#m_ylw-pushpin</styleUrl>
			<Polygon>
				<tessellate>1</tessellate>
				<outerBoundaryIs>
					<LinearRing>
						<coordinates>
							32.85029766800836,39.86580222936947,0 32.85027450970438,39.86574957743069,0 32.85036505086945,39.86572215184666,0 32.85037858888133,39.86577766520089,0 32.85029766800836,39.86580222936947,0 
						</coordinates>
					</LinearRing>
				</outerBoundaryIs>
			</Polygon>
		</Placemark>
		<Placemark>
			<name>Adsız Çokgen [706:Polygon]</name>
			<snippet></snippet>
			<styleUrl>#m_ylw-pushpin</styleUrl>
			<Polygon>
				<tessellate>1</tessellate>
				<outerBoundaryIs>
					<LinearRing>
						<coordinates>
							32.85030308233049,39.86596098864146,0 32.85023581699561,39.86588131071482,0 32.85032331883574,39.86585984382869,0 32.85035480244312,39.86593286502447,0 32.85030308233049,39.86596098864146,0 
						</coordinates>
					</LinearRing>
				</outerBoundaryIs>
			</Polygon>
		</Placemark>
		<Placemark>
			<name>Adsız Çokgen [707:Polygon]</name>
			<snippet></snippet>
			<styleUrl>#m_ylw-pushpin</styleUrl>
			<Polygon>
				<tessellate>1</tessellate>
				<outerBoundaryIs>
					<LinearRing>
						<coordinates>
							32.85009341254526,39.86593551590019,0 32.85001531059005,39.86586875313988,0 32.85010540423788,39.86581378637632,0 32.85017792817817,39.86587025744076,0 32.85009341254526,39.86593551590019,0 
						</coordinates>
					</LinearRing>
				</outerBoundaryIs>
			</Polygon>
		</Placemark>
		<Placemark>
			<name>Adsız Çokgen [708:Polygon]</name>
			<snippet></snippet>
			<styleUrl>#m_ylw-pushpin</styleUrl>
			<Polygon>
				<tessellate>1</tessellate>
				<outerBoundaryIs>
					<LinearRing>
						<coordinates>
							32.85013390863006,39.86608607262158,0 32.85007339878904,39.86603274917068,0 32.85017474075202,39.86596967504027,0 32.85024389570589,39.86601555034626,0 32.85013390863006,39.86608607262158,0 
						</coordinates>
					</LinearRing>
				</outerBoundaryIs>
			</Polygon>
		</Placemark>
		<Placemark>
			<name>Adsız Çokgen [709:Polygon]</name>
			<snippet></snippet>
			<styleUrl>#m_ylw-pushpin</styleUrl>
			<Polygon>
				<tessellate>1</tessellate>
				<outerBoundaryIs>
					<LinearRing>
						<coordinates>
							32.84870669504792,39.86718321630433,0 32.84865682582827,39.86708275305678,0 32.84878151061064,39.86703723532865,0 32.84880514172979,39.8671379979204,0 32.84870669504792,39.86718321630433,0 
						</coordinates>
					</LinearRing>
				</outerBoundaryIs>
			</Polygon>
		</Placemark>
		<Placemark>
			<name>Adsız Çokgen [710:Polygon]</name>
			<snippet></snippet>
			<styleUrl>#m_ylw-pushpin</styleUrl>
			<Polygon>
				<tessellate>1</tessellate>
				<outerBoundaryIs>
					<LinearRing>
						<coordinates>
							32.84885009495857,39.86711388968104,0 32.84881295994137,39.86704072161981,0 32.84884401551856,39.86702677069678,0 32.84889420530789,39.86708580029187,0 32.84885009495857,39.86711388968104,0 
						</coordinates>
					</LinearRing>
				</outerBoundaryIs>
			</Polygon>
		</Placemark>
		<Placemark>
			<name>Adsız Çokgen [711:Polygon]</name>
			<snippet></snippet>
			<styleUrl>#m_ylw-pushpin</styleUrl>
			<Polygon>
				<tessellate>1</tessellate>
				<outerBoundaryIs>
					<LinearRing>
						<coordinates>
							32.84532899107958,39.86474012072011,0 32.8452857374669,39.8646325751821,0 32.84539885289865,39.86461372211824,0 32.84540432071223,39.86472716450832,0 32.84532899107958,39.86474012072011,0 
						</coordinates>
					</LinearRing>
				</outerBoundaryIs>
			</Polygon>
		</Placemark>
		<Placemark>
			<name>Adsız Çokgen [712:Polygon]</name>
			<snippet></snippet>
			<styleUrl>#m_ylw-pushpin</styleUrl>
			<Polygon>
				<tessellate>1</tessellate>
				<outerBoundaryIs>
					<LinearRing>
						<coordinates>
							32.84487679726475,39.86544873943848,0 32.84488292543183,39.86544873953416,0 32.84483892240353,39.86533367448391,0 32.84495978053683,39.86532397249891,0 32.84500125194909,39.86542256228607,0 32.84487679726475,39.86544873943848,0 
						</coordinates>
					</LinearRing>
				</outerBoundaryIs>
			</Polygon>
		</Placemark>
		<Placemark>
			<name>Adsız Çokgen [713:Polygon]</name>
			<snippet></snippet>
			<styleUrl>#m_ylw-pushpin</styleUrl>
			<Polygon>
				<tessellate>1</tessellate>
				<outerBoundaryIs>
					<LinearRing>
						<coordinates>
							32.84481191060075,39.8653246228635,0 32.84478249110035,39.86525132644203,0 32.84486069147313,39.86523466048949,0 32.84489071154145,39.86531000414279,0 32.84481191060075,39.8653246228635,0 
						</coordinates>
					</LinearRing>
				</outerBoundaryIs>
			</Polygon>
		</Placemark>
		<Placemark>
			<name>Adsız Çokgen [714:Polygon]</name>
			<snippet></snippet>
			<styleUrl>#m_ylw-pushpin</styleUrl>
			<Polygon>
				<tessellate>1</tessellate>
				<outerBoundaryIs>
					<LinearRing>
						<coordinates>
							32.85019983543884,39.8632226079963,0 32.85026057628575,39.86318718642926,0 32.85024040006489,39.86316293590257,0 32.8502980778297,39.86313202592487,0 32.85035305959048,39.86318491589967,0 32.8502518565955,39.86325366120577,0 32.85019983543884,39.8632226079963,0 
						</coordinates>
					</LinearRing>
				</outerBoundaryIs>
			</Polygon>
		</Placemark>
		<Placemark>
			<name>Adsız Çokgen [715:Polygon]</name>
			<snippet></snippet>
			<styleUrl>#m_ylw-pushpin</styleUrl>
			<Polygon>
				<tessellate>1</tessellate>
				<outerBoundaryIs>
					<LinearRing>
						<coordinates>
							32.8485764500313,39.86483605754463,0 32.8486057494859,39.86477589571182,0 32.84868244627832,39.86479351154727,0 32.84865965204819,39.86484730229004,0 32.8485764500313,39.86483605754463,0 
						</coordinates>
					</LinearRing>
				</outerBoundaryIs>
			</Polygon>
		</Placemark>
		<Placemark>
			<name>Adsız Çokgen [716:Polygon]</name>
			<snippet></snippet>
			<styleUrl>#m_ylw-pushpin</styleUrl>
			<Polygon>
				<tessellate>1</tessellate>
				<outerBoundaryIs>
					<LinearRing>
						<coordinates>
							32.84887969995209,39.86493158728684,0 32.84887998620749,39.86484594694411,0 32.84898347300113,39.86484215370113,0 32.84898895163361,39.86491888297208,0 32.84887969995209,39.86493158728684,0 
						</coordinates>
					</LinearRing>
				</outerBoundaryIs>
			</Polygon>
		</Placemark>
		<Placemark>
			<name>Adsız Çokgen [717:Polygon]</name>
			<snippet></snippet>
			<styleUrl>#m_ylw-pushpin</styleUrl>
			<Polygon>
				<tessellate>1</tessellate>
				<outerBoundaryIs>
					<LinearRing>
						<coordinates>
							32.84893582177981,39.86510943687153,0 32.84894696411031,39.86496377517082,0 32.84909181622935,39.86497227749985,0 32.84905571614825,39.86512358277965,0 32.84893582177981,39.86510943687153,0 
						</coordinates>
					</LinearRing>
				</outerBoundaryIs>
			</Polygon>
		</Placemark>
		<Placemark>
			<name>Adsız Çokgen [718:Polygon]</name>
			<snippet></snippet>
			<styleUrl>#m_ylw-pushpin</styleUrl>
			<Polygon>
				<tessellate>1</tessellate>
				<outerBoundaryIs>
					<LinearRing>
						<coordinates>
							32.84923267220254,39.8650635260539,0 32.84921348794112,39.86497436673395,0 32.84933472536949,39.86496161159575,0 32.84935119523736,39.86504642607453,0 32.84923267220254,39.8650635260539,0 
						</coordinates>
					</LinearRing>
				</outerBoundaryIs>
			</Polygon>
		</Placemark>
		<Placemark>
			<name>Adsız Çokgen [719:Polygon]</name>
			<snippet></snippet>
			<styleUrl>#m_ylw-pushpin</styleUrl>
			<Polygon>
				<tessellate>1</tessellate>
				<outerBoundaryIs>
					<LinearRing>
						<coordinates>
							32.84900288861302,39.86492103843621,0 32.84902240689173,39.86483596370972,0 32.84913863275029,39.86485332205039,0 32.84912499316893,39.86492544627945,0 32.84900288861302,39.86492103843621,0 
						</coordinates>
					</LinearRing>
				</outerBoundaryIs>
			</Polygon>
		</Placemark>
		<Placemark>
			<name>Adsız Çokgen [720:Polygon]</name>
			<snippet></snippet>
			<styleUrl>#m_ylw-pushpin</styleUrl>
			<Polygon>
				<tessellate>1</tessellate>
				<outerBoundaryIs>
					<LinearRing>
						<coordinates>
							32.84904459185624,39.86482118234291,0 32.84906396317595,39.86475548163732,0 32.84916049789752,39.86476243481258,0 32.8491386066604,39.86484061243291,0 32.84904459185624,39.86482118234291,0 
						</coordinates>
					</LinearRing>
				</outerBoundaryIs>
			</Polygon>
		</Placemark>
		<Placemark>
			<name>Adsız Çokgen [721:Polygon]</name>
			<snippet></snippet>
			<styleUrl>#m_ylw-pushpin</styleUrl>
			<Polygon>
				<tessellate>1</tessellate>
				<outerBoundaryIs>
					<LinearRing>
						<coordinates>
							32.84823016483841,39.86466546030317,0 32.84823099824808,39.86462951951368,0 32.84830337711398,39.86464208051615,0 32.84828298523083,39.86469227577806,0 32.84823016483841,39.86466546030317,0 
						</coordinates>
					</LinearRing>
				</outerBoundaryIs>
			</Polygon>
		</Placemark>
		<Placemark>
			<name>Adsız Çokgen [722:Polygon]</name>
			<snippet></snippet>
			<styleUrl>#m_ylw-pushpin</styleUrl>
			<Polygon>
				<tessellate>1</tessellate>
				<outerBoundaryIs>
					<LinearRing>
						<coordinates>
							32.84788161183154,39.86428959028928,0 32.84781814200065,39.86423497387792,0 32.8478806277457,39.86418779385362,0 32.84792124348472,39.86422842083056,0 32.84788161183154,39.86428959028928,0 
						</coordinates>
					</LinearRing>
				</outerBoundaryIs>
			</Polygon>
		</Placemark>
		<Placemark>
			<name>Adsız Çokgen [723:Polygon]</name>
			<snippet></snippet>
			<styleUrl>#m_ylw-pushpin</styleUrl>
			<Polygon>
				<tessellate>1</tessellate>
				<outerBoundaryIs>
					<LinearRing>
						<coordinates>
							32.84751045916438,39.86537206772166,0 32.84751367020779,39.86523491631757,0 32.84762179578606,39.86524882433827,0 32.8475933767927,39.8653674314153,0 32.84751045916438,39.86537206772166,0 
						</coordinates>
					</LinearRing>
				</outerBoundaryIs>
			</Polygon>
		</Placemark>
		<Placemark>
			<name>Adsız Çokgen [724:Polygon]</name>
			<snippet></snippet>
			<styleUrl>#m_ylw-pushpin</styleUrl>
			<Polygon>
				<tessellate>1</tessellate>
				<outerBoundaryIs>
					<LinearRing>
						<coordinates>
							32.84768204802412,39.86540685247269,0 32.84768269376276,39.8653151436915,0 32.84774969744306,39.86532586558722,0 32.84775481013368,39.86542108570798,0 32.84768204802412,39.86540685247269,0 
						</coordinates>
					</LinearRing>
				</outerBoundaryIs>
			</Polygon>
		</Placemark>
		<Placemark>
			<name>Adsız Çokgen [725:Polygon]</name>
			<snippet></snippet>
			<styleUrl>#m_ylw-pushpin</styleUrl>
			<Polygon>
				<tessellate>1</tessellate>
				<outerBoundaryIs>
					<LinearRing>
						<coordinates>
							32.84638280540293,39.86543839676115,0 32.84644846229111,39.86533492403257,0 32.84656254389076,39.86537001391951,0 32.84651535786895,39.86546134806999,0 32.84638280540293,39.86543839676115,0 
						</coordinates>
					</LinearRing>
				</outerBoundaryIs>
			</Polygon>
		</Placemark>
		<Placemark>
			<name>Adsız Çokgen [726:Polygon]</name>
			<snippet></snippet>
			<styleUrl>#m_ylw-pushpin</styleUrl>
			<Polygon>
				<tessellate>1</tessellate>
				<outerBoundaryIs>
					<LinearRing>
						<coordinates>
							32.84333147001195,39.86732096851688,0 32.84337726552066,39.86724813988548,0 32.84341657392149,39.86727334280721,0 32.84336084434114,39.86735656846659,0 32.84333147001195,39.86732096851688,0 
						</coordinates>
					</LinearRing>
				</outerBoundaryIs>
			</Polygon>
		</Placemark>
		<Placemark>
			<name>Adsız Çokgen [727:Polygon]</name>
			<snippet></snippet>
			<styleUrl>#m_ylw-pushpin</styleUrl>
			<Polygon>
				<tessellate>1</tessellate>
				<outerBoundaryIs>
					<LinearRing>
						<coordinates>
							32.84313833602857,39.86727768726889,0 32.84320896777642,39.86720823394875,0 32.84327013374281,39.86723806653859,0 32.84322136362956,39.86729541167747,0 32.84313833602857,39.86727768726889,0 
						</coordinates>
					</LinearRing>
				</outerBoundaryIs>
			</Polygon>
		</Placemark>
		<Placemark>
			<name>Adsız Çokgen [728:Polygon]</name>
			<snippet></snippet>
			<styleUrl>#m_ylw-pushpin</styleUrl>
			<Polygon>
				<tessellate>1</tessellate>
				<outerBoundaryIs>
					<LinearRing>
						<coordinates>
							32.84344290412195,39.86728602003931,0 32.84345252145029,39.86723059478059,0 32.84355126230062,39.86722051686147,0 32.84355197734834,39.86728879226445,0 32.84344290412195,39.86728602003931,0 
						</coordinates>
					</LinearRing>
				</outerBoundaryIs>
			</Polygon>
		</Placemark>
		<Placemark>
			<name>Adsız Çokgen [729:Polygon]</name>
			<snippet></snippet>
			<styleUrl>#m_ylw-pushpin</styleUrl>
			<Polygon>
				<tessellate>1</tessellate>
				<outerBoundaryIs>
					<LinearRing>
						<coordinates>
							32.84360346093242,39.86711484946235,0 32.8436028117553,39.86701984692544,0 32.84370645395283,39.86701077015763,0 32.84370721823493,39.86710396205327,0 32.84360346093242,39.86711484946235,0 
						</coordinates>
					</LinearRing>
				</outerBoundaryIs>
			</Polygon>
		</Placemark>
		<Placemark>
			<name>Adsız Çokgen [730:Polygon]</name>
			<snippet></snippet>
			<styleUrl>#m_ylw-pushpin</styleUrl>
			<Polygon>
				<tessellate>1</tessellate>
				<outerBoundaryIs>
					<LinearRing>
						<coordinates>
							32.8433837868884,39.86718305723317,0 32.84337401806851,39.86712324892891,0 32.84348157091712,39.86711051113988,0 32.84347854983597,39.86717542127547,0 32.8433837868884,39.86718305723317,0 
						</coordinates>
					</LinearRing>
				</outerBoundaryIs>
			</Polygon>
		</Placemark>
		<Placemark>
			<name>Adsız Çokgen [731:Polygon]</name>
			<snippet></snippet>
			<styleUrl>#m_ylw-pushpin</styleUrl>
			<Polygon>
				<tessellate>1</tessellate>
				<outerBoundaryIs>
					<LinearRing>
						<coordinates>
							32.84228665540446,39.86690051825291,0 32.84228438897559,39.86677649355193,0 32.84241885504308,39.86678342306558,0 32.84242396954905,39.86691286452663,0 32.84228665540446,39.86690051825291,0 
						</coordinates>
					</LinearRing>
				</outerBoundaryIs>
			</Polygon>
		</Placemark>
		<Placemark>
			<name>Adsız Çokgen [732:Polygon]</name>
			<snippet></snippet>
			<styleUrl>#m_ylw-pushpin</styleUrl>
			<Polygon>
				<tessellate>1</tessellate>
				<outerBoundaryIs>
					<LinearRing>
						<coordinates>
							32.84211560475432,39.86692765603748,0 32.84212348641989,39.86683515189929,0 32.84223593215057,39.86683432785909,0 32.84222760002328,39.86693165111444,0 32.84211560475432,39.86692765603748,0 
						</coordinates>
					</LinearRing>
				</outerBoundaryIs>
			</Polygon>
		</Placemark>
		<Placemark>
			<name>Adsız Çokgen [733:Polygon]</name>
			<snippet></snippet>
			<styleUrl>#m_ylw-pushpin</styleUrl>
			<Polygon>
				<tessellate>1</tessellate>
				<outerBoundaryIs>
					<LinearRing>
						<coordinates>
							32.84196628081722,39.86681585298437,0 32.84206092455779,39.86681929165923,0 32.84204152681232,39.86694274326504,0 32.84194739897387,39.86693190624845,0 32.84196628081722,39.86681585298437,0 
						</coordinates>
					</LinearRing>
				</outerBoundaryIs>
			</Polygon>
		</Placemark>
		<Placemark>
			<name>Adsız Çokgen [734:Polygon]</name>
			<snippet></snippet>
			<styleUrl>#m_ylw-pushpin</styleUrl>
			<Polygon>
				<tessellate>1</tessellate>
				<outerBoundaryIs>
					<LinearRing>
						<coordinates>
							32.84201579588797,39.86670213903127,0 32.84208356612535,39.86670794276706,0 32.84206762137017,39.86677667360715,0 32.84198829367086,39.86676384513982,0 32.84201579588797,39.86670213903127,0 
						</coordinates>
					</LinearRing>
				</outerBoundaryIs>
			</Polygon>
		</Placemark>
		<Placemark>
			<name>Adsız Çokgen [735:Polygon]</name>
			<snippet></snippet>
			<styleUrl>#m_ylw-pushpin</styleUrl>
			<Polygon>
				<tessellate>1</tessellate>
				<outerBoundaryIs>
					<LinearRing>
						<coordinates>
							32.84391797862707,39.86723318666944,0 32.84387702560127,39.86716623163819,0 32.84400033463788,39.86711942972351,0 32.84403767712887,39.86717860216295,0 32.84391797862707,39.86723318666944,0 
						</coordinates>
					</LinearRing>
				</outerBoundaryIs>
			</Polygon>
		</Placemark>
		<Placemark>
			<name>Adsız Çokgen [736:Polygon]</name>
			<snippet></snippet>
			<styleUrl>#m_ylw-pushpin</styleUrl>
			<Polygon>
				<tessellate>1</tessellate>
				<outerBoundaryIs>
					<LinearRing>
						<coordinates>
							32.84390457613858,39.86699537052499,0 32.84394080737974,39.8669946846266,0 32.84394350784379,39.86695041789687,0 32.8440104756551,39.86694847211101,0 32.84399948956757,39.86709539250106,0 32.84392075027868,39.86709621498984,0 32.84390457613858,39.86699537052499,0 
						</coordinates>
					</LinearRing>
				</outerBoundaryIs>
			</Polygon>
		</Placemark>
		<Placemark>
			<name>Adsız Çokgen [737:Polygon]</name>
			<snippet></snippet>
			<styleUrl>#m_ylw-pushpin</styleUrl>
			<Polygon>
				<tessellate>1</tessellate>
				<outerBoundaryIs>
					<LinearRing>
						<coordinates>
							32.84407218396689,39.86717450532947,0 32.84418223781412,39.86712008400804,0 32.84422867077911,39.86716694850546,0 32.84412325414579,39.86722806585933,0 32.84407218396689,39.86717450532947,0 
						</coordinates>
					</LinearRing>
				</outerBoundaryIs>
			</Polygon>
		</Placemark>
		<Placemark>
			<name>Adsız Çokgen [738:Polygon]</name>
			<snippet></snippet>
			<styleUrl>#m_ylw-pushpin</styleUrl>
			<Polygon>
				<tessellate>1</tessellate>
				<outerBoundaryIs>
					<LinearRing>
						<coordinates>
							32.84429146154234,39.86743842460677,0 32.84429671416222,39.86735758992935,0 32.84438192362632,39.86736260123904,0 32.84439081782338,39.86732501300577,0 32.84447364742094,39.86732987745285,0 32.84448357654561,39.86736288025259,0 32.84442908053656,39.86737217715012,0 32.84442554460352,39.86741740506663,0 32.84429146154234,39.86743842460677,0 
						</coordinates>
					</LinearRing>
				</outerBoundaryIs>
			</Polygon>
		</Placemark>
		<Placemark>
			<name>Adsız Çokgen [739:Polygon]</name>
			<snippet></snippet>
			<styleUrl>#m_ylw-pushpin</styleUrl>
			<Polygon>
				<tessellate>1</tessellate>
				<outerBoundaryIs>
					<LinearRing>
						<coordinates>
							32.84459869772448,39.86709115680256,0 32.84456611763741,39.86699553457738,0 32.84460749453609,39.86698549872798,0 32.84458271593217,39.86691493010156,0 32.84465589030225,39.86690074756114,0 32.84468128018695,39.86698863093732,0 32.84465818357672,39.86700829085945,0 32.8446729070582,39.86707624451459,0 32.84459869772448,39.86709115680256,0 
						</coordinates>
					</LinearRing>
				</outerBoundaryIs>
			</Polygon>
		</Placemark>
		<Placemark>
			<name>Adsız Çokgen [740:Polygon]</name>
			<snippet></snippet>
			<styleUrl>#m_ylw-pushpin</styleUrl>
			<Polygon>
				<tessellate>1</tessellate>
				<outerBoundaryIs>
					<LinearRing>
						<coordinates>
							32.8448753869598,39.86744800233819,0 32.84487837649836,39.86734435927676,0 32.84497462455676,39.86734013574075,0 32.84496530840958,39.86745905770859,0 32.8448753869598,39.86744800233819,0 
						</coordinates>
					</LinearRing>
				</outerBoundaryIs>
			</Polygon>
		</Placemark>
		<Placemark>
			<name>Adsız Çokgen [741:Polygon]</name>
			<snippet></snippet>
			<styleUrl>#m_ylw-pushpin</styleUrl>
			<Polygon>
				<tessellate>1</tessellate>
				<outerBoundaryIs>
					<LinearRing>
						<coordinates>
							32.84405899486957,39.86699251313156,0 32.84415202255271,39.86699690551223,0 32.84415652413705,39.86707587282914,0 32.84406495045597,39.86707721182692,0 32.84405899486957,39.86699251313156,0 
						</coordinates>
					</LinearRing>
				</outerBoundaryIs>
			</Polygon>
		</Placemark>
		<Placemark>
			<name>Adsız Çokgen [742:Polygon]</name>
			<snippet></snippet>
			<styleUrl>#m_ylw-pushpin</styleUrl>
			<Polygon>
				<tessellate>1</tessellate>
				<outerBoundaryIs>
					<LinearRing>
						<coordinates>
							32.84427200514497,39.86707656162809,0 32.84423798827957,39.86707684400405,0 32.84422786328922,39.86700868339106,0 32.8443118618346,39.86699593281966,0 32.84431478065974,39.86706943378721,0 32.84434481851192,39.86707110893467,0 32.84436023913039,39.86715267228251,0 32.84427688559107,39.86715339283267,0 32.84427200514497,39.86707656162809,0 
						</coordinates>
					</LinearRing>
				</outerBoundaryIs>
			</Polygon>
		</Placemark>
		<Placemark>
			<name>Adsız Çokgen [743:Polygon]</name>
			<snippet></snippet>
			<styleUrl>#m_ylw-pushpin</styleUrl>
			<Polygon>
				<tessellate>1</tessellate>
				<outerBoundaryIs>
					<LinearRing>
						<coordinates>
							32.84354377691141,39.86686245945172,0 32.84351075882974,39.86674988040428,0 32.84365946370016,39.86671463771103,0 32.84367352374753,39.86679041810917,0 32.84359578068518,39.86679639285234,0 32.84360541326126,39.86685979969538,0 32.84354377691141,39.86686245945172,0 
						</coordinates>
					</LinearRing>
				</outerBoundaryIs>
			</Polygon>
		</Placemark>
		<Placemark>
			<name>Adsız Çokgen [744:Polygon]</name>
			<snippet></snippet>
			<styleUrl>#m_ylw-pushpin</styleUrl>
			<Polygon>
				<tessellate>1</tessellate>
				<outerBoundaryIs>
					<LinearRing>
						<coordinates>
							32.84428715188034,39.86770456188145,0 32.84430957267997,39.86768038525418,0 32.84427440330714,39.86764765911244,0 32.84432974594211,39.86761585286369,0 32.84442489049842,39.86769332784169,0 32.84434285083896,39.86775859504129,0 32.84428715188034,39.86770456188145,0 
						</coordinates>
					</LinearRing>
				</outerBoundaryIs>
			</Polygon>
		</Placemark>
		<Placemark>
			<name>Adsız Çokgen [745:Polygon]</name>
			<snippet></snippet>
			<styleUrl>#m_ylw-pushpin</styleUrl>
			<Polygon>
				<tessellate>1</tessellate>
				<outerBoundaryIs>
					<LinearRing>
						<coordinates>
							32.84416187896533,39.86761497220429,0 32.84421914142585,39.86759892313078,0 32.84419745019629,39.86752684597408,0 32.84424949913845,39.86751856140475,0 32.84426257586097,39.86763359032225,0 32.84420983942434,39.86765387309192,0 32.84416187896533,39.86761497220429,0 
						</coordinates>
					</LinearRing>
				</outerBoundaryIs>
			</Polygon>
		</Placemark>
		<Placemark>
			<name>Adsız Çokgen [746:Polygon]</name>
			<snippet></snippet>
			<styleUrl>#m_ylw-pushpin</styleUrl>
			<Polygon>
				<tessellate>1</tessellate>
				<outerBoundaryIs>
					<LinearRing>
						<coordinates>
							32.84342027840855,39.86794470610841,0 32.84348369276476,39.8678565058455,0 32.84358073077365,39.86788278544549,0 32.84353150871941,39.86796934411729,0 32.84342027840855,39.86794470610841,0 
						</coordinates>
					</LinearRing>
				</outerBoundaryIs>
			</Polygon>
		</Placemark>
		<Placemark>
			<name>Adsız Çokgen [747:Polygon]</name>
			<snippet></snippet>
			<styleUrl>#m_ylw-pushpin</styleUrl>
			<Polygon>
				<tessellate>1</tessellate>
				<outerBoundaryIs>
					<LinearRing>
						<coordinates>
							32.84349927163297,39.86774741936515,0 32.84352484544646,39.86765969978051,0 32.84367323402238,39.86768390254774,0 32.84364156386465,39.86776576539695,0 32.84349927163297,39.86774741936515,0 
						</coordinates>
					</LinearRing>
				</outerBoundaryIs>
			</Polygon>
		</Placemark>
		<Placemark>
			<name>Adsız Çokgen [748:Polygon]</name>
			<snippet></snippet>
			<styleUrl>#m_ylw-pushpin</styleUrl>
			<Polygon>
				<tessellate>1</tessellate>
				<outerBoundaryIs>
					<LinearRing>
						<coordinates>
							32.84320691411791,39.86761790139558,0 32.84331116759712,39.86761424358908,0 32.84327228650078,39.86769633577999,0 32.84317425156243,39.86768686708874,0 32.84320691411791,39.86761790139558,0 
						</coordinates>
					</LinearRing>
				</outerBoundaryIs>
			</Polygon>
		</Placemark>
		<Placemark>
			<name>Adsız Çokgen [749:Polygon]</name>
			<snippet></snippet>
			<styleUrl>#m_ylw-pushpin</styleUrl>
			<Polygon>
				<tessellate>1</tessellate>
				<outerBoundaryIs>
					<LinearRing>
						<coordinates>
							32.8417977296739,39.86752586092141,0 32.84188774463151,39.86752792393345,0 32.84186355145686,39.86761673415511,0 32.84178078853724,39.86761640917248,0 32.8417977296739,39.86752586092141,0 
						</coordinates>
					</LinearRing>
				</outerBoundaryIs>
			</Polygon>
		</Placemark>
		<Placemark>
			<name>Adsız Çokgen [750:Polygon]</name>
			<snippet></snippet>
			<styleUrl>#m_ylw-pushpin</styleUrl>
			<Polygon>
				<tessellate>1</tessellate>
				<outerBoundaryIs>
					<LinearRing>
						<coordinates>
							32.84197625171671,39.8674956270288,0 32.84207572948887,39.86751381106997,0 32.84203882865953,39.86759291789632,0 32.84192895254379,39.8675744278826,0 32.84197625171671,39.8674956270288,0 
						</coordinates>
					</LinearRing>
				</outerBoundaryIs>
			</Polygon>
		</Placemark>
		<Placemark>
			<name>Adsız Çokgen [751:Polygon]</name>
			<snippet></snippet>
			<styleUrl>#m_ylw-pushpin</styleUrl>
			<Polygon>
				<tessellate>1</tessellate>
				<outerBoundaryIs>
					<LinearRing>
						<coordinates>
							32.84201096261413,39.8672517056028,0 32.84209987615933,39.86727501713394,0 32.8420708876984,39.86735193853885,0 32.84197158880843,39.86733641345305,0 32.84201096261413,39.8672517056028,0 
						</coordinates>
					</LinearRing>
				</outerBoundaryIs>
			</Polygon>
		</Placemark>
		<Placemark>
			<name>Adsız Çokgen [752:Polygon]</name>
			<snippet></snippet>
			<styleUrl>#m_ylw-pushpin</styleUrl>
			<Polygon>
				<tessellate>1</tessellate>
				<outerBoundaryIs>
					<LinearRing>
						<coordinates>
							32.84214719310723,39.86727243034685,0 32.84220532295157,39.86729204724003,0 32.84218147316756,39.86736126915046,0 32.84211813685363,39.86735563054758,0 32.84214719310723,39.86727243034685,0 
						</coordinates>
					</LinearRing>
				</outerBoundaryIs>
			</Polygon>
		</Placemark>
		<Placemark>
			<name>Adsız Çokgen [753:Polygon]</name>
			<snippet></snippet>
			<styleUrl>#m_ylw-pushpin</styleUrl>
			<Polygon>
				<tessellate>1</tessellate>
				<outerBoundaryIs>
					<LinearRing>
						<coordinates>
							32.84148816708854,39.86723264555066,0 32.84166401589027,39.86725537350669,0 32.841633300947,39.86730918782708,0 32.84161796232643,39.86730528260899,0 32.84160503903697,39.86733706627555,0 32.841465104419,39.86731783792136,0 32.84148816708854,39.86723264555066,0 
						</coordinates>
					</LinearRing>
				</outerBoundaryIs>
			</Polygon>
		</Placemark>
		<Placemark>
			<name>Adsız Çokgen [754:Polygon]</name>
			<snippet></snippet>
			<styleUrl>#m_ylw-pushpin</styleUrl>
			<Polygon>
				<tessellate>1</tessellate>
				<outerBoundaryIs>
					<LinearRing>
						<coordinates>
							32.84181750736379,39.86708224239994,0 32.84193605685874,39.86709638339713,0 32.84191229581342,39.86716836948577,0 32.84180412050486,39.8671598458015,0 32.84181750736379,39.86708224239994,0 
						</coordinates>
					</LinearRing>
				</outerBoundaryIs>
			</Polygon>
		</Placemark>
		<Placemark>
			<name>Adsız Çokgen [755:Polygon]</name>
			<snippet></snippet>
			<styleUrl>#m_ylw-pushpin</styleUrl>
			<Polygon>
				<tessellate>1</tessellate>
				<outerBoundaryIs>
					<LinearRing>
						<coordinates>
							32.84182795389307,39.8670603014461,0 32.84183880144207,39.86698100635547,0 32.84196477364294,39.86699392289697,0 32.84194910312801,39.8670722524983,0 32.84182795389307,39.8670603014461,0 
						</coordinates>
					</LinearRing>
				</outerBoundaryIs>
			</Polygon>
		</Placemark>
		<Placemark>
			<name>Adsız Çokgen [756:Polygon]</name>
			<snippet></snippet>
			<styleUrl>#m_ylw-pushpin</styleUrl>
			<Polygon>
				<tessellate>1</tessellate>
				<outerBoundaryIs>
					<LinearRing>
						<coordinates>
							32.84073380481225,39.86791971318673,0 32.84073380466151,39.86791582101127,0 32.84072116253782,39.8678382734525,0 32.84082055297302,39.8678238210129,0 32.84083591035519,39.86791782669534,0 32.84073380481225,39.86791971318673,0 
						</coordinates>
					</LinearRing>
				</outerBoundaryIs>
			</Polygon>
		</Placemark>
		<Placemark>
			<name>Adsız Çokgen [757:Polygon]</name>
			<snippet></snippet>
			<styleUrl>#m_ylw-pushpin</styleUrl>
			<Polygon>
				<tessellate>1</tessellate>
				<outerBoundaryIs>
					<LinearRing>
						<coordinates>
							32.84041802941084,39.86816569359524,0 32.84039948975033,39.86805549667995,0 32.84051179363788,39.86804536579334,0 32.84051473066523,39.86815453204306,0 32.84041802941084,39.86816569359524,0 
						</coordinates>
					</LinearRing>
				</outerBoundaryIs>
			</Polygon>
		</Placemark>
		<Placemark>
			<name>Adsız Çokgen [758:Polygon]</name>
			<snippet></snippet>
			<styleUrl>#m_ylw-pushpin</styleUrl>
			<Polygon>
				<tessellate>1</tessellate>
				<outerBoundaryIs>
					<LinearRing>
						<coordinates>
							32.84007294238233,39.86807558697122,0 32.84003528044192,39.86798254159531,0 32.84011543159206,39.86795767229547,0 32.8401723451296,39.86806969943022,0 32.84007294238233,39.86807558697122,0 
						</coordinates>
					</LinearRing>
				</outerBoundaryIs>
			</Polygon>
		</Placemark>
		<Placemark>
			<name>Adsız Çokgen [759:Polygon]</name>
			<snippet></snippet>
			<styleUrl>#m_ylw-pushpin</styleUrl>
			<Polygon>
				<tessellate>1</tessellate>
				<outerBoundaryIs>
					<LinearRing>
						<coordinates>
							32.84033154291008,39.86800268718605,0 32.84027373092938,39.8678897009967,0 32.8403771144603,39.8678481091618,0 32.84043790990194,39.86796925531919,0 32.84033154291008,39.86800268718605,0 
						</coordinates>
					</LinearRing>
				</outerBoundaryIs>
			</Polygon>
		</Placemark>
		<Placemark>
			<name>Adsız Çokgen [760:Polygon]</name>
			<snippet></snippet>
			<styleUrl>#m_ylw-pushpin</styleUrl>
			<Polygon>
				<tessellate>1</tessellate>
				<outerBoundaryIs>
					<LinearRing>
						<coordinates>
							32.84107515441901,39.86742873978213,0 32.84108130813819,39.86734538028283,0 32.84122043654737,39.86734203446467,0 32.84120702406505,39.86743208528505,0 32.84107515441901,39.86742873978213,0 
						</coordinates>
					</LinearRing>
				</outerBoundaryIs>
			</Polygon>
		</Placemark>
		<Placemark>
			<name>Adsız Çokgen [761:Polygon]</name>
			<snippet></snippet>
			<styleUrl>#m_ylw-pushpin</styleUrl>
			<Polygon>
				<tessellate>1</tessellate>
				<outerBoundaryIs>
					<LinearRing>
						<coordinates>
							32.84462326321879,39.86734272257723,0 32.84461918544486,39.8673202429359,0 32.84459866223373,39.86731616156948,0 32.84461254460574,39.86722676393002,0 32.84469822378075,39.86722184109818,0 32.84468758192433,39.86733057029506,0 32.84462326321879,39.86734272257723,0 
						</coordinates>
					</LinearRing>
				</outerBoundaryIs>
			</Polygon>
		</Placemark>
		<Placemark>
			<name>Adsız Çokgen [762:Polygon]</name>
			<snippet></snippet>
			<styleUrl>#m_ylw-pushpin</styleUrl>
			<Polygon>
				<tessellate>1</tessellate>
				<outerBoundaryIs>
					<LinearRing>
						<coordinates>
							32.84449100093847,39.86687950525862,0 32.8445523872786,39.86687794962129,0 32.84456649422707,39.86692538562029,0 32.84450045749834,39.86692712458185,0 32.84449100093847,39.86687950525862,0 
						</coordinates>
					</LinearRing>
				</outerBoundaryIs>
			</Polygon>
		</Placemark>
		<Placemark>
			<name>Adsız Çokgen [763:Polygon]</name>
			<snippet></snippet>
			<styleUrl>#m_ylw-pushpin</styleUrl>
			<Polygon>
				<tessellate>1</tessellate>
				<outerBoundaryIs>
					<LinearRing>
						<coordinates>
							32.84495296882455,39.86756778208046,0 32.84497368671072,39.86747309516107,0 32.84505350773644,39.86748781203858,0 32.84503117362469,39.86757952333166,0 32.84495296882455,39.86756778208046,0 
						</coordinates>
					</LinearRing>
				</outerBoundaryIs>
			</Polygon>
		</Placemark>
		<Placemark>
			<name>Adsız Çokgen [764:Polygon]</name>
			<snippet></snippet>
			<styleUrl>#m_ylw-pushpin</styleUrl>
			<Polygon>
				<tessellate>1</tessellate>
				<outerBoundaryIs>
					<LinearRing>
						<coordinates>
							32.84435030191192,39.86861970714118,0 32.84435951834016,39.86853407664319,0 32.84447814669076,39.86853593989063,0 32.84446206272455,39.86863359843689,0 32.84435030191192,39.86861970714118,0 
						</coordinates>
					</LinearRing>
				</outerBoundaryIs>
			</Polygon>
		</Placemark>
		<Placemark>
			<name>Adsız Çokgen [765:Polygon]</name>
			<snippet></snippet>
			<styleUrl>#m_ylw-pushpin</styleUrl>
			<Polygon>
				<tessellate>1</tessellate>
				<outerBoundaryIs>
					<LinearRing>
						<coordinates>
							32.84462968950042,39.86830034825567,0 32.84459784263456,39.86821658077243,0 32.84472595144148,39.86818786661316,0 32.84474867372144,39.86827005845456,0 32.84462968950042,39.86830034825567,0 
						</coordinates>
					</LinearRing>
				</outerBoundaryIs>
			</Polygon>
		</Placemark>
		<Placemark>
			<name>Adsız Çokgen [766:Polygon]</name>
			<snippet></snippet>
			<styleUrl>#m_ylw-pushpin</styleUrl>
			<Polygon>
				<tessellate>1</tessellate>
				<outerBoundaryIs>
					<LinearRing>
						<coordinates>
							32.84478442618813,39.86827200670571,0 32.84477403949694,39.86818977985105,0 32.84487921662785,39.86817780619284,0 32.84488364561992,39.8682603637228,0 32.84478442618813,39.86827200670571,0 
						</coordinates>
					</LinearRing>
				</outerBoundaryIs>
			</Polygon>
		</Placemark>
		<Placemark>
			<name>Adsız Çokgen [767:Polygon]</name>
			<snippet></snippet>
			<styleUrl>#m_ylw-pushpin</styleUrl>
			<Polygon>
				<tessellate>1</tessellate>
				<outerBoundaryIs>
					<LinearRing>
						<coordinates>
							32.84503701791804,39.86888722656423,0 32.84495997026602,39.86880193784928,0 32.84505510470495,39.86875809425709,0 32.84511943961454,39.86883042010988,0 32.84503701791804,39.86888722656423,0 
						</coordinates>
					</LinearRing>
				</outerBoundaryIs>
			</Polygon>
		</Placemark>
		<Placemark>
			<name>Adsız Çokgen [768:Polygon]</name>
			<snippet></snippet>
			<styleUrl>#m_ylw-pushpin</styleUrl>
			<Polygon>
				<tessellate>1</tessellate>
				<outerBoundaryIs>
					<LinearRing>
						<coordinates>
							32.84453430786385,39.86839146342042,0 32.84464701195378,39.86838210839867,0 32.84464721523968,39.86848464080781,0 32.84454535596431,39.86848832173056,0 32.84453430786385,39.86839146342042,0 
						</coordinates>
					</LinearRing>
				</outerBoundaryIs>
			</Polygon>
		</Placemark>
		<Placemark>
			<name>Adsız Çokgen [769:Polygon]</name>
			<snippet></snippet>
			<styleUrl>#m_ylw-pushpin</styleUrl>
			<Polygon>
				<tessellate>1</tessellate>
				<outerBoundaryIs>
					<LinearRing>
						<coordinates>
							32.84422083560442,39.86852452810078,0 32.84432412599408,39.86853471091997,0 32.84429445673877,39.86862862581168,0 32.84419905129169,39.86861830228631,0 32.84422083560442,39.86852452810078,0 
						</coordinates>
					</LinearRing>
				</outerBoundaryIs>
			</Polygon>
		</Placemark>
		<Placemark>
			<name>Adsız Çokgen [770:Polygon]</name>
			<snippet></snippet>
			<styleUrl>#m_ylw-pushpin</styleUrl>
			<Polygon>
				<tessellate>1</tessellate>
				<outerBoundaryIs>
					<LinearRing>
						<coordinates>
							32.84416494240258,39.86859942028734,0 32.84405250107621,39.86856522062084,0 32.84407781371707,39.86847809185124,0 32.84418687377377,39.86850714924283,0 32.84416494240258,39.86859942028734,0 
						</coordinates>
					</LinearRing>
				</outerBoundaryIs>
			</Polygon>
		</Placemark>
		<Placemark>
			<name>Adsız Çokgen [771:Polygon]</name>
			<snippet></snippet>
			<styleUrl>#m_ylw-pushpin</styleUrl>
			<Polygon>
				<tessellate>1</tessellate>
				<outerBoundaryIs>
					<LinearRing>
						<coordinates>
							32.84458831534396,39.86831303230998,0 32.84444180098671,39.86835639385277,0 32.84441415478159,39.86824596975999,0 32.84456589321483,39.86822503996072,0 32.84458831534396,39.86831303230998,0 
						</coordinates>
					</LinearRing>
				</outerBoundaryIs>
			</Polygon>
		</Placemark>
		<Placemark>
			<name>Adsız Çokgen [772:Polygon]</name>
			<snippet></snippet>
			<styleUrl>#m_ylw-pushpin</styleUrl>
			<Polygon>
				<tessellate>1</tessellate>
				<outerBoundaryIs>
					<LinearRing>
						<coordinates>
							32.84539246584159,39.86903384416503,0 32.84530421964091,39.8689067807522,0 32.8453949952467,39.86887957041093,0 32.84548462053623,39.86901648460324,0 32.84539246584159,39.86903384416503,0 
						</coordinates>
					</LinearRing>
				</outerBoundaryIs>
			</Polygon>
		</Placemark>
		<Placemark>
			<name>Adsız Çokgen [773:Polygon]</name>
			<snippet></snippet>
			<styleUrl>#m_ylw-pushpin</styleUrl>
			<Polygon>
				<tessellate>1</tessellate>
				<outerBoundaryIs>
					<LinearRing>
						<coordinates>
							32.84494541085255,39.86905174392994,0 32.8448724172337,39.86894442839547,0 32.84495738884922,39.86889927672641,0 32.84503658063053,39.86900972238662,0 32.84494541085255,39.86905174392994,0 
						</coordinates>
					</LinearRing>
				</outerBoundaryIs>
			</Polygon>
		</Placemark>
		<Placemark>
			<name>Adsız Çokgen [774:Polygon]</name>
			<snippet></snippet>
			<styleUrl>#m_ylw-pushpin</styleUrl>
			<Polygon>
				<tessellate>1</tessellate>
				<outerBoundaryIs>
					<LinearRing>
						<coordinates>
							32.8450894270451,39.86876393664876,0 32.84505185466921,39.86867001030515,0 32.84520276129992,39.8686385688961,0 32.84522365534727,39.86871467058667,0 32.84525491346836,39.86877673918607,0 32.84515667488551,39.86881748567444,0 32.84514244868817,39.86876744375053,0 32.8450894270451,39.86876393664876,0 
						</coordinates>
					</LinearRing>
				</outerBoundaryIs>
			</Polygon>
		</Placemark>
		<Placemark>
			<name>Adsız Çokgen [775:Polygon]</name>
			<snippet></snippet>
			<styleUrl>#m_ylw-pushpin</styleUrl>
			<Polygon>
				<tessellate>1</tessellate>
				<outerBoundaryIs>
					<LinearRing>
						<coordinates>
							32.84500255179738,39.86918570812278,0 32.84494877440991,39.86908861178562,0 32.84503134544772,39.86906726261073,0 32.84508016347818,39.86915891783138,0 32.84500255179738,39.86918570812278,0 
						</coordinates>
					</LinearRing>
				</outerBoundaryIs>
			</Polygon>
		</Placemark>
		<Placemark>
			<name>Adsız Çokgen [776:Polygon]</name>
			<snippet></snippet>
			<styleUrl>#m_ylw-pushpin</styleUrl>
			<Polygon>
				<tessellate>1</tessellate>
				<outerBoundaryIs>
					<LinearRing>
						<coordinates>
							32.84511478127541,39.86926826719433,0 32.84509230929569,39.8691984981065,0 32.84521675033411,39.86917714947411,0 32.84522352970611,39.86923020682318,0 32.84511478127541,39.86926826719433,0 
						</coordinates>
					</LinearRing>
				</outerBoundaryIs>
			</Polygon>
		</Placemark>
		<Placemark>
			<name>Adsız Çokgen [777:Polygon]</name>
			<snippet></snippet>
			<styleUrl>#m_ylw-pushpin</styleUrl>
			<Polygon>
				<tessellate>1</tessellate>
				<outerBoundaryIs>
					<LinearRing>
						<coordinates>
							32.84561714266138,39.86920825349583,0 32.84562318654963,39.86909963452047,0 32.84568609750442,39.86910772306306,0 32.8456903863902,39.86921612614844,0 32.84561714266138,39.86920825349583,0 
						</coordinates>
					</LinearRing>
				</outerBoundaryIs>
			</Polygon>
		</Placemark>
		<Placemark>
			<name>Adsız Çokgen [778:Polygon]</name>
			<snippet></snippet>
			<styleUrl>#m_ylw-pushpin</styleUrl>
			<Polygon>
				<tessellate>1</tessellate>
				<outerBoundaryIs>
					<LinearRing>
						<coordinates>
							32.84657817509733,39.8695223237934,0 32.84650838560137,39.8693596270912,0 32.846598641361,39.86933787332242,0 32.84666142143801,39.8695119284541,0 32.84657817509733,39.8695223237934,0 
						</coordinates>
					</LinearRing>
				</outerBoundaryIs>
			</Polygon>
		</Placemark>
		<Placemark>
			<name>Adsız Çokgen [779:Polygon]</name>
			<snippet></snippet>
			<styleUrl>#m_ylw-pushpin</styleUrl>
			<Polygon>
				<tessellate>1</tessellate>
				<outerBoundaryIs>
					<LinearRing>
						<coordinates>
							32.84672786569463,39.87008365626992,0 32.84669618959639,39.86995302078196,0 32.84682974752984,39.86994137460461,0 32.84681729768564,39.87007137108527,0 32.84672786569463,39.87008365626992,0 
						</coordinates>
					</LinearRing>
				</outerBoundaryIs>
			</Polygon>
		</Placemark>
		<Placemark>
			<name>Adsız Çokgen [780:Polygon]</name>
			<snippet></snippet>
			<styleUrl>#m_ylw-pushpin</styleUrl>
			<Polygon>
				<tessellate>1</tessellate>
				<outerBoundaryIs>
					<LinearRing>
						<coordinates>
							32.84547920279253,39.86978860929914,0 32.84541996724516,39.86970220076315,0 32.845486658081,39.86966475013116,0 32.84555916107595,39.86975299695912,0 32.84547920279253,39.86978860929914,0 
						</coordinates>
					</LinearRing>
				</outerBoundaryIs>
			</Polygon>
		</Placemark>
		<Placemark>
			<name>Adsız Çokgen [781:Polygon]</name>
			<snippet></snippet>
			<styleUrl>#m_ylw-pushpin</styleUrl>
			<Polygon>
				<tessellate>1</tessellate>
				<outerBoundaryIs>
					<LinearRing>
						<coordinates>
							32.84563877684661,39.86989515793832,0 32.84564047667202,39.86978001612037,0 32.84569110907074,39.86978842081618,0 32.84571025493905,39.86987930085382,0 32.84563877684661,39.86989515793832,0 
						</coordinates>
					</LinearRing>
				</outerBoundaryIs>
			</Polygon>
		</Placemark>
		<Placemark>
			<name>Adsız Çokgen [782:Polygon]</name>
			<snippet></snippet>
			<styleUrl>#m_ylw-pushpin</styleUrl>
			<Polygon>
				<tessellate>1</tessellate>
				<outerBoundaryIs>
					<LinearRing>
						<coordinates>
							32.84553167069647,39.87005073444508,0 32.84548507629148,39.86995569735338,0 32.84557647404327,39.86994423160336,0 32.84560326610366,39.87002728785668,0 32.84553167069647,39.87005073444508,0 
						</coordinates>
					</LinearRing>
				</outerBoundaryIs>
			</Polygon>
		</Placemark>
		<Placemark>
			<name>Adsız Çokgen [783:Polygon]</name>
			<snippet></snippet>
			<styleUrl>#m_ylw-pushpin</styleUrl>
			<Polygon>
				<tessellate>1</tessellate>
				<outerBoundaryIs>
					<LinearRing>
						<coordinates>
							32.8456208313198,39.86999906732267,0 32.84562582112108,39.86991565840543,0 32.84571212231214,39.86991513367181,0 32.84571596817364,39.86999277447071,0 32.8456208313198,39.86999906732267,0 
						</coordinates>
					</LinearRing>
				</outerBoundaryIs>
			</Polygon>
		</Placemark>
		<Placemark>
			<name>Adsız Çokgen [784:Polygon]</name>
			<snippet></snippet>
			<styleUrl>#m_ylw-pushpin</styleUrl>
			<Polygon>
				<tessellate>1</tessellate>
				<outerBoundaryIs>
					<LinearRing>
						<coordinates>
							32.84587522443547,39.86954561760649,0 32.84582348269203,39.86950252220818,0 32.84588538979653,39.86944162493712,0 32.84595360277837,39.86950367088873,0 32.84587522443547,39.86954561760649,0 
						</coordinates>
					</LinearRing>
				</outerBoundaryIs>
			</Polygon>
		</Placemark>
		<Placemark>
			<name>Adsız Çokgen [785:Polygon]</name>
			<snippet></snippet>
			<styleUrl>#m_ylw-pushpin</styleUrl>
			<Polygon>
				<tessellate>1</tessellate>
				<outerBoundaryIs>
					<LinearRing>
						<coordinates>
							32.84581617864006,39.86949510431013,0 32.84575044017555,39.86944569554156,0 32.84577900319324,39.86940450208884,0 32.84585680502322,39.86943269196593,0 32.84581617864006,39.86949510431013,0 
						</coordinates>
					</LinearRing>
				</outerBoundaryIs>
			</Polygon>
		</Placemark>
		<Placemark>
			<name>Adsız Çokgen [786:Polygon]</name>
			<snippet></snippet>
			<styleUrl>#m_ylw-pushpin</styleUrl>
			<Polygon>
				<tessellate>1</tessellate>
				<outerBoundaryIs>
					<LinearRing>
						<coordinates>
							32.83955810770302,39.85884222732194,0 32.83965535579787,39.85876081273858,0 32.83973458191616,39.85884251801977,0 32.83962157302716,39.85889980008011,0 32.83955810770302,39.85884222732194,0 
						</coordinates>
					</LinearRing>
				</outerBoundaryIs>
			</Polygon>
		</Placemark>
		<Placemark>
			<name>Adsız Çokgen [787:Polygon]</name>
			<snippet></snippet>
			<styleUrl>#m_ylw-pushpin</styleUrl>
			<Polygon>
				<tessellate>1</tessellate>
				<outerBoundaryIs>
					<LinearRing>
						<coordinates>
							32.83967719187506,39.8589062387523,0 32.83974968701907,39.85886105062839,0 32.83981591965829,39.85897895544922,0 32.83975146606544,39.85899552840255,0 32.83967719187506,39.8589062387523,0 
						</coordinates>
					</LinearRing>
				</outerBoundaryIs>
			</Polygon>
		</Placemark>
		<Placemark>
			<name>Adsız Çokgen [788:Polygon]</name>
			<snippet></snippet>
			<styleUrl>#m_ylw-pushpin</styleUrl>
			<Polygon>
				<tessellate>1</tessellate>
				<outerBoundaryIs>
					<LinearRing>
						<coordinates>
							32.83965401172758,39.85869421678706,0 32.83967725601573,39.85862201861241,0 32.83981199056907,39.85865688613916,0 32.83977531196702,39.85874206265278,0 32.83965401172758,39.85869421678706,0 
						</coordinates>
					</LinearRing>
				</outerBoundaryIs>
			</Polygon>
		</Placemark>
		<Placemark>
			<name>Adsız Çokgen [789:Polygon]</name>
			<snippet></snippet>
			<styleUrl>#m_ylw-pushpin</styleUrl>
			<Polygon>
				<tessellate>1</tessellate>
				<outerBoundaryIs>
					<LinearRing>
						<coordinates>
							32.83966621906734,39.8585129545297,0 32.8396700300112,39.85845173017562,0 32.83974303043577,39.85846492720609,0 32.83974514829258,39.85853744188272,0 32.83966621906734,39.8585129545297,0 
						</coordinates>
					</LinearRing>
				</outerBoundaryIs>
			</Polygon>
		</Placemark>
		<Placemark>
			<name>Adsız Çokgen [790:Polygon]</name>
			<snippet></snippet>
			<styleUrl>#m_ylw-pushpin</styleUrl>
			<Polygon>
				<tessellate>1</tessellate>
				<outerBoundaryIs>
					<LinearRing>
						<coordinates>
							32.83901574293568,39.85847024754676,0 32.83912536819142,39.85837858032951,0 32.8391770431551,39.85840635476695,0 32.83907341730097,39.85850888191206,0 32.83901574293568,39.85847024754676,0 
						</coordinates>
					</LinearRing>
				</outerBoundaryIs>
			</Polygon>
		</Placemark>
		<Placemark>
			<name>Adsız Çokgen [791:Polygon]</name>
			<snippet></snippet>
			<styleUrl>#m_ylw-pushpin</styleUrl>
			<Polygon>
				<tessellate>1</tessellate>
				<outerBoundaryIs>
					<LinearRing>
						<coordinates>
							32.84046982321832,39.85809914795377,0 32.84052428330536,39.85799477611054,0 32.84059895649398,39.85802511565954,0 32.84054514248881,39.85811518163199,0 32.84046982321832,39.85809914795377,0 
						</coordinates>
					</LinearRing>
				</outerBoundaryIs>
			</Polygon>
		</Placemark>
		<Placemark>
			<name>Adsız Çokgen [792:Polygon]</name>
			<snippet></snippet>
			<styleUrl>#m_ylw-pushpin</styleUrl>
			<Polygon>
				<tessellate>1</tessellate>
				<outerBoundaryIs>
					<LinearRing>
						<coordinates>
							32.84010643316567,39.86022363216023,0 32.84005075585563,39.86014236147243,0 32.84017318436538,39.86009868176701,0 32.8402207493111,39.86018162534184,0 32.84010643316567,39.86022363216023,0 
						</coordinates>
					</LinearRing>
				</outerBoundaryIs>
			</Polygon>
		</Placemark>
		<Placemark>
			<name>Adsız Çokgen [793:Polygon]</name>
			<snippet></snippet>
			<styleUrl>#m_ylw-pushpin</styleUrl>
			<Polygon>
				<tessellate>1</tessellate>
				<outerBoundaryIs>
					<LinearRing>
						<coordinates>
							32.84021869626143,39.86084091768392,0 32.8401818718656,39.8607110325722,0 32.84030505004645,39.86069837645377,0 32.84033244608649,39.86085213431585,0 32.84021869626143,39.86084091768392,0 
						</coordinates>
					</LinearRing>
				</outerBoundaryIs>
			</Polygon>
		</Placemark>
		<Placemark>
			<name>Adsız Çokgen [794:Polygon]</name>
			<snippet></snippet>
			<styleUrl>#m_ylw-pushpin</styleUrl>
			<Polygon>
				<tessellate>1</tessellate>
				<outerBoundaryIs>
					<LinearRing>
						<coordinates>
							32.84023504683317,39.86161495716946,0 32.84026889597652,39.86152542839901,0 32.84038797155242,39.86153273441994,0 32.84036784095385,39.86162223421157,0 32.84023504683317,39.86161495716946,0 
						</coordinates>
					</LinearRing>
				</outerBoundaryIs>
			</Polygon>
		</Placemark>
		<Placemark>
			<name>Adsız Çokgen [795:Polygon]</name>
			<snippet></snippet>
			<styleUrl>#m_ylw-pushpin</styleUrl>
			<Polygon>
				<tessellate>1</tessellate>
				<outerBoundaryIs>
					<LinearRing>
						<coordinates>
							32.84038454109712,39.86128475588589,0 32.84042044639032,39.86121918023144,0 32.84053131916496,39.86123640783821,0 32.84050128701613,39.86131592499105,0 32.84038454109712,39.86128475588589,0 
						</coordinates>
					</LinearRing>
				</outerBoundaryIs>
			</Polygon>
		</Placemark>
		<Placemark>
			<name>Adsız Çokgen [796:Polygon]</name>
			<snippet></snippet>
			<styleUrl>#m_ylw-pushpin</styleUrl>
			<Polygon>
				<tessellate>1</tessellate>
				<outerBoundaryIs>
					<LinearRing>
						<coordinates>
							32.83968830970472,39.86175575693503,0 32.83978958294249,39.86163056129278,0 32.83988007814323,39.86167756028895,0 32.83980321225469,39.86180354308205,0 32.83968830970472,39.86175575693503,0 
						</coordinates>
					</LinearRing>
				</outerBoundaryIs>
			</Polygon>
		</Placemark>
		<Placemark>
			<name>Adsız Çokgen [797:Polygon]</name>
			<snippet></snippet>
			<styleUrl>#m_ylw-pushpin</styleUrl>
			<Polygon>
				<tessellate>1</tessellate>
				<outerBoundaryIs>
					<LinearRing>
						<coordinates>
							32.84062954913967,39.86177877153947,0 32.84062427706839,39.8616873163805,0 32.84078485550312,39.86166622004552,0 32.84077903873102,39.86176238705629,0 32.84062954913967,39.86177877153947,0 
						</coordinates>
					</LinearRing>
				</outerBoundaryIs>
			</Polygon>
		</Placemark>
		<Placemark>
			<name>Adsız Çokgen [798:Polygon]</name>
			<snippet></snippet>
			<styleUrl>#m_ylw-pushpin</styleUrl>
			<Polygon>
				<tessellate>1</tessellate>
				<outerBoundaryIs>
					<LinearRing>
						<coordinates>
							32.83999010715877,39.86181235284631,0 32.84001465361725,39.86173410730507,0 32.84011688745165,39.86176246148513,0 32.84007147342383,39.86187706200569,0 32.83999010715877,39.86181235284631,0 
						</coordinates>
					</LinearRing>
				</outerBoundaryIs>
			</Polygon>
		</Placemark>
		<Placemark>
			<name>Adsız Çokgen [799:Polygon]</name>
			<snippet></snippet>
			<styleUrl>#m_ylw-pushpin</styleUrl>
			<Polygon>
				<tessellate>1</tessellate>
				<outerBoundaryIs>
					<LinearRing>
						<coordinates>
							32.84105016456798,39.86034809536028,0 32.84098083417575,39.86026810073864,0 32.84104006690921,39.86023266389749,0 32.84110036395725,39.86031027924071,0 32.84105016456798,39.86034809536028,0 
						</coordinates>
					</LinearRing>
				</outerBoundaryIs>
			</Polygon>
		</Placemark>
		<Placemark>
			<name>Adsız Çokgen [800:Polygon]</name>
			<snippet></snippet>
			<styleUrl>#m_ylw-pushpin</styleUrl>
			<Polygon>
				<tessellate>1</tessellate>
				<outerBoundaryIs>
					<LinearRing>
						<coordinates>
							32.8411946478501,39.86057536187779,0 32.84115912216838,39.8604353808983,0 32.84120753128668,39.86041405754553,0 32.84125102367295,39.86055453823626,0 32.8411946478501,39.86057536187779,0 
						</coordinates>
					</LinearRing>
				</outerBoundaryIs>
			</Polygon>
		</Placemark>
		<Placemark>
			<name>Adsız Çokgen [801:Polygon]</name>
			<snippet></snippet>
			<styleUrl>#m_ylw-pushpin</styleUrl>
			<Polygon>
				<tessellate>1</tessellate>
				<outerBoundaryIs>
					<LinearRing>
						<coordinates>
							32.84132351202203,39.86080387659992,0 32.8412390942243,39.86072972209098,0 32.84132685404433,39.86067943623465,0 32.84137657950865,39.86074764292134,0 32.84132351202203,39.86080387659992,0 
						</coordinates>
					</LinearRing>
				</outerBoundaryIs>
			</Polygon>
		</Placemark>
		<Placemark>
			<name>Adsız Çokgen [802:Polygon]</name>
			<snippet></snippet>
			<styleUrl>#m_ylw-pushpin</styleUrl>
			<Polygon>
				<tessellate>1</tessellate>
				<outerBoundaryIs>
					<LinearRing>
						<coordinates>
							32.84158452785807,39.86080350160592,0 32.84151162820506,39.86070567170206,0 32.84156795623588,39.86066337736668,0 32.84163480830632,39.86076708819068,0 32.84158452785807,39.86080350160592,0 
						</coordinates>
					</LinearRing>
				</outerBoundaryIs>
			</Polygon>
		</Placemark>
		<Placemark>
			<name>Adsız Çokgen [803:Polygon]</name>
			<snippet></snippet>
			<styleUrl>#m_ylw-pushpin</styleUrl>
			<Polygon>
				<tessellate>1</tessellate>
				<outerBoundaryIs>
					<LinearRing>
						<coordinates>
							32.84205783772757,39.86143286398728,0 32.84198095294018,39.86133525892005,0 32.84205269041282,39.86129321592211,0 32.8421378429727,39.86137978674191,0 32.84205783772757,39.86143286398728,0 
						</coordinates>
					</LinearRing>
				</outerBoundaryIs>
			</Polygon>
		</Placemark>
		<Placemark>
			<name>Adsız Çokgen [804:Polygon]</name>
			<snippet></snippet>
			<styleUrl>#m_ylw-pushpin</styleUrl>
			<Polygon>
				<tessellate>1</tessellate>
				<outerBoundaryIs>
					<LinearRing>
						<coordinates>
							32.8428721464291,39.8636896676357,0 32.84281335630667,39.86356427353284,0 32.84292733321848,39.86357591939055,0 32.84297802137215,39.86366353713359,0 32.8428721464291,39.8636896676357,0 
						</coordinates>
					</LinearRing>
				</outerBoundaryIs>
			</Polygon>
		</Placemark>
		<Placemark>
			<name>Adsız Çokgen [805:Polygon]</name>
			<snippet></snippet>
			<styleUrl>#m_ylw-pushpin</styleUrl>
			<Polygon>
				<tessellate>1</tessellate>
				<outerBoundaryIs>
					<LinearRing>
						<coordinates>
							32.84836945872034,39.86829238722468,0 32.8483331053582,39.8682320882406,0 32.8484211197762,39.86820191787348,0 32.84845577791585,39.86827679824961,0 32.84836945872034,39.86829238722468,0 
						</coordinates>
					</LinearRing>
				</outerBoundaryIs>
			</Polygon>
		</Placemark>
		<Placemark>
			<name>Adsız Çokgen [806:Polygon]</name>
			<snippet></snippet>
			<styleUrl>#m_ylw-pushpin</styleUrl>
			<Polygon>
				<tessellate>1</tessellate>
				<outerBoundaryIs>
					<LinearRing>
						<coordinates>
							32.84768391737298,39.8685037662005,0 32.84774369787067,39.86840081338894,0 32.84787364964843,39.86842635617787,0 32.84786319769964,39.86851445623696,0 32.84768391737298,39.8685037662005,0 
						</coordinates>
					</LinearRing>
				</outerBoundaryIs>
			</Polygon>
		</Placemark>
		<Placemark>
			<name>Adsız Çokgen [807:Polygon]</name>
			<snippet></snippet>
			<styleUrl>#m_ylw-pushpin</styleUrl>
			<Polygon>
				<tessellate>1</tessellate>
				<outerBoundaryIs>
					<LinearRing>
						<coordinates>
							32.84938797857754,39.86853991166959,0 32.84935538455348,39.86844310571917,0 32.84945227601787,39.86843721168477,0 32.84948908873125,39.86852359796107,0 32.84938797857754,39.86853991166959,0 
						</coordinates>
					</LinearRing>
				</outerBoundaryIs>
			</Polygon>
		</Placemark>
		<Placemark>
			<name>Adsız Çokgen [808:Polygon]</name>
			<snippet></snippet>
			<styleUrl>#m_ylw-pushpin</styleUrl>
			<Polygon>
				<tessellate>1</tessellate>
				<outerBoundaryIs>
					<LinearRing>
						<coordinates>
							32.84994341923655,39.86861707615035,0 32.84988007107387,39.8685304297462,0 32.84998861340805,39.86848471309457,0 32.85006080789758,39.86857095924399,0 32.84994341923655,39.86861707615035,0 
						</coordinates>
					</LinearRing>
				</outerBoundaryIs>
			</Polygon>
		</Placemark>
		<Placemark>
			<name>Adsız Çokgen [809:Polygon]</name>
			<snippet></snippet>
			<styleUrl>#m_ylw-pushpin</styleUrl>
			<Polygon>
				<tessellate>1</tessellate>
				<outerBoundaryIs>
					<LinearRing>
						<coordinates>
							32.85000432749266,39.86804977055298,0 32.84997369777295,39.86794281881043,0 32.85011555870922,39.86792175132977,0 32.85015811073733,39.86801729919532,0 32.85000432749266,39.86804977055298,0 
						</coordinates>
					</LinearRing>
				</outerBoundaryIs>
			</Polygon>
		</Placemark>
		<Placemark>
			<name>Adsız Çokgen [810:Polygon]</name>
			<snippet></snippet>
			<styleUrl>#m_ylw-pushpin</styleUrl>
			<Polygon>
				<tessellate>1</tessellate>
				<outerBoundaryIs>
					<LinearRing>
						<coordinates>
							32.85028474102641,39.86804472825028,0 32.8502409803114,39.86795165538098,0 32.8503920573081,39.86792755416882,0 32.85043078312365,39.86802422283894,0 32.85028474102641,39.86804472825028,0 
						</coordinates>
					</LinearRing>
				</outerBoundaryIs>
			</Polygon>
		</Placemark>
		<Placemark>
			<name>Adsız Çokgen [811:Polygon]</name>
			<snippet></snippet>
			<styleUrl>#m_ylw-pushpin</styleUrl>
			<Polygon>
				<tessellate>1</tessellate>
				<outerBoundaryIs>
					<LinearRing>
						<coordinates>
							32.85008450699426,39.86789084878227,0 32.84996508334747,39.86790827216269,0 32.84992608671752,39.86776554946216,0 32.85004576344765,39.86776174149139,0 32.85008450699426,39.86789084878227,0 
						</coordinates>
					</LinearRing>
				</outerBoundaryIs>
			</Polygon>
		</Placemark>
		<Placemark>
			<name>Adsız Çokgen [812:Polygon]</name>
			<snippet></snippet>
			<styleUrl>#m_ylw-pushpin</styleUrl>
			<Polygon>
				<tessellate>1</tessellate>
				<outerBoundaryIs>
					<LinearRing>
						<coordinates>
							32.84942349288256,39.86826194511428,0 32.84930048408523,39.86817219003373,0 32.84939424758231,39.86806723494021,0 32.84951101860486,39.86814835716851,0 32.84942349288256,39.86826194511428,0 
						</coordinates>
					</LinearRing>
				</outerBoundaryIs>
			</Polygon>
		</Placemark>
		<Placemark>
			<name>Adsız Çokgen [813:Polygon]</name>
			<snippet></snippet>
			<styleUrl>#m_ylw-pushpin</styleUrl>
			<Polygon>
				<tessellate>1</tessellate>
				<outerBoundaryIs>
					<LinearRing>
						<coordinates>
							32.84804420577886,39.86859242936319,0 32.848028330692,39.86851403448473,0 32.84808545409575,39.86849902792752,0 32.84811531074072,39.86858035972641,0 32.84804420577886,39.86859242936319,0 
						</coordinates>
					</LinearRing>
				</outerBoundaryIs>
			</Polygon>
		</Placemark>
		<Placemark>
			<name>Adsız Çokgen [814:Polygon]</name>
			<snippet></snippet>
			<styleUrl>#m_ylw-pushpin</styleUrl>
			<Polygon>
				<tessellate>1</tessellate>
				<outerBoundaryIs>
					<LinearRing>
						<coordinates>
							32.84713033427293,39.86829987325051,0 32.84708490609373,39.86817201051978,0 32.84714400238977,39.86814518152566,0 32.84721518007434,39.8682543651104,0 32.84713033427293,39.86829987325051,0 
						</coordinates>
					</LinearRing>
				</outerBoundaryIs>
			</Polygon>
		</Placemark>
		<Placemark>
			<name>Adsız Çokgen [815:Polygon]</name>
			<snippet></snippet>
			<styleUrl>#m_ylw-pushpin</styleUrl>
			<Polygon>
				<tessellate>1</tessellate>
				<outerBoundaryIs>
					<LinearRing>
						<coordinates>
							32.84810778129885,39.86839892908769,0 32.84818104202915,39.86829609899936,0 32.84827595606201,39.86833703018999,0 32.8482480540177,39.86842675381494,0 32.84810778129885,39.86839892908769,0 
						</coordinates>
					</LinearRing>
				</outerBoundaryIs>
			</Polygon>
		</Placemark>
		<Placemark>
			<name>Adsız Çokgen [816:Polygon]</name>
			<snippet></snippet>
			<styleUrl>#m_ylw-pushpin</styleUrl>
			<Polygon>
				<tessellate>1</tessellate>
				<outerBoundaryIs>
					<LinearRing>
						<coordinates>
							32.8468520421541,39.87048464459897,0 32.84684279455342,39.87035653886672,0 32.84696772111745,39.87035406904164,0 32.84697343268177,39.87047178126249,0 32.8468520421541,39.87048464459897,0 
						</coordinates>
					</LinearRing>
				</outerBoundaryIs>
			</Polygon>
		</Placemark>
		<Placemark>
			<name>Adsız Çokgen [817:Polygon]</name>
			<snippet></snippet>
			<styleUrl>#m_ylw-pushpin</styleUrl>
			<Polygon>
				<tessellate>1</tessellate>
				<outerBoundaryIs>
					<LinearRing>
						<coordinates>
							32.84788817806971,39.86935040268404,0 32.84783885073677,39.86923212008909,0 32.84792527751027,39.86921531013439,0 32.84797396467569,39.86931751029952,0 32.84788817806971,39.86935040268404,0 
						</coordinates>
					</LinearRing>
				</outerBoundaryIs>
			</Polygon>
		</Placemark>
		<Placemark>
			<name>Adsız Çokgen [818:Polygon]</name>
			<snippet></snippet>
			<styleUrl>#m_ylw-pushpin</styleUrl>
			<Polygon>
				<tessellate>1</tessellate>
				<outerBoundaryIs>
					<LinearRing>
						<coordinates>
							32.8467961942077,39.87120526107646,0 32.84675743454298,39.87108484952288,0 32.84684374084507,39.87106399756571,0 32.84687691035592,39.87117587077759,0 32.8467961942077,39.87120526107646,0 
						</coordinates>
					</LinearRing>
				</outerBoundaryIs>
			</Polygon>
		</Placemark>
		<Placemark>
			<name>Adsız Çokgen [819:Polygon]</name>
			<snippet></snippet>
			<styleUrl>#m_ylw-pushpin</styleUrl>
			<Polygon>
				<tessellate>1</tessellate>
				<outerBoundaryIs>
					<LinearRing>
						<coordinates>
							32.84844504811419,39.87138034671634,0 32.84837123365498,39.87127646919583,0 32.84846354522845,39.87124607001968,0 32.84853250402328,39.87133639292536,0 32.84844504811419,39.87138034671634,0 
						</coordinates>
					</LinearRing>
				</outerBoundaryIs>
			</Polygon>
		</Placemark>
		<Placemark>
			<name>Adsız Çokgen [820:Polygon]</name>
			<snippet></snippet>
			<styleUrl>#m_ylw-pushpin</styleUrl>
			<Polygon>
				<tessellate>1</tessellate>
				<outerBoundaryIs>
					<LinearRing>
						<coordinates>
							32.84575038915874,39.86975545970625,0 32.84582776226106,39.8697570217157,0 32.84582740898549,39.86986125224228,0 32.84573739545031,39.86985131775139,0 32.84575038915874,39.86975545970625,0 
						</coordinates>
					</LinearRing>
				</outerBoundaryIs>
			</Polygon>
		</Placemark>
		<Placemark>
			<name>Adsız Çokgen [821:Polygon]</name>
			<snippet></snippet>
			<styleUrl>#m_ylw-pushpin</styleUrl>
			<Polygon>
				<tessellate>1</tessellate>
				<outerBoundaryIs>
					<LinearRing>
						<coordinates>
							32.84608369073781,39.87154327890381,0 32.84609076683514,39.87150869758634,0 32.84621756106092,39.87145273719054,0 32.84621914088853,39.87152191003244,0 32.84608369073781,39.87154327890381,0 
						</coordinates>
					</LinearRing>
				</outerBoundaryIs>
			</Polygon>
		</Placemark>
		<Placemark>
			<name>Adsız Çokgen [822:Polygon]</name>
			<snippet></snippet>
			<styleUrl>#m_ylw-pushpin</styleUrl>
			<Polygon>
				<tessellate>1</tessellate>
				<outerBoundaryIs>
					<LinearRing>
						<coordinates>
							32.84616372154663,39.87169261602937,0 32.84613990366616,39.8716258686654,0 32.8462609047946,39.87159176305666,0 32.84627234850712,39.87166485488014,0 32.84616372154663,39.87169261602937,0 
						</coordinates>
					</LinearRing>
				</outerBoundaryIs>
			</Polygon>
		</Placemark>
		<Placemark>
			<name>Adsız Çokgen [823:Polygon]</name>
			<snippet></snippet>
			<styleUrl>#m_ylw-pushpin</styleUrl>
			<Polygon>
				<tessellate>1</tessellate>
				<outerBoundaryIs>
					<LinearRing>
						<coordinates>
							32.84607817397224,39.87093257873229,0 32.84621617853657,39.87089991626301,0 32.846285768117,39.87100446074498,0 32.84619655583099,39.87107166463696,0 32.84607817397224,39.87093257873229,0 
						</coordinates>
					</LinearRing>
				</outerBoundaryIs>
			</Polygon>
		</Placemark>
		<Placemark>
			<name>Adsız Çokgen [824:Polygon]</name>
			<snippet></snippet>
			<styleUrl>#m_ylw-pushpin</styleUrl>
			<Polygon>
				<tessellate>1</tessellate>
				<outerBoundaryIs>
					<LinearRing>
						<coordinates>
							32.84608103012502,39.87143987473362,0 32.8460422320142,39.87137163960305,0 32.84617553421292,39.87133488212268,0 32.84619994553742,39.87141536322897,0 32.84608103012502,39.87143987473362,0 
						</coordinates>
					</LinearRing>
				</outerBoundaryIs>
			</Polygon>
		</Placemark>
		<Placemark>
			<name>Adsız Çokgen [825:Polygon]</name>
			<snippet></snippet>
			<styleUrl>#m_ylw-pushpin</styleUrl>
			<Polygon>
				<tessellate>1</tessellate>
				<outerBoundaryIs>
					<LinearRing>
						<coordinates>
							32.84801475883536,39.87152382523228,0 32.84800133312579,39.87143246303076,0 32.84810350324564,39.87143086186269,0 32.84810537741098,39.87156066191966,0 32.84801475883536,39.87152382523228,0 
						</coordinates>
					</LinearRing>
				</outerBoundaryIs>
			</Polygon>
		</Placemark>
		<Placemark>
			<name>Adsız Çokgen [826:Polygon]</name>
			<snippet></snippet>
			<styleUrl>#m_ylw-pushpin</styleUrl>
			<Polygon>
				<tessellate>1</tessellate>
				<outerBoundaryIs>
					<LinearRing>
						<coordinates>
							32.84595619678418,39.87127734159228,0 32.84598734124691,39.87117629574235,0 32.84612310878664,39.87121014106868,0 32.84610434907899,39.87128385352892,0 32.84595619678418,39.87127734159228,0 
						</coordinates>
					</LinearRing>
				</outerBoundaryIs>
			</Polygon>
		</Placemark>
		<Placemark>
			<name>Adsız Çokgen [827:Polygon]</name>
			<snippet></snippet>
			<styleUrl>#m_ylw-pushpin</styleUrl>
			<Polygon>
				<tessellate>1</tessellate>
				<outerBoundaryIs>
					<LinearRing>
						<coordinates>
							32.84615709065739,39.87082297851585,0 32.84618614298504,39.8707397050553,0 32.84626198294739,39.8707369786986,0 32.84625921570304,39.8708354632478,0 32.84615709065739,39.87082297851585,0 
						</coordinates>
					</LinearRing>
				</outerBoundaryIs>
			</Polygon>
		</Placemark>
		<Placemark>
			<name>Adsız Çokgen [828:Polygon]</name>
			<snippet></snippet>
			<styleUrl>#m_ylw-pushpin</styleUrl>
			<Polygon>
				<tessellate>1</tessellate>
				<outerBoundaryIs>
					<LinearRing>
						<coordinates>
							32.84620579348832,39.87067746793528,0 32.8461853862506,39.87056577765128,0 32.8462754674737,39.87057288808973,0 32.84627985367433,39.8706570873231,0 32.84620579348832,39.87067746793528,0 
						</coordinates>
					</LinearRing>
				</outerBoundaryIs>
			</Polygon>
		</Placemark>
		<Placemark>
			<name>Adsız Çokgen [829:Polygon]</name>
			<snippet></snippet>
			<styleUrl>#m_ylw-pushpin</styleUrl>
			<Polygon>
				<tessellate>1</tessellate>
				<outerBoundaryIs>
					<LinearRing>
						<coordinates>
							32.84643105187698,39.87070472836452,0 32.84641321225332,39.87064408779048,0 32.84653370726195,39.87061882720827,0 32.84652964941342,39.87069805791394,0 32.84643105187698,39.87070472836452,0 
						</coordinates>
					</LinearRing>
				</outerBoundaryIs>
			</Polygon>
		</Placemark>
		<Placemark>
			<name>Adsız Çokgen [830:Polygon]</name>
			<snippet></snippet>
			<styleUrl>#m_ylw-pushpin</styleUrl>
			<Polygon>
				<tessellate>1</tessellate>
				<outerBoundaryIs>
					<LinearRing>
						<coordinates>
							32.84639755145111,39.87061960760529,0 32.84636823648579,39.87054380327167,0 32.84649246675747,39.87052067191912,0 32.84650674248972,39.87059871877285,0 32.84639755145111,39.87061960760529,0 
						</coordinates>
					</LinearRing>
				</outerBoundaryIs>
			</Polygon>
		</Placemark>
		<Placemark>
			<name>Adsız Çokgen [831:Polygon]</name>
			<snippet></snippet>
			<styleUrl>#m_ylw-pushpin</styleUrl>
			<Polygon>
				<tessellate>1</tessellate>
				<outerBoundaryIs>
					<LinearRing>
						<coordinates>
							32.84639146274823,39.87088589244745,0 32.84636342867399,39.87082586748437,0 32.84652211166002,39.87078335662354,0 32.8465412386846,39.87082672041377,0 32.84639146274823,39.87088589244745,0 
						</coordinates>
					</LinearRing>
				</outerBoundaryIs>
			</Polygon>
		</Placemark>
		<Placemark>
			<name>Adsız Çokgen [832:Polygon]</name>
			<snippet></snippet>
			<styleUrl>#m_ylw-pushpin</styleUrl>
			<Polygon>
				<tessellate>1</tessellate>
				<outerBoundaryIs>
					<LinearRing>
						<coordinates>
							32.84516401941644,39.87113769363232,0 32.84514846327526,39.87103662273813,0 32.84524386458207,39.87101995306142,0 32.84527457882956,39.87109854780016,0 32.84516401941644,39.87113769363232,0 
						</coordinates>
					</LinearRing>
				</outerBoundaryIs>
			</Polygon>
		</Placemark>
		<Placemark>
			<name>Adsız Çokgen [833:Polygon]</name>
			<snippet></snippet>
			<styleUrl>#m_ylw-pushpin</styleUrl>
			<Polygon>
				<tessellate>1</tessellate>
				<outerBoundaryIs>
					<LinearRing>
						<coordinates>
							32.84460764561676,39.87119720977019,0 32.84460472669528,39.87109067881458,0 32.84466246827242,39.87109059137978,0 32.8446820714468,39.8711860604746,0 32.84460764561676,39.87119720977019,0 
						</coordinates>
					</LinearRing>
				</outerBoundaryIs>
			</Polygon>
		</Placemark>
		<Placemark>
			<name>Adsız Çokgen [834:Polygon]</name>
			<snippet></snippet>
			<styleUrl>#m_ylw-pushpin</styleUrl>
			<Polygon>
				<tessellate>1</tessellate>
				<outerBoundaryIs>
					<LinearRing>
						<coordinates>
							32.84619988562147,39.87130885176568,0 32.84623066182311,39.87124951799842,0 32.84629906828927,39.87130909999991,0 32.8462529209913,39.87134461597235,0 32.84619988562147,39.87130885176568,0 
						</coordinates>
					</LinearRing>
				</outerBoundaryIs>
			</Polygon>
		</Placemark>
		<Placemark>
			<name>Adsız Çokgen [835:Polygon]</name>
			<snippet></snippet>
			<styleUrl>#m_ylw-pushpin</styleUrl>
			<Polygon>
				<tessellate>1</tessellate>
				<outerBoundaryIs>
					<LinearRing>
						<coordinates>
							32.848005306765,39.87079575448807,0 32.84789337155877,39.87052613423344,0 32.84807284906842,39.87050219203384,0 32.84812821662646,39.87077465259477,0 32.848005306765,39.87079575448807,0 
						</coordinates>
					</LinearRing>
				</outerBoundaryIs>
			</Polygon>
		</Placemark>
		<Placemark>
			<name>Adsız Çokgen [836:Polygon]</name>
			<snippet></snippet>
			<styleUrl>#m_ylw-pushpin</styleUrl>
			<Polygon>
				<tessellate>1</tessellate>
				<outerBoundaryIs>
					<LinearRing>
						<coordinates>
							32.84893944209764,39.87226648125006,0 32.84876926179747,39.87218792035279,0 32.84894428416209,39.87212243157757,0 32.84905090756052,39.87221662720376,0 32.84893944209764,39.87226648125006,0 
						</coordinates>
					</LinearRing>
				</outerBoundaryIs>
			</Polygon>
		</Placemark>
		<Placemark>
			<name>Adsız Çokgen [837:Polygon]</name>
			<snippet></snippet>
			<styleUrl>#m_ylw-pushpin</styleUrl>
			<Polygon>
				<tessellate>1</tessellate>
				<outerBoundaryIs>
					<LinearRing>
						<coordinates>
							32.84734798811456,39.87303740147747,0 32.84747109410105,39.8729513061763,0 32.84761788102758,39.8730527002683,0 32.84747755517421,39.87314823542878,0 32.84734798811456,39.87303740147747,0 
						</coordinates>
					</LinearRing>
				</outerBoundaryIs>
			</Polygon>
		</Placemark>
		<Placemark>
			<name>Adsız Çokgen [838:Polygon]</name>
			<snippet></snippet>
			<styleUrl>#m_ylw-pushpin</styleUrl>
			<Polygon>
				<tessellate>1</tessellate>
				<outerBoundaryIs>
					<LinearRing>
						<coordinates>
							32.84762745959476,39.87326723098211,0 32.84772652134367,39.87321448412951,0 32.8478634751738,39.87331220207119,0 32.8477443552683,39.87334716894305,0 32.84762745959476,39.87326723098211,0 
						</coordinates>
					</LinearRing>
				</outerBoundaryIs>
			</Polygon>
		</Placemark>
		<Placemark>
			<name>Adsız Çokgen [839:Polygon]</name>
			<snippet></snippet>
			<styleUrl>#m_ylw-pushpin</styleUrl>
			<Polygon>
				<tessellate>1</tessellate>
				<outerBoundaryIs>
					<LinearRing>
						<coordinates>
							32.84929968306918,39.87316522444198,0 32.84941412471323,39.87313472748504,0 32.84939907680135,39.87303797940569,0 32.84948257211303,39.8730652531267,0 32.84951880981056,39.87325375668534,0 32.84936515636402,39.87328651629064,0 32.84929968306918,39.87316522444198,0 
						</coordinates>
					</LinearRing>
				</outerBoundaryIs>
			</Polygon>
		</Placemark>
		<Placemark>
			<name>Adsız Çokgen [840:Polygon]</name>
			<snippet></snippet>
			<styleUrl>#m_ylw-pushpin</styleUrl>
			<Polygon>
				<tessellate>1</tessellate>
				<outerBoundaryIs>
					<LinearRing>
						<coordinates>
							32.85088601910215,39.8727995199636,0 32.85088674333572,39.87267692799512,0 32.85101699877429,39.87266585488327,0 32.85102377310659,39.87278280182648,0 32.85088601910215,39.8727995199636,0 
						</coordinates>
					</LinearRing>
				</outerBoundaryIs>
			</Polygon>
		</Placemark>
		<Placemark>
			<name>Adsız Çokgen [841:Polygon]</name>
			<snippet></snippet>
			<styleUrl>#m_ylw-pushpin</styleUrl>
			<Polygon>
				<tessellate>1</tessellate>
				<outerBoundaryIs>
					<LinearRing>
						<coordinates>
							32.85147306039043,39.87271046540831,0 32.85129934100397,39.87263255488995,0 32.85135754954889,39.87255461552559,0 32.85151661795148,39.87259919118875,0 32.85147306039043,39.87271046540831,0 
						</coordinates>
					</LinearRing>
				</outerBoundaryIs>
			</Polygon>
		</Placemark>
		<Placemark>
			<name>Adsız Çokgen [842:Polygon]</name>
			<snippet></snippet>
			<styleUrl>#m_ylw-pushpin</styleUrl>
			<Polygon>
				<tessellate>1</tessellate>
				<outerBoundaryIs>
					<LinearRing>
						<coordinates>
							32.85154443304459,39.87285821216634,0 32.85143649950625,39.87279995212202,0 32.85148026991404,39.87272719694023,0 32.85158850165035,39.8727732450458,0 32.85154443304459,39.87285821216634,0 
						</coordinates>
					</LinearRing>
				</outerBoundaryIs>
			</Polygon>
		</Placemark>
		<Placemark>
			<name>Adsız Çokgen [843:Polygon]</name>
			<snippet></snippet>
			<styleUrl>#m_ylw-pushpin</styleUrl>
			<Polygon>
				<tessellate>1</tessellate>
				<outerBoundaryIs>
					<LinearRing>
						<coordinates>
							32.84976023664125,39.87129627496447,0 32.84983447260247,39.87120571065191,0 32.84994231339903,39.87124287559419,0 32.84991983780696,39.87132870558415,0 32.84976023664125,39.87129627496447,0 
						</coordinates>
					</LinearRing>
				</outerBoundaryIs>
			</Polygon>
		</Placemark>
		<Placemark>
			<name>Adsız Çokgen [844:Polygon]</name>
			<snippet></snippet>
			<styleUrl>#m_ylw-pushpin</styleUrl>
			<Polygon>
				<tessellate>1</tessellate>
				<outerBoundaryIs>
					<LinearRing>
						<coordinates>
							32.84883549056899,39.87174071029079,0 32.84881545565788,39.87163213214324,0 32.84890941604294,39.87163251803976,0 32.84892864745646,39.87169738772113,0 32.84899331274318,39.87169756554477,0 32.8489833224212,39.87175900765713,0 32.84883549056899,39.87174071029079,0 
						</coordinates>
					</LinearRing>
				</outerBoundaryIs>
			</Polygon>
		</Placemark>
		<Placemark>
			<name>Adsız Çokgen [845:Polygon]</name>
			<snippet></snippet>
			<styleUrl>#m_ylw-pushpin</styleUrl>
			<Polygon>
				<tessellate>1</tessellate>
				<outerBoundaryIs>
					<LinearRing>
						<coordinates>
							32.84769759764949,39.87163167531155,0 32.84764778759229,39.87152137749352,0 32.84774911232181,39.87149089533732,0 32.84777845112804,39.8716007440744,0 32.84769759764949,39.87163167531155,0 
						</coordinates>
					</LinearRing>
				</outerBoundaryIs>
			</Polygon>
		</Placemark>
		<Placemark>
			<name>Adsız Çokgen [846:Polygon]</name>
			<snippet></snippet>
			<styleUrl>#m_ylw-pushpin</styleUrl>
			<Polygon>
				<tessellate>1</tessellate>
				<outerBoundaryIs>
					<LinearRing>
						<coordinates>
							32.84860800705733,39.87133919911043,0 32.84853778725341,39.87123474457211,0 32.84863030978133,39.87119258417432,0 32.84870737334203,39.87129999103898,0 32.84860800705733,39.87133919911043,0 
						</coordinates>
					</LinearRing>
				</outerBoundaryIs>
			</Polygon>
		</Placemark>
		<Placemark>
			<name>Adsız Çokgen [847:Polygon]</name>
			<snippet></snippet>
			<styleUrl>#m_ylw-pushpin</styleUrl>
			<Polygon>
				<tessellate>1</tessellate>
				<outerBoundaryIs>
					<LinearRing>
						<coordinates>
							32.84844175446663,39.87107311137173,0 32.84854178789249,39.87105635955652,0 32.84858272090991,39.87116017991386,0 32.84848143026106,39.87116990610591,0 32.84844175446663,39.87107311137173,0 
						</coordinates>
					</LinearRing>
				</outerBoundaryIs>
			</Polygon>
		</Placemark>
		<Placemark>
			<name>Adsız Çokgen [848:Polygon]</name>
			<snippet></snippet>
			<styleUrl>#m_ylw-pushpin</styleUrl>
			<Polygon>
				<tessellate>1</tessellate>
				<outerBoundaryIs>
					<LinearRing>
						<coordinates>
							32.84878144491287,39.87191799569017,0 32.84883099596726,39.8718636517813,0 32.84893308465211,39.87191871278704,0 32.84889426105247,39.87196955807252,0 32.84878144491287,39.87191799569017,0 
						</coordinates>
					</LinearRing>
				</outerBoundaryIs>
			</Polygon>
		</Placemark>
		<Placemark>
			<name>Adsız Çokgen [849:Polygon]</name>
			<snippet></snippet>
			<styleUrl>#m_ylw-pushpin</styleUrl>
			<Polygon>
				<tessellate>1</tessellate>
				<outerBoundaryIs>
					<LinearRing>
						<coordinates>
							32.84906239876636,39.87188643225451,0 32.84912666141925,39.87184009065011,0 32.84924923885811,39.87191262866255,0 32.84915214488473,39.87198451019275,0 32.84906239876636,39.87188643225451,0 
						</coordinates>
					</LinearRing>
				</outerBoundaryIs>
			</Polygon>
		</Placemark>
		<Placemark>
			<name>Adsız Çokgen [850:Polygon]</name>
			<snippet></snippet>
			<styleUrl>#m_ylw-pushpin</styleUrl>
			<Polygon>
				<tessellate>1</tessellate>
				<outerBoundaryIs>
					<LinearRing>
						<coordinates>
							32.8510041645936,39.87178321937002,0 32.8510380639682,39.87170862410883,0 32.85113414646656,39.87172255863419,0 32.85110525158835,39.87178664378305,0 32.8510041645936,39.87178321937002,0 
						</coordinates>
					</LinearRing>
				</outerBoundaryIs>
			</Polygon>
		</Placemark>
		<Placemark>
			<name>Adsız Çokgen [851:Polygon]</name>
			<snippet></snippet>
			<styleUrl>#m_ylw-pushpin</styleUrl>
			<Polygon>
				<tessellate>1</tessellate>
				<outerBoundaryIs>
					<LinearRing>
						<coordinates>
							32.85163971821297,39.87144024592936,0 32.85177850675249,39.87135326041014,0 32.85188442335558,39.87140576663138,0 32.85180008353089,39.87151723101817,0 32.85163971821297,39.87144024592936,0 
						</coordinates>
					</LinearRing>
				</outerBoundaryIs>
			</Polygon>
		</Placemark>
		<Placemark>
			<name>Adsız Çokgen [852:Polygon]</name>
			<snippet></snippet>
			<styleUrl>#m_ylw-pushpin</styleUrl>
			<Polygon>
				<tessellate>1</tessellate>
				<outerBoundaryIs>
					<LinearRing>
						<coordinates>
							32.85202728465671,39.87168581152769,0 32.85197391700003,39.8715694905441,0 32.85206655746717,39.87154297138331,0 32.85210553417267,39.87165863119838,0 32.85202728465671,39.87168581152769,0 
						</coordinates>
					</LinearRing>
				</outerBoundaryIs>
			</Polygon>
		</Placemark>
		<Placemark>
			<name>Adsız Çokgen [853:Polygon]</name>
			<snippet></snippet>
			<styleUrl>#m_ylw-pushpin</styleUrl>
			<Polygon>
				<tessellate>1</tessellate>
				<outerBoundaryIs>
					<LinearRing>
						<coordinates>
							32.85206037851196,39.87174731694773,0 32.85204138758939,39.87169942964973,0 32.85216356026013,39.87165997715029,0 32.85217827296202,39.87170254116417,0 32.85206037851196,39.87174731694773,0 
						</coordinates>
					</LinearRing>
				</outerBoundaryIs>
			</Polygon>
		</Placemark>
		<Placemark>
			<name>Adsız Çokgen [854:Polygon]</name>
			<snippet></snippet>
			<styleUrl>#m_ylw-pushpin</styleUrl>
			<Polygon>
				<tessellate>1</tessellate>
				<outerBoundaryIs>
					<LinearRing>
						<coordinates>
							32.85140412071462,39.8724741871491,0 32.85144684194533,39.87241125873722,0 32.85158137973097,39.87245081518299,0 32.85158137937515,39.87245355042481,0 32.85155651942235,39.8725431909719,0 32.85140412071462,39.8724741871491,0 
						</coordinates>
					</LinearRing>
				</outerBoundaryIs>
			</Polygon>
		</Placemark>
		<Placemark>
			<name>Adsız Çokgen [855:Polygon]</name>
			<snippet></snippet>
			<styleUrl>#m_ylw-pushpin</styleUrl>
			<Polygon>
				<tessellate>1</tessellate>
				<outerBoundaryIs>
					<LinearRing>
						<coordinates>
							32.85107437455169,39.87247138845616,0 32.85112358867258,39.87236888459301,0 32.85126754932132,39.87239097883116,0 32.85123042467173,39.87248769694659,0 32.85107437455169,39.87247138845616,0 
						</coordinates>
					</LinearRing>
				</outerBoundaryIs>
			</Polygon>
		</Placemark>
		<Placemark>
			<name>Adsız Çokgen [856:Polygon]</name>
			<snippet></snippet>
			<styleUrl>#m_ylw-pushpin</styleUrl>
			<Polygon>
				<tessellate>1</tessellate>
				<outerBoundaryIs>
					<LinearRing>
						<coordinates>
							32.8515175277991,39.87225113651832,0 32.85153525154695,39.87218579098194,0 32.85169912364501,39.87220003027318,0 32.85165622995454,39.87228208474908,0 32.8515175277991,39.87225113651832,0 
						</coordinates>
					</LinearRing>
				</outerBoundaryIs>
			</Polygon>
		</Placemark>
		<Placemark>
			<name>Adsız Çokgen [857:Polygon]</name>
			<snippet></snippet>
			<styleUrl>#m_ylw-pushpin</styleUrl>
			<Polygon>
				<tessellate>1</tessellate>
				<outerBoundaryIs>
					<LinearRing>
						<coordinates>
							32.85079330073526,39.87210898483601,0 32.85084481545961,39.87201061492595,0 32.85098421857302,39.87204497886164,0 32.85094863383662,39.87214106994721,0 32.85079330073526,39.87210898483601,0 
						</coordinates>
					</LinearRing>
				</outerBoundaryIs>
			</Polygon>
		</Placemark>
		<Placemark>
			<name>Adsız Çokgen [858:Polygon]</name>
			<snippet></snippet>
			<styleUrl>#m_ylw-pushpin</styleUrl>
			<Polygon>
				<tessellate>1</tessellate>
				<outerBoundaryIs>
					<LinearRing>
						<coordinates>
							32.84985261755823,39.87110339018488,0 32.84996999957997,39.87111875688419,0 32.84992760783897,39.87122032301404,0 32.84982373370119,39.87119226654269,0 32.84985261755823,39.87110339018488,0 
						</coordinates>
					</LinearRing>
				</outerBoundaryIs>
			</Polygon>
		</Placemark>
		<Placemark>
			<name>Adsız Çokgen [859:Polygon]</name>
			<snippet></snippet>
			<styleUrl>#m_ylw-pushpin</styleUrl>
			<Polygon>
				<tessellate>1</tessellate>
				<outerBoundaryIs>
					<LinearRing>
						<coordinates>
							32.84978746404956,39.87103036088123,0 32.84987075870601,39.87104543024519,0 32.84984249158685,39.87110592056569,0 32.84974488479212,39.87109027546155,0 32.84978746404956,39.87103036088123,0 
						</coordinates>
					</LinearRing>
				</outerBoundaryIs>
			</Polygon>
		</Placemark>
		<Placemark>
			<name>Adsız Çokgen [860:Polygon]</name>
			<snippet></snippet>
			<styleUrl>#m_ylw-pushpin</styleUrl>
			<Polygon>
				<tessellate>1</tessellate>
				<outerBoundaryIs>
					<LinearRing>
						<coordinates>
							32.85214455405128,39.8718282263082,0 32.85210227315458,39.87174197249747,0 32.85218733359627,39.87172035993218,0 32.85221892756041,39.87179266267669,0 32.85214455405128,39.8718282263082,0 
						</coordinates>
					</LinearRing>
				</outerBoundaryIs>
			</Polygon>
		</Placemark>
		<Placemark>
			<name>Adsız Çokgen [861:Polygon]</name>
			<snippet></snippet>
			<styleUrl>#m_ylw-pushpin</styleUrl>
			<Polygon>
				<tessellate>1</tessellate>
				<outerBoundaryIs>
					<LinearRing>
						<coordinates>
							32.85152930699036,39.87268545356383,0 32.85155784855288,39.87262001755943,0 32.85165244300185,39.87263576351954,0 32.85164008457417,39.87272001410775,0 32.85152930699036,39.87268545356383,0 
						</coordinates>
					</LinearRing>
				</outerBoundaryIs>
			</Polygon>
		</Placemark>
		<Placemark>
			<name>Adsız Çokgen [862:Polygon]</name>
			<snippet></snippet>
			<styleUrl>#m_ylw-pushpin</styleUrl>
			<Polygon>
				<tessellate>1</tessellate>
				<outerBoundaryIs>
					<LinearRing>
						<coordinates>
							32.85160717541873,39.8725652361513,0 32.85162045767719,39.87248270125873,0 32.85175624885395,39.87250196011323,0 32.85173933434122,39.87257966812383,0 32.85160717541873,39.8725652361513,0 
						</coordinates>
					</LinearRing>
				</outerBoundaryIs>
			</Polygon>
		</Placemark>
		<Placemark>
			<name>Adsız Çokgen [863:Polygon]</name>
			<snippet></snippet>
			<styleUrl>#m_ylw-pushpin</styleUrl>
			<Polygon>
				<tessellate>1</tessellate>
				<outerBoundaryIs>
					<LinearRing>
						<coordinates>
							32.85168142614592,39.87299767218462,0 32.8517553808435,39.87291764299873,0 32.85181473777703,39.87295538893225,0 32.85177232023927,39.87303604815634,0 32.85168142614592,39.87299767218462,0 
						</coordinates>
					</LinearRing>
				</outerBoundaryIs>
			</Polygon>
		</Placemark>
		<Placemark>
			<name>Adsız Çokgen [864:Polygon]</name>
			<snippet></snippet>
			<styleUrl>#m_ylw-pushpin</styleUrl>
			<Polygon>
				<tessellate>1</tessellate>
				<outerBoundaryIs>
					<LinearRing>
						<coordinates>
							32.8528268073981,39.87348701715444,0 32.85285584209377,39.87338127264999,0 32.85302020904471,39.87339299744028,0 32.85303067722216,39.87346097428809,0 32.8528268073981,39.87348701715444,0 
						</coordinates>
					</LinearRing>
				</outerBoundaryIs>
			</Polygon>
		</Placemark>
		<Placemark>
			<name>Adsız Çokgen [865:Polygon]</name>
			<snippet></snippet>
			<styleUrl>#m_ylw-pushpin</styleUrl>
			<Polygon>
				<tessellate>1</tessellate>
				<outerBoundaryIs>
					<LinearRing>
						<coordinates>
							32.85184444932919,39.87276137883203,0 32.85190278398483,39.87267059799526,0 32.85201872014945,39.8726926236421,0 32.85196672367192,39.87279144950223,0 32.85184444932919,39.87276137883203,0 
						</coordinates>
					</LinearRing>
				</outerBoundaryIs>
			</Polygon>
		</Placemark>
		<Placemark>
			<name>Adsız Çokgen [866:Polygon]</name>
			<snippet></snippet>
			<styleUrl>#m_ylw-pushpin</styleUrl>
			<Polygon>
				<tessellate>1</tessellate>
				<outerBoundaryIs>
					<LinearRing>
						<coordinates>
							32.85240072191708,39.87393635976362,0 32.85234726564197,39.87379784021175,0 32.85247928082468,39.87373930607155,0 32.8525481473748,39.87387729697111,0 32.85240072191708,39.87393635976362,0 
						</coordinates>
					</LinearRing>
				</outerBoundaryIs>
			</Polygon>
		</Placemark>
		<Placemark>
			<name>Adsız Çokgen [867:Polygon]</name>
			<snippet></snippet>
			<styleUrl>#m_ylw-pushpin</styleUrl>
			<Polygon>
				<tessellate>1</tessellate>
				<outerBoundaryIs>
					<LinearRing>
						<coordinates>
							32.83899517200602,39.85920879664295,0 32.83903924202932,39.85913010204006,0 32.83917503591989,39.85917559603871,0 32.83910751909313,39.85925664058208,0 32.83899517200602,39.85920879664295,0 
						</coordinates>
					</LinearRing>
				</outerBoundaryIs>
			</Polygon>
		</Placemark>
		<atom:link rel="app" href="https://www.google.com/earth/about/versions/#earth-pro" title="Google Earth Pro 7.3.7.1155"></atom:link>
	</Folder>
</Document>
</kml>
