{"type": "FeatureCollection", "features": [{"type": "Feature", "properties": {"grid": "5m", "dir": "v"}, "geometry": {"type": "LineString", "coordinates": [[32.83269452809198, 39.85162950130627], [32.83269452809198, 39.87540839730448]]}}, {"type": "Feature", "properties": {"grid": "5m", "dir": "v"}, "geometry": {"type": "LineString", "coordinates": [[32.83275304139433, 39.85162950130627], [32.83275304139433, 39.87540839730448]]}}, {"type": "Feature", "properties": {"grid": "5m", "dir": "v"}, "geometry": {"type": "LineString", "coordinates": [[32.832811554696676, 39.85162950130627], [32.832811554696676, 39.87540839730448]]}}, {"type": "Feature", "properties": {"grid": "5m", "dir": "v"}, "geometry": {"type": "LineString", "coordinates": [[32.832870067999025, 39.85162950130627], [32.832870067999025, 39.87540839730448]]}}, {"type": "Feature", "properties": {"grid": "5m", "dir": "v"}, "geometry": {"type": "LineString", "coordinates": [[32.83292858130137, 39.85162950130627], [32.83292858130137, 39.87540839730448]]}}, {"type": "Feature", "properties": {"grid": "5m", "dir": "v"}, "geometry": {"type": "LineString", "coordinates": [[32.832987094603716, 39.85162950130627], [32.832987094603716, 39.87540839730448]]}}, {"type": "Feature", "properties": {"grid": "5m", "dir": "v"}, "geometry": {"type": "LineString", "coordinates": [[32.833045607906065, 39.85162950130627], [32.833045607906065, 39.87540839730448]]}}, {"type": "Feature", "properties": {"grid": "5m", "dir": "v"}, "geometry": {"type": "LineString", "coordinates": [[32.833104121208414, 39.85162950130627], [32.833104121208414, 39.87540839730448]]}}, {"type": "Feature", "properties": {"grid": "5m", "dir": "v"}, "geometry": {"type": "LineString", "coordinates": [[32.833162634510764, 39.85162950130627], [32.833162634510764, 39.87540839730448]]}}, {"type": "Feature", "properties": {"grid": "5m", "dir": "v"}, "geometry": {"type": "LineString", "coordinates": [[32.83322114781311, 39.85162950130627], [32.83322114781311, 39.87540839730448]]}}, {"type": "Feature", "properties": {"grid": "5m", "dir": "v"}, "geometry": {"type": "LineString", "coordinates": [[32.833279661115455, 39.85162950130627], [32.833279661115455, 39.87540839730448]]}}, {"type": "Feature", "properties": {"grid": "5m", "dir": "v"}, "geometry": {"type": "LineString", "coordinates": [[32.833338174417804, 39.85162950130627], [32.833338174417804, 39.87540839730448]]}}, {"type": "Feature", "properties": {"grid": "5m", "dir": "v"}, "geometry": {"type": "LineString", "coordinates": [[32.83339668772015, 39.85162950130627], [32.83339668772015, 39.87540839730448]]}}, {"type": "Feature", "properties": {"grid": "5m", "dir": "v"}, "geometry": {"type": "LineString", "coordinates": [[32.8334552010225, 39.85162950130627], [32.8334552010225, 39.87540839730448]]}}, {"type": "Feature", "properties": {"grid": "5m", "dir": "v"}, "geometry": {"type": "LineString", "coordinates": [[32.83351371432485, 39.85162950130627], [32.83351371432485, 39.87540839730448]]}}, {"type": "Feature", "properties": {"grid": "5m", "dir": "v"}, "geometry": {"type": "LineString", "coordinates": [[32.8335722276272, 39.85162950130627], [32.8335722276272, 39.87540839730448]]}}, {"type": "Feature", "properties": {"grid": "5m", "dir": "v"}, "geometry": {"type": "LineString", "coordinates": [[32.83363074092955, 39.85162950130627], [32.83363074092955, 39.87540839730448]]}}, {"type": "Feature", "properties": {"grid": "5m", "dir": "v"}, "geometry": {"type": "LineString", "coordinates": [[32.83368925423189, 39.85162950130627], [32.83368925423189, 39.87540839730448]]}}, {"type": "Feature", "properties": {"grid": "5m", "dir": "v"}, "geometry": {"type": "LineString", "coordinates": [[32.83374776753424, 39.85162950130627], [32.83374776753424, 39.87540839730448]]}}, {"type": "Feature", "properties": {"grid": "5m", "dir": "v"}, "geometry": {"type": "LineString", "coordinates": [[32.83380628083659, 39.85162950130627], [32.83380628083659, 39.87540839730448]]}}, {"type": "Feature", "properties": {"grid": "5m", "dir": "v"}, "geometry": {"type": "LineString", "coordinates": [[32.83386479413894, 39.85162950130627], [32.83386479413894, 39.87540839730448]]}}, {"type": "Feature", "properties": {"grid": "5m", "dir": "v"}, "geometry": {"type": "LineString", "coordinates": [[32.83392330744129, 39.85162950130627], [32.83392330744129, 39.87540839730448]]}}, {"type": "Feature", "properties": {"grid": "5m", "dir": "v"}, "geometry": {"type": "LineString", "coordinates": [[32.83398182074364, 39.85162950130627], [32.83398182074364, 39.87540839730448]]}}, {"type": "Feature", "properties": {"grid": "5m", "dir": "v"}, "geometry": {"type": "LineString", "coordinates": [[32.83404033404598, 39.85162950130627], [32.83404033404598, 39.87540839730448]]}}, {"type": "Feature", "properties": {"grid": "5m", "dir": "v"}, "geometry": {"type": "LineString", "coordinates": [[32.83409884734833, 39.85162950130627], [32.83409884734833, 39.87540839730448]]}}, {"type": "Feature", "properties": {"grid": "5m", "dir": "v"}, "geometry": {"type": "LineString", "coordinates": [[32.83415736065068, 39.85162950130627], [32.83415736065068, 39.87540839730448]]}}, {"type": "Feature", "properties": {"grid": "5m", "dir": "v"}, "geometry": {"type": "LineString", "coordinates": [[32.83421587395303, 39.85162950130627], [32.83421587395303, 39.87540839730448]]}}, {"type": "Feature", "properties": {"grid": "5m", "dir": "v"}, "geometry": {"type": "LineString", "coordinates": [[32.83427438725538, 39.85162950130627], [32.83427438725538, 39.87540839730448]]}}, {"type": "Feature", "properties": {"grid": "5m", "dir": "v"}, "geometry": {"type": "LineString", "coordinates": [[32.834332900557726, 39.85162950130627], [32.834332900557726, 39.87540839730448]]}}, {"type": "Feature", "properties": {"grid": "5m", "dir": "v"}, "geometry": {"type": "LineString", "coordinates": [[32.834391413860075, 39.85162950130627], [32.834391413860075, 39.87540839730448]]}}, {"type": "Feature", "properties": {"grid": "5m", "dir": "v"}, "geometry": {"type": "LineString", "coordinates": [[32.83444992716242, 39.85162950130627], [32.83444992716242, 39.87540839730448]]}}, {"type": "Feature", "properties": {"grid": "5m", "dir": "v"}, "geometry": {"type": "LineString", "coordinates": [[32.83450844046477, 39.85162950130627], [32.83450844046477, 39.87540839730448]]}}, {"type": "Feature", "properties": {"grid": "5m", "dir": "v"}, "geometry": {"type": "LineString", "coordinates": [[32.834566953767116, 39.85162950130627], [32.834566953767116, 39.87540839730448]]}}, {"type": "Feature", "properties": {"grid": "5m", "dir": "v"}, "geometry": {"type": "LineString", "coordinates": [[32.834625467069465, 39.85162950130627], [32.834625467069465, 39.87540839730448]]}}, {"type": "Feature", "properties": {"grid": "5m", "dir": "v"}, "geometry": {"type": "LineString", "coordinates": [[32.834683980371814, 39.85162950130627], [32.834683980371814, 39.87540839730448]]}}, {"type": "Feature", "properties": {"grid": "5m", "dir": "v"}, "geometry": {"type": "LineString", "coordinates": [[32.83474249367416, 39.85162950130627], [32.83474249367416, 39.87540839730448]]}}, {"type": "Feature", "properties": {"grid": "5m", "dir": "v"}, "geometry": {"type": "LineString", "coordinates": [[32.834801006976505, 39.85162950130627], [32.834801006976505, 39.87540839730448]]}}, {"type": "Feature", "properties": {"grid": "5m", "dir": "v"}, "geometry": {"type": "LineString", "coordinates": [[32.834859520278854, 39.85162950130627], [32.834859520278854, 39.87540839730448]]}}, {"type": "Feature", "properties": {"grid": "5m", "dir": "v"}, "geometry": {"type": "LineString", "coordinates": [[32.834918033581204, 39.85162950130627], [32.834918033581204, 39.87540839730448]]}}, {"type": "Feature", "properties": {"grid": "5m", "dir": "v"}, "geometry": {"type": "LineString", "coordinates": [[32.83497654688355, 39.85162950130627], [32.83497654688355, 39.87540839730448]]}}, {"type": "Feature", "properties": {"grid": "5m", "dir": "v"}, "geometry": {"type": "LineString", "coordinates": [[32.8350350601859, 39.85162950130627], [32.8350350601859, 39.87540839730448]]}}, {"type": "Feature", "properties": {"grid": "5m", "dir": "v"}, "geometry": {"type": "LineString", "coordinates": [[32.83509357348825, 39.85162950130627], [32.83509357348825, 39.87540839730448]]}}, {"type": "Feature", "properties": {"grid": "5m", "dir": "v"}, "geometry": {"type": "LineString", "coordinates": [[32.8351520867906, 39.85162950130627], [32.8351520867906, 39.87540839730448]]}}, {"type": "Feature", "properties": {"grid": "5m", "dir": "v"}, "geometry": {"type": "LineString", "coordinates": [[32.83521060009294, 39.85162950130627], [32.83521060009294, 39.87540839730448]]}}, {"type": "Feature", "properties": {"grid": "5m", "dir": "v"}, "geometry": {"type": "LineString", "coordinates": [[32.83526911339529, 39.85162950130627], [32.83526911339529, 39.87540839730448]]}}, {"type": "Feature", "properties": {"grid": "5m", "dir": "v"}, "geometry": {"type": "LineString", "coordinates": [[32.83532762669764, 39.85162950130627], [32.83532762669764, 39.87540839730448]]}}, {"type": "Feature", "properties": {"grid": "5m", "dir": "v"}, "geometry": {"type": "LineString", "coordinates": [[32.83538613999999, 39.85162950130627], [32.83538613999999, 39.87540839730448]]}}, {"type": "Feature", "properties": {"grid": "5m", "dir": "v"}, "geometry": {"type": "LineString", "coordinates": [[32.83544465330234, 39.85162950130627], [32.83544465330234, 39.87540839730448]]}}, {"type": "Feature", "properties": {"grid": "5m", "dir": "v"}, "geometry": {"type": "LineString", "coordinates": [[32.83550316660469, 39.85162950130627], [32.83550316660469, 39.87540839730448]]}}, {"type": "Feature", "properties": {"grid": "5m", "dir": "v"}, "geometry": {"type": "LineString", "coordinates": [[32.83556167990703, 39.85162950130627], [32.83556167990703, 39.87540839730448]]}}, {"type": "Feature", "properties": {"grid": "5m", "dir": "v"}, "geometry": {"type": "LineString", "coordinates": [[32.83562019320938, 39.85162950130627], [32.83562019320938, 39.87540839730448]]}}, {"type": "Feature", "properties": {"grid": "5m", "dir": "v"}, "geometry": {"type": "LineString", "coordinates": [[32.83567870651173, 39.85162950130627], [32.83567870651173, 39.87540839730448]]}}, {"type": "Feature", "properties": {"grid": "5m", "dir": "v"}, "geometry": {"type": "LineString", "coordinates": [[32.83573721981408, 39.85162950130627], [32.83573721981408, 39.87540839730448]]}}, {"type": "Feature", "properties": {"grid": "5m", "dir": "v"}, "geometry": {"type": "LineString", "coordinates": [[32.83579573311643, 39.85162950130627], [32.83579573311643, 39.87540839730448]]}}, {"type": "Feature", "properties": {"grid": "5m", "dir": "v"}, "geometry": {"type": "LineString", "coordinates": [[32.835854246418776, 39.85162950130627], [32.835854246418776, 39.87540839730448]]}}, {"type": "Feature", "properties": {"grid": "5m", "dir": "v"}, "geometry": {"type": "LineString", "coordinates": [[32.835912759721126, 39.85162950130627], [32.835912759721126, 39.87540839730448]]}}, {"type": "Feature", "properties": {"grid": "5m", "dir": "v"}, "geometry": {"type": "LineString", "coordinates": [[32.83597127302347, 39.85162950130627], [32.83597127302347, 39.87540839730448]]}}, {"type": "Feature", "properties": {"grid": "5m", "dir": "v"}, "geometry": {"type": "LineString", "coordinates": [[32.83602978632582, 39.85162950130627], [32.83602978632582, 39.87540839730448]]}}, {"type": "Feature", "properties": {"grid": "5m", "dir": "v"}, "geometry": {"type": "LineString", "coordinates": [[32.836088299628166, 39.85162950130627], [32.836088299628166, 39.87540839730448]]}}, {"type": "Feature", "properties": {"grid": "5m", "dir": "v"}, "geometry": {"type": "LineString", "coordinates": [[32.836146812930515, 39.85162950130627], [32.836146812930515, 39.87540839730448]]}}, {"type": "Feature", "properties": {"grid": "5m", "dir": "v"}, "geometry": {"type": "LineString", "coordinates": [[32.836205326232864, 39.85162950130627], [32.836205326232864, 39.87540839730448]]}}, {"type": "Feature", "properties": {"grid": "5m", "dir": "v"}, "geometry": {"type": "LineString", "coordinates": [[32.83626383953521, 39.85162950130627], [32.83626383953521, 39.87540839730448]]}}, {"type": "Feature", "properties": {"grid": "5m", "dir": "v"}, "geometry": {"type": "LineString", "coordinates": [[32.836322352837556, 39.85162950130627], [32.836322352837556, 39.87540839730448]]}}, {"type": "Feature", "properties": {"grid": "5m", "dir": "v"}, "geometry": {"type": "LineString", "coordinates": [[32.836380866139905, 39.85162950130627], [32.836380866139905, 39.87540839730448]]}}, {"type": "Feature", "properties": {"grid": "5m", "dir": "v"}, "geometry": {"type": "LineString", "coordinates": [[32.836439379442254, 39.85162950130627], [32.836439379442254, 39.87540839730448]]}}, {"type": "Feature", "properties": {"grid": "5m", "dir": "v"}, "geometry": {"type": "LineString", "coordinates": [[32.8364978927446, 39.85162950130627], [32.8364978927446, 39.87540839730448]]}}, {"type": "Feature", "properties": {"grid": "5m", "dir": "v"}, "geometry": {"type": "LineString", "coordinates": [[32.83655640604695, 39.85162950130627], [32.83655640604695, 39.87540839730448]]}}, {"type": "Feature", "properties": {"grid": "5m", "dir": "v"}, "geometry": {"type": "LineString", "coordinates": [[32.8366149193493, 39.85162950130627], [32.8366149193493, 39.87540839730448]]}}, {"type": "Feature", "properties": {"grid": "5m", "dir": "v"}, "geometry": {"type": "LineString", "coordinates": [[32.83667343265165, 39.85162950130627], [32.83667343265165, 39.87540839730448]]}}, {"type": "Feature", "properties": {"grid": "5m", "dir": "v"}, "geometry": {"type": "LineString", "coordinates": [[32.83673194595399, 39.85162950130627], [32.83673194595399, 39.87540839730448]]}}, {"type": "Feature", "properties": {"grid": "5m", "dir": "v"}, "geometry": {"type": "LineString", "coordinates": [[32.83679045925634, 39.85162950130627], [32.83679045925634, 39.87540839730448]]}}, {"type": "Feature", "properties": {"grid": "5m", "dir": "v"}, "geometry": {"type": "LineString", "coordinates": [[32.83684897255869, 39.85162950130627], [32.83684897255869, 39.87540839730448]]}}, {"type": "Feature", "properties": {"grid": "5m", "dir": "v"}, "geometry": {"type": "LineString", "coordinates": [[32.83690748586104, 39.85162950130627], [32.83690748586104, 39.87540839730448]]}}, {"type": "Feature", "properties": {"grid": "5m", "dir": "v"}, "geometry": {"type": "LineString", "coordinates": [[32.83696599916339, 39.85162950130627], [32.83696599916339, 39.87540839730448]]}}, {"type": "Feature", "properties": {"grid": "5m", "dir": "v"}, "geometry": {"type": "LineString", "coordinates": [[32.83702451246574, 39.85162950130627], [32.83702451246574, 39.87540839730448]]}}, {"type": "Feature", "properties": {"grid": "5m", "dir": "v"}, "geometry": {"type": "LineString", "coordinates": [[32.83708302576808, 39.85162950130627], [32.83708302576808, 39.87540839730448]]}}, {"type": "Feature", "properties": {"grid": "5m", "dir": "v"}, "geometry": {"type": "LineString", "coordinates": [[32.83714153907043, 39.85162950130627], [32.83714153907043, 39.87540839730448]]}}, {"type": "Feature", "properties": {"grid": "5m", "dir": "v"}, "geometry": {"type": "LineString", "coordinates": [[32.83720005237278, 39.85162950130627], [32.83720005237278, 39.87540839730448]]}}, {"type": "Feature", "properties": {"grid": "5m", "dir": "v"}, "geometry": {"type": "LineString", "coordinates": [[32.83725856567513, 39.85162950130627], [32.83725856567513, 39.87540839730448]]}}, {"type": "Feature", "properties": {"grid": "5m", "dir": "v"}, "geometry": {"type": "LineString", "coordinates": [[32.83731707897748, 39.85162950130627], [32.83731707897748, 39.87540839730448]]}}, {"type": "Feature", "properties": {"grid": "5m", "dir": "v"}, "geometry": {"type": "LineString", "coordinates": [[32.83737559227983, 39.85162950130627], [32.83737559227983, 39.87540839730448]]}}, {"type": "Feature", "properties": {"grid": "5m", "dir": "v"}, "geometry": {"type": "LineString", "coordinates": [[32.83743410558217, 39.85162950130627], [32.83743410558217, 39.87540839730448]]}}, {"type": "Feature", "properties": {"grid": "5m", "dir": "v"}, "geometry": {"type": "LineString", "coordinates": [[32.83749261888452, 39.85162950130627], [32.83749261888452, 39.87540839730448]]}}, {"type": "Feature", "properties": {"grid": "5m", "dir": "v"}, "geometry": {"type": "LineString", "coordinates": [[32.83755113218687, 39.85162950130627], [32.83755113218687, 39.87540839730448]]}}, {"type": "Feature", "properties": {"grid": "5m", "dir": "v"}, "geometry": {"type": "LineString", "coordinates": [[32.837609645489216, 39.85162950130627], [32.837609645489216, 39.87540839730448]]}}, {"type": "Feature", "properties": {"grid": "5m", "dir": "v"}, "geometry": {"type": "LineString", "coordinates": [[32.837668158791566, 39.85162950130627], [32.837668158791566, 39.87540839730448]]}}, {"type": "Feature", "properties": {"grid": "5m", "dir": "v"}, "geometry": {"type": "LineString", "coordinates": [[32.837726672093915, 39.85162950130627], [32.837726672093915, 39.87540839730448]]}}, {"type": "Feature", "properties": {"grid": "5m", "dir": "v"}, "geometry": {"type": "LineString", "coordinates": [[32.837785185396264, 39.85162950130627], [32.837785185396264, 39.87540839730448]]}}, {"type": "Feature", "properties": {"grid": "5m", "dir": "v"}, "geometry": {"type": "LineString", "coordinates": [[32.837843698698606, 39.85162950130627], [32.837843698698606, 39.87540839730448]]}}, {"type": "Feature", "properties": {"grid": "5m", "dir": "v"}, "geometry": {"type": "LineString", "coordinates": [[32.837902212000955, 39.85162950130627], [32.837902212000955, 39.87540839730448]]}}, {"type": "Feature", "properties": {"grid": "5m", "dir": "v"}, "geometry": {"type": "LineString", "coordinates": [[32.837960725303304, 39.85162950130627], [32.837960725303304, 39.87540839730448]]}}, {"type": "Feature", "properties": {"grid": "5m", "dir": "v"}, "geometry": {"type": "LineString", "coordinates": [[32.83801923860565, 39.85162950130627], [32.83801923860565, 39.87540839730448]]}}, {"type": "Feature", "properties": {"grid": "5m", "dir": "v"}, "geometry": {"type": "LineString", "coordinates": [[32.838077751908, 39.85162950130627], [32.838077751908, 39.87540839730448]]}}, {"type": "Feature", "properties": {"grid": "5m", "dir": "v"}, "geometry": {"type": "LineString", "coordinates": [[32.83813626521035, 39.85162950130627], [32.83813626521035, 39.87540839730448]]}}, {"type": "Feature", "properties": {"grid": "5m", "dir": "v"}, "geometry": {"type": "LineString", "coordinates": [[32.838194778512694, 39.85162950130627], [32.838194778512694, 39.87540839730448]]}}, {"type": "Feature", "properties": {"grid": "5m", "dir": "v"}, "geometry": {"type": "LineString", "coordinates": [[32.83825329181504, 39.85162950130627], [32.83825329181504, 39.87540839730448]]}}, {"type": "Feature", "properties": {"grid": "5m", "dir": "v"}, "geometry": {"type": "LineString", "coordinates": [[32.83831180511739, 39.85162950130627], [32.83831180511739, 39.87540839730448]]}}, {"type": "Feature", "properties": {"grid": "5m", "dir": "v"}, "geometry": {"type": "LineString", "coordinates": [[32.83837031841974, 39.85162950130627], [32.83837031841974, 39.87540839730448]]}}, {"type": "Feature", "properties": {"grid": "5m", "dir": "v"}, "geometry": {"type": "LineString", "coordinates": [[32.83842883172209, 39.85162950130627], [32.83842883172209, 39.87540839730448]]}}, {"type": "Feature", "properties": {"grid": "5m", "dir": "v"}, "geometry": {"type": "LineString", "coordinates": [[32.83848734502444, 39.85162950130627], [32.83848734502444, 39.87540839730448]]}}, {"type": "Feature", "properties": {"grid": "5m", "dir": "v"}, "geometry": {"type": "LineString", "coordinates": [[32.83854585832679, 39.85162950130627], [32.83854585832679, 39.87540839730448]]}}, {"type": "Feature", "properties": {"grid": "5m", "dir": "v"}, "geometry": {"type": "LineString", "coordinates": [[32.83860437162913, 39.85162950130627], [32.83860437162913, 39.87540839730448]]}}, {"type": "Feature", "properties": {"grid": "5m", "dir": "v"}, "geometry": {"type": "LineString", "coordinates": [[32.83866288493148, 39.85162950130627], [32.83866288493148, 39.87540839730448]]}}, {"type": "Feature", "properties": {"grid": "5m", "dir": "v"}, "geometry": {"type": "LineString", "coordinates": [[32.83872139823383, 39.85162950130627], [32.83872139823383, 39.87540839730448]]}}, {"type": "Feature", "properties": {"grid": "5m", "dir": "v"}, "geometry": {"type": "LineString", "coordinates": [[32.83877991153618, 39.85162950130627], [32.83877991153618, 39.87540839730448]]}}, {"type": "Feature", "properties": {"grid": "5m", "dir": "v"}, "geometry": {"type": "LineString", "coordinates": [[32.83883842483853, 39.85162950130627], [32.83883842483853, 39.87540839730448]]}}, {"type": "Feature", "properties": {"grid": "5m", "dir": "v"}, "geometry": {"type": "LineString", "coordinates": [[32.83889693814088, 39.85162950130627], [32.83889693814088, 39.87540839730448]]}}, {"type": "Feature", "properties": {"grid": "5m", "dir": "v"}, "geometry": {"type": "LineString", "coordinates": [[32.83895545144322, 39.85162950130627], [32.83895545144322, 39.87540839730448]]}}, {"type": "Feature", "properties": {"grid": "5m", "dir": "v"}, "geometry": {"type": "LineString", "coordinates": [[32.83901396474557, 39.85162950130627], [32.83901396474557, 39.87540839730448]]}}, {"type": "Feature", "properties": {"grid": "5m", "dir": "v"}, "geometry": {"type": "LineString", "coordinates": [[32.83907247804792, 39.85162950130627], [32.83907247804792, 39.87540839730448]]}}, {"type": "Feature", "properties": {"grid": "5m", "dir": "v"}, "geometry": {"type": "LineString", "coordinates": [[32.83913099135027, 39.85162950130627], [32.83913099135027, 39.87540839730448]]}}, {"type": "Feature", "properties": {"grid": "5m", "dir": "v"}, "geometry": {"type": "LineString", "coordinates": [[32.839189504652616, 39.85162950130627], [32.839189504652616, 39.87540839730448]]}}, {"type": "Feature", "properties": {"grid": "5m", "dir": "v"}, "geometry": {"type": "LineString", "coordinates": [[32.839248017954965, 39.85162950130627], [32.839248017954965, 39.87540839730448]]}}, {"type": "Feature", "properties": {"grid": "5m", "dir": "v"}, "geometry": {"type": "LineString", "coordinates": [[32.839306531257314, 39.85162950130627], [32.839306531257314, 39.87540839730448]]}}, {"type": "Feature", "properties": {"grid": "5m", "dir": "v"}, "geometry": {"type": "LineString", "coordinates": [[32.839365044559656, 39.85162950130627], [32.839365044559656, 39.87540839730448]]}}, {"type": "Feature", "properties": {"grid": "5m", "dir": "v"}, "geometry": {"type": "LineString", "coordinates": [[32.839423557862006, 39.85162950130627], [32.839423557862006, 39.87540839730448]]}}, {"type": "Feature", "properties": {"grid": "5m", "dir": "v"}, "geometry": {"type": "LineString", "coordinates": [[32.839482071164355, 39.85162950130627], [32.839482071164355, 39.87540839730448]]}}, {"type": "Feature", "properties": {"grid": "5m", "dir": "v"}, "geometry": {"type": "LineString", "coordinates": [[32.839540584466704, 39.85162950130627], [32.839540584466704, 39.87540839730448]]}}, {"type": "Feature", "properties": {"grid": "5m", "dir": "v"}, "geometry": {"type": "LineString", "coordinates": [[32.83959909776905, 39.85162950130627], [32.83959909776905, 39.87540839730448]]}}, {"type": "Feature", "properties": {"grid": "5m", "dir": "v"}, "geometry": {"type": "LineString", "coordinates": [[32.8396576110714, 39.85162950130627], [32.8396576110714, 39.87540839730448]]}}, {"type": "Feature", "properties": {"grid": "5m", "dir": "v"}, "geometry": {"type": "LineString", "coordinates": [[32.839716124373744, 39.85162950130627], [32.839716124373744, 39.87540839730448]]}}, {"type": "Feature", "properties": {"grid": "5m", "dir": "v"}, "geometry": {"type": "LineString", "coordinates": [[32.83977463767609, 39.85162950130627], [32.83977463767609, 39.87540839730448]]}}, {"type": "Feature", "properties": {"grid": "5m", "dir": "v"}, "geometry": {"type": "LineString", "coordinates": [[32.83983315097844, 39.85162950130627], [32.83983315097844, 39.87540839730448]]}}, {"type": "Feature", "properties": {"grid": "5m", "dir": "v"}, "geometry": {"type": "LineString", "coordinates": [[32.83989166428079, 39.85162950130627], [32.83989166428079, 39.87540839730448]]}}, {"type": "Feature", "properties": {"grid": "5m", "dir": "v"}, "geometry": {"type": "LineString", "coordinates": [[32.83995017758314, 39.85162950130627], [32.83995017758314, 39.87540839730448]]}}, {"type": "Feature", "properties": {"grid": "5m", "dir": "v"}, "geometry": {"type": "LineString", "coordinates": [[32.84000869088549, 39.85162950130627], [32.84000869088549, 39.87540839730448]]}}, {"type": "Feature", "properties": {"grid": "5m", "dir": "v"}, "geometry": {"type": "LineString", "coordinates": [[32.84006720418784, 39.85162950130627], [32.84006720418784, 39.87540839730448]]}}, {"type": "Feature", "properties": {"grid": "5m", "dir": "v"}, "geometry": {"type": "LineString", "coordinates": [[32.84012571749018, 39.85162950130627], [32.84012571749018, 39.87540839730448]]}}, {"type": "Feature", "properties": {"grid": "5m", "dir": "v"}, "geometry": {"type": "LineString", "coordinates": [[32.84018423079253, 39.85162950130627], [32.84018423079253, 39.87540839730448]]}}, {"type": "Feature", "properties": {"grid": "5m", "dir": "v"}, "geometry": {"type": "LineString", "coordinates": [[32.84024274409488, 39.85162950130627], [32.84024274409488, 39.87540839730448]]}}, {"type": "Feature", "properties": {"grid": "5m", "dir": "v"}, "geometry": {"type": "LineString", "coordinates": [[32.84030125739723, 39.85162950130627], [32.84030125739723, 39.87540839730448]]}}, {"type": "Feature", "properties": {"grid": "5m", "dir": "v"}, "geometry": {"type": "LineString", "coordinates": [[32.84035977069958, 39.85162950130627], [32.84035977069958, 39.87540839730448]]}}, {"type": "Feature", "properties": {"grid": "5m", "dir": "v"}, "geometry": {"type": "LineString", "coordinates": [[32.84041828400193, 39.85162950130627], [32.84041828400193, 39.87540839730448]]}}, {"type": "Feature", "properties": {"grid": "5m", "dir": "v"}, "geometry": {"type": "LineString", "coordinates": [[32.84047679730427, 39.85162950130627], [32.84047679730427, 39.87540839730448]]}}, {"type": "Feature", "properties": {"grid": "5m", "dir": "v"}, "geometry": {"type": "LineString", "coordinates": [[32.84053531060662, 39.85162950130627], [32.84053531060662, 39.87540839730448]]}}, {"type": "Feature", "properties": {"grid": "5m", "dir": "v"}, "geometry": {"type": "LineString", "coordinates": [[32.84059382390897, 39.85162950130627], [32.84059382390897, 39.87540839730448]]}}, {"type": "Feature", "properties": {"grid": "5m", "dir": "v"}, "geometry": {"type": "LineString", "coordinates": [[32.84065233721132, 39.85162950130627], [32.84065233721132, 39.87540839730448]]}}, {"type": "Feature", "properties": {"grid": "5m", "dir": "v"}, "geometry": {"type": "LineString", "coordinates": [[32.840710850513666, 39.85162950130627], [32.840710850513666, 39.87540839730448]]}}, {"type": "Feature", "properties": {"grid": "5m", "dir": "v"}, "geometry": {"type": "LineString", "coordinates": [[32.840769363816015, 39.85162950130627], [32.840769363816015, 39.87540839730448]]}}, {"type": "Feature", "properties": {"grid": "5m", "dir": "v"}, "geometry": {"type": "LineString", "coordinates": [[32.840827877118365, 39.85162950130627], [32.840827877118365, 39.87540839730448]]}}, {"type": "Feature", "properties": {"grid": "5m", "dir": "v"}, "geometry": {"type": "LineString", "coordinates": [[32.84088639042071, 39.85162950130627], [32.84088639042071, 39.87540839730448]]}}, {"type": "Feature", "properties": {"grid": "5m", "dir": "v"}, "geometry": {"type": "LineString", "coordinates": [[32.840944903723056, 39.85162950130627], [32.840944903723056, 39.87540839730448]]}}, {"type": "Feature", "properties": {"grid": "5m", "dir": "v"}, "geometry": {"type": "LineString", "coordinates": [[32.841003417025405, 39.85162950130627], [32.841003417025405, 39.87540839730448]]}}, {"type": "Feature", "properties": {"grid": "5m", "dir": "v"}, "geometry": {"type": "LineString", "coordinates": [[32.841061930327754, 39.85162950130627], [32.841061930327754, 39.87540839730448]]}}, {"type": "Feature", "properties": {"grid": "5m", "dir": "v"}, "geometry": {"type": "LineString", "coordinates": [[32.8411204436301, 39.85162950130627], [32.8411204436301, 39.87540839730448]]}}, {"type": "Feature", "properties": {"grid": "5m", "dir": "v"}, "geometry": {"type": "LineString", "coordinates": [[32.84117895693245, 39.85162950130627], [32.84117895693245, 39.87540839730448]]}}, {"type": "Feature", "properties": {"grid": "5m", "dir": "v"}, "geometry": {"type": "LineString", "coordinates": [[32.841237470234795, 39.85162950130627], [32.841237470234795, 39.87540839730448]]}}, {"type": "Feature", "properties": {"grid": "5m", "dir": "v"}, "geometry": {"type": "LineString", "coordinates": [[32.841295983537144, 39.85162950130627], [32.841295983537144, 39.87540839730448]]}}, {"type": "Feature", "properties": {"grid": "5m", "dir": "v"}, "geometry": {"type": "LineString", "coordinates": [[32.84135449683949, 39.85162950130627], [32.84135449683949, 39.87540839730448]]}}, {"type": "Feature", "properties": {"grid": "5m", "dir": "v"}, "geometry": {"type": "LineString", "coordinates": [[32.84141301014184, 39.85162950130627], [32.84141301014184, 39.87540839730448]]}}, {"type": "Feature", "properties": {"grid": "5m", "dir": "v"}, "geometry": {"type": "LineString", "coordinates": [[32.84147152344419, 39.85162950130627], [32.84147152344419, 39.87540839730448]]}}, {"type": "Feature", "properties": {"grid": "5m", "dir": "v"}, "geometry": {"type": "LineString", "coordinates": [[32.84153003674654, 39.85162950130627], [32.84153003674654, 39.87540839730448]]}}, {"type": "Feature", "properties": {"grid": "5m", "dir": "v"}, "geometry": {"type": "LineString", "coordinates": [[32.84158855004889, 39.85162950130627], [32.84158855004889, 39.87540839730448]]}}, {"type": "Feature", "properties": {"grid": "5m", "dir": "v"}, "geometry": {"type": "LineString", "coordinates": [[32.84164706335123, 39.85162950130627], [32.84164706335123, 39.87540839730448]]}}, {"type": "Feature", "properties": {"grid": "5m", "dir": "v"}, "geometry": {"type": "LineString", "coordinates": [[32.84170557665358, 39.85162950130627], [32.84170557665358, 39.87540839730448]]}}, {"type": "Feature", "properties": {"grid": "5m", "dir": "v"}, "geometry": {"type": "LineString", "coordinates": [[32.84176408995593, 39.85162950130627], [32.84176408995593, 39.87540839730448]]}}, {"type": "Feature", "properties": {"grid": "5m", "dir": "v"}, "geometry": {"type": "LineString", "coordinates": [[32.84182260325828, 39.85162950130627], [32.84182260325828, 39.87540839730448]]}}, {"type": "Feature", "properties": {"grid": "5m", "dir": "v"}, "geometry": {"type": "LineString", "coordinates": [[32.84188111656063, 39.85162950130627], [32.84188111656063, 39.87540839730448]]}}, {"type": "Feature", "properties": {"grid": "5m", "dir": "v"}, "geometry": {"type": "LineString", "coordinates": [[32.84193962986298, 39.85162950130627], [32.84193962986298, 39.87540839730448]]}}, {"type": "Feature", "properties": {"grid": "5m", "dir": "v"}, "geometry": {"type": "LineString", "coordinates": [[32.84199814316532, 39.85162950130627], [32.84199814316532, 39.87540839730448]]}}, {"type": "Feature", "properties": {"grid": "5m", "dir": "v"}, "geometry": {"type": "LineString", "coordinates": [[32.84205665646767, 39.85162950130627], [32.84205665646767, 39.87540839730448]]}}, {"type": "Feature", "properties": {"grid": "5m", "dir": "v"}, "geometry": {"type": "LineString", "coordinates": [[32.84211516977002, 39.85162950130627], [32.84211516977002, 39.87540839730448]]}}, {"type": "Feature", "properties": {"grid": "5m", "dir": "v"}, "geometry": {"type": "LineString", "coordinates": [[32.84217368307237, 39.85162950130627], [32.84217368307237, 39.87540839730448]]}}, {"type": "Feature", "properties": {"grid": "5m", "dir": "v"}, "geometry": {"type": "LineString", "coordinates": [[32.84223219637472, 39.85162950130627], [32.84223219637472, 39.87540839730448]]}}, {"type": "Feature", "properties": {"grid": "5m", "dir": "v"}, "geometry": {"type": "LineString", "coordinates": [[32.842290709677066, 39.85162950130627], [32.842290709677066, 39.87540839730448]]}}, {"type": "Feature", "properties": {"grid": "5m", "dir": "v"}, "geometry": {"type": "LineString", "coordinates": [[32.842349222979415, 39.85162950130627], [32.842349222979415, 39.87540839730448]]}}, {"type": "Feature", "properties": {"grid": "5m", "dir": "v"}, "geometry": {"type": "LineString", "coordinates": [[32.84240773628176, 39.85162950130627], [32.84240773628176, 39.87540839730448]]}}, {"type": "Feature", "properties": {"grid": "5m", "dir": "v"}, "geometry": {"type": "LineString", "coordinates": [[32.842466249584106, 39.85162950130627], [32.842466249584106, 39.87540839730448]]}}, {"type": "Feature", "properties": {"grid": "5m", "dir": "v"}, "geometry": {"type": "LineString", "coordinates": [[32.842524762886455, 39.85162950130627], [32.842524762886455, 39.87540839730448]]}}, {"type": "Feature", "properties": {"grid": "5m", "dir": "v"}, "geometry": {"type": "LineString", "coordinates": [[32.842583276188805, 39.85162950130627], [32.842583276188805, 39.87540839730448]]}}, {"type": "Feature", "properties": {"grid": "5m", "dir": "v"}, "geometry": {"type": "LineString", "coordinates": [[32.842641789491154, 39.85162950130627], [32.842641789491154, 39.87540839730448]]}}, {"type": "Feature", "properties": {"grid": "5m", "dir": "v"}, "geometry": {"type": "LineString", "coordinates": [[32.8427003027935, 39.85162950130627], [32.8427003027935, 39.87540839730448]]}}, {"type": "Feature", "properties": {"grid": "5m", "dir": "v"}, "geometry": {"type": "LineString", "coordinates": [[32.842758816095845, 39.85162950130627], [32.842758816095845, 39.87540839730448]]}}, {"type": "Feature", "properties": {"grid": "5m", "dir": "v"}, "geometry": {"type": "LineString", "coordinates": [[32.842817329398194, 39.85162950130627], [32.842817329398194, 39.87540839730448]]}}, {"type": "Feature", "properties": {"grid": "5m", "dir": "v"}, "geometry": {"type": "LineString", "coordinates": [[32.84287584270054, 39.85162950130627], [32.84287584270054, 39.87540839730448]]}}, {"type": "Feature", "properties": {"grid": "5m", "dir": "v"}, "geometry": {"type": "LineString", "coordinates": [[32.84293435600289, 39.85162950130627], [32.84293435600289, 39.87540839730448]]}}, {"type": "Feature", "properties": {"grid": "5m", "dir": "v"}, "geometry": {"type": "LineString", "coordinates": [[32.84299286930524, 39.85162950130627], [32.84299286930524, 39.87540839730448]]}}, {"type": "Feature", "properties": {"grid": "5m", "dir": "v"}, "geometry": {"type": "LineString", "coordinates": [[32.84305138260759, 39.85162950130627], [32.84305138260759, 39.87540839730448]]}}, {"type": "Feature", "properties": {"grid": "5m", "dir": "v"}, "geometry": {"type": "LineString", "coordinates": [[32.84310989590994, 39.85162950130627], [32.84310989590994, 39.87540839730448]]}}, {"type": "Feature", "properties": {"grid": "5m", "dir": "v"}, "geometry": {"type": "LineString", "coordinates": [[32.84316840921228, 39.85162950130627], [32.84316840921228, 39.87540839730448]]}}, {"type": "Feature", "properties": {"grid": "5m", "dir": "v"}, "geometry": {"type": "LineString", "coordinates": [[32.84322692251463, 39.85162950130627], [32.84322692251463, 39.87540839730448]]}}, {"type": "Feature", "properties": {"grid": "5m", "dir": "v"}, "geometry": {"type": "LineString", "coordinates": [[32.84328543581698, 39.85162950130627], [32.84328543581698, 39.87540839730448]]}}, {"type": "Feature", "properties": {"grid": "5m", "dir": "v"}, "geometry": {"type": "LineString", "coordinates": [[32.84334394911933, 39.85162950130627], [32.84334394911933, 39.87540839730448]]}}, {"type": "Feature", "properties": {"grid": "5m", "dir": "v"}, "geometry": {"type": "LineString", "coordinates": [[32.84340246242168, 39.85162950130627], [32.84340246242168, 39.87540839730448]]}}, {"type": "Feature", "properties": {"grid": "5m", "dir": "v"}, "geometry": {"type": "LineString", "coordinates": [[32.84346097572403, 39.85162950130627], [32.84346097572403, 39.87540839730448]]}}, {"type": "Feature", "properties": {"grid": "5m", "dir": "v"}, "geometry": {"type": "LineString", "coordinates": [[32.84351948902637, 39.85162950130627], [32.84351948902637, 39.87540839730448]]}}, {"type": "Feature", "properties": {"grid": "5m", "dir": "v"}, "geometry": {"type": "LineString", "coordinates": [[32.84357800232872, 39.85162950130627], [32.84357800232872, 39.87540839730448]]}}, {"type": "Feature", "properties": {"grid": "5m", "dir": "v"}, "geometry": {"type": "LineString", "coordinates": [[32.84363651563107, 39.85162950130627], [32.84363651563107, 39.87540839730448]]}}, {"type": "Feature", "properties": {"grid": "5m", "dir": "v"}, "geometry": {"type": "LineString", "coordinates": [[32.84369502893342, 39.85162950130627], [32.84369502893342, 39.87540839730448]]}}, {"type": "Feature", "properties": {"grid": "5m", "dir": "v"}, "geometry": {"type": "LineString", "coordinates": [[32.84375354223577, 39.85162950130627], [32.84375354223577, 39.87540839730448]]}}, {"type": "Feature", "properties": {"grid": "5m", "dir": "v"}, "geometry": {"type": "LineString", "coordinates": [[32.843812055538116, 39.85162950130627], [32.843812055538116, 39.87540839730448]]}}, {"type": "Feature", "properties": {"grid": "5m", "dir": "v"}, "geometry": {"type": "LineString", "coordinates": [[32.843870568840465, 39.85162950130627], [32.843870568840465, 39.87540839730448]]}}, {"type": "Feature", "properties": {"grid": "5m", "dir": "v"}, "geometry": {"type": "LineString", "coordinates": [[32.84392908214281, 39.85162950130627], [32.84392908214281, 39.87540839730448]]}}, {"type": "Feature", "properties": {"grid": "5m", "dir": "v"}, "geometry": {"type": "LineString", "coordinates": [[32.84398759544516, 39.85162950130627], [32.84398759544516, 39.87540839730448]]}}, {"type": "Feature", "properties": {"grid": "5m", "dir": "v"}, "geometry": {"type": "LineString", "coordinates": [[32.844046108747506, 39.85162950130627], [32.844046108747506, 39.87540839730448]]}}, {"type": "Feature", "properties": {"grid": "5m", "dir": "v"}, "geometry": {"type": "LineString", "coordinates": [[32.844104622049855, 39.85162950130627], [32.844104622049855, 39.87540839730448]]}}, {"type": "Feature", "properties": {"grid": "5m", "dir": "v"}, "geometry": {"type": "LineString", "coordinates": [[32.844163135352204, 39.85162950130627], [32.844163135352204, 39.87540839730448]]}}, {"type": "Feature", "properties": {"grid": "5m", "dir": "v"}, "geometry": {"type": "LineString", "coordinates": [[32.84422164865455, 39.85162950130627], [32.84422164865455, 39.87540839730448]]}}, {"type": "Feature", "properties": {"grid": "5m", "dir": "v"}, "geometry": {"type": "LineString", "coordinates": [[32.844280161956895, 39.85162950130627], [32.844280161956895, 39.87540839730448]]}}, {"type": "Feature", "properties": {"grid": "5m", "dir": "v"}, "geometry": {"type": "LineString", "coordinates": [[32.844338675259245, 39.85162950130627], [32.844338675259245, 39.87540839730448]]}}, {"type": "Feature", "properties": {"grid": "5m", "dir": "v"}, "geometry": {"type": "LineString", "coordinates": [[32.844397188561594, 39.85162950130627], [32.844397188561594, 39.87540839730448]]}}, {"type": "Feature", "properties": {"grid": "5m", "dir": "v"}, "geometry": {"type": "LineString", "coordinates": [[32.84445570186394, 39.85162950130627], [32.84445570186394, 39.87540839730448]]}}, {"type": "Feature", "properties": {"grid": "5m", "dir": "v"}, "geometry": {"type": "LineString", "coordinates": [[32.84451421516629, 39.85162950130627], [32.84451421516629, 39.87540839730448]]}}, {"type": "Feature", "properties": {"grid": "5m", "dir": "v"}, "geometry": {"type": "LineString", "coordinates": [[32.84457272846864, 39.85162950130627], [32.84457272846864, 39.87540839730448]]}}, {"type": "Feature", "properties": {"grid": "5m", "dir": "v"}, "geometry": {"type": "LineString", "coordinates": [[32.84463124177099, 39.85162950130627], [32.84463124177099, 39.87540839730448]]}}, {"type": "Feature", "properties": {"grid": "5m", "dir": "v"}, "geometry": {"type": "LineString", "coordinates": [[32.84468975507333, 39.85162950130627], [32.84468975507333, 39.87540839730448]]}}, {"type": "Feature", "properties": {"grid": "5m", "dir": "v"}, "geometry": {"type": "LineString", "coordinates": [[32.84474826837568, 39.85162950130627], [32.84474826837568, 39.87540839730448]]}}, {"type": "Feature", "properties": {"grid": "5m", "dir": "v"}, "geometry": {"type": "LineString", "coordinates": [[32.84480678167803, 39.85162950130627], [32.84480678167803, 39.87540839730448]]}}, {"type": "Feature", "properties": {"grid": "5m", "dir": "v"}, "geometry": {"type": "LineString", "coordinates": [[32.84486529498038, 39.85162950130627], [32.84486529498038, 39.87540839730448]]}}, {"type": "Feature", "properties": {"grid": "5m", "dir": "v"}, "geometry": {"type": "LineString", "coordinates": [[32.84492380828273, 39.85162950130627], [32.84492380828273, 39.87540839730448]]}}, {"type": "Feature", "properties": {"grid": "5m", "dir": "v"}, "geometry": {"type": "LineString", "coordinates": [[32.84498232158508, 39.85162950130627], [32.84498232158508, 39.87540839730448]]}}, {"type": "Feature", "properties": {"grid": "5m", "dir": "v"}, "geometry": {"type": "LineString", "coordinates": [[32.84504083488742, 39.85162950130627], [32.84504083488742, 39.87540839730448]]}}, {"type": "Feature", "properties": {"grid": "5m", "dir": "v"}, "geometry": {"type": "LineString", "coordinates": [[32.84509934818977, 39.85162950130627], [32.84509934818977, 39.87540839730448]]}}, {"type": "Feature", "properties": {"grid": "5m", "dir": "v"}, "geometry": {"type": "LineString", "coordinates": [[32.84515786149212, 39.85162950130627], [32.84515786149212, 39.87540839730448]]}}, {"type": "Feature", "properties": {"grid": "5m", "dir": "v"}, "geometry": {"type": "LineString", "coordinates": [[32.84521637479447, 39.85162950130627], [32.84521637479447, 39.87540839730448]]}}, {"type": "Feature", "properties": {"grid": "5m", "dir": "v"}, "geometry": {"type": "LineString", "coordinates": [[32.84527488809682, 39.85162950130627], [32.84527488809682, 39.87540839730448]]}}, {"type": "Feature", "properties": {"grid": "5m", "dir": "v"}, "geometry": {"type": "LineString", "coordinates": [[32.84533340139917, 39.85162950130627], [32.84533340139917, 39.87540839730448]]}}, {"type": "Feature", "properties": {"grid": "5m", "dir": "v"}, "geometry": {"type": "LineString", "coordinates": [[32.84539191470151, 39.85162950130627], [32.84539191470151, 39.87540839730448]]}}, {"type": "Feature", "properties": {"grid": "5m", "dir": "v"}, "geometry": {"type": "LineString", "coordinates": [[32.84545042800386, 39.85162950130627], [32.84545042800386, 39.87540839730448]]}}, {"type": "Feature", "properties": {"grid": "5m", "dir": "v"}, "geometry": {"type": "LineString", "coordinates": [[32.84550894130621, 39.85162950130627], [32.84550894130621, 39.87540839730448]]}}, {"type": "Feature", "properties": {"grid": "5m", "dir": "v"}, "geometry": {"type": "LineString", "coordinates": [[32.845567454608556, 39.85162950130627], [32.845567454608556, 39.87540839730448]]}}, {"type": "Feature", "properties": {"grid": "5m", "dir": "v"}, "geometry": {"type": "LineString", "coordinates": [[32.845625967910905, 39.85162950130627], [32.845625967910905, 39.87540839730448]]}}, {"type": "Feature", "properties": {"grid": "5m", "dir": "v"}, "geometry": {"type": "LineString", "coordinates": [[32.845684481213254, 39.85162950130627], [32.845684481213254, 39.87540839730448]]}}, {"type": "Feature", "properties": {"grid": "5m", "dir": "v"}, "geometry": {"type": "LineString", "coordinates": [[32.845742994515604, 39.85162950130627], [32.845742994515604, 39.87540839730448]]}}, {"type": "Feature", "properties": {"grid": "5m", "dir": "v"}, "geometry": {"type": "LineString", "coordinates": [[32.845801507817946, 39.85162950130627], [32.845801507817946, 39.87540839730448]]}}, {"type": "Feature", "properties": {"grid": "5m", "dir": "v"}, "geometry": {"type": "LineString", "coordinates": [[32.845860021120295, 39.85162950130627], [32.845860021120295, 39.87540839730448]]}}, {"type": "Feature", "properties": {"grid": "5m", "dir": "v"}, "geometry": {"type": "LineString", "coordinates": [[32.845918534422644, 39.85162950130627], [32.845918534422644, 39.87540839730448]]}}, {"type": "Feature", "properties": {"grid": "5m", "dir": "v"}, "geometry": {"type": "LineString", "coordinates": [[32.84597704772499, 39.85162950130627], [32.84597704772499, 39.87540839730448]]}}, {"type": "Feature", "properties": {"grid": "5m", "dir": "v"}, "geometry": {"type": "LineString", "coordinates": [[32.84603556102734, 39.85162950130627], [32.84603556102734, 39.87540839730448]]}}, {"type": "Feature", "properties": {"grid": "5m", "dir": "v"}, "geometry": {"type": "LineString", "coordinates": [[32.84609407432969, 39.85162950130627], [32.84609407432969, 39.87540839730448]]}}, {"type": "Feature", "properties": {"grid": "5m", "dir": "v"}, "geometry": {"type": "LineString", "coordinates": [[32.846152587632034, 39.85162950130627], [32.846152587632034, 39.87540839730448]]}}, {"type": "Feature", "properties": {"grid": "5m", "dir": "v"}, "geometry": {"type": "LineString", "coordinates": [[32.84621110093438, 39.85162950130627], [32.84621110093438, 39.87540839730448]]}}, {"type": "Feature", "properties": {"grid": "5m", "dir": "v"}, "geometry": {"type": "LineString", "coordinates": [[32.84626961423673, 39.85162950130627], [32.84626961423673, 39.87540839730448]]}}, {"type": "Feature", "properties": {"grid": "5m", "dir": "v"}, "geometry": {"type": "LineString", "coordinates": [[32.84632812753908, 39.85162950130627], [32.84632812753908, 39.87540839730448]]}}, {"type": "Feature", "properties": {"grid": "5m", "dir": "v"}, "geometry": {"type": "LineString", "coordinates": [[32.84638664084143, 39.85162950130627], [32.84638664084143, 39.87540839730448]]}}, {"type": "Feature", "properties": {"grid": "5m", "dir": "v"}, "geometry": {"type": "LineString", "coordinates": [[32.84644515414378, 39.85162950130627], [32.84644515414378, 39.87540839730448]]}}, {"type": "Feature", "properties": {"grid": "5m", "dir": "v"}, "geometry": {"type": "LineString", "coordinates": [[32.84650366744613, 39.85162950130627], [32.84650366744613, 39.87540839730448]]}}, {"type": "Feature", "properties": {"grid": "5m", "dir": "v"}, "geometry": {"type": "LineString", "coordinates": [[32.84656218074847, 39.85162950130627], [32.84656218074847, 39.87540839730448]]}}, {"type": "Feature", "properties": {"grid": "5m", "dir": "v"}, "geometry": {"type": "LineString", "coordinates": [[32.84662069405082, 39.85162950130627], [32.84662069405082, 39.87540839730448]]}}, {"type": "Feature", "properties": {"grid": "5m", "dir": "v"}, "geometry": {"type": "LineString", "coordinates": [[32.84667920735317, 39.85162950130627], [32.84667920735317, 39.87540839730448]]}}, {"type": "Feature", "properties": {"grid": "5m", "dir": "v"}, "geometry": {"type": "LineString", "coordinates": [[32.84673772065552, 39.85162950130627], [32.84673772065552, 39.87540839730448]]}}, {"type": "Feature", "properties": {"grid": "5m", "dir": "v"}, "geometry": {"type": "LineString", "coordinates": [[32.84679623395787, 39.85162950130627], [32.84679623395787, 39.87540839730448]]}}, {"type": "Feature", "properties": {"grid": "5m", "dir": "v"}, "geometry": {"type": "LineString", "coordinates": [[32.84685474726022, 39.85162950130627], [32.84685474726022, 39.87540839730448]]}}, {"type": "Feature", "properties": {"grid": "5m", "dir": "v"}, "geometry": {"type": "LineString", "coordinates": [[32.84691326056256, 39.85162950130627], [32.84691326056256, 39.87540839730448]]}}, {"type": "Feature", "properties": {"grid": "5m", "dir": "v"}, "geometry": {"type": "LineString", "coordinates": [[32.84697177386491, 39.85162950130627], [32.84697177386491, 39.87540839730448]]}}, {"type": "Feature", "properties": {"grid": "5m", "dir": "v"}, "geometry": {"type": "LineString", "coordinates": [[32.84703028716726, 39.85162950130627], [32.84703028716726, 39.87540839730448]]}}, {"type": "Feature", "properties": {"grid": "5m", "dir": "v"}, "geometry": {"type": "LineString", "coordinates": [[32.847088800469606, 39.85162950130627], [32.847088800469606, 39.87540839730448]]}}, {"type": "Feature", "properties": {"grid": "5m", "dir": "v"}, "geometry": {"type": "LineString", "coordinates": [[32.847147313771956, 39.85162950130627], [32.847147313771956, 39.87540839730448]]}}, {"type": "Feature", "properties": {"grid": "5m", "dir": "v"}, "geometry": {"type": "LineString", "coordinates": [[32.847205827074305, 39.85162950130627], [32.847205827074305, 39.87540839730448]]}}, {"type": "Feature", "properties": {"grid": "5m", "dir": "v"}, "geometry": {"type": "LineString", "coordinates": [[32.847264340376654, 39.85162950130627], [32.847264340376654, 39.87540839730448]]}}, {"type": "Feature", "properties": {"grid": "5m", "dir": "v"}, "geometry": {"type": "LineString", "coordinates": [[32.847322853678996, 39.85162950130627], [32.847322853678996, 39.87540839730448]]}}, {"type": "Feature", "properties": {"grid": "5m", "dir": "v"}, "geometry": {"type": "LineString", "coordinates": [[32.847381366981345, 39.85162950130627], [32.847381366981345, 39.87540839730448]]}}, {"type": "Feature", "properties": {"grid": "5m", "dir": "v"}, "geometry": {"type": "LineString", "coordinates": [[32.847439880283694, 39.85162950130627], [32.847439880283694, 39.87540839730448]]}}, {"type": "Feature", "properties": {"grid": "5m", "dir": "v"}, "geometry": {"type": "LineString", "coordinates": [[32.847498393586044, 39.85162950130627], [32.847498393586044, 39.87540839730448]]}}, {"type": "Feature", "properties": {"grid": "5m", "dir": "v"}, "geometry": {"type": "LineString", "coordinates": [[32.84755690688839, 39.85162950130627], [32.84755690688839, 39.87540839730448]]}}, {"type": "Feature", "properties": {"grid": "5m", "dir": "v"}, "geometry": {"type": "LineString", "coordinates": [[32.84761542019074, 39.85162950130627], [32.84761542019074, 39.87540839730448]]}}, {"type": "Feature", "properties": {"grid": "5m", "dir": "v"}, "geometry": {"type": "LineString", "coordinates": [[32.847673933493084, 39.85162950130627], [32.847673933493084, 39.87540839730448]]}}, {"type": "Feature", "properties": {"grid": "5m", "dir": "v"}, "geometry": {"type": "LineString", "coordinates": [[32.84773244679543, 39.85162950130627], [32.84773244679543, 39.87540839730448]]}}, {"type": "Feature", "properties": {"grid": "5m", "dir": "v"}, "geometry": {"type": "LineString", "coordinates": [[32.84779096009778, 39.85162950130627], [32.84779096009778, 39.87540839730448]]}}, {"type": "Feature", "properties": {"grid": "5m", "dir": "v"}, "geometry": {"type": "LineString", "coordinates": [[32.84784947340013, 39.85162950130627], [32.84784947340013, 39.87540839730448]]}}, {"type": "Feature", "properties": {"grid": "5m", "dir": "v"}, "geometry": {"type": "LineString", "coordinates": [[32.84790798670248, 39.85162950130627], [32.84790798670248, 39.87540839730448]]}}, {"type": "Feature", "properties": {"grid": "5m", "dir": "v"}, "geometry": {"type": "LineString", "coordinates": [[32.84796650000483, 39.85162950130627], [32.84796650000483, 39.87540839730448]]}}, {"type": "Feature", "properties": {"grid": "5m", "dir": "v"}, "geometry": {"type": "LineString", "coordinates": [[32.84802501330718, 39.85162950130627], [32.84802501330718, 39.87540839730448]]}}, {"type": "Feature", "properties": {"grid": "5m", "dir": "v"}, "geometry": {"type": "LineString", "coordinates": [[32.84808352660952, 39.85162950130627], [32.84808352660952, 39.87540839730448]]}}, {"type": "Feature", "properties": {"grid": "5m", "dir": "v"}, "geometry": {"type": "LineString", "coordinates": [[32.84814203991187, 39.85162950130627], [32.84814203991187, 39.87540839730448]]}}, {"type": "Feature", "properties": {"grid": "5m", "dir": "v"}, "geometry": {"type": "LineString", "coordinates": [[32.84820055321422, 39.85162950130627], [32.84820055321422, 39.87540839730448]]}}, {"type": "Feature", "properties": {"grid": "5m", "dir": "v"}, "geometry": {"type": "LineString", "coordinates": [[32.84825906651657, 39.85162950130627], [32.84825906651657, 39.87540839730448]]}}, {"type": "Feature", "properties": {"grid": "5m", "dir": "v"}, "geometry": {"type": "LineString", "coordinates": [[32.84831757981892, 39.85162950130627], [32.84831757981892, 39.87540839730448]]}}, {"type": "Feature", "properties": {"grid": "5m", "dir": "v"}, "geometry": {"type": "LineString", "coordinates": [[32.84837609312127, 39.85162950130627], [32.84837609312127, 39.87540839730448]]}}, {"type": "Feature", "properties": {"grid": "5m", "dir": "v"}, "geometry": {"type": "LineString", "coordinates": [[32.84843460642361, 39.85162950130627], [32.84843460642361, 39.87540839730448]]}}, {"type": "Feature", "properties": {"grid": "5m", "dir": "v"}, "geometry": {"type": "LineString", "coordinates": [[32.84849311972596, 39.85162950130627], [32.84849311972596, 39.87540839730448]]}}, {"type": "Feature", "properties": {"grid": "5m", "dir": "v"}, "geometry": {"type": "LineString", "coordinates": [[32.84855163302831, 39.85162950130627], [32.84855163302831, 39.87540839730448]]}}, {"type": "Feature", "properties": {"grid": "5m", "dir": "v"}, "geometry": {"type": "LineString", "coordinates": [[32.84861014633066, 39.85162950130627], [32.84861014633066, 39.87540839730448]]}}, {"type": "Feature", "properties": {"grid": "5m", "dir": "v"}, "geometry": {"type": "LineString", "coordinates": [[32.848668659633006, 39.85162950130627], [32.848668659633006, 39.87540839730448]]}}, {"type": "Feature", "properties": {"grid": "5m", "dir": "v"}, "geometry": {"type": "LineString", "coordinates": [[32.848727172935355, 39.85162950130627], [32.848727172935355, 39.87540839730448]]}}, {"type": "Feature", "properties": {"grid": "5m", "dir": "v"}, "geometry": {"type": "LineString", "coordinates": [[32.848785686237704, 39.85162950130627], [32.848785686237704, 39.87540839730448]]}}, {"type": "Feature", "properties": {"grid": "5m", "dir": "v"}, "geometry": {"type": "LineString", "coordinates": [[32.848844199540046, 39.85162950130627], [32.848844199540046, 39.87540839730448]]}}, {"type": "Feature", "properties": {"grid": "5m", "dir": "v"}, "geometry": {"type": "LineString", "coordinates": [[32.848902712842396, 39.85162950130627], [32.848902712842396, 39.87540839730448]]}}, {"type": "Feature", "properties": {"grid": "5m", "dir": "v"}, "geometry": {"type": "LineString", "coordinates": [[32.848961226144745, 39.85162950130627], [32.848961226144745, 39.87540839730448]]}}, {"type": "Feature", "properties": {"grid": "5m", "dir": "v"}, "geometry": {"type": "LineString", "coordinates": [[32.849019739447094, 39.85162950130627], [32.849019739447094, 39.87540839730448]]}}, {"type": "Feature", "properties": {"grid": "5m", "dir": "v"}, "geometry": {"type": "LineString", "coordinates": [[32.84907825274944, 39.85162950130627], [32.84907825274944, 39.87540839730448]]}}, {"type": "Feature", "properties": {"grid": "5m", "dir": "v"}, "geometry": {"type": "LineString", "coordinates": [[32.84913676605179, 39.85162950130627], [32.84913676605179, 39.87540839730448]]}}, {"type": "Feature", "properties": {"grid": "5m", "dir": "v"}, "geometry": {"type": "LineString", "coordinates": [[32.849195279354134, 39.85162950130627], [32.849195279354134, 39.87540839730448]]}}, {"type": "Feature", "properties": {"grid": "5m", "dir": "v"}, "geometry": {"type": "LineString", "coordinates": [[32.849253792656484, 39.85162950130627], [32.849253792656484, 39.87540839730448]]}}, {"type": "Feature", "properties": {"grid": "5m", "dir": "v"}, "geometry": {"type": "LineString", "coordinates": [[32.84931230595883, 39.85162950130627], [32.84931230595883, 39.87540839730448]]}}, {"type": "Feature", "properties": {"grid": "5m", "dir": "v"}, "geometry": {"type": "LineString", "coordinates": [[32.84937081926118, 39.85162950130627], [32.84937081926118, 39.87540839730448]]}}, {"type": "Feature", "properties": {"grid": "5m", "dir": "v"}, "geometry": {"type": "LineString", "coordinates": [[32.84942933256353, 39.85162950130627], [32.84942933256353, 39.87540839730448]]}}, {"type": "Feature", "properties": {"grid": "5m", "dir": "v"}, "geometry": {"type": "LineString", "coordinates": [[32.84948784586588, 39.85162950130627], [32.84948784586588, 39.87540839730448]]}}, {"type": "Feature", "properties": {"grid": "5m", "dir": "v"}, "geometry": {"type": "LineString", "coordinates": [[32.84954635916823, 39.85162950130627], [32.84954635916823, 39.87540839730448]]}}, {"type": "Feature", "properties": {"grid": "5m", "dir": "v"}, "geometry": {"type": "LineString", "coordinates": [[32.84960487247057, 39.85162950130627], [32.84960487247057, 39.87540839730448]]}}, {"type": "Feature", "properties": {"grid": "5m", "dir": "v"}, "geometry": {"type": "LineString", "coordinates": [[32.84966338577292, 39.85162950130627], [32.84966338577292, 39.87540839730448]]}}, {"type": "Feature", "properties": {"grid": "5m", "dir": "v"}, "geometry": {"type": "LineString", "coordinates": [[32.84972189907527, 39.85162950130627], [32.84972189907527, 39.87540839730448]]}}, {"type": "Feature", "properties": {"grid": "5m", "dir": "v"}, "geometry": {"type": "LineString", "coordinates": [[32.84978041237762, 39.85162950130627], [32.84978041237762, 39.87540839730448]]}}, {"type": "Feature", "properties": {"grid": "5m", "dir": "v"}, "geometry": {"type": "LineString", "coordinates": [[32.84983892567997, 39.85162950130627], [32.84983892567997, 39.87540839730448]]}}, {"type": "Feature", "properties": {"grid": "5m", "dir": "v"}, "geometry": {"type": "LineString", "coordinates": [[32.84989743898232, 39.85162950130627], [32.84989743898232, 39.87540839730448]]}}, {"type": "Feature", "properties": {"grid": "5m", "dir": "v"}, "geometry": {"type": "LineString", "coordinates": [[32.84995595228466, 39.85162950130627], [32.84995595228466, 39.87540839730448]]}}, {"type": "Feature", "properties": {"grid": "5m", "dir": "v"}, "geometry": {"type": "LineString", "coordinates": [[32.85001446558701, 39.85162950130627], [32.85001446558701, 39.87540839730448]]}}, {"type": "Feature", "properties": {"grid": "5m", "dir": "v"}, "geometry": {"type": "LineString", "coordinates": [[32.85007297888936, 39.85162950130627], [32.85007297888936, 39.87540839730448]]}}, {"type": "Feature", "properties": {"grid": "5m", "dir": "v"}, "geometry": {"type": "LineString", "coordinates": [[32.85013149219171, 39.85162950130627], [32.85013149219171, 39.87540839730448]]}}, {"type": "Feature", "properties": {"grid": "5m", "dir": "v"}, "geometry": {"type": "LineString", "coordinates": [[32.850190005494056, 39.85162950130627], [32.850190005494056, 39.87540839730448]]}}, {"type": "Feature", "properties": {"grid": "5m", "dir": "v"}, "geometry": {"type": "LineString", "coordinates": [[32.850248518796406, 39.85162950130627], [32.850248518796406, 39.87540839730448]]}}, {"type": "Feature", "properties": {"grid": "5m", "dir": "v"}, "geometry": {"type": "LineString", "coordinates": [[32.850307032098755, 39.85162950130627], [32.850307032098755, 39.87540839730448]]}}, {"type": "Feature", "properties": {"grid": "5m", "dir": "v"}, "geometry": {"type": "LineString", "coordinates": [[32.8503655454011, 39.85162950130627], [32.8503655454011, 39.87540839730448]]}}, {"type": "Feature", "properties": {"grid": "5m", "dir": "v"}, "geometry": {"type": "LineString", "coordinates": [[32.850424058703446, 39.85162950130627], [32.850424058703446, 39.87540839730448]]}}, {"type": "Feature", "properties": {"grid": "5m", "dir": "v"}, "geometry": {"type": "LineString", "coordinates": [[32.850482572005795, 39.85162950130627], [32.850482572005795, 39.87540839730448]]}}, {"type": "Feature", "properties": {"grid": "5m", "dir": "v"}, "geometry": {"type": "LineString", "coordinates": [[32.850541085308144, 39.85162950130627], [32.850541085308144, 39.87540839730448]]}}, {"type": "Feature", "properties": {"grid": "5m", "dir": "v"}, "geometry": {"type": "LineString", "coordinates": [[32.85059959861049, 39.85162950130627], [32.85059959861049, 39.87540839730448]]}}, {"type": "Feature", "properties": {"grid": "5m", "dir": "v"}, "geometry": {"type": "LineString", "coordinates": [[32.85065811191284, 39.85162950130627], [32.85065811191284, 39.87540839730448]]}}, {"type": "Feature", "properties": {"grid": "5m", "dir": "v"}, "geometry": {"type": "LineString", "coordinates": [[32.850716625215185, 39.85162950130627], [32.850716625215185, 39.87540839730448]]}}, {"type": "Feature", "properties": {"grid": "5m", "dir": "v"}, "geometry": {"type": "LineString", "coordinates": [[32.850775138517534, 39.85162950130627], [32.850775138517534, 39.87540839730448]]}}, {"type": "Feature", "properties": {"grid": "5m", "dir": "v"}, "geometry": {"type": "LineString", "coordinates": [[32.85083365181988, 39.85162950130627], [32.85083365181988, 39.87540839730448]]}}, {"type": "Feature", "properties": {"grid": "5m", "dir": "v"}, "geometry": {"type": "LineString", "coordinates": [[32.85089216512223, 39.85162950130627], [32.85089216512223, 39.87540839730448]]}}, {"type": "Feature", "properties": {"grid": "5m", "dir": "v"}, "geometry": {"type": "LineString", "coordinates": [[32.85095067842458, 39.85162950130627], [32.85095067842458, 39.87540839730448]]}}, {"type": "Feature", "properties": {"grid": "5m", "dir": "v"}, "geometry": {"type": "LineString", "coordinates": [[32.85100919172693, 39.85162950130627], [32.85100919172693, 39.87540839730448]]}}, {"type": "Feature", "properties": {"grid": "5m", "dir": "v"}, "geometry": {"type": "LineString", "coordinates": [[32.85106770502928, 39.85162950130627], [32.85106770502928, 39.87540839730448]]}}, {"type": "Feature", "properties": {"grid": "5m", "dir": "v"}, "geometry": {"type": "LineString", "coordinates": [[32.85112621833162, 39.85162950130627], [32.85112621833162, 39.87540839730448]]}}, {"type": "Feature", "properties": {"grid": "5m", "dir": "v"}, "geometry": {"type": "LineString", "coordinates": [[32.85118473163397, 39.85162950130627], [32.85118473163397, 39.87540839730448]]}}, {"type": "Feature", "properties": {"grid": "5m", "dir": "v"}, "geometry": {"type": "LineString", "coordinates": [[32.85124324493632, 39.85162950130627], [32.85124324493632, 39.87540839730448]]}}, {"type": "Feature", "properties": {"grid": "5m", "dir": "v"}, "geometry": {"type": "LineString", "coordinates": [[32.85130175823867, 39.85162950130627], [32.85130175823867, 39.87540839730448]]}}, {"type": "Feature", "properties": {"grid": "5m", "dir": "v"}, "geometry": {"type": "LineString", "coordinates": [[32.85136027154102, 39.85162950130627], [32.85136027154102, 39.87540839730448]]}}, {"type": "Feature", "properties": {"grid": "5m", "dir": "v"}, "geometry": {"type": "LineString", "coordinates": [[32.85141878484337, 39.85162950130627], [32.85141878484337, 39.87540839730448]]}}, {"type": "Feature", "properties": {"grid": "5m", "dir": "v"}, "geometry": {"type": "LineString", "coordinates": [[32.85147729814571, 39.85162950130627], [32.85147729814571, 39.87540839730448]]}}, {"type": "Feature", "properties": {"grid": "5m", "dir": "v"}, "geometry": {"type": "LineString", "coordinates": [[32.85153581144806, 39.85162950130627], [32.85153581144806, 39.87540839730448]]}}, {"type": "Feature", "properties": {"grid": "5m", "dir": "v"}, "geometry": {"type": "LineString", "coordinates": [[32.85159432475041, 39.85162950130627], [32.85159432475041, 39.87540839730448]]}}, {"type": "Feature", "properties": {"grid": "5m", "dir": "v"}, "geometry": {"type": "LineString", "coordinates": [[32.85165283805276, 39.85162950130627], [32.85165283805276, 39.87540839730448]]}}, {"type": "Feature", "properties": {"grid": "5m", "dir": "v"}, "geometry": {"type": "LineString", "coordinates": [[32.85171135135511, 39.85162950130627], [32.85171135135511, 39.87540839730448]]}}, {"type": "Feature", "properties": {"grid": "5m", "dir": "v"}, "geometry": {"type": "LineString", "coordinates": [[32.851769864657456, 39.85162950130627], [32.851769864657456, 39.87540839730448]]}}, {"type": "Feature", "properties": {"grid": "5m", "dir": "v"}, "geometry": {"type": "LineString", "coordinates": [[32.851828377959805, 39.85162950130627], [32.851828377959805, 39.87540839730448]]}}, {"type": "Feature", "properties": {"grid": "5m", "dir": "v"}, "geometry": {"type": "LineString", "coordinates": [[32.85188689126215, 39.85162950130627], [32.85188689126215, 39.87540839730448]]}}, {"type": "Feature", "properties": {"grid": "5m", "dir": "v"}, "geometry": {"type": "LineString", "coordinates": [[32.851945404564496, 39.85162950130627], [32.851945404564496, 39.87540839730448]]}}, {"type": "Feature", "properties": {"grid": "5m", "dir": "v"}, "geometry": {"type": "LineString", "coordinates": [[32.852003917866845, 39.85162950130627], [32.852003917866845, 39.87540839730448]]}}, {"type": "Feature", "properties": {"grid": "5m", "dir": "v"}, "geometry": {"type": "LineString", "coordinates": [[32.852062431169195, 39.85162950130627], [32.852062431169195, 39.87540839730448]]}}, {"type": "Feature", "properties": {"grid": "5m", "dir": "v"}, "geometry": {"type": "LineString", "coordinates": [[32.852120944471544, 39.85162950130627], [32.852120944471544, 39.87540839730448]]}}, {"type": "Feature", "properties": {"grid": "5m", "dir": "v"}, "geometry": {"type": "LineString", "coordinates": [[32.85217945777389, 39.85162950130627], [32.85217945777389, 39.87540839730448]]}}, {"type": "Feature", "properties": {"grid": "5m", "dir": "v"}, "geometry": {"type": "LineString", "coordinates": [[32.852237971076235, 39.85162950130627], [32.852237971076235, 39.87540839730448]]}}, {"type": "Feature", "properties": {"grid": "5m", "dir": "v"}, "geometry": {"type": "LineString", "coordinates": [[32.852296484378584, 39.85162950130627], [32.852296484378584, 39.87540839730448]]}}, {"type": "Feature", "properties": {"grid": "5m", "dir": "v"}, "geometry": {"type": "LineString", "coordinates": [[32.85235499768093, 39.85162950130627], [32.85235499768093, 39.87540839730448]]}}, {"type": "Feature", "properties": {"grid": "5m", "dir": "v"}, "geometry": {"type": "LineString", "coordinates": [[32.85241351098328, 39.85162950130627], [32.85241351098328, 39.87540839730448]]}}, {"type": "Feature", "properties": {"grid": "5m", "dir": "v"}, "geometry": {"type": "LineString", "coordinates": [[32.85247202428563, 39.85162950130627], [32.85247202428563, 39.87540839730448]]}}, {"type": "Feature", "properties": {"grid": "5m", "dir": "v"}, "geometry": {"type": "LineString", "coordinates": [[32.85253053758798, 39.85162950130627], [32.85253053758798, 39.87540839730448]]}}, {"type": "Feature", "properties": {"grid": "5m", "dir": "v"}, "geometry": {"type": "LineString", "coordinates": [[32.85258905089033, 39.85162950130627], [32.85258905089033, 39.87540839730448]]}}, {"type": "Feature", "properties": {"grid": "5m", "dir": "v"}, "geometry": {"type": "LineString", "coordinates": [[32.85264756419267, 39.85162950130627], [32.85264756419267, 39.87540839730448]]}}, {"type": "Feature", "properties": {"grid": "5m", "dir": "v"}, "geometry": {"type": "LineString", "coordinates": [[32.85270607749502, 39.85162950130627], [32.85270607749502, 39.87540839730448]]}}, {"type": "Feature", "properties": {"grid": "5m", "dir": "v"}, "geometry": {"type": "LineString", "coordinates": [[32.85276459079737, 39.85162950130627], [32.85276459079737, 39.87540839730448]]}}, {"type": "Feature", "properties": {"grid": "5m", "dir": "v"}, "geometry": {"type": "LineString", "coordinates": [[32.85282310409972, 39.85162950130627], [32.85282310409972, 39.87540839730448]]}}, {"type": "Feature", "properties": {"grid": "5m", "dir": "v"}, "geometry": {"type": "LineString", "coordinates": [[32.85288161740207, 39.85162950130627], [32.85288161740207, 39.87540839730448]]}}, {"type": "Feature", "properties": {"grid": "5m", "dir": "v"}, "geometry": {"type": "LineString", "coordinates": [[32.85294013070442, 39.85162950130627], [32.85294013070442, 39.87540839730448]]}}, {"type": "Feature", "properties": {"grid": "5m", "dir": "v"}, "geometry": {"type": "LineString", "coordinates": [[32.85299864400676, 39.85162950130627], [32.85299864400676, 39.87540839730448]]}}, {"type": "Feature", "properties": {"grid": "5m", "dir": "v"}, "geometry": {"type": "LineString", "coordinates": [[32.85305715730911, 39.85162950130627], [32.85305715730911, 39.87540839730448]]}}, {"type": "Feature", "properties": {"grid": "5m", "dir": "v"}, "geometry": {"type": "LineString", "coordinates": [[32.85311567061146, 39.85162950130627], [32.85311567061146, 39.87540839730448]]}}, {"type": "Feature", "properties": {"grid": "5m", "dir": "v"}, "geometry": {"type": "LineString", "coordinates": [[32.85317418391381, 39.85162950130627], [32.85317418391381, 39.87540839730448]]}}, {"type": "Feature", "properties": {"grid": "5m", "dir": "v"}, "geometry": {"type": "LineString", "coordinates": [[32.85323269721616, 39.85162950130627], [32.85323269721616, 39.87540839730448]]}}, {"type": "Feature", "properties": {"grid": "5m", "dir": "v"}, "geometry": {"type": "LineString", "coordinates": [[32.85324051522983, 39.85162950130627], [32.85324051522983, 39.87540839730448]]}}, {"type": "Feature", "properties": {"grid": "5m", "dir": "v"}, "geometry": {"type": "LineString", "coordinates": [[32.85324051522983, 39.85162950130627], [32.85324051522983, 39.87540839730448]]}}, {"type": "Feature", "properties": {"grid": "5m", "dir": "h"}, "geometry": {"type": "LineString", "coordinates": [[32.83269452809198, 39.85162950130627], [32.85324051522983, 39.85162950130627]]}}, {"type": "Feature", "properties": {"grid": "5m", "dir": "h"}, "geometry": {"type": "LineString", "coordinates": [[32.83269452809198, 39.851674416865016], [32.85324051522983, 39.851674416865016]]}}, {"type": "Feature", "properties": {"grid": "5m", "dir": "h"}, "geometry": {"type": "LineString", "coordinates": [[32.83269452809198, 39.85171933242377], [32.85324051522983, 39.85171933242377]]}}, {"type": "Feature", "properties": {"grid": "5m", "dir": "h"}, "geometry": {"type": "LineString", "coordinates": [[32.83269452809198, 39.851764247982516], [32.85324051522983, 39.851764247982516]]}}, {"type": "Feature", "properties": {"grid": "5m", "dir": "h"}, "geometry": {"type": "LineString", "coordinates": [[32.83269452809198, 39.85180916354127], [32.85324051522983, 39.85180916354127]]}}, {"type": "Feature", "properties": {"grid": "5m", "dir": "h"}, "geometry": {"type": "LineString", "coordinates": [[32.83269452809198, 39.851854079100015], [32.85324051522983, 39.851854079100015]]}}, {"type": "Feature", "properties": {"grid": "5m", "dir": "h"}, "geometry": {"type": "LineString", "coordinates": [[32.83269452809198, 39.85189899465877], [32.85324051522983, 39.85189899465877]]}}, {"type": "Feature", "properties": {"grid": "5m", "dir": "h"}, "geometry": {"type": "LineString", "coordinates": [[32.83269452809198, 39.851943910217514], [32.85324051522983, 39.851943910217514]]}}, {"type": "Feature", "properties": {"grid": "5m", "dir": "h"}, "geometry": {"type": "LineString", "coordinates": [[32.83269452809198, 39.85198882577627], [32.85324051522983, 39.85198882577627]]}}, {"type": "Feature", "properties": {"grid": "5m", "dir": "h"}, "geometry": {"type": "LineString", "coordinates": [[32.83269452809198, 39.85203374133501], [32.85324051522983, 39.85203374133501]]}}, {"type": "Feature", "properties": {"grid": "5m", "dir": "h"}, "geometry": {"type": "LineString", "coordinates": [[32.83269452809198, 39.85207865689377], [32.85324051522983, 39.85207865689377]]}}, {"type": "Feature", "properties": {"grid": "5m", "dir": "h"}, "geometry": {"type": "LineString", "coordinates": [[32.83269452809198, 39.85212357245251], [32.85324051522983, 39.85212357245251]]}}, {"type": "Feature", "properties": {"grid": "5m", "dir": "h"}, "geometry": {"type": "LineString", "coordinates": [[32.83269452809198, 39.852168488011266], [32.85324051522983, 39.852168488011266]]}}, {"type": "Feature", "properties": {"grid": "5m", "dir": "h"}, "geometry": {"type": "LineString", "coordinates": [[32.83269452809198, 39.85221340357001], [32.85324051522983, 39.85221340357001]]}}, {"type": "Feature", "properties": {"grid": "5m", "dir": "h"}, "geometry": {"type": "LineString", "coordinates": [[32.83269452809198, 39.852258319128765], [32.85324051522983, 39.852258319128765]]}}, {"type": "Feature", "properties": {"grid": "5m", "dir": "h"}, "geometry": {"type": "LineString", "coordinates": [[32.83269452809198, 39.85230323468751], [32.85324051522983, 39.85230323468751]]}}, {"type": "Feature", "properties": {"grid": "5m", "dir": "h"}, "geometry": {"type": "LineString", "coordinates": [[32.83269452809198, 39.852348150246264], [32.85324051522983, 39.852348150246264]]}}, {"type": "Feature", "properties": {"grid": "5m", "dir": "h"}, "geometry": {"type": "LineString", "coordinates": [[32.83269452809198, 39.85239306580501], [32.85324051522983, 39.85239306580501]]}}, {"type": "Feature", "properties": {"grid": "5m", "dir": "h"}, "geometry": {"type": "LineString", "coordinates": [[32.83269452809198, 39.852437981363764], [32.85324051522983, 39.852437981363764]]}}, {"type": "Feature", "properties": {"grid": "5m", "dir": "h"}, "geometry": {"type": "LineString", "coordinates": [[32.83269452809198, 39.85248289692251], [32.85324051522983, 39.85248289692251]]}}, {"type": "Feature", "properties": {"grid": "5m", "dir": "h"}, "geometry": {"type": "LineString", "coordinates": [[32.83269452809198, 39.85252781248126], [32.85324051522983, 39.85252781248126]]}}, {"type": "Feature", "properties": {"grid": "5m", "dir": "h"}, "geometry": {"type": "LineString", "coordinates": [[32.83269452809198, 39.85257272804001], [32.85324051522983, 39.85257272804001]]}}, {"type": "Feature", "properties": {"grid": "5m", "dir": "h"}, "geometry": {"type": "LineString", "coordinates": [[32.83269452809198, 39.85261764359876], [32.85324051522983, 39.85261764359876]]}}, {"type": "Feature", "properties": {"grid": "5m", "dir": "h"}, "geometry": {"type": "LineString", "coordinates": [[32.83269452809198, 39.85266255915751], [32.85324051522983, 39.85266255915751]]}}, {"type": "Feature", "properties": {"grid": "5m", "dir": "h"}, "geometry": {"type": "LineString", "coordinates": [[32.83269452809198, 39.85270747471626], [32.85324051522983, 39.85270747471626]]}}, {"type": "Feature", "properties": {"grid": "5m", "dir": "h"}, "geometry": {"type": "LineString", "coordinates": [[32.83269452809198, 39.85275239027501], [32.85324051522983, 39.85275239027501]]}}, {"type": "Feature", "properties": {"grid": "5m", "dir": "h"}, "geometry": {"type": "LineString", "coordinates": [[32.83269452809198, 39.85279730583376], [32.85324051522983, 39.85279730583376]]}}, {"type": "Feature", "properties": {"grid": "5m", "dir": "h"}, "geometry": {"type": "LineString", "coordinates": [[32.83269452809198, 39.85284222139251], [32.85324051522983, 39.85284222139251]]}}, {"type": "Feature", "properties": {"grid": "5m", "dir": "h"}, "geometry": {"type": "LineString", "coordinates": [[32.83269452809198, 39.85288713695126], [32.85324051522983, 39.85288713695126]]}}, {"type": "Feature", "properties": {"grid": "5m", "dir": "h"}, "geometry": {"type": "LineString", "coordinates": [[32.83269452809198, 39.852932052510006], [32.85324051522983, 39.852932052510006]]}}, {"type": "Feature", "properties": {"grid": "5m", "dir": "h"}, "geometry": {"type": "LineString", "coordinates": [[32.83269452809198, 39.85297696806876], [32.85324051522983, 39.85297696806876]]}}, {"type": "Feature", "properties": {"grid": "5m", "dir": "h"}, "geometry": {"type": "LineString", "coordinates": [[32.83269452809198, 39.853021883627505], [32.85324051522983, 39.853021883627505]]}}, {"type": "Feature", "properties": {"grid": "5m", "dir": "h"}, "geometry": {"type": "LineString", "coordinates": [[32.83269452809198, 39.85306679918626], [32.85324051522983, 39.85306679918626]]}}, {"type": "Feature", "properties": {"grid": "5m", "dir": "h"}, "geometry": {"type": "LineString", "coordinates": [[32.83269452809198, 39.853111714745005], [32.85324051522983, 39.853111714745005]]}}, {"type": "Feature", "properties": {"grid": "5m", "dir": "h"}, "geometry": {"type": "LineString", "coordinates": [[32.83269452809198, 39.85315663030376], [32.85324051522983, 39.85315663030376]]}}, {"type": "Feature", "properties": {"grid": "5m", "dir": "h"}, "geometry": {"type": "LineString", "coordinates": [[32.83269452809198, 39.853201545862504], [32.85324051522983, 39.853201545862504]]}}, {"type": "Feature", "properties": {"grid": "5m", "dir": "h"}, "geometry": {"type": "LineString", "coordinates": [[32.83269452809198, 39.85324646142126], [32.85324051522983, 39.85324646142126]]}}, {"type": "Feature", "properties": {"grid": "5m", "dir": "h"}, "geometry": {"type": "LineString", "coordinates": [[32.83269452809198, 39.85329137698], [32.85324051522983, 39.85329137698]]}}, {"type": "Feature", "properties": {"grid": "5m", "dir": "h"}, "geometry": {"type": "LineString", "coordinates": [[32.83269452809198, 39.853336292538756], [32.85324051522983, 39.853336292538756]]}}, {"type": "Feature", "properties": {"grid": "5m", "dir": "h"}, "geometry": {"type": "LineString", "coordinates": [[32.83269452809198, 39.8533812080975], [32.85324051522983, 39.8533812080975]]}}, {"type": "Feature", "properties": {"grid": "5m", "dir": "h"}, "geometry": {"type": "LineString", "coordinates": [[32.83269452809198, 39.853426123656256], [32.85324051522983, 39.853426123656256]]}}, {"type": "Feature", "properties": {"grid": "5m", "dir": "h"}, "geometry": {"type": "LineString", "coordinates": [[32.83269452809198, 39.853471039215], [32.85324051522983, 39.853471039215]]}}, {"type": "Feature", "properties": {"grid": "5m", "dir": "h"}, "geometry": {"type": "LineString", "coordinates": [[32.83269452809198, 39.85351595477375], [32.85324051522983, 39.85351595477375]]}}, {"type": "Feature", "properties": {"grid": "5m", "dir": "h"}, "geometry": {"type": "LineString", "coordinates": [[32.83269452809198, 39.8535608703325], [32.85324051522983, 39.8535608703325]]}}, {"type": "Feature", "properties": {"grid": "5m", "dir": "h"}, "geometry": {"type": "LineString", "coordinates": [[32.83269452809198, 39.85360578589125], [32.85324051522983, 39.85360578589125]]}}, {"type": "Feature", "properties": {"grid": "5m", "dir": "h"}, "geometry": {"type": "LineString", "coordinates": [[32.83269452809198, 39.85365070145], [32.85324051522983, 39.85365070145]]}}, {"type": "Feature", "properties": {"grid": "5m", "dir": "h"}, "geometry": {"type": "LineString", "coordinates": [[32.83269452809198, 39.853695617008746], [32.85324051522983, 39.853695617008746]]}}, {"type": "Feature", "properties": {"grid": "5m", "dir": "h"}, "geometry": {"type": "LineString", "coordinates": [[32.83269452809198, 39.8537405325675], [32.85324051522983, 39.8537405325675]]}}, {"type": "Feature", "properties": {"grid": "5m", "dir": "h"}, "geometry": {"type": "LineString", "coordinates": [[32.83269452809198, 39.853785448126246], [32.85324051522983, 39.853785448126246]]}}, {"type": "Feature", "properties": {"grid": "5m", "dir": "h"}, "geometry": {"type": "LineString", "coordinates": [[32.83269452809198, 39.853830363685], [32.85324051522983, 39.853830363685]]}}, {"type": "Feature", "properties": {"grid": "5m", "dir": "h"}, "geometry": {"type": "LineString", "coordinates": [[32.83269452809198, 39.853875279243745], [32.85324051522983, 39.853875279243745]]}}, {"type": "Feature", "properties": {"grid": "5m", "dir": "h"}, "geometry": {"type": "LineString", "coordinates": [[32.83269452809198, 39.8539201948025], [32.85324051522983, 39.8539201948025]]}}, {"type": "Feature", "properties": {"grid": "5m", "dir": "h"}, "geometry": {"type": "LineString", "coordinates": [[32.83269452809198, 39.853965110361244], [32.85324051522983, 39.853965110361244]]}}, {"type": "Feature", "properties": {"grid": "5m", "dir": "h"}, "geometry": {"type": "LineString", "coordinates": [[32.83269452809198, 39.85401002592], [32.85324051522983, 39.85401002592]]}}, {"type": "Feature", "properties": {"grid": "5m", "dir": "h"}, "geometry": {"type": "LineString", "coordinates": [[32.83269452809198, 39.85405494147874], [32.85324051522983, 39.85405494147874]]}}, {"type": "Feature", "properties": {"grid": "5m", "dir": "h"}, "geometry": {"type": "LineString", "coordinates": [[32.83269452809198, 39.8540998570375], [32.85324051522983, 39.8540998570375]]}}, {"type": "Feature", "properties": {"grid": "5m", "dir": "h"}, "geometry": {"type": "LineString", "coordinates": [[32.83269452809198, 39.85414477259624], [32.85324051522983, 39.85414477259624]]}}, {"type": "Feature", "properties": {"grid": "5m", "dir": "h"}, "geometry": {"type": "LineString", "coordinates": [[32.83269452809198, 39.854189688154996], [32.85324051522983, 39.854189688154996]]}}, {"type": "Feature", "properties": {"grid": "5m", "dir": "h"}, "geometry": {"type": "LineString", "coordinates": [[32.83269452809198, 39.85423460371374], [32.85324051522983, 39.85423460371374]]}}, {"type": "Feature", "properties": {"grid": "5m", "dir": "h"}, "geometry": {"type": "LineString", "coordinates": [[32.83269452809198, 39.854279519272495], [32.85324051522983, 39.854279519272495]]}}, {"type": "Feature", "properties": {"grid": "5m", "dir": "h"}, "geometry": {"type": "LineString", "coordinates": [[32.83269452809198, 39.85432443483124], [32.85324051522983, 39.85432443483124]]}}, {"type": "Feature", "properties": {"grid": "5m", "dir": "h"}, "geometry": {"type": "LineString", "coordinates": [[32.83269452809198, 39.854369350389995], [32.85324051522983, 39.854369350389995]]}}, {"type": "Feature", "properties": {"grid": "5m", "dir": "h"}, "geometry": {"type": "LineString", "coordinates": [[32.83269452809198, 39.85441426594874], [32.85324051522983, 39.85441426594874]]}}, {"type": "Feature", "properties": {"grid": "5m", "dir": "h"}, "geometry": {"type": "LineString", "coordinates": [[32.83269452809198, 39.854459181507494], [32.85324051522983, 39.854459181507494]]}}, {"type": "Feature", "properties": {"grid": "5m", "dir": "h"}, "geometry": {"type": "LineString", "coordinates": [[32.83269452809198, 39.85450409706624], [32.85324051522983, 39.85450409706624]]}}, {"type": "Feature", "properties": {"grid": "5m", "dir": "h"}, "geometry": {"type": "LineString", "coordinates": [[32.83269452809198, 39.85454901262499], [32.85324051522983, 39.85454901262499]]}}, {"type": "Feature", "properties": {"grid": "5m", "dir": "h"}, "geometry": {"type": "LineString", "coordinates": [[32.83269452809198, 39.85459392818374], [32.85324051522983, 39.85459392818374]]}}, {"type": "Feature", "properties": {"grid": "5m", "dir": "h"}, "geometry": {"type": "LineString", "coordinates": [[32.83269452809198, 39.85463884374249], [32.85324051522983, 39.85463884374249]]}}, {"type": "Feature", "properties": {"grid": "5m", "dir": "h"}, "geometry": {"type": "LineString", "coordinates": [[32.83269452809198, 39.85468375930124], [32.85324051522983, 39.85468375930124]]}}, {"type": "Feature", "properties": {"grid": "5m", "dir": "h"}, "geometry": {"type": "LineString", "coordinates": [[32.83269452809198, 39.85472867485999], [32.85324051522983, 39.85472867485999]]}}, {"type": "Feature", "properties": {"grid": "5m", "dir": "h"}, "geometry": {"type": "LineString", "coordinates": [[32.83269452809198, 39.85477359041874], [32.85324051522983, 39.85477359041874]]}}, {"type": "Feature", "properties": {"grid": "5m", "dir": "h"}, "geometry": {"type": "LineString", "coordinates": [[32.83269452809198, 39.85481850597749], [32.85324051522983, 39.85481850597749]]}}, {"type": "Feature", "properties": {"grid": "5m", "dir": "h"}, "geometry": {"type": "LineString", "coordinates": [[32.83269452809198, 39.85486342153624], [32.85324051522983, 39.85486342153624]]}}, {"type": "Feature", "properties": {"grid": "5m", "dir": "h"}, "geometry": {"type": "LineString", "coordinates": [[32.83269452809198, 39.85490833709499], [32.85324051522983, 39.85490833709499]]}}, {"type": "Feature", "properties": {"grid": "5m", "dir": "h"}, "geometry": {"type": "LineString", "coordinates": [[32.83269452809198, 39.854953252653736], [32.85324051522983, 39.854953252653736]]}}, {"type": "Feature", "properties": {"grid": "5m", "dir": "h"}, "geometry": {"type": "LineString", "coordinates": [[32.83269452809198, 39.85499816821249], [32.85324051522983, 39.85499816821249]]}}, {"type": "Feature", "properties": {"grid": "5m", "dir": "h"}, "geometry": {"type": "LineString", "coordinates": [[32.83269452809198, 39.855043083771236], [32.85324051522983, 39.855043083771236]]}}, {"type": "Feature", "properties": {"grid": "5m", "dir": "h"}, "geometry": {"type": "LineString", "coordinates": [[32.83269452809198, 39.85508799932999], [32.85324051522983, 39.85508799932999]]}}, {"type": "Feature", "properties": {"grid": "5m", "dir": "h"}, "geometry": {"type": "LineString", "coordinates": [[32.83269452809198, 39.855132914888735], [32.85324051522983, 39.855132914888735]]}}, {"type": "Feature", "properties": {"grid": "5m", "dir": "h"}, "geometry": {"type": "LineString", "coordinates": [[32.83269452809198, 39.85517783044749], [32.85324051522983, 39.85517783044749]]}}, {"type": "Feature", "properties": {"grid": "5m", "dir": "h"}, "geometry": {"type": "LineString", "coordinates": [[32.83269452809198, 39.855222746006234], [32.85324051522983, 39.855222746006234]]}}, {"type": "Feature", "properties": {"grid": "5m", "dir": "h"}, "geometry": {"type": "LineString", "coordinates": [[32.83269452809198, 39.85526766156499], [32.85324051522983, 39.85526766156499]]}}, {"type": "Feature", "properties": {"grid": "5m", "dir": "h"}, "geometry": {"type": "LineString", "coordinates": [[32.83269452809198, 39.85531257712373], [32.85324051522983, 39.85531257712373]]}}, {"type": "Feature", "properties": {"grid": "5m", "dir": "h"}, "geometry": {"type": "LineString", "coordinates": [[32.83269452809198, 39.85535749268249], [32.85324051522983, 39.85535749268249]]}}, {"type": "Feature", "properties": {"grid": "5m", "dir": "h"}, "geometry": {"type": "LineString", "coordinates": [[32.83269452809198, 39.85540240824123], [32.85324051522983, 39.85540240824123]]}}, {"type": "Feature", "properties": {"grid": "5m", "dir": "h"}, "geometry": {"type": "LineString", "coordinates": [[32.83269452809198, 39.85544732379998], [32.85324051522983, 39.85544732379998]]}}, {"type": "Feature", "properties": {"grid": "5m", "dir": "h"}, "geometry": {"type": "LineString", "coordinates": [[32.83269452809198, 39.85549223935873], [32.85324051522983, 39.85549223935873]]}}, {"type": "Feature", "properties": {"grid": "5m", "dir": "h"}, "geometry": {"type": "LineString", "coordinates": [[32.83269452809198, 39.85553715491748], [32.85324051522983, 39.85553715491748]]}}, {"type": "Feature", "properties": {"grid": "5m", "dir": "h"}, "geometry": {"type": "LineString", "coordinates": [[32.83269452809198, 39.85558207047623], [32.85324051522983, 39.85558207047623]]}}, {"type": "Feature", "properties": {"grid": "5m", "dir": "h"}, "geometry": {"type": "LineString", "coordinates": [[32.83269452809198, 39.85562698603498], [32.85324051522983, 39.85562698603498]]}}, {"type": "Feature", "properties": {"grid": "5m", "dir": "h"}, "geometry": {"type": "LineString", "coordinates": [[32.83269452809198, 39.85567190159373], [32.85324051522983, 39.85567190159373]]}}, {"type": "Feature", "properties": {"grid": "5m", "dir": "h"}, "geometry": {"type": "LineString", "coordinates": [[32.83269452809198, 39.85571681715248], [32.85324051522983, 39.85571681715248]]}}, {"type": "Feature", "properties": {"grid": "5m", "dir": "h"}, "geometry": {"type": "LineString", "coordinates": [[32.83269452809198, 39.85576173271123], [32.85324051522983, 39.85576173271123]]}}, {"type": "Feature", "properties": {"grid": "5m", "dir": "h"}, "geometry": {"type": "LineString", "coordinates": [[32.83269452809198, 39.855806648269976], [32.85324051522983, 39.855806648269976]]}}, {"type": "Feature", "properties": {"grid": "5m", "dir": "h"}, "geometry": {"type": "LineString", "coordinates": [[32.83269452809198, 39.85585156382873], [32.85324051522983, 39.85585156382873]]}}, {"type": "Feature", "properties": {"grid": "5m", "dir": "h"}, "geometry": {"type": "LineString", "coordinates": [[32.83269452809198, 39.855896479387475], [32.85324051522983, 39.855896479387475]]}}, {"type": "Feature", "properties": {"grid": "5m", "dir": "h"}, "geometry": {"type": "LineString", "coordinates": [[32.83269452809198, 39.85594139494623], [32.85324051522983, 39.85594139494623]]}}, {"type": "Feature", "properties": {"grid": "5m", "dir": "h"}, "geometry": {"type": "LineString", "coordinates": [[32.83269452809198, 39.855986310504974], [32.85324051522983, 39.855986310504974]]}}, {"type": "Feature", "properties": {"grid": "5m", "dir": "h"}, "geometry": {"type": "LineString", "coordinates": [[32.83269452809198, 39.85603122606373], [32.85324051522983, 39.85603122606373]]}}, {"type": "Feature", "properties": {"grid": "5m", "dir": "h"}, "geometry": {"type": "LineString", "coordinates": [[32.83269452809198, 39.856076141622474], [32.85324051522983, 39.856076141622474]]}}, {"type": "Feature", "properties": {"grid": "5m", "dir": "h"}, "geometry": {"type": "LineString", "coordinates": [[32.83269452809198, 39.85612105718123], [32.85324051522983, 39.85612105718123]]}}, {"type": "Feature", "properties": {"grid": "5m", "dir": "h"}, "geometry": {"type": "LineString", "coordinates": [[32.83269452809198, 39.85616597273997], [32.85324051522983, 39.85616597273997]]}}, {"type": "Feature", "properties": {"grid": "5m", "dir": "h"}, "geometry": {"type": "LineString", "coordinates": [[32.83269452809198, 39.856210888298726], [32.85324051522983, 39.856210888298726]]}}, {"type": "Feature", "properties": {"grid": "5m", "dir": "h"}, "geometry": {"type": "LineString", "coordinates": [[32.83269452809198, 39.85625580385747], [32.85324051522983, 39.85625580385747]]}}, {"type": "Feature", "properties": {"grid": "5m", "dir": "h"}, "geometry": {"type": "LineString", "coordinates": [[32.83269452809198, 39.856300719416225], [32.85324051522983, 39.856300719416225]]}}, {"type": "Feature", "properties": {"grid": "5m", "dir": "h"}, "geometry": {"type": "LineString", "coordinates": [[32.83269452809198, 39.85634563497497], [32.85324051522983, 39.85634563497497]]}}, {"type": "Feature", "properties": {"grid": "5m", "dir": "h"}, "geometry": {"type": "LineString", "coordinates": [[32.83269452809198, 39.856390550533725], [32.85324051522983, 39.856390550533725]]}}, {"type": "Feature", "properties": {"grid": "5m", "dir": "h"}, "geometry": {"type": "LineString", "coordinates": [[32.83269452809198, 39.85643546609247], [32.85324051522983, 39.85643546609247]]}}, {"type": "Feature", "properties": {"grid": "5m", "dir": "h"}, "geometry": {"type": "LineString", "coordinates": [[32.83269452809198, 39.856480381651224], [32.85324051522983, 39.856480381651224]]}}, {"type": "Feature", "properties": {"grid": "5m", "dir": "h"}, "geometry": {"type": "LineString", "coordinates": [[32.83269452809198, 39.85652529720997], [32.85324051522983, 39.85652529720997]]}}, {"type": "Feature", "properties": {"grid": "5m", "dir": "h"}, "geometry": {"type": "LineString", "coordinates": [[32.83269452809198, 39.85657021276872], [32.85324051522983, 39.85657021276872]]}}, {"type": "Feature", "properties": {"grid": "5m", "dir": "h"}, "geometry": {"type": "LineString", "coordinates": [[32.83269452809198, 39.85661512832747], [32.85324051522983, 39.85661512832747]]}}, {"type": "Feature", "properties": {"grid": "5m", "dir": "h"}, "geometry": {"type": "LineString", "coordinates": [[32.83269452809198, 39.85666004388622], [32.85324051522983, 39.85666004388622]]}}, {"type": "Feature", "properties": {"grid": "5m", "dir": "h"}, "geometry": {"type": "LineString", "coordinates": [[32.83269452809198, 39.85670495944497], [32.85324051522983, 39.85670495944497]]}}, {"type": "Feature", "properties": {"grid": "5m", "dir": "h"}, "geometry": {"type": "LineString", "coordinates": [[32.83269452809198, 39.85674987500372], [32.85324051522983, 39.85674987500372]]}}, {"type": "Feature", "properties": {"grid": "5m", "dir": "h"}, "geometry": {"type": "LineString", "coordinates": [[32.83269452809198, 39.85679479056247], [32.85324051522983, 39.85679479056247]]}}, {"type": "Feature", "properties": {"grid": "5m", "dir": "h"}, "geometry": {"type": "LineString", "coordinates": [[32.83269452809198, 39.85683970612122], [32.85324051522983, 39.85683970612122]]}}, {"type": "Feature", "properties": {"grid": "5m", "dir": "h"}, "geometry": {"type": "LineString", "coordinates": [[32.83269452809198, 39.85688462167997], [32.85324051522983, 39.85688462167997]]}}, {"type": "Feature", "properties": {"grid": "5m", "dir": "h"}, "geometry": {"type": "LineString", "coordinates": [[32.83269452809198, 39.85692953723872], [32.85324051522983, 39.85692953723872]]}}, {"type": "Feature", "properties": {"grid": "5m", "dir": "h"}, "geometry": {"type": "LineString", "coordinates": [[32.83269452809198, 39.856974452797466], [32.85324051522983, 39.856974452797466]]}}, {"type": "Feature", "properties": {"grid": "5m", "dir": "h"}, "geometry": {"type": "LineString", "coordinates": [[32.83269452809198, 39.85701936835622], [32.85324051522983, 39.85701936835622]]}}, {"type": "Feature", "properties": {"grid": "5m", "dir": "h"}, "geometry": {"type": "LineString", "coordinates": [[32.83269452809198, 39.857064283914966], [32.85324051522983, 39.857064283914966]]}}, {"type": "Feature", "properties": {"grid": "5m", "dir": "h"}, "geometry": {"type": "LineString", "coordinates": [[32.83269452809198, 39.85710919947372], [32.85324051522983, 39.85710919947372]]}}, {"type": "Feature", "properties": {"grid": "5m", "dir": "h"}, "geometry": {"type": "LineString", "coordinates": [[32.83269452809198, 39.857154115032465], [32.85324051522983, 39.857154115032465]]}}, {"type": "Feature", "properties": {"grid": "5m", "dir": "h"}, "geometry": {"type": "LineString", "coordinates": [[32.83269452809198, 39.85719903059122], [32.85324051522983, 39.85719903059122]]}}, {"type": "Feature", "properties": {"grid": "5m", "dir": "h"}, "geometry": {"type": "LineString", "coordinates": [[32.83269452809198, 39.857243946149964], [32.85324051522983, 39.857243946149964]]}}, {"type": "Feature", "properties": {"grid": "5m", "dir": "h"}, "geometry": {"type": "LineString", "coordinates": [[32.83269452809198, 39.85728886170871], [32.85324051522983, 39.85728886170871]]}}, {"type": "Feature", "properties": {"grid": "5m", "dir": "h"}, "geometry": {"type": "LineString", "coordinates": [[32.83269452809198, 39.85733377726746], [32.85324051522983, 39.85733377726746]]}}, {"type": "Feature", "properties": {"grid": "5m", "dir": "h"}, "geometry": {"type": "LineString", "coordinates": [[32.83269452809198, 39.85737869282621], [32.85324051522983, 39.85737869282621]]}}, {"type": "Feature", "properties": {"grid": "5m", "dir": "h"}, "geometry": {"type": "LineString", "coordinates": [[32.83269452809198, 39.85742360838496], [32.85324051522983, 39.85742360838496]]}}, {"type": "Feature", "properties": {"grid": "5m", "dir": "h"}, "geometry": {"type": "LineString", "coordinates": [[32.83269452809198, 39.85746852394371], [32.85324051522983, 39.85746852394371]]}}, {"type": "Feature", "properties": {"grid": "5m", "dir": "h"}, "geometry": {"type": "LineString", "coordinates": [[32.83269452809198, 39.85751343950246], [32.85324051522983, 39.85751343950246]]}}, {"type": "Feature", "properties": {"grid": "5m", "dir": "h"}, "geometry": {"type": "LineString", "coordinates": [[32.83269452809198, 39.85755835506121], [32.85324051522983, 39.85755835506121]]}}, {"type": "Feature", "properties": {"grid": "5m", "dir": "h"}, "geometry": {"type": "LineString", "coordinates": [[32.83269452809198, 39.85760327061996], [32.85324051522983, 39.85760327061996]]}}, {"type": "Feature", "properties": {"grid": "5m", "dir": "h"}, "geometry": {"type": "LineString", "coordinates": [[32.83269452809198, 39.85764818617871], [32.85324051522983, 39.85764818617871]]}}, {"type": "Feature", "properties": {"grid": "5m", "dir": "h"}, "geometry": {"type": "LineString", "coordinates": [[32.83269452809198, 39.85769310173746], [32.85324051522983, 39.85769310173746]]}}, {"type": "Feature", "properties": {"grid": "5m", "dir": "h"}, "geometry": {"type": "LineString", "coordinates": [[32.83269452809198, 39.85773801729621], [32.85324051522983, 39.85773801729621]]}}, {"type": "Feature", "properties": {"grid": "5m", "dir": "h"}, "geometry": {"type": "LineString", "coordinates": [[32.83269452809198, 39.85778293285496], [32.85324051522983, 39.85778293285496]]}}, {"type": "Feature", "properties": {"grid": "5m", "dir": "h"}, "geometry": {"type": "LineString", "coordinates": [[32.83269452809198, 39.857827848413706], [32.85324051522983, 39.857827848413706]]}}, {"type": "Feature", "properties": {"grid": "5m", "dir": "h"}, "geometry": {"type": "LineString", "coordinates": [[32.83269452809198, 39.85787276397246], [32.85324051522983, 39.85787276397246]]}}, {"type": "Feature", "properties": {"grid": "5m", "dir": "h"}, "geometry": {"type": "LineString", "coordinates": [[32.83269452809198, 39.857917679531205], [32.85324051522983, 39.857917679531205]]}}, {"type": "Feature", "properties": {"grid": "5m", "dir": "h"}, "geometry": {"type": "LineString", "coordinates": [[32.83269452809198, 39.85796259508996], [32.85324051522983, 39.85796259508996]]}}, {"type": "Feature", "properties": {"grid": "5m", "dir": "h"}, "geometry": {"type": "LineString", "coordinates": [[32.83269452809198, 39.858007510648704], [32.85324051522983, 39.858007510648704]]}}, {"type": "Feature", "properties": {"grid": "5m", "dir": "h"}, "geometry": {"type": "LineString", "coordinates": [[32.83269452809198, 39.85805242620746], [32.85324051522983, 39.85805242620746]]}}, {"type": "Feature", "properties": {"grid": "5m", "dir": "h"}, "geometry": {"type": "LineString", "coordinates": [[32.83269452809198, 39.858097341766204], [32.85324051522983, 39.858097341766204]]}}, {"type": "Feature", "properties": {"grid": "5m", "dir": "h"}, "geometry": {"type": "LineString", "coordinates": [[32.83269452809198, 39.85814225732496], [32.85324051522983, 39.85814225732496]]}}, {"type": "Feature", "properties": {"grid": "5m", "dir": "h"}, "geometry": {"type": "LineString", "coordinates": [[32.83269452809198, 39.8581871728837], [32.85324051522983, 39.8581871728837]]}}, {"type": "Feature", "properties": {"grid": "5m", "dir": "h"}, "geometry": {"type": "LineString", "coordinates": [[32.83269452809198, 39.858232088442456], [32.85324051522983, 39.858232088442456]]}}, {"type": "Feature", "properties": {"grid": "5m", "dir": "h"}, "geometry": {"type": "LineString", "coordinates": [[32.83269452809198, 39.8582770040012], [32.85324051522983, 39.8582770040012]]}}, {"type": "Feature", "properties": {"grid": "5m", "dir": "h"}, "geometry": {"type": "LineString", "coordinates": [[32.83269452809198, 39.858321919559955], [32.85324051522983, 39.858321919559955]]}}, {"type": "Feature", "properties": {"grid": "5m", "dir": "h"}, "geometry": {"type": "LineString", "coordinates": [[32.83269452809198, 39.8583668351187], [32.85324051522983, 39.8583668351187]]}}, {"type": "Feature", "properties": {"grid": "5m", "dir": "h"}, "geometry": {"type": "LineString", "coordinates": [[32.83269452809198, 39.858411750677455], [32.85324051522983, 39.858411750677455]]}}, {"type": "Feature", "properties": {"grid": "5m", "dir": "h"}, "geometry": {"type": "LineString", "coordinates": [[32.83269452809198, 39.8584566662362], [32.85324051522983, 39.8584566662362]]}}, {"type": "Feature", "properties": {"grid": "5m", "dir": "h"}, "geometry": {"type": "LineString", "coordinates": [[32.83269452809198, 39.858501581794954], [32.85324051522983, 39.858501581794954]]}}, {"type": "Feature", "properties": {"grid": "5m", "dir": "h"}, "geometry": {"type": "LineString", "coordinates": [[32.83269452809198, 39.8585464973537], [32.85324051522983, 39.8585464973537]]}}, {"type": "Feature", "properties": {"grid": "5m", "dir": "h"}, "geometry": {"type": "LineString", "coordinates": [[32.83269452809198, 39.85859141291245], [32.85324051522983, 39.85859141291245]]}}, {"type": "Feature", "properties": {"grid": "5m", "dir": "h"}, "geometry": {"type": "LineString", "coordinates": [[32.83269452809198, 39.8586363284712], [32.85324051522983, 39.8586363284712]]}}, {"type": "Feature", "properties": {"grid": "5m", "dir": "h"}, "geometry": {"type": "LineString", "coordinates": [[32.83269452809198, 39.85868124402995], [32.85324051522983, 39.85868124402995]]}}, {"type": "Feature", "properties": {"grid": "5m", "dir": "h"}, "geometry": {"type": "LineString", "coordinates": [[32.83269452809198, 39.8587261595887], [32.85324051522983, 39.8587261595887]]}}, {"type": "Feature", "properties": {"grid": "5m", "dir": "h"}, "geometry": {"type": "LineString", "coordinates": [[32.83269452809198, 39.85877107514745], [32.85324051522983, 39.85877107514745]]}}, {"type": "Feature", "properties": {"grid": "5m", "dir": "h"}, "geometry": {"type": "LineString", "coordinates": [[32.83269452809198, 39.8588159907062], [32.85324051522983, 39.8588159907062]]}}, {"type": "Feature", "properties": {"grid": "5m", "dir": "h"}, "geometry": {"type": "LineString", "coordinates": [[32.83269452809198, 39.85886090626495], [32.85324051522983, 39.85886090626495]]}}, {"type": "Feature", "properties": {"grid": "5m", "dir": "h"}, "geometry": {"type": "LineString", "coordinates": [[32.83269452809198, 39.8589058218237], [32.85324051522983, 39.8589058218237]]}}, {"type": "Feature", "properties": {"grid": "5m", "dir": "h"}, "geometry": {"type": "LineString", "coordinates": [[32.83269452809198, 39.85895073738245], [32.85324051522983, 39.85895073738245]]}}, {"type": "Feature", "properties": {"grid": "5m", "dir": "h"}, "geometry": {"type": "LineString", "coordinates": [[32.83269452809198, 39.858995652941196], [32.85324051522983, 39.858995652941196]]}}, {"type": "Feature", "properties": {"grid": "5m", "dir": "h"}, "geometry": {"type": "LineString", "coordinates": [[32.83269452809198, 39.85904056849995], [32.85324051522983, 39.85904056849995]]}}, {"type": "Feature", "properties": {"grid": "5m", "dir": "h"}, "geometry": {"type": "LineString", "coordinates": [[32.83269452809198, 39.859085484058696], [32.85324051522983, 39.859085484058696]]}}, {"type": "Feature", "properties": {"grid": "5m", "dir": "h"}, "geometry": {"type": "LineString", "coordinates": [[32.83269452809198, 39.85913039961744], [32.85324051522983, 39.85913039961744]]}}, {"type": "Feature", "properties": {"grid": "5m", "dir": "h"}, "geometry": {"type": "LineString", "coordinates": [[32.83269452809198, 39.859175315176195], [32.85324051522983, 39.859175315176195]]}}, {"type": "Feature", "properties": {"grid": "5m", "dir": "h"}, "geometry": {"type": "LineString", "coordinates": [[32.83269452809198, 39.85922023073494], [32.85324051522983, 39.85922023073494]]}}, {"type": "Feature", "properties": {"grid": "5m", "dir": "h"}, "geometry": {"type": "LineString", "coordinates": [[32.83269452809198, 39.859265146293694], [32.85324051522983, 39.859265146293694]]}}, {"type": "Feature", "properties": {"grid": "5m", "dir": "h"}, "geometry": {"type": "LineString", "coordinates": [[32.83269452809198, 39.85931006185244], [32.85324051522983, 39.85931006185244]]}}, {"type": "Feature", "properties": {"grid": "5m", "dir": "h"}, "geometry": {"type": "LineString", "coordinates": [[32.83269452809198, 39.85935497741119], [32.85324051522983, 39.85935497741119]]}}, {"type": "Feature", "properties": {"grid": "5m", "dir": "h"}, "geometry": {"type": "LineString", "coordinates": [[32.83269452809198, 39.85939989296994], [32.85324051522983, 39.85939989296994]]}}, {"type": "Feature", "properties": {"grid": "5m", "dir": "h"}, "geometry": {"type": "LineString", "coordinates": [[32.83269452809198, 39.85944480852869], [32.85324051522983, 39.85944480852869]]}}, {"type": "Feature", "properties": {"grid": "5m", "dir": "h"}, "geometry": {"type": "LineString", "coordinates": [[32.83269452809198, 39.85948972408744], [32.85324051522983, 39.85948972408744]]}}, {"type": "Feature", "properties": {"grid": "5m", "dir": "h"}, "geometry": {"type": "LineString", "coordinates": [[32.83269452809198, 39.85953463964619], [32.85324051522983, 39.85953463964619]]}}, {"type": "Feature", "properties": {"grid": "5m", "dir": "h"}, "geometry": {"type": "LineString", "coordinates": [[32.83269452809198, 39.85957955520494], [32.85324051522983, 39.85957955520494]]}}, {"type": "Feature", "properties": {"grid": "5m", "dir": "h"}, "geometry": {"type": "LineString", "coordinates": [[32.83269452809198, 39.85962447076369], [32.85324051522983, 39.85962447076369]]}}, {"type": "Feature", "properties": {"grid": "5m", "dir": "h"}, "geometry": {"type": "LineString", "coordinates": [[32.83269452809198, 39.85966938632244], [32.85324051522983, 39.85966938632244]]}}, {"type": "Feature", "properties": {"grid": "5m", "dir": "h"}, "geometry": {"type": "LineString", "coordinates": [[32.83269452809198, 39.85971430188119], [32.85324051522983, 39.85971430188119]]}}, {"type": "Feature", "properties": {"grid": "5m", "dir": "h"}, "geometry": {"type": "LineString", "coordinates": [[32.83269452809198, 39.85975921743994], [32.85324051522983, 39.85975921743994]]}}, {"type": "Feature", "properties": {"grid": "5m", "dir": "h"}, "geometry": {"type": "LineString", "coordinates": [[32.83269452809198, 39.85980413299869], [32.85324051522983, 39.85980413299869]]}}, {"type": "Feature", "properties": {"grid": "5m", "dir": "h"}, "geometry": {"type": "LineString", "coordinates": [[32.83269452809198, 39.859849048557436], [32.85324051522983, 39.859849048557436]]}}, {"type": "Feature", "properties": {"grid": "5m", "dir": "h"}, "geometry": {"type": "LineString", "coordinates": [[32.83269452809198, 39.85989396411619], [32.85324051522983, 39.85989396411619]]}}, {"type": "Feature", "properties": {"grid": "5m", "dir": "h"}, "geometry": {"type": "LineString", "coordinates": [[32.83269452809198, 39.859938879674935], [32.85324051522983, 39.859938879674935]]}}, {"type": "Feature", "properties": {"grid": "5m", "dir": "h"}, "geometry": {"type": "LineString", "coordinates": [[32.83269452809198, 39.85998379523369], [32.85324051522983, 39.85998379523369]]}}, {"type": "Feature", "properties": {"grid": "5m", "dir": "h"}, "geometry": {"type": "LineString", "coordinates": [[32.83269452809198, 39.860028710792434], [32.85324051522983, 39.860028710792434]]}}, {"type": "Feature", "properties": {"grid": "5m", "dir": "h"}, "geometry": {"type": "LineString", "coordinates": [[32.83269452809198, 39.86007362635119], [32.85324051522983, 39.86007362635119]]}}, {"type": "Feature", "properties": {"grid": "5m", "dir": "h"}, "geometry": {"type": "LineString", "coordinates": [[32.83269452809198, 39.860118541909934], [32.85324051522983, 39.860118541909934]]}}, {"type": "Feature", "properties": {"grid": "5m", "dir": "h"}, "geometry": {"type": "LineString", "coordinates": [[32.83269452809198, 39.86016345746869], [32.85324051522983, 39.86016345746869]]}}, {"type": "Feature", "properties": {"grid": "5m", "dir": "h"}, "geometry": {"type": "LineString", "coordinates": [[32.83269452809198, 39.86020837302743], [32.85324051522983, 39.86020837302743]]}}, {"type": "Feature", "properties": {"grid": "5m", "dir": "h"}, "geometry": {"type": "LineString", "coordinates": [[32.83269452809198, 39.860253288586186], [32.85324051522983, 39.860253288586186]]}}, {"type": "Feature", "properties": {"grid": "5m", "dir": "h"}, "geometry": {"type": "LineString", "coordinates": [[32.83269452809198, 39.86029820414493], [32.85324051522983, 39.86029820414493]]}}, {"type": "Feature", "properties": {"grid": "5m", "dir": "h"}, "geometry": {"type": "LineString", "coordinates": [[32.83269452809198, 39.860343119703685], [32.85324051522983, 39.860343119703685]]}}, {"type": "Feature", "properties": {"grid": "5m", "dir": "h"}, "geometry": {"type": "LineString", "coordinates": [[32.83269452809198, 39.86038803526243], [32.85324051522983, 39.86038803526243]]}}, {"type": "Feature", "properties": {"grid": "5m", "dir": "h"}, "geometry": {"type": "LineString", "coordinates": [[32.83269452809198, 39.860432950821185], [32.85324051522983, 39.860432950821185]]}}, {"type": "Feature", "properties": {"grid": "5m", "dir": "h"}, "geometry": {"type": "LineString", "coordinates": [[32.83269452809198, 39.86047786637993], [32.85324051522983, 39.86047786637993]]}}, {"type": "Feature", "properties": {"grid": "5m", "dir": "h"}, "geometry": {"type": "LineString", "coordinates": [[32.83269452809198, 39.860522781938684], [32.85324051522983, 39.860522781938684]]}}, {"type": "Feature", "properties": {"grid": "5m", "dir": "h"}, "geometry": {"type": "LineString", "coordinates": [[32.83269452809198, 39.86056769749743], [32.85324051522983, 39.86056769749743]]}}, {"type": "Feature", "properties": {"grid": "5m", "dir": "h"}, "geometry": {"type": "LineString", "coordinates": [[32.83269452809198, 39.86061261305618], [32.85324051522983, 39.86061261305618]]}}, {"type": "Feature", "properties": {"grid": "5m", "dir": "h"}, "geometry": {"type": "LineString", "coordinates": [[32.83269452809198, 39.86065752861493], [32.85324051522983, 39.86065752861493]]}}, {"type": "Feature", "properties": {"grid": "5m", "dir": "h"}, "geometry": {"type": "LineString", "coordinates": [[32.83269452809198, 39.86070244417368], [32.85324051522983, 39.86070244417368]]}}, {"type": "Feature", "properties": {"grid": "5m", "dir": "h"}, "geometry": {"type": "LineString", "coordinates": [[32.83269452809198, 39.86074735973243], [32.85324051522983, 39.86074735973243]]}}, {"type": "Feature", "properties": {"grid": "5m", "dir": "h"}, "geometry": {"type": "LineString", "coordinates": [[32.83269452809198, 39.86079227529118], [32.85324051522983, 39.86079227529118]]}}, {"type": "Feature", "properties": {"grid": "5m", "dir": "h"}, "geometry": {"type": "LineString", "coordinates": [[32.83269452809198, 39.86083719084993], [32.85324051522983, 39.86083719084993]]}}, {"type": "Feature", "properties": {"grid": "5m", "dir": "h"}, "geometry": {"type": "LineString", "coordinates": [[32.83269452809198, 39.86088210640868], [32.85324051522983, 39.86088210640868]]}}, {"type": "Feature", "properties": {"grid": "5m", "dir": "h"}, "geometry": {"type": "LineString", "coordinates": [[32.83269452809198, 39.86092702196743], [32.85324051522983, 39.86092702196743]]}}, {"type": "Feature", "properties": {"grid": "5m", "dir": "h"}, "geometry": {"type": "LineString", "coordinates": [[32.83269452809198, 39.86097193752617], [32.85324051522983, 39.86097193752617]]}}, {"type": "Feature", "properties": {"grid": "5m", "dir": "h"}, "geometry": {"type": "LineString", "coordinates": [[32.83269452809198, 39.86101685308493], [32.85324051522983, 39.86101685308493]]}}, {"type": "Feature", "properties": {"grid": "5m", "dir": "h"}, "geometry": {"type": "LineString", "coordinates": [[32.83269452809198, 39.86106176864367], [32.85324051522983, 39.86106176864367]]}}, {"type": "Feature", "properties": {"grid": "5m", "dir": "h"}, "geometry": {"type": "LineString", "coordinates": [[32.83269452809198, 39.861106684202426], [32.85324051522983, 39.861106684202426]]}}, {"type": "Feature", "properties": {"grid": "5m", "dir": "h"}, "geometry": {"type": "LineString", "coordinates": [[32.83269452809198, 39.86115159976117], [32.85324051522983, 39.86115159976117]]}}, {"type": "Feature", "properties": {"grid": "5m", "dir": "h"}, "geometry": {"type": "LineString", "coordinates": [[32.83269452809198, 39.861196515319925], [32.85324051522983, 39.861196515319925]]}}, {"type": "Feature", "properties": {"grid": "5m", "dir": "h"}, "geometry": {"type": "LineString", "coordinates": [[32.83269452809198, 39.86124143087867], [32.85324051522983, 39.86124143087867]]}}, {"type": "Feature", "properties": {"grid": "5m", "dir": "h"}, "geometry": {"type": "LineString", "coordinates": [[32.83269452809198, 39.861286346437424], [32.85324051522983, 39.861286346437424]]}}, {"type": "Feature", "properties": {"grid": "5m", "dir": "h"}, "geometry": {"type": "LineString", "coordinates": [[32.83269452809198, 39.86133126199617], [32.85324051522983, 39.86133126199617]]}}, {"type": "Feature", "properties": {"grid": "5m", "dir": "h"}, "geometry": {"type": "LineString", "coordinates": [[32.83269452809198, 39.861376177554924], [32.85324051522983, 39.861376177554924]]}}, {"type": "Feature", "properties": {"grid": "5m", "dir": "h"}, "geometry": {"type": "LineString", "coordinates": [[32.83269452809198, 39.86142109311367], [32.85324051522983, 39.86142109311367]]}}, {"type": "Feature", "properties": {"grid": "5m", "dir": "h"}, "geometry": {"type": "LineString", "coordinates": [[32.83269452809198, 39.86146600867242], [32.85324051522983, 39.86146600867242]]}}, {"type": "Feature", "properties": {"grid": "5m", "dir": "h"}, "geometry": {"type": "LineString", "coordinates": [[32.83269452809198, 39.86151092423117], [32.85324051522983, 39.86151092423117]]}}, {"type": "Feature", "properties": {"grid": "5m", "dir": "h"}, "geometry": {"type": "LineString", "coordinates": [[32.83269452809198, 39.86155583978992], [32.85324051522983, 39.86155583978992]]}}, {"type": "Feature", "properties": {"grid": "5m", "dir": "h"}, "geometry": {"type": "LineString", "coordinates": [[32.83269452809198, 39.86160075534867], [32.85324051522983, 39.86160075534867]]}}, {"type": "Feature", "properties": {"grid": "5m", "dir": "h"}, "geometry": {"type": "LineString", "coordinates": [[32.83269452809198, 39.86164567090742], [32.85324051522983, 39.86164567090742]]}}, {"type": "Feature", "properties": {"grid": "5m", "dir": "h"}, "geometry": {"type": "LineString", "coordinates": [[32.83269452809198, 39.86169058646617], [32.85324051522983, 39.86169058646617]]}}, {"type": "Feature", "properties": {"grid": "5m", "dir": "h"}, "geometry": {"type": "LineString", "coordinates": [[32.83269452809198, 39.86173550202492], [32.85324051522983, 39.86173550202492]]}}, {"type": "Feature", "properties": {"grid": "5m", "dir": "h"}, "geometry": {"type": "LineString", "coordinates": [[32.83269452809198, 39.86178041758367], [32.85324051522983, 39.86178041758367]]}}, {"type": "Feature", "properties": {"grid": "5m", "dir": "h"}, "geometry": {"type": "LineString", "coordinates": [[32.83269452809198, 39.86182533314242], [32.85324051522983, 39.86182533314242]]}}, {"type": "Feature", "properties": {"grid": "5m", "dir": "h"}, "geometry": {"type": "LineString", "coordinates": [[32.83269452809198, 39.861870248701166], [32.85324051522983, 39.861870248701166]]}}, {"type": "Feature", "properties": {"grid": "5m", "dir": "h"}, "geometry": {"type": "LineString", "coordinates": [[32.83269452809198, 39.86191516425992], [32.85324051522983, 39.86191516425992]]}}, {"type": "Feature", "properties": {"grid": "5m", "dir": "h"}, "geometry": {"type": "LineString", "coordinates": [[32.83269452809198, 39.861960079818665], [32.85324051522983, 39.861960079818665]]}}, {"type": "Feature", "properties": {"grid": "5m", "dir": "h"}, "geometry": {"type": "LineString", "coordinates": [[32.83269452809198, 39.86200499537742], [32.85324051522983, 39.86200499537742]]}}, {"type": "Feature", "properties": {"grid": "5m", "dir": "h"}, "geometry": {"type": "LineString", "coordinates": [[32.83269452809198, 39.862049910936165], [32.85324051522983, 39.862049910936165]]}}, {"type": "Feature", "properties": {"grid": "5m", "dir": "h"}, "geometry": {"type": "LineString", "coordinates": [[32.83269452809198, 39.86209482649492], [32.85324051522983, 39.86209482649492]]}}, {"type": "Feature", "properties": {"grid": "5m", "dir": "h"}, "geometry": {"type": "LineString", "coordinates": [[32.83269452809198, 39.862139742053664], [32.85324051522983, 39.862139742053664]]}}, {"type": "Feature", "properties": {"grid": "5m", "dir": "h"}, "geometry": {"type": "LineString", "coordinates": [[32.83269452809198, 39.86218465761242], [32.85324051522983, 39.86218465761242]]}}, {"type": "Feature", "properties": {"grid": "5m", "dir": "h"}, "geometry": {"type": "LineString", "coordinates": [[32.83269452809198, 39.86222957317116], [32.85324051522983, 39.86222957317116]]}}, {"type": "Feature", "properties": {"grid": "5m", "dir": "h"}, "geometry": {"type": "LineString", "coordinates": [[32.83269452809198, 39.862274488729916], [32.85324051522983, 39.862274488729916]]}}, {"type": "Feature", "properties": {"grid": "5m", "dir": "h"}, "geometry": {"type": "LineString", "coordinates": [[32.83269452809198, 39.86231940428866], [32.85324051522983, 39.86231940428866]]}}, {"type": "Feature", "properties": {"grid": "5m", "dir": "h"}, "geometry": {"type": "LineString", "coordinates": [[32.83269452809198, 39.862364319847416], [32.85324051522983, 39.862364319847416]]}}, {"type": "Feature", "properties": {"grid": "5m", "dir": "h"}, "geometry": {"type": "LineString", "coordinates": [[32.83269452809198, 39.86240923540616], [32.85324051522983, 39.86240923540616]]}}, {"type": "Feature", "properties": {"grid": "5m", "dir": "h"}, "geometry": {"type": "LineString", "coordinates": [[32.83269452809198, 39.862454150964915], [32.85324051522983, 39.862454150964915]]}}, {"type": "Feature", "properties": {"grid": "5m", "dir": "h"}, "geometry": {"type": "LineString", "coordinates": [[32.83269452809198, 39.86249906652366], [32.85324051522983, 39.86249906652366]]}}, {"type": "Feature", "properties": {"grid": "5m", "dir": "h"}, "geometry": {"type": "LineString", "coordinates": [[32.83269452809198, 39.862543982082414], [32.85324051522983, 39.862543982082414]]}}, {"type": "Feature", "properties": {"grid": "5m", "dir": "h"}, "geometry": {"type": "LineString", "coordinates": [[32.83269452809198, 39.86258889764116], [32.85324051522983, 39.86258889764116]]}}, {"type": "Feature", "properties": {"grid": "5m", "dir": "h"}, "geometry": {"type": "LineString", "coordinates": [[32.83269452809198, 39.86263381319991], [32.85324051522983, 39.86263381319991]]}}, {"type": "Feature", "properties": {"grid": "5m", "dir": "h"}, "geometry": {"type": "LineString", "coordinates": [[32.83269452809198, 39.86267872875866], [32.85324051522983, 39.86267872875866]]}}, {"type": "Feature", "properties": {"grid": "5m", "dir": "h"}, "geometry": {"type": "LineString", "coordinates": [[32.83269452809198, 39.86272364431741], [32.85324051522983, 39.86272364431741]]}}, {"type": "Feature", "properties": {"grid": "5m", "dir": "h"}, "geometry": {"type": "LineString", "coordinates": [[32.83269452809198, 39.86276855987616], [32.85324051522983, 39.86276855987616]]}}, {"type": "Feature", "properties": {"grid": "5m", "dir": "h"}, "geometry": {"type": "LineString", "coordinates": [[32.83269452809198, 39.86281347543491], [32.85324051522983, 39.86281347543491]]}}, {"type": "Feature", "properties": {"grid": "5m", "dir": "h"}, "geometry": {"type": "LineString", "coordinates": [[32.83269452809198, 39.86285839099366], [32.85324051522983, 39.86285839099366]]}}, {"type": "Feature", "properties": {"grid": "5m", "dir": "h"}, "geometry": {"type": "LineString", "coordinates": [[32.83269452809198, 39.862903306552404], [32.85324051522983, 39.862903306552404]]}}, {"type": "Feature", "properties": {"grid": "5m", "dir": "h"}, "geometry": {"type": "LineString", "coordinates": [[32.83269452809198, 39.86294822211116], [32.85324051522983, 39.86294822211116]]}}, {"type": "Feature", "properties": {"grid": "5m", "dir": "h"}, "geometry": {"type": "LineString", "coordinates": [[32.83269452809198, 39.8629931376699], [32.85324051522983, 39.8629931376699]]}}, {"type": "Feature", "properties": {"grid": "5m", "dir": "h"}, "geometry": {"type": "LineString", "coordinates": [[32.83269452809198, 39.86303805322866], [32.85324051522983, 39.86303805322866]]}}, {"type": "Feature", "properties": {"grid": "5m", "dir": "h"}, "geometry": {"type": "LineString", "coordinates": [[32.83269452809198, 39.8630829687874], [32.85324051522983, 39.8630829687874]]}}, {"type": "Feature", "properties": {"grid": "5m", "dir": "h"}, "geometry": {"type": "LineString", "coordinates": [[32.83269452809198, 39.863127884346156], [32.85324051522983, 39.863127884346156]]}}, {"type": "Feature", "properties": {"grid": "5m", "dir": "h"}, "geometry": {"type": "LineString", "coordinates": [[32.83269452809198, 39.8631727999049], [32.85324051522983, 39.8631727999049]]}}, {"type": "Feature", "properties": {"grid": "5m", "dir": "h"}, "geometry": {"type": "LineString", "coordinates": [[32.83269452809198, 39.863217715463655], [32.85324051522983, 39.863217715463655]]}}, {"type": "Feature", "properties": {"grid": "5m", "dir": "h"}, "geometry": {"type": "LineString", "coordinates": [[32.83269452809198, 39.8632626310224], [32.85324051522983, 39.8632626310224]]}}, {"type": "Feature", "properties": {"grid": "5m", "dir": "h"}, "geometry": {"type": "LineString", "coordinates": [[32.83269452809198, 39.863307546581154], [32.85324051522983, 39.863307546581154]]}}, {"type": "Feature", "properties": {"grid": "5m", "dir": "h"}, "geometry": {"type": "LineString", "coordinates": [[32.83269452809198, 39.8633524621399], [32.85324051522983, 39.8633524621399]]}}, {"type": "Feature", "properties": {"grid": "5m", "dir": "h"}, "geometry": {"type": "LineString", "coordinates": [[32.83269452809198, 39.863397377698654], [32.85324051522983, 39.863397377698654]]}}, {"type": "Feature", "properties": {"grid": "5m", "dir": "h"}, "geometry": {"type": "LineString", "coordinates": [[32.83269452809198, 39.8634422932574], [32.85324051522983, 39.8634422932574]]}}, {"type": "Feature", "properties": {"grid": "5m", "dir": "h"}, "geometry": {"type": "LineString", "coordinates": [[32.83269452809198, 39.86348720881615], [32.85324051522983, 39.86348720881615]]}}, {"type": "Feature", "properties": {"grid": "5m", "dir": "h"}, "geometry": {"type": "LineString", "coordinates": [[32.83269452809198, 39.8635321243749], [32.85324051522983, 39.8635321243749]]}}, {"type": "Feature", "properties": {"grid": "5m", "dir": "h"}, "geometry": {"type": "LineString", "coordinates": [[32.83269452809198, 39.86357703993365], [32.85324051522983, 39.86357703993365]]}}, {"type": "Feature", "properties": {"grid": "5m", "dir": "h"}, "geometry": {"type": "LineString", "coordinates": [[32.83269452809198, 39.8636219554924], [32.85324051522983, 39.8636219554924]]}}, {"type": "Feature", "properties": {"grid": "5m", "dir": "h"}, "geometry": {"type": "LineString", "coordinates": [[32.83269452809198, 39.86366687105115], [32.85324051522983, 39.86366687105115]]}}, {"type": "Feature", "properties": {"grid": "5m", "dir": "h"}, "geometry": {"type": "LineString", "coordinates": [[32.83269452809198, 39.8637117866099], [32.85324051522983, 39.8637117866099]]}}, {"type": "Feature", "properties": {"grid": "5m", "dir": "h"}, "geometry": {"type": "LineString", "coordinates": [[32.83269452809198, 39.86375670216865], [32.85324051522983, 39.86375670216865]]}}, {"type": "Feature", "properties": {"grid": "5m", "dir": "h"}, "geometry": {"type": "LineString", "coordinates": [[32.83269452809198, 39.8638016177274], [32.85324051522983, 39.8638016177274]]}}, {"type": "Feature", "properties": {"grid": "5m", "dir": "h"}, "geometry": {"type": "LineString", "coordinates": [[32.83269452809198, 39.86384653328615], [32.85324051522983, 39.86384653328615]]}}, {"type": "Feature", "properties": {"grid": "5m", "dir": "h"}, "geometry": {"type": "LineString", "coordinates": [[32.83269452809198, 39.863891448844896], [32.85324051522983, 39.863891448844896]]}}, {"type": "Feature", "properties": {"grid": "5m", "dir": "h"}, "geometry": {"type": "LineString", "coordinates": [[32.83269452809198, 39.86393636440365], [32.85324051522983, 39.86393636440365]]}}, {"type": "Feature", "properties": {"grid": "5m", "dir": "h"}, "geometry": {"type": "LineString", "coordinates": [[32.83269452809198, 39.863981279962395], [32.85324051522983, 39.863981279962395]]}}, {"type": "Feature", "properties": {"grid": "5m", "dir": "h"}, "geometry": {"type": "LineString", "coordinates": [[32.83269452809198, 39.86402619552115], [32.85324051522983, 39.86402619552115]]}}, {"type": "Feature", "properties": {"grid": "5m", "dir": "h"}, "geometry": {"type": "LineString", "coordinates": [[32.83269452809198, 39.864071111079895], [32.85324051522983, 39.864071111079895]]}}, {"type": "Feature", "properties": {"grid": "5m", "dir": "h"}, "geometry": {"type": "LineString", "coordinates": [[32.83269452809198, 39.86411602663865], [32.85324051522983, 39.86411602663865]]}}, {"type": "Feature", "properties": {"grid": "5m", "dir": "h"}, "geometry": {"type": "LineString", "coordinates": [[32.83269452809198, 39.864160942197394], [32.85324051522983, 39.864160942197394]]}}, {"type": "Feature", "properties": {"grid": "5m", "dir": "h"}, "geometry": {"type": "LineString", "coordinates": [[32.83269452809198, 39.86420585775615], [32.85324051522983, 39.86420585775615]]}}, {"type": "Feature", "properties": {"grid": "5m", "dir": "h"}, "geometry": {"type": "LineString", "coordinates": [[32.83269452809198, 39.86425077331489], [32.85324051522983, 39.86425077331489]]}}, {"type": "Feature", "properties": {"grid": "5m", "dir": "h"}, "geometry": {"type": "LineString", "coordinates": [[32.83269452809198, 39.864295688873646], [32.85324051522983, 39.864295688873646]]}}, {"type": "Feature", "properties": {"grid": "5m", "dir": "h"}, "geometry": {"type": "LineString", "coordinates": [[32.83269452809198, 39.86434060443239], [32.85324051522983, 39.86434060443239]]}}, {"type": "Feature", "properties": {"grid": "5m", "dir": "h"}, "geometry": {"type": "LineString", "coordinates": [[32.83269452809198, 39.864385519991146], [32.85324051522983, 39.864385519991146]]}}, {"type": "Feature", "properties": {"grid": "5m", "dir": "h"}, "geometry": {"type": "LineString", "coordinates": [[32.83269452809198, 39.86443043554989], [32.85324051522983, 39.86443043554989]]}}, {"type": "Feature", "properties": {"grid": "5m", "dir": "h"}, "geometry": {"type": "LineString", "coordinates": [[32.83269452809198, 39.864475351108645], [32.85324051522983, 39.864475351108645]]}}, {"type": "Feature", "properties": {"grid": "5m", "dir": "h"}, "geometry": {"type": "LineString", "coordinates": [[32.83269452809198, 39.86452026666739], [32.85324051522983, 39.86452026666739]]}}, {"type": "Feature", "properties": {"grid": "5m", "dir": "h"}, "geometry": {"type": "LineString", "coordinates": [[32.83269452809198, 39.864565182226144], [32.85324051522983, 39.864565182226144]]}}, {"type": "Feature", "properties": {"grid": "5m", "dir": "h"}, "geometry": {"type": "LineString", "coordinates": [[32.83269452809198, 39.86461009778489], [32.85324051522983, 39.86461009778489]]}}, {"type": "Feature", "properties": {"grid": "5m", "dir": "h"}, "geometry": {"type": "LineString", "coordinates": [[32.83269452809198, 39.86465501334364], [32.85324051522983, 39.86465501334364]]}}, {"type": "Feature", "properties": {"grid": "5m", "dir": "h"}, "geometry": {"type": "LineString", "coordinates": [[32.83269452809198, 39.86469992890239], [32.85324051522983, 39.86469992890239]]}}, {"type": "Feature", "properties": {"grid": "5m", "dir": "h"}, "geometry": {"type": "LineString", "coordinates": [[32.83269452809198, 39.864744844461136], [32.85324051522983, 39.864744844461136]]}}, {"type": "Feature", "properties": {"grid": "5m", "dir": "h"}, "geometry": {"type": "LineString", "coordinates": [[32.83269452809198, 39.86478976001989], [32.85324051522983, 39.86478976001989]]}}, {"type": "Feature", "properties": {"grid": "5m", "dir": "h"}, "geometry": {"type": "LineString", "coordinates": [[32.83269452809198, 39.864834675578635], [32.85324051522983, 39.864834675578635]]}}, {"type": "Feature", "properties": {"grid": "5m", "dir": "h"}, "geometry": {"type": "LineString", "coordinates": [[32.83269452809198, 39.86487959113739], [32.85324051522983, 39.86487959113739]]}}, {"type": "Feature", "properties": {"grid": "5m", "dir": "h"}, "geometry": {"type": "LineString", "coordinates": [[32.83269452809198, 39.864924506696134], [32.85324051522983, 39.864924506696134]]}}, {"type": "Feature", "properties": {"grid": "5m", "dir": "h"}, "geometry": {"type": "LineString", "coordinates": [[32.83269452809198, 39.86496942225489], [32.85324051522983, 39.86496942225489]]}}, {"type": "Feature", "properties": {"grid": "5m", "dir": "h"}, "geometry": {"type": "LineString", "coordinates": [[32.83269452809198, 39.86501433781363], [32.85324051522983, 39.86501433781363]]}}, {"type": "Feature", "properties": {"grid": "5m", "dir": "h"}, "geometry": {"type": "LineString", "coordinates": [[32.83269452809198, 39.86505925337239], [32.85324051522983, 39.86505925337239]]}}, {"type": "Feature", "properties": {"grid": "5m", "dir": "h"}, "geometry": {"type": "LineString", "coordinates": [[32.83269452809198, 39.86510416893113], [32.85324051522983, 39.86510416893113]]}}, {"type": "Feature", "properties": {"grid": "5m", "dir": "h"}, "geometry": {"type": "LineString", "coordinates": [[32.83269452809198, 39.865149084489886], [32.85324051522983, 39.865149084489886]]}}, {"type": "Feature", "properties": {"grid": "5m", "dir": "h"}, "geometry": {"type": "LineString", "coordinates": [[32.83269452809198, 39.86519400004863], [32.85324051522983, 39.86519400004863]]}}, {"type": "Feature", "properties": {"grid": "5m", "dir": "h"}, "geometry": {"type": "LineString", "coordinates": [[32.83269452809198, 39.865238915607385], [32.85324051522983, 39.865238915607385]]}}, {"type": "Feature", "properties": {"grid": "5m", "dir": "h"}, "geometry": {"type": "LineString", "coordinates": [[32.83269452809198, 39.86528383116613], [32.85324051522983, 39.86528383116613]]}}, {"type": "Feature", "properties": {"grid": "5m", "dir": "h"}, "geometry": {"type": "LineString", "coordinates": [[32.83269452809198, 39.865328746724884], [32.85324051522983, 39.865328746724884]]}}, {"type": "Feature", "properties": {"grid": "5m", "dir": "h"}, "geometry": {"type": "LineString", "coordinates": [[32.83269452809198, 39.86537366228363], [32.85324051522983, 39.86537366228363]]}}, {"type": "Feature", "properties": {"grid": "5m", "dir": "h"}, "geometry": {"type": "LineString", "coordinates": [[32.83269452809198, 39.865418577842384], [32.85324051522983, 39.865418577842384]]}}, {"type": "Feature", "properties": {"grid": "5m", "dir": "h"}, "geometry": {"type": "LineString", "coordinates": [[32.83269452809198, 39.86546349340113], [32.85324051522983, 39.86546349340113]]}}, {"type": "Feature", "properties": {"grid": "5m", "dir": "h"}, "geometry": {"type": "LineString", "coordinates": [[32.83269452809198, 39.86550840895988], [32.85324051522983, 39.86550840895988]]}}, {"type": "Feature", "properties": {"grid": "5m", "dir": "h"}, "geometry": {"type": "LineString", "coordinates": [[32.83269452809198, 39.86555332451863], [32.85324051522983, 39.86555332451863]]}}, {"type": "Feature", "properties": {"grid": "5m", "dir": "h"}, "geometry": {"type": "LineString", "coordinates": [[32.83269452809198, 39.86559824007738], [32.85324051522983, 39.86559824007738]]}}, {"type": "Feature", "properties": {"grid": "5m", "dir": "h"}, "geometry": {"type": "LineString", "coordinates": [[32.83269452809198, 39.86564315563613], [32.85324051522983, 39.86564315563613]]}}, {"type": "Feature", "properties": {"grid": "5m", "dir": "h"}, "geometry": {"type": "LineString", "coordinates": [[32.83269452809198, 39.86568807119488], [32.85324051522983, 39.86568807119488]]}}, {"type": "Feature", "properties": {"grid": "5m", "dir": "h"}, "geometry": {"type": "LineString", "coordinates": [[32.83269452809198, 39.86573298675363], [32.85324051522983, 39.86573298675363]]}}, {"type": "Feature", "properties": {"grid": "5m", "dir": "h"}, "geometry": {"type": "LineString", "coordinates": [[32.83269452809198, 39.86577790231238], [32.85324051522983, 39.86577790231238]]}}, {"type": "Feature", "properties": {"grid": "5m", "dir": "h"}, "geometry": {"type": "LineString", "coordinates": [[32.83269452809198, 39.86582281787113], [32.85324051522983, 39.86582281787113]]}}, {"type": "Feature", "properties": {"grid": "5m", "dir": "h"}, "geometry": {"type": "LineString", "coordinates": [[32.83269452809198, 39.86586773342988], [32.85324051522983, 39.86586773342988]]}}, {"type": "Feature", "properties": {"grid": "5m", "dir": "h"}, "geometry": {"type": "LineString", "coordinates": [[32.83269452809198, 39.865912648988626], [32.85324051522983, 39.865912648988626]]}}, {"type": "Feature", "properties": {"grid": "5m", "dir": "h"}, "geometry": {"type": "LineString", "coordinates": [[32.83269452809198, 39.86595756454738], [32.85324051522983, 39.86595756454738]]}}, {"type": "Feature", "properties": {"grid": "5m", "dir": "h"}, "geometry": {"type": "LineString", "coordinates": [[32.83269452809198, 39.866002480106125], [32.85324051522983, 39.866002480106125]]}}, {"type": "Feature", "properties": {"grid": "5m", "dir": "h"}, "geometry": {"type": "LineString", "coordinates": [[32.83269452809198, 39.86604739566488], [32.85324051522983, 39.86604739566488]]}}, {"type": "Feature", "properties": {"grid": "5m", "dir": "h"}, "geometry": {"type": "LineString", "coordinates": [[32.83269452809198, 39.866092311223625], [32.85324051522983, 39.866092311223625]]}}, {"type": "Feature", "properties": {"grid": "5m", "dir": "h"}, "geometry": {"type": "LineString", "coordinates": [[32.83269452809198, 39.86613722678238], [32.85324051522983, 39.86613722678238]]}}, {"type": "Feature", "properties": {"grid": "5m", "dir": "h"}, "geometry": {"type": "LineString", "coordinates": [[32.83269452809198, 39.866182142341124], [32.85324051522983, 39.866182142341124]]}}, {"type": "Feature", "properties": {"grid": "5m", "dir": "h"}, "geometry": {"type": "LineString", "coordinates": [[32.83269452809198, 39.86622705789988], [32.85324051522983, 39.86622705789988]]}}, {"type": "Feature", "properties": {"grid": "5m", "dir": "h"}, "geometry": {"type": "LineString", "coordinates": [[32.83269452809198, 39.86627197345862], [32.85324051522983, 39.86627197345862]]}}, {"type": "Feature", "properties": {"grid": "5m", "dir": "h"}, "geometry": {"type": "LineString", "coordinates": [[32.83269452809198, 39.86631688901738], [32.85324051522983, 39.86631688901738]]}}, {"type": "Feature", "properties": {"grid": "5m", "dir": "h"}, "geometry": {"type": "LineString", "coordinates": [[32.83269452809198, 39.86636180457612], [32.85324051522983, 39.86636180457612]]}}, {"type": "Feature", "properties": {"grid": "5m", "dir": "h"}, "geometry": {"type": "LineString", "coordinates": [[32.83269452809198, 39.866406720134876], [32.85324051522983, 39.866406720134876]]}}, {"type": "Feature", "properties": {"grid": "5m", "dir": "h"}, "geometry": {"type": "LineString", "coordinates": [[32.83269452809198, 39.86645163569362], [32.85324051522983, 39.86645163569362]]}}, {"type": "Feature", "properties": {"grid": "5m", "dir": "h"}, "geometry": {"type": "LineString", "coordinates": [[32.83269452809198, 39.866496551252375], [32.85324051522983, 39.866496551252375]]}}, {"type": "Feature", "properties": {"grid": "5m", "dir": "h"}, "geometry": {"type": "LineString", "coordinates": [[32.83269452809198, 39.86654146681112], [32.85324051522983, 39.86654146681112]]}}, {"type": "Feature", "properties": {"grid": "5m", "dir": "h"}, "geometry": {"type": "LineString", "coordinates": [[32.83269452809198, 39.86658638236987], [32.85324051522983, 39.86658638236987]]}}, {"type": "Feature", "properties": {"grid": "5m", "dir": "h"}, "geometry": {"type": "LineString", "coordinates": [[32.83269452809198, 39.86663129792862], [32.85324051522983, 39.86663129792862]]}}, {"type": "Feature", "properties": {"grid": "5m", "dir": "h"}, "geometry": {"type": "LineString", "coordinates": [[32.83269452809198, 39.86667621348737], [32.85324051522983, 39.86667621348737]]}}, {"type": "Feature", "properties": {"grid": "5m", "dir": "h"}, "geometry": {"type": "LineString", "coordinates": [[32.83269452809198, 39.86672112904612], [32.85324051522983, 39.86672112904612]]}}, {"type": "Feature", "properties": {"grid": "5m", "dir": "h"}, "geometry": {"type": "LineString", "coordinates": [[32.83269452809198, 39.866766044604866], [32.85324051522983, 39.866766044604866]]}}, {"type": "Feature", "properties": {"grid": "5m", "dir": "h"}, "geometry": {"type": "LineString", "coordinates": [[32.83269452809198, 39.86681096016362], [32.85324051522983, 39.86681096016362]]}}, {"type": "Feature", "properties": {"grid": "5m", "dir": "h"}, "geometry": {"type": "LineString", "coordinates": [[32.83269452809198, 39.866855875722365], [32.85324051522983, 39.866855875722365]]}}, {"type": "Feature", "properties": {"grid": "5m", "dir": "h"}, "geometry": {"type": "LineString", "coordinates": [[32.83269452809198, 39.86690079128112], [32.85324051522983, 39.86690079128112]]}}, {"type": "Feature", "properties": {"grid": "5m", "dir": "h"}, "geometry": {"type": "LineString", "coordinates": [[32.83269452809198, 39.866945706839864], [32.85324051522983, 39.866945706839864]]}}, {"type": "Feature", "properties": {"grid": "5m", "dir": "h"}, "geometry": {"type": "LineString", "coordinates": [[32.83269452809198, 39.86699062239862], [32.85324051522983, 39.86699062239862]]}}, {"type": "Feature", "properties": {"grid": "5m", "dir": "h"}, "geometry": {"type": "LineString", "coordinates": [[32.83269452809198, 39.86703553795736], [32.85324051522983, 39.86703553795736]]}}, {"type": "Feature", "properties": {"grid": "5m", "dir": "h"}, "geometry": {"type": "LineString", "coordinates": [[32.83269452809198, 39.86708045351612], [32.85324051522983, 39.86708045351612]]}}, {"type": "Feature", "properties": {"grid": "5m", "dir": "h"}, "geometry": {"type": "LineString", "coordinates": [[32.83269452809198, 39.86712536907486], [32.85324051522983, 39.86712536907486]]}}, {"type": "Feature", "properties": {"grid": "5m", "dir": "h"}, "geometry": {"type": "LineString", "coordinates": [[32.83269452809198, 39.867170284633616], [32.85324051522983, 39.867170284633616]]}}, {"type": "Feature", "properties": {"grid": "5m", "dir": "h"}, "geometry": {"type": "LineString", "coordinates": [[32.83269452809198, 39.86721520019236], [32.85324051522983, 39.86721520019236]]}}, {"type": "Feature", "properties": {"grid": "5m", "dir": "h"}, "geometry": {"type": "LineString", "coordinates": [[32.83269452809198, 39.867260115751115], [32.85324051522983, 39.867260115751115]]}}, {"type": "Feature", "properties": {"grid": "5m", "dir": "h"}, "geometry": {"type": "LineString", "coordinates": [[32.83269452809198, 39.86730503130986], [32.85324051522983, 39.86730503130986]]}}, {"type": "Feature", "properties": {"grid": "5m", "dir": "h"}, "geometry": {"type": "LineString", "coordinates": [[32.83269452809198, 39.867349946868615], [32.85324051522983, 39.867349946868615]]}}, {"type": "Feature", "properties": {"grid": "5m", "dir": "h"}, "geometry": {"type": "LineString", "coordinates": [[32.83269452809198, 39.86739486242736], [32.85324051522983, 39.86739486242736]]}}, {"type": "Feature", "properties": {"grid": "5m", "dir": "h"}, "geometry": {"type": "LineString", "coordinates": [[32.83269452809198, 39.867439777986114], [32.85324051522983, 39.867439777986114]]}}, {"type": "Feature", "properties": {"grid": "5m", "dir": "h"}, "geometry": {"type": "LineString", "coordinates": [[32.83269452809198, 39.86748469354486], [32.85324051522983, 39.86748469354486]]}}, {"type": "Feature", "properties": {"grid": "5m", "dir": "h"}, "geometry": {"type": "LineString", "coordinates": [[32.83269452809198, 39.86752960910361], [32.85324051522983, 39.86752960910361]]}}, {"type": "Feature", "properties": {"grid": "5m", "dir": "h"}, "geometry": {"type": "LineString", "coordinates": [[32.83269452809198, 39.86757452466236], [32.85324051522983, 39.86757452466236]]}}, {"type": "Feature", "properties": {"grid": "5m", "dir": "h"}, "geometry": {"type": "LineString", "coordinates": [[32.83269452809198, 39.86761944022111], [32.85324051522983, 39.86761944022111]]}}, {"type": "Feature", "properties": {"grid": "5m", "dir": "h"}, "geometry": {"type": "LineString", "coordinates": [[32.83269452809198, 39.86766435577986], [32.85324051522983, 39.86766435577986]]}}, {"type": "Feature", "properties": {"grid": "5m", "dir": "h"}, "geometry": {"type": "LineString", "coordinates": [[32.83269452809198, 39.86770927133861], [32.85324051522983, 39.86770927133861]]}}, {"type": "Feature", "properties": {"grid": "5m", "dir": "h"}, "geometry": {"type": "LineString", "coordinates": [[32.83269452809198, 39.86775418689736], [32.85324051522983, 39.86775418689736]]}}, {"type": "Feature", "properties": {"grid": "5m", "dir": "h"}, "geometry": {"type": "LineString", "coordinates": [[32.83269452809198, 39.86779910245611], [32.85324051522983, 39.86779910245611]]}}, {"type": "Feature", "properties": {"grid": "5m", "dir": "h"}, "geometry": {"type": "LineString", "coordinates": [[32.83269452809198, 39.86784401801486], [32.85324051522983, 39.86784401801486]]}}, {"type": "Feature", "properties": {"grid": "5m", "dir": "h"}, "geometry": {"type": "LineString", "coordinates": [[32.83269452809198, 39.86788893357361], [32.85324051522983, 39.86788893357361]]}}, {"type": "Feature", "properties": {"grid": "5m", "dir": "h"}, "geometry": {"type": "LineString", "coordinates": [[32.83269452809198, 39.867933849132356], [32.85324051522983, 39.867933849132356]]}}, {"type": "Feature", "properties": {"grid": "5m", "dir": "h"}, "geometry": {"type": "LineString", "coordinates": [[32.83269452809198, 39.86797876469111], [32.85324051522983, 39.86797876469111]]}}, {"type": "Feature", "properties": {"grid": "5m", "dir": "h"}, "geometry": {"type": "LineString", "coordinates": [[32.83269452809198, 39.868023680249856], [32.85324051522983, 39.868023680249856]]}}, {"type": "Feature", "properties": {"grid": "5m", "dir": "h"}, "geometry": {"type": "LineString", "coordinates": [[32.83269452809198, 39.86806859580861], [32.85324051522983, 39.86806859580861]]}}, {"type": "Feature", "properties": {"grid": "5m", "dir": "h"}, "geometry": {"type": "LineString", "coordinates": [[32.83269452809198, 39.868113511367355], [32.85324051522983, 39.868113511367355]]}}, {"type": "Feature", "properties": {"grid": "5m", "dir": "h"}, "geometry": {"type": "LineString", "coordinates": [[32.83269452809198, 39.86815842692611], [32.85324051522983, 39.86815842692611]]}}, {"type": "Feature", "properties": {"grid": "5m", "dir": "h"}, "geometry": {"type": "LineString", "coordinates": [[32.83269452809198, 39.868203342484854], [32.85324051522983, 39.868203342484854]]}}, {"type": "Feature", "properties": {"grid": "5m", "dir": "h"}, "geometry": {"type": "LineString", "coordinates": [[32.83269452809198, 39.86824825804361], [32.85324051522983, 39.86824825804361]]}}, {"type": "Feature", "properties": {"grid": "5m", "dir": "h"}, "geometry": {"type": "LineString", "coordinates": [[32.83269452809198, 39.86829317360235], [32.85324051522983, 39.86829317360235]]}}, {"type": "Feature", "properties": {"grid": "5m", "dir": "h"}, "geometry": {"type": "LineString", "coordinates": [[32.83269452809198, 39.86833808916111], [32.85324051522983, 39.86833808916111]]}}, {"type": "Feature", "properties": {"grid": "5m", "dir": "h"}, "geometry": {"type": "LineString", "coordinates": [[32.83269452809198, 39.86838300471985], [32.85324051522983, 39.86838300471985]]}}, {"type": "Feature", "properties": {"grid": "5m", "dir": "h"}, "geometry": {"type": "LineString", "coordinates": [[32.83269452809198, 39.8684279202786], [32.85324051522983, 39.8684279202786]]}}, {"type": "Feature", "properties": {"grid": "5m", "dir": "h"}, "geometry": {"type": "LineString", "coordinates": [[32.83269452809198, 39.86847283583735], [32.85324051522983, 39.86847283583735]]}}, {"type": "Feature", "properties": {"grid": "5m", "dir": "h"}, "geometry": {"type": "LineString", "coordinates": [[32.83269452809198, 39.8685177513961], [32.85324051522983, 39.8685177513961]]}}, {"type": "Feature", "properties": {"grid": "5m", "dir": "h"}, "geometry": {"type": "LineString", "coordinates": [[32.83269452809198, 39.86856266695485], [32.85324051522983, 39.86856266695485]]}}, {"type": "Feature", "properties": {"grid": "5m", "dir": "h"}, "geometry": {"type": "LineString", "coordinates": [[32.83269452809198, 39.8686075825136], [32.85324051522983, 39.8686075825136]]}}, {"type": "Feature", "properties": {"grid": "5m", "dir": "h"}, "geometry": {"type": "LineString", "coordinates": [[32.83269452809198, 39.86865249807235], [32.85324051522983, 39.86865249807235]]}}, {"type": "Feature", "properties": {"grid": "5m", "dir": "h"}, "geometry": {"type": "LineString", "coordinates": [[32.83269452809198, 39.8686974136311], [32.85324051522983, 39.8686974136311]]}}, {"type": "Feature", "properties": {"grid": "5m", "dir": "h"}, "geometry": {"type": "LineString", "coordinates": [[32.83269452809198, 39.86874232918985], [32.85324051522983, 39.86874232918985]]}}, {"type": "Feature", "properties": {"grid": "5m", "dir": "h"}, "geometry": {"type": "LineString", "coordinates": [[32.83269452809198, 39.868787244748596], [32.85324051522983, 39.868787244748596]]}}, {"type": "Feature", "properties": {"grid": "5m", "dir": "h"}, "geometry": {"type": "LineString", "coordinates": [[32.83269452809198, 39.86883216030735], [32.85324051522983, 39.86883216030735]]}}, {"type": "Feature", "properties": {"grid": "5m", "dir": "h"}, "geometry": {"type": "LineString", "coordinates": [[32.83269452809198, 39.868877075866095], [32.85324051522983, 39.868877075866095]]}}, {"type": "Feature", "properties": {"grid": "5m", "dir": "h"}, "geometry": {"type": "LineString", "coordinates": [[32.83269452809198, 39.86892199142485], [32.85324051522983, 39.86892199142485]]}}, {"type": "Feature", "properties": {"grid": "5m", "dir": "h"}, "geometry": {"type": "LineString", "coordinates": [[32.83269452809198, 39.868966906983594], [32.85324051522983, 39.868966906983594]]}}, {"type": "Feature", "properties": {"grid": "5m", "dir": "h"}, "geometry": {"type": "LineString", "coordinates": [[32.83269452809198, 39.86901182254235], [32.85324051522983, 39.86901182254235]]}}, {"type": "Feature", "properties": {"grid": "5m", "dir": "h"}, "geometry": {"type": "LineString", "coordinates": [[32.83269452809198, 39.869056738101094], [32.85324051522983, 39.869056738101094]]}}, {"type": "Feature", "properties": {"grid": "5m", "dir": "h"}, "geometry": {"type": "LineString", "coordinates": [[32.83269452809198, 39.86910165365985], [32.85324051522983, 39.86910165365985]]}}, {"type": "Feature", "properties": {"grid": "5m", "dir": "h"}, "geometry": {"type": "LineString", "coordinates": [[32.83269452809198, 39.86914656921859], [32.85324051522983, 39.86914656921859]]}}, {"type": "Feature", "properties": {"grid": "5m", "dir": "h"}, "geometry": {"type": "LineString", "coordinates": [[32.83269452809198, 39.869191484777346], [32.85324051522983, 39.869191484777346]]}}, {"type": "Feature", "properties": {"grid": "5m", "dir": "h"}, "geometry": {"type": "LineString", "coordinates": [[32.83269452809198, 39.86923640033609], [32.85324051522983, 39.86923640033609]]}}, {"type": "Feature", "properties": {"grid": "5m", "dir": "h"}, "geometry": {"type": "LineString", "coordinates": [[32.83269452809198, 39.869281315894845], [32.85324051522983, 39.869281315894845]]}}, {"type": "Feature", "properties": {"grid": "5m", "dir": "h"}, "geometry": {"type": "LineString", "coordinates": [[32.83269452809198, 39.86932623145359], [32.85324051522983, 39.86932623145359]]}}, {"type": "Feature", "properties": {"grid": "5m", "dir": "h"}, "geometry": {"type": "LineString", "coordinates": [[32.83269452809198, 39.869371147012345], [32.85324051522983, 39.869371147012345]]}}, {"type": "Feature", "properties": {"grid": "5m", "dir": "h"}, "geometry": {"type": "LineString", "coordinates": [[32.83269452809198, 39.86941606257109], [32.85324051522983, 39.86941606257109]]}}, {"type": "Feature", "properties": {"grid": "5m", "dir": "h"}, "geometry": {"type": "LineString", "coordinates": [[32.83269452809198, 39.869460978129844], [32.85324051522983, 39.869460978129844]]}}, {"type": "Feature", "properties": {"grid": "5m", "dir": "h"}, "geometry": {"type": "LineString", "coordinates": [[32.83269452809198, 39.86950589368859], [32.85324051522983, 39.86950589368859]]}}, {"type": "Feature", "properties": {"grid": "5m", "dir": "h"}, "geometry": {"type": "LineString", "coordinates": [[32.83269452809198, 39.86955080924734], [32.85324051522983, 39.86955080924734]]}}, {"type": "Feature", "properties": {"grid": "5m", "dir": "h"}, "geometry": {"type": "LineString", "coordinates": [[32.83269452809198, 39.86959572480609], [32.85324051522983, 39.86959572480609]]}}, {"type": "Feature", "properties": {"grid": "5m", "dir": "h"}, "geometry": {"type": "LineString", "coordinates": [[32.83269452809198, 39.86964064036484], [32.85324051522983, 39.86964064036484]]}}, {"type": "Feature", "properties": {"grid": "5m", "dir": "h"}, "geometry": {"type": "LineString", "coordinates": [[32.83269452809198, 39.86968555592359], [32.85324051522983, 39.86968555592359]]}}, {"type": "Feature", "properties": {"grid": "5m", "dir": "h"}, "geometry": {"type": "LineString", "coordinates": [[32.83269452809198, 39.86973047148234], [32.85324051522983, 39.86973047148234]]}}, {"type": "Feature", "properties": {"grid": "5m", "dir": "h"}, "geometry": {"type": "LineString", "coordinates": [[32.83269452809198, 39.86977538704109], [32.85324051522983, 39.86977538704109]]}}, {"type": "Feature", "properties": {"grid": "5m", "dir": "h"}, "geometry": {"type": "LineString", "coordinates": [[32.83269452809198, 39.86982030259984], [32.85324051522983, 39.86982030259984]]}}, {"type": "Feature", "properties": {"grid": "5m", "dir": "h"}, "geometry": {"type": "LineString", "coordinates": [[32.83269452809198, 39.86986521815859], [32.85324051522983, 39.86986521815859]]}}, {"type": "Feature", "properties": {"grid": "5m", "dir": "h"}, "geometry": {"type": "LineString", "coordinates": [[32.83269452809198, 39.86991013371734], [32.85324051522983, 39.86991013371734]]}}, {"type": "Feature", "properties": {"grid": "5m", "dir": "h"}, "geometry": {"type": "LineString", "coordinates": [[32.83269452809198, 39.869955049276086], [32.85324051522983, 39.869955049276086]]}}, {"type": "Feature", "properties": {"grid": "5m", "dir": "h"}, "geometry": {"type": "LineString", "coordinates": [[32.83269452809198, 39.86999996483484], [32.85324051522983, 39.86999996483484]]}}, {"type": "Feature", "properties": {"grid": "5m", "dir": "h"}, "geometry": {"type": "LineString", "coordinates": [[32.83269452809198, 39.870044880393586], [32.85324051522983, 39.870044880393586]]}}, {"type": "Feature", "properties": {"grid": "5m", "dir": "h"}, "geometry": {"type": "LineString", "coordinates": [[32.83269452809198, 39.87008979595234], [32.85324051522983, 39.87008979595234]]}}, {"type": "Feature", "properties": {"grid": "5m", "dir": "h"}, "geometry": {"type": "LineString", "coordinates": [[32.83269452809198, 39.870134711511085], [32.85324051522983, 39.870134711511085]]}}, {"type": "Feature", "properties": {"grid": "5m", "dir": "h"}, "geometry": {"type": "LineString", "coordinates": [[32.83269452809198, 39.87017962706984], [32.85324051522983, 39.87017962706984]]}}, {"type": "Feature", "properties": {"grid": "5m", "dir": "h"}, "geometry": {"type": "LineString", "coordinates": [[32.83269452809198, 39.870224542628584], [32.85324051522983, 39.870224542628584]]}}, {"type": "Feature", "properties": {"grid": "5m", "dir": "h"}, "geometry": {"type": "LineString", "coordinates": [[32.83269452809198, 39.87026945818734], [32.85324051522983, 39.87026945818734]]}}, {"type": "Feature", "properties": {"grid": "5m", "dir": "h"}, "geometry": {"type": "LineString", "coordinates": [[32.83269452809198, 39.87031437374608], [32.85324051522983, 39.87031437374608]]}}, {"type": "Feature", "properties": {"grid": "5m", "dir": "h"}, "geometry": {"type": "LineString", "coordinates": [[32.83269452809198, 39.87035928930483], [32.85324051522983, 39.87035928930483]]}}, {"type": "Feature", "properties": {"grid": "5m", "dir": "h"}, "geometry": {"type": "LineString", "coordinates": [[32.83269452809198, 39.87040420486358], [32.85324051522983, 39.87040420486358]]}}, {"type": "Feature", "properties": {"grid": "5m", "dir": "h"}, "geometry": {"type": "LineString", "coordinates": [[32.83269452809198, 39.87044912042233], [32.85324051522983, 39.87044912042233]]}}, {"type": "Feature", "properties": {"grid": "5m", "dir": "h"}, "geometry": {"type": "LineString", "coordinates": [[32.83269452809198, 39.87049403598108], [32.85324051522983, 39.87049403598108]]}}, {"type": "Feature", "properties": {"grid": "5m", "dir": "h"}, "geometry": {"type": "LineString", "coordinates": [[32.83269452809198, 39.87053895153983], [32.85324051522983, 39.87053895153983]]}}, {"type": "Feature", "properties": {"grid": "5m", "dir": "h"}, "geometry": {"type": "LineString", "coordinates": [[32.83269452809198, 39.87058386709858], [32.85324051522983, 39.87058386709858]]}}, {"type": "Feature", "properties": {"grid": "5m", "dir": "h"}, "geometry": {"type": "LineString", "coordinates": [[32.83269452809198, 39.87062878265733], [32.85324051522983, 39.87062878265733]]}}, {"type": "Feature", "properties": {"grid": "5m", "dir": "h"}, "geometry": {"type": "LineString", "coordinates": [[32.83269452809198, 39.87067369821608], [32.85324051522983, 39.87067369821608]]}}, {"type": "Feature", "properties": {"grid": "5m", "dir": "h"}, "geometry": {"type": "LineString", "coordinates": [[32.83269452809198, 39.87071861377483], [32.85324051522983, 39.87071861377483]]}}, {"type": "Feature", "properties": {"grid": "5m", "dir": "h"}, "geometry": {"type": "LineString", "coordinates": [[32.83269452809198, 39.87076352933358], [32.85324051522983, 39.87076352933358]]}}, {"type": "Feature", "properties": {"grid": "5m", "dir": "h"}, "geometry": {"type": "LineString", "coordinates": [[32.83269452809198, 39.870808444892326], [32.85324051522983, 39.870808444892326]]}}, {"type": "Feature", "properties": {"grid": "5m", "dir": "h"}, "geometry": {"type": "LineString", "coordinates": [[32.83269452809198, 39.87085336045108], [32.85324051522983, 39.87085336045108]]}}, {"type": "Feature", "properties": {"grid": "5m", "dir": "h"}, "geometry": {"type": "LineString", "coordinates": [[32.83269452809198, 39.870898276009825], [32.85324051522983, 39.870898276009825]]}}, {"type": "Feature", "properties": {"grid": "5m", "dir": "h"}, "geometry": {"type": "LineString", "coordinates": [[32.83269452809198, 39.87094319156858], [32.85324051522983, 39.87094319156858]]}}, {"type": "Feature", "properties": {"grid": "5m", "dir": "h"}, "geometry": {"type": "LineString", "coordinates": [[32.83269452809198, 39.870988107127324], [32.85324051522983, 39.870988107127324]]}}, {"type": "Feature", "properties": {"grid": "5m", "dir": "h"}, "geometry": {"type": "LineString", "coordinates": [[32.83269452809198, 39.87103302268608], [32.85324051522983, 39.87103302268608]]}}, {"type": "Feature", "properties": {"grid": "5m", "dir": "h"}, "geometry": {"type": "LineString", "coordinates": [[32.83269452809198, 39.871077938244824], [32.85324051522983, 39.871077938244824]]}}, {"type": "Feature", "properties": {"grid": "5m", "dir": "h"}, "geometry": {"type": "LineString", "coordinates": [[32.83269452809198, 39.87112285380358], [32.85324051522983, 39.87112285380358]]}}, {"type": "Feature", "properties": {"grid": "5m", "dir": "h"}, "geometry": {"type": "LineString", "coordinates": [[32.83269452809198, 39.87116776936232], [32.85324051522983, 39.87116776936232]]}}, {"type": "Feature", "properties": {"grid": "5m", "dir": "h"}, "geometry": {"type": "LineString", "coordinates": [[32.83269452809198, 39.871212684921076], [32.85324051522983, 39.871212684921076]]}}, {"type": "Feature", "properties": {"grid": "5m", "dir": "h"}, "geometry": {"type": "LineString", "coordinates": [[32.83269452809198, 39.87125760047982], [32.85324051522983, 39.87125760047982]]}}, {"type": "Feature", "properties": {"grid": "5m", "dir": "h"}, "geometry": {"type": "LineString", "coordinates": [[32.83269452809198, 39.871302516038575], [32.85324051522983, 39.871302516038575]]}}, {"type": "Feature", "properties": {"grid": "5m", "dir": "h"}, "geometry": {"type": "LineString", "coordinates": [[32.83269452809198, 39.87134743159732], [32.85324051522983, 39.87134743159732]]}}, {"type": "Feature", "properties": {"grid": "5m", "dir": "h"}, "geometry": {"type": "LineString", "coordinates": [[32.83269452809198, 39.871392347156075], [32.85324051522983, 39.871392347156075]]}}, {"type": "Feature", "properties": {"grid": "5m", "dir": "h"}, "geometry": {"type": "LineString", "coordinates": [[32.83269452809198, 39.87143726271482], [32.85324051522983, 39.87143726271482]]}}, {"type": "Feature", "properties": {"grid": "5m", "dir": "h"}, "geometry": {"type": "LineString", "coordinates": [[32.83269452809198, 39.871482178273574], [32.85324051522983, 39.871482178273574]]}}, {"type": "Feature", "properties": {"grid": "5m", "dir": "h"}, "geometry": {"type": "LineString", "coordinates": [[32.83269452809198, 39.87152709383232], [32.85324051522983, 39.87152709383232]]}}, {"type": "Feature", "properties": {"grid": "5m", "dir": "h"}, "geometry": {"type": "LineString", "coordinates": [[32.83269452809198, 39.87157200939107], [32.85324051522983, 39.87157200939107]]}}, {"type": "Feature", "properties": {"grid": "5m", "dir": "h"}, "geometry": {"type": "LineString", "coordinates": [[32.83269452809198, 39.87161692494982], [32.85324051522983, 39.87161692494982]]}}, {"type": "Feature", "properties": {"grid": "5m", "dir": "h"}, "geometry": {"type": "LineString", "coordinates": [[32.83269452809198, 39.87166184050857], [32.85324051522983, 39.87166184050857]]}}, {"type": "Feature", "properties": {"grid": "5m", "dir": "h"}, "geometry": {"type": "LineString", "coordinates": [[32.83269452809198, 39.87170675606732], [32.85324051522983, 39.87170675606732]]}}, {"type": "Feature", "properties": {"grid": "5m", "dir": "h"}, "geometry": {"type": "LineString", "coordinates": [[32.83269452809198, 39.87175167162607], [32.85324051522983, 39.87175167162607]]}}, {"type": "Feature", "properties": {"grid": "5m", "dir": "h"}, "geometry": {"type": "LineString", "coordinates": [[32.83269452809198, 39.87179658718482], [32.85324051522983, 39.87179658718482]]}}, {"type": "Feature", "properties": {"grid": "5m", "dir": "h"}, "geometry": {"type": "LineString", "coordinates": [[32.83269452809198, 39.87184150274357], [32.85324051522983, 39.87184150274357]]}}, {"type": "Feature", "properties": {"grid": "5m", "dir": "h"}, "geometry": {"type": "LineString", "coordinates": [[32.83269452809198, 39.87188641830232], [32.85324051522983, 39.87188641830232]]}}, {"type": "Feature", "properties": {"grid": "5m", "dir": "h"}, "geometry": {"type": "LineString", "coordinates": [[32.83269452809198, 39.87193133386107], [32.85324051522983, 39.87193133386107]]}}, {"type": "Feature", "properties": {"grid": "5m", "dir": "h"}, "geometry": {"type": "LineString", "coordinates": [[32.83269452809198, 39.871976249419816], [32.85324051522983, 39.871976249419816]]}}, {"type": "Feature", "properties": {"grid": "5m", "dir": "h"}, "geometry": {"type": "LineString", "coordinates": [[32.83269452809198, 39.87202116497857], [32.85324051522983, 39.87202116497857]]}}, {"type": "Feature", "properties": {"grid": "5m", "dir": "h"}, "geometry": {"type": "LineString", "coordinates": [[32.83269452809198, 39.872066080537316], [32.85324051522983, 39.872066080537316]]}}, {"type": "Feature", "properties": {"grid": "5m", "dir": "h"}, "geometry": {"type": "LineString", "coordinates": [[32.83269452809198, 39.87211099609607], [32.85324051522983, 39.87211099609607]]}}, {"type": "Feature", "properties": {"grid": "5m", "dir": "h"}, "geometry": {"type": "LineString", "coordinates": [[32.83269452809198, 39.872155911654815], [32.85324051522983, 39.872155911654815]]}}, {"type": "Feature", "properties": {"grid": "5m", "dir": "h"}, "geometry": {"type": "LineString", "coordinates": [[32.83269452809198, 39.87220082721356], [32.85324051522983, 39.87220082721356]]}}, {"type": "Feature", "properties": {"grid": "5m", "dir": "h"}, "geometry": {"type": "LineString", "coordinates": [[32.83269452809198, 39.872245742772314], [32.85324051522983, 39.872245742772314]]}}, {"type": "Feature", "properties": {"grid": "5m", "dir": "h"}, "geometry": {"type": "LineString", "coordinates": [[32.83269452809198, 39.87229065833106], [32.85324051522983, 39.87229065833106]]}}, {"type": "Feature", "properties": {"grid": "5m", "dir": "h"}, "geometry": {"type": "LineString", "coordinates": [[32.83269452809198, 39.87233557388981], [32.85324051522983, 39.87233557388981]]}}, {"type": "Feature", "properties": {"grid": "5m", "dir": "h"}, "geometry": {"type": "LineString", "coordinates": [[32.83269452809198, 39.87238048944856], [32.85324051522983, 39.87238048944856]]}}, {"type": "Feature", "properties": {"grid": "5m", "dir": "h"}, "geometry": {"type": "LineString", "coordinates": [[32.83269452809198, 39.87242540500731], [32.85324051522983, 39.87242540500731]]}}, {"type": "Feature", "properties": {"grid": "5m", "dir": "h"}, "geometry": {"type": "LineString", "coordinates": [[32.83269452809198, 39.87247032056606], [32.85324051522983, 39.87247032056606]]}}, {"type": "Feature", "properties": {"grid": "5m", "dir": "h"}, "geometry": {"type": "LineString", "coordinates": [[32.83269452809198, 39.87251523612481], [32.85324051522983, 39.87251523612481]]}}, {"type": "Feature", "properties": {"grid": "5m", "dir": "h"}, "geometry": {"type": "LineString", "coordinates": [[32.83269452809198, 39.87256015168356], [32.85324051522983, 39.87256015168356]]}}, {"type": "Feature", "properties": {"grid": "5m", "dir": "h"}, "geometry": {"type": "LineString", "coordinates": [[32.83269452809198, 39.87260506724231], [32.85324051522983, 39.87260506724231]]}}, {"type": "Feature", "properties": {"grid": "5m", "dir": "h"}, "geometry": {"type": "LineString", "coordinates": [[32.83269452809198, 39.87264998280106], [32.85324051522983, 39.87264998280106]]}}, {"type": "Feature", "properties": {"grid": "5m", "dir": "h"}, "geometry": {"type": "LineString", "coordinates": [[32.83269452809198, 39.87269489835981], [32.85324051522983, 39.87269489835981]]}}, {"type": "Feature", "properties": {"grid": "5m", "dir": "h"}, "geometry": {"type": "LineString", "coordinates": [[32.83269452809198, 39.87273981391856], [32.85324051522983, 39.87273981391856]]}}, {"type": "Feature", "properties": {"grid": "5m", "dir": "h"}, "geometry": {"type": "LineString", "coordinates": [[32.83269452809198, 39.87278472947731], [32.85324051522983, 39.87278472947731]]}}, {"type": "Feature", "properties": {"grid": "5m", "dir": "h"}, "geometry": {"type": "LineString", "coordinates": [[32.83269452809198, 39.872829645036056], [32.85324051522983, 39.872829645036056]]}}, {"type": "Feature", "properties": {"grid": "5m", "dir": "h"}, "geometry": {"type": "LineString", "coordinates": [[32.83269452809198, 39.87287456059481], [32.85324051522983, 39.87287456059481]]}}, {"type": "Feature", "properties": {"grid": "5m", "dir": "h"}, "geometry": {"type": "LineString", "coordinates": [[32.83269452809198, 39.872919476153555], [32.85324051522983, 39.872919476153555]]}}, {"type": "Feature", "properties": {"grid": "5m", "dir": "h"}, "geometry": {"type": "LineString", "coordinates": [[32.83269452809198, 39.87296439171231], [32.85324051522983, 39.87296439171231]]}}, {"type": "Feature", "properties": {"grid": "5m", "dir": "h"}, "geometry": {"type": "LineString", "coordinates": [[32.83269452809198, 39.873009307271055], [32.85324051522983, 39.873009307271055]]}}, {"type": "Feature", "properties": {"grid": "5m", "dir": "h"}, "geometry": {"type": "LineString", "coordinates": [[32.83269452809198, 39.87305422282981], [32.85324051522983, 39.87305422282981]]}}, {"type": "Feature", "properties": {"grid": "5m", "dir": "h"}, "geometry": {"type": "LineString", "coordinates": [[32.83269452809198, 39.873099138388554], [32.85324051522983, 39.873099138388554]]}}, {"type": "Feature", "properties": {"grid": "5m", "dir": "h"}, "geometry": {"type": "LineString", "coordinates": [[32.83269452809198, 39.87314405394731], [32.85324051522983, 39.87314405394731]]}}, {"type": "Feature", "properties": {"grid": "5m", "dir": "h"}, "geometry": {"type": "LineString", "coordinates": [[32.83269452809198, 39.87318896950605], [32.85324051522983, 39.87318896950605]]}}, {"type": "Feature", "properties": {"grid": "5m", "dir": "h"}, "geometry": {"type": "LineString", "coordinates": [[32.83269452809198, 39.873233885064806], [32.85324051522983, 39.873233885064806]]}}, {"type": "Feature", "properties": {"grid": "5m", "dir": "h"}, "geometry": {"type": "LineString", "coordinates": [[32.83269452809198, 39.87327880062355], [32.85324051522983, 39.87327880062355]]}}, {"type": "Feature", "properties": {"grid": "5m", "dir": "h"}, "geometry": {"type": "LineString", "coordinates": [[32.83269452809198, 39.873323716182306], [32.85324051522983, 39.873323716182306]]}}, {"type": "Feature", "properties": {"grid": "5m", "dir": "h"}, "geometry": {"type": "LineString", "coordinates": [[32.83269452809198, 39.87336863174105], [32.85324051522983, 39.87336863174105]]}}, {"type": "Feature", "properties": {"grid": "5m", "dir": "h"}, "geometry": {"type": "LineString", "coordinates": [[32.83269452809198, 39.873413547299805], [32.85324051522983, 39.873413547299805]]}}, {"type": "Feature", "properties": {"grid": "5m", "dir": "h"}, "geometry": {"type": "LineString", "coordinates": [[32.83269452809198, 39.87345846285855], [32.85324051522983, 39.87345846285855]]}}, {"type": "Feature", "properties": {"grid": "5m", "dir": "h"}, "geometry": {"type": "LineString", "coordinates": [[32.83269452809198, 39.873503378417304], [32.85324051522983, 39.873503378417304]]}}, {"type": "Feature", "properties": {"grid": "5m", "dir": "h"}, "geometry": {"type": "LineString", "coordinates": [[32.83269452809198, 39.87354829397605], [32.85324051522983, 39.87354829397605]]}}, {"type": "Feature", "properties": {"grid": "5m", "dir": "h"}, "geometry": {"type": "LineString", "coordinates": [[32.83269452809198, 39.8735932095348], [32.85324051522983, 39.8735932095348]]}}, {"type": "Feature", "properties": {"grid": "5m", "dir": "h"}, "geometry": {"type": "LineString", "coordinates": [[32.83269452809198, 39.87363812509355], [32.85324051522983, 39.87363812509355]]}}, {"type": "Feature", "properties": {"grid": "5m", "dir": "h"}, "geometry": {"type": "LineString", "coordinates": [[32.83269452809198, 39.8736830406523], [32.85324051522983, 39.8736830406523]]}}, {"type": "Feature", "properties": {"grid": "5m", "dir": "h"}, "geometry": {"type": "LineString", "coordinates": [[32.83269452809198, 39.87372795621105], [32.85324051522983, 39.87372795621105]]}}, {"type": "Feature", "properties": {"grid": "5m", "dir": "h"}, "geometry": {"type": "LineString", "coordinates": [[32.83269452809198, 39.8737728717698], [32.85324051522983, 39.8737728717698]]}}, {"type": "Feature", "properties": {"grid": "5m", "dir": "h"}, "geometry": {"type": "LineString", "coordinates": [[32.83269452809198, 39.87381778732855], [32.85324051522983, 39.87381778732855]]}}, {"type": "Feature", "properties": {"grid": "5m", "dir": "h"}, "geometry": {"type": "LineString", "coordinates": [[32.83269452809198, 39.8738627028873], [32.85324051522983, 39.8738627028873]]}}, {"type": "Feature", "properties": {"grid": "5m", "dir": "h"}, "geometry": {"type": "LineString", "coordinates": [[32.83269452809198, 39.87390761844605], [32.85324051522983, 39.87390761844605]]}}, {"type": "Feature", "properties": {"grid": "5m", "dir": "h"}, "geometry": {"type": "LineString", "coordinates": [[32.83269452809198, 39.8739525340048], [32.85324051522983, 39.8739525340048]]}}, {"type": "Feature", "properties": {"grid": "5m", "dir": "h"}, "geometry": {"type": "LineString", "coordinates": [[32.83269452809198, 39.87399744956355], [32.85324051522983, 39.87399744956355]]}}, {"type": "Feature", "properties": {"grid": "5m", "dir": "h"}, "geometry": {"type": "LineString", "coordinates": [[32.83269452809198, 39.87404236512229], [32.85324051522983, 39.87404236512229]]}}, {"type": "Feature", "properties": {"grid": "5m", "dir": "h"}, "geometry": {"type": "LineString", "coordinates": [[32.83269452809198, 39.874087280681046], [32.85324051522983, 39.874087280681046]]}}, {"type": "Feature", "properties": {"grid": "5m", "dir": "h"}, "geometry": {"type": "LineString", "coordinates": [[32.83269452809198, 39.87413219623979], [32.85324051522983, 39.87413219623979]]}}, {"type": "Feature", "properties": {"grid": "5m", "dir": "h"}, "geometry": {"type": "LineString", "coordinates": [[32.83269452809198, 39.874177111798545], [32.85324051522983, 39.874177111798545]]}}, {"type": "Feature", "properties": {"grid": "5m", "dir": "h"}, "geometry": {"type": "LineString", "coordinates": [[32.83269452809198, 39.87422202735729], [32.85324051522983, 39.87422202735729]]}}, {"type": "Feature", "properties": {"grid": "5m", "dir": "h"}, "geometry": {"type": "LineString", "coordinates": [[32.83269452809198, 39.874266942916044], [32.85324051522983, 39.874266942916044]]}}, {"type": "Feature", "properties": {"grid": "5m", "dir": "h"}, "geometry": {"type": "LineString", "coordinates": [[32.83269452809198, 39.87431185847479], [32.85324051522983, 39.87431185847479]]}}, {"type": "Feature", "properties": {"grid": "5m", "dir": "h"}, "geometry": {"type": "LineString", "coordinates": [[32.83269452809198, 39.874356774033544], [32.85324051522983, 39.874356774033544]]}}, {"type": "Feature", "properties": {"grid": "5m", "dir": "h"}, "geometry": {"type": "LineString", "coordinates": [[32.83269452809198, 39.87440168959229], [32.85324051522983, 39.87440168959229]]}}, {"type": "Feature", "properties": {"grid": "5m", "dir": "h"}, "geometry": {"type": "LineString", "coordinates": [[32.83269452809198, 39.87444660515104], [32.85324051522983, 39.87444660515104]]}}, {"type": "Feature", "properties": {"grid": "5m", "dir": "h"}, "geometry": {"type": "LineString", "coordinates": [[32.83269452809198, 39.87449152070979], [32.85324051522983, 39.87449152070979]]}}, {"type": "Feature", "properties": {"grid": "5m", "dir": "h"}, "geometry": {"type": "LineString", "coordinates": [[32.83269452809198, 39.87453643626854], [32.85324051522983, 39.87453643626854]]}}, {"type": "Feature", "properties": {"grid": "5m", "dir": "h"}, "geometry": {"type": "LineString", "coordinates": [[32.83269452809198, 39.87458135182729], [32.85324051522983, 39.87458135182729]]}}, {"type": "Feature", "properties": {"grid": "5m", "dir": "h"}, "geometry": {"type": "LineString", "coordinates": [[32.83269452809198, 39.87462626738604], [32.85324051522983, 39.87462626738604]]}}, {"type": "Feature", "properties": {"grid": "5m", "dir": "h"}, "geometry": {"type": "LineString", "coordinates": [[32.83269452809198, 39.87467118294479], [32.85324051522983, 39.87467118294479]]}}, {"type": "Feature", "properties": {"grid": "5m", "dir": "h"}, "geometry": {"type": "LineString", "coordinates": [[32.83269452809198, 39.87471609850354], [32.85324051522983, 39.87471609850354]]}}, {"type": "Feature", "properties": {"grid": "5m", "dir": "h"}, "geometry": {"type": "LineString", "coordinates": [[32.83269452809198, 39.87476101406229], [32.85324051522983, 39.87476101406229]]}}, {"type": "Feature", "properties": {"grid": "5m", "dir": "h"}, "geometry": {"type": "LineString", "coordinates": [[32.83269452809198, 39.87480592962104], [32.85324051522983, 39.87480592962104]]}}, {"type": "Feature", "properties": {"grid": "5m", "dir": "h"}, "geometry": {"type": "LineString", "coordinates": [[32.83269452809198, 39.874850845179786], [32.85324051522983, 39.874850845179786]]}}, {"type": "Feature", "properties": {"grid": "5m", "dir": "h"}, "geometry": {"type": "LineString", "coordinates": [[32.83269452809198, 39.87489576073854], [32.85324051522983, 39.87489576073854]]}}, {"type": "Feature", "properties": {"grid": "5m", "dir": "h"}, "geometry": {"type": "LineString", "coordinates": [[32.83269452809198, 39.874940676297285], [32.85324051522983, 39.874940676297285]]}}, {"type": "Feature", "properties": {"grid": "5m", "dir": "h"}, "geometry": {"type": "LineString", "coordinates": [[32.83269452809198, 39.87498559185604], [32.85324051522983, 39.87498559185604]]}}, {"type": "Feature", "properties": {"grid": "5m", "dir": "h"}, "geometry": {"type": "LineString", "coordinates": [[32.83269452809198, 39.875030507414785], [32.85324051522983, 39.875030507414785]]}}, {"type": "Feature", "properties": {"grid": "5m", "dir": "h"}, "geometry": {"type": "LineString", "coordinates": [[32.83269452809198, 39.87507542297354], [32.85324051522983, 39.87507542297354]]}}, {"type": "Feature", "properties": {"grid": "5m", "dir": "h"}, "geometry": {"type": "LineString", "coordinates": [[32.83269452809198, 39.875120338532284], [32.85324051522983, 39.875120338532284]]}}, {"type": "Feature", "properties": {"grid": "5m", "dir": "h"}, "geometry": {"type": "LineString", "coordinates": [[32.83269452809198, 39.87516525409104], [32.85324051522983, 39.87516525409104]]}}, {"type": "Feature", "properties": {"grid": "5m", "dir": "h"}, "geometry": {"type": "LineString", "coordinates": [[32.83269452809198, 39.87521016964978], [32.85324051522983, 39.87521016964978]]}}, {"type": "Feature", "properties": {"grid": "5m", "dir": "h"}, "geometry": {"type": "LineString", "coordinates": [[32.83269452809198, 39.875255085208536], [32.85324051522983, 39.875255085208536]]}}, {"type": "Feature", "properties": {"grid": "5m", "dir": "h"}, "geometry": {"type": "LineString", "coordinates": [[32.83269452809198, 39.87530000076728], [32.85324051522983, 39.87530000076728]]}}, {"type": "Feature", "properties": {"grid": "5m", "dir": "h"}, "geometry": {"type": "LineString", "coordinates": [[32.83269452809198, 39.875344916326036], [32.85324051522983, 39.875344916326036]]}}, {"type": "Feature", "properties": {"grid": "5m", "dir": "h"}, "geometry": {"type": "LineString", "coordinates": [[32.83269452809198, 39.87538983188478], [32.85324051522983, 39.87538983188478]]}}, {"type": "Feature", "properties": {"grid": "5m", "dir": "h"}, "geometry": {"type": "LineString", "coordinates": [[32.83269452809198, 39.87540839730448], [32.85324051522983, 39.87540839730448]]}}, {"type": "Feature", "properties": {"grid": "5m", "dir": "h"}, "geometry": {"type": "LineString", "coordinates": [[32.83269452809198, 39.87540839730448], [32.85324051522983, 39.87540839730448]]}}]}