{"type": "FeatureCollection", "features": [{"type": "Feature", "properties": {}, "geometry": {"type": "Polygon", "coordinates": [[[32.85735, 39.86787], [32.85743, 39.86785], [32.85756, 39.86777], [32.85748, 39.8677], [32.85742, 39.86773], [32.85737, 39.86772], [32.85733, 39.86767], [32.85722, 39.8677], [32.85729, 39.86783], [32.85735, 39.86787]]]}}, {"type": "Feature", "properties": {}, "geometry": {"type": "Polygon", "coordinates": [[[32.84723, 39.85459], [32.84744, 39.85459], [32.84744, 39.85445], [32.84742, 39.85445], [32.84743, 39.85431], [32.84723, 39.85431], [32.84723, 39.85459]]]}}, {"type": "Feature", "properties": {}, "geometry": {"type": "Polygon", "coordinates": [[[32.85136, 39.8687], [32.85126, 39.86887], [32.85155, 39.86895], [32.85166, 39.86879], [32.85136, 39.8687]]]}}, {"type": "Feature", "properties": {}, "geometry": {"type": "Polygon", "coordinates": [[[32.82663, 39.84717], [32.82674, 39.84705], [32.82686, 39.84712], [32.82701, 39.84708], [32.82709, 39.84719], [32.82691, 39.84726], [32.82688, 39.84727], [32.82685, 39.84727], [32.82682, 39.84726], [32.82679, 39.84725], [32.82663, 39.84717]]]}}, {"type": "Feature", "properties": {}, "geometry": {"type": "Polygon", "coordinates": [[[32.85046, 39.86729], [32.85072, 39.86747], [32.85089, 39.86733], [32.85063, 39.86715], [32.85046, 39.86729]]]}}, {"type": "Feature", "properties": {}, "geometry": {"type": "Polygon", "coordinates": [[[32.84561, 39.87301], [32.84573, 39.87306], [32.84587, 39.87285], [32.84575, 39.8728], [32.84561, 39.87301]]]}}, {"type": "Feature", "properties": {}, "geometry": {"type": "Polygon", "coordinates": [[[32.84718, 39.87388], [32.8473, 39.87399], [32.84754, 39.87383], [32.84742, 39.87372], [32.84718, 39.87388]]]}}, {"type": "Feature", "properties": {}, "geometry": {"type": "Polygon", "coordinates": [[[32.84577, 39.87307], [32.8459, 39.87312], [32.84604, 39.87291], [32.84591, 39.87286], [32.84577, 39.87307]]]}}, {"type": "Feature", "properties": {}, "geometry": {"type": "Polygon", "coordinates": [[[32.84738, 39.87408], [32.84748, 39.87418], [32.84774, 39.87403], [32.84764, 39.87393], [32.84738, 39.87408]]]}}, {"type": "Feature", "properties": {}, "geometry": {"type": "Polygon", "coordinates": [[[32.84627, 39.87327], [32.84641, 39.87334], [32.84657, 39.87314], [32.84643, 39.87307], [32.84627, 39.87327]]]}}, {"type": "Feature", "properties": {}, "geometry": {"type": "Polygon", "coordinates": [[[32.8475, 39.87421], [32.84759, 39.87429], [32.84785, 39.87414], [32.84776, 39.87405], [32.8475, 39.87421]]]}}, {"type": "Feature", "properties": {}, "geometry": {"type": "Polygon", "coordinates": [[[32.84762, 39.87432], [32.84771, 39.87441], [32.84796, 39.87426], [32.84787, 39.87417], [32.84762, 39.87432]]]}}, {"type": "Feature", "properties": {}, "geometry": {"type": "Polygon", "coordinates": [[[32.84774, 39.87443], [32.84783, 39.87452], [32.84808, 39.87438], [32.84799, 39.87428], [32.84774, 39.87443]]]}}, {"type": "Feature", "properties": {}, "geometry": {"type": "Polygon", "coordinates": [[[32.84643, 39.87335], [32.84654, 39.87342], [32.84675, 39.87323], [32.84663, 39.87316], [32.84643, 39.87335]]]}}, {"type": "Feature", "properties": {}, "geometry": {"type": "Polygon", "coordinates": [[[32.84658, 39.87343], [32.8467, 39.87351], [32.84689, 39.87333], [32.84677, 39.87325], [32.84658, 39.87343]]]}}, {"type": "Feature", "properties": {}, "geometry": {"type": "Polygon", "coordinates": [[[32.84639, 39.87472], [32.84656, 39.87491], [32.8468, 39.87478], [32.84662, 39.87459], [32.84639, 39.87472]]]}}, {"type": "Feature", "properties": {}, "geometry": {"type": "Polygon", "coordinates": [[[32.84443, 39.8726], [32.84454, 39.87264], [32.84468, 39.87243], [32.84456, 39.87239], [32.84443, 39.8726]]]}}, {"type": "Feature", "properties": {}, "geometry": {"type": "Polygon", "coordinates": [[[32.84672, 39.87353], [32.84684, 39.87361], [32.84705, 39.87343], [32.84694, 39.87335], [32.84672, 39.87353]]]}}, {"type": "Feature", "properties": {}, "geometry": {"type": "Polygon", "coordinates": [[[32.84668, 39.87456], [32.84686, 39.87476], [32.84696, 39.8747], [32.84679, 39.87451], [32.84668, 39.87456]]]}}, {"type": "Feature", "properties": {}, "geometry": {"type": "Polygon", "coordinates": [[[32.84411, 39.87249], [32.84434, 39.87257], [32.84447, 39.87236], [32.84424, 39.87227], [32.84411, 39.87249]]]}}, {"type": "Feature", "properties": {}, "geometry": {"type": "Polygon", "coordinates": [[[32.84687, 39.87363], [32.847, 39.87373], [32.84722, 39.87356], [32.84708, 39.87346], [32.84687, 39.87363]]]}}, {"type": "Feature", "properties": {}, "geometry": {"type": "Polygon", "coordinates": [[[32.84697, 39.87454], [32.84723, 39.87442], [32.84716, 39.87432], [32.8469, 39.87445], [32.84697, 39.87454]]]}}, {"type": "Feature", "properties": {}, "geometry": {"type": "Polygon", "coordinates": [[[32.84545, 39.87296], [32.84557, 39.873], [32.8457, 39.87278], [32.84558, 39.87274], [32.84545, 39.87296]]]}}, {"type": "Feature", "properties": {}, "geometry": {"type": "Polygon", "coordinates": [[[32.84703, 39.87375], [32.84716, 39.87386], [32.84738, 39.87369], [32.84725, 39.87359], [32.84703, 39.87375]]]}}, {"type": "Feature", "properties": {}, "geometry": {"type": "Polygon", "coordinates": [[[32.84707, 39.87469], [32.84734, 39.87457], [32.84725, 39.87446], [32.84699, 39.87458], [32.84707, 39.87469]]]}}, {"type": "Feature", "properties": {}, "geometry": {"type": "Polygon", "coordinates": [[[32.83359, 39.87436], [32.83383, 39.87427], [32.83375, 39.87414], [32.83351, 39.87424], [32.83359, 39.87436]]]}}, {"type": "Feature", "properties": {}, "geometry": {"type": "Polygon", "coordinates": [[[32.83365, 39.87446], [32.8339, 39.87436], [32.83383, 39.87427], [32.83359, 39.87436], [32.83365, 39.87446]]]}}, {"type": "Feature", "properties": {}, "geometry": {"type": "Polygon", "coordinates": [[[32.83314, 39.87441], [32.83326, 39.87457], [32.83351, 39.87445], [32.83339, 39.8743], [32.83314, 39.87441]]]}}, {"type": "Feature", "properties": {}, "geometry": {"type": "Polygon", "coordinates": [[[32.83372, 39.87456], [32.83396, 39.87447], [32.8339, 39.87436], [32.83365, 39.87446], [32.83372, 39.87456]]]}}, {"type": "Feature", "properties": {}, "geometry": {"type": "Polygon", "coordinates": [[[32.83454, 39.87419], [32.83477, 39.87445], [32.83497, 39.87435], [32.83495, 39.87433], [32.83498, 39.87432], [32.83493, 39.87426], [32.83497, 39.87424], [32.83482, 39.87407], [32.83476, 39.8741], [32.83475, 39.87409], [32.83454, 39.87419]]]}}, {"type": "Feature", "properties": {}, "geometry": {"type": "Polygon", "coordinates": [[[32.83386, 39.87351], [32.83402, 39.87346], [32.83391, 39.87325], [32.83375, 39.87331], [32.83386, 39.87351]]]}}, {"type": "Feature", "properties": {}, "geometry": {"type": "Polygon", "coordinates": [[[32.83206, 39.87364], [32.83234, 39.87383], [32.83253, 39.87365], [32.83225, 39.87347], [32.83206, 39.87364]]]}}, {"type": "Feature", "properties": {}, "geometry": {"type": "Polygon", "coordinates": [[[32.83488, 39.87201], [32.83501, 39.87211], [32.8352, 39.87198], [32.83507, 39.87188], [32.83488, 39.87201]]]}}, {"type": "Feature", "properties": {}, "geometry": {"type": "Polygon", "coordinates": [[[32.83679, 39.87417], [32.83697, 39.87423], [32.83709, 39.87402], [32.83691, 39.87396], [32.83679, 39.87417]]]}}, {"type": "Feature", "properties": {}, "geometry": {"type": "Polygon", "coordinates": [[[32.83285, 39.87264], [32.83298, 39.87273], [32.83312, 39.8726], [32.833, 39.87252], [32.83285, 39.87264]]]}}, {"type": "Feature", "properties": {}, "geometry": {"type": "Polygon", "coordinates": [[[32.83316, 39.87206], [32.83331, 39.87219], [32.83351, 39.87205], [32.83335, 39.87192], [32.83316, 39.87206]]]}}, {"type": "Feature", "properties": {}, "geometry": {"type": "Polygon", "coordinates": [[[32.83616, 39.8739], [32.83632, 39.87398], [32.83649, 39.87379], [32.83633, 39.8737], [32.83616, 39.8739]]]}}, {"type": "Feature", "properties": {}, "geometry": {"type": "Polygon", "coordinates": [[[32.83337, 39.87228], [32.83352, 39.87239], [32.83367, 39.87227], [32.83352, 39.87216], [32.83337, 39.87228]]]}}, {"type": "Feature", "properties": {}, "geometry": {"type": "Polygon", "coordinates": [[[32.83891, 39.87481], [32.839, 39.87504], [32.83918, 39.875], [32.83909, 39.87477], [32.83891, 39.87481]]]}}, {"type": "Feature", "properties": {}, "geometry": {"type": "Polygon", "coordinates": [[[32.83309, 39.87245], [32.83318, 39.87254], [32.83334, 39.87244], [32.83325, 39.87235], [32.83309, 39.87245]]]}}, {"type": "Feature", "properties": {}, "geometry": {"type": "Polygon", "coordinates": [[[32.83364, 39.87208], [32.8338, 39.8722], [32.83395, 39.87208], [32.8338, 39.87196], [32.83364, 39.87208]]]}}, {"type": "Feature", "properties": {}, "geometry": {"type": "Polygon", "coordinates": [[[32.83602, 39.87425], [32.83616, 39.87432], [32.83631, 39.87411], [32.83618, 39.87405], [32.83602, 39.87425]]]}}, {"type": "Feature", "properties": {}, "geometry": {"type": "Polygon", "coordinates": [[[32.83777, 39.87397], [32.8381, 39.87397], [32.83811, 39.87373], [32.83778, 39.87373], [32.83777, 39.87397]]]}}, {"type": "Feature", "properties": {}, "geometry": {"type": "Polygon", "coordinates": [[[32.83322, 39.87294], [32.83339, 39.87304], [32.83349, 39.87295], [32.83333, 39.87284], [32.83322, 39.87294]]]}}, {"type": "Feature", "properties": {}, "geometry": {"type": "Polygon", "coordinates": [[[32.83355, 39.87243], [32.83371, 39.87256], [32.83392, 39.87242], [32.83376, 39.87228], [32.83355, 39.87243]]]}}, {"type": "Feature", "properties": {}, "geometry": {"type": "Polygon", "coordinates": [[[32.8352, 39.8737], [32.83546, 39.87388], [32.83561, 39.87374], [32.83536, 39.87357], [32.8352, 39.8737]]]}}, {"type": "Feature", "properties": {}, "geometry": {"type": "Polygon", "coordinates": [[[32.83354, 39.8737], [32.83327, 39.87377], [32.83338, 39.87402], [32.83363, 39.87391], [32.83354, 39.8737]]]}}, {"type": "Feature", "properties": {}, "geometry": {"type": "Polygon", "coordinates": [[[32.83357, 39.87288], [32.8338, 39.87308], [32.83393, 39.87299], [32.83369, 39.87279], [32.83357, 39.87288]]]}}, {"type": "Feature", "properties": {}, "geometry": {"type": "Polygon", "coordinates": [[[32.83637, 39.874], [32.83653, 39.87407], [32.83668, 39.87387], [32.83653, 39.87381], [32.83637, 39.874]]]}}, {"type": "Feature", "properties": {}, "geometry": {"type": "Polygon", "coordinates": [[[32.83417, 39.87414], [32.83441, 39.87404], [32.83432, 39.8739], [32.83407, 39.874], [32.83417, 39.87414]]]}}, {"type": "Feature", "properties": {}, "geometry": {"type": "Polygon", "coordinates": [[[32.83464, 39.87486], [32.8349, 39.87473], [32.83481, 39.87463], [32.83455, 39.87475], [32.83464, 39.87486]]]}}, {"type": "Feature", "properties": {}, "geometry": {"type": "Polygon", "coordinates": [[[32.83242, 39.8742], [32.8326, 39.87439], [32.83274, 39.87431], [32.83256, 39.87413], [32.83242, 39.8742]]]}}, {"type": "Feature", "properties": {}, "geometry": {"type": "Polygon", "coordinates": [[[32.83499, 39.87465], [32.83525, 39.87453], [32.83516, 39.87443], [32.83491, 39.87455], [32.83499, 39.87465]]]}}, {"type": "Feature", "properties": {}, "geometry": {"type": "Polygon", "coordinates": [[[32.83509, 39.87262], [32.83525, 39.87273], [32.83541, 39.87259], [32.83525, 39.87249], [32.83509, 39.87262]]]}}, {"type": "Feature", "properties": {}, "geometry": {"type": "Polygon", "coordinates": [[[32.83533, 39.87505], [32.83557, 39.87493], [32.83539, 39.87472], [32.83514, 39.87484], [32.83533, 39.87505]]]}}, {"type": "Feature", "properties": {}, "geometry": {"type": "Polygon", "coordinates": [[[32.83715, 39.87463], [32.83744, 39.87467], [32.83747, 39.87446], [32.83722, 39.87443], [32.83715, 39.87463]]]}}, {"type": "Feature", "properties": {}, "geometry": {"type": "Polygon", "coordinates": [[[32.83441, 39.87207], [32.83455, 39.87218], [32.83474, 39.87203], [32.8346, 39.87192], [32.83441, 39.87207]]]}}, {"type": "Feature", "properties": {}, "geometry": {"type": "Polygon", "coordinates": [[[32.83858, 39.87395], [32.83874, 39.87392], [32.83868, 39.87369], [32.83853, 39.87372], [32.83858, 39.87395]]]}}, {"type": "Feature", "properties": {}, "geometry": {"type": "Polygon", "coordinates": [[[32.83804, 39.8749], [32.83805, 39.87512], [32.83821, 39.87512], [32.8382, 39.87489], [32.83804, 39.8749]]]}}, {"type": "Feature", "properties": {}, "geometry": {"type": "Polygon", "coordinates": [[[32.83455, 39.87174], [32.83468, 39.87185], [32.83488, 39.87171], [32.83474, 39.8716], [32.83455, 39.87174]]]}}, {"type": "Feature", "properties": {}, "geometry": {"type": "Polygon", "coordinates": [[[32.83605, 39.87509], [32.83633, 39.87519], [32.83647, 39.87498], [32.83619, 39.87487], [32.83605, 39.87509]]]}}, {"type": "Feature", "properties": {}, "geometry": {"type": "Polygon", "coordinates": [[[32.83427, 39.87309], [32.83449, 39.87326], [32.8347, 39.8731], [32.83448, 39.87293], [32.83427, 39.87309]]]}}, {"type": "Feature", "properties": {}, "geometry": {"type": "Polygon", "coordinates": [[[32.83393, 39.87313], [32.83407, 39.87318], [32.83411, 39.87311], [32.83397, 39.87306], [32.83393, 39.87313]]]}}, {"type": "Feature", "properties": {}, "geometry": {"type": "Polygon", "coordinates": [[[32.8366, 39.87447], [32.83676, 39.87453], [32.83686, 39.87432], [32.83671, 39.87427], [32.8366, 39.87447]]]}}, {"type": "Feature", "properties": {}, "geometry": {"type": "Polygon", "coordinates": [[[32.83568, 39.87407], [32.83581, 39.87414], [32.83599, 39.87396], [32.83586, 39.87388], [32.83568, 39.87407]]]}}, {"type": "Feature", "properties": {}, "geometry": {"type": "Polygon", "coordinates": [[[32.83392, 39.87367], [32.83412, 39.87363], [32.83407, 39.87349], [32.83387, 39.87354], [32.83392, 39.87367]]]}}, {"type": "Feature", "properties": {}, "geometry": {"type": "Polygon", "coordinates": [[[32.8349, 39.87309], [32.83512, 39.87326], [32.83533, 39.8731], [32.83512, 39.87293], [32.8349, 39.87309]]]}}, {"type": "Feature", "properties": {}, "geometry": {"type": "Polygon", "coordinates": [[[32.83658, 39.8741], [32.83674, 39.87416], [32.83688, 39.87395], [32.83672, 39.87389], [32.83658, 39.8741]]]}}, {"type": "Feature", "properties": {}, "geometry": {"type": "Polygon", "coordinates": [[[32.83782, 39.87488], [32.83783, 39.87512], [32.838, 39.87512], [32.838, 39.87488], [32.83782, 39.87488]]]}}, {"type": "Feature", "properties": {}, "geometry": {"type": "Polygon", "coordinates": [[[32.83299, 39.87277], [32.8332, 39.8729], [32.83331, 39.8728], [32.83311, 39.87267], [32.83299, 39.87277]]]}}, {"type": "Feature", "properties": {}, "geometry": {"type": "Polygon", "coordinates": [[[32.83439, 39.87267], [32.83459, 39.87283], [32.83479, 39.87267], [32.83459, 39.87252], [32.83439, 39.87267]]]}}, {"type": "Feature", "properties": {}, "geometry": {"type": "Polygon", "coordinates": [[[32.83597, 39.87379], [32.83611, 39.87387], [32.83629, 39.87369], [32.83615, 39.87361], [32.83597, 39.87379]]]}}, {"type": "Feature", "properties": {}, "geometry": {"type": "Polygon", "coordinates": [[[32.83674, 39.87495], [32.8369, 39.87499], [32.83696, 39.87476], [32.83682, 39.87473], [32.83674, 39.87495]]]}}, {"type": "Feature", "properties": {}, "geometry": {"type": "Polygon", "coordinates": [[[32.83869, 39.87485], [32.83876, 39.87508], [32.83894, 39.87505], [32.83887, 39.87482], [32.83869, 39.87485]]]}}, {"type": "Feature", "properties": {}, "geometry": {"type": "Polygon", "coordinates": [[[32.83323, 39.87258], [32.83341, 39.87273], [32.83356, 39.87262], [32.83338, 39.87247], [32.83323, 39.87258]]]}}, {"type": "Feature", "properties": {}, "geometry": {"type": "Polygon", "coordinates": [[[32.83682, 39.87455], [32.83693, 39.87433], [32.83716, 39.8744], [32.83706, 39.87462], [32.83682, 39.87455]]]}}, {"type": "Feature", "properties": {}, "geometry": {"type": "Polygon", "coordinates": [[[32.83278, 39.87402], [32.83295, 39.87422], [32.83309, 39.87415], [32.83292, 39.87395], [32.83278, 39.87402]]]}}, {"type": "Feature", "properties": {}, "geometry": {"type": "Polygon", "coordinates": [[[32.8362, 39.87433], [32.83635, 39.8744], [32.8365, 39.8742], [32.83634, 39.87413], [32.8362, 39.87433]]]}}, {"type": "Feature", "properties": {}, "geometry": {"type": "Polygon", "coordinates": [[[32.83719, 39.87505], [32.83738, 39.87508], [32.83741, 39.87485], [32.83723, 39.87482], [32.83719, 39.87505]]]}}, {"type": "Feature", "properties": {}, "geometry": {"type": "Polygon", "coordinates": [[[32.83663, 39.87282], [32.83689, 39.87295], [32.83702, 39.87281], [32.83677, 39.87267], [32.83663, 39.87282]]]}}, {"type": "Feature", "properties": {}, "geometry": {"type": "Polygon", "coordinates": [[[32.83925, 39.87353], [32.83939, 39.87374], [32.83955, 39.87368], [32.83942, 39.87347], [32.83925, 39.87353]]]}}, {"type": "Feature", "properties": {}, "geometry": {"type": "Polygon", "coordinates": [[[32.8352, 39.87228], [32.83533, 39.87238], [32.83551, 39.87225], [32.83538, 39.87214], [32.8352, 39.87228]]]}}, {"type": "Feature", "properties": {}, "geometry": {"type": "Polygon", "coordinates": [[[32.83889, 39.87365], [32.83899, 39.87387], [32.83914, 39.87383], [32.83905, 39.87361], [32.83889, 39.87365]]]}}, {"type": "Feature", "properties": {}, "geometry": {"type": "Polygon", "coordinates": [[[32.83944, 39.87485], [32.83974, 39.87486], [32.83975, 39.87471], [32.83945, 39.8747], [32.83944, 39.87485]]]}}, {"type": "Feature", "properties": {}, "geometry": {"type": "Polygon", "coordinates": [[[32.83528, 39.87276], [32.83543, 39.87288], [32.83561, 39.87274], [32.83546, 39.87262], [32.83528, 39.87276]]]}}, {"type": "Feature", "properties": {}, "geometry": {"type": "Polygon", "coordinates": [[[32.83547, 39.87291], [32.83565, 39.87275], [32.83584, 39.87289], [32.83561, 39.87301], [32.83547, 39.87291]]]}}, {"type": "Feature", "properties": {}, "geometry": {"type": "Polygon", "coordinates": [[[32.83423, 39.87194], [32.83438, 39.87206], [32.83459, 39.87191], [32.83444, 39.87179], [32.83423, 39.87194]]]}}, {"type": "Feature", "properties": {}, "geometry": {"type": "Polygon", "coordinates": [[[32.83939, 39.8752], [32.83969, 39.87522], [32.83971, 39.87508], [32.83941, 39.87506], [32.83939, 39.8752]]]}}, {"type": "Feature", "properties": {}, "geometry": {"type": "Polygon", "coordinates": [[[32.83839, 39.87397], [32.83854, 39.87395], [32.8385, 39.87372], [32.83834, 39.87374], [32.83839, 39.87397]]]}}, {"type": "Feature", "properties": {}, "geometry": {"type": "Polygon", "coordinates": [[[32.83225, 39.87338], [32.83257, 39.87359], [32.83276, 39.87343], [32.83244, 39.87321], [32.83225, 39.87338]]]}}, {"type": "Feature", "properties": {}, "geometry": {"type": "Polygon", "coordinates": [[[32.83472, 39.87187], [32.83485, 39.87198], [32.83503, 39.87185], [32.8349, 39.87174], [32.83472, 39.87187]]]}}, {"type": "Feature", "properties": {}, "geometry": {"type": "Polygon", "coordinates": [[[32.83703, 39.87424], [32.83723, 39.87429], [32.83732, 39.87407], [32.83711, 39.87403], [32.83703, 39.87424]]]}}, {"type": "Feature", "properties": {}, "geometry": {"type": "Polygon", "coordinates": [[[32.83696, 39.87501], [32.83713, 39.87504], [32.83718, 39.87481], [32.83702, 39.87478], [32.83696, 39.87501]]]}}, {"type": "Feature", "properties": {}, "geometry": {"type": "Polygon", "coordinates": [[[32.83405, 39.87291], [32.83425, 39.87306], [32.83445, 39.87291], [32.83426, 39.87276], [32.83405, 39.87291]]]}}, {"type": "Feature", "properties": {}, "geometry": {"type": "Polygon", "coordinates": [[[32.83286, 39.87227], [32.83301, 39.87239], [32.83316, 39.87228], [32.83301, 39.87216], [32.83286, 39.87227]]]}}, {"type": "Feature", "properties": {}, "geometry": {"type": "Polygon", "coordinates": [[[32.83652, 39.87489], [32.83668, 39.87494], [32.83677, 39.87471], [32.83663, 39.87467], [32.83652, 39.87489]]]}}, {"type": "Feature", "properties": {}, "geometry": {"type": "Polygon", "coordinates": [[[32.83382, 39.87227], [32.83398, 39.8724], [32.83417, 39.87226], [32.83401, 39.87213], [32.83382, 39.87227]]]}}, {"type": "Feature", "properties": {}, "geometry": {"type": "Polygon", "coordinates": [[[32.83585, 39.87416], [32.83599, 39.87423], [32.83616, 39.87404], [32.83602, 39.87397], [32.83585, 39.87416]]]}}, {"type": "Feature", "properties": {}, "geometry": {"type": "Polygon", "coordinates": [[[32.83269, 39.87327], [32.83285, 39.87339], [32.83307, 39.87321], [32.8329, 39.87309], [32.83269, 39.87327]]]}}, {"type": "Feature", "properties": {}, "geometry": {"type": "Polygon", "coordinates": [[[32.83462, 39.87285], [32.83485, 39.87303], [32.83504, 39.87288], [32.83481, 39.87271], [32.83462, 39.87285]]]}}, {"type": "Feature", "properties": {}, "geometry": {"type": "Polygon", "coordinates": [[[32.83818, 39.87399], [32.83833, 39.87398], [32.83831, 39.87375], [32.83816, 39.87375], [32.83818, 39.87399]]]}}, {"type": "Feature", "properties": {}, "geometry": {"type": "Polygon", "coordinates": [[[32.83759, 39.87488], [32.83758, 39.87511], [32.83777, 39.87511], [32.83777, 39.87488], [32.83759, 39.87488]]]}}, {"type": "Feature", "properties": {}, "geometry": {"type": "Polygon", "coordinates": [[[32.83413, 39.87248], [32.83435, 39.87265], [32.83457, 39.87248], [32.83435, 39.87231], [32.83413, 39.87248]]]}}, {"type": "Feature", "properties": {}, "geometry": {"type": "Polygon", "coordinates": [[[32.83542, 39.87344], [32.83569, 39.87362], [32.83585, 39.87349], [32.83558, 39.87331], [32.83542, 39.87344]]]}}, {"type": "Feature", "properties": {}, "geometry": {"type": "Polygon", "coordinates": [[[32.83327, 39.87377], [32.83354, 39.8737], [32.83347, 39.87354], [32.83323, 39.87366], [32.83327, 39.87377]]]}}, {"type": "Feature", "properties": {}, "geometry": {"type": "Polygon", "coordinates": [[[32.83342, 39.87307], [32.83365, 39.87321], [32.83376, 39.87311], [32.83353, 39.87297], [32.83342, 39.87307]]]}}, {"type": "Feature", "properties": {}, "geometry": {"type": "Polygon", "coordinates": [[[32.83381, 39.8727], [32.83403, 39.87287], [32.83423, 39.87273], [32.83401, 39.87255], [32.83381, 39.8727]]]}}, {"type": "Feature", "properties": {}, "geometry": {"type": "Polygon", "coordinates": [[[32.83846, 39.87487], [32.83851, 39.8751], [32.83871, 39.87508], [32.83866, 39.87485], [32.83846, 39.87487]]]}}, {"type": "Feature", "properties": {}, "geometry": {"type": "Polygon", "coordinates": [[[32.83263, 39.87247], [32.83282, 39.87261], [32.83298, 39.87248], [32.83279, 39.87234], [32.83263, 39.87247]]]}}, {"type": "Feature", "properties": {}, "geometry": {"type": "Polygon", "coordinates": [[[32.8326, 39.87411], [32.83277, 39.8743], [32.83291, 39.87423], [32.83274, 39.87404], [32.8326, 39.87411]]]}}, {"type": "Feature", "properties": {}, "geometry": {"type": "Polygon", "coordinates": [[[32.83503, 39.87214], [32.83515, 39.87225], [32.83535, 39.87211], [32.83522, 39.872], [32.83503, 39.87214]]]}}, {"type": "Feature", "properties": {}, "geometry": {"type": "Polygon", "coordinates": [[[32.83729, 39.8743], [32.83751, 39.87434], [32.83754, 39.87411], [32.83735, 39.87408], [32.83729, 39.8743]]]}}, {"type": "Feature", "properties": {}, "geometry": {"type": "Polygon", "coordinates": [[[32.83908, 39.87361], [32.8392, 39.87382], [32.83934, 39.87378], [32.83921, 39.87357], [32.83908, 39.87361]]]}}, {"type": "Feature", "properties": {}, "geometry": {"type": "Polygon", "coordinates": [[[32.83538, 39.87241], [32.83563, 39.87262], [32.8358, 39.87249], [32.83555, 39.87228], [32.83538, 39.87241]]]}}, {"type": "Feature", "properties": {}, "geometry": {"type": "Polygon", "coordinates": [[[32.83511, 39.87479], [32.83536, 39.87467], [32.83527, 39.87457], [32.83502, 39.87469], [32.83511, 39.87479]]]}}, {"type": "Feature", "properties": {}, "geometry": {"type": "Polygon", "coordinates": [[[32.83651, 39.8732], [32.8367, 39.87305], [32.83692, 39.87317], [32.83678, 39.87335], [32.83651, 39.8732]]]}}, {"type": "Feature", "properties": {}, "geometry": {"type": "Polygon", "coordinates": [[[32.83457, 39.8722], [32.83472, 39.87232], [32.83492, 39.87217], [32.83478, 39.87205], [32.83457, 39.8722]]]}}, {"type": "Feature", "properties": {}, "geometry": {"type": "Polygon", "coordinates": [[[32.83871, 39.87369], [32.83879, 39.87392], [32.83895, 39.87388], [32.83887, 39.87366], [32.83871, 39.87369]]]}}, {"type": "Feature", "properties": {}, "geometry": {"type": "Polygon", "coordinates": [[[32.83825, 39.87489], [32.83827, 39.87512], [32.83846, 39.87511], [32.83844, 39.87487], [32.83825, 39.87489]]]}}, {"type": "Feature", "properties": {}, "geometry": {"type": "Polygon", "coordinates": [[[32.8364, 39.87442], [32.83655, 39.87448], [32.83668, 39.87426], [32.83653, 39.87421], [32.8364, 39.87442]]]}}, {"type": "Feature", "properties": {}, "geometry": {"type": "Polygon", "coordinates": [[[32.83646, 39.87487], [32.83658, 39.87466], [32.83639, 39.8746], [32.83626, 39.87481], [32.83646, 39.87487]]]}}, {"type": "Feature", "properties": {}, "geometry": {"type": "Polygon", "coordinates": [[[32.83625, 39.87306], [32.83642, 39.87289], [32.83666, 39.87302], [32.83646, 39.87317], [32.83625, 39.87306]]]}}, {"type": "Feature", "properties": {}, "geometry": {"type": "Polygon", "coordinates": [[[32.83942, 39.87502], [32.83972, 39.87504], [32.83973, 39.87491], [32.83943, 39.87489], [32.83942, 39.87502]]]}}, {"type": "Feature", "properties": {}, "geometry": {"type": "Polygon", "coordinates": [[[32.83455, 39.87327], [32.83475, 39.87344], [32.83496, 39.8733], [32.83476, 39.87313], [32.83455, 39.87327]]]}}, {"type": "Feature", "properties": {}, "geometry": {"type": "Polygon", "coordinates": [[[32.83407, 39.87324], [32.8342, 39.87327], [32.83423, 39.87319], [32.83409, 39.87316], [32.83407, 39.87324]]]}}, {"type": "Feature", "properties": {}, "geometry": {"type": "Polygon", "coordinates": [[[32.83913, 39.87544], [32.83933, 39.87543], [32.83932, 39.8752], [32.83913, 39.87521], [32.83913, 39.87544]]]}}, {"type": "Feature", "properties": {}, "geometry": {"type": "Polygon", "coordinates": [[[32.83342, 39.87188], [32.83357, 39.87199], [32.83377, 39.87183], [32.83364, 39.87173], [32.83359, 39.87174], [32.83342, 39.87188]]]}}, {"type": "Feature", "properties": {}, "geometry": {"type": "Polygon", "coordinates": [[[32.83914, 39.87477], [32.83925, 39.87499], [32.83934, 39.87496], [32.83935, 39.87485], [32.83929, 39.87473], [32.83914, 39.87477]]]}}, {"type": "Feature", "properties": {}, "geometry": {"type": "Polygon", "coordinates": [[[32.83393, 39.8737], [32.83398, 39.87385], [32.83408, 39.87382], [32.83424, 39.87374], [32.83422, 39.87364], [32.83393, 39.8737]]]}}, {"type": "Feature", "properties": {}, "geometry": {"type": "Polygon", "coordinates": [[[32.83263, 39.87322], [32.83284, 39.87303], [32.83257, 39.87285], [32.83249, 39.87292], [32.83251, 39.87294], [32.83247, 39.87296], [32.83242, 39.87307], [32.83263, 39.87322]]]}}, {"type": "Feature", "properties": {}, "geometry": {"type": "Polygon", "coordinates": [[[32.83938, 39.87523], [32.83939, 39.87542], [32.83949, 39.87542], [32.83949, 39.87541], [32.83957, 39.87541], [32.83957, 39.8754], [32.83962, 39.87541], [32.83964, 39.87524], [32.83938, 39.87523]]]}}, {"type": "Feature", "properties": {}, "geometry": {"type": "Polygon", "coordinates": [[[32.83994, 39.87205], [32.83992, 39.87206], [32.84004, 39.87221], [32.84007, 39.8722], [32.84008, 39.87221], [32.84028, 39.87212], [32.84027, 39.87211], [32.84029, 39.8721], [32.84017, 39.87194], [32.84014, 39.87195], [32.84013, 39.87194], [32.83993, 39.87204], [32.83994, 39.87205]]]}}, {"type": "Feature", "properties": {}, "geometry": {"type": "Polygon", "coordinates": [[[32.84049, 39.87181], [32.84047, 39.87183], [32.84059, 39.87198], [32.84062, 39.87196], [32.84063, 39.87198], [32.84083, 39.87188], [32.84082, 39.87188], [32.84084, 39.87186], [32.84072, 39.87171], [32.84069, 39.87172], [32.84068, 39.87171], [32.84049, 39.8718], [32.84049, 39.87181]]]}}, {"type": "Feature", "properties": {}, "geometry": {"type": "Polygon", "coordinates": [[[32.84055, 39.87217], [32.84052, 39.87218], [32.84065, 39.87234], [32.84068, 39.87232], [32.84069, 39.87233], [32.84088, 39.87224], [32.84088, 39.87223], [32.8409, 39.87222], [32.84077, 39.87207], [32.84075, 39.87208], [32.84074, 39.87207], [32.84054, 39.87216], [32.84055, 39.87217]]]}}, {"type": "Feature", "properties": {}, "geometry": {"type": "Polygon", "coordinates": [[[32.83871, 39.87458], [32.83874, 39.87459], [32.83877, 39.87461], [32.8388, 39.87463], [32.83883, 39.87463], [32.83887, 39.87463], [32.83892, 39.87461], [32.83896, 39.87459], [32.83899, 39.87458], [32.83902, 39.87455], [32.83903, 39.87453], [32.83903, 39.87451], [32.83902, 39.87449], [32.83904, 39.87446], [32.83898, 39.87445], [32.83898, 39.87443], [32.83894, 39.87443], [32.83889, 39.87443], [32.83888, 39.87447], [32.83881, 39.87449], [32.83876, 39.87446], [32.83873, 39.87451], [32.83875, 39.87452], [32.83871, 39.87458]]]}}, {"type": "Feature", "properties": {}, "geometry": {"type": "Polygon", "coordinates": [[[32.83878, 39.87428], [32.83885, 39.87428], [32.83885, 39.87429], [32.83893, 39.8743], [32.83896, 39.87428], [32.83895, 39.87427], [32.83896, 39.87425], [32.83898, 39.87423], [32.83901, 39.87423], [32.83904, 39.87424], [32.83907, 39.87421], [32.83907, 39.87415], [32.83905, 39.87415], [32.83906, 39.87409], [32.83903, 39.87409], [32.839, 39.87408], [32.83898, 39.87408], [32.83894, 39.87408], [32.8389, 39.87409], [32.8388, 39.87416], [32.83878, 39.87418], [32.83877, 39.87421], [32.83877, 39.87424], [32.83878, 39.87428]]]}}, {"type": "Feature", "properties": {}, "geometry": {"type": "Polygon", "coordinates": [[[32.83842, 39.87458], [32.83848, 39.87459], [32.83848, 39.8746], [32.83855, 39.87463], [32.83859, 39.87463], [32.83858, 39.87461], [32.8386, 39.87459], [32.83864, 39.87458], [32.83866, 39.87458], [32.83869, 39.87459], [32.83871, 39.87458], [32.83875, 39.87452], [32.83873, 39.87451], [32.83876, 39.87446], [32.83871, 39.87445], [32.83868, 39.87444], [32.83865, 39.87443], [32.83862, 39.87443], [32.83859, 39.87443], [32.83847, 39.87447], [32.83844, 39.8745], [32.83844, 39.87451], [32.83844, 39.87454], [32.83844, 39.87455], [32.83842, 39.87458]]]}}, {"type": "Feature", "properties": {}, "geometry": {"type": "Polygon", "coordinates": [[[32.83907, 39.87421], [32.8391, 39.87421], [32.83912, 39.87423], [32.83915, 39.87423], [32.83918, 39.87423], [32.83921, 39.87423], [32.83925, 39.87421], [32.83928, 39.87419], [32.83931, 39.87417], [32.83933, 39.87415], [32.83934, 39.87413], [32.83935, 39.87411], [32.83935, 39.8741], [32.83934, 39.87408], [32.83934, 39.87406], [32.83934, 39.87403], [32.83928, 39.87403], [32.83928, 39.87402], [32.83924, 39.87401], [32.83919, 39.87403], [32.83919, 39.87407], [32.83911, 39.8741], [32.83909, 39.87409], [32.83906, 39.87409], [32.83905, 39.87415], [32.83907, 39.87415], [32.83907, 39.87421]]]}}, {"type": "Feature", "properties": {}, "geometry": {"type": "Polygon", "coordinates": [[[32.83889, 39.87161], [32.83904, 39.87181], [32.83918, 39.87175], [32.83903, 39.87155], [32.83889, 39.87161]]]}}, {"type": "Feature", "properties": {}, "geometry": {"type": "Polygon", "coordinates": [[[32.84249, 39.87215], [32.84263, 39.87236], [32.84286, 39.87226], [32.84272, 39.87206], [32.84249, 39.87215]]]}}, {"type": "Feature", "properties": {}, "geometry": {"type": "Polygon", "coordinates": [[[32.84016, 39.87231], [32.8403, 39.8725], [32.84046, 39.87244], [32.84031, 39.87224], [32.84016, 39.87231]]]}}, {"type": "Feature", "properties": {}, "geometry": {"type": "Polygon", "coordinates": [[[32.83779, 39.87472], [32.83781, 39.87449], [32.83762, 39.87447], [32.83758, 39.87471], [32.83779, 39.87472]]]}}, {"type": "Feature", "properties": {}, "geometry": {"type": "Polygon", "coordinates": [[[32.83893, 39.87243], [32.83909, 39.87264], [32.83926, 39.87256], [32.8391, 39.87236], [32.83893, 39.87243]]]}}, {"type": "Feature", "properties": {}, "geometry": {"type": "Polygon", "coordinates": [[[32.84081, 39.87248], [32.84096, 39.87269], [32.84112, 39.87262], [32.84097, 39.87241], [32.84081, 39.87248]]]}}, {"type": "Feature", "properties": {}, "geometry": {"type": "Polygon", "coordinates": [[[32.84172, 39.87124], [32.84188, 39.87145], [32.84202, 39.87138], [32.84186, 39.87118], [32.84172, 39.87124]]]}}, {"type": "Feature", "properties": {}, "geometry": {"type": "Polygon", "coordinates": [[[32.83999, 39.87323], [32.84015, 39.87343], [32.8403, 39.87336], [32.84014, 39.87316], [32.83999, 39.87323]]]}}, {"type": "Feature", "properties": {}, "geometry": {"type": "Polygon", "coordinates": [[[32.83909, 39.87318], [32.83921, 39.87339], [32.83935, 39.87334], [32.83923, 39.87313], [32.83909, 39.87318]]]}}, {"type": "Feature", "properties": {}, "geometry": {"type": "Polygon", "coordinates": [[[32.84041, 39.87265], [32.84056, 39.87285], [32.84072, 39.87278], [32.84056, 39.87258], [32.84041, 39.87265]]]}}, {"type": "Feature", "properties": {}, "geometry": {"type": "Polygon", "coordinates": [[[32.83956, 39.87301], [32.83942, 39.87308], [32.83956, 39.87328], [32.83972, 39.87321], [32.83956, 39.87301]]]}}, {"type": "Feature", "properties": {}, "geometry": {"type": "Polygon", "coordinates": [[[32.84135, 39.8714], [32.8415, 39.87161], [32.84165, 39.87154], [32.84149, 39.87133], [32.84135, 39.8714]]]}}, {"type": "Feature", "properties": {}, "geometry": {"type": "Polygon", "coordinates": [[[32.84212, 39.87146], [32.84227, 39.87166], [32.84242, 39.87159], [32.84228, 39.87139], [32.84212, 39.87146]]]}}, {"type": "Feature", "properties": {}, "geometry": {"type": "Polygon", "coordinates": [[[32.83869, 39.8733], [32.83879, 39.87351], [32.83894, 39.87347], [32.83884, 39.87325], [32.83869, 39.8733]]]}}, {"type": "Feature", "properties": {}, "geometry": {"type": "Polygon", "coordinates": [[[32.83986, 39.87158], [32.84002, 39.87179], [32.84017, 39.87172], [32.84001, 39.87152], [32.83986, 39.87158]]]}}, {"type": "Feature", "properties": {}, "geometry": {"type": "Polygon", "coordinates": [[[32.8394, 39.87393], [32.83951, 39.87415], [32.83969, 39.87409], [32.83959, 39.87388], [32.8394, 39.87393]]]}}, {"type": "Feature", "properties": {}, "geometry": {"type": "Polygon", "coordinates": [[[32.84184, 39.87243], [32.842, 39.87263], [32.84214, 39.87256], [32.84198, 39.87236], [32.84184, 39.87243]]]}}, {"type": "Feature", "properties": {}, "geometry": {"type": "Polygon", "coordinates": [[[32.83796, 39.87438], [32.83819, 39.87438], [32.83819, 39.87415], [32.83796, 39.87415], [32.83796, 39.87438]]]}}, {"type": "Feature", "properties": {}, "geometry": {"type": "Polygon", "coordinates": [[[32.84165, 39.87213], [32.8418, 39.87232], [32.84192, 39.87227], [32.84177, 39.87207], [32.84165, 39.87213]]]}}, {"type": "Feature", "properties": {}, "geometry": {"type": "Polygon", "coordinates": [[[32.84166, 39.87251], [32.84182, 39.87271], [32.84195, 39.87265], [32.8418, 39.87245], [32.84166, 39.87251]]]}}, {"type": "Feature", "properties": {}, "geometry": {"type": "Polygon", "coordinates": [[[32.83981, 39.8729], [32.83996, 39.87311], [32.84012, 39.87304], [32.83997, 39.87283], [32.83981, 39.8729]]]}}, {"type": "Feature", "properties": {}, "geometry": {"type": "Polygon", "coordinates": [[[32.84201, 39.87197], [32.84216, 39.87217], [32.8423, 39.87211], [32.84215, 39.87191], [32.84201, 39.87197]]]}}, {"type": "Feature", "properties": {}, "geometry": {"type": "Polygon", "coordinates": [[[32.84138, 39.87178], [32.84154, 39.87198], [32.84167, 39.87192], [32.84152, 39.87172], [32.84138, 39.87178]]]}}, {"type": "Feature", "properties": {}, "geometry": {"type": "Polygon", "coordinates": [[[32.8406, 39.87296], [32.84075, 39.87317], [32.84091, 39.8731], [32.84075, 39.87289], [32.8406, 39.87296]]]}}, {"type": "Feature", "properties": {}, "geometry": {"type": "Polygon", "coordinates": [[[32.83824, 39.87438], [32.83846, 39.87437], [32.83843, 39.87414], [32.83822, 39.87415], [32.83824, 39.87438]]]}}, {"type": "Feature", "properties": {}, "geometry": {"type": "Polygon", "coordinates": [[[32.83985, 39.8712], [32.84, 39.8714], [32.84016, 39.87133], [32.84, 39.87113], [32.83985, 39.8712]]]}}, {"type": "Feature", "properties": {}, "geometry": {"type": "Polygon", "coordinates": [[[32.83867, 39.87209], [32.83883, 39.87229], [32.83901, 39.87221], [32.83886, 39.87201], [32.83867, 39.87209]]]}}, {"type": "Feature", "properties": {}, "geometry": {"type": "Polygon", "coordinates": [[[32.8387, 39.87169], [32.83885, 39.87189], [32.83899, 39.87183], [32.83884, 39.87163], [32.8387, 39.87169]]]}}, {"type": "Feature", "properties": {}, "geometry": {"type": "Polygon", "coordinates": [[[32.84221, 39.87227], [32.84236, 39.87247], [32.8426, 39.87237], [32.84245, 39.87217], [32.84221, 39.87227]]]}}, {"type": "Feature", "properties": {}, "geometry": {"type": "Polygon", "coordinates": [[[32.83996, 39.87242], [32.8401, 39.87259], [32.84025, 39.87252], [32.84011, 39.87235], [32.83996, 39.87242]]]}}, {"type": "Feature", "properties": {}, "geometry": {"type": "Polygon", "coordinates": [[[32.83962, 39.87299], [32.83977, 39.87319], [32.83991, 39.87312], [32.83976, 39.87293], [32.83962, 39.87299]]]}}, {"type": "Feature", "properties": {}, "geometry": {"type": "Polygon", "coordinates": [[[32.83955, 39.87256], [32.83972, 39.87276], [32.83986, 39.87269], [32.8397, 39.87249], [32.83955, 39.87256]]]}}, {"type": "Feature", "properties": {}, "geometry": {"type": "Polygon", "coordinates": [[[32.83931, 39.87266], [32.83913, 39.87271], [32.83931, 39.87293], [32.83948, 39.87287], [32.83931, 39.87266]]]}}, {"type": "Feature", "properties": {}, "geometry": {"type": "Polygon", "coordinates": [[[32.83826, 39.87338], [32.83832, 39.87361], [32.8385, 39.87358], [32.83842, 39.87335], [32.83826, 39.87338]]]}}, {"type": "Feature", "properties": {}, "geometry": {"type": "Polygon", "coordinates": [[[32.8406, 39.87257], [32.84076, 39.87277], [32.84092, 39.8727], [32.84076, 39.8725], [32.8406, 39.87257]]]}}, {"type": "Feature", "properties": {}, "geometry": {"type": "Polygon", "coordinates": [[[32.83978, 39.87332], [32.83994, 39.87352], [32.8401, 39.87345], [32.83994, 39.87324], [32.83978, 39.87332]]]}}, {"type": "Feature", "properties": {}, "geometry": {"type": "Polygon", "coordinates": [[[32.84154, 39.87132], [32.84169, 39.87153], [32.84184, 39.87147], [32.84169, 39.87126], [32.84154, 39.87132]]]}}, {"type": "Feature", "properties": {}, "geometry": {"type": "Polygon", "coordinates": [[[32.84081, 39.87164], [32.84096, 39.87184], [32.8411, 39.87178], [32.84094, 39.87158], [32.84081, 39.87164]]]}}, {"type": "Feature", "properties": {}, "geometry": {"type": "Polygon", "coordinates": [[[32.83889, 39.87324], [32.839, 39.87345], [32.83915, 39.87341], [32.83903, 39.87319], [32.83889, 39.87324]]]}}, {"type": "Feature", "properties": {}, "geometry": {"type": "Polygon", "coordinates": [[[32.84128, 39.87228], [32.84145, 39.87248], [32.84158, 39.87242], [32.84141, 39.87222], [32.84128, 39.87228]]]}}, {"type": "Feature", "properties": {}, "geometry": {"type": "Polygon", "coordinates": [[[32.84021, 39.87274], [32.84037, 39.87294], [32.84052, 39.87287], [32.84036, 39.87266], [32.84021, 39.87274]]]}}, {"type": "Feature", "properties": {}, "geometry": {"type": "Polygon", "coordinates": [[[32.84117, 39.87148], [32.84133, 39.87168], [32.84146, 39.87163], [32.84131, 39.87142], [32.84117, 39.87148]]]}}, {"type": "Feature", "properties": {}, "geometry": {"type": "Polygon", "coordinates": [[[32.84193, 39.87155], [32.84209, 39.87175], [32.84224, 39.87169], [32.84208, 39.87148], [32.84193, 39.87155]]]}}, {"type": "Feature", "properties": {}, "geometry": {"type": "Polygon", "coordinates": [[[32.83847, 39.87336], [32.83857, 39.87357], [32.83874, 39.87352], [32.83863, 39.87331], [32.83847, 39.87336]]]}}, {"type": "Feature", "properties": {}, "geometry": {"type": "Polygon", "coordinates": [[[32.84121, 39.8727], [32.84137, 39.87291], [32.84152, 39.87284], [32.84136, 39.87263], [32.84121, 39.8727]]]}}, {"type": "Feature", "properties": {}, "geometry": {"type": "Polygon", "coordinates": [[[32.83966, 39.87166], [32.83982, 39.87187], [32.83998, 39.8718], [32.83982, 39.87159], [32.83966, 39.87166]]]}}, {"type": "Feature", "properties": {}, "geometry": {"type": "Polygon", "coordinates": [[[32.84145, 39.87221], [32.84161, 39.87241], [32.84175, 39.87235], [32.8416, 39.87214], [32.84145, 39.87221]]]}}, {"type": "Feature", "properties": {}, "geometry": {"type": "Polygon", "coordinates": [[[32.83768, 39.87437], [32.83791, 39.87438], [32.83793, 39.87415], [32.8377, 39.87414], [32.83768, 39.87437]]]}}, {"type": "Feature", "properties": {}, "geometry": {"type": "Polygon", "coordinates": [[[32.83946, 39.87137], [32.83962, 39.87157], [32.83977, 39.8715], [32.83962, 39.8713], [32.83946, 39.87137]]]}}, {"type": "Feature", "properties": {}, "geometry": {"type": "Polygon", "coordinates": [[[32.84182, 39.87205], [32.84197, 39.87225], [32.84212, 39.87219], [32.84196, 39.87198], [32.84182, 39.87205]]]}}, {"type": "Feature", "properties": {}, "geometry": {"type": "Polygon", "coordinates": [[[32.83908, 39.87191], [32.83924, 39.87212], [32.83939, 39.87205], [32.83923, 39.87184], [32.83908, 39.87191]]]}}, {"type": "Feature", "properties": {}, "geometry": {"type": "Polygon", "coordinates": [[[32.84149, 39.87258], [32.84165, 39.87279], [32.84177, 39.87273], [32.84162, 39.87253], [32.84149, 39.87258]]]}}, {"type": "Feature", "properties": {}, "geometry": {"type": "Polygon", "coordinates": [[[32.83908, 39.87153], [32.83922, 39.87173], [32.83937, 39.87166], [32.83923, 39.87147], [32.83908, 39.87153]]]}}, {"type": "Feature", "properties": {}, "geometry": {"type": "Polygon", "coordinates": [[[32.84228, 39.87185], [32.84246, 39.87208], [32.84271, 39.87197], [32.84253, 39.87174], [32.84228, 39.87185]]]}}, {"type": "Feature", "properties": {}, "geometry": {"type": "Polygon", "coordinates": [[[32.84005, 39.87112], [32.8402, 39.87131], [32.84037, 39.87123], [32.84021, 39.87104], [32.84005, 39.87112]]]}}, {"type": "Feature", "properties": {}, "geometry": {"type": "Polygon", "coordinates": [[[32.8404, 39.87306], [32.84055, 39.87326], [32.84071, 39.87319], [32.84056, 39.87298], [32.8404, 39.87306]]]}}, {"type": "Feature", "properties": {}, "geometry": {"type": "Polygon", "coordinates": [[[32.83965, 39.87128], [32.83981, 39.87149], [32.83997, 39.87142], [32.83981, 39.87121], [32.83965, 39.87128]]]}}, {"type": "Feature", "properties": {}, "geometry": {"type": "Polygon", "coordinates": [[[32.83783, 39.87343], [32.8378, 39.87366], [32.838, 39.87364], [32.83799, 39.87342], [32.83783, 39.87343]]]}}, {"type": "Feature", "properties": {}, "geometry": {"type": "Polygon", "coordinates": [[[32.83932, 39.87254], [32.83965, 39.8724], [32.83949, 39.87219], [32.83917, 39.87233], [32.83932, 39.87254]]]}}, {"type": "Feature", "properties": {}, "geometry": {"type": "Polygon", "coordinates": [[[32.84025, 39.87141], [32.8404, 39.8716], [32.84058, 39.87152], [32.84043, 39.87133], [32.84025, 39.87141]]]}}, {"type": "Feature", "properties": {}, "geometry": {"type": "Polygon", "coordinates": [[[32.83976, 39.87248], [32.83991, 39.87268], [32.84006, 39.87261], [32.83991, 39.87241], [32.83976, 39.87248]]]}}, {"type": "Feature", "properties": {}, "geometry": {"type": "Polygon", "coordinates": [[[32.84101, 39.8724], [32.84116, 39.8726], [32.8413, 39.87253], [32.84116, 39.87233], [32.84101, 39.8724]]]}}, {"type": "Feature", "properties": {}, "geometry": {"type": "Polygon", "coordinates": [[[32.83935, 39.87264], [32.83952, 39.87285], [32.83967, 39.87277], [32.8395, 39.87257], [32.83935, 39.87264]]]}}, {"type": "Feature", "properties": {}, "geometry": {"type": "Polygon", "coordinates": [[[32.84191, 39.87116], [32.84206, 39.87137], [32.84222, 39.8713], [32.84207, 39.8711], [32.84191, 39.87116]]]}}, {"type": "Feature", "properties": {}, "geometry": {"type": "Polygon", "coordinates": [[[32.84019, 39.87314], [32.84035, 39.87334], [32.84051, 39.87327], [32.84035, 39.87307], [32.84019, 39.87314]]]}}, {"type": "Feature", "properties": {}, "geometry": {"type": "Polygon", "coordinates": [[[32.84006, 39.8715], [32.84022, 39.8717], [32.84037, 39.87163], [32.84021, 39.87143], [32.84006, 39.8715]]]}}, {"type": "Feature", "properties": {}, "geometry": {"type": "Polygon", "coordinates": [[[32.83928, 39.87444], [32.83933, 39.87455], [32.83949, 39.87451], [32.83943, 39.8744], [32.83928, 39.87444]]]}}, {"type": "Feature", "properties": {}, "geometry": {"type": "Polygon", "coordinates": [[[32.84202, 39.87235], [32.84218, 39.87255], [32.84233, 39.87248], [32.84217, 39.87228], [32.84202, 39.87235]]]}}, {"type": "Feature", "properties": {}, "geometry": {"type": "Polygon", "coordinates": [[[32.83961, 39.87341], [32.83973, 39.8736], [32.8399, 39.87354], [32.83976, 39.87335], [32.83961, 39.87341]]]}}, {"type": "Feature", "properties": {}, "geometry": {"type": "Polygon", "coordinates": [[[32.84103, 39.87194], [32.84118, 39.87214], [32.84131, 39.87207], [32.84116, 39.87188], [32.84103, 39.87194]]]}}, {"type": "Feature", "properties": {}, "geometry": {"type": "Polygon", "coordinates": [[[32.841, 39.87279], [32.84116, 39.873], [32.84133, 39.87292], [32.84117, 39.87271], [32.841, 39.87279]]]}}, {"type": "Feature", "properties": {}, "geometry": {"type": "Polygon", "coordinates": [[[32.83954, 39.87218], [32.8397, 39.87238], [32.83986, 39.87231], [32.8397, 39.8721], [32.83954, 39.87218]]]}}, {"type": "Feature", "properties": {}, "geometry": {"type": "Polygon", "coordinates": [[[32.84002, 39.87282], [32.84017, 39.87302], [32.84033, 39.87296], [32.84018, 39.87275], [32.84002, 39.87282]]]}}, {"type": "Feature", "properties": {}, "geometry": {"type": "Polygon", "coordinates": [[[32.84098, 39.87156], [32.84113, 39.87176], [32.84128, 39.87169], [32.84113, 39.87149], [32.84098, 39.87156]]]}}, {"type": "Feature", "properties": {}, "geometry": {"type": "Polygon", "coordinates": [[[32.84174, 39.8719], [32.84204, 39.87178], [32.84189, 39.87157], [32.84159, 39.8717], [32.84174, 39.8719]]]}}, {"type": "Feature", "properties": {}, "geometry": {"type": "Polygon", "coordinates": [[[32.84081, 39.87288], [32.84096, 39.87308], [32.84112, 39.87301], [32.84097, 39.87281], [32.84081, 39.87288]]]}}, {"type": "Feature", "properties": {}, "geometry": {"type": "Polygon", "coordinates": [[[32.83945, 39.87202], [32.83977, 39.87189], [32.83962, 39.87168], [32.8393, 39.87181], [32.83945, 39.87202]]]}}, {"type": "Feature", "properties": {}, "geometry": {"type": "Polygon", "coordinates": [[[32.83808, 39.87471], [32.83827, 39.87471], [32.83826, 39.87447], [32.83808, 39.87448], [32.83808, 39.87471]]]}}, {"type": "Feature", "properties": {}, "geometry": {"type": "Polygon", "coordinates": [[[32.83928, 39.87145], [32.83943, 39.87165], [32.83959, 39.87158], [32.83943, 39.87138], [32.83928, 39.87145]]]}}, {"type": "Feature", "properties": {}, "geometry": {"type": "Polygon", "coordinates": [[[32.8412, 39.87186], [32.84135, 39.87206], [32.84149, 39.872], [32.84134, 39.87179], [32.8412, 39.87186]]]}}, {"type": "Feature", "properties": {}, "geometry": {"type": "Polygon", "coordinates": [[[32.83804, 39.87341], [32.83807, 39.87365], [32.83828, 39.87363], [32.83822, 39.87339], [32.83804, 39.87341]]]}}, {"type": "Feature", "properties": {}, "geometry": {"type": "Polygon", "coordinates": [[[32.8389, 39.872], [32.83905, 39.8722], [32.83919, 39.87213], [32.83904, 39.87194], [32.8389, 39.872]]]}}, {"type": "Feature", "properties": {}, "geometry": {"type": "Polygon", "coordinates": [[[32.83771, 39.87279], [32.83792, 39.87279], [32.83791, 39.8726], [32.83775, 39.87261], [32.83775, 39.87266], [32.83764, 39.87266], [32.83764, 39.87272], [32.83767, 39.87272], [32.83767, 39.87274], [32.8377, 39.87274], [32.83771, 39.87279]]]}}, {"type": "Feature", "properties": {}, "geometry": {"type": "Polygon", "coordinates": [[[32.83821, 39.87256], [32.83822, 39.87269], [32.83821, 39.87269], [32.83822, 39.87277], [32.83832, 39.87276], [32.83832, 39.87275], [32.83835, 39.87275], [32.83835, 39.8727], [32.83837, 39.8727], [32.8384, 39.87274], [32.83843, 39.87273], [32.83844, 39.87274], [32.83852, 39.87271], [32.83839, 39.87252], [32.83832, 39.87255], [32.83828, 39.87256], [32.83821, 39.87256]]]}}, {"type": "Feature", "properties": {}, "geometry": {"type": "Polygon", "coordinates": [[[32.83863, 39.87281], [32.83873, 39.87293], [32.83898, 39.87282], [32.8389, 39.8727], [32.83863, 39.87281]]]}}, {"type": "Feature", "properties": {}, "geometry": {"type": "Polygon", "coordinates": [[[32.8444, 39.87501], [32.84454, 39.87516], [32.84476, 39.87504], [32.84463, 39.87489], [32.8444, 39.87501]]]}}, {"type": "Feature", "properties": {}, "geometry": {"type": "Polygon", "coordinates": [[[32.83833, 39.87296], [32.83841, 39.87319], [32.8387, 39.87312], [32.83859, 39.8729], [32.83833, 39.87296]]]}}, {"type": "Feature", "properties": {}, "geometry": {"type": "Polygon", "coordinates": [[[32.83796, 39.87278], [32.83817, 39.87277], [32.83815, 39.87259], [32.83794, 39.8726], [32.83796, 39.87278]]]}}, {"type": "Feature", "properties": {}, "geometry": {"type": "Polygon", "coordinates": [[[32.83749, 39.87255], [32.8376, 39.87265], [32.83781, 39.87252], [32.8377, 39.87241], [32.83749, 39.87255]]]}}, {"type": "Feature", "properties": {}, "geometry": {"type": "Polygon", "coordinates": [[[32.83873, 39.87296], [32.83882, 39.87308], [32.83912, 39.87299], [32.83899, 39.87284], [32.83873, 39.87296]]]}}, {"type": "Feature", "properties": {}, "geometry": {"type": "Polygon", "coordinates": [[[32.83848, 39.87248], [32.83852, 39.87256], [32.83861, 39.87268], [32.83881, 39.8726], [32.83865, 39.8724], [32.83848, 39.87248]]]}}, {"type": "Feature", "properties": {}, "geometry": {"type": "Polygon", "coordinates": [[[32.83734, 39.8724], [32.83745, 39.87251], [32.83763, 39.87241], [32.83762, 39.87239], [32.83768, 39.87236], [32.83758, 39.87226], [32.83734, 39.8724]]]}}, {"type": "Feature", "properties": {}, "geometry": {"type": "Polygon", "coordinates": [[[32.84511, 39.87401], [32.84518, 39.87407], [32.84531, 39.87398], [32.84527, 39.87394], [32.84505, 39.87385], [32.84499, 39.8739], [32.84504, 39.87393], [32.84503, 39.87394], [32.84508, 39.87398], [32.84507, 39.87399], [32.84509, 39.87402], [32.84511, 39.87401]]]}}, {"type": "Feature", "properties": {}, "geometry": {"type": "Polygon", "coordinates": [[[32.84219, 39.87293], [32.84226, 39.87302], [32.84256, 39.87288], [32.84249, 39.8728], [32.84245, 39.87282], [32.84244, 39.8728], [32.84248, 39.87278], [32.84241, 39.87269], [32.84211, 39.87282], [32.84218, 39.87291], [32.84222, 39.87289], [32.84224, 39.87291], [32.84219, 39.87293]]]}}, {"type": "Feature", "properties": {}, "geometry": {"type": "Polygon", "coordinates": [[[32.84169, 39.87353], [32.84171, 39.87352], [32.84173, 39.87356], [32.84172, 39.87357], [32.84177, 39.87363], [32.84182, 39.87364], [32.84203, 39.87355], [32.84204, 39.8735], [32.84199, 39.87344], [32.84197, 39.87345], [32.84195, 39.87342], [32.84196, 39.87341], [32.84191, 39.87335], [32.84186, 39.87334], [32.84165, 39.87343], [32.84165, 39.87348], [32.84169, 39.87353]]]}}, {"type": "Feature", "properties": {}, "geometry": {"type": "Polygon", "coordinates": [[[32.84122, 39.87327], [32.84123, 39.87328], [32.84119, 39.8733], [32.84118, 39.87329], [32.84109, 39.87333], [32.84109, 39.87337], [32.84121, 39.87353], [32.84127, 39.87354], [32.84135, 39.8735], [32.84134, 39.87348], [32.84138, 39.87346], [32.84139, 39.87348], [32.84146, 39.87344], [32.84148, 39.87339], [32.84135, 39.87324], [32.84129, 39.87324], [32.84122, 39.87327]]]}}, {"type": "Feature", "properties": {}, "geometry": {"type": "Polygon", "coordinates": [[[32.84308, 39.87288], [32.84311, 39.87292], [32.84314, 39.87291], [32.84316, 39.87295], [32.84314, 39.87296], [32.84317, 39.873], [32.84319, 39.87298], [32.84322, 39.87302], [32.84328, 39.87299], [32.84327, 39.87298], [32.84334, 39.87295], [32.84334, 39.87296], [32.8434, 39.87293], [32.84338, 39.87291], [32.84342, 39.87289], [32.84339, 39.87285], [32.84337, 39.87286], [32.84334, 39.87283], [32.84337, 39.87282], [32.84334, 39.87278], [32.84332, 39.87278], [32.8433, 39.87275], [32.84307, 39.87285], [32.84309, 39.87288], [32.84308, 39.87288]]]}}, {"type": "Feature", "properties": {}, "geometry": {"type": "Polygon", "coordinates": [[[32.84276, 39.87318], [32.84279, 39.87322], [32.84281, 39.87321], [32.84284, 39.87324], [32.8429, 39.87322], [32.84289, 39.87321], [32.84296, 39.87318], [32.84297, 39.87319], [32.84302, 39.87317], [32.843, 39.87314], [32.84303, 39.87313], [32.84299, 39.87308], [32.84297, 39.87309], [32.84295, 39.87306], [32.84299, 39.87305], [32.84296, 39.873], [32.84294, 39.87301], [32.84292, 39.87298], [32.84269, 39.87308], [32.84271, 39.87311], [32.8427, 39.87311], [32.84273, 39.87316], [32.84276, 39.87314], [32.84278, 39.87317], [32.84276, 39.87318]]]}}, {"type": "Feature", "properties": {}, "geometry": {"type": "Polygon", "coordinates": [[[32.84234, 39.87336], [32.84237, 39.8734], [32.84239, 39.87339], [32.84241, 39.87342], [32.84248, 39.87339], [32.84247, 39.87338], [32.84254, 39.87336], [32.84254, 39.87337], [32.8426, 39.87334], [32.84258, 39.87332], [32.8426, 39.87331], [32.84257, 39.87326], [32.84255, 39.87327], [32.84253, 39.87324], [32.84257, 39.87322], [32.84254, 39.87318], [32.84252, 39.87319], [32.8425, 39.87316], [32.84227, 39.87326], [32.84228, 39.87328], [32.84227, 39.87329], [32.84231, 39.87333], [32.84234, 39.87332], [32.84236, 39.87335], [32.84234, 39.87336]]]}}, {"type": "Feature", "properties": {}, "geometry": {"type": "Polygon", "coordinates": [[[32.84336, 39.87435], [32.84349, 39.87449], [32.8437, 39.87438], [32.84357, 39.87424], [32.84336, 39.87435]]]}}, {"type": "Feature", "properties": {}, "geometry": {"type": "Polygon", "coordinates": [[[32.84549, 39.87381], [32.84561, 39.87386], [32.84573, 39.87367], [32.84561, 39.87363], [32.84549, 39.87381]]]}}, {"type": "Feature", "properties": {}, "geometry": {"type": "Polygon", "coordinates": [[[32.84157, 39.87489], [32.84188, 39.87488], [32.84188, 39.87477], [32.84157, 39.87476], [32.84157, 39.87489]]]}}, {"type": "Feature", "properties": {}, "geometry": {"type": "Polygon", "coordinates": [[[32.84264, 39.87468], [32.84276, 39.87483], [32.84299, 39.87473], [32.84287, 39.87458], [32.84264, 39.87468]]]}}, {"type": "Feature", "properties": {}, "geometry": {"type": "Polygon", "coordinates": [[[32.83885, 39.87117], [32.83899, 39.87137], [32.83914, 39.87131], [32.83899, 39.87111], [32.83885, 39.87117]]]}}, {"type": "Feature", "properties": {}, "geometry": {"type": "Polygon", "coordinates": [[[32.84098, 39.87373], [32.84112, 39.87394], [32.84128, 39.87388], [32.84114, 39.87367], [32.84098, 39.87373]]]}}, {"type": "Feature", "properties": {}, "geometry": {"type": "Polygon", "coordinates": [[[32.8437, 39.87492], [32.84382, 39.87507], [32.84392, 39.87502], [32.84379, 39.87487], [32.8437, 39.87492]]]}}, {"type": "Feature", "properties": {}, "geometry": {"type": "Polygon", "coordinates": [[[32.84644, 39.87431], [32.84654, 39.87438], [32.84673, 39.87428], [32.84659, 39.87418], [32.84644, 39.87431]]]}}, {"type": "Feature", "properties": {}, "geometry": {"type": "Polygon", "coordinates": [[[32.84535, 39.87347], [32.84549, 39.87353], [32.8456, 39.87334], [32.84547, 39.87329], [32.84535, 39.87347]]]}}, {"type": "Feature", "properties": {}, "geometry": {"type": "Polygon", "coordinates": [[[32.84311, 39.87448], [32.84324, 39.87462], [32.84345, 39.87451], [32.84333, 39.87437], [32.84311, 39.87448]]]}}, {"type": "Feature", "properties": {}, "geometry": {"type": "Polygon", "coordinates": [[[32.84533, 39.87405], [32.84547, 39.87419], [32.84564, 39.87408], [32.84541, 39.87399], [32.84533, 39.87405]]]}}, {"type": "Feature", "properties": {}, "geometry": {"type": "Polygon", "coordinates": [[[32.84565, 39.87388], [32.84577, 39.87393], [32.8459, 39.87373], [32.84578, 39.87369], [32.84565, 39.87388]]]}}, {"type": "Feature", "properties": {}, "geometry": {"type": "Polygon", "coordinates": [[[32.84216, 39.87512], [32.84248, 39.87511], [32.84247, 39.87496], [32.84216, 39.87497], [32.84216, 39.87512]]]}}, {"type": "Feature", "properties": {}, "geometry": {"type": "Polygon", "coordinates": [[[32.84275, 39.8749], [32.84284, 39.87502], [32.84311, 39.8749], [32.84302, 39.87478], [32.84275, 39.8749]]]}}, {"type": "Feature", "properties": {}, "geometry": {"type": "Polygon", "coordinates": [[[32.83863, 39.87127], [32.83879, 39.87147], [32.83895, 39.87139], [32.83879, 39.87119], [32.83863, 39.87127]]]}}, {"type": "Feature", "properties": {}, "geometry": {"type": "Polygon", "coordinates": [[[32.84351, 39.87502], [32.84365, 39.87516], [32.84378, 39.87509], [32.84364, 39.87495], [32.84351, 39.87502]]]}}, {"type": "Feature", "properties": {}, "geometry": {"type": "Polygon", "coordinates": [[[32.84293, 39.87379], [32.8431, 39.87397], [32.84321, 39.87391], [32.84305, 39.87373], [32.84293, 39.87379]]]}}, {"type": "Feature", "properties": {}, "geometry": {"type": "Polygon", "coordinates": [[[32.84361, 39.87422], [32.84374, 39.87436], [32.84393, 39.87426], [32.8438, 39.87411], [32.84361, 39.87422]]]}}, {"type": "Feature", "properties": {}, "geometry": {"type": "Polygon", "coordinates": [[[32.84045, 39.87049], [32.84061, 39.87069], [32.84076, 39.87062], [32.8406, 39.87042], [32.84045, 39.87049]]]}}, {"type": "Feature", "properties": {}, "geometry": {"type": "Polygon", "coordinates": [[[32.84485, 39.87479], [32.84498, 39.87493], [32.84524, 39.87479], [32.84511, 39.87465], [32.84485, 39.87479]]]}}, {"type": "Feature", "properties": {}, "geometry": {"type": "Polygon", "coordinates": [[[32.84516, 39.87413], [32.84532, 39.87429], [32.84544, 39.87422], [32.84529, 39.87406], [32.84516, 39.87413]]]}}, {"type": "Feature", "properties": {}, "geometry": {"type": "Polygon", "coordinates": [[[32.84213, 39.87418], [32.8423, 39.87438], [32.84244, 39.87431], [32.84226, 39.87412], [32.84213, 39.87418]]]}}, {"type": "Feature", "properties": {}, "geometry": {"type": "Polygon", "coordinates": [[[32.84157, 39.87505], [32.84189, 39.87505], [32.84189, 39.87493], [32.84157, 39.87493], [32.84157, 39.87505]]]}}, {"type": "Feature", "properties": {}, "geometry": {"type": "Polygon", "coordinates": [[[32.84265, 39.87389], [32.84273, 39.87398], [32.84294, 39.87387], [32.84286, 39.87379], [32.84265, 39.87389]]]}}, {"type": "Feature", "properties": {}, "geometry": {"type": "Polygon", "coordinates": [[[32.84195, 39.87428], [32.84213, 39.87447], [32.84226, 39.87439], [32.84208, 39.87421], [32.84195, 39.87428]]]}}, {"type": "Feature", "properties": {}, "geometry": {"type": "Polygon", "coordinates": [[[32.8439, 39.87379], [32.84404, 39.87394], [32.84416, 39.87387], [32.84402, 39.87372], [32.8439, 39.87379]]]}}, {"type": "Feature", "properties": {}, "geometry": {"type": "Polygon", "coordinates": [[[32.84307, 39.8734], [32.84322, 39.87359], [32.84334, 39.87354], [32.84319, 39.87335], [32.84307, 39.8734]]]}}, {"type": "Feature", "properties": {}, "geometry": {"type": "Polygon", "coordinates": [[[32.84158, 39.87521], [32.84189, 39.87521], [32.84189, 39.87509], [32.84158, 39.87509], [32.84158, 39.87521]]]}}, {"type": "Feature", "properties": {}, "geometry": {"type": "Polygon", "coordinates": [[[32.84367, 39.87305], [32.84379, 39.87311], [32.8439, 39.87297], [32.84378, 39.87292], [32.84367, 39.87305]]]}}, {"type": "Feature", "properties": {}, "geometry": {"type": "Polygon", "coordinates": [[[32.84052, 39.8709], [32.84068, 39.87111], [32.84082, 39.87104], [32.84066, 39.87084], [32.84052, 39.8709]]]}}, {"type": "Feature", "properties": {}, "geometry": {"type": "Polygon", "coordinates": [[[32.84288, 39.87505], [32.84297, 39.87518], [32.84324, 39.87506], [32.84314, 39.87493], [32.84288, 39.87505]]]}}, {"type": "Feature", "properties": {}, "geometry": {"type": "Polygon", "coordinates": [[[32.84158, 39.87471], [32.8419, 39.87473], [32.84195, 39.8746], [32.84168, 39.87447], [32.84158, 39.87471]]]}}, {"type": "Feature", "properties": {}, "geometry": {"type": "Polygon", "coordinates": [[[32.84077, 39.87381], [32.84091, 39.87402], [32.84107, 39.87396], [32.84093, 39.87375], [32.84077, 39.87381]]]}}, {"type": "Feature", "properties": {}, "geometry": {"type": "Polygon", "coordinates": [[[32.84406, 39.87369], [32.84421, 39.87385], [32.84435, 39.87377], [32.84419, 39.87362], [32.84406, 39.87369]]]}}, {"type": "Feature", "properties": {}, "geometry": {"type": "Polygon", "coordinates": [[[32.84402, 39.87297], [32.84415, 39.87301], [32.84424, 39.87286], [32.84411, 39.87282], [32.84402, 39.87297]]]}}, {"type": "Feature", "properties": {}, "geometry": {"type": "Polygon", "coordinates": [[[32.84517, 39.87369], [32.84543, 39.87379], [32.84555, 39.87361], [32.84529, 39.87351], [32.84517, 39.87369]]]}}, {"type": "Feature", "properties": {}, "geometry": {"type": "Polygon", "coordinates": [[[32.84591, 39.8745], [32.84605, 39.87464], [32.84628, 39.87451], [32.84614, 39.87436], [32.84591, 39.8745]]]}}, {"type": "Feature", "properties": {}, "geometry": {"type": "Polygon", "coordinates": [[[32.84314, 39.87516], [32.84328, 39.87534], [32.84341, 39.87528], [32.84327, 39.8751], [32.84314, 39.87516]]]}}, {"type": "Feature", "properties": {}, "geometry": {"type": "Polygon", "coordinates": [[[32.84247, 39.87267], [32.84262, 39.87287], [32.84276, 39.87281], [32.84261, 39.8726], [32.84247, 39.87267]]]}}, {"type": "Feature", "properties": {}, "geometry": {"type": "Polygon", "coordinates": [[[32.84597, 39.87372], [32.84611, 39.87354], [32.84599, 39.87349], [32.84586, 39.87367], [32.84597, 39.87372]]]}}, {"type": "Feature", "properties": {}, "geometry": {"type": "Polygon", "coordinates": [[[32.83845, 39.87136], [32.8386, 39.87154], [32.83874, 39.87148], [32.83859, 39.87129], [32.83845, 39.87136]]]}}, {"type": "Feature", "properties": {}, "geometry": {"type": "Polygon", "coordinates": [[[32.84055, 39.87389], [32.84069, 39.8741], [32.84087, 39.87403], [32.84072, 39.87382], [32.84055, 39.87389]]]}}, {"type": "Feature", "properties": {}, "geometry": {"type": "Polygon", "coordinates": [[[32.84529, 39.87476], [32.84556, 39.87462], [32.84543, 39.87448], [32.84517, 39.87462], [32.84529, 39.87476]]]}}, {"type": "Feature", "properties": {}, "geometry": {"type": "Polygon", "coordinates": [[[32.84555, 39.87355], [32.84581, 39.87365], [32.84592, 39.87346], [32.84566, 39.87337], [32.84555, 39.87355]]]}}, {"type": "Feature", "properties": {}, "geometry": {"type": "Polygon", "coordinates": [[[32.8401, 39.87063], [32.84026, 39.87083], [32.84038, 39.87078], [32.84022, 39.87058], [32.8401, 39.87063]]]}}, {"type": "Feature", "properties": {}, "geometry": {"type": "Polygon", "coordinates": [[[32.84188, 39.87292], [32.84204, 39.87312], [32.8422, 39.87305], [32.84204, 39.87285], [32.84188, 39.87292]]]}}, {"type": "Feature", "properties": {}, "geometry": {"type": "Polygon", "coordinates": [[[32.84502, 39.87421], [32.84518, 39.87438], [32.84528, 39.87432], [32.84512, 39.87415], [32.84502, 39.87421]]]}}, {"type": "Feature", "properties": {}, "geometry": {"type": "Polygon", "coordinates": [[[32.84397, 39.87448], [32.84413, 39.87464], [32.84435, 39.87452], [32.8442, 39.87435], [32.84397, 39.87448]]]}}, {"type": "Feature", "properties": {}, "geometry": {"type": "Polygon", "coordinates": [[[32.83839, 39.87136], [32.83825, 39.87143], [32.83842, 39.87163], [32.83855, 39.87157], [32.83839, 39.87136]]]}}, {"type": "Feature", "properties": {}, "geometry": {"type": "Polygon", "coordinates": [[[32.84561, 39.87436], [32.84579, 39.87451], [32.84589, 39.87444], [32.84572, 39.87429], [32.84561, 39.87436]]]}}, {"type": "Feature", "properties": {}, "geometry": {"type": "Polygon", "coordinates": [[[32.84267, 39.87257], [32.84282, 39.87279], [32.84312, 39.87266], [32.84297, 39.87245], [32.84267, 39.87257]]]}}, {"type": "Feature", "properties": {}, "geometry": {"type": "Polygon", "coordinates": [[[32.84659, 39.87411], [32.84678, 39.87425], [32.84697, 39.87414], [32.84676, 39.87397], [32.84659, 39.87411]]]}}, {"type": "Feature", "properties": {}, "geometry": {"type": "Polygon", "coordinates": [[[32.84081, 39.86996], [32.84097, 39.87017], [32.84112, 39.8701], [32.84096, 39.8699], [32.84081, 39.86996]]]}}, {"type": "Feature", "properties": {}, "geometry": {"type": "Polygon", "coordinates": [[[32.84441, 39.87425], [32.84456, 39.87441], [32.84467, 39.87435], [32.84452, 39.87419], [32.84441, 39.87425]]]}}, {"type": "Feature", "properties": {}, "geometry": {"type": "Polygon", "coordinates": [[[32.84455, 39.87417], [32.8447, 39.87433], [32.84481, 39.87427], [32.84466, 39.87411], [32.84455, 39.87417]]]}}, {"type": "Feature", "properties": {}, "geometry": {"type": "Polygon", "coordinates": [[[32.83867, 39.87098], [32.83868, 39.87112], [32.83879, 39.87111], [32.83878, 39.87097], [32.83867, 39.87098]]]}}, {"type": "Feature", "properties": {}, "geometry": {"type": "Polygon", "coordinates": [[[32.84487, 39.87429], [32.84502, 39.87446], [32.84513, 39.8744], [32.84498, 39.87423], [32.84487, 39.87429]]]}}, {"type": "Feature", "properties": {}, "geometry": {"type": "Polygon", "coordinates": [[[32.84384, 39.87313], [32.84396, 39.87319], [32.84407, 39.87303], [32.84395, 39.87298], [32.84384, 39.87313]]]}}, {"type": "Feature", "properties": {}, "geometry": {"type": "Polygon", "coordinates": [[[32.84089, 39.87075], [32.84104, 39.87096], [32.84119, 39.87089], [32.84104, 39.87069], [32.84089, 39.87075]]]}}, {"type": "Feature", "properties": {}, "geometry": {"type": "Polygon", "coordinates": [[[32.84417, 39.87327], [32.84429, 39.87332], [32.8444, 39.87316], [32.84428, 39.87312], [32.84417, 39.87327]]]}}, {"type": "Feature", "properties": {}, "geometry": {"type": "Polygon", "coordinates": [[[32.84324, 39.87334], [32.84339, 39.87352], [32.84353, 39.87345], [32.84334, 39.87328], [32.84324, 39.87334]]]}}, {"type": "Feature", "properties": {}, "geometry": {"type": "Polygon", "coordinates": [[[32.84091, 39.87113], [32.84106, 39.87134], [32.84122, 39.87128], [32.84106, 39.87107], [32.84091, 39.87113]]]}}, {"type": "Feature", "properties": {}, "geometry": {"type": "Polygon", "coordinates": [[[32.84112, 39.87467], [32.84144, 39.87465], [32.84143, 39.8745], [32.84111, 39.87452], [32.84112, 39.87467]]]}}, {"type": "Feature", "properties": {}, "geometry": {"type": "Polygon", "coordinates": [[[32.84027, 39.87057], [32.84042, 39.87077], [32.84057, 39.8707], [32.84042, 39.8705], [32.84027, 39.87057]]]}}, {"type": "Feature", "properties": {}, "geometry": {"type": "Polygon", "coordinates": [[[32.84099, 39.86988], [32.84115, 39.87009], [32.84131, 39.87002], [32.84116, 39.86981], [32.84099, 39.86988]]]}}, {"type": "Feature", "properties": {}, "geometry": {"type": "Polygon", "coordinates": [[[32.84426, 39.87433], [32.84441, 39.87449], [32.84451, 39.87443], [32.84436, 39.87427], [32.84426, 39.87433]]]}}, {"type": "Feature", "properties": {}, "geometry": {"type": "Polygon", "coordinates": [[[32.84129, 39.87098], [32.84144, 39.87118], [32.84158, 39.87112], [32.84142, 39.87092], [32.84129, 39.87098]]]}}, {"type": "Feature", "properties": {}, "geometry": {"type": "Polygon", "coordinates": [[[32.84418, 39.87303], [32.84431, 39.87307], [32.84441, 39.87291], [32.84428, 39.87287], [32.84418, 39.87303]]]}}, {"type": "Feature", "properties": {}, "geometry": {"type": "Polygon", "coordinates": [[[32.84146, 39.87089], [32.84162, 39.8711], [32.84176, 39.87104], [32.8416, 39.87083], [32.84146, 39.87089]]]}}, {"type": "Feature", "properties": {}, "geometry": {"type": "Polygon", "coordinates": [[[32.84433, 39.87334], [32.84445, 39.87339], [32.84456, 39.87323], [32.84444, 39.87318], [32.84433, 39.87334]]]}}, {"type": "Feature", "properties": {}, "geometry": {"type": "Polygon", "coordinates": [[[32.84602, 39.87375], [32.84627, 39.87389], [32.84643, 39.87372], [32.84618, 39.87358], [32.84602, 39.87375]]]}}, {"type": "Feature", "properties": {}, "geometry": {"type": "Polygon", "coordinates": [[[32.84114, 39.87484], [32.84145, 39.87484], [32.84145, 39.8747], [32.84114, 39.87471], [32.84114, 39.87484]]]}}, {"type": "Feature", "properties": {}, "geometry": {"type": "Polygon", "coordinates": [[[32.8407, 39.87083], [32.84086, 39.87103], [32.841, 39.87097], [32.84084, 39.87077], [32.8407, 39.87083]]]}}, {"type": "Feature", "properties": {}, "geometry": {"type": "Polygon", "coordinates": [[[32.84435, 39.87309], [32.84447, 39.87314], [32.84457, 39.87298], [32.84445, 39.87294], [32.84435, 39.87309]]]}}, {"type": "Feature", "properties": {}, "geometry": {"type": "Polygon", "coordinates": [[[32.8411, 39.87106], [32.84125, 39.87126], [32.84139, 39.8712], [32.84124, 39.871], [32.8411, 39.87106]]]}}, {"type": "Feature", "properties": {}, "geometry": {"type": "Polygon", "coordinates": [[[32.8451, 39.87514], [32.84537, 39.875], [32.84523, 39.87484], [32.84496, 39.87498], [32.8451, 39.87514]]]}}, {"type": "Feature", "properties": {}, "geometry": {"type": "Polygon", "coordinates": [[[32.84472, 39.87437], [32.84488, 39.87454], [32.84498, 39.87448], [32.84483, 39.87431], [32.84472, 39.87437]]]}}, {"type": "Feature", "properties": {}, "geometry": {"type": "Polygon", "coordinates": [[[32.8461, 39.8741], [32.84626, 39.87394], [32.84613, 39.87386], [32.84597, 39.87402], [32.8461, 39.8741]]]}}, {"type": "Feature", "properties": {}, "geometry": {"type": "Polygon", "coordinates": [[[32.84398, 39.87477], [32.84412, 39.87492], [32.84423, 39.87486], [32.8441, 39.87471], [32.84398, 39.87477]]]}}, {"type": "Feature", "properties": {}, "geometry": {"type": "Polygon", "coordinates": [[[32.84428, 39.87386], [32.84442, 39.87399], [32.84456, 39.87391], [32.84442, 39.87378], [32.84428, 39.87386]]]}}, {"type": "Feature", "properties": {}, "geometry": {"type": "Polygon", "coordinates": [[[32.84572, 39.8746], [32.84586, 39.87474], [32.84597, 39.87468], [32.84583, 39.87454], [32.84572, 39.8746]]]}}, {"type": "Feature", "properties": {}, "geometry": {"type": "Polygon", "coordinates": [[[32.84581, 39.87395], [32.84595, 39.87401], [32.84609, 39.87383], [32.84595, 39.87377], [32.84581, 39.87395]]]}}, {"type": "Feature", "properties": {}, "geometry": {"type": "Polygon", "coordinates": [[[32.84209, 39.87379], [32.84224, 39.87399], [32.84237, 39.87394], [32.84222, 39.87373], [32.84209, 39.87379]]]}}, {"type": "Feature", "properties": {}, "geometry": {"type": "Polygon", "coordinates": [[[32.84036, 39.87358], [32.84051, 39.87378], [32.84066, 39.87371], [32.84051, 39.87351], [32.84036, 39.87358]]]}}, {"type": "Feature", "properties": {}, "geometry": {"type": "Polygon", "coordinates": [[[32.84383, 39.87288], [32.84394, 39.87274], [32.84408, 39.87279], [32.84399, 39.87294], [32.84383, 39.87288]]]}}, {"type": "Feature", "properties": {}, "geometry": {"type": "Polygon", "coordinates": [[[32.84444, 39.87452], [32.84458, 39.87469], [32.84482, 39.87457], [32.84468, 39.8744], [32.84444, 39.87452]]]}}, {"type": "Feature", "properties": {}, "geometry": {"type": "Polygon", "coordinates": [[[32.84632, 39.87392], [32.8465, 39.87376], [32.84672, 39.87392], [32.84655, 39.87407], [32.84632, 39.87392]]]}}, {"type": "Feature", "properties": {}, "geometry": {"type": "Polygon", "coordinates": [[[32.84383, 39.87485], [32.84397, 39.875], [32.84408, 39.87494], [32.84394, 39.87479], [32.84383, 39.87485]]]}}, {"type": "Feature", "properties": {}, "geometry": {"type": "Polygon", "coordinates": [[[32.84374, 39.87341], [32.84388, 39.87356], [32.84404, 39.87345], [32.84386, 39.87335], [32.84374, 39.87341]]]}}, {"type": "Feature", "properties": {}, "geometry": {"type": "Polygon", "coordinates": [[[32.84485, 39.87329], [32.84498, 39.87334], [32.84509, 39.87317], [32.84496, 39.87311], [32.84485, 39.87329]]]}}, {"type": "Feature", "properties": {}, "geometry": {"type": "Polygon", "coordinates": [[[32.84325, 39.87364], [32.84341, 39.87381], [32.84353, 39.87374], [32.84337, 39.87357], [32.84325, 39.87364]]]}}, {"type": "Feature", "properties": {}, "geometry": {"type": "Polygon", "coordinates": [[[32.84412, 39.87394], [32.84426, 39.87408], [32.84438, 39.87401], [32.84425, 39.87387], [32.84412, 39.87394]]]}}, {"type": "Feature", "properties": {}, "geometry": {"type": "Polygon", "coordinates": [[[32.84115, 39.87501], [32.84146, 39.87501], [32.84146, 39.87488], [32.84115, 39.87488], [32.84115, 39.87501]]]}}, {"type": "Feature", "properties": {}, "geometry": {"type": "Polygon", "coordinates": [[[32.8438, 39.87456], [32.84396, 39.87473], [32.84407, 39.87467], [32.84392, 39.8745], [32.8438, 39.87456]]]}}, {"type": "Feature", "properties": {}, "geometry": {"type": "Polygon", "coordinates": [[[32.83942, 39.87093], [32.83957, 39.87113], [32.83973, 39.87107], [32.83958, 39.87086], [32.83942, 39.87093]]]}}, {"type": "Feature", "properties": {}, "geometry": {"type": "Polygon", "coordinates": [[[32.84412, 39.87469], [32.84426, 39.87485], [32.84438, 39.87478], [32.84425, 39.87463], [32.84412, 39.87469]]]}}, {"type": "Feature", "properties": {}, "geometry": {"type": "Polygon", "coordinates": [[[32.84341, 39.87356], [32.84356, 39.87373], [32.84368, 39.87367], [32.84352, 39.8735], [32.84341, 39.87356]]]}}, {"type": "Feature", "properties": {}, "geometry": {"type": "Polygon", "coordinates": [[[32.8412, 39.87017], [32.84135, 39.87037], [32.84151, 39.8703], [32.84135, 39.8701], [32.8412, 39.87017]]]}}, {"type": "Feature", "properties": {}, "geometry": {"type": "Polygon", "coordinates": [[[32.84358, 39.87349], [32.84372, 39.87365], [32.84384, 39.87359], [32.84369, 39.87343], [32.84358, 39.87349]]]}}, {"type": "Feature", "properties": {}, "geometry": {"type": "Polygon", "coordinates": [[[32.844, 39.87319], [32.84413, 39.87325], [32.84424, 39.8731], [32.84411, 39.87304], [32.844, 39.87319]]]}}, {"type": "Feature", "properties": {}, "geometry": {"type": "Polygon", "coordinates": [[[32.84113, 39.87518], [32.84144, 39.87519], [32.84146, 39.87506], [32.84114, 39.87505], [32.84113, 39.87518]]]}}, {"type": "Feature", "properties": {}, "geometry": {"type": "Polygon", "coordinates": [[[32.84033, 39.87397], [32.84048, 39.87418], [32.84064, 39.87411], [32.84049, 39.8739], [32.84033, 39.87397]]]}}, {"type": "Feature", "properties": {}, "geometry": {"type": "Polygon", "coordinates": [[[32.84338, 39.87325], [32.84358, 39.87342], [32.84375, 39.8733], [32.84348, 39.87319], [32.84338, 39.87325]]]}}, {"type": "Feature", "properties": {}, "geometry": {"type": "Polygon", "coordinates": [[[32.84345, 39.87403], [32.8436, 39.87418], [32.84382, 39.87405], [32.84368, 39.8739], [32.84345, 39.87403]]]}}, {"type": "Feature", "properties": {}, "geometry": {"type": "Polygon", "coordinates": [[[32.83988, 39.87036], [32.84004, 39.87056], [32.84018, 39.8705], [32.84002, 39.87029], [32.83988, 39.87036]]]}}, {"type": "Feature", "properties": {}, "geometry": {"type": "Polygon", "coordinates": [[[32.84101, 39.87025], [32.84117, 39.87046], [32.84132, 39.87039], [32.84116, 39.87018], [32.84101, 39.87025]]]}}, {"type": "Feature", "properties": {}, "geometry": {"type": "Polygon", "coordinates": [[[32.84055, 39.8735], [32.8407, 39.8737], [32.84086, 39.87363], [32.84071, 39.87343], [32.84055, 39.8735]]]}}, {"type": "Feature", "properties": {}, "geometry": {"type": "Polygon", "coordinates": [[[32.83997, 39.87419], [32.84007, 39.87434], [32.84034, 39.87423], [32.84024, 39.87409], [32.83997, 39.87419]]]}}, {"type": "Feature", "properties": {}, "geometry": {"type": "Polygon", "coordinates": [[[32.84372, 39.87389], [32.84385, 39.87404], [32.844, 39.87397], [32.84386, 39.87382], [32.84372, 39.87389]]]}}, {"type": "Feature", "properties": {}, "geometry": {"type": "Polygon", "coordinates": [[[32.84557, 39.87468], [32.84571, 39.87482], [32.84582, 39.87476], [32.84568, 39.87461], [32.84557, 39.87468]]]}}, {"type": "Feature", "properties": {}, "geometry": {"type": "Polygon", "coordinates": [[[32.84141, 39.87314], [32.84151, 39.87326], [32.84177, 39.87314], [32.84167, 39.87301], [32.84141, 39.87314]]]}}, {"type": "Feature", "properties": {}, "geometry": {"type": "Polygon", "coordinates": [[[32.84187, 39.87413], [32.84217, 39.87401], [32.84203, 39.8738], [32.84173, 39.87391], [32.84187, 39.87413]]]}}, {"type": "Feature", "properties": {}, "geometry": {"type": "Polygon", "coordinates": [[[32.84014, 39.87367], [32.84029, 39.87387], [32.84046, 39.8738], [32.84031, 39.8736], [32.84014, 39.87367]]]}}, {"type": "Feature", "properties": {}, "geometry": {"type": "Polygon", "coordinates": [[[32.84319, 39.87415], [32.84333, 39.87431], [32.84354, 39.87421], [32.8434, 39.87405], [32.84319, 39.87415]]]}}, {"type": "Feature", "properties": {}, "geometry": {"type": "Polygon", "coordinates": [[[32.8398, 39.87103], [32.84007, 39.87091], [32.83998, 39.87079], [32.83971, 39.87091], [32.8398, 39.87103]]]}}, {"type": "Feature", "properties": {}, "geometry": {"type": "Polygon", "coordinates": [[[32.84428, 39.87461], [32.84442, 39.87476], [32.84453, 39.87471], [32.84439, 39.87455], [32.84428, 39.87461]]]}}, {"type": "Feature", "properties": {}, "geometry": {"type": "Polygon", "coordinates": [[[32.84501, 39.87335], [32.84514, 39.8734], [32.84525, 39.87322], [32.84513, 39.87318], [32.84501, 39.87335]]]}}, {"type": "Feature", "properties": {}, "geometry": {"type": "Polygon", "coordinates": [[[32.84251, 39.87452], [32.84262, 39.87464], [32.84284, 39.87453], [32.84273, 39.8744], [32.84251, 39.87452]]]}}, {"type": "Feature", "properties": {}, "geometry": {"type": "Polygon", "coordinates": [[[32.84384, 39.87409], [32.84397, 39.87423], [32.84421, 39.87411], [32.84408, 39.87396], [32.84384, 39.87409]]]}}, {"type": "Feature", "properties": {}, "geometry": {"type": "Polygon", "coordinates": [[[32.84541, 39.87497], [32.84566, 39.87484], [32.84553, 39.87469], [32.84528, 39.87482], [32.84541, 39.87497]]]}}, {"type": "Feature", "properties": {}, "geometry": {"type": "Polygon", "coordinates": [[[32.83958, 39.87075], [32.83984, 39.87063], [32.83975, 39.87051], [32.83949, 39.87063], [32.83958, 39.87075]]]}}, {"type": "Feature", "properties": {}, "geometry": {"type": "Polygon", "coordinates": [[[32.84074, 39.87341], [32.8409, 39.87362], [32.84105, 39.87355], [32.8409, 39.87334], [32.84074, 39.87341]]]}}, {"type": "Feature", "properties": {}, "geometry": {"type": "Polygon", "coordinates": [[[32.84151, 39.87401], [32.84167, 39.87422], [32.84182, 39.87415], [32.84166, 39.87395], [32.84151, 39.87401]]]}}, {"type": "Feature", "properties": {}, "geometry": {"type": "Polygon", "coordinates": [[[32.84082, 39.87033], [32.84098, 39.87054], [32.84113, 39.87047], [32.84097, 39.87026], [32.84082, 39.87033]]]}}, {"type": "Feature", "properties": {}, "geometry": {"type": "Polygon", "coordinates": [[[32.84366, 39.87464], [32.84382, 39.87481], [32.84392, 39.87475], [32.84377, 39.87458], [32.84366, 39.87464]]]}}, {"type": "Feature", "properties": {}, "geometry": {"type": "Polygon", "coordinates": [[[32.83924, 39.87101], [32.83939, 39.87122], [32.83954, 39.87115], [32.83938, 39.87094], [32.83924, 39.87101]]]}}, {"type": "Feature", "properties": {}, "geometry": {"type": "Polygon", "coordinates": [[[32.84, 39.87395], [32.84022, 39.87386], [32.84014, 39.87374], [32.83991, 39.87383], [32.84, 39.87395]]]}}, {"type": "Feature", "properties": {}, "geometry": {"type": "Polygon", "coordinates": [[[32.84468, 39.87348], [32.84494, 39.87358], [32.84505, 39.87341], [32.84479, 39.87331], [32.84468, 39.87348]]]}}, {"type": "Feature", "properties": {}, "geometry": {"type": "Polygon", "coordinates": [[[32.84519, 39.87341], [32.84532, 39.87346], [32.84543, 39.87328], [32.84529, 39.87323], [32.84519, 39.87341]]]}}, {"type": "Feature", "properties": {}, "geometry": {"type": "Polygon", "coordinates": [[[32.84226, 39.87465], [32.8425, 39.8748], [32.84263, 39.87474], [32.84247, 39.87454], [32.84226, 39.87465]]]}}, {"type": "Feature", "properties": {}, "geometry": {"type": "Polygon", "coordinates": [[[32.84309, 39.87371], [32.84326, 39.87389], [32.84337, 39.87383], [32.8432, 39.87365], [32.84309, 39.87371]]]}}, {"type": "Feature", "properties": {}, "geometry": {"type": "Polygon", "coordinates": [[[32.83969, 39.87089], [32.83995, 39.87076], [32.83986, 39.87065], [32.8396, 39.87077], [32.83969, 39.87089]]]}}, {"type": "Feature", "properties": {}, "geometry": {"type": "Polygon", "coordinates": [[[32.84064, 39.8704], [32.84079, 39.87061], [32.84093, 39.87055], [32.84078, 39.87034], [32.84064, 39.8704]]]}}, {"type": "Feature", "properties": {}, "geometry": {"type": "Polygon", "coordinates": [[[32.84357, 39.87468], [32.84336, 39.8748], [32.84352, 39.87497], [32.84373, 39.87485], [32.84357, 39.87468]]]}}, {"type": "Feature", "properties": {}, "geometry": {"type": "Polygon", "coordinates": [[[32.83903, 39.8711], [32.83918, 39.8713], [32.83934, 39.87123], [32.83919, 39.87103], [32.83903, 39.8711]]]}}, {"type": "Feature", "properties": {}, "geometry": {"type": "Polygon", "coordinates": [[[32.84453, 39.87317], [32.8448, 39.87326], [32.84491, 39.87309], [32.84464, 39.873], [32.84453, 39.87317]]]}}, {"type": "Feature", "properties": {}, "geometry": {"type": "Polygon", "coordinates": [[[32.84231, 39.87409], [32.84248, 39.87429], [32.8426, 39.87423], [32.84243, 39.87403], [32.84231, 39.87409]]]}}, {"type": "Feature", "properties": {}, "geometry": {"type": "Polygon", "coordinates": [[[32.84071, 39.87149], [32.84101, 39.87137], [32.84085, 39.87115], [32.84056, 39.87128], [32.84071, 39.87149]]]}}, {"type": "Feature", "properties": {}, "geometry": {"type": "Polygon", "coordinates": [[[32.84315, 39.87417], [32.84296, 39.87428], [32.8431, 39.87445], [32.8433, 39.87433], [32.84315, 39.87417]]]}}, {"type": "Feature", "properties": {}, "geometry": {"type": "Polygon", "coordinates": [[[32.8445, 39.8734], [32.84462, 39.87346], [32.84474, 39.8733], [32.84461, 39.87324], [32.8445, 39.8734]]]}}, {"type": "Feature", "properties": {}, "geometry": {"type": "Polygon", "coordinates": [[[32.83993, 39.87402], [32.84001, 39.87414], [32.84028, 39.87403], [32.8402, 39.87392], [32.83993, 39.87402]]]}}, {"type": "Feature", "properties": {}, "geometry": {"type": "Polygon", "coordinates": [[[32.84217, 39.8753], [32.84248, 39.87529], [32.84247, 39.87515], [32.84217, 39.87516], [32.84217, 39.8753]]]}}, {"type": "Feature", "properties": {}, "geometry": {"type": "Polygon", "coordinates": [[[32.84033, 39.87099], [32.84049, 39.87119], [32.84065, 39.87112], [32.84048, 39.87092], [32.84033, 39.87099]]]}}, {"type": "Feature", "properties": {}, "geometry": {"type": "Polygon", "coordinates": [[[32.84499, 39.87361], [32.84512, 39.87366], [32.84525, 39.87348], [32.84512, 39.87343], [32.84499, 39.87361]]]}}, {"type": "Feature", "properties": {}, "geometry": {"type": "Polygon", "coordinates": [[[32.84299, 39.87344], [32.84274, 39.87354], [32.84281, 39.87363], [32.8429, 39.87372], [32.84314, 39.87362], [32.84299, 39.87344]]]}}, {"type": "Feature", "properties": {}, "geometry": {"type": "Polygon", "coordinates": [[[32.84172, 39.87444], [32.84197, 39.87457], [32.84207, 39.87448], [32.8419, 39.87429], [32.84182, 39.87434], [32.84172, 39.87444]]]}}, {"type": "Feature", "properties": {}, "geometry": {"type": "Polygon", "coordinates": [[[32.84576, 39.87427], [32.84595, 39.87442], [32.84608, 39.87434], [32.846, 39.87427], [32.84585, 39.87421], [32.84576, 39.87427]]]}}, {"type": "Feature", "properties": {}, "geometry": {"type": "Polygon", "coordinates": [[[32.84422, 39.87359], [32.84439, 39.87375], [32.84455, 39.87366], [32.84451, 39.87363], [32.8443, 39.87354], [32.84422, 39.87359]]]}}, {"type": "Feature", "properties": {}, "geometry": {"type": "Polygon", "coordinates": [[[32.84339, 39.87269], [32.84362, 39.87279], [32.84374, 39.87262], [32.84363, 39.87257], [32.84351, 39.87254], [32.84339, 39.87269]]]}}, {"type": "Feature", "properties": {}, "geometry": {"type": "Polygon", "coordinates": [[[32.84248, 39.87363], [32.84261, 39.87383], [32.84273, 39.87379], [32.84273, 39.87378], [32.84279, 39.87375], [32.84267, 39.87356], [32.84248, 39.87363]]]}}, {"type": "Feature", "properties": {}, "geometry": {"type": "Polygon", "coordinates": [[[32.84615, 39.87412], [32.8463, 39.87398], [32.84646, 39.87408], [32.84645, 39.87408], [32.84654, 39.87414], [32.8464, 39.87427], [32.84615, 39.87412]]]}}, {"type": "Feature", "properties": {}, "geometry": {"type": "Polygon", "coordinates": [[[32.84111, 39.87448], [32.84141, 39.87447], [32.84139, 39.87433], [32.84112, 39.87424], [32.84112, 39.8743], [32.8411, 39.8743], [32.84111, 39.87448]]]}}, {"type": "Feature", "properties": {}, "geometry": {"type": "Polygon", "coordinates": [[[32.84215, 39.87493], [32.84246, 39.87492], [32.84248, 39.87483], [32.84221, 39.87469], [32.84219, 39.87473], [32.84217, 39.87472], [32.84215, 39.87493]]]}}, {"type": "Feature", "properties": {}, "geometry": {"type": "Polygon", "coordinates": [[[32.8412, 39.87413], [32.84123, 39.87418], [32.84145, 39.87426], [32.84153, 39.87423], [32.84155, 39.87424], [32.8416, 39.87422], [32.84146, 39.87401], [32.84124, 39.87409], [32.8412, 39.87413]]]}}, {"type": "Feature", "properties": {}, "geometry": {"type": "Polygon", "coordinates": [[[32.84472, 39.87408], [32.84487, 39.87424], [32.84512, 39.8741], [32.84506, 39.87404], [32.84506, 39.87405], [32.84502, 39.874], [32.84501, 39.87401], [32.84495, 39.87395], [32.84472, 39.87408]]]}}, {"type": "Feature", "properties": {}, "geometry": {"type": "Polygon", "coordinates": [[[32.84309, 39.87246], [32.84318, 39.87269], [32.84325, 39.87272], [32.84333, 39.87268], [32.84336, 39.87264], [32.84343, 39.87252], [32.84324, 39.87245], [32.84313, 39.87245], [32.84309, 39.87246]]]}}, {"type": "Feature", "properties": {}, "geometry": {"type": "Polygon", "coordinates": [[[32.84449, 39.87376], [32.84461, 39.8739], [32.84468, 39.87385], [32.84468, 39.87385], [32.84478, 39.87379], [32.84479, 39.87377], [32.84468, 39.87372], [32.8446, 39.8737], [32.84449, 39.87376]]]}}, {"type": "Feature", "properties": {}, "geometry": {"type": "Polygon", "coordinates": [[[32.83962, 39.86944], [32.83946, 39.86924], [32.83961, 39.86917], [32.83977, 39.86937], [32.83962, 39.86944]]]}}, {"type": "Feature", "properties": {}, "geometry": {"type": "Polygon", "coordinates": [[[32.85205, 39.86773], [32.8521, 39.86761], [32.85237, 39.86769], [32.85231, 39.86781], [32.85205, 39.86773]]]}}, {"type": "Feature", "properties": {}, "geometry": {"type": "Polygon", "coordinates": [[[32.831, 39.87345], [32.83128, 39.87357], [32.83138, 39.87344], [32.8311, 39.87331], [32.831, 39.87345]]]}}, {"type": "Feature", "properties": {}, "geometry": {"type": "Polygon", "coordinates": [[[32.83068, 39.87362], [32.83095, 39.87376], [32.83106, 39.87364], [32.83079, 39.8735], [32.83068, 39.87362]]]}}, {"type": "Feature", "properties": {}, "geometry": {"type": "Polygon", "coordinates": [[[32.83115, 39.87321], [32.83139, 39.87334], [32.83151, 39.8732], [32.83127, 39.87307], [32.83115, 39.87321]]]}}, {"type": "Feature", "properties": {}, "geometry": {"type": "Polygon", "coordinates": [[[32.83104, 39.8738], [32.83129, 39.87392], [32.83142, 39.8738], [32.83115, 39.87366], [32.83104, 39.8738]]]}}, {"type": "Feature", "properties": {}, "geometry": {"type": "Polygon", "coordinates": [[[32.83083, 39.87308], [32.83107, 39.87319], [32.8312, 39.87302], [32.83096, 39.87291], [32.83083, 39.87308]]]}}, {"type": "Feature", "properties": {}, "geometry": {"type": "Polygon", "coordinates": [[[32.83137, 39.8736], [32.8316, 39.87372], [32.83172, 39.87358], [32.83148, 39.87347], [32.83137, 39.8736]]]}}, {"type": "Feature", "properties": {}, "geometry": {"type": "Polygon", "coordinates": [[[32.83146, 39.87339], [32.83177, 39.87354], [32.8319, 39.87339], [32.83158, 39.87324], [32.83146, 39.87339]]]}}, {"type": "Feature", "properties": {}, "geometry": {"type": "Polygon", "coordinates": [[[32.83023, 39.87342], [32.83058, 39.87358], [32.83069, 39.87345], [32.83033, 39.87329], [32.83023, 39.87342]]]}}, {"type": "Feature", "properties": {}, "geometry": {"type": "Polygon", "coordinates": [[[32.83067, 39.87327], [32.83093, 39.8734], [32.83105, 39.87325], [32.83079, 39.87312], [32.83067, 39.87327]]]}}, {"type": "Feature", "properties": {}, "geometry": {"type": "Polygon", "coordinates": [[[32.82642, 39.87126], [32.82665, 39.87141], [32.82675, 39.87133], [32.82652, 39.87117], [32.82642, 39.87126]]]}}, {"type": "Feature", "properties": {}, "geometry": {"type": "Polygon", "coordinates": [[[32.82936, 39.87151], [32.82955, 39.87163], [32.82965, 39.87152], [32.82946, 39.87141], [32.82936, 39.87151]]]}}, {"type": "Feature", "properties": {}, "geometry": {"type": "Polygon", "coordinates": [[[32.82637, 39.87063], [32.82663, 39.87076], [32.82671, 39.87067], [32.82645, 39.87054], [32.82637, 39.87063]]]}}, {"type": "Feature", "properties": {}, "geometry": {"type": "Polygon", "coordinates": [[[32.82818, 39.87164], [32.82842, 39.8718], [32.82857, 39.87167], [32.82834, 39.87151], [32.82818, 39.87164]]]}}, {"type": "Feature", "properties": {}, "geometry": {"type": "Polygon", "coordinates": [[[32.82799, 39.86944], [32.82819, 39.86954], [32.82827, 39.86943], [32.82807, 39.86934], [32.82799, 39.86944]]]}}, {"type": "Feature", "properties": {}, "geometry": {"type": "Polygon", "coordinates": [[[32.82634, 39.87149], [32.82646, 39.87157], [32.82661, 39.87143], [32.82649, 39.87135], [32.82634, 39.87149]]]}}, {"type": "Feature", "properties": {}, "geometry": {"type": "Polygon", "coordinates": [[[32.82768, 39.8716], [32.82792, 39.87176], [32.82808, 39.87162], [32.82783, 39.87146], [32.82768, 39.8716]]]}}, {"type": "Feature", "properties": {}, "geometry": {"type": "Polygon", "coordinates": [[[32.82863, 39.87223], [32.82878, 39.87233], [32.82889, 39.87223], [32.82874, 39.87213], [32.82863, 39.87223]]]}}, {"type": "Feature", "properties": {}, "geometry": {"type": "Polygon", "coordinates": [[[32.82685, 39.87091], [32.82708, 39.87107], [32.82718, 39.87098], [32.82695, 39.87082], [32.82685, 39.87091]]]}}, {"type": "Feature", "properties": {}, "geometry": {"type": "Polygon", "coordinates": [[[32.82781, 39.8696], [32.82805, 39.86973], [32.82817, 39.86958], [32.82793, 39.86946], [32.82781, 39.8696]]]}}, {"type": "Feature", "properties": {}, "geometry": {"type": "Polygon", "coordinates": [[[32.82711, 39.87199], [32.82722, 39.87207], [32.82736, 39.87194], [32.82725, 39.87187], [32.82711, 39.87199]]]}}, {"type": "Feature", "properties": {}, "geometry": {"type": "Polygon", "coordinates": [[[32.82745, 39.87192], [32.82756, 39.87199], [32.8277, 39.87187], [32.82758, 39.87179], [32.82745, 39.87192]]]}}, {"type": "Feature", "properties": {}, "geometry": {"type": "Polygon", "coordinates": [[[32.82765, 39.87129], [32.82779, 39.87117], [32.82753, 39.87099], [32.82739, 39.87111], [32.82765, 39.87129]]]}}, {"type": "Feature", "properties": {}, "geometry": {"type": "Polygon", "coordinates": [[[32.82671, 39.87102], [32.82693, 39.87118], [32.82703, 39.8711], [32.82681, 39.87094], [32.82671, 39.87102]]]}}, {"type": "Feature", "properties": {}, "geometry": {"type": "Polygon", "coordinates": [[[32.82923, 39.87164], [32.82942, 39.87176], [32.82952, 39.87166], [32.82933, 39.87154], [32.82923, 39.87164]]]}}, {"type": "Feature", "properties": {}, "geometry": {"type": "Polygon", "coordinates": [[[32.82697, 39.87191], [32.82707, 39.87197], [32.82722, 39.87184], [32.82712, 39.87177], [32.82697, 39.87191]]]}}, {"type": "Feature", "properties": {}, "geometry": {"type": "Polygon", "coordinates": [[[32.82718, 39.87175], [32.82739, 39.87188], [32.82753, 39.87176], [32.82732, 39.87162], [32.82718, 39.87175]]]}}, {"type": "Feature", "properties": {}, "geometry": {"type": "Polygon", "coordinates": [[[32.82627, 39.87075], [32.82652, 39.87088], [32.8266, 39.87079], [32.82635, 39.87066], [32.82627, 39.87075]]]}}, {"type": "Feature", "properties": {}, "geometry": {"type": "Polygon", "coordinates": [[[32.82699, 39.8708], [32.82722, 39.87095], [32.82732, 39.87086], [32.82707, 39.87074], [32.82699, 39.8708]]]}}, {"type": "Feature", "properties": {}, "geometry": {"type": "Polygon", "coordinates": [[[32.82761, 39.86942], [32.82779, 39.8695], [32.82791, 39.86934], [32.82773, 39.86926], [32.82761, 39.86942]]]}}, {"type": "Feature", "properties": {}, "geometry": {"type": "Polygon", "coordinates": [[[32.82685, 39.87154], [32.82698, 39.87162], [32.82711, 39.87149], [32.82698, 39.87141], [32.82685, 39.87154]]]}}, {"type": "Feature", "properties": {}, "geometry": {"type": "Polygon", "coordinates": [[[32.82617, 39.87139], [32.8263, 39.87147], [32.82646, 39.87132], [32.82633, 39.87124], [32.82617, 39.87139]]]}}, {"type": "Feature", "properties": {}, "geometry": {"type": "Polygon", "coordinates": [[[32.82752, 39.87149], [32.82765, 39.87158], [32.8278, 39.87144], [32.82767, 39.87135], [32.82752, 39.87149]]]}}, {"type": "Feature", "properties": {}, "geometry": {"type": "Polygon", "coordinates": [[[32.82903, 39.87177], [32.82925, 39.8719], [32.82938, 39.87178], [32.82916, 39.87164], [32.82903, 39.87177]]]}}, {"type": "Feature", "properties": {}, "geometry": {"type": "Polygon", "coordinates": [[[32.82794, 39.86903], [32.82816, 39.86913], [32.82826, 39.869], [32.82804, 39.8689], [32.82794, 39.86903]]]}}, {"type": "Feature", "properties": {}, "geometry": {"type": "Polygon", "coordinates": [[[32.82761, 39.86983], [32.82782, 39.86994], [32.82793, 39.86982], [32.82771, 39.86971], [32.82761, 39.86983]]]}}, {"type": "Feature", "properties": {}, "geometry": {"type": "Polygon", "coordinates": [[[32.82755, 39.87227], [32.82766, 39.87234], [32.8278, 39.87222], [32.82769, 39.87215], [32.82755, 39.87227]]]}}, {"type": "Feature", "properties": {}, "geometry": {"type": "Polygon", "coordinates": [[[32.82822, 39.86915], [32.82846, 39.86929], [32.82856, 39.86918], [32.82832, 39.86904], [32.82822, 39.86915]]]}}, {"type": "Feature", "properties": {}, "geometry": {"type": "Polygon", "coordinates": [[[32.82771, 39.87132], [32.82784, 39.8714], [32.828, 39.87125], [32.82787, 39.87117], [32.82771, 39.87132]]]}}, {"type": "Feature", "properties": {}, "geometry": {"type": "Polygon", "coordinates": [[[32.82656, 39.87114], [32.82678, 39.8713], [32.82689, 39.87121], [32.82666, 39.87105], [32.82656, 39.87114]]]}}, {"type": "Feature", "properties": {}, "geometry": {"type": "Polygon", "coordinates": [[[32.82827, 39.87199], [32.82841, 39.87209], [32.82855, 39.87197], [32.82841, 39.87187], [32.82827, 39.87199]]]}}, {"type": "Feature", "properties": {}, "geometry": {"type": "Polygon", "coordinates": [[[32.82735, 39.86973], [32.82754, 39.86982], [32.82764, 39.8697], [32.82745, 39.86961], [32.82735, 39.86973]]]}}, {"type": "Feature", "properties": {}, "geometry": {"type": "Polygon", "coordinates": [[[32.82682, 39.87181], [32.82693, 39.87188], [32.82707, 39.87175], [32.82696, 39.87168], [32.82682, 39.87181]]]}}, {"type": "Feature", "properties": {}, "geometry": {"type": "Polygon", "coordinates": [[[32.82701, 39.87164], [32.82711, 39.87171], [32.82726, 39.87158], [32.82715, 39.87151], [32.82701, 39.87164]]]}}, {"type": "Feature", "properties": {}, "geometry": {"type": "Polygon", "coordinates": [[[32.82616, 39.87086], [32.82641, 39.871], [32.82649, 39.8709], [32.82624, 39.87077], [32.82616, 39.87086]]]}}, {"type": "Feature", "properties": {}, "geometry": {"type": "Polygon", "coordinates": [[[32.82788, 39.87144], [32.82813, 39.87159], [32.82827, 39.87146], [32.82802, 39.8713], [32.82788, 39.87144]]]}}, {"type": "Feature", "properties": {}, "geometry": {"type": "Polygon", "coordinates": [[[32.82598, 39.87101], [32.82586, 39.87113], [32.82602, 39.87123], [32.82615, 39.87111], [32.82598, 39.87101]]]}}, {"type": "Feature", "properties": {}, "geometry": {"type": "Polygon", "coordinates": [[[32.82751, 39.86956], [32.82767, 39.86964], [32.82775, 39.86953], [32.82759, 39.86945], [32.82751, 39.86956]]]}}, {"type": "Feature", "properties": {}, "geometry": {"type": "Polygon", "coordinates": [[[32.82798, 39.87179], [32.82809, 39.87186], [32.82823, 39.87174], [32.82813, 39.87167], [32.82798, 39.87179]]]}}, {"type": "Feature", "properties": {}, "geometry": {"type": "Polygon", "coordinates": [[[32.82602, 39.87129], [32.82613, 39.87136], [32.8263, 39.87121], [32.82619, 39.87114], [32.82602, 39.87129]]]}}, {"type": "Feature", "properties": {}, "geometry": {"type": "Polygon", "coordinates": [[[32.8288, 39.87209], [32.82894, 39.87218], [32.8291, 39.87204], [32.82896, 39.87195], [32.8288, 39.87209]]]}}, {"type": "Feature", "properties": {}, "geometry": {"type": "Polygon", "coordinates": [[[32.82666, 39.8717], [32.8268, 39.87179], [32.82694, 39.87166], [32.82681, 39.87157], [32.82666, 39.8717]]]}}, {"type": "Feature", "properties": {}, "geometry": {"type": "Polygon", "coordinates": [[[32.82603, 39.87098], [32.82627, 39.87113], [32.82638, 39.87103], [32.82612, 39.87089], [32.82603, 39.87098]]]}}, {"type": "Feature", "properties": {}, "geometry": {"type": "Polygon", "coordinates": [[[32.82726, 39.8721], [32.82749, 39.87224], [32.82763, 39.87212], [32.8274, 39.87197], [32.82726, 39.8721]]]}}, {"type": "Feature", "properties": {}, "geometry": {"type": "Polygon", "coordinates": [[[32.8276, 39.87203], [32.82782, 39.87217], [32.82796, 39.87204], [32.82774, 39.8719], [32.8276, 39.87203]]]}}, {"type": "Feature", "properties": {}, "geometry": {"type": "Polygon", "coordinates": [[[32.82649, 39.87051], [32.82674, 39.87065], [32.82682, 39.87056], [32.82657, 39.87042], [32.82649, 39.87051]]]}}, {"type": "Feature", "properties": {}, "geometry": {"type": "Polygon", "coordinates": [[[32.82811, 39.86931], [32.82832, 39.86942], [32.82841, 39.86932], [32.8282, 39.86921], [32.82811, 39.86931]]]}}, {"type": "Feature", "properties": {}, "geometry": {"type": "Polygon", "coordinates": [[[32.82733, 39.87113], [32.82721, 39.87124], [32.82739, 39.87136], [32.82736, 39.87139], [32.82745, 39.87145], [32.8276, 39.87132], [32.82733, 39.87113]]]}}, {"type": "Feature", "properties": {}, "geometry": {"type": "Polygon", "coordinates": [[[32.82776, 39.86922], [32.82787, 39.86927], [32.82789, 39.86924], [32.82802, 39.8693], [32.82809, 39.86921], [32.82798, 39.86916], [32.82801, 39.86911], [32.82789, 39.86906], [32.82776, 39.86922]]]}}, {"type": "Feature", "properties": {}, "geometry": {"type": "Polygon", "coordinates": [[[32.83013, 39.86892], [32.8301, 39.86909], [32.83018, 39.86909], [32.83018, 39.86912], [32.83036, 39.86914], [32.83039, 39.86894], [32.83031, 39.86894], [32.83031, 39.86895], [32.83022, 39.86894], [32.83022, 39.86893], [32.83013, 39.86892]]]}}, {"type": "Feature", "properties": {}, "geometry": {"type": "Polygon", "coordinates": [[[32.83324, 39.87144], [32.83313, 39.87153], [32.83316, 39.87156], [32.83315, 39.87157], [32.83316, 39.87157], [32.83315, 39.87158], [32.83321, 39.87163], [32.83322, 39.87162], [32.83323, 39.87163], [32.83324, 39.87162], [32.83328, 39.87164], [32.83339, 39.87156], [32.83324, 39.87144]]]}}, {"type": "Feature", "properties": {}, "geometry": {"type": "Polygon", "coordinates": [[[32.83002, 39.86944], [32.83022, 39.86954], [32.83031, 39.86944], [32.83011, 39.86933], [32.83002, 39.86944]]]}}, {"type": "Feature", "properties": {}, "geometry": {"type": "Polygon", "coordinates": [[[32.83237, 39.87099], [32.83255, 39.8711], [32.83265, 39.87101], [32.83247, 39.87089], [32.83237, 39.87099]]]}}, {"type": "Feature", "properties": {}, "geometry": {"type": "Polygon", "coordinates": [[[32.83056, 39.87026], [32.83074, 39.87032], [32.83083, 39.87014], [32.83065, 39.87009], [32.83056, 39.87026]]]}}, {"type": "Feature", "properties": {}, "geometry": {"type": "Polygon", "coordinates": [[[32.82959, 39.87247], [32.82981, 39.87256], [32.82993, 39.87237], [32.82971, 39.87228], [32.82959, 39.87247]]]}}, {"type": "Feature", "properties": {}, "geometry": {"type": "Polygon", "coordinates": [[[32.82888, 39.86998], [32.8291, 39.8701], [32.82927, 39.86991], [32.82905, 39.86979], [32.82888, 39.86998]]]}}, {"type": "Feature", "properties": {}, "geometry": {"type": "Polygon", "coordinates": [[[32.82885, 39.8684], [32.829, 39.86847], [32.82914, 39.86832], [32.82899, 39.86824], [32.82885, 39.8684]]]}}, {"type": "Feature", "properties": {}, "geometry": {"type": "Polygon", "coordinates": [[[32.82864, 39.86897], [32.82883, 39.86907], [32.82894, 39.86894], [32.82875, 39.86884], [32.82864, 39.86897]]]}}, {"type": "Feature", "properties": {}, "geometry": {"type": "Polygon", "coordinates": [[[32.83054, 39.87086], [32.83071, 39.87091], [32.83078, 39.87077], [32.8306, 39.87072], [32.83054, 39.87086]]]}}, {"type": "Feature", "properties": {}, "geometry": {"type": "Polygon", "coordinates": [[[32.83027, 39.8702], [32.83048, 39.87027], [32.83059, 39.87005], [32.83038, 39.86999], [32.83027, 39.8702]]]}}, {"type": "Feature", "properties": {}, "geometry": {"type": "Polygon", "coordinates": [[[32.82874, 39.87281], [32.82904, 39.87295], [32.82918, 39.87276], [32.82889, 39.87262], [32.82874, 39.87281]]]}}, {"type": "Feature", "properties": {}, "geometry": {"type": "Polygon", "coordinates": [[[32.83014, 39.87272], [32.83033, 39.87281], [32.83047, 39.87263], [32.83028, 39.87254], [32.83014, 39.87272]]]}}, {"type": "Feature", "properties": {}, "geometry": {"type": "Polygon", "coordinates": [[[32.82946, 39.86915], [32.8297, 39.86927], [32.82979, 39.86917], [32.82955, 39.86905], [32.82946, 39.86915]]]}}, {"type": "Feature", "properties": {}, "geometry": {"type": "Polygon", "coordinates": [[[32.83245, 39.87131], [32.83266, 39.87147], [32.83276, 39.87139], [32.83255, 39.87123], [32.83245, 39.87131]]]}}, {"type": "Feature", "properties": {}, "geometry": {"type": "Polygon", "coordinates": [[[32.82984, 39.86996], [32.83006, 39.87006], [32.83018, 39.86993], [32.82996, 39.86982], [32.82984, 39.86996]]]}}, {"type": "Feature", "properties": {}, "geometry": {"type": "Polygon", "coordinates": [[[32.82976, 39.87098], [32.83001, 39.87105], [32.83009, 39.8709], [32.82984, 39.87082], [32.82976, 39.87098]]]}}, {"type": "Feature", "properties": {}, "geometry": {"type": "Polygon", "coordinates": [[[32.83113, 39.8708], [32.83144, 39.87092], [32.83152, 39.87079], [32.83121, 39.87068], [32.83113, 39.8708]]]}}, {"type": "Feature", "properties": {}, "geometry": {"type": "Polygon", "coordinates": [[[32.8282, 39.86868], [32.8284, 39.86878], [32.8285, 39.86866], [32.8283, 39.86856], [32.8282, 39.86868]]]}}, {"type": "Feature", "properties": {}, "geometry": {"type": "Polygon", "coordinates": [[[32.82992, 39.87293], [32.83016, 39.87304], [32.83029, 39.87287], [32.83004, 39.87276], [32.82992, 39.87293]]]}}, {"type": "Feature", "properties": {}, "geometry": {"type": "Polygon", "coordinates": [[[32.82915, 39.86969], [32.82935, 39.8698], [32.82948, 39.86965], [32.82928, 39.86955], [32.82915, 39.86969]]]}}, {"type": "Feature", "properties": {}, "geometry": {"type": "Polygon", "coordinates": [[[32.82944, 39.86856], [32.82971, 39.86865], [32.82976, 39.86856], [32.82949, 39.86846], [32.82944, 39.86856]]]}}, {"type": "Feature", "properties": {}, "geometry": {"type": "Polygon", "coordinates": [[[32.82917, 39.86902], [32.82941, 39.86913], [32.8295, 39.86901], [32.82927, 39.8689], [32.82917, 39.86902]]]}}, {"type": "Feature", "properties": {}, "geometry": {"type": "Polygon", "coordinates": [[[32.83269, 39.87152], [32.83286, 39.87163], [32.83297, 39.87153], [32.8328, 39.87142], [32.83269, 39.87152]]]}}, {"type": "Feature", "properties": {}, "geometry": {"type": "Polygon", "coordinates": [[[32.83077, 39.87123], [32.83106, 39.87135], [32.83116, 39.87121], [32.83086, 39.87109], [32.83077, 39.87123]]]}}, {"type": "Feature", "properties": {}, "geometry": {"type": "Polygon", "coordinates": [[[32.82803, 39.87], [32.8282, 39.87008], [32.82835, 39.8699], [32.82818, 39.86982], [32.82803, 39.87]]]}}, {"type": "Feature", "properties": {}, "geometry": {"type": "Polygon", "coordinates": [[[32.82928, 39.87017], [32.82947, 39.87026], [32.82958, 39.87013], [32.82938, 39.87004], [32.82928, 39.87017]]]}}, {"type": "Feature", "properties": {}, "geometry": {"type": "Polygon", "coordinates": [[[32.83096, 39.87098], [32.83125, 39.87109], [32.83134, 39.87095], [32.83105, 39.87084], [32.83096, 39.87098]]]}}, {"type": "Feature", "properties": {}, "geometry": {"type": "Polygon", "coordinates": [[[32.83106, 39.87042], [32.83128, 39.87048], [32.83136, 39.8703], [32.83114, 39.87024], [32.83106, 39.87042]]]}}, {"type": "Feature", "properties": {}, "geometry": {"type": "Polygon", "coordinates": [[[32.82932, 39.87265], [32.82956, 39.87276], [32.82968, 39.87259], [32.82944, 39.87248], [32.82932, 39.87265]]]}}, {"type": "Feature", "properties": {}, "geometry": {"type": "Polygon", "coordinates": [[[32.82963, 39.86946], [32.8299, 39.86959], [32.82997, 39.86949], [32.82971, 39.86936], [32.82963, 39.86946]]]}}, {"type": "Feature", "properties": {}, "geometry": {"type": "Polygon", "coordinates": [[[32.83176, 39.87092], [32.83199, 39.87103], [32.83211, 39.87087], [32.83188, 39.87077], [32.83176, 39.87092]]]}}, {"type": "Feature", "properties": {}, "geometry": {"type": "Polygon", "coordinates": [[[32.82861, 39.86983], [32.82882, 39.86993], [32.82897, 39.86976], [32.82876, 39.86965], [32.82861, 39.86983]]]}}, {"type": "Feature", "properties": {}, "geometry": {"type": "Polygon", "coordinates": [[[32.83038, 39.87109], [32.83068, 39.87117], [32.83072, 39.87107], [32.83043, 39.87099], [32.83038, 39.87109]]]}}, {"type": "Feature", "properties": {}, "geometry": {"type": "Polygon", "coordinates": [[[32.82858, 39.86864], [32.82877, 39.86874], [32.82887, 39.86862], [32.82868, 39.86852], [32.82858, 39.86864]]]}}, {"type": "Feature", "properties": {}, "geometry": {"type": "Polygon", "coordinates": [[[32.82948, 39.87051], [32.8297, 39.87065], [32.82983, 39.87052], [32.82961, 39.87039], [32.82948, 39.87051]]]}}, {"type": "Feature", "properties": {}, "geometry": {"type": "Polygon", "coordinates": [[[32.83205, 39.87101], [32.83222, 39.87113], [32.83234, 39.87103], [32.83217, 39.87091], [32.83205, 39.87101]]]}}, {"type": "Feature", "properties": {}, "geometry": {"type": "Polygon", "coordinates": [[[32.8303, 39.87079], [32.83049, 39.87084], [32.83055, 39.87072], [32.83035, 39.87066], [32.8303, 39.87079]]]}}, {"type": "Feature", "properties": {}, "geometry": {"type": "Polygon", "coordinates": [[[32.83089, 39.8707], [32.83105, 39.87076], [32.83112, 39.87063], [32.83095, 39.87058], [32.83089, 39.8707]]]}}, {"type": "Feature", "properties": {}, "geometry": {"type": "Polygon", "coordinates": [[[32.8291, 39.87298], [32.82937, 39.8731], [32.82951, 39.87291], [32.82925, 39.87279], [32.8291, 39.87298]]]}}, {"type": "Feature", "properties": {}, "geometry": {"type": "Polygon", "coordinates": [[[32.82987, 39.87259], [32.83011, 39.87268], [32.83023, 39.87249], [32.83, 39.8724], [32.82987, 39.87259]]]}}, {"type": "Feature", "properties": {}, "geometry": {"type": "Polygon", "coordinates": [[[32.82832, 39.86967], [32.82856, 39.86981], [32.82871, 39.86966], [32.82846, 39.86952], [32.82832, 39.86967]]]}}, {"type": "Feature", "properties": {}, "geometry": {"type": "Polygon", "coordinates": [[[32.82978, 39.87012], [32.82998, 39.87022], [32.83006, 39.87012], [32.82986, 39.87002], [32.82978, 39.87012]]]}}, {"type": "Feature", "properties": {}, "geometry": {"type": "Polygon", "coordinates": [[[32.82886, 39.86958], [32.82905, 39.86968], [32.82921, 39.8695], [32.82902, 39.8694], [32.82886, 39.86958]]]}}, {"type": "Feature", "properties": {}, "geometry": {"type": "Polygon", "coordinates": [[[32.82998, 39.87071], [32.83025, 39.87078], [32.83031, 39.87063], [32.83005, 39.87057], [32.82998, 39.87071]]]}}, {"type": "Feature", "properties": {}, "geometry": {"type": "Polygon", "coordinates": [[[32.82932, 39.8687], [32.82963, 39.86882], [32.8297, 39.86872], [32.82938, 39.8686], [32.82932, 39.8687]]]}}, {"type": "Feature", "properties": {}, "geometry": {"type": "Polygon", "coordinates": [[[32.82946, 39.87313], [32.82974, 39.87326], [32.82988, 39.87307], [32.8296, 39.87295], [32.82946, 39.87313]]]}}, {"type": "Feature", "properties": {}, "geometry": {"type": "Polygon", "coordinates": [[[32.82904, 39.86917], [32.82926, 39.86927], [32.82935, 39.86916], [32.82913, 39.86906], [32.82904, 39.86917]]]}}, {"type": "Feature", "properties": {}, "geometry": {"type": "Polygon", "coordinates": [[[32.83289, 39.87167], [32.83305, 39.87178], [32.83319, 39.87167], [32.83303, 39.87156], [32.83289, 39.87167]]]}}, {"type": "Feature", "properties": {}, "geometry": {"type": "Polygon", "coordinates": [[[32.82944, 39.87001], [32.82963, 39.87011], [32.82974, 39.86998], [32.82954, 39.86989], [32.82944, 39.87001]]]}}, {"type": "Feature", "properties": {}, "geometry": {"type": "Polygon", "coordinates": [[[32.83259, 39.87113], [32.83274, 39.87122], [32.83285, 39.87112], [32.8327, 39.87102], [32.83259, 39.87113]]]}}, {"type": "Feature", "properties": {}, "geometry": {"type": "Polygon", "coordinates": [[[32.83065, 39.87065], [32.83084, 39.8707], [32.8309, 39.87057], [32.83071, 39.87052], [32.83065, 39.87065]]]}}, {"type": "Feature", "properties": {}, "geometry": {"type": "Polygon", "coordinates": [[[32.83079, 39.87035], [32.831, 39.8704], [32.83108, 39.87022], [32.83087, 39.87017], [32.83079, 39.87035]]]}}, {"type": "Feature", "properties": {}, "geometry": {"type": "Polygon", "coordinates": [[[32.82906, 39.87252], [32.82927, 39.87261], [32.82939, 39.87245], [32.82918, 39.87236], [32.82906, 39.87252]]]}}, {"type": "Feature", "properties": {}, "geometry": {"type": "Polygon", "coordinates": [[[32.82857, 39.86945], [32.82877, 39.86954], [32.82891, 39.86937], [32.82871, 39.86927], [32.82857, 39.86945]]]}}, {"type": "Feature", "properties": {}, "geometry": {"type": "Polygon", "coordinates": [[[32.82976, 39.86931], [32.82998, 39.86942], [32.83007, 39.86932], [32.82985, 39.8692], [32.82976, 39.86931]]]}}, {"type": "Feature", "properties": {}, "geometry": {"type": "Polygon", "coordinates": [[[32.82908, 39.87062], [32.82929, 39.87074], [32.82943, 39.87059], [32.82923, 39.87047], [32.82908, 39.87062]]]}}, {"type": "Feature", "properties": {}, "geometry": {"type": "Polygon", "coordinates": [[[32.82906, 39.86848], [32.82921, 39.86856], [32.82932, 39.86843], [32.82917, 39.86835], [32.82906, 39.86848]]]}}, {"type": "Feature", "properties": {}, "geometry": {"type": "Polygon", "coordinates": [[[32.83004, 39.87107], [32.82998, 39.87118], [32.83027, 39.87127], [32.83033, 39.87116], [32.83004, 39.87107]]]}}, {"type": "Feature", "properties": {}, "geometry": {"type": "Polygon", "coordinates": [[[32.82842, 39.86883], [32.82858, 39.8689], [32.82869, 39.86876], [32.82853, 39.86869], [32.82842, 39.86883]]]}}, {"type": "Feature", "properties": {}, "geometry": {"type": "Polygon", "coordinates": [[[32.82915, 39.87031], [32.82938, 39.87044], [32.82948, 39.87033], [32.82925, 39.87021], [32.82915, 39.87031]]]}}, {"type": "Feature", "properties": {}, "geometry": {"type": "Polygon", "coordinates": [[[32.83013, 39.87054], [32.83052, 39.87063], [32.83058, 39.87048], [32.83019, 39.87038], [32.83013, 39.87054]]]}}, {"type": "Feature", "properties": {}, "geometry": {"type": "Polygon", "coordinates": [[[32.83035, 39.86886], [32.83039, 39.86864], [32.83019, 39.86862], [32.83015, 39.86884], [32.83035, 39.86886]]]}}, {"type": "Feature", "properties": {}, "geometry": {"type": "Polygon", "coordinates": [[[32.82935, 39.86932], [32.82958, 39.86941], [32.82966, 39.8693], [32.82944, 39.8692], [32.82935, 39.86932]]]}}, {"type": "Feature", "properties": {}, "geometry": {"type": "Polygon", "coordinates": [[[32.83224, 39.87116], [32.8324, 39.87128], [32.8325, 39.8712], [32.83234, 39.87108], [32.83224, 39.87116]]]}}, {"type": "Feature", "properties": {}, "geometry": {"type": "Polygon", "coordinates": [[[32.82958, 39.86984], [32.82979, 39.86994], [32.82991, 39.8698], [32.8297, 39.8697], [32.82958, 39.86984]]]}}, {"type": "Feature", "properties": {}, "geometry": {"type": "Polygon", "coordinates": [[[32.82847, 39.87028], [32.8287, 39.87039], [32.82886, 39.87019], [32.82862, 39.87008], [32.82847, 39.87028]]]}}, {"type": "Feature", "properties": {}, "geometry": {"type": "Polygon", "coordinates": [[[32.83009, 39.87104], [32.83034, 39.8711], [32.83039, 39.87097], [32.83013, 39.87092], [32.83009, 39.87104]]]}}, {"type": "Feature", "properties": {}, "geometry": {"type": "Polygon", "coordinates": [[[32.82833, 39.86853], [32.82853, 39.86862], [32.82863, 39.8685], [32.82843, 39.86841], [32.82833, 39.86853]]]}}, {"type": "Feature", "properties": {}, "geometry": {"type": "Polygon", "coordinates": [[[32.82996, 39.86961], [32.8302, 39.86973], [32.83028, 39.86963], [32.83004, 39.86951], [32.82996, 39.86961]]]}}, {"type": "Feature", "properties": {}, "geometry": {"type": "Polygon", "coordinates": [[[32.82979, 39.86868], [32.83006, 39.86873], [32.83011, 39.86859], [32.82984, 39.86854], [32.82979, 39.86868]]]}}, {"type": "Feature", "properties": {}, "geometry": {"type": "Polygon", "coordinates": [[[32.83061, 39.87142], [32.83093, 39.87154], [32.83102, 39.8714], [32.8307, 39.87128], [32.83061, 39.87142]]]}}, {"type": "Feature", "properties": {}, "geometry": {"type": "Polygon", "coordinates": [[[32.82827, 39.87012], [32.82847, 39.87021], [32.8286, 39.87003], [32.8284, 39.86995], [32.82827, 39.87012]]]}}, {"type": "Feature", "properties": {}, "geometry": {"type": "Polygon", "coordinates": [[[32.82879, 39.8688], [32.82902, 39.86893], [32.82914, 39.86879], [32.82891, 39.86867], [32.82879, 39.8688]]]}}, {"type": "Feature", "properties": {}, "geometry": {"type": "Polygon", "coordinates": [[[32.82961, 39.87032], [32.82983, 39.87043], [32.82995, 39.8703], [32.82973, 39.87018], [32.82961, 39.87032]]]}}, {"type": "Feature", "properties": {}, "geometry": {"type": "Polygon", "coordinates": [[[32.82855, 39.86827], [32.82879, 39.86838], [32.82886, 39.86829], [32.82873, 39.86823], [32.82875, 39.86821], [32.82864, 39.86816], [32.82855, 39.86827]]]}}, {"type": "Feature", "properties": {}, "geometry": {"type": "Polygon", "coordinates": [[[32.82904, 39.8706], [32.8292, 39.87045], [32.82904, 39.87035], [32.829, 39.87039], [32.82897, 39.87038], [32.82886, 39.87049], [32.82904, 39.8706]]]}}, {"type": "Feature", "properties": {}, "geometry": {"type": "Polygon", "coordinates": [[[32.82933, 39.87075], [32.82944, 39.87082], [32.8296, 39.87082], [32.8297, 39.87071], [32.82958, 39.87065], [32.82952, 39.87071], [32.82942, 39.87066], [32.82933, 39.87075]]]}}, {"type": "Feature", "properties": {}, "geometry": {"type": "Polygon", "coordinates": [[[32.82951, 39.87242], [32.82964, 39.87226], [32.82946, 39.87218], [32.82941, 39.87217], [32.82936, 39.87219], [32.82931, 39.87223], [32.82929, 39.87227], [32.8293, 39.87232], [32.82934, 39.87235], [32.82951, 39.87242]]]}}, {"type": "Feature", "properties": {}, "geometry": {"type": "Polygon", "coordinates": [[[32.83308, 39.87041], [32.83326, 39.87053], [32.83344, 39.87037], [32.83333, 39.8703], [32.83331, 39.87032], [32.83328, 39.87031], [32.83326, 39.87033], [32.83323, 39.8703], [32.83319, 39.87033], [32.83318, 39.87032], [32.83308, 39.87041]]]}}, {"type": "Feature", "properties": {}, "geometry": {"type": "Polygon", "coordinates": [[[32.83373, 39.87066], [32.83399, 39.87082], [32.83411, 39.87071], [32.83385, 39.87055], [32.83373, 39.87066]]]}}, {"type": "Feature", "properties": {}, "geometry": {"type": "Polygon", "coordinates": [[[32.83457, 39.87103], [32.83476, 39.87118], [32.83489, 39.87109], [32.8347, 39.87093], [32.83457, 39.87103]]]}}, {"type": "Feature", "properties": {}, "geometry": {"type": "Polygon", "coordinates": [[[32.83346, 39.87023], [32.83358, 39.87032], [32.83376, 39.87017], [32.83364, 39.87008], [32.83346, 39.87023]]]}}, {"type": "Feature", "properties": {}, "geometry": {"type": "Polygon", "coordinates": [[[32.83325, 39.87113], [32.83339, 39.87123], [32.83359, 39.87106], [32.83345, 39.87096], [32.83325, 39.87113]]]}}, {"type": "Feature", "properties": {}, "geometry": {"type": "Polygon", "coordinates": [[[32.83398, 39.87047], [32.8342, 39.87059], [32.83427, 39.8705], [32.83406, 39.87039], [32.83398, 39.87047]]]}}, {"type": "Feature", "properties": {}, "geometry": {"type": "Polygon", "coordinates": [[[32.83469, 39.87136], [32.83486, 39.87149], [32.835, 39.87139], [32.83483, 39.87125], [32.83469, 39.87136]]]}}, {"type": "Feature", "properties": {}, "geometry": {"type": "Polygon", "coordinates": [[[32.8329, 39.87028], [32.83305, 39.87038], [32.83322, 39.87022], [32.83306, 39.87012], [32.8329, 39.87028]]]}}, {"type": "Feature", "properties": {}, "geometry": {"type": "Polygon", "coordinates": [[[32.83405, 39.87089], [32.8342, 39.87099], [32.83435, 39.87085], [32.8342, 39.87076], [32.83405, 39.87089]]]}}, {"type": "Feature", "properties": {}, "geometry": {"type": "Polygon", "coordinates": [[[32.83308, 39.87006], [32.83323, 39.87015], [32.83337, 39.87], [32.83323, 39.86991], [32.83308, 39.87006]]]}}, {"type": "Feature", "properties": {}, "geometry": {"type": "Polygon", "coordinates": [[[32.83442, 39.87113], [32.83462, 39.8713], [32.83474, 39.87122], [32.83453, 39.87105], [32.83442, 39.87113]]]}}, {"type": "Feature", "properties": {}, "geometry": {"type": "Polygon", "coordinates": [[[32.83373, 39.87094], [32.83398, 39.87113], [32.83412, 39.87102], [32.83386, 39.87084], [32.83373, 39.87094]]]}}, {"type": "Feature", "properties": {}, "geometry": {"type": "Polygon", "coordinates": [[[32.83415, 39.87133], [32.83432, 39.87147], [32.83445, 39.87137], [32.83428, 39.87124], [32.83415, 39.87133]]]}}, {"type": "Feature", "properties": {}, "geometry": {"type": "Polygon", "coordinates": [[[32.83428, 39.87065], [32.83448, 39.87076], [32.83459, 39.87064], [32.8344, 39.87053], [32.83428, 39.87065]]]}}, {"type": "Feature", "properties": {}, "geometry": {"type": "Polygon", "coordinates": [[[32.83381, 39.87159], [32.834, 39.87173], [32.8341, 39.87165], [32.83392, 39.8715], [32.83381, 39.87159]]]}}, {"type": "Feature", "properties": {}, "geometry": {"type": "Polygon", "coordinates": [[[32.83507, 39.8711], [32.83523, 39.87121], [32.83535, 39.87111], [32.83519, 39.87099], [32.83507, 39.8711]]]}}, {"type": "Feature", "properties": {}, "geometry": {"type": "Polygon", "coordinates": [[[32.8335, 39.87078], [32.83365, 39.87088], [32.83378, 39.87076], [32.83363, 39.87066], [32.8335, 39.87078]]]}}, {"type": "Feature", "properties": {}, "geometry": {"type": "Polygon", "coordinates": [[[32.83491, 39.87125], [32.83505, 39.87135], [32.83517, 39.87125], [32.83504, 39.87115], [32.83491, 39.87125]]]}}, {"type": "Feature", "properties": {}, "geometry": {"type": "Polygon", "coordinates": [[[32.83327, 39.87014], [32.83341, 39.87024], [32.83358, 39.8701], [32.83344, 39.87], [32.83327, 39.87014]]]}}, {"type": "Feature", "properties": {}, "geometry": {"type": "Polygon", "coordinates": [[[32.83345, 39.87127], [32.83363, 39.8714], [32.83384, 39.87123], [32.83366, 39.8711], [32.83345, 39.87127]]]}}, {"type": "Feature", "properties": {}, "geometry": {"type": "Polygon", "coordinates": [[[32.83397, 39.87146], [32.83413, 39.87159], [32.83425, 39.8715], [32.83409, 39.87137], [32.83397, 39.87146]]]}}, {"type": "Feature", "properties": {}, "geometry": {"type": "Polygon", "coordinates": [[[32.83625, 39.86782], [32.83647, 39.86771], [32.83649, 39.86771], [32.83659, 39.86789], [32.83657, 39.86792], [32.83645, 39.86796], [32.83634, 39.86792], [32.83632, 39.86789], [32.83634, 39.86788], [32.83632, 39.86786], [32.8363, 39.86787], [32.83625, 39.86782]]]}}, {"type": "Feature", "properties": {}, "geometry": {"type": "Polygon", "coordinates": [[[32.83677, 39.86567], [32.8369, 39.86587], [32.83712, 39.86578], [32.83706, 39.86569], [32.83705, 39.8657], [32.83703, 39.86567], [32.837, 39.86569], [32.83698, 39.86565], [32.83695, 39.86566], [32.83693, 39.86563], [32.83691, 39.86564], [32.8369, 39.86562], [32.83677, 39.86567]]]}}, {"type": "Feature", "properties": {}, "geometry": {"type": "Polygon", "coordinates": [[[32.84385, 39.87059], [32.84393, 39.87081], [32.84407, 39.87078], [32.844, 39.87056], [32.84385, 39.87059]]]}}, {"type": "Feature", "properties": {}, "geometry": {"type": "Polygon", "coordinates": [[[32.83732, 39.87063], [32.83749, 39.87088], [32.8377, 39.8708], [32.83753, 39.87055], [32.83732, 39.87063]]]}}, {"type": "Feature", "properties": {}, "geometry": {"type": "Polygon", "coordinates": [[[32.83432, 39.8657], [32.83439, 39.86582], [32.83457, 39.86576], [32.83451, 39.86564], [32.83432, 39.8657]]]}}, {"type": "Feature", "properties": {}, "geometry": {"type": "Polygon", "coordinates": [[[32.83388, 39.86443], [32.83413, 39.86437], [32.83408, 39.86426], [32.83383, 39.86432], [32.83388, 39.86443]]]}}, {"type": "Feature", "properties": {}, "geometry": {"type": "Polygon", "coordinates": [[[32.8443, 39.86912], [32.84437, 39.86924], [32.84466, 39.86914], [32.84459, 39.86902], [32.8443, 39.86912]]]}}, {"type": "Feature", "properties": {}, "geometry": {"type": "Polygon", "coordinates": [[[32.83643, 39.86745], [32.83651, 39.86755], [32.83673, 39.86745], [32.83665, 39.86734], [32.83643, 39.86745]]]}}, {"type": "Feature", "properties": {}, "geometry": {"type": "Polygon", "coordinates": [[[32.84289, 39.86963], [32.84301, 39.86982], [32.84314, 39.86978], [32.84301, 39.86959], [32.84289, 39.86963]]]}}, {"type": "Feature", "properties": {}, "geometry": {"type": "Polygon", "coordinates": [[[32.83526, 39.86558], [32.83553, 39.8655], [32.83542, 39.8653], [32.83515, 39.86538], [32.83526, 39.86558]]]}}, {"type": "Feature", "properties": {}, "geometry": {"type": "Polygon", "coordinates": [[[32.83567, 39.86531], [32.83574, 39.86542], [32.83595, 39.86535], [32.83588, 39.86524], [32.83567, 39.86531]]]}}, {"type": "Feature", "properties": {}, "geometry": {"type": "Polygon", "coordinates": [[[32.83999, 39.86985], [32.84014, 39.87006], [32.84029, 39.87], [32.84014, 39.86979], [32.83999, 39.86985]]]}}, {"type": "Feature", "properties": {}, "geometry": {"type": "Polygon", "coordinates": [[[32.84467, 39.87064], [32.84498, 39.87065], [32.84499, 39.87051], [32.84468, 39.87051], [32.84467, 39.87064]]]}}, {"type": "Feature", "properties": {}, "geometry": {"type": "Polygon", "coordinates": [[[32.8364, 39.86596], [32.83667, 39.86586], [32.83658, 39.86572], [32.83631, 39.86581], [32.8364, 39.86596]]]}}, {"type": "Feature", "properties": {}, "geometry": {"type": "Polygon", "coordinates": [[[32.84335, 39.86933], [32.84348, 39.86954], [32.84376, 39.86943], [32.84364, 39.86923], [32.84335, 39.86933]]]}}, {"type": "Feature", "properties": {}, "geometry": {"type": "Polygon", "coordinates": [[[32.83511, 39.86567], [32.83517, 39.86579], [32.83534, 39.86574], [32.83527, 39.86562], [32.83511, 39.86567]]]}}, {"type": "Feature", "properties": {}, "geometry": {"type": "Polygon", "coordinates": [[[32.83571, 39.86505], [32.83553, 39.86511], [32.83563, 39.86528], [32.83581, 39.86522], [32.83571, 39.86505]]]}}, {"type": "Feature", "properties": {}, "geometry": {"type": "Polygon", "coordinates": [[[32.84101, 39.86862], [32.84113, 39.86884], [32.8413, 39.86878], [32.84118, 39.86856], [32.84101, 39.86862]]]}}, {"type": "Feature", "properties": {}, "geometry": {"type": "Polygon", "coordinates": [[[32.83541, 39.8649], [32.83549, 39.86505], [32.83574, 39.86498], [32.83566, 39.86482], [32.83541, 39.8649]]]}}, {"type": "Feature", "properties": {}, "geometry": {"type": "Polygon", "coordinates": [[[32.8359, 39.8666], [32.83608, 39.86678], [32.83625, 39.86667], [32.83607, 39.8665], [32.8359, 39.8666]]]}}, {"type": "Feature", "properties": {}, "geometry": {"type": "Polygon", "coordinates": [[[32.8396, 39.86963], [32.83976, 39.86984], [32.8399, 39.86977], [32.83974, 39.86957], [32.8396, 39.86963]]]}}, {"type": "Feature", "properties": {}, "geometry": {"type": "Polygon", "coordinates": [[[32.83764, 39.87114], [32.83779, 39.87139], [32.83802, 39.87131], [32.83787, 39.87106], [32.83764, 39.87114]]]}}, {"type": "Feature", "properties": {}, "geometry": {"type": "Polygon", "coordinates": [[[32.84332, 39.87028], [32.84339, 39.87051], [32.84357, 39.87047], [32.84349, 39.87024], [32.84332, 39.87028]]]}}, {"type": "Feature", "properties": {}, "geometry": {"type": "Polygon", "coordinates": [[[32.83396, 39.86471], [32.83423, 39.86464], [32.83414, 39.86442], [32.83387, 39.86449], [32.83396, 39.86471]]]}}, {"type": "Feature", "properties": {}, "geometry": {"type": "Polygon", "coordinates": [[[32.84207, 39.8699], [32.84217, 39.87005], [32.84241, 39.86998], [32.84232, 39.86982], [32.84207, 39.8699]]]}}, {"type": "Feature", "properties": {}, "geometry": {"type": "Polygon", "coordinates": [[[32.83632, 39.86729], [32.83641, 39.86741], [32.83665, 39.86729], [32.83656, 39.86718], [32.83632, 39.86729]]]}}, {"type": "Feature", "properties": {}, "geometry": {"type": "Polygon", "coordinates": [[[32.84271, 39.86966], [32.84285, 39.86986], [32.84298, 39.86981], [32.84284, 39.86961], [32.84271, 39.86966]]]}}, {"type": "Feature", "properties": {}, "geometry": {"type": "Polygon", "coordinates": [[[32.83654, 39.86613], [32.83679, 39.86605], [32.8367, 39.86589], [32.83645, 39.86597], [32.83654, 39.86613]]]}}, {"type": "Feature", "properties": {}, "geometry": {"type": "Polygon", "coordinates": [[[32.84287, 39.87081], [32.84298, 39.87103], [32.84311, 39.87099], [32.843, 39.87077], [32.84287, 39.87081]]]}}, {"type": "Feature", "properties": {}, "geometry": {"type": "Polygon", "coordinates": [[[32.83585, 39.86656], [32.83607, 39.86644], [32.83597, 39.86633], [32.83575, 39.86645], [32.83585, 39.86656]]]}}, {"type": "Feature", "properties": {}, "geometry": {"type": "Polygon", "coordinates": [[[32.84376, 39.8692], [32.84382, 39.86931], [32.84411, 39.86921], [32.84405, 39.8691], [32.84376, 39.8692]]]}}, {"type": "Feature", "properties": {}, "geometry": {"type": "Polygon", "coordinates": [[[32.84469, 39.87047], [32.845, 39.87048], [32.84501, 39.87037], [32.84469, 39.87036], [32.84469, 39.87047]]]}}, {"type": "Feature", "properties": {}, "geometry": {"type": "Polygon", "coordinates": [[[32.8411, 39.8694], [32.84116, 39.86947], [32.84131, 39.86941], [32.84126, 39.86933], [32.8411, 39.8694]]]}}, {"type": "Feature", "properties": {}, "geometry": {"type": "Polygon", "coordinates": [[[32.83346, 39.86402], [32.83366, 39.86398], [32.83359, 39.8638], [32.83339, 39.86385], [32.83346, 39.86402]]]}}, {"type": "Feature", "properties": {}, "geometry": {"type": "Polygon", "coordinates": [[[32.83568, 39.86723], [32.83578, 39.86733], [32.83601, 39.86719], [32.83591, 39.86709], [32.83568, 39.86723]]]}}, {"type": "Feature", "properties": {}, "geometry": {"type": "Polygon", "coordinates": [[[32.84277, 39.86931], [32.84284, 39.86943], [32.84313, 39.86932], [32.84305, 39.8692], [32.84277, 39.86931]]]}}, {"type": "Feature", "properties": {}, "geometry": {"type": "Polygon", "coordinates": [[[32.83573, 39.86483], [32.83581, 39.86496], [32.836, 39.86489], [32.83591, 39.86476], [32.83573, 39.86483]]]}}, {"type": "Feature", "properties": {}, "geometry": {"type": "Polygon", "coordinates": [[[32.83567, 39.86677], [32.83588, 39.86691], [32.83602, 39.86679], [32.8358, 39.86665], [32.83567, 39.86677]]]}}, {"type": "Feature", "properties": {}, "geometry": {"type": "Polygon", "coordinates": [[[32.83409, 39.86526], [32.83416, 39.86539], [32.83433, 39.86534], [32.83426, 39.8652], [32.83409, 39.86526]]]}}, {"type": "Feature", "properties": {}, "geometry": {"type": "Polygon", "coordinates": [[[32.8447, 39.87018], [32.84502, 39.87019], [32.84502, 39.87008], [32.84471, 39.87007], [32.8447, 39.87018]]]}}, {"type": "Feature", "properties": {}, "geometry": {"type": "Polygon", "coordinates": [[[32.83616, 39.86486], [32.83624, 39.865], [32.8364, 39.86494], [32.83632, 39.8648], [32.83616, 39.86486]]]}}, {"type": "Feature", "properties": {}, "geometry": {"type": "Polygon", "coordinates": [[[32.83631, 39.86635], [32.83642, 39.86651], [32.83668, 39.86641], [32.83657, 39.86625], [32.83631, 39.86635]]]}}, {"type": "Feature", "properties": {}, "geometry": {"type": "Polygon", "coordinates": [[[32.84265, 39.87088], [32.84277, 39.87109], [32.84293, 39.87104], [32.84281, 39.87083], [32.84265, 39.87088]]]}}, {"type": "Feature", "properties": {}, "geometry": {"type": "Polygon", "coordinates": [[[32.83521, 39.86633], [32.83548, 39.8662], [32.83536, 39.86605], [32.83509, 39.86618], [32.83521, 39.86633]]]}}, {"type": "Feature", "properties": {}, "geometry": {"type": "Polygon", "coordinates": [[[32.83458, 39.86538], [32.83483, 39.86531], [32.83472, 39.8651], [32.83447, 39.86518], [32.83458, 39.86538]]]}}, {"type": "Feature", "properties": {}, "geometry": {"type": "Polygon", "coordinates": [[[32.84015, 39.86941], [32.8403, 39.86961], [32.84046, 39.86954], [32.84031, 39.86934], [32.84015, 39.86941]]]}}, {"type": "Feature", "properties": {}, "geometry": {"type": "Polygon", "coordinates": [[[32.84256, 39.87011], [32.84266, 39.87033], [32.84283, 39.87028], [32.84273, 39.87007], [32.84256, 39.87011]]]}}, {"type": "Feature", "properties": {}, "geometry": {"type": "Polygon", "coordinates": [[[32.83344, 39.86408], [32.83336, 39.86386], [32.83319, 39.86389], [32.83327, 39.86412], [32.83344, 39.86408]]]}}, {"type": "Feature", "properties": {}, "geometry": {"type": "Polygon", "coordinates": [[[32.83661, 39.86774], [32.8367, 39.86788], [32.83696, 39.86777], [32.83687, 39.86764], [32.83661, 39.86774]]]}}, {"type": "Feature", "properties": {}, "geometry": {"type": "Polygon", "coordinates": [[[32.84344, 39.87067], [32.84352, 39.8709], [32.84368, 39.87086], [32.8436, 39.87064], [32.84344, 39.87067]]]}}, {"type": "Feature", "properties": {}, "geometry": {"type": "Polygon", "coordinates": [[[32.8344, 39.86587], [32.83451, 39.86606], [32.83465, 39.86601], [32.83455, 39.86582], [32.8344, 39.86587]]]}}, {"type": "Feature", "properties": {}, "geometry": {"type": "Polygon", "coordinates": [[[32.834, 39.86511], [32.83406, 39.86522], [32.83426, 39.86516], [32.8342, 39.86505], [32.834, 39.86511]]]}}, {"type": "Feature", "properties": {}, "geometry": {"type": "Polygon", "coordinates": [[[32.84426, 39.86906], [32.84456, 39.86896], [32.84441, 39.8687], [32.84411, 39.8688], [32.84426, 39.86906]]]}}, {"type": "Feature", "properties": {}, "geometry": {"type": "Polygon", "coordinates": [[[32.83502, 39.86519], [32.8351, 39.86534], [32.8354, 39.86525], [32.83532, 39.8651], [32.83502, 39.86519]]]}}, {"type": "Feature", "properties": {}, "geometry": {"type": "Polygon", "coordinates": [[[32.83577, 39.86547], [32.83588, 39.86567], [32.83607, 39.86561], [32.83597, 39.86541], [32.83577, 39.86547]]]}}, {"type": "Feature", "properties": {}, "geometry": {"type": "Polygon", "coordinates": [[[32.83604, 39.86467], [32.83612, 39.86482], [32.8363, 39.86475], [32.83621, 39.86461], [32.83604, 39.86467]]]}}, {"type": "Feature", "properties": {}, "geometry": {"type": "Polygon", "coordinates": [[[32.84017, 39.86979], [32.84033, 39.86998], [32.84047, 39.86992], [32.84032, 39.86972], [32.84017, 39.86979]]]}}, {"type": "Feature", "properties": {}, "geometry": {"type": "Polygon", "coordinates": [[[32.83605, 39.86592], [32.83619, 39.86613], [32.83641, 39.86605], [32.83626, 39.86583], [32.83605, 39.86592]]]}}, {"type": "Feature", "properties": {}, "geometry": {"type": "Polygon", "coordinates": [[[32.83606, 39.86765], [32.83619, 39.8678], [32.83641, 39.86769], [32.83628, 39.86754], [32.83606, 39.86765]]]}}, {"type": "Feature", "properties": {}, "geometry": {"type": "Polygon", "coordinates": [[[32.84351, 39.86957], [32.84359, 39.86973], [32.84387, 39.86964], [32.84379, 39.86948], [32.84351, 39.86957]]]}}, {"type": "Feature", "properties": {}, "geometry": {"type": "Polygon", "coordinates": [[[32.83487, 39.86591], [32.83518, 39.86581], [32.8351, 39.86566], [32.83479, 39.86577], [32.83487, 39.86591]]]}}, {"type": "Feature", "properties": {}, "geometry": {"type": "Polygon", "coordinates": [[[32.84471, 39.87004], [32.84504, 39.87004], [32.84504, 39.86986], [32.84472, 39.86993], [32.84471, 39.87004]]]}}, {"type": "Feature", "properties": {}, "geometry": {"type": "Polygon", "coordinates": [[[32.84122, 39.86855], [32.84133, 39.86878], [32.84151, 39.86872], [32.8414, 39.8685], [32.84122, 39.86855]]]}}, {"type": "Feature", "properties": {}, "geometry": {"type": "Polygon", "coordinates": [[[32.84324, 39.87072], [32.84333, 39.87094], [32.84349, 39.8709], [32.84339, 39.87068], [32.84324, 39.87072]]]}}, {"type": "Feature", "properties": {}, "geometry": {"type": "Polygon", "coordinates": [[[32.8394, 39.86972], [32.83955, 39.86992], [32.83972, 39.86984], [32.83956, 39.86964], [32.8394, 39.86972]]]}}, {"type": "Feature", "properties": {}, "geometry": {"type": "Polygon", "coordinates": [[[32.83905, 39.87007], [32.83914, 39.8702], [32.83941, 39.87008], [32.83933, 39.86996], [32.83905, 39.87007]]]}}, {"type": "Feature", "properties": {}, "geometry": {"type": "Polygon", "coordinates": [[[32.84311, 39.87033], [32.84319, 39.87056], [32.84335, 39.87052], [32.84327, 39.87029], [32.84311, 39.87033]]]}}, {"type": "Feature", "properties": {}, "geometry": {"type": "Polygon", "coordinates": [[[32.83619, 39.86713], [32.83629, 39.86725], [32.83654, 39.86714], [32.83644, 39.86701], [32.83619, 39.86713]]]}}, {"type": "Feature", "properties": {}, "geometry": {"type": "Polygon", "coordinates": [[[32.8425, 39.86972], [32.84262, 39.86991], [32.8428, 39.86984], [32.84268, 39.86965], [32.8425, 39.86972]]]}}, {"type": "Feature", "properties": {}, "geometry": {"type": "Polygon", "coordinates": [[[32.83493, 39.86503], [32.83501, 39.86516], [32.8353, 39.86506], [32.83523, 39.86493], [32.83493, 39.86503]]]}}, {"type": "Feature", "properties": {}, "geometry": {"type": "Polygon", "coordinates": [[[32.84362, 39.86896], [32.84374, 39.86915], [32.84403, 39.86905], [32.84392, 39.86885], [32.84362, 39.86896]]]}}, {"type": "Feature", "properties": {}, "geometry": {"type": "Polygon", "coordinates": [[[32.8447, 39.87033], [32.84501, 39.87033], [32.84502, 39.87023], [32.8447, 39.87022], [32.8447, 39.87033]]]}}, {"type": "Feature", "properties": {}, "geometry": {"type": "Polygon", "coordinates": [[[32.8412, 39.86952], [32.84127, 39.86964], [32.84154, 39.86953], [32.84146, 39.86941], [32.8412, 39.86952]]]}}, {"type": "Feature", "properties": {}, "geometry": {"type": "Polygon", "coordinates": [[[32.83594, 39.86749], [32.83606, 39.86761], [32.83628, 39.86748], [32.83617, 39.86737], [32.83594, 39.86749]]]}}, {"type": "Feature", "properties": {}, "geometry": {"type": "Polygon", "coordinates": [[[32.84425, 39.87053], [32.84432, 39.87076], [32.84448, 39.87075], [32.84449, 39.87051], [32.84425, 39.87053]]]}}, {"type": "Feature", "properties": {}, "geometry": {"type": "Polygon", "coordinates": [[[32.83392, 39.86552], [32.83398, 39.86563], [32.83419, 39.86556], [32.83414, 39.86545], [32.83392, 39.86552]]]}}, {"type": "Feature", "properties": {}, "geometry": {"type": "Polygon", "coordinates": [[[32.83436, 39.86587], [32.83417, 39.86593], [32.83429, 39.86615], [32.83448, 39.86609], [32.83436, 39.86587]]]}}, {"type": "Feature", "properties": {}, "geometry": {"type": "Polygon", "coordinates": [[[32.84468, 39.86979], [32.84473, 39.86988], [32.84504, 39.86982], [32.84497, 39.86969], [32.84468, 39.86979]]]}}, {"type": "Feature", "properties": {}, "geometry": {"type": "Polygon", "coordinates": [[[32.84286, 39.86946], [32.84294, 39.86957], [32.84321, 39.86947], [32.84313, 39.86936], [32.84286, 39.86946]]]}}, {"type": "Feature", "properties": {}, "geometry": {"type": "Polygon", "coordinates": [[[32.83596, 39.86522], [32.83603, 39.86535], [32.83621, 39.86529], [32.83614, 39.86516], [32.83596, 39.86522]]]}}, {"type": "Feature", "properties": {}, "geometry": {"type": "Polygon", "coordinates": [[[32.83961, 39.87002], [32.83977, 39.87022], [32.83993, 39.87015], [32.83977, 39.86994], [32.83961, 39.87002]]]}}, {"type": "Feature", "properties": {}, "geometry": {"type": "Polygon", "coordinates": [[[32.83918, 39.87021], [32.83926, 39.87033], [32.83953, 39.87023], [32.83945, 39.87011], [32.83918, 39.87021]]]}}, {"type": "Feature", "properties": {}, "geometry": {"type": "Polygon", "coordinates": [[[32.8429, 39.87038], [32.84299, 39.87061], [32.84316, 39.87056], [32.84306, 39.87034], [32.8429, 39.87038]]]}}, {"type": "Feature", "properties": {}, "geometry": {"type": "Polygon", "coordinates": [[[32.83608, 39.86696], [32.83617, 39.86708], [32.83644, 39.86696], [32.83634, 39.86684], [32.83608, 39.86696]]]}}, {"type": "Feature", "properties": {}, "geometry": {"type": "Polygon", "coordinates": [[[32.83671, 39.86635], [32.83693, 39.86626], [32.83681, 39.8661], [32.8366, 39.86619], [32.83671, 39.86635]]]}}, {"type": "Feature", "properties": {}, "geometry": {"type": "Polygon", "coordinates": [[[32.84239, 39.87099], [32.8425, 39.87118], [32.84272, 39.8711], [32.84261, 39.87091], [32.84239, 39.87099]]]}}, {"type": "Feature", "properties": {}, "geometry": {"type": "Polygon", "coordinates": [[[32.84319, 39.86907], [32.84325, 39.86916], [32.84354, 39.86905], [32.84348, 39.86896], [32.84319, 39.86907]]]}}, {"type": "Feature", "properties": {}, "geometry": {"type": "Polygon", "coordinates": [[[32.8347, 39.86553], [32.83498, 39.86543], [32.83491, 39.86531], [32.83464, 39.8654], [32.8347, 39.86553]]]}}, {"type": "Feature", "properties": {}, "geometry": {"type": "Polygon", "coordinates": [[[32.83646, 39.86492], [32.83667, 39.86484], [32.83661, 39.86474], [32.8364, 39.86482], [32.83646, 39.86492]]]}}, {"type": "Feature", "properties": {}, "geometry": {"type": "Polygon", "coordinates": [[[32.84061, 39.86876], [32.84077, 39.86896], [32.84091, 39.86889], [32.84076, 39.86869], [32.84061, 39.86876]]]}}, {"type": "Feature", "properties": {}, "geometry": {"type": "Polygon", "coordinates": [[[32.84406, 39.87056], [32.84411, 39.87079], [32.84427, 39.87077], [32.84422, 39.87054], [32.84406, 39.87056]]]}}, {"type": "Feature", "properties": {}, "geometry": {"type": "Polygon", "coordinates": [[[32.83998, 39.86948], [32.84013, 39.86968], [32.84027, 39.86962], [32.84011, 39.86942], [32.83998, 39.86948]]]}}, {"type": "Feature", "properties": {}, "geometry": {"type": "Polygon", "coordinates": [[[32.84231, 39.87018], [32.84243, 39.87041], [32.84263, 39.87035], [32.84251, 39.87012], [32.84231, 39.87018]]]}}, {"type": "Feature", "properties": {}, "geometry": {"type": "Polygon", "coordinates": [[[32.8338, 39.86426], [32.83405, 39.8642], [32.83398, 39.86403], [32.83373, 39.8641], [32.8338, 39.86426]]]}}, {"type": "Feature", "properties": {}, "geometry": {"type": "Polygon", "coordinates": [[[32.83653, 39.86759], [32.8366, 39.86769], [32.83685, 39.8676], [32.83677, 39.86749], [32.83653, 39.86759]]]}}, {"type": "Feature", "properties": {}, "geometry": {"type": "Polygon", "coordinates": [[[32.84305, 39.86959], [32.84319, 39.86979], [32.84338, 39.86971], [32.84324, 39.86951], [32.84305, 39.86959]]]}}, {"type": "Feature", "properties": {}, "geometry": {"type": "Polygon", "coordinates": [[[32.83561, 39.86628], [32.8357, 39.86641], [32.83595, 39.8663], [32.83585, 39.86617], [32.83561, 39.86628]]]}}, {"type": "Feature", "properties": {}, "geometry": {"type": "Polygon", "coordinates": [[[32.83377, 39.86517], [32.83383, 39.8653], [32.83402, 39.86525], [32.83396, 39.86511], [32.83377, 39.86517]]]}}, {"type": "Feature", "properties": {}, "geometry": {"type": "Polygon", "coordinates": [[[32.84391, 39.86947], [32.84399, 39.86959], [32.84428, 39.86948], [32.84421, 39.86936], [32.84391, 39.86947]]]}}, {"type": "Feature", "properties": {}, "geometry": {"type": "Polygon", "coordinates": [[[32.84466, 39.87069], [32.84466, 39.87088], [32.84497, 39.87084], [32.84498, 39.87069], [32.84466, 39.87069]]]}}, {"type": "Feature", "properties": {}, "geometry": {"type": "Polygon", "coordinates": [[[32.83654, 39.86528], [32.83664, 39.86544], [32.83695, 39.86533], [32.83685, 39.86517], [32.83654, 39.86528]]]}}, {"type": "Feature", "properties": {}, "geometry": {"type": "Polygon", "coordinates": [[[32.84036, 39.86969], [32.84052, 39.8699], [32.84084, 39.86976], [32.84068, 39.86955], [32.84036, 39.86969]]]}}, {"type": "Feature", "properties": {}, "geometry": {"type": "Polygon", "coordinates": [[[32.83477, 39.86572], [32.83503, 39.86563], [32.83496, 39.86549], [32.83469, 39.86558], [32.83477, 39.86572]]]}}, {"type": "Feature", "properties": {}, "geometry": {"type": "Polygon", "coordinates": [[[32.83354, 39.86462], [32.83367, 39.86489], [32.83397, 39.86481], [32.83385, 39.86454], [32.83354, 39.86462]]]}}, {"type": "Feature", "properties": {}, "geometry": {"type": "Polygon", "coordinates": [[[32.84241, 39.86959], [32.84248, 39.86969], [32.84276, 39.86958], [32.84269, 39.86948], [32.84241, 39.86959]]]}}, {"type": "Feature", "properties": {}, "geometry": {"type": "Polygon", "coordinates": [[[32.83978, 39.86956], [32.83993, 39.86976], [32.84008, 39.8697], [32.83993, 39.86949], [32.83978, 39.86956]]]}}, {"type": "Feature", "properties": {}, "geometry": {"type": "Polygon", "coordinates": [[[32.84354, 39.87024], [32.84361, 39.87047], [32.84378, 39.87043], [32.84371, 39.8702], [32.84354, 39.87024]]]}}, {"type": "Feature", "properties": {}, "geometry": {"type": "Polygon", "coordinates": [[[32.84144, 39.86849], [32.84154, 39.86872], [32.84173, 39.86867], [32.84163, 39.86844], [32.84144, 39.86849]]]}}, {"type": "Feature", "properties": {}, "geometry": {"type": "Polygon", "coordinates": [[[32.83692, 39.8659], [32.83699, 39.86602], [32.83722, 39.86593], [32.83715, 39.86581], [32.83692, 39.8659]]]}}, {"type": "Feature", "properties": {}, "geometry": {"type": "Polygon", "coordinates": [[[32.84304, 39.87076], [32.84315, 39.87099], [32.8433, 39.87094], [32.84319, 39.87071], [32.84304, 39.87076]]]}}, {"type": "Feature", "properties": {}, "geometry": {"type": "Polygon", "coordinates": [[[32.83547, 39.86608], [32.83559, 39.86624], [32.83582, 39.86614], [32.8357, 39.86597], [32.83547, 39.86608]]]}}, {"type": "Feature", "properties": {}, "geometry": {"type": "Polygon", "coordinates": [[[32.83385, 39.86535], [32.83393, 39.86549], [32.83412, 39.86543], [32.83405, 39.86529], [32.83385, 39.86535]]]}}, {"type": "Feature", "properties": {}, "geometry": {"type": "Polygon", "coordinates": [[[32.84384, 39.86933], [32.8439, 39.86943], [32.84419, 39.86932], [32.84413, 39.86923], [32.84384, 39.86933]]]}}, {"type": "Feature", "properties": {}, "geometry": {"type": "Polygon", "coordinates": [[[32.84184, 39.86959], [32.84211, 39.86948], [32.84204, 39.86938], [32.84177, 39.86948], [32.84184, 39.86959]]]}}, {"type": "Feature", "properties": {}, "geometry": {"type": "Polygon", "coordinates": [[[32.84073, 39.86954], [32.84088, 39.86974], [32.84106, 39.86967], [32.84091, 39.86946], [32.84073, 39.86954]]]}}, {"type": "Feature", "properties": {}, "geometry": {"type": "Polygon", "coordinates": [[[32.843, 39.87], [32.84308, 39.87022], [32.84343, 39.87014], [32.84335, 39.86993], [32.843, 39.87]]]}}, {"type": "Feature", "properties": {}, "geometry": {"type": "Polygon", "coordinates": [[[32.83341, 39.86417], [32.83355, 39.86451], [32.8338, 39.86445], [32.83366, 39.86411], [32.83341, 39.86417]]]}}, {"type": "Feature", "properties": {}, "geometry": {"type": "Polygon", "coordinates": [[[32.83584, 39.86733], [32.83594, 39.86745], [32.83617, 39.86733], [32.83607, 39.86721], [32.83584, 39.86733]]]}}, {"type": "Feature", "properties": {}, "geometry": {"type": "Polygon", "coordinates": [[[32.84233, 39.86946], [32.84239, 39.86956], [32.84268, 39.86946], [32.84261, 39.86935], [32.84233, 39.86946]]]}}, {"type": "Feature", "properties": {}, "geometry": {"type": "Polygon", "coordinates": [[[32.8342, 39.86562], [32.83401, 39.86569], [32.83411, 39.86587], [32.83431, 39.8658], [32.8342, 39.86562]]]}}, {"type": "Feature", "properties": {}, "geometry": {"type": "Polygon", "coordinates": [[[32.83422, 39.86542], [32.83434, 39.86565], [32.83448, 39.8656], [32.83436, 39.86538], [32.83422, 39.86542]]]}}, {"type": "Feature", "properties": {}, "geometry": {"type": "Polygon", "coordinates": [[[32.84452, 39.86952], [32.84466, 39.86975], [32.84494, 39.86965], [32.8448, 39.86942], [32.84452, 39.86952]]]}}, {"type": "Feature", "properties": {}, "geometry": {"type": "Polygon", "coordinates": [[[32.84154, 39.8689], [32.84167, 39.86911], [32.84186, 39.86904], [32.84172, 39.86883], [32.84154, 39.8689]]]}}, {"type": "Feature", "properties": {}, "geometry": {"type": "Polygon", "coordinates": [[[32.83613, 39.86559], [32.83636, 39.86551], [32.83625, 39.86533], [32.83603, 39.8654], [32.83613, 39.86559]]]}}, {"type": "Feature", "properties": {}, "geometry": {"type": "Polygon", "coordinates": [[[32.83628, 39.86504], [32.8364, 39.86524], [32.83654, 39.86519], [32.83643, 39.86499], [32.83628, 39.86504]]]}}, {"type": "Feature", "properties": {}, "geometry": {"type": "Polygon", "coordinates": [[[32.8398, 39.86994], [32.83995, 39.87014], [32.84011, 39.87007], [32.83995, 39.86987], [32.8398, 39.86994]]]}}, {"type": "Feature", "properties": {}, "geometry": {"type": "Polygon", "coordinates": [[[32.84268, 39.87043], [32.84279, 39.87066], [32.84297, 39.87061], [32.84286, 39.87038], [32.84268, 39.87043]]]}}, {"type": "Feature", "properties": {}, "geometry": {"type": "Polygon", "coordinates": [[[32.84186, 39.86963], [32.84201, 39.86985], [32.84228, 39.86974], [32.84213, 39.86952], [32.84186, 39.86963]]]}}, {"type": "Feature", "properties": {}, "geometry": {"type": "Polygon", "coordinates": [[[32.83617, 39.86619], [32.83625, 39.86632], [32.83651, 39.86622], [32.83643, 39.8661], [32.83617, 39.86619]]]}}, {"type": "Feature", "properties": {}, "geometry": {"type": "Polygon", "coordinates": [[[32.84327, 39.86919], [32.84333, 39.86929], [32.84363, 39.86918], [32.84356, 39.86908], [32.84327, 39.86919]]]}}, {"type": "Feature", "properties": {}, "geometry": {"type": "Polygon", "coordinates": [[[32.83628, 39.86461], [32.8364, 39.86478], [32.83656, 39.86471], [32.83645, 39.86455], [32.83628, 39.86461]]]}}, {"type": "Feature", "properties": {}, "geometry": {"type": "Polygon", "coordinates": [[[32.84277, 39.87006], [32.84286, 39.87028], [32.84302, 39.87024], [32.84293, 39.87002], [32.84277, 39.87006]]]}}, {"type": "Feature", "properties": {}, "geometry": {"type": "Polygon", "coordinates": [[[32.8408, 39.86869], [32.84094, 39.8689], [32.8411, 39.86884], [32.84096, 39.86863], [32.8408, 39.86869]]]}}, {"type": "Feature", "properties": {}, "geometry": {"type": "Polygon", "coordinates": [[[32.83439, 39.86497], [32.83447, 39.86513], [32.83462, 39.86509], [32.83459, 39.86502], [32.83474, 39.86497], [32.8347, 39.86488], [32.83439, 39.86497]]]}}, {"type": "Feature", "properties": {}, "geometry": {"type": "Polygon", "coordinates": [[[32.83653, 39.86495], [32.83657, 39.865], [32.83655, 39.86501], [32.83661, 39.86511], [32.83663, 39.8651], [32.83666, 39.86516], [32.83682, 39.8651], [32.83669, 39.86489], [32.83653, 39.86495]]]}}, {"type": "Feature", "properties": {}, "geometry": {"type": "Polygon", "coordinates": [[[32.83602, 39.86495], [32.8359, 39.865], [32.8359, 39.86501], [32.83585, 39.86503], [32.83592, 39.86516], [32.83598, 39.86514], [32.83598, 39.86515], [32.83611, 39.86511], [32.83602, 39.86495]]]}}, {"type": "Feature", "properties": {}, "geometry": {"type": "Polygon", "coordinates": [[[32.83541, 39.86652], [32.83548, 39.86649], [32.83547, 39.86648], [32.83563, 39.8664], [32.8355, 39.86626], [32.83534, 39.86634], [32.83534, 39.86633], [32.83527, 39.86637], [32.83541, 39.86652]]]}}, {"type": "Feature", "properties": {}, "geometry": {"type": "Polygon", "coordinates": [[[32.83564, 39.86646], [32.83557, 39.86649], [32.83558, 39.8665], [32.83546, 39.86657], [32.83558, 39.86671], [32.83571, 39.86665], [32.83572, 39.86666], [32.83579, 39.86662], [32.83564, 39.86646]]]}}, {"type": "Feature", "properties": {}, "geometry": {"type": "Polygon", "coordinates": [[[32.83477, 39.86486], [32.8348, 39.86494], [32.83484, 39.86493], [32.83486, 39.86497], [32.83495, 39.86495], [32.83495, 39.86497], [32.83519, 39.86491], [32.83513, 39.86477], [32.83477, 39.86486]]]}}, {"type": "Feature", "properties": {}, "geometry": {"type": "Polygon", "coordinates": [[[32.83488, 39.86266], [32.83513, 39.86258], [32.83518, 39.8627], [32.83515, 39.86271], [32.83519, 39.86279], [32.83504, 39.86284], [32.83502, 39.86281], [32.835, 39.86281], [32.83497, 39.86277], [32.83494, 39.86277], [32.83488, 39.86266]]]}}, {"type": "Feature", "properties": {}, "geometry": {"type": "Polygon", "coordinates": [[[32.83534, 39.86397], [32.83557, 39.86391], [32.83561, 39.86399], [32.83559, 39.864], [32.83563, 39.86409], [32.83557, 39.8641], [32.83558, 39.86411], [32.83547, 39.86415], [32.83543, 39.86408], [32.83541, 39.86409], [32.83539, 39.86404], [32.83537, 39.86405], [32.83534, 39.86397]]]}}, {"type": "Feature", "properties": {}, "geometry": {"type": "Polygon", "coordinates": [[[32.83701, 39.86275], [32.83701, 39.86281], [32.83703, 39.86281], [32.83704, 39.86289], [32.83703, 39.86289], [32.83704, 39.86295], [32.83721, 39.86293], [32.8372, 39.86288], [32.83724, 39.86288], [32.83722, 39.86277], [32.83719, 39.86278], [32.83718, 39.86273], [32.83701, 39.86275]]]}}, {"type": "Feature", "properties": {}, "geometry": {"type": "Polygon", "coordinates": [[[32.83581, 39.86264], [32.83592, 39.86284], [32.83602, 39.86281], [32.83601, 39.8628], [32.83609, 39.86277], [32.83607, 39.86274], [32.83614, 39.86271], [32.83606, 39.86258], [32.83597, 39.86261], [32.83596, 39.8626], [32.83593, 39.86261], [32.83592, 39.8626], [32.83581, 39.86264]]]}}, {"type": "Feature", "properties": {}, "geometry": {"type": "Polygon", "coordinates": [[[32.83827, 39.8691], [32.8383, 39.86892], [32.83836, 39.86893], [32.83835, 39.86894], [32.8384, 39.86894], [32.8384, 39.86895], [32.83851, 39.86896], [32.83849, 39.86911], [32.83836, 39.8691], [32.83836, 39.8691], [32.83833, 39.8691], [32.83833, 39.86911], [32.83827, 39.8691]]]}}, {"type": "Feature", "properties": {}, "geometry": {"type": "Polygon", "coordinates": [[[32.83731, 39.86301], [32.83733, 39.86314], [32.83738, 39.86314], [32.83738, 39.86315], [32.8375, 39.86313], [32.83749, 39.86309], [32.83751, 39.86308], [32.8375, 39.86299], [32.83741, 39.863], [32.83741, 39.86299], [32.83735, 39.863], [32.83735, 39.86301], [32.83731, 39.86301]]]}}, {"type": "Feature", "properties": {}, "geometry": {"type": "Polygon", "coordinates": [[[32.83558, 39.86285], [32.83565, 39.86297], [32.83573, 39.86294], [32.83573, 39.86293], [32.83578, 39.86291], [32.83578, 39.86292], [32.83586, 39.8629], [32.83579, 39.86278], [32.83576, 39.86279], [32.83572, 39.86271], [32.83557, 39.86276], [32.83562, 39.86283], [32.83558, 39.86285]]]}}, {"type": "Feature", "properties": {}, "geometry": {"type": "Polygon", "coordinates": [[[32.83837, 39.86672], [32.83841, 39.86675], [32.83836, 39.86679], [32.83842, 39.86683], [32.83839, 39.86685], [32.83847, 39.86691], [32.83853, 39.86686], [32.83854, 39.86687], [32.83856, 39.86686], [32.83858, 39.86687], [32.83861, 39.86685], [32.83862, 39.86685], [32.83868, 39.86681], [32.83866, 39.86679], [32.83867, 39.86679], [32.83849, 39.86664], [32.83837, 39.86672]]]}}, {"type": "Feature", "properties": {}, "geometry": {"type": "Polygon", "coordinates": [[[32.83503, 39.86415], [32.83511, 39.8643], [32.83516, 39.86428], [32.83517, 39.8643], [32.83527, 39.86427], [32.83528, 39.86429], [32.83538, 39.86426], [32.83537, 39.86424], [32.83541, 39.86423], [32.8353, 39.86403], [32.83525, 39.86404], [32.83524, 39.86403], [32.83515, 39.86406], [32.83517, 39.86408], [32.83506, 39.86411], [32.83507, 39.86413], [32.83503, 39.86415]]]}}, {"type": "Feature", "properties": {}, "geometry": {"type": "Polygon", "coordinates": [[[32.83496, 39.86359], [32.83501, 39.86356], [32.83502, 39.86357], [32.83512, 39.86349], [32.83498, 39.86338], [32.83488, 39.86346], [32.83489, 39.86346], [32.83485, 39.8635], [32.8348, 39.86345], [32.83474, 39.8635], [32.83474, 39.8635], [32.83472, 39.86352], [32.83474, 39.86354], [32.8347, 39.86357], [32.83486, 39.86369], [32.8349, 39.86367], [32.83492, 39.86369], [32.83494, 39.86367], [32.83495, 39.86368], [32.83501, 39.86364], [32.83496, 39.86359]]]}}, {"type": "Feature", "properties": {}, "geometry": {"type": "Polygon", "coordinates": [[[32.83821, 39.86923], [32.83821, 39.8693], [32.83824, 39.8693], [32.83824, 39.86929], [32.83834, 39.8693], [32.83838, 39.86932], [32.83839, 39.86931], [32.83842, 39.86931], [32.83847, 39.86923], [32.83848, 39.86924], [32.83849, 39.86917], [32.83837, 39.86915], [32.83836, 39.86914], [32.83832, 39.86914], [32.83832, 39.86915], [32.8383, 39.86915], [32.83829, 39.86918], [32.83827, 39.86918], [32.83826, 39.86917], [32.83821, 39.86921], [32.83821, 39.86923]]]}}, {"type": "Feature", "properties": {}, "geometry": {"type": "Polygon", "coordinates": [[[32.8358, 39.86332], [32.83584, 39.86336], [32.83583, 39.86337], [32.83594, 39.86344], [32.83608, 39.86333], [32.83598, 39.86325], [32.83597, 39.86326], [32.83593, 39.86323], [32.83598, 39.86319], [32.83592, 39.86314], [32.83591, 39.86315], [32.83589, 39.86313], [32.83586, 39.86315], [32.83582, 39.86312], [32.83566, 39.86325], [32.8357, 39.86328], [32.83567, 39.8633], [32.83569, 39.86331], [32.83568, 39.86332], [32.83574, 39.86337], [32.8358, 39.86332]]]}}, {"type": "Feature", "properties": {}, "geometry": {"type": "Polygon", "coordinates": [[[32.83489, 39.86246], [32.83502, 39.86243], [32.83494, 39.86225], [32.83482, 39.86228], [32.83489, 39.86246]]]}}, {"type": "Feature", "properties": {}, "geometry": {"type": "Polygon", "coordinates": [[[32.83583, 39.86258], [32.8361, 39.8625], [32.83602, 39.86233], [32.83574, 39.86241], [32.83583, 39.86258]]]}}, {"type": "Feature", "properties": {}, "geometry": {"type": "Polygon", "coordinates": [[[32.83417, 39.86216], [32.83423, 39.86234], [32.83452, 39.8623], [32.83446, 39.86211], [32.83417, 39.86216]]]}}, {"type": "Feature", "properties": {}, "geometry": {"type": "Polygon", "coordinates": [[[32.8372, 39.867], [32.83732, 39.86712], [32.83753, 39.86699], [32.83741, 39.86688], [32.8372, 39.867]]]}}, {"type": "Feature", "properties": {}, "geometry": {"type": "Polygon", "coordinates": [[[32.83697, 39.8673], [32.83722, 39.86714], [32.83712, 39.86705], [32.83687, 39.86721], [32.83697, 39.8673]]]}}, {"type": "Feature", "properties": {}, "geometry": {"type": "Polygon", "coordinates": [[[32.83723, 39.86243], [32.83746, 39.86241], [32.83744, 39.86227], [32.83721, 39.86228], [32.83723, 39.86243]]]}}, {"type": "Feature", "properties": {}, "geometry": {"type": "Polygon", "coordinates": [[[32.83507, 39.86242], [32.83525, 39.86237], [32.83518, 39.86221], [32.835, 39.86226], [32.83507, 39.86242]]]}}, {"type": "Feature", "properties": {}, "geometry": {"type": "Polygon", "coordinates": [[[32.83693, 39.8624], [32.83715, 39.86238], [32.83711, 39.86214], [32.83689, 39.86216], [32.83693, 39.8624]]]}}, {"type": "Feature", "properties": {}, "geometry": {"type": "Polygon", "coordinates": [[[32.83495, 39.86213], [32.83513, 39.86209], [32.83507, 39.86193], [32.83489, 39.86197], [32.83495, 39.86213]]]}}, {"type": "Feature", "properties": {}, "geometry": {"type": "Polygon", "coordinates": [[[32.83487, 39.8632], [32.83511, 39.86313], [32.83502, 39.86297], [32.83479, 39.86303], [32.83487, 39.8632]]]}}, {"type": "Feature", "properties": {}, "geometry": {"type": "Polygon", "coordinates": [[[32.83539, 39.86116], [32.83565, 39.86111], [32.8356, 39.86096], [32.83534, 39.86101], [32.83539, 39.86116]]]}}, {"type": "Feature", "properties": {}, "geometry": {"type": "Polygon", "coordinates": [[[32.8355, 39.86132], [32.83577, 39.86128], [32.83573, 39.86114], [32.83546, 39.86118], [32.8355, 39.86132]]]}}, {"type": "Feature", "properties": {}, "geometry": {"type": "Polygon", "coordinates": [[[32.83711, 39.86318], [32.83712, 39.86335], [32.83744, 39.86335], [32.83743, 39.86317], [32.83711, 39.86318]]]}}, {"type": "Feature", "properties": {}, "geometry": {"type": "Polygon", "coordinates": [[[32.83516, 39.86312], [32.83537, 39.86305], [32.83528, 39.86289], [32.83507, 39.86296], [32.83516, 39.86312]]]}}, {"type": "Feature", "properties": {}, "geometry": {"type": "Polygon", "coordinates": [[[32.83697, 39.86736], [32.83712, 39.86749], [32.8373, 39.86736], [32.83716, 39.86724], [32.83697, 39.86736]]]}}, {"type": "Feature", "properties": {}, "geometry": {"type": "Polygon", "coordinates": [[[32.8353, 39.8638], [32.83556, 39.86372], [32.83546, 39.86352], [32.83519, 39.8636], [32.8353, 39.8638]]]}}, {"type": "Feature", "properties": {}, "geometry": {"type": "Polygon", "coordinates": [[[32.83831, 39.86886], [32.83856, 39.8689], [32.8386, 39.86873], [32.83835, 39.8687], [32.83831, 39.86886]]]}}, {"type": "Feature", "properties": {}, "geometry": {"type": "Polygon", "coordinates": [[[32.83528, 39.86235], [32.83546, 39.86231], [32.83538, 39.86213], [32.83521, 39.86218], [32.83528, 39.86235]]]}}, {"type": "Feature", "properties": {}, "geometry": {"type": "Polygon", "coordinates": [[[32.83468, 39.86253], [32.83485, 39.86248], [32.83478, 39.86231], [32.83461, 39.86235], [32.83468, 39.86253]]]}}, {"type": "Feature", "properties": {}, "geometry": {"type": "Polygon", "coordinates": [[[32.83507, 39.86156], [32.83534, 39.86152], [32.8353, 39.86138], [32.83503, 39.86142], [32.83507, 39.86156]]]}}, {"type": "Feature", "properties": {}, "geometry": {"type": "Polygon", "coordinates": [[[32.83512, 39.86176], [32.83544, 39.86172], [32.8354, 39.86157], [32.83509, 39.86162], [32.83512, 39.86176]]]}}, {"type": "Feature", "properties": {}, "geometry": {"type": "Polygon", "coordinates": [[[32.83753, 39.86664], [32.83763, 39.86675], [32.83789, 39.8666], [32.83779, 39.86649], [32.83753, 39.86664]]]}}, {"type": "Feature", "properties": {}, "geometry": {"type": "Polygon", "coordinates": [[[32.83717, 39.86225], [32.8374, 39.86223], [32.83738, 39.8621], [32.83715, 39.86212], [32.83717, 39.86225]]]}}, {"type": "Feature", "properties": {}, "geometry": {"type": "Polygon", "coordinates": [[[32.83645, 39.86202], [32.83662, 39.86199], [32.83657, 39.86182], [32.8364, 39.86184], [32.83645, 39.86202]]]}}, {"type": "Feature", "properties": {}, "geometry": {"type": "Polygon", "coordinates": [[[32.83607, 39.86427], [32.83625, 39.86423], [32.83612, 39.86395], [32.83595, 39.864], [32.83607, 39.86427]]]}}, {"type": "Feature", "properties": {}, "geometry": {"type": "Polygon", "coordinates": [[[32.83759, 39.86987], [32.83783, 39.86993], [32.83792, 39.86975], [32.83768, 39.86968], [32.83759, 39.86987]]]}}, {"type": "Feature", "properties": {}, "geometry": {"type": "Polygon", "coordinates": [[[32.83469, 39.86288], [32.83489, 39.86282], [32.83482, 39.86268], [32.83462, 39.86274], [32.83469, 39.86288]]]}}, {"type": "Feature", "properties": {}, "geometry": {"type": "Polygon", "coordinates": [[[32.8365, 39.86317], [32.83683, 39.86317], [32.83683, 39.86301], [32.8365, 39.86302], [32.8365, 39.86317]]]}}, {"type": "Feature", "properties": {}, "geometry": {"type": "Polygon", "coordinates": [[[32.83703, 39.86339], [32.83704, 39.86351], [32.83731, 39.86351], [32.83731, 39.86339], [32.83703, 39.86339]]]}}, {"type": "Feature", "properties": {}, "geometry": {"type": "Polygon", "coordinates": [[[32.83516, 39.86207], [32.83535, 39.86203], [32.8353, 39.86188], [32.83511, 39.86191], [32.83516, 39.86207]]]}}, {"type": "Feature", "properties": {}, "geometry": {"type": "Polygon", "coordinates": [[[32.83665, 39.86203], [32.83684, 39.86201], [32.8368, 39.86182], [32.83661, 39.86185], [32.83665, 39.86203]]]}}, {"type": "Feature", "properties": {}, "geometry": {"type": "Polygon", "coordinates": [[[32.8349, 39.86392], [32.83516, 39.86384], [32.8351, 39.86372], [32.83484, 39.86379], [32.8349, 39.86392]]]}}, {"type": "Feature", "properties": {}, "geometry": {"type": "Polygon", "coordinates": [[[32.83608, 39.86143], [32.83631, 39.86139], [32.83626, 39.86124], [32.83604, 39.86128], [32.83608, 39.86143]]]}}, {"type": "Feature", "properties": {}, "geometry": {"type": "Polygon", "coordinates": [[[32.83568, 39.86404], [32.83588, 39.86398], [32.8358, 39.86382], [32.8356, 39.86388], [32.83568, 39.86404]]]}}, {"type": "Feature", "properties": {}, "geometry": {"type": "Polygon", "coordinates": [[[32.83813, 39.86974], [32.83835, 39.86975], [32.83838, 39.86955], [32.83816, 39.86954], [32.83813, 39.86974]]]}}, {"type": "Feature", "properties": {}, "geometry": {"type": "Polygon", "coordinates": [[[32.83434, 39.86263], [32.83464, 39.86256], [32.83456, 39.86235], [32.83426, 39.86242], [32.83434, 39.86263]]]}}, {"type": "Feature", "properties": {}, "geometry": {"type": "Polygon", "coordinates": [[[32.83525, 39.86271], [32.83547, 39.86264], [32.83539, 39.8625], [32.83517, 39.86257], [32.83525, 39.86271]]]}}, {"type": "Feature", "properties": {}, "geometry": {"type": "Polygon", "coordinates": [[[32.83644, 39.8625], [32.83649, 39.86271], [32.8368, 39.86267], [32.83676, 39.86246], [32.83644, 39.8625]]]}}, {"type": "Feature", "properties": {}, "geometry": {"type": "Polygon", "coordinates": [[[32.8365, 39.86359], [32.83651, 39.86375], [32.83682, 39.86375], [32.83682, 39.86359], [32.8365, 39.86359]]]}}, {"type": "Feature", "properties": {}, "geometry": {"type": "Polygon", "coordinates": [[[32.83719, 39.86766], [32.83746, 39.86752], [32.83736, 39.86741], [32.83709, 39.86755], [32.83719, 39.86766]]]}}, {"type": "Feature", "properties": {}, "geometry": {"type": "Polygon", "coordinates": [[[32.83558, 39.86169], [32.83587, 39.86164], [32.83583, 39.86149], [32.83554, 39.86154], [32.83558, 39.86169]]]}}, {"type": "Feature", "properties": {}, "geometry": {"type": "Polygon", "coordinates": [[[32.83761, 39.86682], [32.83773, 39.86696], [32.83805, 39.86681], [32.83793, 39.86667], [32.83761, 39.86682]]]}}, {"type": "Feature", "properties": {}, "geometry": {"type": "Polygon", "coordinates": [[[32.83699, 39.8627], [32.83717, 39.86269], [32.83714, 39.86249], [32.83696, 39.86251], [32.83699, 39.8627]]]}}, {"type": "Feature", "properties": {}, "geometry": {"type": "Polygon", "coordinates": [[[32.83534, 39.86189], [32.83539, 39.86204], [32.83559, 39.86201], [32.83554, 39.86185], [32.83534, 39.86189]]]}}, {"type": "Feature", "properties": {}, "geometry": {"type": "Polygon", "coordinates": [[[32.83549, 39.86229], [32.83569, 39.86224], [32.83562, 39.86208], [32.83542, 39.86214], [32.83549, 39.86229]]]}}, {"type": "Feature", "properties": {}, "geometry": {"type": "Polygon", "coordinates": [[[32.83848, 39.87], [32.83849, 39.86982], [32.83876, 39.86984], [32.83874, 39.87], [32.83848, 39.87]]]}}, {"type": "Feature", "properties": {}, "geometry": {"type": "Polygon", "coordinates": [[[32.83862, 39.86916], [32.83886, 39.86918], [32.83888, 39.869], [32.83864, 39.86898], [32.83862, 39.86916]]]}}, {"type": "Feature", "properties": {}, "geometry": {"type": "Polygon", "coordinates": [[[32.83554, 39.8615], [32.83581, 39.86145], [32.83578, 39.86132], [32.8355, 39.86136], [32.83554, 39.8615]]]}}, {"type": "Feature", "properties": {}, "geometry": {"type": "Polygon", "coordinates": [[[32.83776, 39.86701], [32.83784, 39.86712], [32.83809, 39.86701], [32.83801, 39.8669], [32.83776, 39.86701]]]}}, {"type": "Feature", "properties": {}, "geometry": {"type": "Polygon", "coordinates": [[[32.8373, 39.8628], [32.83751, 39.86278], [32.83748, 39.86264], [32.83727, 39.86267], [32.8373, 39.8628]]]}}, {"type": "Feature", "properties": {}, "geometry": {"type": "Polygon", "coordinates": [[[32.83732, 39.86297], [32.83754, 39.86295], [32.83751, 39.86281], [32.83729, 39.86283], [32.83732, 39.86297]]]}}, {"type": "Feature", "properties": {}, "geometry": {"type": "Polygon", "coordinates": [[[32.83618, 39.86181], [32.83644, 39.86177], [32.83639, 39.86159], [32.83613, 39.86163], [32.83618, 39.86181]]]}}, {"type": "Feature", "properties": {}, "geometry": {"type": "Polygon", "coordinates": [[[32.83619, 39.86186], [32.83626, 39.86208], [32.83642, 39.86206], [32.83635, 39.86183], [32.83619, 39.86186]]]}}, {"type": "Feature", "properties": {}, "geometry": {"type": "Polygon", "coordinates": [[[32.83647, 39.86136], [32.83668, 39.86133], [32.83664, 39.86118], [32.83643, 39.86121], [32.83647, 39.86136]]]}}, {"type": "Feature", "properties": {}, "geometry": {"type": "Polygon", "coordinates": [[[32.8359, 39.8638], [32.83596, 39.86393], [32.83617, 39.86387], [32.83612, 39.86373], [32.8359, 39.8638]]]}}, {"type": "Feature", "properties": {}, "geometry": {"type": "Polygon", "coordinates": [[[32.83553, 39.86442], [32.83571, 39.86437], [32.83564, 39.86421], [32.83546, 39.86426], [32.83553, 39.86442]]]}}, {"type": "Feature", "properties": {}, "geometry": {"type": "Polygon", "coordinates": [[[32.83731, 39.86977], [32.83753, 39.86984], [32.83763, 39.86965], [32.8374, 39.86958], [32.83731, 39.86977]]]}}, {"type": "Feature", "properties": {}, "geometry": {"type": "Polygon", "coordinates": [[[32.83551, 39.86265], [32.83574, 39.86257], [32.83566, 39.86242], [32.83543, 39.8625], [32.83551, 39.86265]]]}}, {"type": "Feature", "properties": {}, "geometry": {"type": "Polygon", "coordinates": [[[32.8364, 39.86235], [32.83643, 39.86248], [32.83674, 39.86243], [32.83671, 39.8623], [32.8364, 39.86235]]]}}, {"type": "Feature", "properties": {}, "geometry": {"type": "Polygon", "coordinates": [[[32.83448, 39.86301], [32.83467, 39.86296], [32.83458, 39.86276], [32.83438, 39.86282], [32.83448, 39.86301]]]}}, {"type": "Feature", "properties": {}, "geometry": {"type": "Polygon", "coordinates": [[[32.83745, 39.86737], [32.83754, 39.86756], [32.83777, 39.86749], [32.83768, 39.86731], [32.83745, 39.86737]]]}}, {"type": "Feature", "properties": {}, "geometry": {"type": "Polygon", "coordinates": [[[32.8365, 39.86339], [32.83683, 39.86339], [32.83682, 39.86323], [32.83649, 39.86324], [32.8365, 39.86339]]]}}, {"type": "Feature", "properties": {}, "geometry": {"type": "Polygon", "coordinates": [[[32.83569, 39.86371], [32.83586, 39.86365], [32.83574, 39.86343], [32.83557, 39.86349], [32.83569, 39.86371]]]}}, {"type": "Feature", "properties": {}, "geometry": {"type": "Polygon", "coordinates": [[[32.83612, 39.8616], [32.83642, 39.86156], [32.83638, 39.86141], [32.83608, 39.86146], [32.83612, 39.8616]]]}}, {"type": "Feature", "properties": {}, "geometry": {"type": "Polygon", "coordinates": [[[32.83467, 39.86225], [32.83489, 39.8622], [32.83482, 39.862], [32.83459, 39.86205], [32.83467, 39.86225]]]}}, {"type": "Feature", "properties": {}, "geometry": {"type": "Polygon", "coordinates": [[[32.83737, 39.86719], [32.8375, 39.86733], [32.83771, 39.86721], [32.83758, 39.86707], [32.83737, 39.86719]]]}}, {"type": "Feature", "properties": {}, "geometry": {"type": "Polygon", "coordinates": [[[32.83576, 39.86221], [32.836, 39.86215], [32.83594, 39.86199], [32.83569, 39.86205], [32.83576, 39.86221]]]}}, {"type": "Feature", "properties": {}, "geometry": {"type": "Polygon", "coordinates": [[[32.8366, 39.86154], [32.83688, 39.8615], [32.83684, 39.86134], [32.83656, 39.86138], [32.8366, 39.86154]]]}}, {"type": "Feature", "properties": {}, "geometry": {"type": "Polygon", "coordinates": [[[32.83502, 39.86139], [32.83529, 39.86135], [32.83525, 39.86121], [32.83499, 39.86124], [32.83502, 39.86139]]]}}, {"type": "Feature", "properties": {}, "geometry": {"type": "Polygon", "coordinates": [[[32.83521, 39.8645], [32.83546, 39.86444], [32.8354, 39.8643], [32.83515, 39.86437], [32.83521, 39.8645]]]}}, {"type": "Feature", "properties": {}, "geometry": {"type": "Polygon", "coordinates": [[[32.83541, 39.86303], [32.8356, 39.86298], [32.83551, 39.86279], [32.83532, 39.86284], [32.83541, 39.86303]]]}}, {"type": "Feature", "properties": {}, "geometry": {"type": "Polygon", "coordinates": [[[32.8365, 39.86359], [32.83682, 39.86359], [32.83682, 39.86345], [32.8365, 39.86345], [32.8365, 39.86359]]]}}, {"type": "Feature", "properties": {}, "geometry": {"type": "Polygon", "coordinates": [[[32.83459, 39.86329], [32.83481, 39.86323], [32.83471, 39.86302], [32.83449, 39.86308], [32.83459, 39.86329]]]}}, {"type": "Feature", "properties": {}, "geometry": {"type": "Polygon", "coordinates": [[[32.83704, 39.86315], [32.83725, 39.86314], [32.83724, 39.86298], [32.83703, 39.86299], [32.83704, 39.86315]]]}}, {"type": "Feature", "properties": {}, "geometry": {"type": "Polygon", "coordinates": [[[32.83724, 39.86263], [32.83745, 39.86261], [32.83742, 39.86245], [32.83721, 39.86247], [32.83724, 39.86263]]]}}, {"type": "Feature", "properties": {}, "geometry": {"type": "Polygon", "coordinates": [[[32.83562, 39.86184], [32.83566, 39.86199], [32.83597, 39.86194], [32.83593, 39.86179], [32.83562, 39.86184]]]}}, {"type": "Feature", "properties": {}, "geometry": {"type": "Polygon", "coordinates": [[[32.83504, 39.86121], [32.83533, 39.86115], [32.83528, 39.86101], [32.83499, 39.86107], [32.83504, 39.86121]]]}}, {"type": "Feature", "properties": {}, "geometry": {"type": "Polygon", "coordinates": [[[32.83689, 39.86199], [32.83712, 39.86196], [32.8371, 39.86184], [32.83705, 39.86175], [32.83684, 39.86178], [32.83689, 39.86199]]]}}, {"type": "Feature", "properties": {}, "geometry": {"type": "Polygon", "coordinates": [[[32.8364, 39.86235], [32.83637, 39.86223], [32.83669, 39.86219], [32.83671, 39.8623], [32.8367, 39.8623], [32.8364, 39.86235]]]}}, {"type": "Feature", "properties": {}, "geometry": {"type": "Polygon", "coordinates": [[[32.83704, 39.86355], [32.83704, 39.86375], [32.83719, 39.86375], [32.83732, 39.8637], [32.83733, 39.86355], [32.83704, 39.86355]]]}}, {"type": "Feature", "properties": {}, "geometry": {"type": "Polygon", "coordinates": [[[32.8381, 39.86977], [32.83807, 39.86997], [32.83836, 39.86999], [32.83837, 39.86987], [32.83824, 39.86986], [32.83825, 39.86978], [32.8381, 39.86977]]]}}, {"type": "Feature", "properties": {}, "geometry": {"type": "Polygon", "coordinates": [[[32.83664, 39.86174], [32.83669, 39.86173], [32.83669, 39.86174], [32.83694, 39.86171], [32.83689, 39.86153], [32.83664, 39.86157], [32.83664, 39.8616], [32.8366, 39.8616], [32.83664, 39.86174]]]}}, {"type": "Feature", "properties": {}, "geometry": {"type": "Polygon", "coordinates": [[[32.83858, 39.86951], [32.83866, 39.86952], [32.83866, 39.86954], [32.8388, 39.86955], [32.83883, 39.86937], [32.83868, 39.86936], [32.83867, 39.86939], [32.8386, 39.86938], [32.83858, 39.86951]]]}}, {"type": "Feature", "properties": {}, "geometry": {"type": "Polygon", "coordinates": [[[32.83851, 39.86975], [32.8386, 39.86976], [32.83859, 39.86978], [32.83876, 39.86979], [32.83879, 39.86959], [32.83862, 39.86958], [32.83862, 39.8696], [32.83853, 39.86959], [32.83851, 39.86975]]]}}, {"type": "Feature", "properties": {}, "geometry": {"type": "Polygon", "coordinates": [[[32.83814, 39.86701], [32.83839, 39.86693], [32.83836, 39.86688], [32.8383, 39.86686], [32.83827, 39.86681], [32.8381, 39.86686], [32.83813, 39.86691], [32.83811, 39.86697], [32.83814, 39.86701]]]}}, {"type": "Feature", "properties": {}, "geometry": {"type": "Polygon", "coordinates": [[[32.83817, 39.86951], [32.8383, 39.86952], [32.8383, 39.86951], [32.83842, 39.86951], [32.83843, 39.86937], [32.83832, 39.86936], [32.83832, 39.86935], [32.83819, 39.86934], [32.83817, 39.86951]]]}}, {"type": "Feature", "properties": {}, "geometry": {"type": "Polygon", "coordinates": [[[32.83863, 39.86881], [32.83863, 39.86874], [32.83879, 39.86874], [32.83884, 39.86874], [32.83887, 39.86876], [32.8389, 39.86878], [32.8389, 39.86881], [32.8389, 39.86895], [32.8388, 39.86895], [32.83863, 39.86881]]]}}, {"type": "Feature", "properties": {}, "geometry": {"type": "Polygon", "coordinates": [[[32.83331, 39.86606], [32.83334, 39.86623], [32.83347, 39.86622], [32.83346, 39.86619], [32.83349, 39.86619], [32.83348, 39.86615], [32.83361, 39.86613], [32.83359, 39.86604], [32.83343, 39.86605], [32.83343, 39.86604], [32.83331, 39.86606]]]}}, {"type": "Feature", "properties": {}, "geometry": {"type": "Polygon", "coordinates": [[[32.83394, 39.86295], [32.83418, 39.86289], [32.83422, 39.863], [32.83421, 39.863], [32.83425, 39.86309], [32.83414, 39.86312], [32.83414, 39.86311], [32.83404, 39.86313], [32.834, 39.86304], [32.83399, 39.86305], [32.83394, 39.86295]]]}}, {"type": "Feature", "properties": {}, "geometry": {"type": "Polygon", "coordinates": [[[32.83278, 39.86174], [32.83281, 39.86182], [32.83285, 39.86181], [32.83288, 39.8619], [32.83289, 39.86189], [32.83291, 39.86197], [32.83297, 39.86196], [32.83296, 39.86192], [32.83303, 39.86191], [32.83297, 39.86171], [32.83295, 39.86171], [32.83278, 39.86174]]]}}, {"type": "Feature", "properties": {}, "geometry": {"type": "Polygon", "coordinates": [[[32.83333, 39.8635], [32.83339, 39.86366], [32.83333, 39.86367], [32.83333, 39.86369], [32.83323, 39.86372], [32.83322, 39.8637], [32.83317, 39.86371], [32.83314, 39.86364], [32.83313, 39.86365], [32.83308, 39.86354], [32.83318, 39.86352], [32.83319, 39.86353], [32.83333, 39.8635]]]}}, {"type": "Feature", "properties": {}, "geometry": {"type": "Polygon", "coordinates": [[[32.83371, 39.86226], [32.83398, 39.8622], [32.83394, 39.86211], [32.83389, 39.86212], [32.83387, 39.86206], [32.83392, 39.86204], [32.83389, 39.86196], [32.83363, 39.86201], [32.83366, 39.8621], [32.83371, 39.86209], [32.83373, 39.86216], [32.83368, 39.86217], [32.83371, 39.86226]]]}}, {"type": "Feature", "properties": {}, "geometry": {"type": "Polygon", "coordinates": [[[32.83763, 39.86558], [32.83759, 39.86559], [32.83758, 39.86558], [32.83754, 39.8656], [32.83752, 39.86562], [32.83751, 39.86564], [32.83747, 39.86565], [32.83745, 39.86568], [32.83746, 39.86573], [32.83749, 39.86576], [32.83754, 39.86577], [32.83758, 39.86577], [32.8376, 39.86575], [32.83764, 39.86575], [32.83767, 39.86575], [32.8377, 39.86573], [32.83773, 39.86571], [32.83763, 39.86558]]]}}, {"type": "Feature", "properties": {}, "geometry": {"type": "Polygon", "coordinates": [[[32.83058, 39.86907], [32.83055, 39.86925], [32.83076, 39.86927], [32.83079, 39.86909], [32.83058, 39.86907]]]}}, {"type": "Feature", "properties": {}, "geometry": {"type": "Polygon", "coordinates": [[[32.83331, 39.86203], [32.83357, 39.86198], [32.83354, 39.86188], [32.83328, 39.86193], [32.83331, 39.86203]]]}}, {"type": "Feature", "properties": {}, "geometry": {"type": "Polygon", "coordinates": [[[32.83791, 39.86511], [32.83806, 39.8653], [32.83822, 39.86523], [32.83807, 39.86503], [32.83791, 39.86511]]]}}, {"type": "Feature", "properties": {}, "geometry": {"type": "Polygon", "coordinates": [[[32.83367, 39.86194], [32.83391, 39.86189], [32.83386, 39.86176], [32.83363, 39.86181], [32.83367, 39.86194]]]}}, {"type": "Feature", "properties": {}, "geometry": {"type": "Polygon", "coordinates": [[[32.82996, 39.86829], [32.83019, 39.86833], [32.83024, 39.86812], [32.83001, 39.86808], [32.82996, 39.86829]]]}}, {"type": "Feature", "properties": {}, "geometry": {"type": "Polygon", "coordinates": [[[32.83063, 39.86894], [32.83087, 39.86897], [32.8309, 39.86875], [32.83067, 39.86873], [32.83063, 39.86894]]]}}, {"type": "Feature", "properties": {}, "geometry": {"type": "Polygon", "coordinates": [[[32.83732, 39.86546], [32.83743, 39.86561], [32.83763, 39.86552], [32.83752, 39.86537], [32.83732, 39.86546]]]}}, {"type": "Feature", "properties": {}, "geometry": {"type": "Polygon", "coordinates": [[[32.8331, 39.86272], [32.83328, 39.86269], [32.83323, 39.86253], [32.83304, 39.86256], [32.8331, 39.86272]]]}}, {"type": "Feature", "properties": {}, "geometry": {"type": "Polygon", "coordinates": [[[32.83403, 39.86714], [32.83415, 39.8673], [32.83449, 39.86715], [32.83437, 39.86699], [32.83403, 39.86714]]]}}, {"type": "Feature", "properties": {}, "geometry": {"type": "Polygon", "coordinates": [[[32.83334, 39.86344], [32.83356, 39.86339], [32.83349, 39.86324], [32.83328, 39.86329], [32.83334, 39.86344]]]}}, {"type": "Feature", "properties": {}, "geometry": {"type": "Polygon", "coordinates": [[[32.83381, 39.86245], [32.83405, 39.8624], [32.834, 39.86224], [32.83376, 39.86229], [32.83381, 39.86245]]]}}, {"type": "Feature", "properties": {}, "geometry": {"type": "Polygon", "coordinates": [[[32.83113, 39.86901], [32.83129, 39.86902], [32.83133, 39.86882], [32.83117, 39.8688], [32.83113, 39.86901]]]}}, {"type": "Feature", "properties": {}, "geometry": {"type": "Polygon", "coordinates": [[[32.83346, 39.86148], [32.83356, 39.86161], [32.83381, 39.86151], [32.8337, 39.86137], [32.83346, 39.86148]]]}}, {"type": "Feature", "properties": {}, "geometry": {"type": "Polygon", "coordinates": [[[32.83367, 39.86614], [32.83386, 39.86635], [32.83405, 39.86625], [32.83387, 39.86604], [32.83367, 39.86614]]]}}, {"type": "Feature", "properties": {}, "geometry": {"type": "Polygon", "coordinates": [[[32.83307, 39.86351], [32.83326, 39.86346], [32.8332, 39.86332], [32.83301, 39.86337], [32.83307, 39.86351]]]}}, {"type": "Feature", "properties": {}, "geometry": {"type": "Polygon", "coordinates": [[[32.83346, 39.86247], [32.8337, 39.86242], [32.83366, 39.86231], [32.83341, 39.86236], [32.83346, 39.86247]]]}}, {"type": "Feature", "properties": {}, "geometry": {"type": "Polygon", "coordinates": [[[32.83106, 39.86933], [32.83121, 39.86934], [32.83125, 39.86914], [32.83109, 39.86913], [32.83106, 39.86933]]]}}, {"type": "Feature", "properties": {}, "geometry": {"type": "Polygon", "coordinates": [[[32.83778, 39.86565], [32.83786, 39.86576], [32.83808, 39.86566], [32.838, 39.86555], [32.83778, 39.86565]]]}}, {"type": "Feature", "properties": {}, "geometry": {"type": "Polygon", "coordinates": [[[32.83075, 39.86991], [32.83093, 39.86995], [32.83098, 39.86979], [32.83081, 39.86976], [32.83075, 39.86991]]]}}, {"type": "Feature", "properties": {}, "geometry": {"type": "Polygon", "coordinates": [[[32.83127, 39.86936], [32.83148, 39.86937], [32.83151, 39.86916], [32.8313, 39.86914], [32.83127, 39.86936]]]}}, {"type": "Feature", "properties": {}, "geometry": {"type": "Polygon", "coordinates": [[[32.83325, 39.86189], [32.83348, 39.86184], [32.83342, 39.86168], [32.83319, 39.86173], [32.83325, 39.86189]]]}}, {"type": "Feature", "properties": {}, "geometry": {"type": "Polygon", "coordinates": [[[32.83844, 39.86545], [32.83858, 39.86559], [32.83875, 39.8655], [32.83861, 39.86536], [32.83844, 39.86545]]]}}, {"type": "Feature", "properties": {}, "geometry": {"type": "Polygon", "coordinates": [[[32.83084, 39.86826], [32.8308, 39.86844], [32.83104, 39.86848], [32.83109, 39.86829], [32.83084, 39.86826]]]}}, {"type": "Feature", "properties": {}, "geometry": {"type": "Polygon", "coordinates": [[[32.83303, 39.86253], [32.83323, 39.86249], [32.83319, 39.86236], [32.83299, 39.8624], [32.83303, 39.86253]]]}}, {"type": "Feature", "properties": {}, "geometry": {"type": "Polygon", "coordinates": [[[32.83349, 39.86365], [32.83376, 39.86356], [32.83367, 39.8634], [32.8334, 39.86349], [32.83349, 39.86365]]]}}, {"type": "Feature", "properties": {}, "geometry": {"type": "Polygon", "coordinates": [[[32.8305, 39.86962], [32.83076, 39.86969], [32.83083, 39.86954], [32.83057, 39.86947], [32.8305, 39.86962]]]}}, {"type": "Feature", "properties": {}, "geometry": {"type": "Polygon", "coordinates": [[[32.83245, 39.86236], [32.83271, 39.86225], [32.83263, 39.86214], [32.83237, 39.86225], [32.83245, 39.86236]]]}}, {"type": "Feature", "properties": {}, "geometry": {"type": "Polygon", "coordinates": [[[32.83321, 39.86502], [32.83331, 39.86525], [32.83348, 39.8652], [32.83338, 39.86498], [32.83321, 39.86502]]]}}, {"type": "Feature", "properties": {}, "geometry": {"type": "Polygon", "coordinates": [[[32.8382, 39.86516], [32.8384, 39.8654], [32.83854, 39.86533], [32.83833, 39.86509], [32.8382, 39.86516]]]}}, {"type": "Feature", "properties": {}, "geometry": {"type": "Polygon", "coordinates": [[[32.83789, 39.86581], [32.83797, 39.86592], [32.83822, 39.86581], [32.83814, 39.8657], [32.83789, 39.86581]]]}}, {"type": "Feature", "properties": {}, "geometry": {"type": "Polygon", "coordinates": [[[32.83314, 39.86294], [32.83335, 39.86289], [32.83329, 39.86273], [32.83308, 39.86277], [32.83314, 39.86294]]]}}, {"type": "Feature", "properties": {}, "geometry": {"type": "Polygon", "coordinates": [[[32.83249, 39.86238], [32.83257, 39.86248], [32.83283, 39.86237], [32.83275, 39.86227], [32.83249, 39.86238]]]}}, {"type": "Feature", "properties": {}, "geometry": {"type": "Polygon", "coordinates": [[[32.8336, 39.86178], [32.83385, 39.86172], [32.83381, 39.8616], [32.83355, 39.86166], [32.8336, 39.86178]]]}}, {"type": "Feature", "properties": {}, "geometry": {"type": "Polygon", "coordinates": [[[32.83109, 39.86826], [32.83134, 39.8683], [32.83138, 39.86816], [32.83113, 39.86812], [32.83109, 39.86826]]]}}, {"type": "Feature", "properties": {}, "geometry": {"type": "Polygon", "coordinates": [[[32.83342, 39.86635], [32.83362, 39.86656], [32.83384, 39.86644], [32.83364, 39.86623], [32.83342, 39.86635]]]}}, {"type": "Feature", "properties": {}, "geometry": {"type": "Polygon", "coordinates": [[[32.83296, 39.86236], [32.83317, 39.86231], [32.83312, 39.86218], [32.83291, 39.86223], [32.83296, 39.86236]]]}}, {"type": "Feature", "properties": {}, "geometry": {"type": "Polygon", "coordinates": [[[32.83753, 39.86533], [32.8377, 39.86555], [32.83795, 39.86544], [32.83778, 39.86522], [32.83753, 39.86533]]]}}, {"type": "Feature", "properties": {}, "geometry": {"type": "Polygon", "coordinates": [[[32.83044, 39.86983], [32.83069, 39.86989], [32.83076, 39.86974], [32.8305, 39.86968], [32.83044, 39.86983]]]}}, {"type": "Feature", "properties": {}, "geometry": {"type": "Polygon", "coordinates": [[[32.83331, 39.86209], [32.83336, 39.86219], [32.8336, 39.86213], [32.83356, 39.86203], [32.83331, 39.86209]]]}}, {"type": "Feature", "properties": {}, "geometry": {"type": "Polygon", "coordinates": [[[32.83115, 39.86809], [32.83139, 39.86812], [32.83142, 39.868], [32.83118, 39.86796], [32.83115, 39.86809]]]}}, {"type": "Feature", "properties": {}, "geometry": {"type": "Polygon", "coordinates": [[[32.83288, 39.8622], [32.83312, 39.86215], [32.83307, 39.86201], [32.83284, 39.86205], [32.83288, 39.8622]]]}}, {"type": "Feature", "properties": {}, "geometry": {"type": "Polygon", "coordinates": [[[32.83373, 39.86679], [32.83386, 39.86692], [32.83408, 39.86679], [32.83394, 39.86666], [32.83373, 39.86679]]]}}, {"type": "Feature", "properties": {}, "geometry": {"type": "Polygon", "coordinates": [[[32.83361, 39.86585], [32.83373, 39.86603], [32.83386, 39.86595], [32.83377, 39.86581], [32.83361, 39.86585]]]}}, {"type": "Feature", "properties": {}, "geometry": {"type": "Polygon", "coordinates": [[[32.83351, 39.86262], [32.83377, 39.86257], [32.83373, 39.86246], [32.83347, 39.86251], [32.83351, 39.86262]]]}}, {"type": "Feature", "properties": {}, "geometry": {"type": "Polygon", "coordinates": [[[32.83385, 39.86698], [32.83397, 39.86711], [32.83422, 39.86697], [32.8341, 39.86684], [32.83385, 39.86698]]]}}, {"type": "Feature", "properties": {}, "geometry": {"type": "Polygon", "coordinates": [[[32.8339, 39.86278], [32.83414, 39.86274], [32.83406, 39.86251], [32.83382, 39.86255], [32.8339, 39.86278]]]}}, {"type": "Feature", "properties": {}, "geometry": {"type": "Polygon", "coordinates": [[[32.83084, 39.86968], [32.83104, 39.86972], [32.83109, 39.86958], [32.83089, 39.86953], [32.83084, 39.86968]]]}}, {"type": "Feature", "properties": {}, "geometry": {"type": "Polygon", "coordinates": [[[32.83257, 39.86184], [32.8327, 39.86201], [32.83285, 39.86194], [32.83272, 39.86177], [32.83257, 39.86184]]]}}, {"type": "Feature", "properties": {}, "geometry": {"type": "Polygon", "coordinates": [[[32.83133, 39.86906], [32.83151, 39.86909], [32.83157, 39.86885], [32.83138, 39.86883], [32.83133, 39.86906]]]}}, {"type": "Feature", "properties": {}, "geometry": {"type": "Polygon", "coordinates": [[[32.83318, 39.8617], [32.83346, 39.86164], [32.83342, 39.86153], [32.83315, 39.86159], [32.83318, 39.8617]]]}}, {"type": "Feature", "properties": {}, "geometry": {"type": "Polygon", "coordinates": [[[32.83402, 39.86661], [32.83423, 39.86679], [32.83444, 39.86664], [32.83423, 39.86646], [32.83402, 39.86661]]]}}, {"type": "Feature", "properties": {}, "geometry": {"type": "Polygon", "coordinates": [[[32.83109, 39.86974], [32.83127, 39.86978], [32.83132, 39.86964], [32.83115, 39.8696], [32.83109, 39.86974]]]}}, {"type": "Feature", "properties": {}, "geometry": {"type": "Polygon", "coordinates": [[[32.83325, 39.86583], [32.83363, 39.86579], [32.8336, 39.86562], [32.83322, 39.86566], [32.83325, 39.86583]]]}}, {"type": "Feature", "properties": {}, "geometry": {"type": "Polygon", "coordinates": [[[32.83087, 39.8693], [32.83101, 39.86931], [32.83105, 39.86909], [32.83091, 39.86908], [32.83087, 39.8693]]]}}, {"type": "Feature", "properties": {}, "geometry": {"type": "Polygon", "coordinates": [[[32.83296, 39.8633], [32.83319, 39.86324], [32.83313, 39.86308], [32.8329, 39.86314], [32.83296, 39.8633]]]}}, {"type": "Feature", "properties": {}, "geometry": {"type": "Polygon", "coordinates": [[[32.83336, 39.86222], [32.8334, 39.86232], [32.83365, 39.86227], [32.83361, 39.86217], [32.83336, 39.86222]]]}}, {"type": "Feature", "properties": {}, "geometry": {"type": "Polygon", "coordinates": [[[32.83446, 39.86693], [32.83459, 39.86712], [32.83481, 39.86703], [32.83468, 39.86684], [32.83446, 39.86693]]]}}, {"type": "Feature", "properties": {}, "geometry": {"type": "Polygon", "coordinates": [[[32.83097, 39.86997], [32.83115, 39.87001], [32.83121, 39.86986], [32.83103, 39.86982], [32.83097, 39.86997]]]}}, {"type": "Feature", "properties": {}, "geometry": {"type": "Polygon", "coordinates": [[[32.83332, 39.86602], [32.83356, 39.86599], [32.83353, 39.86582], [32.83328, 39.86586], [32.83332, 39.86602]]]}}, {"type": "Feature", "properties": {}, "geometry": {"type": "Polygon", "coordinates": [[[32.83383, 39.86328], [32.83394, 39.86349], [32.83413, 39.86343], [32.83402, 39.86322], [32.83383, 39.86328]]]}}, {"type": "Feature", "properties": {}, "geometry": {"type": "Polygon", "coordinates": [[[32.83144, 39.8686], [32.83164, 39.86863], [32.8317, 39.86844], [32.8315, 39.8684], [32.83144, 39.8686]]]}}, {"type": "Feature", "properties": {}, "geometry": {"type": "Polygon", "coordinates": [[[32.83118, 39.87004], [32.83138, 39.87009], [32.83144, 39.86995], [32.83124, 39.8699], [32.83118, 39.87004]]]}}, {"type": "Feature", "properties": {}, "geometry": {"type": "Polygon", "coordinates": [[[32.83429, 39.86682], [32.83438, 39.86692], [32.8346, 39.86681], [32.83452, 39.86671], [32.83429, 39.86682]]]}}, {"type": "Feature", "properties": {}, "geometry": {"type": "Polygon", "coordinates": [[[32.83311, 39.86536], [32.83319, 39.86552], [32.83337, 39.86547], [32.83328, 39.86531], [32.83311, 39.86536]]]}}, {"type": "Feature", "properties": {}, "geometry": {"type": "Polygon", "coordinates": [[[32.82967, 39.86826], [32.8299, 39.8683], [32.82996, 39.86806], [32.82973, 39.86803], [32.82967, 39.86826]]]}}, {"type": "Feature", "properties": {}, "geometry": {"type": "Polygon", "coordinates": [[[32.83334, 39.86529], [32.83343, 39.86551], [32.83359, 39.86546], [32.83349, 39.86525], [32.83334, 39.86529]]]}}, {"type": "Feature", "properties": {}, "geometry": {"type": "Polygon", "coordinates": [[[32.83816, 39.86546], [32.83835, 39.86571], [32.83852, 39.86564], [32.83833, 39.86539], [32.83816, 39.86546]]]}}, {"type": "Feature", "properties": {}, "geometry": {"type": "Polygon", "coordinates": [[[32.83284, 39.86295], [32.83306, 39.8629], [32.83296, 39.86265], [32.83275, 39.8627], [32.83284, 39.86295]]]}}, {"type": "Feature", "properties": {}, "geometry": {"type": "Polygon", "coordinates": [[[32.83357, 39.86286], [32.83381, 39.86282], [32.83375, 39.86262], [32.83351, 39.86267], [32.83357, 39.86286]]]}}, {"type": "Feature", "properties": {}, "geometry": {"type": "Polygon", "coordinates": [[[32.83219, 39.86203], [32.83233, 39.8622], [32.83248, 39.86213], [32.83234, 39.86196], [32.83219, 39.86203]]]}}, {"type": "Feature", "properties": {}, "geometry": {"type": "Polygon", "coordinates": [[[32.83111, 39.86853], [32.8313, 39.86856], [32.83137, 39.86835], [32.83118, 39.86832], [32.83111, 39.86853]]]}}, {"type": "Feature", "properties": {}, "geometry": {"type": "Polygon", "coordinates": [[[32.83268, 39.86262], [32.83296, 39.86255], [32.83291, 39.86243], [32.83263, 39.86249], [32.83268, 39.86262]]]}}, {"type": "Feature", "properties": {}, "geometry": {"type": "Polygon", "coordinates": [[[32.83779, 39.86574], [32.83765, 39.86581], [32.83775, 39.86593], [32.83785, 39.86599], [32.83795, 39.86594], [32.83779, 39.86574]]]}}, {"type": "Feature", "properties": {}, "geometry": {"type": "Polygon", "coordinates": [[[32.83363, 39.86304], [32.83375, 39.86322], [32.83386, 39.86317], [32.83385, 39.86316], [32.83395, 39.86312], [32.83384, 39.86295], [32.83363, 39.86304]]]}}, {"type": "Feature", "properties": {}, "geometry": {"type": "Polygon", "coordinates": [[[32.83315, 39.865], [32.83297, 39.86505], [32.83303, 39.86519], [32.83309, 39.86518], [32.83313, 39.86528], [32.83326, 39.86524], [32.83315, 39.865]]]}}, {"type": "Feature", "properties": {}, "geometry": {"type": "Polygon", "coordinates": [[[32.83322, 39.86317], [32.83329, 39.86324], [32.83345, 39.86317], [32.83335, 39.86307], [32.83323, 39.86307], [32.83319, 39.8631], [32.83322, 39.86317]]]}}, {"type": "Feature", "properties": {}, "geometry": {"type": "Polygon", "coordinates": [[[32.83809, 39.86499], [32.8382, 39.86512], [32.83834, 39.86505], [32.83827, 39.86497], [32.83832, 39.86495], [32.83827, 39.8649], [32.83809, 39.86499]]]}}, {"type": "Feature", "properties": {}, "geometry": {"type": "Polygon", "coordinates": [[[32.83236, 39.86192], [32.83246, 39.86207], [32.83253, 39.86204], [32.83256, 39.86209], [32.83267, 39.86204], [32.83253, 39.86184], [32.83236, 39.86192]]]}}, {"type": "Feature", "properties": {}, "geometry": {"type": "Polygon", "coordinates": [[[32.83026, 39.86837], [32.83047, 39.86841], [32.8305, 39.86827], [32.83048, 39.86827], [32.8305, 39.86819], [32.83032, 39.86816], [32.83026, 39.86837]]]}}, {"type": "Feature", "properties": {}, "geometry": {"type": "Polygon", "coordinates": [[[32.83409, 39.86329], [32.83416, 39.86342], [32.83437, 39.86335], [32.83426, 39.86315], [32.83415, 39.86318], [32.83415, 39.86319], [32.83408, 39.86322], [32.83411, 39.86328], [32.83409, 39.86329]]]}}, {"type": "Feature", "properties": {}, "geometry": {"type": "Polygon", "coordinates": [[[32.8362, 39.85587], [32.83624, 39.85593], [32.83623, 39.85594], [32.83629, 39.85604], [32.83631, 39.85603], [32.83634, 39.85609], [32.83645, 39.85605], [32.83643, 39.85603], [32.83645, 39.85602], [32.83633, 39.85585], [32.83632, 39.85585], [32.83631, 39.85583], [32.8362, 39.85587]]]}}, {"type": "Feature", "properties": {}, "geometry": {"type": "Polygon", "coordinates": [[[32.83201, 39.85662], [32.83205, 39.85668], [32.83203, 39.85669], [32.8321, 39.85679], [32.83211, 39.85678], [32.83215, 39.85684], [32.83225, 39.8568], [32.83224, 39.85678], [32.83225, 39.85678], [32.83215, 39.8566], [32.83213, 39.85661], [32.83212, 39.85659], [32.83201, 39.85662]]]}}, {"type": "Feature", "properties": {}, "geometry": {"type": "Polygon", "coordinates": [[[32.83631, 39.85556], [32.83635, 39.85562], [32.83633, 39.85562], [32.8364, 39.85572], [32.83641, 39.85572], [32.83645, 39.85577], [32.83656, 39.85573], [32.83654, 39.85571], [32.83656, 39.85571], [32.83644, 39.85554], [32.83643, 39.85554], [32.83641, 39.85552], [32.83631, 39.85556]]]}}, {"type": "Feature", "properties": {}, "geometry": {"type": "Polygon", "coordinates": [[[32.83236, 39.85648], [32.8324, 39.85654], [32.83238, 39.85655], [32.83244, 39.85665], [32.83245, 39.85665], [32.83249, 39.8567], [32.83259, 39.85667], [32.83258, 39.85665], [32.8326, 39.85664], [32.8325, 39.85647], [32.83248, 39.85647], [32.83247, 39.85645], [32.83236, 39.85648]]]}}, {"type": "Feature", "properties": {}, "geometry": {"type": "Polygon", "coordinates": [[[32.83165, 39.85676], [32.83168, 39.85682], [32.83167, 39.85683], [32.83173, 39.85693], [32.83174, 39.85692], [32.83178, 39.85698], [32.83188, 39.85694], [32.83187, 39.85692], [32.83188, 39.85692], [32.83178, 39.85674], [32.83177, 39.85675], [32.83175, 39.85673], [32.83165, 39.85676]]]}}, {"type": "Feature", "properties": {}, "geometry": {"type": "Polygon", "coordinates": [[[32.83286, 39.8564], [32.83288, 39.85646], [32.83286, 39.85646], [32.8329, 39.85657], [32.83291, 39.85657], [32.83293, 39.85663], [32.83304, 39.85661], [32.83304, 39.85659], [32.83305, 39.85659], [32.833, 39.8564], [32.83298, 39.8564], [32.83298, 39.85638], [32.83286, 39.8564]]]}}, {"type": "Feature", "properties": {}, "geometry": {"type": "Polygon", "coordinates": [[[32.83329, 39.85632], [32.83331, 39.85638], [32.8333, 39.85639], [32.83334, 39.85649], [32.83335, 39.85649], [32.83337, 39.85655], [32.83349, 39.85652], [32.83348, 39.8565], [32.83349, 39.8565], [32.83342, 39.85631], [32.83341, 39.85632], [32.8334, 39.85629], [32.83329, 39.85632]]]}}, {"type": "Feature", "properties": {}, "geometry": {"type": "Polygon", "coordinates": [[[32.83433, 39.85607], [32.83436, 39.85613], [32.83434, 39.85613], [32.83438, 39.85624], [32.8344, 39.85624], [32.83442, 39.8563], [32.83453, 39.85627], [32.83452, 39.85625], [32.83454, 39.85625], [32.83447, 39.85606], [32.83446, 39.85607], [32.83445, 39.85604], [32.83433, 39.85607]]]}}, {"type": "Feature", "properties": {}, "geometry": {"type": "Polygon", "coordinates": [[[32.83511, 39.85651], [32.83515, 39.85657], [32.83514, 39.85657], [32.8352, 39.85667], [32.83522, 39.85667], [32.83525, 39.85672], [32.83536, 39.85668], [32.83535, 39.85666], [32.83536, 39.85666], [32.83524, 39.85649], [32.83523, 39.85649], [32.83522, 39.85647], [32.83511, 39.85651]]]}}, {"type": "Feature", "properties": {}, "geometry": {"type": "Polygon", "coordinates": [[[32.83473, 39.85593], [32.83477, 39.85599], [32.83476, 39.85599], [32.83482, 39.85609], [32.83484, 39.85608], [32.83487, 39.85614], [32.83498, 39.8561], [32.83496, 39.85608], [32.83498, 39.85608], [32.83486, 39.8559], [32.83485, 39.85591], [32.83484, 39.85589], [32.83473, 39.85593]]]}}, {"type": "Feature", "properties": {}, "geometry": {"type": "Polygon", "coordinates": [[[32.83364, 39.85623], [32.83366, 39.85629], [32.83365, 39.8563], [32.83368, 39.8564], [32.8337, 39.8564], [32.83372, 39.85646], [32.83383, 39.85644], [32.83383, 39.85642], [32.83384, 39.85641], [32.83378, 39.85623], [32.83376, 39.85623], [32.83375, 39.85621], [32.83364, 39.85623]]]}}, {"type": "Feature", "properties": {}, "geometry": {"type": "Polygon", "coordinates": [[[32.83562, 39.85558], [32.83566, 39.85563], [32.83565, 39.85564], [32.83571, 39.85574], [32.83573, 39.85573], [32.83577, 39.85579], [32.83587, 39.85575], [32.83586, 39.85573], [32.83587, 39.85572], [32.83576, 39.85555], [32.83574, 39.85556], [32.83573, 39.85553], [32.83562, 39.85558]]]}}, {"type": "Feature", "properties": {}, "geometry": {"type": "Polygon", "coordinates": [[[32.83399, 39.85615], [32.83401, 39.85621], [32.834, 39.85622], [32.83404, 39.85632], [32.83406, 39.85632], [32.83408, 39.85638], [32.83419, 39.85635], [32.83418, 39.85633], [32.8342, 39.85633], [32.83412, 39.85614], [32.83411, 39.85615], [32.8341, 39.85612], [32.83399, 39.85615]]]}}, {"type": "Feature", "properties": {}, "geometry": {"type": "Polygon", "coordinates": [[[32.83593, 39.85603], [32.83597, 39.85609], [32.83595, 39.8561], [32.83602, 39.85619], [32.83603, 39.85619], [32.83607, 39.85624], [32.83617, 39.8562], [32.83616, 39.85618], [32.83617, 39.85618], [32.83606, 39.85601], [32.83605, 39.85601], [32.83603, 39.85599], [32.83593, 39.85603]]]}}, {"type": "Feature", "properties": {}, "geometry": {"type": "Polygon", "coordinates": [[[32.83225, 39.85747], [32.83233, 39.85744], [32.83234, 39.85746], [32.83247, 39.85742], [32.83246, 39.8574], [32.83254, 39.85738], [32.8325, 39.8573], [32.83247, 39.85731], [32.83247, 39.85729], [32.83223, 39.85736], [32.83224, 39.85737], [32.83221, 39.85738], [32.83225, 39.85747]]]}}, {"type": "Feature", "properties": {}, "geometry": {"type": "Polygon", "coordinates": [[[32.8313, 39.8569], [32.83133, 39.85696], [32.83132, 39.85697], [32.83138, 39.85707], [32.83139, 39.85707], [32.83142, 39.85712], [32.83153, 39.85709], [32.83152, 39.85707], [32.83153, 39.85706], [32.83143, 39.85689], [32.83142, 39.85689], [32.83141, 39.85687], [32.8313, 39.8569]]]}}, {"type": "Feature", "properties": {}, "geometry": {"type": "Polygon", "coordinates": [[[32.83472, 39.85631], [32.83476, 39.85636], [32.83474, 39.85637], [32.83481, 39.85647], [32.83482, 39.85646], [32.83486, 39.85652], [32.83497, 39.85648], [32.83495, 39.85646], [32.83497, 39.85645], [32.83485, 39.85628], [32.83484, 39.85629], [32.83483, 39.85626], [32.83472, 39.85631]]]}}, {"type": "Feature", "properties": {}, "geometry": {"type": "Polygon", "coordinates": [[[32.83539, 39.85635], [32.83542, 39.85641], [32.83541, 39.85642], [32.83547, 39.85652], [32.83549, 39.85651], [32.83553, 39.85657], [32.83563, 39.85653], [32.83562, 39.85651], [32.83563, 39.8565], [32.83552, 39.85633], [32.83551, 39.85633], [32.83549, 39.85631], [32.83539, 39.85635]]]}}, {"type": "Feature", "properties": {}, "geometry": {"type": "Polygon", "coordinates": [[[32.83503, 39.85581], [32.83507, 39.85587], [32.83505, 39.85587], [32.83512, 39.85597], [32.83513, 39.85596], [32.83517, 39.85602], [32.83527, 39.85598], [32.83526, 39.85596], [32.83527, 39.85595], [32.83516, 39.85578], [32.83515, 39.85579], [32.83513, 39.85576], [32.83503, 39.85581]]]}}, {"type": "Feature", "properties": {}, "geometry": {"type": "Polygon", "coordinates": [[[32.83533, 39.85569], [32.83537, 39.85575], [32.83535, 39.85576], [32.83542, 39.85586], [32.83543, 39.85585], [32.83547, 39.85591], [32.83557, 39.85587], [32.83556, 39.85585], [32.83557, 39.85584], [32.83546, 39.85567], [32.83545, 39.85568], [32.83543, 39.85565], [32.83533, 39.85569]]]}}, {"type": "Feature", "properties": {}, "geometry": {"type": "Polygon", "coordinates": [[[32.83566, 39.85619], [32.8357, 39.85625], [32.83568, 39.85626], [32.83575, 39.85636], [32.83576, 39.85635], [32.8358, 39.85641], [32.83591, 39.85637], [32.83589, 39.85635], [32.83591, 39.85634], [32.83579, 39.85617], [32.83578, 39.85617], [32.83576, 39.85615], [32.83566, 39.85619]]]}}, {"type": "Feature", "properties": {}, "geometry": {"type": "Polygon", "coordinates": [[[32.83593, 39.85546], [32.83597, 39.85552], [32.83596, 39.85552], [32.83602, 39.85562], [32.83604, 39.85561], [32.83607, 39.85567], [32.83618, 39.85563], [32.83617, 39.85561], [32.83618, 39.8556], [32.83606, 39.85543], [32.83605, 39.85544], [32.83604, 39.85542], [32.83593, 39.85546]]]}}, {"type": "Feature", "properties": {}, "geometry": {"type": "Polygon", "coordinates": [[[32.83391, 39.86029], [32.83391, 39.86045], [32.83402, 39.86045], [32.83402, 39.86047], [32.83406, 39.86047], [32.83406, 39.86048], [32.8342, 39.86048], [32.8342, 39.86033], [32.83417, 39.86031], [32.83419, 39.86029], [32.83413, 39.86026], [32.83402, 39.86026], [32.83402, 39.86029], [32.83391, 39.86029]]]}}, {"type": "Feature", "properties": {}, "geometry": {"type": "Polygon", "coordinates": [[[32.83469, 39.85865], [32.83472, 39.85872], [32.83479, 39.8587], [32.8348, 39.85872], [32.83487, 39.8587], [32.83487, 39.85871], [32.83499, 39.85869], [32.83492, 39.85851], [32.83482, 39.85853], [32.83482, 39.85855], [32.83475, 39.85857], [32.83476, 39.85859], [32.8347, 39.8586], [32.83471, 39.85864], [32.83469, 39.85865]]]}}, {"type": "Feature", "properties": {}, "geometry": {"type": "Polygon", "coordinates": [[[32.83431, 39.86022], [32.83437, 39.86028], [32.83441, 39.86027], [32.83444, 39.8603], [32.83452, 39.86025], [32.83447, 39.86021], [32.83448, 39.8602], [32.83446, 39.86018], [32.83447, 39.86017], [32.83446, 39.86005], [32.83431, 39.86007], [32.8343, 39.86008], [32.83427, 39.86006], [32.83426, 39.86008], [32.83418, 39.86005], [32.83415, 39.86012], [32.8342, 39.86014], [32.83418, 39.86017], [32.83427, 39.8602], [32.83429, 39.86016], [32.83435, 39.8602], [32.83431, 39.86022]]]}}, {"type": "Feature", "properties": {}, "geometry": {"type": "Polygon", "coordinates": [[[32.83442, 39.86073], [32.83444, 39.86069], [32.83446, 39.86069], [32.83448, 39.86064], [32.83463, 39.86068], [32.8346, 39.86075], [32.83462, 39.86076], [32.83461, 39.86078], [32.83466, 39.86091], [32.83448, 39.86092], [32.83445, 39.86094], [32.83444, 39.86093], [32.83437, 39.86098], [32.83426, 39.86088], [32.83432, 39.86084], [32.83431, 39.86083], [32.83435, 39.86081], [32.83437, 39.86082], [32.8344, 39.8608], [32.83446, 39.86084], [32.8345, 39.86078], [32.83444, 39.86077], [32.83445, 39.86074], [32.83442, 39.86073]]]}}, {"type": "Feature", "properties": {}, "geometry": {"type": "Polygon", "coordinates": [[[32.83294, 39.86113], [32.83316, 39.86138], [32.83334, 39.86129], [32.83312, 39.86104], [32.83294, 39.86113]]]}}, {"type": "Feature", "properties": {}, "geometry": {"type": "Polygon", "coordinates": [[[32.83491, 39.85966], [32.83534, 39.85966], [32.83534, 39.85954], [32.83491, 39.85954], [32.83491, 39.85966]]]}}, {"type": "Feature", "properties": {}, "geometry": {"type": "Polygon", "coordinates": [[[32.83431, 39.85936], [32.83465, 39.85936], [32.83465, 39.85923], [32.83431, 39.85923], [32.83431, 39.85936]]]}}, {"type": "Feature", "properties": {}, "geometry": {"type": "Polygon", "coordinates": [[[32.83431, 39.85867], [32.83454, 39.85867], [32.83454, 39.85846], [32.83432, 39.85846], [32.83431, 39.85867]]]}}, {"type": "Feature", "properties": {}, "geometry": {"type": "Polygon", "coordinates": [[[32.82815, 39.86644], [32.8284, 39.86651], [32.8285, 39.86632], [32.82824, 39.86624], [32.82815, 39.86644]]]}}, {"type": "Feature", "properties": {}, "geometry": {"type": "Polygon", "coordinates": [[[32.83333, 39.85944], [32.83359, 39.85944], [32.83359, 39.85928], [32.83333, 39.85928], [32.83333, 39.85944]]]}}, {"type": "Feature", "properties": {}, "geometry": {"type": "Polygon", "coordinates": [[[32.83482, 39.86039], [32.83506, 39.86036], [32.83503, 39.86021], [32.83479, 39.86023], [32.83482, 39.86039]]]}}, {"type": "Feature", "properties": {}, "geometry": {"type": "Polygon", "coordinates": [[[32.83003, 39.86736], [32.83035, 39.86751], [32.83048, 39.86736], [32.83016, 39.8672], [32.83003, 39.86736]]]}}, {"type": "Feature", "properties": {}, "geometry": {"type": "Polygon", "coordinates": [[[32.83297, 39.86075], [32.83309, 39.86091], [32.8333, 39.86081], [32.83319, 39.86066], [32.83297, 39.86075]]]}}, {"type": "Feature", "properties": {}, "geometry": {"type": "Polygon", "coordinates": [[[32.83492, 39.85951], [32.83528, 39.8595], [32.83528, 39.85939], [32.83492, 39.85939], [32.83492, 39.85951]]]}}, {"type": "Feature", "properties": {}, "geometry": {"type": "Polygon", "coordinates": [[[32.83091, 39.86605], [32.83102, 39.8662], [32.83129, 39.86608], [32.83117, 39.86593], [32.83091, 39.86605]]]}}, {"type": "Feature", "properties": {}, "geometry": {"type": "Polygon", "coordinates": [[[32.8335, 39.85847], [32.83369, 39.85847], [32.83369, 39.85829], [32.8335, 39.85829], [32.8335, 39.85847]]]}}, {"type": "Feature", "properties": {}, "geometry": {"type": "Polygon", "coordinates": [[[32.83418, 39.8582], [32.83425, 39.85839], [32.83448, 39.85834], [32.83441, 39.85815], [32.83418, 39.8582]]]}}, {"type": "Feature", "properties": {}, "geometry": {"type": "Polygon", "coordinates": [[[32.83297, 39.86669], [32.83319, 39.86662], [32.83303, 39.86651], [32.8329, 39.86654], [32.83297, 39.86669]]]}}, {"type": "Feature", "properties": {}, "geometry": {"type": "Polygon", "coordinates": [[[32.83528, 39.86038], [32.83552, 39.86035], [32.83549, 39.86021], [32.83525, 39.86024], [32.83528, 39.86038]]]}}, {"type": "Feature", "properties": {}, "geometry": {"type": "Polygon", "coordinates": [[[32.8305, 39.86688], [32.83076, 39.86698], [32.83084, 39.86686], [32.83058, 39.86676], [32.8305, 39.86688]]]}}, {"type": "Feature", "properties": {}, "geometry": {"type": "Polygon", "coordinates": [[[32.83089, 39.86571], [32.8311, 39.86588], [32.83125, 39.86577], [32.83104, 39.8656], [32.83089, 39.86571]]]}}, {"type": "Feature", "properties": {}, "geometry": {"type": "Polygon", "coordinates": [[[32.83379, 39.85827], [32.83384, 39.85849], [32.83406, 39.85846], [32.83401, 39.85824], [32.83379, 39.85827]]]}}, {"type": "Feature", "properties": {}, "geometry": {"type": "Polygon", "coordinates": [[[32.83277, 39.86026], [32.83302, 39.86026], [32.83302, 39.86006], [32.83277, 39.86006], [32.83277, 39.86026]]]}}, {"type": "Feature", "properties": {}, "geometry": {"type": "Polygon", "coordinates": [[[32.83203, 39.86678], [32.83227, 39.8667], [32.83219, 39.86656], [32.83195, 39.86664], [32.83203, 39.86678]]]}}, {"type": "Feature", "properties": {}, "geometry": {"type": "Polygon", "coordinates": [[[32.8338, 39.85964], [32.83409, 39.85964], [32.83409, 39.85948], [32.83379, 39.85948], [32.8338, 39.85964]]]}}, {"type": "Feature", "properties": {}, "geometry": {"type": "Polygon", "coordinates": [[[32.82735, 39.86541], [32.82759, 39.86549], [32.8277, 39.8653], [32.82746, 39.86522], [32.82735, 39.86541]]]}}, {"type": "Feature", "properties": {}, "geometry": {"type": "Polygon", "coordinates": [[[32.83225, 39.86607], [32.8325, 39.86602], [32.83245, 39.86585], [32.83219, 39.8659], [32.83225, 39.86607]]]}}, {"type": "Feature", "properties": {}, "geometry": {"type": "Polygon", "coordinates": [[[32.8349, 39.86072], [32.83519, 39.86069], [32.83517, 39.86057], [32.83488, 39.86061], [32.8349, 39.86072]]]}}, {"type": "Feature", "properties": {}, "geometry": {"type": "Polygon", "coordinates": [[[32.83349, 39.85858], [32.83349, 39.85874], [32.83369, 39.85874], [32.83369, 39.85858], [32.83349, 39.85858]]]}}, {"type": "Feature", "properties": {}, "geometry": {"type": "Polygon", "coordinates": [[[32.83333, 39.8611], [32.83346, 39.86126], [32.83366, 39.86117], [32.83353, 39.861], [32.83333, 39.8611]]]}}, {"type": "Feature", "properties": {}, "geometry": {"type": "Polygon", "coordinates": [[[32.83394, 39.86074], [32.83423, 39.86073], [32.83422, 39.86055], [32.83392, 39.86056], [32.83394, 39.86074]]]}}, {"type": "Feature", "properties": {}, "geometry": {"type": "Polygon", "coordinates": [[[32.83438, 39.85919], [32.83471, 39.85919], [32.83471, 39.85903], [32.83437, 39.85903], [32.83438, 39.85919]]]}}, {"type": "Feature", "properties": {}, "geometry": {"type": "Polygon", "coordinates": [[[32.83236, 39.86027], [32.83262, 39.86027], [32.83261, 39.86006], [32.83235, 39.86007], [32.83236, 39.86027]]]}}, {"type": "Feature", "properties": {}, "geometry": {"type": "Polygon", "coordinates": [[[32.8318, 39.86644], [32.83189, 39.8666], [32.83212, 39.86652], [32.83203, 39.86636], [32.8318, 39.86644]]]}}, {"type": "Feature", "properties": {}, "geometry": {"type": "Polygon", "coordinates": [[[32.83488, 39.86076], [32.83491, 39.86087], [32.8352, 39.86084], [32.83517, 39.86073], [32.83488, 39.86076]]]}}, {"type": "Feature", "properties": {}, "geometry": {"type": "Polygon", "coordinates": [[[32.83064, 39.86735], [32.83086, 39.86745], [32.83096, 39.86731], [32.83075, 39.86721], [32.83064, 39.86735]]]}}, {"type": "Feature", "properties": {}, "geometry": {"type": "Polygon", "coordinates": [[[32.83283, 39.86056], [32.83296, 39.86072], [32.83317, 39.86061], [32.83304, 39.86045], [32.83283, 39.86056]]]}}, {"type": "Feature", "properties": {}, "geometry": {"type": "Polygon", "coordinates": [[[32.83329, 39.86107], [32.83347, 39.86099], [32.83336, 39.86084], [32.83318, 39.86092], [32.83329, 39.86107]]]}}, {"type": "Feature", "properties": {}, "geometry": {"type": "Polygon", "coordinates": [[[32.8348, 39.85917], [32.83514, 39.85919], [32.83515, 39.85906], [32.83481, 39.85904], [32.8348, 39.85917]]]}}, {"type": "Feature", "properties": {}, "geometry": {"type": "Polygon", "coordinates": [[[32.828, 39.86607], [32.82825, 39.86614], [32.82835, 39.86595], [32.8281, 39.86588], [32.828, 39.86607]]]}}, {"type": "Feature", "properties": {}, "geometry": {"type": "Polygon", "coordinates": [[[32.83454, 39.85834], [32.8348, 39.85827], [32.83474, 39.85812], [32.83448, 39.85818], [32.83454, 39.85834]]]}}, {"type": "Feature", "properties": {}, "geometry": {"type": "Polygon", "coordinates": [[[32.83332, 39.85924], [32.8336, 39.85924], [32.8336, 39.85907], [32.83331, 39.85907], [32.83332, 39.85924]]]}}, {"type": "Feature", "properties": {}, "geometry": {"type": "Polygon", "coordinates": [[[32.83255, 39.86657], [32.83288, 39.86646], [32.83281, 39.86633], [32.83248, 39.86644], [32.83255, 39.86657]]]}}, {"type": "Feature", "properties": {}, "geometry": {"type": "Polygon", "coordinates": [[[32.83488, 39.85934], [32.83522, 39.85935], [32.83523, 39.85923], [32.83488, 39.85923], [32.83488, 39.85934]]]}}, {"type": "Feature", "properties": {}, "geometry": {"type": "Polygon", "coordinates": [[[32.83253, 39.86074], [32.83276, 39.86099], [32.83299, 39.86087], [32.83277, 39.86062], [32.83253, 39.86074]]]}}, {"type": "Feature", "properties": {}, "geometry": {"type": "Polygon", "coordinates": [[[32.82931, 39.8654], [32.82956, 39.86548], [32.82968, 39.86527], [32.82943, 39.86518], [32.82931, 39.8654]]]}}, {"type": "Feature", "properties": {}, "geometry": {"type": "Polygon", "coordinates": [[[32.83432, 39.85886], [32.83462, 39.85885], [32.83461, 39.8587], [32.83431, 39.8587], [32.83432, 39.85886]]]}}, {"type": "Feature", "properties": {}, "geometry": {"type": "Polygon", "coordinates": [[[32.83385, 39.85944], [32.83411, 39.85943], [32.8341, 39.85927], [32.83384, 39.85928], [32.83385, 39.85944]]]}}, {"type": "Feature", "properties": {}, "geometry": {"type": "Polygon", "coordinates": [[[32.83238, 39.86644], [32.83267, 39.86633], [32.8326, 39.86621], [32.83231, 39.86632], [32.83238, 39.86644]]]}}, {"type": "Feature", "properties": {}, "geometry": {"type": "Polygon", "coordinates": [[[32.83431, 39.85967], [32.83473, 39.85966], [32.83472, 39.85954], [32.83431, 39.85954], [32.83431, 39.85967]]]}}, {"type": "Feature", "properties": {}, "geometry": {"type": "Polygon", "coordinates": [[[32.83003, 39.86672], [32.83029, 39.86681], [32.83038, 39.86667], [32.83012, 39.86657], [32.83003, 39.86672]]]}}, {"type": "Feature", "properties": {}, "geometry": {"type": "Polygon", "coordinates": [[[32.83429, 39.85951], [32.83462, 39.85951], [32.83461, 39.85938], [32.83429, 39.85939], [32.83429, 39.85951]]]}}, {"type": "Feature", "properties": {}, "geometry": {"type": "Polygon", "coordinates": [[[32.83321, 39.85853], [32.83322, 39.85868], [32.83341, 39.85871], [32.8334, 39.85852], [32.83321, 39.85853]]]}}, {"type": "Feature", "properties": {}, "geometry": {"type": "Polygon", "coordinates": [[[32.8317, 39.86623], [32.83178, 39.86639], [32.83204, 39.86631], [32.83196, 39.86615], [32.8317, 39.86623]]]}}, {"type": "Feature", "properties": {}, "geometry": {"type": "Polygon", "coordinates": [[[32.83529, 39.86077], [32.8356, 39.86073], [32.83556, 39.86056], [32.83525, 39.8606], [32.83529, 39.86077]]]}}, {"type": "Feature", "properties": {}, "geometry": {"type": "Polygon", "coordinates": [[[32.83381, 39.85924], [32.83411, 39.85923], [32.83409, 39.85901], [32.8338, 39.85902], [32.83381, 39.85924]]]}}, {"type": "Feature", "properties": {}, "geometry": {"type": "Polygon", "coordinates": [[[32.83486, 39.86058], [32.8351, 39.86055], [32.83507, 39.86039], [32.83483, 39.86042], [32.83486, 39.86058]]]}}, {"type": "Feature", "properties": {}, "geometry": {"type": "Polygon", "coordinates": [[[32.83013, 39.86709], [32.83038, 39.8672], [32.83047, 39.86708], [32.83022, 39.86698], [32.83013, 39.86709]]]}}, {"type": "Feature", "properties": {}, "geometry": {"type": "Polygon", "coordinates": [[[32.83394, 39.85881], [32.83409, 39.85881], [32.8341, 39.85857], [32.83395, 39.85857], [32.83394, 39.85881]]]}}, {"type": "Feature", "properties": {}, "geometry": {"type": "Polygon", "coordinates": [[[32.83122, 39.86689], [32.83138, 39.86696], [32.83148, 39.86683], [32.83132, 39.86676], [32.83122, 39.86689]]]}}, {"type": "Feature", "properties": {}, "geometry": {"type": "Polygon", "coordinates": [[[32.83323, 39.85845], [32.83345, 39.85843], [32.83344, 39.85829], [32.83321, 39.85831], [32.83323, 39.85845]]]}}, {"type": "Feature", "properties": {}, "geometry": {"type": "Polygon", "coordinates": [[[32.83264, 39.86032], [32.83235, 39.86039], [32.83242, 39.86056], [32.83271, 39.8605], [32.83264, 39.86032]]]}}, {"type": "Feature", "properties": {}, "geometry": {"type": "Polygon", "coordinates": [[[32.83206, 39.86686], [32.83216, 39.86701], [32.83242, 39.86691], [32.83232, 39.86676], [32.83206, 39.86686]]]}}, {"type": "Feature", "properties": {}, "geometry": {"type": "Polygon", "coordinates": [[[32.82806, 39.86546], [32.8283, 39.86554], [32.82841, 39.86535], [32.82817, 39.86527], [32.82806, 39.86546]]]}}, {"type": "Feature", "properties": {}, "geometry": {"type": "Polygon", "coordinates": [[[32.83155, 39.86607], [32.83163, 39.86621], [32.83191, 39.86612], [32.83183, 39.86598], [32.83155, 39.86607]]]}}, {"type": "Feature", "properties": {}, "geometry": {"type": "Polygon", "coordinates": [[[32.83462, 39.85836], [32.83469, 39.85852], [32.83489, 39.85848], [32.83483, 39.85831], [32.83462, 39.85836]]]}}, {"type": "Feature", "properties": {}, "geometry": {"type": "Polygon", "coordinates": [[[32.83532, 39.86056], [32.83558, 39.86053], [32.83555, 39.86038], [32.83529, 39.86042], [32.83532, 39.86056]]]}}, {"type": "Feature", "properties": {}, "geometry": {"type": "Polygon", "coordinates": [[[32.82987, 39.86703], [32.83006, 39.86709], [32.83014, 39.86696], [32.82995, 39.86689], [32.82987, 39.86703]]]}}, {"type": "Feature", "properties": {}, "geometry": {"type": "Polygon", "coordinates": [[[32.83373, 39.85878], [32.83392, 39.85877], [32.83391, 39.85859], [32.83372, 39.85859], [32.83373, 39.85878]]]}}, {"type": "Feature", "properties": {}, "geometry": {"type": "Polygon", "coordinates": [[[32.83276, 39.86045], [32.833, 39.86045], [32.833, 39.8603], [32.83276, 39.8603], [32.83276, 39.86045]]]}}, {"type": "Feature", "properties": {}, "geometry": {"type": "Polygon", "coordinates": [[[32.8333, 39.85966], [32.83359, 39.85966], [32.83359, 39.85947], [32.8333, 39.85948], [32.8333, 39.85966]]]}}, {"type": "Feature", "properties": {}, "geometry": {"type": "Polygon", "coordinates": [[[32.82829, 39.86681], [32.82854, 39.86689], [32.82863, 39.86671], [32.82839, 39.86663], [32.82829, 39.86681]]]}}, {"type": "Feature", "properties": {}, "geometry": {"type": "Polygon", "coordinates": [[[32.82775, 39.86525], [32.82798, 39.86531], [32.82807, 39.86512], [32.82784, 39.86505], [32.82775, 39.86525]]]}}, {"type": "Feature", "properties": {}, "geometry": {"type": "Polygon", "coordinates": [[[32.8304, 39.86754], [32.83054, 39.86764], [32.8307, 39.8675], [32.83056, 39.8674], [32.8304, 39.86754]]]}}, {"type": "Feature", "properties": {}, "geometry": {"type": "Polygon", "coordinates": [[[32.83214, 39.86585], [32.83238, 39.86582], [32.83237, 39.86576], [32.83235, 39.86577], [32.83234, 39.86568], [32.83226, 39.86562], [32.83209, 39.86564], [32.83214, 39.86585]]]}}, {"type": "Feature", "properties": {}, "geometry": {"type": "Polygon", "coordinates": [[[32.83476, 39.86006], [32.83478, 39.8602], [32.83495, 39.86019], [32.83494, 39.86012], [32.835, 39.86011], [32.83501, 39.86014], [32.83509, 39.86014], [32.83507, 39.86003], [32.83476, 39.86006]]]}}, {"type": "Feature", "properties": {}, "geometry": {"type": "Polygon", "coordinates": [[[32.83323, 39.85884], [32.8337, 39.85892], [32.83367, 39.85902], [32.83355, 39.859], [32.83354, 39.85903], [32.8333, 39.85899], [32.83331, 39.85896], [32.8332, 39.85894], [32.83323, 39.85884]]]}}, {"type": "Feature", "properties": {}, "geometry": {"type": "Polygon", "coordinates": [[[32.82911, 39.85672], [32.82924, 39.85688], [32.82938, 39.85681], [32.82925, 39.85665], [32.82911, 39.85672]]]}}, {"type": "Feature", "properties": {}, "geometry": {"type": "Polygon", "coordinates": [[[32.82843, 39.85631], [32.82857, 39.85645], [32.82874, 39.85634], [32.8286, 39.8562], [32.82843, 39.85631]]]}}, {"type": "Feature", "properties": {}, "geometry": {"type": "Polygon", "coordinates": [[[32.83029, 39.85517], [32.83029, 39.85535], [32.83045, 39.85535], [32.83045, 39.85517], [32.83029, 39.85517]]]}}, {"type": "Feature", "properties": {}, "geometry": {"type": "Polygon", "coordinates": [[[32.82696, 39.85633], [32.82722, 39.85653], [32.82732, 39.85645], [32.82707, 39.85625], [32.82696, 39.85633]]]}}, {"type": "Feature", "properties": {}, "geometry": {"type": "Polygon", "coordinates": [[[32.82797, 39.8566], [32.82807, 39.85669], [32.82829, 39.85654], [32.82819, 39.85645], [32.82797, 39.8566]]]}}, {"type": "Feature", "properties": {}, "geometry": {"type": "Polygon", "coordinates": [[[32.82592, 39.85538], [32.82606, 39.85546], [32.82624, 39.85528], [32.8261, 39.8552], [32.82592, 39.85538]]]}}, {"type": "Feature", "properties": {}, "geometry": {"type": "Polygon", "coordinates": [[[32.82981, 39.85651], [32.82988, 39.85663], [32.83011, 39.85656], [32.83004, 39.85644], [32.82981, 39.85651]]]}}, {"type": "Feature", "properties": {}, "geometry": {"type": "Polygon", "coordinates": [[[32.82673, 39.85595], [32.82698, 39.85609], [32.82709, 39.85597], [32.82684, 39.85583], [32.82673, 39.85595]]]}}, {"type": "Feature", "properties": {}, "geometry": {"type": "Polygon", "coordinates": [[[32.8304, 39.85678], [32.8305, 39.85695], [32.83068, 39.8569], [32.83059, 39.85672], [32.8304, 39.85678]]]}}, {"type": "Feature", "properties": {}, "geometry": {"type": "Polygon", "coordinates": [[[32.82972, 39.85693], [32.82989, 39.85715], [32.83006, 39.85707], [32.82989, 39.85685], [32.82972, 39.85693]]]}}, {"type": "Feature", "properties": {}, "geometry": {"type": "Polygon", "coordinates": [[[32.82838, 39.8557], [32.82861, 39.85594], [32.82889, 39.85578], [32.82866, 39.85554], [32.82838, 39.8557]]]}}, {"type": "Feature", "properties": {}, "geometry": {"type": "Polygon", "coordinates": [[[32.82902, 39.85657], [32.82922, 39.85647], [32.82908, 39.8563], [32.82888, 39.8564], [32.82902, 39.85657]]]}}, {"type": "Feature", "properties": {}, "geometry": {"type": "Polygon", "coordinates": [[[32.82852, 39.85697], [32.82866, 39.85711], [32.82881, 39.85702], [32.82868, 39.85689], [32.82852, 39.85697]]]}}, {"type": "Feature", "properties": {}, "geometry": {"type": "Polygon", "coordinates": [[[32.82588, 39.85567], [32.82606, 39.85578], [32.82622, 39.85562], [32.82605, 39.85551], [32.82588, 39.85567]]]}}, {"type": "Feature", "properties": {}, "geometry": {"type": "Polygon", "coordinates": [[[32.83041, 39.85666], [32.83055, 39.85663], [32.83047, 39.85643], [32.83032, 39.85646], [32.83041, 39.85666]]]}}, {"type": "Feature", "properties": {}, "geometry": {"type": "Polygon", "coordinates": [[[32.82901, 39.85595], [32.82918, 39.85616], [32.82935, 39.85608], [32.82918, 39.85587], [32.82901, 39.85595]]]}}, {"type": "Feature", "properties": {}, "geometry": {"type": "Polygon", "coordinates": [[[32.82748, 39.85559], [32.82763, 39.85568], [32.82781, 39.85551], [32.82766, 39.85542], [32.82748, 39.85559]]]}}, {"type": "Feature", "properties": {}, "geometry": {"type": "Polygon", "coordinates": [[[32.82718, 39.85687], [32.82701, 39.85699], [32.82727, 39.85719], [32.82743, 39.85707], [32.82718, 39.85687]]]}}, {"type": "Feature", "properties": {}, "geometry": {"type": "Polygon", "coordinates": [[[32.82999, 39.85582], [32.82999, 39.856], [32.83022, 39.856], [32.83022, 39.85582], [32.82999, 39.85582]]]}}, {"type": "Feature", "properties": {}, "geometry": {"type": "Polygon", "coordinates": [[[32.82845, 39.85754], [32.82857, 39.85763], [32.82876, 39.85749], [32.82864, 39.8574], [32.82845, 39.85754]]]}}, {"type": "Feature", "properties": {}, "geometry": {"type": "Polygon", "coordinates": [[[32.82914, 39.8571], [32.82929, 39.8573], [32.82944, 39.85723], [32.82929, 39.85703], [32.82914, 39.8571]]]}}, {"type": "Feature", "properties": {}, "geometry": {"type": "Polygon", "coordinates": [[[32.82743, 39.85669], [32.82763, 39.85686], [32.82785, 39.85671], [32.82765, 39.85654], [32.82743, 39.85669]]]}}, {"type": "Feature", "properties": {}, "geometry": {"type": "Polygon", "coordinates": [[[32.82889, 39.8568], [32.8291, 39.85704], [32.82926, 39.85696], [32.82905, 39.85672], [32.82889, 39.8568]]]}}, {"type": "Feature", "properties": {}, "geometry": {"type": "Polygon", "coordinates": [[[32.82629, 39.8568], [32.82642, 39.85692], [32.82662, 39.85679], [32.82649, 39.85667], [32.82629, 39.8568]]]}}, {"type": "Feature", "properties": {}, "geometry": {"type": "Polygon", "coordinates": [[[32.83032, 39.85547], [32.83032, 39.85565], [32.83049, 39.85565], [32.83049, 39.85546], [32.83032, 39.85547]]]}}, {"type": "Feature", "properties": {}, "geometry": {"type": "Polygon", "coordinates": [[[32.82861, 39.85765], [32.82872, 39.85774], [32.82892, 39.8576], [32.8288, 39.85751], [32.82861, 39.85765]]]}}, {"type": "Feature", "properties": {}, "geometry": {"type": "Polygon", "coordinates": [[[32.82811, 39.8567], [32.82821, 39.85678], [32.82843, 39.85663], [32.82833, 39.85654], [32.82811, 39.8567]]]}}, {"type": "Feature", "properties": {}, "geometry": {"type": "Polygon", "coordinates": [[[32.82646, 39.85563], [32.82658, 39.85571], [32.82679, 39.85551], [32.82668, 39.85544], [32.82646, 39.85563]]]}}, {"type": "Feature", "properties": {}, "geometry": {"type": "Polygon", "coordinates": [[[32.83016, 39.85683], [32.83025, 39.85704], [32.83047, 39.85697], [32.83035, 39.85677], [32.83016, 39.85683]]]}}, {"type": "Feature", "properties": {}, "geometry": {"type": "Polygon", "coordinates": [[[32.82963, 39.85516], [32.82963, 39.85536], [32.82979, 39.85536], [32.82979, 39.85516], [32.82963, 39.85516]]]}}, {"type": "Feature", "properties": {}, "geometry": {"type": "Polygon", "coordinates": [[[32.82862, 39.85649], [32.82878, 39.85666], [32.82895, 39.85656], [32.82879, 39.85639], [32.82862, 39.85649]]]}}, {"type": "Feature", "properties": {}, "geometry": {"type": "Polygon", "coordinates": [[[32.8274, 39.85604], [32.82766, 39.85627], [32.82777, 39.85619], [32.82751, 39.85596], [32.8274, 39.85604]]]}}, {"type": "Feature", "properties": {}, "geometry": {"type": "Polygon", "coordinates": [[[32.82629, 39.85592], [32.82644, 39.85602], [32.82663, 39.85585], [32.82648, 39.85575], [32.82629, 39.85592]]]}}, {"type": "Feature", "properties": {}, "geometry": {"type": "Polygon", "coordinates": [[[32.83061, 39.8566], [32.83067, 39.85672], [32.83088, 39.85666], [32.83082, 39.85654], [32.83061, 39.8566]]]}}, {"type": "Feature", "properties": {}, "geometry": {"type": "Polygon", "coordinates": [[[32.82948, 39.85657], [32.82964, 39.85679], [32.82978, 39.85672], [32.82962, 39.85651], [32.82948, 39.85657]]]}}, {"type": "Feature", "properties": {}, "geometry": {"type": "Polygon", "coordinates": [[[32.82666, 39.8557], [32.82678, 39.85576], [32.82702, 39.85561], [32.82686, 39.85551], [32.82666, 39.8557]]]}}, {"type": "Feature", "properties": {}, "geometry": {"type": "Polygon", "coordinates": [[[32.82983, 39.85518], [32.82983, 39.85536], [32.83002, 39.85536], [32.83002, 39.85518], [32.82983, 39.85518]]]}}, {"type": "Feature", "properties": {}, "geometry": {"type": "Polygon", "coordinates": [[[32.82882, 39.85607], [32.82898, 39.85624], [32.82912, 39.85616], [32.82896, 39.85599], [32.82882, 39.85607]]]}}, {"type": "Feature", "properties": {}, "geometry": {"type": "Polygon", "coordinates": [[[32.82729, 39.85725], [32.82739, 39.85733], [32.82758, 39.8572], [32.82748, 39.85711], [32.82729, 39.85725]]]}}, {"type": "Feature", "properties": {}, "geometry": {"type": "Polygon", "coordinates": [[[32.82762, 39.85635], [32.82777, 39.85647], [32.82799, 39.85632], [32.82784, 39.8562], [32.82762, 39.85635]]]}}, {"type": "Feature", "properties": {}, "geometry": {"type": "Polygon", "coordinates": [[[32.83051, 39.85624], [32.83077, 39.85624], [32.83077, 39.85605], [32.83051, 39.85605], [32.83051, 39.85624]]]}}, {"type": "Feature", "properties": {}, "geometry": {"type": "Polygon", "coordinates": [[[32.82954, 39.85727], [32.82966, 39.85722], [32.82949, 39.85699], [32.82936, 39.85705], [32.82954, 39.85727]]]}}, {"type": "Feature", "properties": {}, "geometry": {"type": "Polygon", "coordinates": [[[32.82651, 39.85605], [32.82678, 39.8562], [32.82689, 39.85609], [32.82662, 39.85593], [32.82651, 39.85605]]]}}, {"type": "Feature", "properties": {}, "geometry": {"type": "Polygon", "coordinates": [[[32.82929, 39.85663], [32.82946, 39.85684], [32.82959, 39.85678], [32.82942, 39.85657], [32.82929, 39.85663]]]}}, {"type": "Feature", "properties": {}, "geometry": {"type": "Polygon", "coordinates": [[[32.82727, 39.85658], [32.82738, 39.85668], [32.82761, 39.85653], [32.8275, 39.85643], [32.82727, 39.85658]]]}}, {"type": "Feature", "properties": {}, "geometry": {"type": "Polygon", "coordinates": [[[32.82743, 39.85735], [32.82753, 39.85744], [32.82773, 39.8573], [32.82762, 39.85721], [32.82743, 39.85735]]]}}, {"type": "Feature", "properties": {}, "geometry": {"type": "Polygon", "coordinates": [[[32.82991, 39.85548], [32.82991, 39.85565], [32.83026, 39.85565], [32.83026, 39.85548], [32.82991, 39.85548]]]}}, {"type": "Feature", "properties": {}, "geometry": {"type": "Polygon", "coordinates": [[[32.82555, 39.85624], [32.82582, 39.85645], [32.82598, 39.85632], [32.82571, 39.85611], [32.82555, 39.85624]]]}}, {"type": "Feature", "properties": {}, "geometry": {"type": "Polygon", "coordinates": [[[32.82993, 39.85613], [32.82995, 39.8563], [32.83023, 39.85628], [32.83022, 39.85611], [32.82993, 39.85613]]]}}, {"type": "Feature", "properties": {}, "geometry": {"type": "Polygon", "coordinates": [[[32.82823, 39.85682], [32.82832, 39.85691], [32.82857, 39.85676], [32.82848, 39.85667], [32.82823, 39.85682]]]}}, {"type": "Feature", "properties": {}, "geometry": {"type": "Polygon", "coordinates": [[[32.82769, 39.8569], [32.8278, 39.85699], [32.82807, 39.8568], [32.82797, 39.85671], [32.82769, 39.8569]]]}}, {"type": "Feature", "properties": {}, "geometry": {"type": "Polygon", "coordinates": [[[32.82658, 39.85659], [32.82669, 39.85669], [32.82685, 39.85657], [32.82674, 39.85648], [32.82658, 39.85659]]]}}, {"type": "Feature", "properties": {}, "geometry": {"type": "Polygon", "coordinates": [[[32.82942, 39.85517], [32.82942, 39.85535], [32.82957, 39.85536], [32.82957, 39.85517], [32.82942, 39.85517]]]}}, {"type": "Feature", "properties": {}, "geometry": {"type": "Polygon", "coordinates": [[[32.82809, 39.85723], [32.82823, 39.85735], [32.82839, 39.85725], [32.82826, 39.85713], [32.82809, 39.85723]]]}}, {"type": "Feature", "properties": {}, "geometry": {"type": "Polygon", "coordinates": [[[32.82969, 39.85583], [32.82969, 39.856], [32.82993, 39.856], [32.82993, 39.85583], [32.82969, 39.85583]]]}}, {"type": "Feature", "properties": {}, "geometry": {"type": "Polygon", "coordinates": [[[32.82832, 39.8571], [32.82844, 39.85721], [32.82859, 39.85711], [32.82847, 39.857], [32.82832, 39.8571]]]}}, {"type": "Feature", "properties": {}, "geometry": {"type": "Polygon", "coordinates": [[[32.82784, 39.85699], [32.82796, 39.85712], [32.82824, 39.85696], [32.82811, 39.85683], [32.82784, 39.85699]]]}}, {"type": "Feature", "properties": {}, "geometry": {"type": "Polygon", "coordinates": [[[32.82693, 39.85537], [32.82714, 39.85547], [32.82728, 39.85529], [32.82707, 39.85519], [32.82693, 39.85537]]]}}, {"type": "Feature", "properties": {}, "geometry": {"type": "Polygon", "coordinates": [[[32.82672, 39.85676], [32.82696, 39.85694], [32.82712, 39.85681], [32.82688, 39.85664], [32.82672, 39.85676]]]}}, {"type": "Feature", "properties": {}, "geometry": {"type": "Polygon", "coordinates": [[[32.83007, 39.85516], [32.83007, 39.85535], [32.83024, 39.85535], [32.83024, 39.85516], [32.83007, 39.85516]]]}}, {"type": "Feature", "properties": {}, "geometry": {"type": "Polygon", "coordinates": [[[32.8283, 39.8574], [32.82842, 39.8575], [32.8286, 39.85738], [32.82847, 39.85728], [32.8283, 39.8574]]]}}, {"type": "Feature", "properties": {}, "geometry": {"type": "Polygon", "coordinates": [[[32.82784, 39.85648], [32.82795, 39.85657], [32.82815, 39.85643], [32.82804, 39.85634], [32.82784, 39.85648]]]}}, {"type": "Feature", "properties": {}, "geometry": {"type": "Polygon", "coordinates": [[[32.83066, 39.85677], [32.83072, 39.85689], [32.83098, 39.85681], [32.83092, 39.85669], [32.83066, 39.85677]]]}}, {"type": "Feature", "properties": {}, "geometry": {"type": "Polygon", "coordinates": [[[32.82955, 39.85701], [32.82972, 39.85722], [32.82985, 39.85715], [32.82968, 39.85695], [32.82955, 39.85701]]]}}, {"type": "Feature", "properties": {}, "geometry": {"type": "Polygon", "coordinates": [[[32.82062, 39.86691], [32.82093, 39.86708], [32.82099, 39.86702], [32.82096, 39.867], [32.82098, 39.86699], [32.82095, 39.86697], [32.82097, 39.86695], [32.821, 39.86697], [32.82102, 39.86695], [32.821, 39.86694], [32.82109, 39.86684], [32.82086, 39.86672], [32.82078, 39.86681], [32.82077, 39.8668], [32.82075, 39.86683], [32.82077, 39.86684], [32.82074, 39.86687], [32.82071, 39.86685], [32.82069, 39.86688], [32.82067, 39.86686], [32.82062, 39.86691]]]}}, {"type": "Feature", "properties": {}, "geometry": {"type": "Polygon", "coordinates": [[[32.82565, 39.86774], [32.82569, 39.86775], [32.82568, 39.86776], [32.82571, 39.86776], [32.82571, 39.86777], [32.82581, 39.8678], [32.82581, 39.86779], [32.82583, 39.8678], [32.82584, 39.86779], [32.82588, 39.8678], [32.82592, 39.86772], [32.82587, 39.86771], [32.82589, 39.86767], [32.82594, 39.86768], [32.82595, 39.86765], [32.82592, 39.86764], [32.82595, 39.86759], [32.82576, 39.86754], [32.82574, 39.86759], [32.82572, 39.86758], [32.8257, 39.86762], [32.82575, 39.86763], [32.82573, 39.86767], [32.82569, 39.86766], [32.82565, 39.86774]]]}}, {"type": "Feature", "properties": {}, "geometry": {"type": "Polygon", "coordinates": [[[32.82485, 39.86803], [32.82488, 39.86805], [32.82487, 39.86806], [32.8249, 39.86807], [32.82489, 39.86808], [32.82499, 39.86811], [32.82499, 39.8681], [32.82502, 39.86811], [32.82502, 39.8681], [32.82506, 39.86812], [32.82511, 39.86805], [32.82507, 39.86803], [32.82509, 39.86799], [32.82514, 39.86801], [32.82516, 39.86798], [32.82513, 39.86797], [32.82516, 39.86792], [32.82499, 39.86785], [32.82495, 39.8679], [32.82494, 39.86789], [32.82492, 39.86792], [32.82496, 39.86794], [32.82493, 39.86798], [32.82489, 39.86796], [32.82485, 39.86803]]]}}, {"type": "Feature", "properties": {}, "geometry": {"type": "Polygon", "coordinates": [[[32.82453, 39.86848], [32.82456, 39.86849], [32.82456, 39.8685], [32.82458, 39.86851], [32.82458, 39.86852], [32.82467, 39.86856], [32.82468, 39.86855], [32.8247, 39.86856], [32.8247, 39.86855], [32.82474, 39.86856], [32.82479, 39.86849], [32.82475, 39.86847], [32.82478, 39.86844], [32.82482, 39.86845], [32.82484, 39.86842], [32.82481, 39.86841], [32.82485, 39.86836], [32.82467, 39.86829], [32.82464, 39.86834], [32.82462, 39.86833], [32.8246, 39.86837], [32.82464, 39.86838], [32.82462, 39.86842], [32.82458, 39.8684], [32.82453, 39.86848]]]}}, {"type": "Feature", "properties": {}, "geometry": {"type": "Polygon", "coordinates": [[[32.82527, 39.8682], [32.82531, 39.86822], [32.8253, 39.86823], [32.82533, 39.86824], [32.82532, 39.86825], [32.82541, 39.86828], [32.82542, 39.86827], [32.82544, 39.86828], [32.82545, 39.86827], [32.82549, 39.86829], [32.82554, 39.86822], [32.8255, 39.8682], [32.82552, 39.86816], [32.82556, 39.86818], [32.82558, 39.86815], [32.82556, 39.86814], [32.82559, 39.86809], [32.82541, 39.86802], [32.82538, 39.86807], [32.82536, 39.86806], [32.82534, 39.86809], [32.82538, 39.86811], [32.82536, 39.86815], [32.82532, 39.86813], [32.82527, 39.8682]]]}}, {"type": "Feature", "properties": {}, "geometry": {"type": "Polygon", "coordinates": [[[32.82502, 39.86867], [32.82525, 39.86877], [32.82537, 39.8686], [32.82514, 39.8685], [32.82502, 39.86867]]]}}, {"type": "Feature", "properties": {}, "geometry": {"type": "Polygon", "coordinates": [[[32.82326, 39.86851], [32.82341, 39.86862], [32.82361, 39.86844], [32.82346, 39.86834], [32.82326, 39.86851]]]}}, {"type": "Feature", "properties": {}, "geometry": {"type": "Polygon", "coordinates": [[[32.82409, 39.86817], [32.8243, 39.86832], [32.82447, 39.86818], [32.82426, 39.86803], [32.82409, 39.86817]]]}}, {"type": "Feature", "properties": {}, "geometry": {"type": "Polygon", "coordinates": [[[32.82793, 39.86786], [32.82792, 39.8681], [32.8282, 39.86811], [32.82821, 39.86787], [32.82793, 39.86786]]]}}, {"type": "Feature", "properties": {}, "geometry": {"type": "Polygon", "coordinates": [[[32.82734, 39.8689], [32.82762, 39.86891], [32.82763, 39.86867], [32.82735, 39.86866], [32.82734, 39.8689]]]}}, {"type": "Feature", "properties": {}, "geometry": {"type": "Polygon", "coordinates": [[[32.82679, 39.86827], [32.82693, 39.86846], [32.82704, 39.86841], [32.8269, 39.86822], [32.82679, 39.86827]]]}}, {"type": "Feature", "properties": {}, "geometry": {"type": "Polygon", "coordinates": [[[32.82162, 39.86773], [32.82178, 39.86783], [32.82195, 39.86765], [32.82179, 39.86756], [32.82162, 39.86773]]]}}, {"type": "Feature", "properties": {}, "geometry": {"type": "Polygon", "coordinates": [[[32.82608, 39.86812], [32.82632, 39.8682], [32.82642, 39.86801], [32.82618, 39.86794], [32.82608, 39.86812]]]}}, {"type": "Feature", "properties": {}, "geometry": {"type": "Polygon", "coordinates": [[[32.82599, 39.86685], [32.82623, 39.86692], [32.82633, 39.86672], [32.82608, 39.86665], [32.82599, 39.86685]]]}}, {"type": "Feature", "properties": {}, "geometry": {"type": "Polygon", "coordinates": [[[32.82289, 39.86827], [32.82321, 39.86847], [32.8234, 39.86829], [32.82309, 39.86809], [32.82289, 39.86827]]]}}, {"type": "Feature", "properties": {}, "geometry": {"type": "Polygon", "coordinates": [[[32.826, 39.86723], [32.82624, 39.8673], [32.82633, 39.8671], [32.82609, 39.86704], [32.826, 39.86723]]]}}, {"type": "Feature", "properties": {}, "geometry": {"type": "Polygon", "coordinates": [[[32.8227, 39.86814], [32.82287, 39.86825], [32.82306, 39.86807], [32.82289, 39.86796], [32.8227, 39.86814]]]}}, {"type": "Feature", "properties": {}, "geometry": {"type": "Polygon", "coordinates": [[[32.82652, 39.8688], [32.82667, 39.86899], [32.82677, 39.86894], [32.82662, 39.86875], [32.82652, 39.8688]]]}}, {"type": "Feature", "properties": {}, "geometry": {"type": "Polygon", "coordinates": [[[32.82251, 39.868], [32.82268, 39.8681], [32.82286, 39.86794], [32.8227, 39.86783], [32.82251, 39.868]]]}}, {"type": "Feature", "properties": {}, "geometry": {"type": "Polygon", "coordinates": [[[32.82349, 39.86865], [32.82365, 39.86875], [32.82385, 39.86858], [32.82369, 39.86847], [32.82349, 39.86865]]]}}, {"type": "Feature", "properties": {}, "geometry": {"type": "Polygon", "coordinates": [[[32.82514, 39.86756], [32.82536, 39.86766], [32.8255, 39.86746], [32.82528, 39.86736], [32.82514, 39.86756]]]}}, {"type": "Feature", "properties": {}, "geometry": {"type": "Polygon", "coordinates": [[[32.82695, 39.86918], [32.82722, 39.86926], [32.82733, 39.86903], [32.82706, 39.86895], [32.82695, 39.86918]]]}}, {"type": "Feature", "properties": {}, "geometry": {"type": "Polygon", "coordinates": [[[32.82149, 39.86745], [32.82168, 39.86755], [32.82191, 39.86729], [32.82172, 39.86719], [32.82149, 39.86745]]]}}, {"type": "Feature", "properties": {}, "geometry": {"type": "Polygon", "coordinates": [[[32.82666, 39.86853], [32.8268, 39.86872], [32.8269, 39.86867], [32.82676, 39.86848], [32.82666, 39.86853]]]}}, {"type": "Feature", "properties": {}, "geometry": {"type": "Polygon", "coordinates": [[[32.82639, 39.86782], [32.82664, 39.8679], [32.82674, 39.86771], [32.82649, 39.86764], [32.82639, 39.86782]]]}}, {"type": "Feature", "properties": {}, "geometry": {"type": "Polygon", "coordinates": [[[32.82662, 39.86664], [32.82688, 39.8667], [32.82696, 39.8665], [32.8267, 39.86644], [32.82662, 39.86664]]]}}, {"type": "Feature", "properties": {}, "geometry": {"type": "Polygon", "coordinates": [[[32.85233, 39.85297], [32.85229, 39.85296], [32.8523, 39.85292], [32.85252, 39.85295], [32.85253, 39.85292], [32.85266, 39.85294], [32.85265, 39.85298], [32.8526, 39.85298], [32.85259, 39.85304], [32.85256, 39.85303], [32.85253, 39.85314], [32.85247, 39.85313], [32.85248, 39.8531], [32.8524, 39.85309], [32.85241, 39.85305], [32.85232, 39.85303], [32.85233, 39.85297]]]}}, {"type": "Feature", "properties": {}, "geometry": {"type": "Polygon", "coordinates": [[[32.85065, 39.85371], [32.85058, 39.85361], [32.85085, 39.8535], [32.85091, 39.8536], [32.85065, 39.85371]]]}}, {"type": "Feature", "properties": {}, "geometry": {"type": "Polygon", "coordinates": [[[32.85052, 39.85415], [32.85039, 39.85394], [32.85052, 39.85389], [32.85065, 39.8541], [32.85052, 39.85415]]]}}, {"type": "Feature", "properties": {}, "geometry": {"type": "Polygon", "coordinates": [[[32.85099, 39.85414], [32.85092, 39.85404], [32.8512, 39.85394], [32.85126, 39.85404], [32.85099, 39.85414]]]}}, {"type": "Feature", "properties": {}, "geometry": {"type": "Polygon", "coordinates": [[[32.8501, 39.85359], [32.84997, 39.85337], [32.85028, 39.85326], [32.85041, 39.85349], [32.8501, 39.85359]]]}}, {"type": "Feature", "properties": {}, "geometry": {"type": "Polygon", "coordinates": [[[32.8499, 39.85328], [32.84978, 39.85306], [32.85013, 39.85294], [32.85026, 39.85316], [32.8499, 39.85328]]]}}, {"type": "Feature", "properties": {}, "geometry": {"type": "Polygon", "coordinates": [[[32.85412, 39.8526], [32.85415, 39.85248], [32.85434, 39.8525], [32.85432, 39.85263], [32.85412, 39.8526]]]}}, {"type": "Feature", "properties": {}, "geometry": {"type": "Polygon", "coordinates": [[[32.85435, 39.85263], [32.85438, 39.8525], [32.85457, 39.85253], [32.85455, 39.85265], [32.85435, 39.85263]]]}}, {"type": "Feature", "properties": {}, "geometry": {"type": "Polygon", "coordinates": [[[32.85415, 39.85245], [32.85417, 39.85233], [32.85437, 39.85235], [32.85435, 39.85247], [32.85415, 39.85245]]]}}, {"type": "Feature", "properties": {}, "geometry": {"type": "Polygon", "coordinates": [[[32.8544, 39.85247], [32.85442, 39.85235], [32.85461, 39.85237], [32.85459, 39.85249], [32.8544, 39.85247]]]}}, {"type": "Feature", "properties": {}, "geometry": {"type": "Polygon", "coordinates": [[[32.8542, 39.85227], [32.85422, 39.85216], [32.85439, 39.85218], [32.85437, 39.85229], [32.8542, 39.85227]]]}}, {"type": "Feature", "properties": {}, "geometry": {"type": "Polygon", "coordinates": [[[32.85444, 39.8523], [32.85446, 39.8522], [32.85462, 39.85222], [32.8546, 39.85232], [32.85444, 39.8523]]]}}, {"type": "Feature", "properties": {}, "geometry": {"type": "Polygon", "coordinates": [[[32.85423, 39.85212], [32.85425, 39.85202], [32.85442, 39.85204], [32.85439, 39.85214], [32.85423, 39.85212]]]}}, {"type": "Feature", "properties": {}, "geometry": {"type": "Polygon", "coordinates": [[[32.85445, 39.85214], [32.85448, 39.85204], [32.85466, 39.85206], [32.85464, 39.85217], [32.85445, 39.85214]]]}}, {"type": "Feature", "properties": {}, "geometry": {"type": "Polygon", "coordinates": [[[32.85426, 39.85196], [32.85428, 39.85186], [32.85445, 39.85188], [32.85444, 39.85198], [32.85426, 39.85196]]]}}, {"type": "Feature", "properties": {}, "geometry": {"type": "Polygon", "coordinates": [[[32.8545, 39.85199], [32.85452, 39.85189], [32.85469, 39.85191], [32.85467, 39.85201], [32.8545, 39.85199]]]}}, {"type": "Feature", "properties": {}, "geometry": {"type": "Polygon", "coordinates": [[[32.85428, 39.85182], [32.8543, 39.85171], [32.85448, 39.85173], [32.85446, 39.85184], [32.85428, 39.85182]]]}}, {"type": "Feature", "properties": {}, "geometry": {"type": "Polygon", "coordinates": [[[32.85452, 39.85184], [32.85454, 39.85174], [32.85472, 39.85176], [32.8547, 39.85186], [32.85452, 39.85184]]]}}, {"type": "Feature", "properties": {}, "geometry": {"type": "Polygon", "coordinates": [[[32.85487, 39.85204], [32.85489, 39.85193], [32.85507, 39.85195], [32.85505, 39.85206], [32.85487, 39.85204]]]}}, {"type": "Feature", "properties": {}, "geometry": {"type": "Polygon", "coordinates": [[[32.85484, 39.85218], [32.85486, 39.85208], [32.85505, 39.8521], [32.85503, 39.8522], [32.85484, 39.85218]]]}}, {"type": "Feature", "properties": {}, "geometry": {"type": "Polygon", "coordinates": [[[32.85482, 39.85232], [32.85483, 39.85222], [32.85502, 39.85224], [32.855, 39.85234], [32.85482, 39.85232]]]}}, {"type": "Feature", "properties": {}, "geometry": {"type": "Polygon", "coordinates": [[[32.85479, 39.85246], [32.85481, 39.85236], [32.85499, 39.85238], [32.85497, 39.85248], [32.85479, 39.85246]]]}}, {"type": "Feature", "properties": {}, "geometry": {"type": "Polygon", "coordinates": [[[32.85519, 39.8523], [32.8552, 39.85218], [32.8554, 39.85219], [32.85539, 39.85231], [32.85519, 39.8523]]]}}, {"type": "Feature", "properties": {}, "geometry": {"type": "Polygon", "coordinates": [[[32.85544, 39.8523], [32.85545, 39.8522], [32.85563, 39.85221], [32.85563, 39.85231], [32.85544, 39.8523]]]}}, {"type": "Feature", "properties": {}, "geometry": {"type": "Polygon", "coordinates": [[[32.85518, 39.85244], [32.85519, 39.85234], [32.85536, 39.85235], [32.85535, 39.85245], [32.85518, 39.85244]]]}}, {"type": "Feature", "properties": {}, "geometry": {"type": "Polygon", "coordinates": [[[32.85543, 39.85246], [32.85544, 39.85235], [32.85561, 39.85236], [32.85561, 39.85246], [32.85543, 39.85246]]]}}, {"type": "Feature", "properties": {}, "geometry": {"type": "Polygon", "coordinates": [[[32.85519, 39.8526], [32.85519, 39.8525], [32.85537, 39.85251], [32.85536, 39.85261], [32.85519, 39.8526]]]}}, {"type": "Feature", "properties": {}, "geometry": {"type": "Polygon", "coordinates": [[[32.85542, 39.85262], [32.85543, 39.85251], [32.8556, 39.85252], [32.8556, 39.85262], [32.85542, 39.85262]]]}}, {"type": "Feature", "properties": {}, "geometry": {"type": "Polygon", "coordinates": [[[32.85516, 39.85278], [32.85517, 39.85265], [32.85536, 39.85266], [32.85535, 39.85278], [32.85516, 39.85278]]]}}, {"type": "Feature", "properties": {}, "geometry": {"type": "Polygon", "coordinates": [[[32.85539, 39.85279], [32.8554, 39.85266], [32.85559, 39.85267], [32.85558, 39.8528], [32.85539, 39.85279]]]}}, {"type": "Feature", "properties": {}, "geometry": {"type": "Polygon", "coordinates": [[[32.85584, 39.85237], [32.85585, 39.85226], [32.85601, 39.85227], [32.856, 39.85237], [32.85584, 39.85237]]]}}, {"type": "Feature", "properties": {}, "geometry": {"type": "Polygon", "coordinates": [[[32.8558, 39.85252], [32.85581, 39.85241], [32.85599, 39.85242], [32.85598, 39.85252], [32.8558, 39.85252]]]}}, {"type": "Feature", "properties": {}, "geometry": {"type": "Polygon", "coordinates": [[[32.8558, 39.85264], [32.8558, 39.85254], [32.85599, 39.85255], [32.85599, 39.85265], [32.8558, 39.85264]]]}}, {"type": "Feature", "properties": {}, "geometry": {"type": "Polygon", "coordinates": [[[32.85603, 39.85278], [32.85603, 39.85267], [32.85621, 39.85267], [32.85621, 39.85278], [32.85603, 39.85278]]]}}, {"type": "Feature", "properties": {}, "geometry": {"type": "Polygon", "coordinates": [[[32.85579, 39.85278], [32.85579, 39.85268], [32.85598, 39.85268], [32.85598, 39.85278], [32.85579, 39.85278]]]}}, {"type": "Feature", "properties": {}, "geometry": {"type": "Polygon", "coordinates": [[[32.85579, 39.85291], [32.85579, 39.85281], [32.85599, 39.85282], [32.85598, 39.85292], [32.85579, 39.85291]]]}}, {"type": "Feature", "properties": {}, "geometry": {"type": "Polygon", "coordinates": [[[32.85339, 39.85242], [32.85341, 39.85231], [32.85365, 39.85233], [32.85364, 39.85244], [32.85339, 39.85242]]]}}, {"type": "Feature", "properties": {}, "geometry": {"type": "Polygon", "coordinates": [[[32.85367, 39.85244], [32.85368, 39.85234], [32.85395, 39.85236], [32.85393, 39.85247], [32.85367, 39.85244]]]}}, {"type": "Feature", "properties": {}, "geometry": {"type": "Polygon", "coordinates": [[[32.85341, 39.85227], [32.85343, 39.85217], [32.85367, 39.85219], [32.85366, 39.85229], [32.85341, 39.85227]]]}}, {"type": "Feature", "properties": {}, "geometry": {"type": "Polygon", "coordinates": [[[32.85371, 39.8523], [32.85373, 39.85221], [32.85396, 39.85223], [32.85394, 39.85232], [32.85371, 39.8523]]]}}, {"type": "Feature", "properties": {}, "geometry": {"type": "Polygon", "coordinates": [[[32.85374, 39.85216], [32.85376, 39.85206], [32.85398, 39.85208], [32.85396, 39.85218], [32.85374, 39.85216]]]}}, {"type": "Feature", "properties": {}, "geometry": {"type": "Polygon", "coordinates": [[[32.85226, 39.85601], [32.85217, 39.85578], [32.85237, 39.85574], [32.85246, 39.85597], [32.85226, 39.85601]]]}}, {"type": "Feature", "properties": {}, "geometry": {"type": "Polygon", "coordinates": [[[32.85267, 39.8558], [32.85273, 39.85561], [32.85308, 39.85568], [32.85302, 39.85587], [32.85267, 39.8558]]]}}, {"type": "Feature", "properties": {}, "geometry": {"type": "Polygon", "coordinates": [[[32.85279, 39.85541], [32.85284, 39.85523], [32.8532, 39.85529], [32.85314, 39.85547], [32.85279, 39.85541]]]}}, {"type": "Feature", "properties": {}, "geometry": {"type": "Polygon", "coordinates": [[[32.85292, 39.85506], [32.85298, 39.85487], [32.85332, 39.85494], [32.85326, 39.85512], [32.85292, 39.85506]]]}}, {"type": "Feature", "properties": {}, "geometry": {"type": "Polygon", "coordinates": [[[32.85246, 39.85405], [32.8524, 39.85381], [32.85269, 39.85376], [32.85277, 39.854], [32.85246, 39.85405]]]}}, {"type": "Feature", "properties": {}, "geometry": {"type": "Polygon", "coordinates": [[[32.85198, 39.8542], [32.85183, 39.85399], [32.85211, 39.85388], [32.85225, 39.85408], [32.85198, 39.8542]]]}}, {"type": "Feature", "properties": {}, "geometry": {"type": "Polygon", "coordinates": [[[32.85219, 39.85448], [32.85205, 39.85429], [32.85233, 39.85417], [32.85246, 39.85436], [32.85219, 39.85448]]]}}, {"type": "Feature", "properties": {}, "geometry": {"type": "Polygon", "coordinates": [[[32.839, 39.87], [32.83906, 39.86987], [32.83918, 39.86989], [32.83914, 39.87], [32.83909, 39.87003], [32.839, 39.87]]]}}, {"type": "Feature", "properties": {}, "geometry": {"type": "Polygon", "coordinates": [[[32.83532, 39.86564], [32.83539, 39.86583], [32.83566, 39.86575], [32.83557, 39.86558], [32.83532, 39.86564]]]}}, {"type": "Feature", "properties": {}, "geometry": {"type": "Polygon", "coordinates": [[[32.82889, 39.86691], [32.82896, 39.86676], [32.82917, 39.86684], [32.82909, 39.86698], [32.82889, 39.86691]]]}}, {"type": "Feature", "properties": {}, "geometry": {"type": "Polygon", "coordinates": [[[32.82987, 39.87183], [32.82999, 39.87157], [32.8303, 39.87166], [32.83019, 39.87188], [32.83013, 39.87191], [32.82987, 39.87183]]]}}, {"type": "Feature", "properties": {}, "geometry": {"type": "Polygon", "coordinates": [[[32.83998, 39.8502], [32.83987, 39.85019], [32.83989, 39.85005], [32.84, 39.85006], [32.83998, 39.8502]]]}}, {"type": "Feature", "properties": {}, "geometry": {"type": "Polygon", "coordinates": [[[32.84037, 39.84969], [32.8402, 39.84964], [32.84019, 39.84964], [32.84004, 39.8496], [32.83997, 39.84975], [32.84004, 39.84976], [32.84002, 39.8498], [32.84005, 39.84981], [32.84004, 39.84984], [32.84024, 39.8499], [32.84027, 39.84983], [32.8403, 39.84983], [32.84031, 39.84981], [32.84037, 39.84969]]]}}, {"type": "Feature", "properties": {}, "geometry": {"type": "Polygon", "coordinates": [[[32.83946, 39.85104], [32.83892, 39.85093], [32.839, 39.8507], [32.83909, 39.85045], [32.83962, 39.85056], [32.83957, 39.85071], [32.83946, 39.85104]]]}}, {"type": "Feature", "properties": {}, "geometry": {"type": "Polygon", "coordinates": [[[32.83988, 39.85132], [32.8401, 39.85134], [32.84014, 39.85103], [32.83992, 39.85101], [32.83988, 39.85132]]]}}, {"type": "Feature", "properties": {}, "geometry": {"type": "Polygon", "coordinates": [[[32.84227, 39.87025], [32.84216, 39.87028], [32.84213, 39.87022], [32.84223, 39.87019], [32.84227, 39.87025]]]}}, {"type": "Feature", "properties": {}, "geometry": {"type": "Polygon", "coordinates": [[[32.81978, 39.86564], [32.81985, 39.86546], [32.82, 39.8655], [32.81992, 39.86568], [32.81978, 39.86564]]]}}, {"type": "Feature", "properties": {}, "geometry": {"type": "Polygon", "coordinates": [[[32.85354, 39.86208], [32.85359, 39.86195], [32.85372, 39.86198], [32.85368, 39.86211], [32.85354, 39.86208]]]}}, {"type": "Feature", "properties": {}, "geometry": {"type": "Polygon", "coordinates": [[[32.83042, 39.87283], [32.83054, 39.87268], [32.83077, 39.8728], [32.83078, 39.87287], [32.8307, 39.87297], [32.83042, 39.87283]]]}}, {"type": "Feature", "properties": {}, "geometry": {"type": "Polygon", "coordinates": [[[32.8516, 39.86831], [32.85186, 39.86842], [32.85195, 39.8683], [32.85168, 39.86819], [32.8516, 39.86831]]]}}, {"type": "Feature", "properties": {}, "geometry": {"type": "Polygon", "coordinates": [[[32.86204, 39.86476], [32.86214, 39.86466], [32.86191, 39.86453], [32.86182, 39.86463], [32.86204, 39.86476]]]}}, {"type": "Feature", "properties": {}, "geometry": {"type": "Polygon", "coordinates": [[[32.86189, 39.86436], [32.86205, 39.86421], [32.86187, 39.86409], [32.86171, 39.86424], [32.86189, 39.86436]]]}}, {"type": "Feature", "properties": {}, "geometry": {"type": "Polygon", "coordinates": [[[32.86206, 39.86446], [32.86223, 39.86456], [32.86239, 39.8644], [32.86222, 39.8643], [32.86206, 39.86446]]]}}, {"type": "Feature", "properties": {}, "geometry": {"type": "Polygon", "coordinates": [[[32.84011, 39.87525], [32.84023, 39.87502], [32.84047, 39.87509], [32.84036, 39.87532], [32.84011, 39.87525]]]}}, {"type": "Feature", "properties": {}, "geometry": {"type": "Polygon", "coordinates": [[[32.83161, 39.86213], [32.83182, 39.86203], [32.83194, 39.86216], [32.83173, 39.86226], [32.83161, 39.86213]]]}}, {"type": "Feature", "properties": {}, "geometry": {"type": "Polygon", "coordinates": [[[32.85714, 39.86403], [32.85717, 39.86407], [32.85711, 39.8641], [32.8572, 39.8642], [32.85726, 39.86416], [32.85729, 39.8642], [32.85736, 39.86417], [32.85734, 39.86415], [32.85738, 39.86412], [32.85725, 39.86399], [32.85721, 39.86401], [32.8572, 39.864], [32.85714, 39.86403]]]}}, {"type": "Feature", "properties": {}, "geometry": {"type": "Polygon", "coordinates": [[[32.85904, 39.86392], [32.85923, 39.86405], [32.85939, 39.86391], [32.8592, 39.86378], [32.85904, 39.86392]]]}}, {"type": "Feature", "properties": {}, "geometry": {"type": "Polygon", "coordinates": [[[32.8594, 39.86616], [32.85961, 39.86635], [32.85971, 39.86628], [32.8595, 39.86609], [32.8594, 39.86616]]]}}, {"type": "Feature", "properties": {}, "geometry": {"type": "Polygon", "coordinates": [[[32.85831, 39.86539], [32.8584, 39.8655], [32.85861, 39.86541], [32.85852, 39.86529], [32.85831, 39.86539]]]}}, {"type": "Feature", "properties": {}, "geometry": {"type": "Polygon", "coordinates": [[[32.85957, 39.86438], [32.85975, 39.86453], [32.8599, 39.86441], [32.85972, 39.86427], [32.85957, 39.86438]]]}}, {"type": "Feature", "properties": {}, "geometry": {"type": "Polygon", "coordinates": [[[32.86102, 39.86393], [32.86116, 39.864], [32.86142, 39.86384], [32.86123, 39.86373], [32.86102, 39.86393]]]}}, {"type": "Feature", "properties": {}, "geometry": {"type": "Polygon", "coordinates": [[[32.85884, 39.86628], [32.85897, 39.8664], [32.85919, 39.86625], [32.85906, 39.86614], [32.85884, 39.86628]]]}}, {"type": "Feature", "properties": {}, "geometry": {"type": "Polygon", "coordinates": [[[32.8601, 39.86446], [32.86025, 39.86458], [32.8604, 39.86447], [32.86025, 39.86435], [32.8601, 39.86446]]]}}, {"type": "Feature", "properties": {}, "geometry": {"type": "Polygon", "coordinates": [[[32.85934, 39.86455], [32.85955, 39.8647], [32.85967, 39.86459], [32.85947, 39.86445], [32.85934, 39.86455]]]}}, {"type": "Feature", "properties": {}, "geometry": {"type": "Polygon", "coordinates": [[[32.85848, 39.86452], [32.85861, 39.86465], [32.85881, 39.86454], [32.85867, 39.86441], [32.85848, 39.86452]]]}}, {"type": "Feature", "properties": {}, "geometry": {"type": "Polygon", "coordinates": [[[32.86076, 39.86527], [32.86098, 39.86542], [32.8611, 39.86531], [32.86088, 39.86516], [32.86076, 39.86527]]]}}, {"type": "Feature", "properties": {}, "geometry": {"type": "Polygon", "coordinates": [[[32.85799, 39.86442], [32.85816, 39.86461], [32.85833, 39.86452], [32.85816, 39.86433], [32.85799, 39.86442]]]}}, {"type": "Feature", "properties": {}, "geometry": {"type": "Polygon", "coordinates": [[[32.85806, 39.86506], [32.85816, 39.86518], [32.85833, 39.86509], [32.85823, 39.86497], [32.85806, 39.86506]]]}}, {"type": "Feature", "properties": {}, "geometry": {"type": "Polygon", "coordinates": [[[32.8594, 39.86578], [32.85954, 39.86591], [32.85975, 39.86577], [32.85962, 39.86565], [32.8594, 39.86578]]]}}, {"type": "Feature", "properties": {}, "geometry": {"type": "Polygon", "coordinates": [[[32.85965, 39.86543], [32.8598, 39.86555], [32.85997, 39.86544], [32.85982, 39.86531], [32.85965, 39.86543]]]}}, {"type": "Feature", "properties": {}, "geometry": {"type": "Polygon", "coordinates": [[[32.86027, 39.86391], [32.86049, 39.86411], [32.86065, 39.864], [32.86043, 39.86381], [32.86027, 39.86391]]]}}, {"type": "Feature", "properties": {}, "geometry": {"type": "Polygon", "coordinates": [[[32.85929, 39.86376], [32.8595, 39.8639], [32.85964, 39.86378], [32.85944, 39.86364], [32.85929, 39.86376]]]}}, {"type": "Feature", "properties": {}, "geometry": {"type": "Polygon", "coordinates": [[[32.85948, 39.86422], [32.85964, 39.8641], [32.85949, 39.86398], [32.85933, 39.8641], [32.85948, 39.86422]]]}}, {"type": "Feature", "properties": {}, "geometry": {"type": "Polygon", "coordinates": [[[32.85844, 39.86557], [32.85855, 39.86571], [32.85878, 39.86559], [32.85867, 39.86545], [32.85844, 39.86557]]]}}, {"type": "Feature", "properties": {}, "geometry": {"type": "Polygon", "coordinates": [[[32.85989, 39.86462], [32.86004, 39.86473], [32.8602, 39.86461], [32.86005, 39.8645], [32.85989, 39.86462]]]}}, {"type": "Feature", "properties": {}, "geometry": {"type": "Polygon", "coordinates": [[[32.86088, 39.86381], [32.86102, 39.86389], [32.86119, 39.86371], [32.86104, 39.86363], [32.86088, 39.86381]]]}}, {"type": "Feature", "properties": {}, "geometry": {"type": "Polygon", "coordinates": [[[32.85853, 39.86507], [32.85865, 39.8652], [32.85884, 39.8651], [32.85871, 39.86497], [32.85853, 39.86507]]]}}, {"type": "Feature", "properties": {}, "geometry": {"type": "Polygon", "coordinates": [[[32.86025, 39.86568], [32.8604, 39.86581], [32.86052, 39.86572], [32.86037, 39.8656], [32.86025, 39.86568]]]}}, {"type": "Feature", "properties": {}, "geometry": {"type": "Polygon", "coordinates": [[[32.86076, 39.86481], [32.8606, 39.86497], [32.86086, 39.86512], [32.86102, 39.86495], [32.86076, 39.86481]]]}}, {"type": "Feature", "properties": {}, "geometry": {"type": "Polygon", "coordinates": [[[32.85957, 39.86354], [32.85976, 39.86371], [32.85995, 39.86359], [32.85975, 39.86342], [32.85957, 39.86354]]]}}, {"type": "Feature", "properties": {}, "geometry": {"type": "Polygon", "coordinates": [[[32.8582, 39.86465], [32.85836, 39.86482], [32.85852, 39.86472], [32.85836, 39.86456], [32.8582, 39.86465]]]}}, {"type": "Feature", "properties": {}, "geometry": {"type": "Polygon", "coordinates": [[[32.85977, 39.86597], [32.85995, 39.86614], [32.86008, 39.86605], [32.8599, 39.86588], [32.85977, 39.86597]]]}}, {"type": "Feature", "properties": {}, "geometry": {"type": "Polygon", "coordinates": [[[32.85904, 39.86507], [32.85912, 39.86519], [32.85925, 39.86513], [32.85917, 39.86502], [32.85904, 39.86507]]]}}, {"type": "Feature", "properties": {}, "geometry": {"type": "Polygon", "coordinates": [[[32.86004, 39.8641], [32.86021, 39.86424], [32.86036, 39.86413], [32.86019, 39.86399], [32.86004, 39.8641]]]}}, {"type": "Feature", "properties": {}, "geometry": {"type": "Polygon", "coordinates": [[[32.86067, 39.86374], [32.86082, 39.86382], [32.86099, 39.86363], [32.86084, 39.86355], [32.86067, 39.86374]]]}}, {"type": "Feature", "properties": {}, "geometry": {"type": "Polygon", "coordinates": [[[32.8592, 39.86592], [32.85935, 39.86605], [32.8595, 39.86595], [32.85935, 39.86582], [32.8592, 39.86592]]]}}, {"type": "Feature", "properties": {}, "geometry": {"type": "Polygon", "coordinates": [[[32.859, 39.86428], [32.85917, 39.86444], [32.85935, 39.86433], [32.85917, 39.86417], [32.859, 39.86428]]]}}, {"type": "Feature", "properties": {}, "geometry": {"type": "Polygon", "coordinates": [[[32.86058, 39.86416], [32.86074, 39.86427], [32.86092, 39.86412], [32.86076, 39.86401], [32.86058, 39.86416]]]}}, {"type": "Feature", "properties": {}, "geometry": {"type": "Polygon", "coordinates": [[[32.8586, 39.86588], [32.85875, 39.86602], [32.85896, 39.86589], [32.85881, 39.86575], [32.8586, 39.86588]]]}}, {"type": "Feature", "properties": {}, "geometry": {"type": "Polygon", "coordinates": [[[32.85963, 39.86476], [32.85982, 39.86489], [32.85996, 39.86477], [32.85977, 39.86464], [32.85963, 39.86476]]]}}, {"type": "Feature", "properties": {}, "geometry": {"type": "Polygon", "coordinates": [[[32.85891, 39.86485], [32.85905, 39.86499], [32.85927, 39.86485], [32.85913, 39.86472], [32.85891, 39.86485]]]}}, {"type": "Feature", "properties": {}, "geometry": {"type": "Polygon", "coordinates": [[[32.86025, 39.86521], [32.86044, 39.86535], [32.86062, 39.8652], [32.86043, 39.86506], [32.86025, 39.86521]]]}}, {"type": "Feature", "properties": {}, "geometry": {"type": "Polygon", "coordinates": [[[32.85766, 39.86464], [32.85785, 39.86483], [32.85804, 39.86472], [32.85785, 39.86453], [32.85766, 39.86464]]]}}, {"type": "Feature", "properties": {}, "geometry": {"type": "Polygon", "coordinates": [[[32.86002, 39.86575], [32.86022, 39.86594], [32.86034, 39.86586], [32.86013, 39.86568], [32.86002, 39.86575]]]}}, {"type": "Feature", "properties": {}, "geometry": {"type": "Polygon", "coordinates": [[[32.86031, 39.86481], [32.86048, 39.86491], [32.86066, 39.86474], [32.86049, 39.86463], [32.86031, 39.86481]]]}}, {"type": "Feature", "properties": {}, "geometry": {"type": "Polygon", "coordinates": [[[32.85986, 39.86377], [32.86003, 39.86388], [32.86021, 39.86373], [32.86003, 39.86361], [32.85986, 39.86377]]]}}, {"type": "Feature", "properties": {}, "geometry": {"type": "Polygon", "coordinates": [[[32.85835, 39.86488], [32.85848, 39.86502], [32.85865, 39.86493], [32.85852, 39.86479], [32.85835, 39.86488]]]}}, {"type": "Feature", "properties": {}, "geometry": {"type": "Polygon", "coordinates": [[[32.8596, 39.86609], [32.85976, 39.86626], [32.85989, 39.86619], [32.85973, 39.86602], [32.8596, 39.86609]]]}}, {"type": "Feature", "properties": {}, "geometry": {"type": "Polygon", "coordinates": [[[32.86055, 39.8654], [32.86075, 39.86552], [32.86085, 39.86542], [32.86066, 39.8653], [32.86055, 39.8654]]]}}, {"type": "Feature", "properties": {}, "geometry": {"type": "Polygon", "coordinates": [[[32.85817, 39.86522], [32.85826, 39.86535], [32.85847, 39.86526], [32.85838, 39.86513], [32.85817, 39.86522]]]}}, {"type": "Feature", "properties": {}, "geometry": {"type": "Polygon", "coordinates": [[[32.86047, 39.86366], [32.86062, 39.86375], [32.86079, 39.86357], [32.86063, 39.86348], [32.86047, 39.86366]]]}}, {"type": "Feature", "properties": {}, "geometry": {"type": "Polygon", "coordinates": [[[32.85983, 39.86425], [32.85998, 39.86439], [32.86015, 39.86427], [32.86, 39.86414], [32.85983, 39.86425]]]}}, {"type": "Feature", "properties": {}, "geometry": {"type": "Polygon", "coordinates": [[[32.85873, 39.86409], [32.85892, 39.86426], [32.85913, 39.86412], [32.85894, 39.86395], [32.85873, 39.86409]]]}}, {"type": "Feature", "properties": {}, "geometry": {"type": "Polygon", "coordinates": [[[32.85824, 39.86427], [32.85842, 39.86446], [32.85858, 39.86437], [32.85839, 39.86418], [32.85824, 39.86427]]]}}, {"type": "Feature", "properties": {}, "geometry": {"type": "Polygon", "coordinates": [[[32.85872, 39.86608], [32.85887, 39.86621], [32.85908, 39.86607], [32.85892, 39.86594], [32.85872, 39.86608]]]}}, {"type": "Feature", "properties": {}, "geometry": {"type": "Polygon", "coordinates": [[[32.86034, 39.86434], [32.86047, 39.86445], [32.86066, 39.86433], [32.86053, 39.86421], [32.86034, 39.86434]]]}}, {"type": "Feature", "properties": {}, "geometry": {"type": "Polygon", "coordinates": [[[32.85952, 39.86527], [32.85965, 39.86538], [32.85983, 39.86525], [32.85971, 39.86514], [32.85952, 39.86527]]]}}, {"type": "Feature", "properties": {}, "geometry": {"type": "Polygon", "coordinates": [[[32.85869, 39.86468], [32.85883, 39.86481], [32.85902, 39.86469], [32.85888, 39.86456], [32.85869, 39.86468]]]}}, {"type": "Feature", "properties": {}, "geometry": {"type": "Polygon", "coordinates": [[[32.86099, 39.86511], [32.86122, 39.86525], [32.86132, 39.86515], [32.86109, 39.86502], [32.86099, 39.86511]]]}}, {"type": "Feature", "properties": {}, "geometry": {"type": "Polygon", "coordinates": [[[32.85786, 39.86485], [32.85802, 39.86502], [32.85822, 39.86492], [32.85806, 39.86474], [32.85786, 39.86485]]]}}, {"type": "Feature", "properties": {}, "geometry": {"type": "Polygon", "coordinates": [[[32.8599, 39.86553], [32.86005, 39.86565], [32.86025, 39.86551], [32.8601, 39.86539], [32.8599, 39.86553]]]}}, {"type": "Feature", "properties": {}, "geometry": {"type": "Polygon", "coordinates": [[[32.85994, 39.865], [32.86014, 39.86517], [32.86034, 39.86504], [32.86013, 39.86486], [32.85994, 39.865]]]}}, {"type": "Feature", "properties": {}, "geometry": {"type": "Polygon", "coordinates": [[[32.85958, 39.86396], [32.85972, 39.86407], [32.85993, 39.86393], [32.8598, 39.86381], [32.85958, 39.86396]]]}}, {"type": "Feature", "properties": {}, "geometry": {"type": "Polygon", "coordinates": [[[32.85889, 39.86511], [32.85868, 39.86525], [32.85883, 39.86538], [32.859, 39.86539], [32.85913, 39.86531], [32.85889, 39.86511]]]}}, {"type": "Feature", "properties": {}, "geometry": {"type": "Polygon", "coordinates": [[[32.85934, 39.86486], [32.85926, 39.86492], [32.85934, 39.86498], [32.85925, 39.86504], [32.85939, 39.86517], [32.85956, 39.86505], [32.85934, 39.86486]]]}}, {"type": "Feature", "properties": {}, "geometry": {"type": "Polygon", "coordinates": [[[32.8573, 39.86433], [32.85748, 39.86451], [32.85772, 39.86439], [32.85759, 39.86425], [32.85757, 39.86425], [32.85751, 39.8642], [32.8573, 39.86433]]]}}, {"type": "Feature", "properties": {}, "geometry": {"type": "Polygon", "coordinates": [[[32.8591, 39.86557], [32.85915, 39.86554], [32.85933, 39.86573], [32.85914, 39.86584], [32.8591, 39.86579], [32.85915, 39.86577], [32.85914, 39.86558], [32.8591, 39.86557]]]}}, {"type": "Feature", "properties": {}, "geometry": {"type": "Polygon", "coordinates": [[[32.85737, 39.86376], [32.8572, 39.86389], [32.85725, 39.86393], [32.85727, 39.86392], [32.85736, 39.86399], [32.85739, 39.86397], [32.85744, 39.864], [32.85757, 39.8639], [32.85737, 39.86376]]]}}, {"type": "Feature", "properties": {}, "geometry": {"type": "Polygon", "coordinates": [[[32.85937, 39.86535], [32.85959, 39.86556], [32.85946, 39.86564], [32.8594, 39.86558], [32.85931, 39.86563], [32.85922, 39.86555], [32.8593, 39.8655], [32.85924, 39.86543], [32.85937, 39.86535]]]}}, {"type": "Feature", "properties": {}, "geometry": {"type": "Polygon", "coordinates": [[[32.85799, 39.86419], [32.85776, 39.86402], [32.85766, 39.8641], [32.8577, 39.86413], [32.85763, 39.86419], [32.85765, 39.8642], [32.8576, 39.86424], [32.85777, 39.86437], [32.85799, 39.86419]]]}}, {"type": "Feature", "properties": {}, "geometry": {"type": "Polygon", "coordinates": [[[32.85774, 39.86398], [32.85805, 39.8642], [32.85813, 39.86413], [32.85809, 39.8641], [32.85817, 39.86404], [32.85794, 39.86388], [32.85786, 39.86395], [32.85782, 39.86392], [32.85774, 39.86398]]]}}, {"type": "Feature", "properties": {}, "geometry": {"type": "Polygon", "coordinates": [[[32.82624, 39.84954], [32.82641, 39.8496], [32.82654, 39.84937], [32.82666, 39.84942], [32.82669, 39.84938], [32.82656, 39.84934], [32.82662, 39.84923], [32.82685, 39.84931], [32.82692, 39.84919], [32.82653, 39.84905], [32.82648, 39.84914], [32.82653, 39.84915], [32.82648, 39.84923], [32.82644, 39.84921], [32.82638, 39.8493], [32.82641, 39.84931], [32.82632, 39.84947], [32.82629, 39.84945], [32.82624, 39.84954]]]}}, {"type": "Feature", "properties": {}, "geometry": {"type": "Polygon", "coordinates": [[[32.83462, 39.84748], [32.83477, 39.84723], [32.8344, 39.84709], [32.83425, 39.84735], [32.83462, 39.84748]]]}}, {"type": "Feature", "properties": {}, "geometry": {"type": "Polygon", "coordinates": [[[32.83074, 39.84581], [32.83112, 39.84572], [32.83101, 39.84542], [32.83062, 39.84551], [32.83074, 39.84581]]]}}, {"type": "Feature", "properties": {}, "geometry": {"type": "Polygon", "coordinates": [[[32.8307, 39.84678], [32.83156, 39.84657], [32.83148, 39.84639], [32.83062, 39.84661], [32.8307, 39.84678]]]}}, {"type": "Feature", "properties": {}, "geometry": {"type": "Polygon", "coordinates": [[[32.83634, 39.84816], [32.83649, 39.84791], [32.83612, 39.84777], [32.83597, 39.84802], [32.83634, 39.84816]]]}}, {"type": "Feature", "properties": {}, "geometry": {"type": "Polygon", "coordinates": [[[32.82941, 39.84685], [32.82979, 39.84676], [32.82968, 39.84646], [32.82929, 39.84655], [32.82941, 39.84685]]]}}, {"type": "Feature", "properties": {}, "geometry": {"type": "Polygon", "coordinates": [[[32.83605, 39.84743], [32.8362, 39.84718], [32.83583, 39.84705], [32.83568, 39.8473], [32.83605, 39.84743]]]}}, {"type": "Feature", "properties": {}, "geometry": {"type": "Polygon", "coordinates": [[[32.83229, 39.84665], [32.83245, 39.8464], [32.83208, 39.84626], [32.83192, 39.84651], [32.83229, 39.84665]]]}}, {"type": "Feature", "properties": {}, "geometry": {"type": "Polygon", "coordinates": [[[32.83166, 39.84574], [32.83204, 39.84566], [32.83193, 39.84536], [32.83154, 39.84544], [32.83166, 39.84574]]]}}, {"type": "Feature", "properties": {}, "geometry": {"type": "Polygon", "coordinates": [[[32.8337, 39.8465], [32.83408, 39.8459], [32.83381, 39.84579], [32.83342, 39.8464], [32.8337, 39.8465]]]}}, {"type": "Feature", "properties": {}, "geometry": {"type": "Polygon", "coordinates": [[[32.83551, 39.84803], [32.8356, 39.84788], [32.83479, 39.84758], [32.8347, 39.84773], [32.83551, 39.84803]]]}}, {"type": "Feature", "properties": {}, "geometry": {"type": "Polygon", "coordinates": [[[32.82994, 39.84618], [32.83014, 39.84614], [32.83032, 39.8461], [32.83021, 39.84579], [32.82982, 39.84588], [32.82994, 39.84618]]]}}, {"type": "Feature", "properties": {}, "geometry": {"type": "Polygon", "coordinates": [[[32.83456, 39.84672], [32.83495, 39.84611], [32.83467, 39.84601], [32.83428, 39.84661], [32.83456, 39.84672]]]}}, {"type": "Feature", "properties": {}, "geometry": {"type": "Polygon", "coordinates": [[[32.83306, 39.84693], [32.83322, 39.84668], [32.83285, 39.84654], [32.83269, 39.84679], [32.83306, 39.84693]]]}}, {"type": "Feature", "properties": {}, "geometry": {"type": "Polygon", "coordinates": [[[32.83577, 39.84674], [32.83593, 39.84649], [32.83556, 39.84635], [32.8354, 39.8466], [32.83577, 39.84674]]]}}, {"type": "Feature", "properties": {}, "geometry": {"type": "Polygon", "coordinates": [[[32.83289, 39.84625], [32.83328, 39.84565], [32.833, 39.84554], [32.83261, 39.84615], [32.83289, 39.84625]]]}}, {"type": "Feature", "properties": {}, "geometry": {"type": "Polygon", "coordinates": [[[32.83021, 39.84733], [32.83037, 39.84728], [32.83058, 39.84722], [32.83044, 39.84693], [32.83006, 39.84704], [32.83021, 39.84733]]]}}, {"type": "Feature", "properties": {}, "geometry": {"type": "Polygon", "coordinates": [[[32.83385, 39.84721], [32.834, 39.84696], [32.83363, 39.84683], [32.83348, 39.84708], [32.83385, 39.84721]]]}}, {"type": "Feature", "properties": {}, "geometry": {"type": "Polygon", "coordinates": [[[32.84794, 39.85097], [32.84806, 39.85089], [32.84759, 39.8505], [32.84747, 39.85059], [32.84794, 39.85097]]]}}, {"type": "Feature", "properties": {}, "geometry": {"type": "Polygon", "coordinates": [[[32.85014, 39.84989], [32.85028, 39.84982], [32.84991, 39.8494], [32.84977, 39.84947], [32.85014, 39.84989]]]}}, {"type": "Feature", "properties": {}, "geometry": {"type": "Polygon", "coordinates": [[[32.84922, 39.85152], [32.84934, 39.85144], [32.84888, 39.85105], [32.84876, 39.85114], [32.84922, 39.85152]]]}}, {"type": "Feature", "properties": {}, "geometry": {"type": "Polygon", "coordinates": [[[32.85075, 39.85027], [32.8509, 39.8502], [32.85053, 39.84978], [32.85038, 39.84985], [32.85075, 39.85027]]]}}, {"type": "Feature", "properties": {}, "geometry": {"type": "Polygon", "coordinates": [[[32.85001, 39.8494], [32.85015, 39.84932], [32.84978, 39.8489], [32.84964, 39.84898], [32.85001, 39.8494]]]}}, {"type": "Feature", "properties": {}, "geometry": {"type": "Polygon", "coordinates": [[[32.84872, 39.85166], [32.84884, 39.85157], [32.84837, 39.85118], [32.84825, 39.85127], [32.84872, 39.85166]]]}}, {"type": "Feature", "properties": {}, "geometry": {"type": "Polygon", "coordinates": [[[32.85037, 39.85049], [32.85051, 39.85041], [32.85014, 39.84999], [32.85, 39.85007], [32.85037, 39.85049]]]}}, {"type": "Feature", "properties": {}, "geometry": {"type": "Polygon", "coordinates": [[[32.8512, 39.85141], [32.85134, 39.85133], [32.85097, 39.85091], [32.85083, 39.85099], [32.8512, 39.85141]]]}}, {"type": "Feature", "properties": {}, "geometry": {"type": "Polygon", "coordinates": [[[32.85098, 39.85083], [32.85113, 39.85076], [32.85076, 39.85034], [32.85061, 39.85041], [32.85098, 39.85083]]]}}, {"type": "Feature", "properties": {}, "geometry": {"type": "Polygon", "coordinates": [[[32.85154, 39.85128], [32.85168, 39.8512], [32.85131, 39.85078], [32.85117, 39.85086], [32.85154, 39.85128]]]}}, {"type": "Feature", "properties": {}, "geometry": {"type": "Polygon", "coordinates": [[[32.84853, 39.85104], [32.84865, 39.85096], [32.84819, 39.85057], [32.84807, 39.85065], [32.84853, 39.85104]]]}}, {"type": "Feature", "properties": {}, "geometry": {"type": "Polygon", "coordinates": [[[32.82107, 39.84984], [32.82146, 39.8497], [32.82135, 39.84953], [32.82097, 39.84967], [32.82107, 39.84984]]]}}, {"type": "Feature", "properties": {}, "geometry": {"type": "Polygon", "coordinates": [[[32.82114, 39.84885], [32.82137, 39.84875], [32.82129, 39.84863], [32.82106, 39.84874], [32.82114, 39.84885]]]}}, {"type": "Feature", "properties": {}, "geometry": {"type": "Polygon", "coordinates": [[[32.82081, 39.84887], [32.82098, 39.8488], [32.82081, 39.84855], [32.82064, 39.84862], [32.82081, 39.84887]]]}}, {"type": "Feature", "properties": {}, "geometry": {"type": "Polygon", "coordinates": [[[32.85838, 39.86388], [32.85852, 39.864], [32.85868, 39.86388], [32.85854, 39.86376], [32.85838, 39.86388]]]}}, {"type": "Feature", "properties": {}, "geometry": {"type": "Polygon", "coordinates": [[[32.85809, 39.86373], [32.85825, 39.86385], [32.85841, 39.86372], [32.85825, 39.8636], [32.85809, 39.86373]]]}}, {"type": "Feature", "properties": {}, "geometry": {"type": "Polygon", "coordinates": [[[32.85835, 39.86351], [32.85851, 39.86362], [32.85868, 39.86348], [32.85853, 39.86337], [32.85835, 39.86351]]]}}, {"type": "Feature", "properties": {}, "geometry": {"type": "Polygon", "coordinates": [[[32.85867, 39.86371], [32.8588, 39.86382], [32.85896, 39.8637], [32.85883, 39.8636], [32.85867, 39.86371]]]}}, {"type": "Feature", "properties": {}, "geometry": {"type": "Polygon", "coordinates": [[[32.85859, 39.86331], [32.85877, 39.86345], [32.85894, 39.86331], [32.85876, 39.86317], [32.85859, 39.86331]]]}}, {"type": "Feature", "properties": {}, "geometry": {"type": "Polygon", "coordinates": [[[32.85891, 39.86353], [32.85906, 39.86366], [32.85923, 39.86353], [32.85908, 39.86341], [32.85891, 39.86353]]]}}, {"type": "Feature", "properties": {}, "geometry": {"type": "Polygon", "coordinates": [[[32.85886, 39.86319], [32.85906, 39.86329], [32.85919, 39.86315], [32.85899, 39.86304], [32.85886, 39.86319]]]}}, {"type": "Feature", "properties": {}, "geometry": {"type": "Polygon", "coordinates": [[[32.85913, 39.8634], [32.85932, 39.86351], [32.85952, 39.86331], [32.85933, 39.8632], [32.85913, 39.8634]]]}}, {"type": "Feature", "properties": {}, "geometry": {"type": "Polygon", "coordinates": [[[32.84274, 39.84739], [32.84295, 39.84739], [32.84295, 39.84734], [32.84319, 39.84734], [32.84319, 39.84712], [32.84305, 39.84713], [32.84305, 39.8471], [32.84309, 39.8471], [32.84308, 39.84699], [32.8428, 39.84699], [32.8428, 39.84705], [32.84266, 39.84705], [32.84266, 39.84715], [32.84273, 39.84715], [32.84274, 39.84739]]]}}, {"type": "Feature", "properties": {}, "geometry": {"type": "Polygon", "coordinates": [[[32.83959, 39.84287], [32.83962, 39.84287], [32.83962, 39.84296], [32.8397, 39.84296], [32.8397, 39.84295], [32.84012, 39.84295], [32.84012, 39.84296], [32.84021, 39.84296], [32.84021, 39.84287], [32.84023, 39.84287], [32.84023, 39.84248], [32.84021, 39.84248], [32.84021, 39.84239], [32.84012, 39.84239], [32.84012, 39.84241], [32.8397, 39.84241], [32.8397, 39.84239], [32.83962, 39.84239], [32.83962, 39.84248], [32.83959, 39.84248], [32.83959, 39.84287]]]}}, {"type": "Feature", "properties": {}, "geometry": {"type": "Polygon", "coordinates": [[[32.839, 39.84395], [32.83899, 39.84395], [32.83899, 39.84402], [32.83907, 39.84402], [32.83907, 39.84402], [32.8395, 39.84402], [32.8395, 39.84402], [32.83958, 39.84402], [32.83958, 39.84395], [32.83957, 39.84395], [32.83957, 39.84364], [32.83958, 39.84364], [32.83958, 39.84356], [32.8395, 39.84356], [32.8395, 39.84357], [32.83907, 39.84357], [32.83907, 39.84356], [32.83899, 39.84356], [32.83899, 39.84364], [32.839, 39.84364], [32.839, 39.84395]]]}}, {"type": "Feature", "properties": {}, "geometry": {"type": "Polygon", "coordinates": [[[32.84028, 39.84395], [32.84027, 39.84395], [32.84027, 39.84402], [32.84035, 39.84402], [32.84035, 39.84402], [32.84078, 39.84402], [32.84078, 39.84402], [32.84086, 39.84402], [32.84086, 39.84395], [32.84085, 39.84395], [32.84085, 39.84364], [32.84086, 39.84364], [32.84086, 39.84356], [32.84078, 39.84356], [32.84078, 39.84357], [32.84035, 39.84357], [32.84035, 39.84356], [32.84027, 39.84356], [32.84027, 39.84364], [32.84028, 39.84364], [32.84028, 39.84395]]]}}, {"type": "Feature", "properties": {}, "geometry": {"type": "Polygon", "coordinates": [[[32.84091, 39.84395], [32.8409, 39.84395], [32.84091, 39.84402], [32.84098, 39.84402], [32.84098, 39.84402], [32.84141, 39.84401], [32.84141, 39.84402], [32.84149, 39.84402], [32.84149, 39.84395], [32.84148, 39.84395], [32.84148, 39.84363], [32.84149, 39.84363], [32.84149, 39.84356], [32.84141, 39.84356], [32.84141, 39.84357], [32.84098, 39.84357], [32.84098, 39.84356], [32.8409, 39.84356], [32.8409, 39.84364], [32.84091, 39.84364], [32.84091, 39.84395]]]}}, {"type": "Feature", "properties": {}, "geometry": {"type": "Polygon", "coordinates": [[[32.8427, 39.84632], [32.84278, 39.84632], [32.84278, 39.84633], [32.8428, 39.84633], [32.8428, 39.84629], [32.8431, 39.84629], [32.8431, 39.84633], [32.84313, 39.84633], [32.84313, 39.84632], [32.8432, 39.84632], [32.8432, 39.84648], [32.8432, 39.84665], [32.84313, 39.84665], [32.84313, 39.84664], [32.8431, 39.84664], [32.8431, 39.84667], [32.8428, 39.84667], [32.8428, 39.84664], [32.84277, 39.84664], [32.84277, 39.84664], [32.8427, 39.84664], [32.8427, 39.84632]]]}}, {"type": "Feature", "properties": {}, "geometry": {"type": "Polygon", "coordinates": [[[32.8415, 39.84601], [32.8415, 39.84599], [32.84156, 39.84599], [32.84156, 39.84601], [32.84207, 39.84601], [32.84207, 39.84599], [32.84211, 39.84599], [32.84211, 39.84587], [32.84208, 39.84587], [32.84208, 39.84571], [32.84214, 39.84571], [32.84214, 39.84558], [32.84026, 39.84558], [32.84026, 39.84571], [32.84033, 39.84571], [32.84033, 39.84587], [32.8403, 39.84587], [32.8403, 39.84599], [32.84033, 39.84599], [32.84033, 39.84601], [32.84085, 39.84601], [32.84085, 39.846], [32.84091, 39.846], [32.84091, 39.84601], [32.8415, 39.84601]]]}}, {"type": "Feature", "properties": {}, "geometry": {"type": "Polygon", "coordinates": [[[32.84824, 39.85739], [32.84828, 39.85733], [32.84827, 39.85732], [32.84833, 39.85722], [32.84826, 39.8572], [32.84824, 39.85722], [32.84822, 39.85721], [32.84822, 39.8572], [32.84805, 39.85713], [32.84804, 39.85714], [32.848, 39.85713], [32.848, 39.85712], [32.84783, 39.85705], [32.84783, 39.85706], [32.8478, 39.85705], [32.84782, 39.85702], [32.84774, 39.857], [32.84768, 39.85709], [32.84766, 39.85708], [32.84762, 39.85715], [32.84769, 39.85717], [32.84768, 39.85718], [32.8479, 39.85727], [32.84791, 39.85726], [32.84796, 39.85728], [32.84795, 39.85729], [32.84817, 39.85738], [32.84818, 39.85736], [32.84824, 39.85739]]]}}, {"type": "Feature", "properties": {}, "geometry": {"type": "Polygon", "coordinates": [[[32.84744, 39.85734], [32.84748, 39.85728], [32.84746, 39.85727], [32.84752, 39.85717], [32.84745, 39.85715], [32.84743, 39.85717], [32.84741, 39.85716], [32.84741, 39.85715], [32.84724, 39.85708], [32.84724, 39.85709], [32.84719, 39.85708], [32.8472, 39.85707], [32.84702, 39.857], [32.84702, 39.85701], [32.84699, 39.857], [32.84701, 39.85698], [32.84693, 39.85695], [32.84687, 39.85704], [32.84685, 39.85704], [32.84681, 39.8571], [32.84688, 39.85712], [32.84687, 39.85714], [32.84709, 39.85722], [32.8471, 39.85721], [32.84715, 39.85723], [32.84714, 39.85724], [32.84736, 39.85733], [32.84737, 39.85731], [32.84744, 39.85734]]]}}, {"type": "Feature", "properties": {}, "geometry": {"type": "Polygon", "coordinates": [[[32.85115, 39.85787], [32.85155, 39.85844], [32.85178, 39.85835], [32.85138, 39.85777], [32.85115, 39.85787]]]}}, {"type": "Feature", "properties": {}, "geometry": {"type": "Polygon", "coordinates": [[[32.83963, 39.84363], [32.83963, 39.84318], [32.84023, 39.84318], [32.84023, 39.84363], [32.83963, 39.84363]]]}}, {"type": "Feature", "properties": {}, "geometry": {"type": "Polygon", "coordinates": [[[32.83869, 39.8432], [32.83856, 39.8432], [32.83856, 39.84348], [32.83869, 39.84348], [32.83869, 39.8432]]]}}, {"type": "Feature", "properties": {}, "geometry": {"type": "Polygon", "coordinates": [[[32.83883, 39.84207], [32.83836, 39.84207], [32.83835, 39.8423], [32.83883, 39.8423], [32.83883, 39.84207]]]}}, {"type": "Feature", "properties": {}, "geometry": {"type": "Polygon", "coordinates": [[[32.83893, 39.84255], [32.83835, 39.84255], [32.83835, 39.84288], [32.83893, 39.84288], [32.83893, 39.84255]]]}}, {"type": "Feature", "properties": {}, "geometry": {"type": "Polygon", "coordinates": [[[32.83979, 39.84207], [32.83961, 39.84207], [32.83961, 39.8422], [32.83979, 39.8422], [32.83979, 39.84207]]]}}, {"type": "Feature", "properties": {}, "geometry": {"type": "Polygon", "coordinates": [[[32.84208, 39.84376], [32.84161, 39.84375], [32.84161, 39.84399], [32.84208, 39.84399], [32.84208, 39.84376]]]}}, {"type": "Feature", "properties": {}, "geometry": {"type": "Polygon", "coordinates": [[[32.83908, 39.84184], [32.83881, 39.84184], [32.83881, 39.84194], [32.83908, 39.84194], [32.83908, 39.84184]]]}}, {"type": "Feature", "properties": {}, "geometry": {"type": "Polygon", "coordinates": [[[32.84304, 39.84376], [32.84256, 39.84376], [32.84256, 39.84399], [32.84304, 39.84399], [32.84304, 39.84376]]]}}, {"type": "Feature", "properties": {}, "geometry": {"type": "Polygon", "coordinates": [[[32.83845, 39.84174], [32.83832, 39.84174], [32.83832, 39.84204], [32.83845, 39.84204], [32.83845, 39.84174]]]}}, {"type": "Feature", "properties": {}, "geometry": {"type": "Polygon", "coordinates": [[[32.84256, 39.84376], [32.84208, 39.84376], [32.84208, 39.84399], [32.84256, 39.84399], [32.84256, 39.84376]]]}}, {"type": "Feature", "properties": {}, "geometry": {"type": "Polygon", "coordinates": [[[32.84214, 39.84796], [32.84222, 39.84796], [32.84228, 39.84796], [32.84234, 39.84795], [32.84246, 39.84795], [32.84245, 39.84789], [32.84234, 39.84789], [32.84228, 39.84789], [32.84223, 39.84789], [32.84214, 39.84789], [32.84214, 39.84796]]]}}, {"type": "Feature", "properties": {}, "geometry": {"type": "Polygon", "coordinates": [[[32.8492, 39.85672], [32.84923, 39.85661], [32.84896, 39.85657], [32.84893, 39.85669], [32.84906, 39.8567], [32.84907, 39.85667], [32.84908, 39.85667], [32.84907, 39.85671], [32.8492, 39.85672]]]}}, {"type": "Feature", "properties": {}, "geometry": {"type": "Polygon", "coordinates": [[[32.84958, 39.85685], [32.8496, 39.85673], [32.84933, 39.8567], [32.84931, 39.85681], [32.84943, 39.85683], [32.84944, 39.8568], [32.84946, 39.8568], [32.84945, 39.85683], [32.84958, 39.85685]]]}}, {"type": "Feature", "properties": {}, "geometry": {"type": "Polygon", "coordinates": [[[32.8426, 39.84361], [32.84271, 39.84352], [32.84278, 39.84352], [32.84289, 39.84361], [32.8429, 39.84366], [32.84279, 39.84375], [32.84272, 39.84375], [32.8426, 39.84366], [32.8426, 39.84361]]]}}, {"type": "Feature", "properties": {}, "geometry": {"type": "Polygon", "coordinates": [[[32.85306, 39.85061], [32.85304, 39.85061], [32.85305, 39.85062], [32.85288, 39.85067], [32.85288, 39.85066], [32.85286, 39.85067], [32.8528, 39.85054], [32.85282, 39.85054], [32.85281, 39.85053], [32.85298, 39.85048], [32.85298, 39.85049], [32.853, 39.85049], [32.85306, 39.85061]]]}}, {"type": "Feature", "properties": {}, "geometry": {"type": "Polygon", "coordinates": [[[32.84906, 39.84692], [32.84909, 39.8469], [32.84879, 39.84662], [32.84878, 39.84663], [32.84876, 39.84661], [32.84872, 39.84664], [32.84874, 39.84665], [32.84864, 39.84671], [32.84889, 39.84695], [32.84891, 39.84693], [32.84894, 39.84695], [32.84888, 39.84699], [32.84905, 39.84715], [32.8492, 39.84705], [32.84906, 39.84692]]]}}, {"type": "Feature", "properties": {}, "geometry": {"type": "Polygon", "coordinates": [[[32.85266, 39.85067], [32.85265, 39.85067], [32.85267, 39.85072], [32.85269, 39.85072], [32.85269, 39.85073], [32.85286, 39.85068], [32.85285, 39.85067], [32.85286, 39.85067], [32.8528, 39.85054], [32.85279, 39.85055], [32.85279, 39.85054], [32.85262, 39.85059], [32.85263, 39.8506], [32.85261, 39.8506], [32.85264, 39.85065], [32.85265, 39.85065], [32.85266, 39.85067]]]}}, {"type": "Feature", "properties": {}, "geometry": {"type": "Polygon", "coordinates": [[[32.8532, 39.85049], [32.85321, 39.85048], [32.85319, 39.85043], [32.85318, 39.85044], [32.85317, 39.85043], [32.85301, 39.85047], [32.85301, 39.85048], [32.853, 39.85049], [32.85306, 39.85061], [32.85307, 39.85061], [32.85308, 39.85062], [32.85324, 39.85057], [32.85324, 39.85056], [32.85325, 39.85055], [32.85322, 39.8505], [32.85321, 39.85051], [32.8532, 39.85049]]]}}, {"type": "Feature", "properties": {}, "geometry": {"type": "Polygon", "coordinates": [[[32.85068, 39.85155], [32.85069, 39.85154], [32.85071, 39.85154], [32.85073, 39.85151], [32.85075, 39.85152], [32.85081, 39.8514], [32.85079, 39.8514], [32.85081, 39.85136], [32.85078, 39.85136], [32.85079, 39.85134], [32.85061, 39.85128], [32.8506, 39.8513], [32.85057, 39.85129], [32.85056, 39.85133], [32.85054, 39.85132], [32.85048, 39.85143], [32.8505, 39.85144], [32.85048, 39.85147], [32.85051, 39.85148], [32.8505, 39.8515], [32.85068, 39.85155]]]}}, {"type": "Feature", "properties": {}, "geometry": {"type": "Polygon", "coordinates": [[[32.84412, 39.84906], [32.84415, 39.84906], [32.84415, 39.84908], [32.8442, 39.84907], [32.8442, 39.84909], [32.84436, 39.84906], [32.84435, 39.84904], [32.8444, 39.84903], [32.84439, 39.84901], [32.84441, 39.849], [32.84436, 39.84886], [32.84434, 39.84887], [32.84433, 39.84884], [32.84429, 39.84885], [32.84428, 39.84884], [32.84413, 39.84887], [32.84413, 39.84889], [32.84409, 39.84889], [32.8441, 39.84892], [32.84407, 39.84892], [32.84412, 39.84906]]]}}, {"type": "Feature", "properties": {}, "geometry": {"type": "Polygon", "coordinates": [[[32.8463, 39.84918], [32.84632, 39.84918], [32.84633, 39.8492], [32.84637, 39.84919], [32.84638, 39.84921], [32.84654, 39.84918], [32.84653, 39.84916], [32.84657, 39.84915], [32.84657, 39.84913], [32.84659, 39.84913], [32.84654, 39.84899], [32.84652, 39.84899], [32.84651, 39.84897], [32.84647, 39.84898], [32.84646, 39.84896], [32.8463, 39.84899], [32.84631, 39.84901], [32.84627, 39.84902], [32.84627, 39.84904], [32.84625, 39.84904], [32.8463, 39.84918]]]}}, {"type": "Feature", "properties": {}, "geometry": {"type": "Polygon", "coordinates": [[[32.84947, 39.8511], [32.84948, 39.85108], [32.84951, 39.85109], [32.84953, 39.85106], [32.84955, 39.85106], [32.84961, 39.85095], [32.84959, 39.85094], [32.8496, 39.85091], [32.84958, 39.8509], [32.84958, 39.85088], [32.84941, 39.85083], [32.8494, 39.85085], [32.84937, 39.85084], [32.84935, 39.85087], [32.84933, 39.85086], [32.84927, 39.85098], [32.84929, 39.85098], [32.84928, 39.85102], [32.84931, 39.85103], [32.8493, 39.85104], [32.84947, 39.8511]]]}}, {"type": "Feature", "properties": {}, "geometry": {"type": "Polygon", "coordinates": [[[32.84456, 39.84925], [32.84458, 39.84924], [32.84459, 39.84927], [32.84463, 39.84926], [32.84464, 39.84927], [32.8448, 39.84924], [32.84479, 39.84922], [32.84483, 39.84921], [32.84482, 39.84919], [32.84485, 39.84919], [32.8448, 39.84905], [32.84478, 39.84905], [32.84477, 39.84903], [32.84472, 39.84904], [32.84472, 39.84902], [32.84456, 39.84905], [32.84457, 39.84907], [32.84452, 39.84908], [32.84453, 39.8491], [32.84451, 39.84911], [32.84456, 39.84925]]]}}, {"type": "Feature", "properties": {}, "geometry": {"type": "Polygon", "coordinates": [[[32.84979, 39.85142], [32.84979, 39.8514], [32.84982, 39.85141], [32.84984, 39.85138], [32.84986, 39.85139], [32.84992, 39.85127], [32.8499, 39.85126], [32.84992, 39.85123], [32.84989, 39.85122], [32.8499, 39.85121], [32.84972, 39.85115], [32.84971, 39.85117], [32.84968, 39.85116], [32.84967, 39.85119], [32.84964, 39.85119], [32.84958, 39.8513], [32.84961, 39.85131], [32.84959, 39.85134], [32.84962, 39.85135], [32.84961, 39.85137], [32.84979, 39.85142]]]}}, {"type": "Feature", "properties": {}, "geometry": {"type": "Polygon", "coordinates": [[[32.84937, 39.85008], [32.84938, 39.85006], [32.84941, 39.85007], [32.84942, 39.85004], [32.84944, 39.85005], [32.8495, 39.84993], [32.84948, 39.84992], [32.8495, 39.84989], [32.84947, 39.84988], [32.84948, 39.84987], [32.8493, 39.84981], [32.84929, 39.84983], [32.84927, 39.84982], [32.84925, 39.84985], [32.84923, 39.84985], [32.84917, 39.84996], [32.84919, 39.84997], [32.84917, 39.85], [32.8492, 39.85001], [32.84919, 39.85003], [32.84937, 39.85008]]]}}, {"type": "Feature", "properties": {}, "geometry": {"type": "Polygon", "coordinates": [[[32.84665, 39.84891], [32.84667, 39.8489], [32.84668, 39.84892], [32.84672, 39.84891], [32.84673, 39.84893], [32.84688, 39.8489], [32.84688, 39.84888], [32.84692, 39.84888], [32.84691, 39.84885], [32.84694, 39.84885], [32.84689, 39.84871], [32.84687, 39.84871], [32.84686, 39.84869], [32.84682, 39.8487], [32.84681, 39.84868], [32.84665, 39.84871], [32.84666, 39.84873], [32.84661, 39.84874], [32.84662, 39.84876], [32.8466, 39.84876], [32.84665, 39.84891]]]}}, {"type": "Feature", "properties": {}, "geometry": {"type": "Polygon", "coordinates": [[[32.84955, 39.85263], [32.84956, 39.85262], [32.84959, 39.85262], [32.84961, 39.85259], [32.84963, 39.8526], [32.84968, 39.85248], [32.84966, 39.85247], [32.84968, 39.85244], [32.84965, 39.85243], [32.84966, 39.85242], [32.84948, 39.85237], [32.84947, 39.85238], [32.84944, 39.85238], [32.84943, 39.85241], [32.8494, 39.8524], [32.84935, 39.85252], [32.84937, 39.85253], [32.84936, 39.85256], [32.84938, 39.85257], [32.84938, 39.85258], [32.84955, 39.85263]]]}}, {"type": "Feature", "properties": {}, "geometry": {"type": "Polygon", "coordinates": [[[32.85101, 39.85212], [32.85102, 39.85211], [32.85105, 39.85211], [32.85107, 39.85208], [32.85109, 39.85209], [32.85114, 39.85197], [32.85112, 39.85196], [32.85114, 39.85193], [32.85111, 39.85192], [32.85112, 39.85191], [32.85094, 39.85186], [32.85093, 39.85187], [32.8509, 39.85187], [32.85089, 39.8519], [32.85087, 39.85189], [32.85081, 39.85201], [32.85083, 39.85202], [32.85082, 39.85205], [32.85084, 39.85206], [32.85084, 39.85207], [32.85101, 39.85212]]]}}, {"type": "Feature", "properties": {}, "geometry": {"type": "Polygon", "coordinates": [[[32.85053, 39.85229], [32.85054, 39.85228], [32.85057, 39.85228], [32.85058, 39.85225], [32.8506, 39.85226], [32.85066, 39.85214], [32.85064, 39.85213], [32.85065, 39.8521], [32.85062, 39.85209], [32.85063, 39.85208], [32.85045, 39.85203], [32.85044, 39.85204], [32.85042, 39.85204], [32.8504, 39.85207], [32.85038, 39.85206], [32.85032, 39.85218], [32.85034, 39.85219], [32.85033, 39.85222], [32.85036, 39.85223], [32.85035, 39.85224], [32.85053, 39.85229]]]}}, {"type": "Feature", "properties": {}, "geometry": {"type": "Polygon", "coordinates": [[[32.85221, 39.85084], [32.8522, 39.85082], [32.85223, 39.85081], [32.85222, 39.85078], [32.85224, 39.85077], [32.8522, 39.85065], [32.85218, 39.85066], [32.85217, 39.85062], [32.85214, 39.85063], [32.85213, 39.85061], [32.85195, 39.85065], [32.85195, 39.85066], [32.85192, 39.85067], [32.85194, 39.8507], [32.85191, 39.85071], [32.85195, 39.85083], [32.85197, 39.85083], [32.85199, 39.85086], [32.85202, 39.85085], [32.85202, 39.85087], [32.85221, 39.85084]]]}}, {"type": "Feature", "properties": {}, "geometry": {"type": "Polygon", "coordinates": [[[32.85166, 39.85022], [32.85165, 39.8502], [32.85168, 39.8502], [32.85167, 39.85016], [32.8517, 39.85016], [32.85166, 39.85004], [32.85163, 39.85004], [32.85162, 39.85001], [32.85159, 39.85001], [32.85159, 39.85], [32.8514, 39.85003], [32.85141, 39.85005], [32.85138, 39.85006], [32.85139, 39.85009], [32.85137, 39.85009], [32.85141, 39.85021], [32.85143, 39.85021], [32.85144, 39.85024], [32.85147, 39.85024], [32.85148, 39.85026], [32.85166, 39.85022]]]}}, {"type": "Feature", "properties": {}, "geometry": {"type": "Polygon", "coordinates": [[[32.84767, 39.84812], [32.84769, 39.84812], [32.8477, 39.84814], [32.84774, 39.84813], [32.84775, 39.84815], [32.8479, 39.84812], [32.8479, 39.8481], [32.84794, 39.84809], [32.84794, 39.84807], [32.84796, 39.84806], [32.84791, 39.84792], [32.84789, 39.84793], [32.84788, 39.8479], [32.84784, 39.84791], [32.84783, 39.84789], [32.84767, 39.84793], [32.84768, 39.84794], [32.84764, 39.84795], [32.84764, 39.84797], [32.84762, 39.84798], [32.84767, 39.84812]]]}}, {"type": "Feature", "properties": {}, "geometry": {"type": "Polygon", "coordinates": [[[32.85032, 39.85115], [32.85033, 39.85113], [32.85036, 39.85114], [32.85037, 39.85111], [32.8504, 39.85111], [32.85046, 39.851], [32.85043, 39.85099], [32.85045, 39.85096], [32.85042, 39.85095], [32.85043, 39.85093], [32.85025, 39.85088], [32.85025, 39.8509], [32.85022, 39.85089], [32.8502, 39.85092], [32.85018, 39.85091], [32.85012, 39.85103], [32.85014, 39.85103], [32.85012, 39.85107], [32.85015, 39.85108], [32.85014, 39.85109], [32.85032, 39.85115]]]}}, {"type": "Feature", "properties": {}, "geometry": {"type": "Polygon", "coordinates": [[[32.84697, 39.84865], [32.847, 39.84865], [32.847, 39.84867], [32.84705, 39.84866], [32.84705, 39.84868], [32.84721, 39.84865], [32.84721, 39.84863], [32.84725, 39.84862], [32.84724, 39.8486], [32.84726, 39.84859], [32.84722, 39.84845], [32.84719, 39.84846], [32.84719, 39.84843], [32.84714, 39.84844], [32.84714, 39.84843], [32.84698, 39.84846], [32.84699, 39.84847], [32.84694, 39.84848], [32.84695, 39.8485], [32.84693, 39.84851], [32.84697, 39.84865]]]}}, {"type": "Feature", "properties": {}, "geometry": {"type": "Polygon", "coordinates": [[[32.84851, 39.85015], [32.84852, 39.85013], [32.84855, 39.85014], [32.84857, 39.85011], [32.84859, 39.85011], [32.84865, 39.85], [32.84863, 39.84999], [32.84864, 39.84996], [32.84862, 39.84995], [32.84862, 39.84993], [32.84845, 39.84988], [32.84844, 39.8499], [32.84841, 39.84989], [32.84839, 39.84992], [32.84837, 39.84991], [32.84831, 39.85003], [32.84833, 39.85004], [32.84832, 39.85007], [32.84835, 39.85008], [32.84834, 39.85009], [32.84851, 39.85015]]]}}, {"type": "Feature", "properties": {}, "geometry": {"type": "Polygon", "coordinates": [[[32.84881, 39.85053], [32.84882, 39.85051], [32.84884, 39.85052], [32.84886, 39.85049], [32.84888, 39.8505], [32.84894, 39.85038], [32.84892, 39.85037], [32.84894, 39.85034], [32.84891, 39.85033], [32.84892, 39.85032], [32.84874, 39.85026], [32.84873, 39.85028], [32.8487, 39.85027], [32.84869, 39.8503], [32.84867, 39.8503], [32.84861, 39.85041], [32.84863, 39.85042], [32.84861, 39.85045], [32.84864, 39.85046], [32.84863, 39.85048], [32.84881, 39.85053]]]}}, {"type": "Feature", "properties": {}, "geometry": {"type": "Polygon", "coordinates": [[[32.84905, 39.84973], [32.84906, 39.84971], [32.84908, 39.84972], [32.8491, 39.84969], [32.84912, 39.8497], [32.84918, 39.84958], [32.84916, 39.84957], [32.84918, 39.84954], [32.84915, 39.84953], [32.84916, 39.84952], [32.84898, 39.84946], [32.84897, 39.84948], [32.84894, 39.84947], [32.84893, 39.8495], [32.84891, 39.8495], [32.84885, 39.84961], [32.84887, 39.84962], [32.84885, 39.84965], [32.84888, 39.84966], [32.84887, 39.84968], [32.84905, 39.84973]]]}}, {"type": "Feature", "properties": {}, "geometry": {"type": "Polygon", "coordinates": [[[32.85193, 39.85053], [32.85192, 39.85051], [32.85195, 39.85051], [32.85194, 39.85048], [32.85196, 39.85047], [32.85192, 39.85035], [32.8519, 39.85035], [32.85189, 39.85032], [32.85186, 39.85033], [32.85186, 39.85031], [32.85167, 39.85034], [32.85168, 39.85036], [32.85165, 39.85037], [32.85166, 39.8504], [32.85164, 39.85041], [32.85168, 39.85053], [32.8517, 39.85052], [32.85171, 39.85056], [32.85174, 39.85055], [32.85175, 39.85057], [32.85193, 39.85053]]]}}, {"type": "Feature", "properties": {}, "geometry": {"type": "Polygon", "coordinates": [[[32.85004, 39.85246], [32.85005, 39.85245], [32.85008, 39.85246], [32.8501, 39.85242], [32.85012, 39.85243], [32.85017, 39.85231], [32.85015, 39.85231], [32.85017, 39.85227], [32.85014, 39.85227], [32.85015, 39.85225], [32.84997, 39.8522], [32.84996, 39.85222], [32.84993, 39.85221], [32.84992, 39.85224], [32.84989, 39.85223], [32.84984, 39.85235], [32.84986, 39.85236], [32.84985, 39.85239], [32.84987, 39.8524], [32.84987, 39.85241], [32.85004, 39.85246]]]}}, {"type": "Feature", "properties": {}, "geometry": {"type": "Polygon", "coordinates": [[[32.84541, 39.84962], [32.84543, 39.84961], [32.84544, 39.84963], [32.84548, 39.84963], [32.84549, 39.84964], [32.84565, 39.84961], [32.84564, 39.84959], [32.84569, 39.84959], [32.84568, 39.84956], [32.8457, 39.84956], [32.84565, 39.84942], [32.84563, 39.84942], [32.84562, 39.8494], [32.84558, 39.84941], [32.84557, 39.84939], [32.84542, 39.84942], [32.84542, 39.84944], [32.84538, 39.84945], [32.84539, 39.84947], [32.84536, 39.84947], [32.84541, 39.84962]]]}}, {"type": "Feature", "properties": {}, "geometry": {"type": "Polygon", "coordinates": [[[32.85003, 39.85178], [32.85004, 39.85176], [32.85007, 39.85177], [32.85008, 39.85174], [32.85011, 39.85175], [32.85017, 39.85163], [32.85014, 39.85162], [32.85016, 39.85159], [32.85013, 39.85158], [32.85014, 39.85157], [32.84996, 39.85151], [32.84996, 39.85153], [32.84993, 39.85152], [32.84991, 39.85155], [32.84989, 39.85155], [32.84983, 39.85166], [32.84985, 39.85167], [32.84983, 39.8517], [32.84986, 39.85171], [32.84985, 39.85173], [32.85003, 39.85178]]]}}, {"type": "Feature", "properties": {}, "geometry": {"type": "Polygon", "coordinates": [[[32.84735, 39.84836], [32.84738, 39.84835], [32.84738, 39.84838], [32.84743, 39.84837], [32.84743, 39.84839], [32.84759, 39.84836], [32.84759, 39.84834], [32.84763, 39.84833], [32.84762, 39.84831], [32.84765, 39.84831], [32.8476, 39.84816], [32.84758, 39.84817], [32.84757, 39.84814], [32.84753, 39.84815], [32.84752, 39.84814], [32.84737, 39.84816], [32.84737, 39.84818], [32.84733, 39.84819], [32.84733, 39.84821], [32.84731, 39.84822], [32.84735, 39.84836]]]}}, {"type": "Feature", "properties": {}, "geometry": {"type": "Polygon", "coordinates": [[[32.8515, 39.85195], [32.85151, 39.85193], [32.85154, 39.85194], [32.85155, 39.85191], [32.85158, 39.85192], [32.85163, 39.8518], [32.85161, 39.85179], [32.85163, 39.85176], [32.8516, 39.85175], [32.8516, 39.85173], [32.85143, 39.85169], [32.85142, 39.8517], [32.85139, 39.85169], [32.85137, 39.85173], [32.85135, 39.85172], [32.8513, 39.85184], [32.85132, 39.85184], [32.8513, 39.85188], [32.85133, 39.85188], [32.85132, 39.8519], [32.8515, 39.85195]]]}}, {"type": "Feature", "properties": {}, "geometry": {"type": "Polygon", "coordinates": [[[32.84372, 39.84888], [32.84374, 39.84887], [32.84375, 39.8489], [32.84379, 39.84889], [32.8438, 39.84891], [32.84396, 39.84887], [32.84395, 39.84886], [32.84399, 39.84885], [32.84399, 39.84882], [32.84401, 39.84882], [32.84396, 39.84868], [32.84394, 39.84868], [32.84393, 39.84866], [32.84389, 39.84867], [32.84388, 39.84865], [32.84372, 39.84869], [32.84373, 39.8487], [32.84369, 39.84871], [32.84369, 39.84873], [32.84367, 39.84874], [32.84372, 39.84888]]]}}, {"type": "Feature", "properties": {}, "geometry": {"type": "Polygon", "coordinates": [[[32.84499, 39.84942], [32.84501, 39.84942], [32.84502, 39.84944], [32.84506, 39.84943], [32.84507, 39.84945], [32.84523, 39.84941], [32.84522, 39.84939], [32.84526, 39.84938], [32.84525, 39.84936], [32.84528, 39.84935], [32.84522, 39.84922], [32.8452, 39.84922], [32.84519, 39.8492], [32.84514, 39.84921], [32.84514, 39.84919], [32.84498, 39.84923], [32.84499, 39.84925], [32.84495, 39.84926], [32.84495, 39.84928], [32.84493, 39.84928], [32.84499, 39.84942]]]}}, {"type": "Feature", "properties": {}, "geometry": {"type": "Polygon", "coordinates": [[[32.84969, 39.85044], [32.8497, 39.85042], [32.84972, 39.85043], [32.84974, 39.85039], [32.84976, 39.8504], [32.84982, 39.85029], [32.8498, 39.85028], [32.84982, 39.85025], [32.84979, 39.85024], [32.8498, 39.85022], [32.84962, 39.85017], [32.84961, 39.85018], [32.84958, 39.85018], [32.84957, 39.85021], [32.84955, 39.8502], [32.84949, 39.85032], [32.84951, 39.85032], [32.84949, 39.85036], [32.84952, 39.85036], [32.84951, 39.85038], [32.84969, 39.85044]]]}}, {"type": "Feature", "properties": {}, "geometry": {"type": "Polygon", "coordinates": [[[32.84588, 39.84543], [32.84587, 39.84545], [32.84593, 39.84547], [32.84593, 39.84546], [32.84597, 39.84547], [32.84597, 39.84546], [32.84603, 39.84548], [32.84609, 39.84537], [32.84604, 39.84535], [32.84604, 39.84535], [32.84595, 39.84531], [32.84594, 39.84533], [32.8459, 39.84532], [32.84591, 39.8453], [32.84582, 39.84527], [32.84582, 39.84527], [32.84576, 39.84526], [32.8457, 39.84536], [32.84575, 39.84538], [32.84574, 39.84539], [32.84578, 39.8454], [32.84578, 39.84541], [32.84583, 39.84543], [32.84584, 39.84541], [32.84584, 39.84542], [32.84584, 39.84542], [32.84584, 39.84543], [32.84584, 39.84543], [32.84585, 39.84543], [32.84585, 39.84544], [32.84586, 39.84544], [32.84586, 39.84544], [32.84587, 39.84544], [32.84588, 39.84543], [32.84588, 39.84543], [32.84588, 39.84543]]]}}, {"type": "Feature", "properties": {}, "geometry": {"type": "Polygon", "coordinates": [[[32.84631, 39.84558], [32.8463, 39.8456], [32.84635, 39.84562], [32.84636, 39.84561], [32.8464, 39.84563], [32.8464, 39.84561], [32.84645, 39.84563], [32.84652, 39.84553], [32.84647, 39.84551], [32.84647, 39.8455], [32.84638, 39.84547], [32.84637, 39.84548], [32.84633, 39.84547], [32.84634, 39.84545], [32.84625, 39.84542], [32.84624, 39.84543], [32.84619, 39.84541], [32.84613, 39.84552], [32.84618, 39.84554], [32.84617, 39.84555], [32.84621, 39.84556], [32.8462, 39.84557], [32.84626, 39.84559], [32.84627, 39.84557], [32.84627, 39.84557], [32.84627, 39.84558], [32.84627, 39.84558], [32.84627, 39.84558], [32.84628, 39.84559], [32.84628, 39.84559], [32.84629, 39.84559], [32.84629, 39.84559], [32.8463, 39.84559], [32.8463, 39.84559], [32.84631, 39.84559], [32.84631, 39.84558]]]}}, {"type": "Feature", "properties": {}, "geometry": {"type": "Polygon", "coordinates": [[[32.84985, 39.84812], [32.8501, 39.84805], [32.85004, 39.84794], [32.84979, 39.84801], [32.84985, 39.84812]]]}}, {"type": "Feature", "properties": {}, "geometry": {"type": "Polygon", "coordinates": [[[32.8441, 39.84839], [32.84428, 39.84845], [32.84435, 39.84834], [32.84417, 39.84827], [32.8441, 39.84839]]]}}, {"type": "Feature", "properties": {}, "geometry": {"type": "Polygon", "coordinates": [[[32.8453, 39.84881], [32.84548, 39.84887], [32.84555, 39.84876], [32.84537, 39.8487], [32.8453, 39.84881]]]}}, {"type": "Feature", "properties": {}, "geometry": {"type": "Polygon", "coordinates": [[[32.84526, 39.8461], [32.84544, 39.84617], [32.84551, 39.84605], [32.84533, 39.84599], [32.84526, 39.8461]]]}}, {"type": "Feature", "properties": {}, "geometry": {"type": "Polygon", "coordinates": [[[32.84522, 39.84822], [32.8454, 39.84829], [32.84547, 39.84818], [32.84528, 39.84811], [32.84522, 39.84822]]]}}, {"type": "Feature", "properties": {}, "geometry": {"type": "Polygon", "coordinates": [[[32.84437, 39.84758], [32.84455, 39.84764], [32.84462, 39.84753], [32.84444, 39.84747], [32.84437, 39.84758]]]}}, {"type": "Feature", "properties": {}, "geometry": {"type": "Polygon", "coordinates": [[[32.84392, 39.84832], [32.8441, 39.84839], [32.84417, 39.84827], [32.84399, 39.84821], [32.84392, 39.84832]]]}}, {"type": "Feature", "properties": {}, "geometry": {"type": "Polygon", "coordinates": [[[32.84601, 39.84762], [32.84619, 39.84769], [32.84626, 39.84757], [32.84608, 39.84751], [32.84601, 39.84762]]]}}, {"type": "Feature", "properties": {}, "geometry": {"type": "Polygon", "coordinates": [[[32.84481, 39.84684], [32.84499, 39.84691], [32.84506, 39.8468], [32.84488, 39.84673], [32.84481, 39.84684]]]}}, {"type": "Feature", "properties": {}, "geometry": {"type": "Polygon", "coordinates": [[[32.84415, 39.84795], [32.84433, 39.84801], [32.8444, 39.8479], [32.84421, 39.84783], [32.84415, 39.84795]]]}}, {"type": "Feature", "properties": {}, "geometry": {"type": "Polygon", "coordinates": [[[32.84478, 39.84727], [32.84496, 39.84733], [32.84503, 39.84722], [32.84484, 39.84716], [32.84478, 39.84727]]]}}, {"type": "Feature", "properties": {}, "geometry": {"type": "Polygon", "coordinates": [[[32.84822, 39.84643], [32.84829, 39.84651], [32.84842, 39.84664], [32.84875, 39.84644], [32.84854, 39.84624], [32.84822, 39.84643]]]}}, {"type": "Feature", "properties": {}, "geometry": {"type": "Polygon", "coordinates": [[[32.84536, 39.84704], [32.84554, 39.8471], [32.84561, 39.84699], [32.84542, 39.84693], [32.84536, 39.84704]]]}}, {"type": "Feature", "properties": {}, "geometry": {"type": "Polygon", "coordinates": [[[32.85225, 39.84873], [32.85231, 39.84887], [32.85252, 39.84882], [32.85246, 39.84868], [32.85225, 39.84873]]]}}, {"type": "Feature", "properties": {}, "geometry": {"type": "Polygon", "coordinates": [[[32.84963, 39.84737], [32.84976, 39.84751], [32.85002, 39.84735], [32.84989, 39.84722], [32.84963, 39.84737]]]}}, {"type": "Feature", "properties": {}, "geometry": {"type": "Polygon", "coordinates": [[[32.84512, 39.84875], [32.8453, 39.84881], [32.84537, 39.8487], [32.84519, 39.84863], [32.84512, 39.84875]]]}}, {"type": "Feature", "properties": {}, "geometry": {"type": "Polygon", "coordinates": [[[32.84558, 39.84666], [32.84577, 39.84673], [32.84583, 39.84662], [32.84565, 39.84655], [32.84558, 39.84666]]]}}, {"type": "Feature", "properties": {}, "geometry": {"type": "Polygon", "coordinates": [[[32.84459, 39.8472], [32.84478, 39.84727], [32.84484, 39.84716], [32.84466, 39.84709], [32.84459, 39.8472]]]}}, {"type": "Feature", "properties": {}, "geometry": {"type": "Polygon", "coordinates": [[[32.8458, 39.84809], [32.84598, 39.84815], [32.84605, 39.84804], [32.84587, 39.84798], [32.8458, 39.84809]]]}}, {"type": "Feature", "properties": {}, "geometry": {"type": "Polygon", "coordinates": [[[32.84583, 39.84756], [32.84601, 39.84762], [32.84608, 39.84751], [32.8459, 39.84744], [32.84583, 39.84756]]]}}, {"type": "Feature", "properties": {}, "geometry": {"type": "Polygon", "coordinates": [[[32.84518, 39.84697], [32.84536, 39.84704], [32.84542, 39.84693], [32.84524, 39.84686], [32.84518, 39.84697]]]}}, {"type": "Feature", "properties": {}, "geometry": {"type": "Polygon", "coordinates": [[[32.84581, 39.84629], [32.84599, 39.84636], [32.84606, 39.84625], [32.84587, 39.84618], [32.84581, 39.84629]]]}}, {"type": "Feature", "properties": {}, "geometry": {"type": "Polygon", "coordinates": [[[32.85183, 39.84847], [32.85189, 39.84862], [32.85209, 39.84857], [32.85203, 39.84842], [32.85183, 39.84847]]]}}, {"type": "Feature", "properties": {}, "geometry": {"type": "Polygon", "coordinates": [[[32.84576, 39.84842], [32.84594, 39.84848], [32.84601, 39.84837], [32.84583, 39.84831], [32.84576, 39.84842]]]}}, {"type": "Feature", "properties": {}, "geometry": {"type": "Polygon", "coordinates": [[[32.85243, 39.84903], [32.85249, 39.84918], [32.85269, 39.84913], [32.85263, 39.84898], [32.85243, 39.84903]]]}}, {"type": "Feature", "properties": {}, "geometry": {"type": "Polygon", "coordinates": [[[32.84491, 39.84777], [32.8451, 39.84784], [32.84516, 39.84772], [32.84498, 39.84766], [32.84491, 39.84777]]]}}, {"type": "Feature", "properties": {}, "geometry": {"type": "Polygon", "coordinates": [[[32.85283, 39.84967], [32.85289, 39.84982], [32.8531, 39.84976], [32.85303, 39.84962], [32.85283, 39.84967]]]}}, {"type": "Feature", "properties": {}, "geometry": {"type": "Polygon", "coordinates": [[[32.84494, 39.84868], [32.84512, 39.84875], [32.84519, 39.84863], [32.84501, 39.84857], [32.84494, 39.84868]]]}}, {"type": "Feature", "properties": {}, "geometry": {"type": "Polygon", "coordinates": [[[32.8454, 39.8466], [32.84558, 39.84666], [32.84565, 39.84655], [32.84547, 39.84649], [32.8454, 39.8466]]]}}, {"type": "Feature", "properties": {}, "geometry": {"type": "Polygon", "coordinates": [[[32.84469, 39.84814], [32.84487, 39.84821], [32.84494, 39.84809], [32.84476, 39.84803], [32.84469, 39.84814]]]}}, {"type": "Feature", "properties": {}, "geometry": {"type": "Polygon", "coordinates": [[[32.84918, 39.84739], [32.84951, 39.84771], [32.84966, 39.84762], [32.84934, 39.8473], [32.84918, 39.84739]]]}}, {"type": "Feature", "properties": {}, "geometry": {"type": "Polygon", "coordinates": [[[32.84562, 39.84802], [32.8458, 39.84809], [32.84587, 39.84798], [32.84569, 39.84791], [32.84562, 39.84802]]]}}, {"type": "Feature", "properties": {}, "geometry": {"type": "Polygon", "coordinates": [[[32.84565, 39.84749], [32.84583, 39.84756], [32.8459, 39.84744], [32.84571, 39.84738], [32.84565, 39.84749]]]}}, {"type": "Feature", "properties": {}, "geometry": {"type": "Polygon", "coordinates": [[[32.84446, 39.84852], [32.84464, 39.84858], [32.84471, 39.84847], [32.84453, 39.8484], [32.84446, 39.84852]]]}}, {"type": "Feature", "properties": {}, "geometry": {"type": "Polygon", "coordinates": [[[32.85139, 39.84822], [32.85145, 39.84836], [32.85165, 39.84831], [32.85159, 39.84817], [32.85139, 39.84822]]]}}, {"type": "Feature", "properties": {}, "geometry": {"type": "Polygon", "coordinates": [[[32.84499, 39.84691], [32.84518, 39.84697], [32.84524, 39.84686], [32.84506, 39.8468], [32.84499, 39.84691]]]}}, {"type": "Feature", "properties": {}, "geometry": {"type": "Polygon", "coordinates": [[[32.84562, 39.84623], [32.84581, 39.84629], [32.84587, 39.84618], [32.84569, 39.84612], [32.84562, 39.84623]]]}}, {"type": "Feature", "properties": {}, "geometry": {"type": "Polygon", "coordinates": [[[32.84558, 39.84835], [32.84576, 39.84842], [32.84583, 39.84831], [32.84565, 39.84824], [32.84558, 39.84835]]]}}, {"type": "Feature", "properties": {}, "geometry": {"type": "Polygon", "coordinates": [[[32.84473, 39.84771], [32.84491, 39.84777], [32.84498, 39.84766], [32.8448, 39.84759], [32.84473, 39.84771]]]}}, {"type": "Feature", "properties": {}, "geometry": {"type": "Polygon", "coordinates": [[[32.84522, 39.84653], [32.8454, 39.8466], [32.84547, 39.84649], [32.84529, 39.84642], [32.84522, 39.84653]]]}}, {"type": "Feature", "properties": {}, "geometry": {"type": "Polygon", "coordinates": [[[32.84451, 39.84808], [32.84469, 39.84814], [32.84476, 39.84803], [32.84458, 39.84796], [32.84451, 39.84808]]]}}, {"type": "Feature", "properties": {}, "geometry": {"type": "Polygon", "coordinates": [[[32.85282, 39.8493], [32.85288, 39.84945], [32.85309, 39.8494], [32.85302, 39.84925], [32.85282, 39.8493]]]}}, {"type": "Feature", "properties": {}, "geometry": {"type": "Polygon", "coordinates": [[[32.84514, 39.8474], [32.84532, 39.84746], [32.84539, 39.84735], [32.84521, 39.84729], [32.84514, 39.8474]]]}}, {"type": "Feature", "properties": {}, "geometry": {"type": "Polygon", "coordinates": [[[32.84544, 39.84796], [32.84562, 39.84802], [32.84569, 39.84791], [32.84551, 39.84785], [32.84544, 39.84796]]]}}, {"type": "Feature", "properties": {}, "geometry": {"type": "Polygon", "coordinates": [[[32.85105, 39.84794], [32.85111, 39.84808], [32.85131, 39.84803], [32.85125, 39.84789], [32.85105, 39.84794]]]}}, {"type": "Feature", "properties": {}, "geometry": {"type": "Polygon", "coordinates": [[[32.84428, 39.84845], [32.84446, 39.84852], [32.84453, 39.8484], [32.84435, 39.84834], [32.84428, 39.84845]]]}}, {"type": "Feature", "properties": {}, "geometry": {"type": "Polygon", "coordinates": [[[32.84544, 39.84617], [32.84562, 39.84623], [32.84569, 39.84612], [32.84551, 39.84605], [32.84544, 39.84617]]]}}, {"type": "Feature", "properties": {}, "geometry": {"type": "Polygon", "coordinates": [[[32.8454, 39.84829], [32.84558, 39.84835], [32.84565, 39.84824], [32.84547, 39.84818], [32.8454, 39.84829]]]}}, {"type": "Feature", "properties": {}, "geometry": {"type": "Polygon", "coordinates": [[[32.84455, 39.84764], [32.84473, 39.84771], [32.8448, 39.84759], [32.84462, 39.84753], [32.84455, 39.84764]]]}}, {"type": "Feature", "properties": {}, "geometry": {"type": "Polygon", "coordinates": [[[32.84504, 39.84647], [32.84522, 39.84653], [32.84529, 39.84642], [32.84511, 39.84636], [32.84504, 39.84647]]]}}, {"type": "Feature", "properties": {}, "geometry": {"type": "Polygon", "coordinates": [[[32.85029, 39.84764], [32.85054, 39.84758], [32.85049, 39.84746], [32.85024, 39.84753], [32.85029, 39.84764]]]}}, {"type": "Feature", "properties": {}, "geometry": {"type": "Polygon", "coordinates": [[[32.84619, 39.84769], [32.84637, 39.84775], [32.84644, 39.84764], [32.84626, 39.84757], [32.84619, 39.84769]]]}}, {"type": "Feature", "properties": {}, "geometry": {"type": "Polygon", "coordinates": [[[32.85282, 39.8501], [32.85289, 39.85025], [32.85309, 39.85019], [32.85302, 39.85005], [32.85282, 39.8501]]]}}, {"type": "Feature", "properties": {}, "geometry": {"type": "Polygon", "coordinates": [[[32.84433, 39.84801], [32.84451, 39.84808], [32.84458, 39.84796], [32.8444, 39.8479], [32.84433, 39.84801]]]}}, {"type": "Feature", "properties": {}, "geometry": {"type": "Polygon", "coordinates": [[[32.84496, 39.84733], [32.84514, 39.8474], [32.84521, 39.84729], [32.84503, 39.84722], [32.84496, 39.84733]]]}}, {"type": "Feature", "properties": {}, "geometry": {"type": "Polygon", "coordinates": [[[32.85145, 39.84784], [32.85148, 39.8479], [32.85147, 39.8479], [32.85148, 39.84792], [32.85149, 39.84792], [32.85152, 39.84798], [32.85131, 39.84803], [32.85125, 39.84789], [32.85145, 39.84784]]]}}, {"type": "Feature", "properties": {}, "geometry": {"type": "Polygon", "coordinates": [[[32.85205, 39.84878], [32.85208, 39.84884], [32.85208, 39.84884], [32.85209, 39.84886], [32.85208, 39.84886], [32.85211, 39.84892], [32.85231, 39.84887], [32.85225, 39.84873], [32.85205, 39.84878]]]}}, {"type": "Feature", "properties": {}, "geometry": {"type": "Polygon", "coordinates": [[[32.84644, 39.8474], [32.84652, 39.84728], [32.8463, 39.84719], [32.84622, 39.84731], [32.84631, 39.84735], [32.84632, 39.84734], [32.84635, 39.84735], [32.84635, 39.84736], [32.84644, 39.8474]]]}}, {"type": "Feature", "properties": {}, "geometry": {"type": "Polygon", "coordinates": [[[32.85179, 39.84812], [32.85182, 39.84818], [32.85181, 39.84818], [32.85182, 39.8482], [32.85183, 39.8482], [32.85185, 39.84826], [32.85165, 39.84831], [32.85159, 39.84817], [32.85179, 39.84812]]]}}, {"type": "Feature", "properties": {}, "geometry": {"type": "Polygon", "coordinates": [[[32.84604, 39.84589], [32.84604, 39.84589], [32.84612, 39.84592], [32.84619, 39.8458], [32.84599, 39.84572], [32.84591, 39.84585], [32.84599, 39.84588], [32.846, 39.84587], [32.84604, 39.84589]]]}}, {"type": "Feature", "properties": {}, "geometry": {"type": "Polygon", "coordinates": [[[32.85077, 39.84746], [32.85078, 39.84746], [32.8508, 39.84751], [32.85054, 39.84758], [32.85049, 39.84746], [32.85075, 39.8474], [32.85077, 39.84745], [32.85076, 39.84745], [32.85077, 39.84746]]]}}, {"type": "Feature", "properties": {}, "geometry": {"type": "Polygon", "coordinates": [[[32.85322, 39.84999], [32.85325, 39.85005], [32.85324, 39.85006], [32.85325, 39.85007], [32.85326, 39.85007], [32.85329, 39.85013], [32.85309, 39.85019], [32.85302, 39.85005], [32.85322, 39.84999]]]}}, {"type": "Feature", "properties": {}, "geometry": {"type": "Polygon", "coordinates": [[[32.85262, 39.84936], [32.85265, 39.84942], [32.85265, 39.84942], [32.85266, 39.84943], [32.85265, 39.84944], [32.85268, 39.8495], [32.85288, 39.84945], [32.85282, 39.8493], [32.85262, 39.84936]]]}}, {"type": "Feature", "properties": {}, "geometry": {"type": "Polygon", "coordinates": [[[32.85162, 39.84852], [32.85165, 39.84859], [32.85166, 39.84858], [32.85167, 39.8486], [32.85166, 39.84861], [32.85168, 39.84867], [32.85189, 39.84862], [32.85183, 39.84847], [32.85162, 39.84852]]]}}, {"type": "Feature", "properties": {}, "geometry": {"type": "Polygon", "coordinates": [[[32.85222, 39.84908], [32.85225, 39.84915], [32.85226, 39.84914], [32.85227, 39.84916], [32.85226, 39.84916], [32.85228, 39.84923], [32.85249, 39.84918], [32.85243, 39.84903], [32.85222, 39.84908]]]}}, {"type": "Feature", "properties": {}, "geometry": {"type": "Polygon", "coordinates": [[[32.85263, 39.84973], [32.85266, 39.84979], [32.85266, 39.84979], [32.85267, 39.84981], [32.85266, 39.84981], [32.85269, 39.84987], [32.85289, 39.84982], [32.85283, 39.84967], [32.85263, 39.84973]]]}}, {"type": "Feature", "properties": {}, "geometry": {"type": "Polygon", "coordinates": [[[32.84563, 39.84574], [32.84563, 39.84574], [32.84571, 39.84577], [32.84578, 39.84565], [32.84558, 39.84557], [32.8455, 39.8457], [32.84558, 39.84573], [32.84559, 39.84572], [32.84563, 39.84574]]]}}, {"type": "Feature", "properties": {}, "geometry": {"type": "Polygon", "coordinates": [[[32.85118, 39.84827], [32.85121, 39.84833], [32.85122, 39.84833], [32.85123, 39.84835], [32.85122, 39.84835], [32.85125, 39.84841], [32.85145, 39.84836], [32.85139, 39.84822], [32.85118, 39.84827]]]}}, {"type": "Feature", "properties": {}, "geometry": {"type": "Polygon", "coordinates": [[[32.84584, 39.84581], [32.84583, 39.84582], [32.84591, 39.84585], [32.84599, 39.84572], [32.84578, 39.84565], [32.84571, 39.84577], [32.84579, 39.8458], [32.84579, 39.84579], [32.84584, 39.84581]]]}}, {"type": "Feature", "properties": {}, "geometry": {"type": "Polygon", "coordinates": [[[32.85266, 39.84863], [32.85268, 39.84869], [32.85268, 39.84869], [32.85268, 39.84871], [32.85269, 39.84871], [32.85272, 39.84877], [32.85252, 39.84882], [32.85246, 39.84868], [32.85266, 39.84863]]]}}, {"type": "Feature", "properties": {}, "geometry": {"type": "Polygon", "coordinates": [[[32.84605, 39.84724], [32.84613, 39.84712], [32.84591, 39.84703], [32.84583, 39.84715], [32.84592, 39.84719], [32.84593, 39.84718], [32.84596, 39.8472], [32.84596, 39.84721], [32.84605, 39.84724]]]}}, {"type": "Feature", "properties": {}, "geometry": {"type": "Polygon", "coordinates": [[[32.85032, 39.84793], [32.85033, 39.84793], [32.85035, 39.84797], [32.8501, 39.84805], [32.85004, 39.84794], [32.85029, 39.84786], [32.85032, 39.84791], [32.85031, 39.84791], [32.85032, 39.84793]]]}}, {"type": "Feature", "properties": {}, "geometry": {"type": "Polygon", "coordinates": [[[32.85085, 39.84799], [32.85087, 39.84806], [32.85088, 39.84805], [32.85089, 39.84807], [32.85088, 39.84807], [32.85091, 39.84814], [32.85111, 39.84808], [32.85105, 39.84794], [32.85085, 39.84799]]]}}, {"type": "Feature", "properties": {}, "geometry": {"type": "Polygon", "coordinates": [[[32.85223, 39.84837], [32.85226, 39.84844], [32.85225, 39.84844], [32.85226, 39.84846], [32.85227, 39.84845], [32.85229, 39.84852], [32.85209, 39.84857], [32.85203, 39.84842], [32.85223, 39.84837]]]}}, {"type": "Feature", "properties": {}, "geometry": {"type": "Polygon", "coordinates": [[[32.85283, 39.84893], [32.85286, 39.849], [32.85285, 39.849], [32.85286, 39.84902], [32.85287, 39.84901], [32.85289, 39.84908], [32.85269, 39.84913], [32.85263, 39.84898], [32.85283, 39.84893]]]}}, {"type": "Feature", "properties": {}, "geometry": {"type": "Polygon", "coordinates": [[[32.85323, 39.84957], [32.85326, 39.84963], [32.85325, 39.84963], [32.85326, 39.84965], [32.85327, 39.84965], [32.8533, 39.84971], [32.8531, 39.84976], [32.85303, 39.84962], [32.85323, 39.84957]]]}}, {"type": "Feature", "properties": {}, "geometry": {"type": "Polygon", "coordinates": [[[32.85002, 39.84766], [32.85001, 39.84766], [32.85003, 39.84771], [32.85029, 39.84764], [32.85024, 39.84753], [32.84999, 39.8476], [32.85001, 39.84764], [32.85001, 39.84764], [32.85002, 39.84766]]]}}, {"type": "Feature", "properties": {}, "geometry": {"type": "Polygon", "coordinates": [[[32.85262, 39.85016], [32.85265, 39.85022], [32.85266, 39.85022], [32.85267, 39.85024], [32.85266, 39.85024], [32.85269, 39.8503], [32.85289, 39.85025], [32.85282, 39.8501], [32.85262, 39.85016]]]}}, {"type": "Feature", "properties": {}, "geometry": {"type": "Polygon", "coordinates": [[[32.84958, 39.84814], [32.84957, 39.84814], [32.84959, 39.84819], [32.84985, 39.84812], [32.84979, 39.84801], [32.84954, 39.84808], [32.84956, 39.84813], [32.84957, 39.84812], [32.84958, 39.84814]]]}}, {"type": "Feature", "properties": {}, "geometry": {"type": "Polygon", "coordinates": [[[32.85323, 39.8492], [32.85325, 39.84926], [32.85324, 39.84927], [32.85325, 39.84928], [32.85326, 39.84928], [32.85329, 39.84934], [32.85309, 39.8494], [32.85302, 39.84925], [32.85323, 39.8492]]]}}, {"type": "Feature", "properties": {}, "geometry": {"type": "Polygon", "coordinates": [[[32.8535, 39.84845], [32.85339, 39.84853], [32.85341, 39.84855], [32.85339, 39.84856], [32.85331, 39.84849], [32.85318, 39.84859], [32.8534, 39.84877], [32.85352, 39.84867], [32.85344, 39.8486], [32.85346, 39.84859], [32.85348, 39.84861], [32.85359, 39.84853], [32.8535, 39.84845]]]}}, {"type": "Feature", "properties": {}, "geometry": {"type": "Polygon", "coordinates": [[[32.85372, 39.84863], [32.85361, 39.84871], [32.85362, 39.84873], [32.85361, 39.84874], [32.85352, 39.84867], [32.8534, 39.84877], [32.85361, 39.84894], [32.85374, 39.84885], [32.85366, 39.84878], [32.85368, 39.84877], [32.8537, 39.84878], [32.85381, 39.8487], [32.85372, 39.84863]]]}}, {"type": "Feature", "properties": {}, "geometry": {"type": "Polygon", "coordinates": [[[32.84666, 39.84683], [32.84699, 39.84676], [32.847, 39.84679], [32.84712, 39.84676], [32.84711, 39.84674], [32.84717, 39.84663], [32.84723, 39.84662], [32.8472, 39.84652], [32.84716, 39.84653], [32.84708, 39.84628], [32.84689, 39.84632], [32.84699, 39.84661], [32.84661, 39.84668], [32.84666, 39.84683]]]}}, {"type": "Feature", "properties": {}, "geometry": {"type": "Polygon", "coordinates": [[[32.84803, 39.84703], [32.84776, 39.84746], [32.84756, 39.84739], [32.84753, 39.84744], [32.84747, 39.84742], [32.84744, 39.84747], [32.84738, 39.84745], [32.84742, 39.8474], [32.84718, 39.84731], [32.84728, 39.84715], [32.84744, 39.84689], [32.84767, 39.84698], [32.84763, 39.84703], [32.8476, 39.84702], [32.84749, 39.84718], [32.84766, 39.84725], [32.84784, 39.84696], [32.84803, 39.84703]]]}}, {"type": "Feature", "properties": {}, "geometry": {"type": "Polygon", "coordinates": [[[32.84794, 39.84748], [32.84804, 39.84751], [32.84802, 39.84753], [32.84809, 39.84756], [32.8481, 39.84754], [32.84814, 39.84755], [32.8483, 39.84729], [32.84834, 39.84731], [32.84833, 39.84732], [32.84847, 39.84738], [32.84851, 39.84732], [32.84837, 39.84726], [32.84837, 39.84725], [32.84815, 39.84717], [32.8481, 39.84723], [32.84817, 39.84726], [32.84817, 39.84727], [32.8481, 39.84724], [32.84794, 39.84748]]]}}, {"type": "Feature", "properties": {}, "geometry": {"type": "Polygon", "coordinates": [[[32.84718, 39.84731], [32.84728, 39.84715], [32.84703, 39.84705], [32.84693, 39.84721], [32.84718, 39.84731]]]}}, {"type": "Feature", "properties": {}, "geometry": {"type": "Polygon", "coordinates": [[[32.84831, 39.84766], [32.84843, 39.84774], [32.84862, 39.84755], [32.84851, 39.84748], [32.84831, 39.84766]]]}}, {"type": "Feature", "properties": {}, "geometry": {"type": "Polygon", "coordinates": [[[32.84664, 39.84617], [32.84675, 39.84599], [32.8466, 39.84594], [32.84649, 39.84611], [32.84664, 39.84617]]]}}, {"type": "Feature", "properties": {}, "geometry": {"type": "Polygon", "coordinates": [[[32.85096, 39.84702], [32.85138, 39.84669], [32.85162, 39.84688], [32.85119, 39.8472], [32.85096, 39.84702]]]}}, {"type": "Feature", "properties": {}, "geometry": {"type": "Polygon", "coordinates": [[[32.81949, 39.85252], [32.81983, 39.85252], [32.81983, 39.85232], [32.81948, 39.85232], [32.81949, 39.85252]]]}}, {"type": "Feature", "properties": {}, "geometry": {"type": "Polygon", "coordinates": [[[32.82285, 39.85493], [32.82308, 39.85498], [32.82332, 39.85442], [32.82319, 39.85439], [32.82317, 39.85444], [32.82307, 39.85441], [32.82285, 39.85493]]]}}, {"type": "Feature", "properties": {}, "geometry": {"type": "Polygon", "coordinates": [[[32.82068, 39.85265], [32.82084, 39.8525], [32.82068, 39.8524], [32.82052, 39.85255], [32.82068, 39.85265]]]}}, {"type": "Feature", "properties": {}, "geometry": {"type": "Polygon", "coordinates": [[[32.85296, 39.86506], [32.85306, 39.86493], [32.85349, 39.86513], [32.85339, 39.86526], [32.85296, 39.86506]]]}}, {"type": "Feature", "properties": {}, "geometry": {"type": "Polygon", "coordinates": [[[32.85174, 39.86812], [32.85184, 39.86796], [32.85206, 39.86804], [32.85196, 39.86821], [32.85174, 39.86812]]]}}, {"type": "Feature", "properties": {}, "geometry": {"type": "Polygon", "coordinates": [[[32.85209, 39.86853], [32.85219, 39.86839], [32.85242, 39.86849], [32.85232, 39.86863], [32.85209, 39.86853]]]}}, {"type": "Feature", "properties": {}, "geometry": {"type": "Polygon", "coordinates": [[[32.85224, 39.86832], [32.85234, 39.86818], [32.85254, 39.86827], [32.85244, 39.86841], [32.85224, 39.86832]]]}}, {"type": "Feature", "properties": {}, "geometry": {"type": "Polygon", "coordinates": [[[32.85197, 39.86777], [32.85218, 39.86785], [32.85209, 39.86798], [32.85188, 39.8679], [32.85197, 39.86777]]]}}, {"type": "Feature", "properties": {}, "geometry": {"type": "Polygon", "coordinates": [[[32.85067, 39.86711], [32.85086, 39.86695], [32.85113, 39.86713], [32.85094, 39.86729], [32.85067, 39.86711]]]}}, {"type": "Feature", "properties": {}, "geometry": {"type": "Polygon", "coordinates": [[[32.85038, 39.86775], [32.85051, 39.86756], [32.85067, 39.86763], [32.85054, 39.86782], [32.85038, 39.86775]]]}}, {"type": "Feature", "properties": {}, "geometry": {"type": "Polygon", "coordinates": [[[32.85062, 39.86786], [32.85075, 39.86768], [32.85092, 39.86776], [32.85079, 39.86793], [32.85062, 39.86786]]]}}, {"type": "Feature", "properties": {}, "geometry": {"type": "Polygon", "coordinates": [[[32.85013, 39.86763], [32.85021, 39.86755], [32.85017, 39.86752], [32.85025, 39.86744], [32.85028, 39.86745], [32.85036, 39.86737], [32.85052, 39.86746], [32.85028, 39.86771], [32.85013, 39.86763]]]}}, {"type": "Feature", "properties": {}, "geometry": {"type": "Polygon", "coordinates": [[[32.85086, 39.86796], [32.85099, 39.86778], [32.85116, 39.86785], [32.85103, 39.86803], [32.85086, 39.86796]]]}}, {"type": "Feature", "properties": {}, "geometry": {"type": "Polygon", "coordinates": [[[32.85112, 39.86808], [32.85127, 39.86786], [32.85146, 39.86793], [32.85131, 39.86815], [32.85112, 39.86808]]]}}, {"type": "Feature", "properties": {}, "geometry": {"type": "Polygon", "coordinates": [[[32.85122, 39.86772], [32.8513, 39.86759], [32.8516, 39.86771], [32.85151, 39.86784], [32.85122, 39.86772]]]}}, {"type": "Feature", "properties": {}, "geometry": {"type": "Polygon", "coordinates": [[[32.85132, 39.86754], [32.8514, 39.86741], [32.85171, 39.86753], [32.85163, 39.86766], [32.85132, 39.86754]]]}}, {"type": "Feature", "properties": {}, "geometry": {"type": "Polygon", "coordinates": [[[32.85174, 39.86686], [32.85188, 39.86672], [32.85215, 39.86688], [32.85201, 39.86702], [32.85174, 39.86686]]]}}, {"type": "Feature", "properties": {}, "geometry": {"type": "Polygon", "coordinates": [[[32.85128, 39.86436], [32.85143, 39.86426], [32.85162, 39.86443], [32.85147, 39.86453], [32.85128, 39.86436]]]}}, {"type": "Feature", "properties": {}, "geometry": {"type": "Polygon", "coordinates": [[[32.85152, 39.86417], [32.85167, 39.86408], [32.85186, 39.86425], [32.85171, 39.86435], [32.85152, 39.86417]]]}}, {"type": "Feature", "properties": {}, "geometry": {"type": "Polygon", "coordinates": [[[32.85246, 39.86409], [32.85268, 39.86393], [32.85283, 39.86406], [32.8526, 39.86421], [32.85246, 39.86409]]]}}, {"type": "Feature", "properties": {}, "geometry": {"type": "Polygon", "coordinates": [[[32.85274, 39.86368], [32.8529, 39.86361], [32.85308, 39.86384], [32.85291, 39.86392], [32.85274, 39.86368]]]}}, {"type": "Feature", "properties": {}, "geometry": {"type": "Polygon", "coordinates": [[[32.85547, 39.8673], [32.85544, 39.86719], [32.85549, 39.86714], [32.85556, 39.86716], [32.8556, 39.86728], [32.85554, 39.86732], [32.85547, 39.8673]]]}}, {"type": "Feature", "properties": {}, "geometry": {"type": "Polygon", "coordinates": [[[32.85677, 39.86859], [32.85694, 39.86849], [32.85708, 39.86864], [32.85691, 39.86874], [32.85677, 39.86859]]]}}, {"type": "Feature", "properties": {}, "geometry": {"type": "Polygon", "coordinates": [[[32.82531, 39.87075], [32.82538, 39.87069], [32.8254, 39.87071], [32.82544, 39.87068], [32.82542, 39.87067], [32.8255, 39.87061], [32.82576, 39.87082], [32.82568, 39.87087], [32.82566, 39.87086], [32.82564, 39.87088], [32.82566, 39.87089], [32.82556, 39.87096], [32.82531, 39.87075]]]}}, {"type": "Feature", "properties": {}, "geometry": {"type": "Polygon", "coordinates": [[[32.82467, 39.87022], [32.82473, 39.87015], [32.82475, 39.87017], [32.82478, 39.87014], [32.82476, 39.87012], [32.82483, 39.87005], [32.82513, 39.87023], [32.82506, 39.87029], [32.82504, 39.87028], [32.82502, 39.8703], [32.82504, 39.87031], [32.82497, 39.87039], [32.82467, 39.87022]]]}}, {"type": "Feature", "properties": {}, "geometry": {"type": "Polygon", "coordinates": [[[32.82496, 39.86995], [32.82502, 39.86988], [32.82504, 39.8699], [32.82507, 39.86987], [32.82505, 39.86985], [32.82512, 39.86978], [32.82542, 39.86996], [32.82535, 39.87002], [32.82533, 39.87001], [32.82531, 39.87003], [32.82534, 39.87004], [32.82526, 39.87012], [32.82496, 39.86995]]]}}, {"type": "Feature", "properties": {}, "geometry": {"type": "Polygon", "coordinates": [[[32.82532, 39.86952], [32.82538, 39.86946], [32.8254, 39.86947], [32.82543, 39.86944], [32.82541, 39.86943], [32.82548, 39.86936], [32.82577, 39.86953], [32.82571, 39.8696], [32.82569, 39.86959], [32.82567, 39.86961], [32.82569, 39.86962], [32.82562, 39.8697], [32.82532, 39.86952]]]}}, {"type": "Feature", "properties": {}, "geometry": {"type": "Polygon", "coordinates": [[[32.82596, 39.86955], [32.82605, 39.86959], [32.82603, 39.86961], [32.82607, 39.86963], [32.82609, 39.86961], [32.82619, 39.86965], [32.82599, 39.8699], [32.8259, 39.86985], [32.82591, 39.86984], [32.82588, 39.86983], [32.82587, 39.86985], [32.82576, 39.86979], [32.82596, 39.86955]]]}}, {"type": "Feature", "properties": {}, "geometry": {"type": "Polygon", "coordinates": [[[32.82611, 39.86996], [32.82616, 39.8699], [32.82619, 39.86991], [32.82621, 39.86988], [32.82619, 39.86986], [32.82625, 39.86979], [32.82657, 39.86994], [32.82651, 39.87001], [32.82649, 39.87], [32.82647, 39.87002], [32.8265, 39.87003], [32.82643, 39.87012], [32.82611, 39.86996]]]}}, {"type": "Feature", "properties": {}, "geometry": {"type": "Polygon", "coordinates": [[[32.82576, 39.87054], [32.82594, 39.87036], [32.8261, 39.87044], [32.82592, 39.87063], [32.82576, 39.87054]]]}}, {"type": "Feature", "properties": {}, "geometry": {"type": "Polygon", "coordinates": [[[32.81717, 39.85852], [32.81731, 39.85838], [32.81756, 39.85852], [32.81742, 39.85866], [32.81717, 39.85852]]]}}, {"type": "Feature", "properties": {}, "geometry": {"type": "Polygon", "coordinates": [[[32.81741, 39.85922], [32.81758, 39.85938], [32.8176, 39.85936], [32.81762, 39.85938], [32.81772, 39.85931], [32.81771, 39.85928], [32.8176, 39.85916], [32.81752, 39.85913], [32.81743, 39.85918], [32.81743, 39.8592], [32.81741, 39.85922]]]}}, {"type": "Feature", "properties": {}, "geometry": {"type": "Polygon", "coordinates": [[[32.82066, 39.86506], [32.82075, 39.86525], [32.82083, 39.86531], [32.821, 39.86516], [32.82077, 39.86503], [32.82066, 39.86506]]]}}, {"type": "Feature", "properties": {}, "geometry": {"type": "Polygon", "coordinates": [[[32.82049, 39.8647], [32.8206, 39.86452], [32.82079, 39.86459], [32.82068, 39.86477], [32.82049, 39.8647]]]}}, {"type": "Feature", "properties": {}, "geometry": {"type": "Polygon", "coordinates": [[[32.82071, 39.86482], [32.82084, 39.86466], [32.821, 39.86474], [32.82087, 39.8649], [32.82071, 39.86482]]]}}, {"type": "Feature", "properties": {}, "geometry": {"type": "Polygon", "coordinates": [[[32.8186, 39.85998], [32.81879, 39.85984], [32.81893, 39.85995], [32.81874, 39.86009], [32.8186, 39.85998]]]}}, {"type": "Feature", "properties": {}, "geometry": {"type": "Polygon", "coordinates": [[[32.81921, 39.8598], [32.81918, 39.85977], [32.81917, 39.85974], [32.81917, 39.85972], [32.81913, 39.8597], [32.81911, 39.85968], [32.81908, 39.85964], [32.81908, 39.85961], [32.81911, 39.85958], [32.81917, 39.85956], [32.81932, 39.85956], [32.8194, 39.85957], [32.81944, 39.8596], [32.81945, 39.85962], [32.81945, 39.85965], [32.81943, 39.85968], [32.8194, 39.85969], [32.81936, 39.85974], [32.81934, 39.85978], [32.81931, 39.8598], [32.81927, 39.85983], [32.81925, 39.85983], [32.81924, 39.85981], [32.81921, 39.8598]]]}}, {"type": "Feature", "properties": {}, "geometry": {"type": "Polygon", "coordinates": [[[32.8198, 39.85993], [32.81977, 39.85991], [32.81976, 39.85987], [32.81976, 39.85985], [32.81972, 39.85983], [32.8197, 39.85981], [32.81967, 39.85977], [32.81967, 39.85974], [32.8197, 39.85971], [32.81976, 39.85969], [32.81991, 39.8597], [32.81999, 39.85971], [32.82003, 39.85973], [32.82005, 39.85975], [32.82004, 39.85978], [32.82002, 39.85981], [32.81999, 39.85983], [32.81995, 39.85987], [32.81993, 39.85991], [32.8199, 39.85994], [32.81986, 39.85996], [32.81984, 39.85996], [32.81983, 39.85994], [32.8198, 39.85993]]]}}, {"type": "Feature", "properties": {}, "geometry": {"type": "Polygon", "coordinates": [[[32.82074, 39.85996], [32.82096, 39.86009], [32.82074, 39.86031], [32.82051, 39.86018], [32.82074, 39.85996]]]}}, {"type": "Feature", "properties": {}, "geometry": {"type": "Polygon", "coordinates": [[[32.82017, 39.86004], [32.82027, 39.85994], [32.82046, 39.86006], [32.82037, 39.86015], [32.82017, 39.86004]]]}}, {"type": "Feature", "properties": {}, "geometry": {"type": "Polygon", "coordinates": [[[32.81753, 39.86069], [32.81769, 39.86057], [32.81782, 39.86068], [32.81767, 39.8608], [32.81753, 39.86069]]]}}, {"type": "Feature", "properties": {}, "geometry": {"type": "Polygon", "coordinates": [[[32.81765, 39.86029], [32.81789, 39.86014], [32.81798, 39.86023], [32.81773, 39.86037], [32.81765, 39.86029]]]}}, {"type": "Feature", "properties": {}, "geometry": {"type": "Polygon", "coordinates": [[[32.81779, 39.86041], [32.81802, 39.86029], [32.81812, 39.86039], [32.81789, 39.86052], [32.81779, 39.86041]]]}}, {"type": "Feature", "properties": {}, "geometry": {"type": "Polygon", "coordinates": [[[32.81797, 39.86056], [32.81822, 39.8604], [32.81831, 39.86048], [32.81806, 39.86064], [32.81797, 39.86056]]]}}, {"type": "Feature", "properties": {}, "geometry": {"type": "Polygon", "coordinates": [[[32.81835, 39.86053], [32.81846, 39.86063], [32.81823, 39.86077], [32.81813, 39.86067], [32.81835, 39.86053]]]}}, {"type": "Feature", "properties": {}, "geometry": {"type": "Polygon", "coordinates": [[[32.8183, 39.86081], [32.81854, 39.86067], [32.81865, 39.86077], [32.81841, 39.86092], [32.8183, 39.86081]]]}}, {"type": "Feature", "properties": {}, "geometry": {"type": "Polygon", "coordinates": [[[32.81847, 39.86096], [32.81873, 39.86081], [32.81883, 39.86091], [32.81857, 39.86106], [32.81847, 39.86096]]]}}, {"type": "Feature", "properties": {}, "geometry": {"type": "Polygon", "coordinates": [[[32.81855, 39.86114], [32.81876, 39.86105], [32.81884, 39.8612], [32.81864, 39.86129], [32.81855, 39.86114]]]}}, {"type": "Feature", "properties": {}, "geometry": {"type": "Polygon", "coordinates": [[[32.81868, 39.86136], [32.8189, 39.86129], [32.819, 39.86145], [32.81877, 39.86152], [32.81868, 39.86136]]]}}, {"type": "Feature", "properties": {}, "geometry": {"type": "Polygon", "coordinates": [[[32.81884, 39.86162], [32.81903, 39.86151], [32.81925, 39.86175], [32.81907, 39.86186], [32.81884, 39.86162]]]}}, {"type": "Feature", "properties": {}, "geometry": {"type": "Polygon", "coordinates": [[[32.81931, 39.86125], [32.81925, 39.861], [32.81938, 39.86098], [32.81944, 39.86123], [32.81931, 39.86125]]]}}, {"type": "Feature", "properties": {}, "geometry": {"type": "Polygon", "coordinates": [[[32.81953, 39.86117], [32.81949, 39.86096], [32.81977, 39.86093], [32.81981, 39.86114], [32.81953, 39.86117]]]}}, {"type": "Feature", "properties": {}, "geometry": {"type": "Polygon", "coordinates": [[[32.81991, 39.86114], [32.81986, 39.8609], [32.81997, 39.86089], [32.82002, 39.86113], [32.81991, 39.86114]]]}}, {"type": "Feature", "properties": {}, "geometry": {"type": "Polygon", "coordinates": [[[32.82033, 39.86107], [32.82028, 39.86086], [32.82047, 39.86083], [32.82052, 39.86105], [32.82033, 39.86107]]]}}, {"type": "Feature", "properties": {}, "geometry": {"type": "Polygon", "coordinates": [[[32.81771, 39.86084], [32.81788, 39.86073], [32.81798, 39.86083], [32.81781, 39.86094], [32.81771, 39.86084]]]}}, {"type": "Feature", "properties": {}, "geometry": {"type": "Polygon", "coordinates": [[[32.8176, 39.86111], [32.81777, 39.86103], [32.81786, 39.86115], [32.81769, 39.86122], [32.8176, 39.86111]]]}}, {"type": "Feature", "properties": {}, "geometry": {"type": "Polygon", "coordinates": [[[32.81787, 39.86098], [32.81805, 39.86087], [32.81813, 39.86094], [32.81795, 39.86106], [32.81787, 39.86098]]]}}, {"type": "Feature", "properties": {}, "geometry": {"type": "Polygon", "coordinates": [[[32.81798, 39.8611], [32.81819, 39.861], [32.81829, 39.86112], [32.81809, 39.86122], [32.81798, 39.8611]]]}}, {"type": "Feature", "properties": {}, "geometry": {"type": "Polygon", "coordinates": [[[32.81771, 39.8613], [32.8179, 39.86121], [32.81801, 39.86137], [32.81782, 39.86145], [32.81771, 39.8613]]]}}, {"type": "Feature", "properties": {}, "geometry": {"type": "Polygon", "coordinates": [[[32.81792, 39.86163], [32.81785, 39.86151], [32.81804, 39.86145], [32.81811, 39.86157], [32.81792, 39.86163]]]}}, {"type": "Feature", "properties": {}, "geometry": {"type": "Polygon", "coordinates": [[[32.81803, 39.86184], [32.81795, 39.8617], [32.81813, 39.86164], [32.81821, 39.86178], [32.81803, 39.86184]]]}}, {"type": "Feature", "properties": {}, "geometry": {"type": "Polygon", "coordinates": [[[32.81824, 39.86147], [32.81814, 39.86129], [32.81832, 39.86123], [32.81842, 39.86142], [32.81824, 39.86147]]]}}, {"type": "Feature", "properties": {}, "geometry": {"type": "Polygon", "coordinates": [[[32.81824, 39.86154], [32.81846, 39.86147], [32.81853, 39.8616], [32.81832, 39.86167], [32.81824, 39.86154]]]}}, {"type": "Feature", "properties": {}, "geometry": {"type": "Polygon", "coordinates": [[[32.81836, 39.86173], [32.81855, 39.86163], [32.81865, 39.86175], [32.81846, 39.86184], [32.81836, 39.86173]]]}}, {"type": "Feature", "properties": {}, "geometry": {"type": "Polygon", "coordinates": [[[32.8185, 39.86191], [32.8187, 39.8618], [32.81888, 39.86199], [32.81868, 39.8621], [32.8185, 39.86191]]]}}, {"type": "Feature", "properties": {}, "geometry": {"type": "Polygon", "coordinates": [[[32.82784, 39.86304], [32.8279, 39.86289], [32.82811, 39.86294], [32.82805, 39.8631], [32.82784, 39.86304]]]}}, {"type": "Feature", "properties": {}, "geometry": {"type": "Polygon", "coordinates": [[[32.8199, 39.86574], [32.82003, 39.86567], [32.82018, 39.86582], [32.82008, 39.86592], [32.8199, 39.86574]]]}}, {"type": "Feature", "properties": {}, "geometry": {"type": "Polygon", "coordinates": [[[32.82015, 39.86594], [32.82028, 39.86583], [32.82043, 39.86593], [32.8203, 39.86605], [32.82015, 39.86594]]]}}, {"type": "Feature", "properties": {}, "geometry": {"type": "Polygon", "coordinates": [[[32.81994, 39.86522], [32.82014, 39.86515], [32.82027, 39.86537], [32.82006, 39.86544], [32.81994, 39.86522]]]}}, {"type": "Feature", "properties": {}, "geometry": {"type": "Polygon", "coordinates": [[[32.82032, 39.8657], [32.82044, 39.86557], [32.82063, 39.86577], [32.82054, 39.86586], [32.82032, 39.8657]]]}}, {"type": "Feature", "properties": {}, "geometry": {"type": "Polygon", "coordinates": [[[32.82041, 39.86545], [32.82035, 39.8653], [32.82049, 39.86527], [32.82055, 39.86542], [32.82041, 39.86545]]]}}, {"type": "Feature", "properties": {}, "geometry": {"type": "Polygon", "coordinates": [[[32.8205, 39.86549], [32.82066, 39.86546], [32.82074, 39.86564], [32.82065, 39.86568], [32.82055, 39.86559], [32.8205, 39.86549]]]}}, {"type": "Feature", "properties": {}, "geometry": {"type": "Polygon", "coordinates": [[[32.82028, 39.86523], [32.82022, 39.86509], [32.8204, 39.86504], [32.82047, 39.86518], [32.82028, 39.86523]]]}}, {"type": "Feature", "properties": {}, "geometry": {"type": "Polygon", "coordinates": [[[32.82062, 39.86444], [32.82074, 39.86424], [32.82089, 39.86429], [32.82077, 39.8645], [32.82062, 39.86444]]]}}, {"type": "Feature", "properties": {}, "geometry": {"type": "Polygon", "coordinates": [[[32.82087, 39.86449], [32.82098, 39.86432], [32.82115, 39.86438], [32.82104, 39.86455], [32.82087, 39.86449]]]}}, {"type": "Feature", "properties": {}, "geometry": {"type": "Polygon", "coordinates": [[[32.82108, 39.86459], [32.82118, 39.86442], [32.82137, 39.86449], [32.82127, 39.86466], [32.82108, 39.86459]]]}}, {"type": "Feature", "properties": {}, "geometry": {"type": "Polygon", "coordinates": [[[32.82179, 39.86482], [32.82191, 39.86462], [32.82215, 39.86471], [32.82213, 39.86478], [32.82199, 39.86489], [32.82179, 39.86482]]]}}, {"type": "Feature", "properties": {}, "geometry": {"type": "Polygon", "coordinates": [[[32.82433, 39.86723], [32.82434, 39.8672], [32.82432, 39.86718], [32.8244, 39.86707], [32.82461, 39.86719], [32.82454, 39.86729], [32.8245, 39.86729], [32.82433, 39.86723]]]}}, {"type": "Feature", "properties": {}, "geometry": {"type": "Polygon", "coordinates": [[[32.82181, 39.86747], [32.82197, 39.86729], [32.82207, 39.86735], [32.82206, 39.86749], [32.82197, 39.86758], [32.82181, 39.86747]]]}}, {"type": "Feature", "properties": {}, "geometry": {"type": "Polygon", "coordinates": [[[32.8238, 39.8687], [32.82391, 39.8686], [32.82411, 39.86872], [32.824, 39.86883], [32.8238, 39.8687]]]}}, {"type": "Feature", "properties": {}, "geometry": {"type": "Polygon", "coordinates": [[[32.8237, 39.86879], [32.8238, 39.8687], [32.824, 39.86883], [32.8239, 39.86892], [32.8237, 39.86879]]]}}, {"type": "Feature", "properties": {}, "geometry": {"type": "Polygon", "coordinates": [[[32.8237, 39.86879], [32.8239, 39.86892], [32.82381, 39.86899], [32.82362, 39.86886], [32.8237, 39.86879]]]}}, {"type": "Feature", "properties": {}, "geometry": {"type": "Polygon", "coordinates": [[[32.82291, 39.86743], [32.82298, 39.86737], [32.82301, 39.86739], [32.82306, 39.86734], [32.82304, 39.86732], [32.82312, 39.86726], [32.82328, 39.86738], [32.8232, 39.86745], [32.82317, 39.86743], [32.82314, 39.86746], [32.82316, 39.86748], [32.82307, 39.86755], [32.82291, 39.86743]]]}}, {"type": "Feature", "properties": {}, "geometry": {"type": "Polygon", "coordinates": [[[32.82325, 39.86769], [32.82334, 39.86762], [32.82337, 39.86764], [32.82339, 39.86762], [32.82336, 39.86759], [32.82345, 39.86752], [32.82363, 39.86765], [32.82355, 39.86772], [32.8235, 39.86768], [32.82348, 39.8677], [32.82354, 39.86774], [32.82343, 39.86782], [32.82325, 39.86769]]]}}, {"type": "Feature", "properties": {}, "geometry": {"type": "Polygon", "coordinates": [[[32.82364, 39.86798], [32.82373, 39.86791], [32.82376, 39.86793], [32.82379, 39.86791], [32.82375, 39.86788], [32.82385, 39.86781], [32.82403, 39.86794], [32.82395, 39.86801], [32.8239, 39.86798], [32.82388, 39.86799], [32.82393, 39.86803], [32.82383, 39.86812], [32.82364, 39.86798]]]}}, {"type": "Feature", "properties": {}, "geometry": {"type": "Polygon", "coordinates": [[[32.82675, 39.86942], [32.82679, 39.86944], [32.82681, 39.86949], [32.82686, 39.86954], [32.82694, 39.86957], [32.827, 39.86958], [32.82705, 39.86956], [32.82712, 39.86958], [32.82718, 39.86949], [32.82681, 39.86933], [32.82675, 39.86942]]]}}, {"type": "Feature", "properties": {}, "geometry": {"type": "Polygon", "coordinates": [[[32.82725, 39.87023], [32.82734, 39.87011], [32.8275, 39.87017], [32.82742, 39.8703], [32.82725, 39.87023]]]}}, {"type": "Feature", "properties": {}, "geometry": {"type": "Polygon", "coordinates": [[[32.82676, 39.87029], [32.8269, 39.87011], [32.82695, 39.8701], [32.82702, 39.87011], [32.82725, 39.87023], [32.82742, 39.8703], [32.82751, 39.87034], [32.82733, 39.87059], [32.82676, 39.87029]]]}}, {"type": "Feature", "properties": {}, "geometry": {"type": "Polygon", "coordinates": [[[32.8249, 39.86605], [32.82515, 39.86586], [32.82529, 39.86598], [32.82505, 39.86616], [32.8249, 39.86605]]]}}, {"type": "Feature", "properties": {}, "geometry": {"type": "Polygon", "coordinates": [[[32.82507, 39.86626], [32.82525, 39.86613], [32.82539, 39.86623], [32.82521, 39.86637], [32.82507, 39.86626]]]}}, {"type": "Feature", "properties": {}, "geometry": {"type": "Polygon", "coordinates": [[[32.8252, 39.86581], [32.8253, 39.86573], [32.82544, 39.86584], [32.82534, 39.86592], [32.8252, 39.86581]]]}}, {"type": "Feature", "properties": {}, "geometry": {"type": "Polygon", "coordinates": [[[32.82533, 39.8657], [32.82544, 39.86561], [32.82559, 39.86573], [32.82548, 39.86581], [32.82533, 39.8657]]]}}, {"type": "Feature", "properties": {}, "geometry": {"type": "Polygon", "coordinates": [[[32.8255, 39.86558], [32.82562, 39.86548], [32.82576, 39.86559], [32.82563, 39.86569], [32.8255, 39.86558]]]}}, {"type": "Feature", "properties": {}, "geometry": {"type": "Polygon", "coordinates": [[[32.82567, 39.86542], [32.8258, 39.86534], [32.82595, 39.86547], [32.82582, 39.86555], [32.82567, 39.86542]]]}}, {"type": "Feature", "properties": {}, "geometry": {"type": "Polygon", "coordinates": [[[32.82588, 39.86563], [32.82599, 39.86556], [32.82602, 39.86556], [32.82611, 39.86562], [32.82612, 39.86565], [32.82601, 39.86574], [32.82588, 39.86563]]]}}, {"type": "Feature", "properties": {}, "geometry": {"type": "Polygon", "coordinates": [[[32.82584, 39.86567], [32.82597, 39.86577], [32.82584, 39.86586], [32.82571, 39.86577], [32.82584, 39.86567]]]}}, {"type": "Feature", "properties": {}, "geometry": {"type": "Polygon", "coordinates": [[[32.82518, 39.86519], [32.82527, 39.86504], [32.82556, 39.86515], [32.82547, 39.8653], [32.82518, 39.86519]]]}}, {"type": "Feature", "properties": {}, "geometry": {"type": "Polygon", "coordinates": [[[32.82502, 39.86532], [32.82512, 39.86524], [32.82523, 39.86529], [32.82533, 39.86537], [32.8252, 39.8655], [32.82505, 39.86537], [32.82502, 39.86532]]]}}, {"type": "Feature", "properties": {}, "geometry": {"type": "Polygon", "coordinates": [[[32.82482, 39.8655], [32.82496, 39.86538], [32.82516, 39.86552], [32.82502, 39.86564], [32.82482, 39.8655]]]}}, {"type": "Feature", "properties": {}, "geometry": {"type": "Polygon", "coordinates": [[[32.82486, 39.86507], [32.82488, 39.865], [32.82493, 39.86491], [32.82514, 39.865], [32.82509, 39.86509], [32.82503, 39.86514], [32.82486, 39.86507]]]}}, {"type": "Feature", "properties": {}, "geometry": {"type": "Polygon", "coordinates": [[[32.82461, 39.86501], [32.82469, 39.86486], [32.82486, 39.86491], [32.82478, 39.86506], [32.82461, 39.86501]]]}}, {"type": "Feature", "properties": {}, "geometry": {"type": "Polygon", "coordinates": [[[32.8241, 39.86488], [32.82418, 39.8647], [32.82439, 39.86476], [32.82431, 39.86493], [32.8241, 39.86488]]]}}, {"type": "Feature", "properties": {}, "geometry": {"type": "Polygon", "coordinates": [[[32.82438, 39.86493], [32.82445, 39.86479], [32.82463, 39.86484], [32.82456, 39.86498], [32.82438, 39.86493]]]}}, {"type": "Feature", "properties": {}, "geometry": {"type": "Polygon", "coordinates": [[[32.82493, 39.86465], [32.82504, 39.86447], [32.82524, 39.86455], [32.82512, 39.86473], [32.82493, 39.86465]]]}}, {"type": "Feature", "properties": {}, "geometry": {"type": "Polygon", "coordinates": [[[32.82472, 39.86459], [32.82481, 39.86441], [32.82496, 39.86446], [32.82487, 39.86464], [32.82472, 39.86459]]]}}, {"type": "Feature", "properties": {}, "geometry": {"type": "Polygon", "coordinates": [[[32.82487, 39.8643], [32.82485, 39.86425], [32.82482, 39.86426], [32.8248, 39.86421], [32.82478, 39.86422], [32.82477, 39.86417], [32.82512, 39.86411], [32.82514, 39.86417], [32.82519, 39.86418], [32.82522, 39.86425], [32.82487, 39.8643]]]}}, {"type": "Feature", "properties": {}, "geometry": {"type": "Polygon", "coordinates": [[[32.82531, 39.86369], [32.8254, 39.86363], [32.82558, 39.86373], [32.82564, 39.86383], [32.82546, 39.8639], [32.82531, 39.86369]]]}}, {"type": "Feature", "properties": {}, "geometry": {"type": "Polygon", "coordinates": [[[32.82534, 39.86424], [32.82531, 39.86409], [32.82558, 39.86406], [32.82561, 39.86421], [32.82534, 39.86424]]]}}, {"type": "Feature", "properties": {}, "geometry": {"type": "Polygon", "coordinates": [[[32.82507, 39.86376], [32.82524, 39.8637], [32.82533, 39.86387], [32.82512, 39.86394], [32.82507, 39.86376]]]}}, {"type": "Feature", "properties": {}, "geometry": {"type": "Polygon", "coordinates": [[[32.82569, 39.86406], [32.82579, 39.86398], [32.82601, 39.86414], [32.82591, 39.86422], [32.82569, 39.86406]]]}}, {"type": "Feature", "properties": {}, "geometry": {"type": "Polygon", "coordinates": [[[32.82585, 39.86397], [32.82595, 39.86388], [32.82612, 39.86398], [32.82602, 39.86408], [32.82585, 39.86397]]]}}, {"type": "Feature", "properties": {}, "geometry": {"type": "Polygon", "coordinates": [[[32.82634, 39.86349], [32.82654, 39.86333], [32.8267, 39.86345], [32.82649, 39.86361], [32.82634, 39.86349]]]}}, {"type": "Feature", "properties": {}, "geometry": {"type": "Polygon", "coordinates": [[[32.82607, 39.8628], [32.82623, 39.86264], [32.8264, 39.86277], [32.82623, 39.8629], [32.82607, 39.8628]]]}}, {"type": "Feature", "properties": {}, "geometry": {"type": "Polygon", "coordinates": [[[32.82648, 39.86306], [32.82664, 39.86289], [32.82676, 39.86296], [32.8266, 39.86312], [32.82648, 39.86306]]]}}, {"type": "Feature", "properties": {}, "geometry": {"type": "Polygon", "coordinates": [[[32.826, 39.86322], [32.82615, 39.86308], [32.82628, 39.86316], [32.82613, 39.8633], [32.826, 39.86322]]]}}, {"type": "Feature", "properties": {}, "geometry": {"type": "Polygon", "coordinates": [[[32.8262, 39.8633], [32.82633, 39.86317], [32.82648, 39.86327], [32.82635, 39.8634], [32.8262, 39.8633]]]}}, {"type": "Feature", "properties": {}, "geometry": {"type": "Polygon", "coordinates": [[[32.82557, 39.86297], [32.82577, 39.86284], [32.8259, 39.86297], [32.8257, 39.86309], [32.82557, 39.86297]]]}}, {"type": "Feature", "properties": {}, "geometry": {"type": "Polygon", "coordinates": [[[32.82519, 39.86312], [32.82542, 39.863], [32.82554, 39.86312], [32.82538, 39.86329], [32.82519, 39.86312]]]}}, {"type": "Feature", "properties": {}, "geometry": {"type": "Polygon", "coordinates": [[[32.82544, 39.86334], [32.8256, 39.86317], [32.82572, 39.86325], [32.82557, 39.86342], [32.82544, 39.86334]]]}}, {"type": "Feature", "properties": {}, "geometry": {"type": "Polygon", "coordinates": [[[32.82567, 39.8634], [32.82582, 39.86326], [32.82595, 39.86334], [32.8258, 39.86348], [32.82567, 39.8634]]]}}, {"type": "Feature", "properties": {}, "geometry": {"type": "Polygon", "coordinates": [[[32.8258, 39.86356], [32.82589, 39.86347], [32.82596, 39.86351], [32.82603, 39.86343], [32.82615, 39.8635], [32.82608, 39.86357], [32.82614, 39.8636], [32.82605, 39.8637], [32.8258, 39.86356]]]}}, {"type": "Feature", "properties": {}, "geometry": {"type": "Polygon", "coordinates": [[[32.82625, 39.86359], [32.82641, 39.86369], [32.82626, 39.86383], [32.8261, 39.86373], [32.82625, 39.86359]]]}}, {"type": "Feature", "properties": {}, "geometry": {"type": "Polygon", "coordinates": [[[32.82647, 39.86394], [32.82659, 39.86382], [32.82681, 39.86394], [32.82668, 39.86407], [32.82647, 39.86394]]]}}, {"type": "Feature", "properties": {}, "geometry": {"type": "Polygon", "coordinates": [[[32.82675, 39.86411], [32.82687, 39.86397], [32.82713, 39.8641], [32.82701, 39.86424], [32.82675, 39.86411]]]}}, {"type": "Feature", "properties": {}, "geometry": {"type": "Polygon", "coordinates": [[[32.82696, 39.86395], [32.82706, 39.86384], [32.82725, 39.86394], [32.82715, 39.86405], [32.82696, 39.86395]]]}}, {"type": "Feature", "properties": {}, "geometry": {"type": "Polygon", "coordinates": [[[32.82709, 39.86378], [32.82718, 39.86369], [32.82736, 39.86379], [32.82727, 39.86388], [32.82709, 39.86378]]]}}, {"type": "Feature", "properties": {}, "geometry": {"type": "Polygon", "coordinates": [[[32.82724, 39.86366], [32.82732, 39.86356], [32.82752, 39.86367], [32.82744, 39.86376], [32.82724, 39.86366]]]}}, {"type": "Feature", "properties": {}, "geometry": {"type": "Polygon", "coordinates": [[[32.82737, 39.86352], [32.82747, 39.86343], [32.82766, 39.86355], [32.82757, 39.86364], [32.82737, 39.86352]]]}}, {"type": "Feature", "properties": {}, "geometry": {"type": "Polygon", "coordinates": [[[32.82766, 39.86394], [32.82778, 39.86384], [32.82795, 39.86396], [32.82784, 39.86406], [32.82766, 39.86394]]]}}, {"type": "Feature", "properties": {}, "geometry": {"type": "Polygon", "coordinates": [[[32.82783, 39.8638], [32.82796, 39.8637], [32.82811, 39.86382], [32.82798, 39.86392], [32.82783, 39.8638]]]}}, {"type": "Feature", "properties": {}, "geometry": {"type": "Polygon", "coordinates": [[[32.82804, 39.86367], [32.82816, 39.86359], [32.8283, 39.86371], [32.82819, 39.86379], [32.82804, 39.86367]]]}}, {"type": "Feature", "properties": {}, "geometry": {"type": "Polygon", "coordinates": [[[32.82827, 39.86386], [32.8284, 39.86378], [32.82853, 39.8639], [32.82841, 39.86398], [32.82827, 39.86386]]]}}, {"type": "Feature", "properties": {}, "geometry": {"type": "Polygon", "coordinates": [[[32.82807, 39.864], [32.82819, 39.86391], [32.82836, 39.86403], [32.82824, 39.86413], [32.82807, 39.864]]]}}, {"type": "Feature", "properties": {}, "geometry": {"type": "Polygon", "coordinates": [[[32.8279, 39.86412], [32.828, 39.86403], [32.82817, 39.86413], [32.82807, 39.86422], [32.8279, 39.86412]]]}}, {"type": "Feature", "properties": {}, "geometry": {"type": "Polygon", "coordinates": [[[32.82743, 39.86431], [32.82749, 39.86417], [32.82782, 39.86425], [32.82776, 39.86439], [32.82743, 39.86431]]]}}, {"type": "Feature", "properties": {}, "geometry": {"type": "Polygon", "coordinates": [[[32.82734, 39.8645], [32.82739, 39.86437], [32.82763, 39.86443], [32.82759, 39.86456], [32.82734, 39.8645]]]}}, {"type": "Feature", "properties": {}, "geometry": {"type": "Polygon", "coordinates": [[[32.82722, 39.86474], [32.82728, 39.86459], [32.82752, 39.86466], [32.82746, 39.8648], [32.82722, 39.86474]]]}}, {"type": "Feature", "properties": {}, "geometry": {"type": "Polygon", "coordinates": [[[32.82827, 39.86432], [32.82848, 39.86424], [32.82857, 39.86439], [32.82837, 39.86446], [32.82827, 39.86432]]]}}, {"type": "Feature", "properties": {}, "geometry": {"type": "Polygon", "coordinates": [[[32.82841, 39.86454], [32.82862, 39.86445], [32.82871, 39.86459], [32.8285, 39.86467], [32.82841, 39.86454]]]}}, {"type": "Feature", "properties": {}, "geometry": {"type": "Polygon", "coordinates": [[[32.82851, 39.86418], [32.82866, 39.86409], [32.82878, 39.86421], [32.82863, 39.8643], [32.82851, 39.86418]]]}}, {"type": "Feature", "properties": {}, "geometry": {"type": "Polygon", "coordinates": [[[32.82868, 39.86432], [32.82886, 39.86424], [32.82896, 39.86437], [32.82877, 39.86445], [32.82868, 39.86432]]]}}, {"type": "Feature", "properties": {}, "geometry": {"type": "Polygon", "coordinates": [[[32.82889, 39.86461], [32.82881, 39.86449], [32.829, 39.86441], [32.82909, 39.86453], [32.82889, 39.86461]]]}}, {"type": "Feature", "properties": {}, "geometry": {"type": "Polygon", "coordinates": [[[32.82879, 39.8651], [32.82912, 39.86511], [32.82907, 39.86527], [32.8288, 39.86525], [32.82877, 39.86522], [32.82879, 39.8651]]]}}, {"type": "Feature", "properties": {}, "geometry": {"type": "Polygon", "coordinates": [[[32.82869, 39.86505], [32.8287, 39.86492], [32.82889, 39.86493], [32.82888, 39.86506], [32.82869, 39.86505]]]}}, {"type": "Feature", "properties": {}, "geometry": {"type": "Polygon", "coordinates": [[[32.82895, 39.86506], [32.82897, 39.86491], [32.82916, 39.86492], [32.82915, 39.86507], [32.82895, 39.86506]]]}}, {"type": "Feature", "properties": {}, "geometry": {"type": "Polygon", "coordinates": [[[32.8301, 39.86403], [32.83041, 39.86394], [32.83047, 39.86407], [32.83017, 39.86416], [32.8301, 39.86403]]]}}, {"type": "Feature", "properties": {}, "geometry": {"type": "Polygon", "coordinates": [[[32.83223, 39.86374], [32.83216, 39.86358], [32.83241, 39.86352], [32.83247, 39.86369], [32.83223, 39.86374]]]}}, {"type": "Feature", "properties": {}, "geometry": {"type": "Polygon", "coordinates": [[[32.83246, 39.86407], [32.83238, 39.86386], [32.83254, 39.86382], [32.83262, 39.86404], [32.83246, 39.86407]]]}}, {"type": "Feature", "properties": {}, "geometry": {"type": "Polygon", "coordinates": [[[32.83211, 39.86397], [32.83225, 39.8639], [32.83238, 39.86406], [32.83224, 39.86413], [32.83211, 39.86397]]]}}, {"type": "Feature", "properties": {}, "geometry": {"type": "Polygon", "coordinates": [[[32.83235, 39.86334], [32.83232, 39.86324], [32.83258, 39.86317], [32.83267, 39.86337], [32.83252, 39.86341], [32.83247, 39.86332], [32.83235, 39.86334]]]}}, {"type": "Feature", "properties": {}, "geometry": {"type": "Polygon", "coordinates": [[[32.83256, 39.86367], [32.83247, 39.86348], [32.83268, 39.86343], [32.83276, 39.86361], [32.83256, 39.86367]]]}}, {"type": "Feature", "properties": {}, "geometry": {"type": "Polygon", "coordinates": [[[32.83216, 39.86348], [32.83208, 39.86328], [32.83224, 39.86324], [32.83233, 39.86344], [32.83216, 39.86348]]]}}, {"type": "Feature", "properties": {}, "geometry": {"type": "Polygon", "coordinates": [[[32.83187, 39.86356], [32.8318, 39.86336], [32.83197, 39.86331], [32.83204, 39.86351], [32.83187, 39.86356]]]}}, {"type": "Feature", "properties": {}, "geometry": {"type": "Polygon", "coordinates": [[[32.83199, 39.8638], [32.8319, 39.86361], [32.8321, 39.86356], [32.83218, 39.86374], [32.83199, 39.8638]]]}}, {"type": "Feature", "properties": {}, "geometry": {"type": "Polygon", "coordinates": [[[32.83263, 39.86382], [32.8328, 39.86378], [32.8329, 39.864], [32.83271, 39.86405], [32.83266, 39.86395], [32.83275, 39.86393], [32.83272, 39.86388], [32.83266, 39.86389], [32.83263, 39.86382]]]}}, {"type": "Feature", "properties": {}, "geometry": {"type": "Polygon", "coordinates": [[[32.83373, 39.86399], [32.83364, 39.86377], [32.8338, 39.86373], [32.83388, 39.86395], [32.83373, 39.86399]]]}}, {"type": "Feature", "properties": {}, "geometry": {"type": "Polygon", "coordinates": [[[32.83119, 39.86352], [32.83147, 39.86342], [32.83154, 39.86354], [32.83126, 39.86364], [32.83119, 39.86352]]]}}, {"type": "Feature", "properties": {}, "geometry": {"type": "Polygon", "coordinates": [[[32.83112, 39.86336], [32.83103, 39.86318], [32.83118, 39.86313], [32.83128, 39.86331], [32.83112, 39.86336]]]}}, {"type": "Feature", "properties": {}, "geometry": {"type": "Polygon", "coordinates": [[[32.83173, 39.86321], [32.83166, 39.86305], [32.8319, 39.86299], [32.83196, 39.86315], [32.83173, 39.86321]]]}}, {"type": "Feature", "properties": {}, "geometry": {"type": "Polygon", "coordinates": [[[32.83201, 39.86313], [32.83196, 39.863], [32.83215, 39.86296], [32.8322, 39.86309], [32.83201, 39.86313]]]}}, {"type": "Feature", "properties": {}, "geometry": {"type": "Polygon", "coordinates": [[[32.83162, 39.863], [32.83156, 39.86287], [32.83183, 39.8628], [32.83189, 39.86292], [32.83162, 39.863]]]}}, {"type": "Feature", "properties": {}, "geometry": {"type": "Polygon", "coordinates": [[[32.83226, 39.86309], [32.8322, 39.86294], [32.83244, 39.86288], [32.8325, 39.86303], [32.83226, 39.86309]]]}}, {"type": "Feature", "properties": {}, "geometry": {"type": "Polygon", "coordinates": [[[32.83211, 39.86291], [32.83205, 39.86278], [32.83231, 39.8627], [32.83237, 39.86283], [32.83211, 39.86291]]]}}, {"type": "Feature", "properties": {}, "geometry": {"type": "Polygon", "coordinates": [[[32.83149, 39.86269], [32.83173, 39.86262], [32.83179, 39.86274], [32.83156, 39.86282], [32.83149, 39.86269]]]}}, {"type": "Feature", "properties": {}, "geometry": {"type": "Polygon", "coordinates": [[[32.83144, 39.86265], [32.83136, 39.86252], [32.83161, 39.86243], [32.8317, 39.86255], [32.83144, 39.86265]]]}}, {"type": "Feature", "properties": {}, "geometry": {"type": "Polygon", "coordinates": [[[32.83133, 39.86243], [32.83122, 39.86228], [32.83148, 39.86217], [32.83159, 39.86232], [32.83133, 39.86243]]]}}, {"type": "Feature", "properties": {}, "geometry": {"type": "Polygon", "coordinates": [[[32.83165, 39.86052], [32.83163, 39.86045], [32.8317, 39.86044], [32.83168, 39.86038], [32.83194, 39.86033], [32.83196, 39.86038], [32.83204, 39.86036], [32.83212, 39.86058], [32.83205, 39.8606], [32.83207, 39.86065], [32.83193, 39.86068], [32.83192, 39.86064], [32.83191, 39.86065], [32.83188, 39.86057], [32.83196, 39.86055], [32.83192, 39.86045], [32.8318, 39.86047], [32.83182, 39.86053], [32.8317, 39.86056], [32.83169, 39.86052], [32.83165, 39.86052]]]}}, {"type": "Feature", "properties": {}, "geometry": {"type": "Polygon", "coordinates": [[[32.83065, 39.86101], [32.8309, 39.86089], [32.831, 39.86102], [32.83075, 39.86113], [32.83065, 39.86101]]]}}, {"type": "Feature", "properties": {}, "geometry": {"type": "Polygon", "coordinates": [[[32.83025, 39.86056], [32.8302, 39.86044], [32.8305, 39.86036], [32.83055, 39.86047], [32.83025, 39.86056]]]}}, {"type": "Feature", "properties": {}, "geometry": {"type": "Polygon", "coordinates": [[[32.82998, 39.86084], [32.83031, 39.86068], [32.83038, 39.86077], [32.83005, 39.86093], [32.82998, 39.86084]]]}}, {"type": "Feature", "properties": {}, "geometry": {"type": "Polygon", "coordinates": [[[32.82993, 39.8608], [32.82987, 39.86073], [32.83013, 39.86061], [32.83019, 39.86068], [32.82993, 39.8608]]]}}, {"type": "Feature", "properties": {}, "geometry": {"type": "Polygon", "coordinates": [[[32.83055, 39.86088], [32.83079, 39.86076], [32.83086, 39.86084], [32.83062, 39.86096], [32.83055, 39.86088]]]}}, {"type": "Feature", "properties": {}, "geometry": {"type": "Polygon", "coordinates": [[[32.83046, 39.86075], [32.83067, 39.86065], [32.83074, 39.86074], [32.83052, 39.86084], [32.83046, 39.86075]]]}}, {"type": "Feature", "properties": {}, "geometry": {"type": "Polygon", "coordinates": [[[32.83044, 39.8607], [32.83037, 39.86061], [32.83059, 39.86053], [32.83065, 39.86062], [32.83044, 39.8607]]]}}, {"type": "Feature", "properties": {}, "geometry": {"type": "Polygon", "coordinates": [[[32.82978, 39.86058], [32.8301, 39.86046], [32.83015, 39.86053], [32.82983, 39.86066], [32.82978, 39.86058]]]}}, {"type": "Feature", "properties": {}, "geometry": {"type": "Polygon", "coordinates": [[[32.83029, 39.86114], [32.83053, 39.86104], [32.83062, 39.86116], [32.83038, 39.86126], [32.83029, 39.86114]]]}}, {"type": "Feature", "properties": {}, "geometry": {"type": "Polygon", "coordinates": [[[32.83052, 39.86139], [32.83075, 39.8613], [32.83082, 39.86142], [32.8306, 39.86151], [32.83052, 39.86139]]]}}, {"type": "Feature", "properties": {}, "geometry": {"type": "Polygon", "coordinates": [[[32.83088, 39.86128], [32.83113, 39.86117], [32.8312, 39.86127], [32.83096, 39.86138], [32.83088, 39.86128]]]}}, {"type": "Feature", "properties": {}, "geometry": {"type": "Polygon", "coordinates": [[[32.83069, 39.86156], [32.83086, 39.86147], [32.83096, 39.86158], [32.83078, 39.86167], [32.83069, 39.86156]]]}}, {"type": "Feature", "properties": {}, "geometry": {"type": "Polygon", "coordinates": [[[32.8311, 39.86154], [32.83101, 39.86142], [32.83121, 39.86133], [32.8313, 39.86145], [32.8311, 39.86154]]]}}, {"type": "Feature", "properties": {}, "geometry": {"type": "Polygon", "coordinates": [[[32.83068, 39.85927], [32.8306, 39.85922], [32.83065, 39.85918], [32.8306, 39.85914], [32.83077, 39.85899], [32.83082, 39.85902], [32.83088, 39.85897], [32.83111, 39.85912], [32.83106, 39.85916], [32.83112, 39.85919], [32.83102, 39.85928], [32.83099, 39.85926], [32.83098, 39.85926], [32.8309, 39.85921], [32.83095, 39.85917], [32.83084, 39.85909], [32.83076, 39.85916], [32.83083, 39.85921], [32.83074, 39.85928], [32.8307, 39.85925], [32.83068, 39.85927]]]}}, {"type": "Feature", "properties": {}, "geometry": {"type": "Polygon", "coordinates": [[[32.83141, 39.8591], [32.83148, 39.85904], [32.83153, 39.85909], [32.83158, 39.85905], [32.83177, 39.85919], [32.83172, 39.85923], [32.83178, 39.85927], [32.83157, 39.85944], [32.83152, 39.8594], [32.83147, 39.85944], [32.83137, 39.85936], [32.8314, 39.85934], [32.83139, 39.85933], [32.83147, 39.85927], [32.83152, 39.85931], [32.83163, 39.85924], [32.83154, 39.85917], [32.83148, 39.85922], [32.83139, 39.85915], [32.83143, 39.85911], [32.83141, 39.8591]]]}}, {"type": "Feature", "properties": {}, "geometry": {"type": "Polygon", "coordinates": [[[32.83083, 39.85874], [32.83076, 39.85869], [32.83082, 39.85865], [32.83076, 39.85861], [32.83095, 39.85846], [32.83099, 39.85849], [32.83105, 39.85845], [32.83127, 39.8586], [32.83122, 39.85864], [32.83128, 39.85868], [32.83118, 39.85876], [32.83115, 39.85874], [32.83114, 39.85875], [32.83106, 39.85869], [32.83111, 39.85865], [32.83101, 39.85857], [32.83092, 39.85864], [32.83099, 39.85868], [32.8309, 39.85875], [32.83086, 39.85872], [32.83083, 39.85874]]]}}, {"type": "Feature", "properties": {}, "geometry": {"type": "Polygon", "coordinates": [[[32.82859, 39.85721], [32.82882, 39.85709], [32.82905, 39.85738], [32.82882, 39.85749], [32.82872, 39.85737], [32.82882, 39.85733], [32.82878, 39.85729], [32.82869, 39.85733], [32.82859, 39.85721]]]}}, {"type": "Feature", "properties": {}, "geometry": {"type": "Polygon", "coordinates": [[[32.8289, 39.85789], [32.82905, 39.85779], [32.82919, 39.85792], [32.82905, 39.85803], [32.8289, 39.85789]]]}}, {"type": "Feature", "properties": {}, "geometry": {"type": "Polygon", "coordinates": [[[32.82909, 39.85776], [32.82923, 39.85766], [32.82935, 39.85777], [32.82922, 39.85786], [32.82909, 39.85776]]]}}, {"type": "Feature", "properties": {}, "geometry": {"type": "Polygon", "coordinates": [[[32.82927, 39.85761], [32.8294, 39.85754], [32.82954, 39.85768], [32.82942, 39.85775], [32.82927, 39.85761]]]}}, {"type": "Feature", "properties": {}, "geometry": {"type": "Polygon", "coordinates": [[[32.82951, 39.85753], [32.82966, 39.85745], [32.8298, 39.85759], [32.82964, 39.85768], [32.82951, 39.85753]]]}}, {"type": "Feature", "properties": {}, "geometry": {"type": "Polygon", "coordinates": [[[32.82967, 39.85799], [32.82951, 39.85785], [32.82964, 39.85776], [32.8298, 39.85791], [32.82967, 39.85799]]]}}, {"type": "Feature", "properties": {}, "geometry": {"type": "Polygon", "coordinates": [[[32.82976, 39.85779], [32.8299, 39.8577], [32.83004, 39.85783], [32.8299, 39.85792], [32.82976, 39.85779]]]}}, {"type": "Feature", "properties": {}, "geometry": {"type": "Polygon", "coordinates": [[[32.82934, 39.85803], [32.82953, 39.85792], [32.82967, 39.85805], [32.82948, 39.85816], [32.82934, 39.85803]]]}}, {"type": "Feature", "properties": {}, "geometry": {"type": "Polygon", "coordinates": [[[32.82911, 39.85807], [32.82923, 39.858], [32.82942, 39.85818], [32.82929, 39.85825], [32.82911, 39.85807]]]}}, {"type": "Feature", "properties": {}, "geometry": {"type": "Polygon", "coordinates": [[[32.83045, 39.85596], [32.83052, 39.85582], [32.83069, 39.85587], [32.83063, 39.85601], [32.83045, 39.85596]]]}}, {"type": "Feature", "properties": {}, "geometry": {"type": "Polygon", "coordinates": [[[32.83136, 39.85625], [32.83136, 39.85617], [32.83164, 39.85616], [32.83164, 39.85624], [32.83136, 39.85625]]]}}, {"type": "Feature", "properties": {}, "geometry": {"type": "Polygon", "coordinates": [[[32.82288, 39.86654], [32.82289, 39.86648], [32.82296, 39.86633], [32.82328, 39.86639], [32.82325, 39.86652], [32.82314, 39.86655], [32.82304, 39.86656], [32.82288, 39.86654]]]}}, {"type": "Feature", "properties": {}, "geometry": {"type": "Polygon", "coordinates": [[[32.82265, 39.86649], [32.82273, 39.86631], [32.8229, 39.86635], [32.82282, 39.86653], [32.82265, 39.86649]]]}}, {"type": "Feature", "properties": {}, "geometry": {"type": "Polygon", "coordinates": [[[32.82413, 39.86611], [32.82429, 39.86598], [32.82448, 39.86612], [32.82432, 39.86625], [32.82413, 39.86611]]]}}, {"type": "Feature", "properties": {}, "geometry": {"type": "Polygon", "coordinates": [[[32.82391, 39.8659], [32.82399, 39.86577], [32.82419, 39.86587], [32.8241, 39.866], [32.82392, 39.86594], [32.82391, 39.8659]]]}}, {"type": "Feature", "properties": {}, "geometry": {"type": "Polygon", "coordinates": [[[32.83099, 39.86711], [32.8311, 39.86697], [32.83124, 39.86703], [32.83113, 39.86718], [32.83099, 39.86711]]]}}, {"type": "Feature", "properties": {}, "geometry": {"type": "Polygon", "coordinates": [[[32.83039, 39.86725], [32.83049, 39.86711], [32.83064, 39.86718], [32.83054, 39.86732], [32.83039, 39.86725]]]}}, {"type": "Feature", "properties": {}, "geometry": {"type": "Polygon", "coordinates": [[[32.8301, 39.8665], [32.83018, 39.86638], [32.83047, 39.8665], [32.8304, 39.86661], [32.8301, 39.8665]]]}}, {"type": "Feature", "properties": {}, "geometry": {"type": "Polygon", "coordinates": [[[32.83057, 39.86672], [32.83064, 39.86661], [32.83089, 39.86671], [32.83082, 39.86682], [32.83057, 39.86672]]]}}, {"type": "Feature", "properties": {}, "geometry": {"type": "Polygon", "coordinates": [[[32.83125, 39.86715], [32.83135, 39.86703], [32.83152, 39.86712], [32.83149, 39.86716], [32.83139, 39.86721], [32.83125, 39.86715]]]}}, {"type": "Feature", "properties": {}, "geometry": {"type": "Polygon", "coordinates": [[[32.83228, 39.86757], [32.83224, 39.86745], [32.83255, 39.86739], [32.83259, 39.8675], [32.83228, 39.86757]]]}}, {"type": "Feature", "properties": {}, "geometry": {"type": "Polygon", "coordinates": [[[32.83247, 39.86771], [32.83242, 39.8676], [32.83275, 39.86752], [32.8328, 39.86763], [32.83247, 39.86771]]]}}, {"type": "Feature", "properties": {}, "geometry": {"type": "Polygon", "coordinates": [[[32.83175, 39.86775], [32.83172, 39.86762], [32.832, 39.86755], [32.83204, 39.86772], [32.83175, 39.86775]]]}}, {"type": "Feature", "properties": {}, "geometry": {"type": "Polygon", "coordinates": [[[32.83243, 39.86802], [32.83235, 39.86782], [32.83253, 39.86778], [32.83255, 39.86783], [32.83259, 39.86783], [32.83266, 39.86798], [32.83243, 39.86802]]]}}, {"type": "Feature", "properties": {}, "geometry": {"type": "Polygon", "coordinates": [[[32.83274, 39.86788], [32.83264, 39.86775], [32.8328, 39.86767], [32.83291, 39.8678], [32.83274, 39.86788]]]}}, {"type": "Feature", "properties": {}, "geometry": {"type": "Polygon", "coordinates": [[[32.83169, 39.86863], [32.83175, 39.86848], [32.8319, 39.86851], [32.83184, 39.86866], [32.83169, 39.86863]]]}}, {"type": "Feature", "properties": {}, "geometry": {"type": "Polygon", "coordinates": [[[32.83192, 39.86865], [32.83199, 39.86848], [32.83214, 39.86852], [32.83207, 39.86869], [32.83192, 39.86865]]]}}, {"type": "Feature", "properties": {}, "geometry": {"type": "Polygon", "coordinates": [[[32.83194, 39.86838], [32.83199, 39.86824], [32.83224, 39.86829], [32.83219, 39.86843], [32.83194, 39.86838]]]}}, {"type": "Feature", "properties": {}, "geometry": {"type": "Polygon", "coordinates": [[[32.83193, 39.86817], [32.83195, 39.86804], [32.83217, 39.86807], [32.83221, 39.86815], [32.83218, 39.8682], [32.83214, 39.86821], [32.83193, 39.86817]]]}}, {"type": "Feature", "properties": {}, "geometry": {"type": "Polygon", "coordinates": [[[32.83196, 39.86798], [32.83196, 39.8678], [32.83211, 39.86781], [32.83215, 39.86785], [32.83215, 39.86796], [32.83212, 39.868], [32.83196, 39.86798]]]}}, {"type": "Feature", "properties": {}, "geometry": {"type": "Polygon", "coordinates": [[[32.83169, 39.86796], [32.83171, 39.8678], [32.83188, 39.86782], [32.83185, 39.86797], [32.83169, 39.86796]]]}}, {"type": "Feature", "properties": {}, "geometry": {"type": "Polygon", "coordinates": [[[32.8309, 39.86897], [32.83095, 39.86874], [32.83109, 39.86876], [32.83103, 39.86899], [32.8309, 39.86897]]]}}, {"type": "Feature", "properties": {}, "geometry": {"type": "Polygon", "coordinates": [[[32.83163, 39.86944], [32.83167, 39.86921], [32.83181, 39.86922], [32.83178, 39.86946], [32.83163, 39.86944]]]}}, {"type": "Feature", "properties": {}, "geometry": {"type": "Polygon", "coordinates": [[[32.8319, 39.87066], [32.83201, 39.87057], [32.83228, 39.87077], [32.83217, 39.87086], [32.8319, 39.87066]]]}}, {"type": "Feature", "properties": {}, "geometry": {"type": "Polygon", "coordinates": [[[32.83304, 39.871], [32.83319, 39.87089], [32.8333, 39.87098], [32.83315, 39.87109], [32.83304, 39.871]]]}}, {"type": "Feature", "properties": {}, "geometry": {"type": "Polygon", "coordinates": [[[32.8328, 39.8713], [32.83291, 39.87122], [32.83315, 39.87141], [32.83303, 39.87149], [32.8328, 39.8713]]]}}, {"type": "Feature", "properties": {}, "geometry": {"type": "Polygon", "coordinates": [[[32.83407, 39.87182], [32.83425, 39.87169], [32.83434, 39.87177], [32.83417, 39.8719], [32.83407, 39.87182]]]}}, {"type": "Feature", "properties": {}, "geometry": {"type": "Polygon", "coordinates": [[[32.83473, 39.87235], [32.83491, 39.87222], [32.83504, 39.87233], [32.83486, 39.87246], [32.83473, 39.87235]]]}}, {"type": "Feature", "properties": {}, "geometry": {"type": "Polygon", "coordinates": [[[32.83489, 39.87248], [32.83508, 39.87235], [32.83521, 39.87245], [32.83502, 39.87259], [32.83489, 39.87248]]]}}, {"type": "Feature", "properties": {}, "geometry": {"type": "Polygon", "coordinates": [[[32.83569, 39.87271], [32.83589, 39.87261], [32.83606, 39.87276], [32.83585, 39.87286], [32.83569, 39.87271]]]}}, {"type": "Feature", "properties": {}, "geometry": {"type": "Polygon", "coordinates": [[[32.83612, 39.8725], [32.83641, 39.87234], [32.83653, 39.87252], [32.83624, 39.87266], [32.83612, 39.8725]]]}}, {"type": "Feature", "properties": {}, "geometry": {"type": "Polygon", "coordinates": [[[32.83632, 39.87077], [32.83646, 39.87051], [32.83668, 39.87056], [32.83665, 39.87064], [32.83665, 39.87069], [32.83662, 39.87073], [32.83659, 39.87076], [32.83654, 39.87082], [32.8365, 39.87085], [32.83632, 39.87077]]]}}, {"type": "Feature", "properties": {}, "geometry": {"type": "Polygon", "coordinates": [[[32.85976, 39.86729], [32.85976, 39.8672], [32.85986, 39.8672], [32.85986, 39.86713], [32.85995, 39.86714], [32.85995, 39.86707], [32.86004, 39.86707], [32.86004, 39.867], [32.86015, 39.867], [32.86015, 39.86694], [32.86006, 39.86694], [32.86006, 39.86686], [32.86008, 39.86687], [32.86008, 39.86682], [32.86014, 39.86681], [32.86017, 39.86685], [32.86017, 39.86694], [32.86025, 39.86693], [32.86025, 39.86696], [32.86031, 39.86696], [32.8603, 39.867], [32.86028, 39.86702], [32.86021, 39.86702], [32.8602, 39.86707], [32.86018, 39.86709], [32.86011, 39.86709], [32.86012, 39.86713], [32.86007, 39.86716], [32.86001, 39.86716], [32.86002, 39.86721], [32.85998, 39.86723], [32.85992, 39.86722], [32.85993, 39.86727], [32.8599, 39.86729], [32.85976, 39.86729]]]}}, {"type": "Feature", "properties": {}, "geometry": {"type": "Polygon", "coordinates": [[[32.86, 39.86646], [32.86015, 39.86637], [32.86035, 39.86656], [32.8602, 39.86665], [32.86, 39.86646]]]}}, {"type": "Feature", "properties": {}, "geometry": {"type": "Polygon", "coordinates": [[[32.86077, 39.86618], [32.86098, 39.86605], [32.86109, 39.86615], [32.86089, 39.86628], [32.86077, 39.86618]]]}}, {"type": "Feature", "properties": {}, "geometry": {"type": "Polygon", "coordinates": [[[32.8603, 39.86678], [32.86048, 39.86668], [32.86065, 39.86685], [32.86047, 39.86696], [32.86039, 39.86688], [32.86045, 39.86684], [32.86044, 39.86682], [32.86038, 39.86686], [32.8603, 39.86678]]]}}, {"type": "Feature", "properties": {}, "geometry": {"type": "Polygon", "coordinates": [[[32.85804, 39.86687], [32.85802, 39.8668], [32.85822, 39.86676], [32.85828, 39.86675], [32.85833, 39.86677], [32.85835, 39.86681], [32.85835, 39.86683], [32.85832, 39.86688], [32.85829, 39.86689], [32.85811, 39.86688], [32.85808, 39.86687], [32.85804, 39.86687]]]}}, {"type": "Feature", "properties": {}, "geometry": {"type": "Polygon", "coordinates": [[[32.85802, 39.86873], [32.85816, 39.86868], [32.85827, 39.86885], [32.85813, 39.86891], [32.85802, 39.86873]]]}}, {"type": "Feature", "properties": {}, "geometry": {"type": "Polygon", "coordinates": [[[32.85835, 39.86881], [32.85827, 39.86865], [32.85841, 39.8686], [32.8585, 39.86877], [32.85835, 39.86881]]]}}, {"type": "Feature", "properties": {}, "geometry": {"type": "Polygon", "coordinates": [[[32.85824, 39.86897], [32.85847, 39.8689], [32.85855, 39.86906], [32.85832, 39.86913], [32.85824, 39.86897]]]}}, {"type": "Feature", "properties": {}, "geometry": {"type": "Polygon", "coordinates": [[[32.85568, 39.87124], [32.85569, 39.8711], [32.85594, 39.87111], [32.85593, 39.87125], [32.85568, 39.87124]]]}}, {"type": "Feature", "properties": {}, "geometry": {"type": "Polygon", "coordinates": [[[32.85577, 39.87102], [32.856, 39.87104], [32.85602, 39.87089], [32.85579, 39.87087], [32.85577, 39.87102]]]}}, {"type": "Feature", "properties": {}, "geometry": {"type": "Polygon", "coordinates": [[[32.85329, 39.86913], [32.85325, 39.86894], [32.85347, 39.86891], [32.85352, 39.8691], [32.85329, 39.86913]]]}}, {"type": "Feature", "properties": {}, "geometry": {"type": "Polygon", "coordinates": [[[32.85323, 39.86921], [32.85351, 39.86917], [32.85355, 39.86934], [32.85327, 39.86938], [32.85323, 39.86921]]]}}, {"type": "Feature", "properties": {}, "geometry": {"type": "Polygon", "coordinates": [[[32.85378, 39.86921], [32.85367, 39.86909], [32.85386, 39.86899], [32.85397, 39.86911], [32.85378, 39.86921]]]}}, {"type": "Feature", "properties": {}, "geometry": {"type": "Polygon", "coordinates": [[[32.85371, 39.86933], [32.85394, 39.86919], [32.85402, 39.86926], [32.85386, 39.86944], [32.85378, 39.8694], [32.85371, 39.86933]]]}}, {"type": "Feature", "properties": {}, "geometry": {"type": "Polygon", "coordinates": [[[32.85396, 39.86896], [32.85414, 39.86885], [32.85428, 39.86899], [32.8541, 39.8691], [32.85396, 39.86896]]]}}, {"type": "Feature", "properties": {}, "geometry": {"type": "Polygon", "coordinates": [[[32.85381, 39.86874], [32.85395, 39.86867], [32.8541, 39.86883], [32.85396, 39.86891], [32.85381, 39.86874]]]}}, {"type": "Feature", "properties": {}, "geometry": {"type": "Polygon", "coordinates": [[[32.85659, 39.86816], [32.8567, 39.86807], [32.85688, 39.86819], [32.85676, 39.86829], [32.85659, 39.86816]]]}}, {"type": "Feature", "properties": {}, "geometry": {"type": "Polygon", "coordinates": [[[32.85611, 39.86922], [32.8561, 39.86909], [32.85643, 39.86907], [32.85644, 39.8692], [32.85611, 39.86922]]]}}, {"type": "Feature", "properties": {}, "geometry": {"type": "Polygon", "coordinates": [[[32.85508, 39.86819], [32.85501, 39.86801], [32.8553, 39.86795], [32.85536, 39.86814], [32.85508, 39.86819]]]}}, {"type": "Feature", "properties": {}, "geometry": {"type": "Polygon", "coordinates": [[[32.85511, 39.86837], [32.85511, 39.86834], [32.85514, 39.86834], [32.85513, 39.86826], [32.85542, 39.86824], [32.85544, 39.86846], [32.85533, 39.86846], [32.85534, 39.86849], [32.8553, 39.86849], [32.85511, 39.86837]]]}}, {"type": "Feature", "properties": {}, "geometry": {"type": "Polygon", "coordinates": [[[32.85536, 39.86923], [32.85543, 39.86908], [32.8557, 39.86916], [32.85565, 39.86927], [32.85561, 39.86928], [32.85551, 39.86925], [32.85548, 39.86927], [32.85544, 39.86928], [32.85536, 39.86923]]]}}, {"type": "Feature", "properties": {}, "geometry": {"type": "Polygon", "coordinates": [[[32.85703, 39.87008], [32.85703, 39.86989], [32.85735, 39.86989], [32.85735, 39.87008], [32.85703, 39.87008]]]}}, {"type": "Feature", "properties": {}, "geometry": {"type": "Polygon", "coordinates": [[[32.85309, 39.8705], [32.85321, 39.87035], [32.85351, 39.87049], [32.85339, 39.87064], [32.85309, 39.8705]]]}}, {"type": "Feature", "properties": {}, "geometry": {"type": "Polygon", "coordinates": [[[32.85283, 39.87084], [32.85293, 39.87066], [32.85309, 39.87071], [32.85299, 39.87089], [32.85283, 39.87084]]]}}, {"type": "Feature", "properties": {}, "geometry": {"type": "Polygon", "coordinates": [[[32.85309, 39.87088], [32.85317, 39.87072], [32.8533, 39.87077], [32.85322, 39.87092], [32.85309, 39.87088]]]}}, {"type": "Feature", "properties": {}, "geometry": {"type": "Polygon", "coordinates": [[[32.85327, 39.87096], [32.85335, 39.87081], [32.85349, 39.87085], [32.85341, 39.871], [32.85327, 39.87096]]]}}, {"type": "Feature", "properties": {}, "geometry": {"type": "Polygon", "coordinates": [[[32.85348, 39.87103], [32.85358, 39.87087], [32.85374, 39.87092], [32.85364, 39.87109], [32.85348, 39.87103]]]}}, {"type": "Feature", "properties": {}, "geometry": {"type": "Polygon", "coordinates": [[[32.85382, 39.87135], [32.85392, 39.8711], [32.85408, 39.87114], [32.85398, 39.87139], [32.85382, 39.87135]]]}}, {"type": "Feature", "properties": {}, "geometry": {"type": "Polygon", "coordinates": [[[32.85398, 39.87099], [32.85409, 39.87075], [32.85427, 39.8708], [32.85416, 39.87104], [32.85398, 39.87099]]]}}, {"type": "Feature", "properties": {}, "geometry": {"type": "Polygon", "coordinates": [[[32.85413, 39.87136], [32.85419, 39.87122], [32.85439, 39.87126], [32.85434, 39.8714], [32.85413, 39.87136]]]}}, {"type": "Feature", "properties": {}, "geometry": {"type": "Polygon", "coordinates": [[[32.85429, 39.87116], [32.85436, 39.87098], [32.8545, 39.87101], [32.85443, 39.87119], [32.85429, 39.87116]]]}}, {"type": "Feature", "properties": {}, "geometry": {"type": "Polygon", "coordinates": [[[32.85436, 39.87092], [32.85441, 39.8708], [32.85457, 39.87083], [32.85452, 39.87095], [32.85436, 39.87092]]]}}, {"type": "Feature", "properties": {}, "geometry": {"type": "Polygon", "coordinates": [[[32.85441, 39.87073], [32.85446, 39.87061], [32.85465, 39.87065], [32.85459, 39.87078], [32.85441, 39.87073]]]}}, {"type": "Feature", "properties": {}, "geometry": {"type": "Polygon", "coordinates": [[[32.85453, 39.87135], [32.8546, 39.8712], [32.85475, 39.87124], [32.85468, 39.87139], [32.85453, 39.87135]]]}}, {"type": "Feature", "properties": {}, "geometry": {"type": "Polygon", "coordinates": [[[32.85482, 39.87141], [32.85483, 39.87129], [32.85504, 39.87129], [32.85503, 39.87142], [32.85482, 39.87141]]]}}, {"type": "Feature", "properties": {}, "geometry": {"type": "Polygon", "coordinates": [[[32.85513, 39.8714], [32.85515, 39.87124], [32.85532, 39.87125], [32.8553, 39.87141], [32.85513, 39.8714]]]}}, {"type": "Feature", "properties": {}, "geometry": {"type": "Polygon", "coordinates": [[[32.85618, 39.87055], [32.85645, 39.87058], [32.85643, 39.87074], [32.85616, 39.87071], [32.85618, 39.87055]]]}}, {"type": "Feature", "properties": {}, "geometry": {"type": "Polygon", "coordinates": [[[32.85575, 39.87064], [32.85578, 39.8705], [32.85605, 39.87052], [32.85603, 39.87067], [32.85575, 39.87064]]]}}, {"type": "Feature", "properties": {}, "geometry": {"type": "Polygon", "coordinates": [[[32.85579, 39.87042], [32.85581, 39.87027], [32.85602, 39.87029], [32.856, 39.87044], [32.85579, 39.87042]]]}}, {"type": "Feature", "properties": {}, "geometry": {"type": "Polygon", "coordinates": [[[32.85587, 39.86985], [32.85605, 39.86986], [32.85604, 39.86999], [32.85585, 39.86997], [32.85587, 39.86985]]]}}, {"type": "Feature", "properties": {}, "geometry": {"type": "Polygon", "coordinates": [[[32.85627, 39.87017], [32.85627, 39.86998], [32.85646, 39.86998], [32.85646, 39.87017], [32.85627, 39.87017]]]}}, {"type": "Feature", "properties": {}, "geometry": {"type": "Polygon", "coordinates": [[[32.85588, 39.86977], [32.8559, 39.86966], [32.85614, 39.86968], [32.85613, 39.86979], [32.85588, 39.86977]]]}}, {"type": "Feature", "properties": {}, "geometry": {"type": "Polygon", "coordinates": [[[32.85627, 39.86955], [32.85629, 39.86937], [32.85648, 39.86938], [32.85646, 39.86956], [32.85627, 39.86955]]]}}, {"type": "Feature", "properties": {}, "geometry": {"type": "Polygon", "coordinates": [[[32.8567, 39.86952], [32.85668, 39.86936], [32.85691, 39.86935], [32.85693, 39.86951], [32.8567, 39.86952]]]}}, {"type": "Feature", "properties": {}, "geometry": {"type": "Polygon", "coordinates": [[[32.85703, 39.86956], [32.85702, 39.86937], [32.85725, 39.86936], [32.85726, 39.86955], [32.85703, 39.86956]]]}}, {"type": "Feature", "properties": {}, "geometry": {"type": "Polygon", "coordinates": [[[32.85668, 39.86979], [32.85668, 39.86962], [32.8569, 39.86962], [32.8569, 39.86979], [32.85668, 39.86979]]]}}, {"type": "Feature", "properties": {}, "geometry": {"type": "Polygon", "coordinates": [[[32.85669, 39.86986], [32.85692, 39.86986], [32.85692, 39.86999], [32.85669, 39.86999], [32.85669, 39.86996], [32.8567, 39.86996], [32.8567, 39.86989], [32.85669, 39.86989], [32.85669, 39.86986]]]}}, {"type": "Feature", "properties": {}, "geometry": {"type": "Polygon", "coordinates": [[[32.85667, 39.87018], [32.85667, 39.87005], [32.85692, 39.87005], [32.85692, 39.87018], [32.85667, 39.87018]]]}}, {"type": "Feature", "properties": {}, "geometry": {"type": "Polygon", "coordinates": [[[32.85666, 39.87038], [32.85667, 39.87025], [32.85689, 39.87025], [32.85689, 39.87038], [32.85666, 39.87038]]]}}, {"type": "Feature", "properties": {}, "geometry": {"type": "Polygon", "coordinates": [[[32.85667, 39.87057], [32.85667, 39.87043], [32.8569, 39.87043], [32.8569, 39.87057], [32.85667, 39.87057]]]}}, {"type": "Feature", "properties": {}, "geometry": {"type": "Polygon", "coordinates": [[[32.85629, 39.86989], [32.85629, 39.86971], [32.85646, 39.8697], [32.85647, 39.86991], [32.85639, 39.86992], [32.85636, 39.8699], [32.85629, 39.86989]]]}}, {"type": "Feature", "properties": {}, "geometry": {"type": "Polygon", "coordinates": [[[32.85595, 39.86939], [32.8562, 39.8694], [32.85619, 39.86952], [32.85617, 39.86953], [32.85617, 39.86957], [32.85597, 39.86956], [32.85597, 39.86952], [32.85595, 39.8695], [32.85595, 39.86939]]]}}, {"type": "Feature", "properties": {}, "geometry": {"type": "Polygon", "coordinates": [[[32.85621, 39.86897], [32.85638, 39.86885], [32.8565, 39.869], [32.85649, 39.86901], [32.85635, 39.869], [32.85623, 39.86899], [32.8562, 39.86899], [32.85621, 39.86897]]]}}, {"type": "Feature", "properties": {}, "geometry": {"type": "Polygon", "coordinates": [[[32.85701, 39.86896], [32.85715, 39.86894], [32.8572, 39.86913], [32.85706, 39.86915], [32.85701, 39.86896]]]}}, {"type": "Feature", "properties": {}, "geometry": {"type": "Polygon", "coordinates": [[[32.85729, 39.86914], [32.85723, 39.86894], [32.85731, 39.86893], [32.85747, 39.86913], [32.85729, 39.86914]]]}}, {"type": "Feature", "properties": {}, "geometry": {"type": "Polygon", "coordinates": [[[32.85755, 39.86901], [32.85781, 39.86891], [32.85783, 39.86895], [32.85782, 39.86901], [32.85776, 39.86904], [32.85768, 39.86906], [32.85766, 39.86906], [32.8576, 39.86907], [32.85757, 39.86906], [32.85755, 39.86901]]]}}, {"type": "Feature", "properties": {}, "geometry": {"type": "Polygon", "coordinates": [[[32.85715, 39.86861], [32.85742, 39.86846], [32.85748, 39.86852], [32.85749, 39.86854], [32.85748, 39.86856], [32.85726, 39.86868], [32.85723, 39.86868], [32.8572, 39.86867], [32.85715, 39.86861]]]}}, {"type": "Feature", "properties": {}, "geometry": {"type": "Polygon", "coordinates": [[[32.85735, 39.8687], [32.85756, 39.8686], [32.85764, 39.86869], [32.85743, 39.86879], [32.85735, 39.8687]]]}}, {"type": "Feature", "properties": {}, "geometry": {"type": "Polygon", "coordinates": [[[32.85599, 39.86772], [32.85594, 39.86759], [32.85621, 39.86753], [32.85626, 39.86766], [32.85599, 39.86772]]]}}, {"type": "Feature", "properties": {}, "geometry": {"type": "Polygon", "coordinates": [[[32.85597, 39.86778], [32.85625, 39.86772], [32.85628, 39.86782], [32.85601, 39.86787], [32.85597, 39.86778]]]}}, {"type": "Feature", "properties": {}, "geometry": {"type": "Polygon", "coordinates": [[[32.85585, 39.86739], [32.85578, 39.8672], [32.85599, 39.86716], [32.85606, 39.86735], [32.85585, 39.86739]]]}}, {"type": "Feature", "properties": {}, "geometry": {"type": "Polygon", "coordinates": [[[32.85586, 39.86743], [32.85619, 39.86736], [32.85622, 39.86744], [32.85619, 39.86745], [32.8562, 39.86748], [32.85595, 39.86754], [32.85594, 39.86751], [32.85589, 39.86752], [32.85586, 39.86743]]]}}, {"type": "Feature", "properties": {}, "geometry": {"type": "Polygon", "coordinates": [[[32.85567, 39.86436], [32.856, 39.86411], [32.85625, 39.86431], [32.85592, 39.86456], [32.85567, 39.86436]]]}}, {"type": "Feature", "properties": {}, "geometry": {"type": "Polygon", "coordinates": [[[32.85526, 39.86396], [32.85517, 39.86383], [32.85527, 39.86379], [32.85537, 39.86378], [32.85545, 39.86379], [32.85552, 39.86383], [32.85557, 39.86388], [32.85545, 39.86397], [32.85526, 39.86396]]]}}, {"type": "Feature", "properties": {}, "geometry": {"type": "Polygon", "coordinates": [[[32.85553, 39.86401], [32.85568, 39.86389], [32.85582, 39.864], [32.85567, 39.86411], [32.85553, 39.86401]]]}}, {"type": "Feature", "properties": {}, "geometry": {"type": "Polygon", "coordinates": [[[32.85448, 39.86437], [32.85458, 39.86426], [32.85476, 39.86437], [32.85466, 39.86448], [32.85448, 39.86437]]]}}, {"type": "Feature", "properties": {}, "geometry": {"type": "Polygon", "coordinates": [[[32.85432, 39.86456], [32.85442, 39.86445], [32.8546, 39.86455], [32.8545, 39.86466], [32.85432, 39.86456]]]}}, {"type": "Feature", "properties": {}, "geometry": {"type": "Polygon", "coordinates": [[[32.85499, 39.86438], [32.85516, 39.86424], [32.8553, 39.86435], [32.85513, 39.86448], [32.85499, 39.86438]]]}}, {"type": "Feature", "properties": {}, "geometry": {"type": "Polygon", "coordinates": [[[32.8526, 39.86687], [32.85273, 39.8667], [32.85298, 39.86682], [32.85284, 39.86699], [32.8526, 39.86687]]]}}, {"type": "Feature", "properties": {}, "geometry": {"type": "Polygon", "coordinates": [[[32.85273, 39.86663], [32.85285, 39.86648], [32.85308, 39.86659], [32.85296, 39.86674], [32.85273, 39.86663]]]}}, {"type": "Feature", "properties": {}, "geometry": {"type": "Polygon", "coordinates": [[[32.85183, 39.86358], [32.85206, 39.86348], [32.85219, 39.86364], [32.85196, 39.86374], [32.85183, 39.86358]]]}}, {"type": "Feature", "properties": {}, "geometry": {"type": "Polygon", "coordinates": [[[32.85233, 39.86319], [32.85251, 39.86311], [32.85271, 39.86338], [32.85253, 39.86345], [32.85233, 39.86319]]]}}, {"type": "Feature", "properties": {}, "geometry": {"type": "Polygon", "coordinates": [[[32.8531, 39.86484], [32.85336, 39.86457], [32.85355, 39.86464], [32.85351, 39.86469], [32.85353, 39.86472], [32.85356, 39.86478], [32.85356, 39.86483], [32.85356, 39.86488], [32.85365, 39.86491], [32.85356, 39.86506], [32.8531, 39.86484]]]}}, {"type": "Feature", "properties": {}, "geometry": {"type": "Polygon", "coordinates": [[[32.8535, 39.86456], [32.85357, 39.86445], [32.85365, 39.86448], [32.8537, 39.86441], [32.85395, 39.86451], [32.85384, 39.86469], [32.8535, 39.86456]]]}}, {"type": "Feature", "properties": {}, "geometry": {"type": "Polygon", "coordinates": [[[32.85544, 39.86764], [32.85564, 39.8676], [32.85569, 39.86776], [32.85549, 39.8678], [32.85544, 39.86764]]]}}, {"type": "Feature", "properties": {}, "geometry": {"type": "Polygon", "coordinates": [[[32.8514, 39.86861], [32.8515, 39.86846], [32.85173, 39.86855], [32.85164, 39.8687], [32.8514, 39.86861]]]}}, {"type": "Feature", "properties": {}, "geometry": {"type": "Polygon", "coordinates": [[[32.85184, 39.86888], [32.85189, 39.86871], [32.85223, 39.86877], [32.85218, 39.86894], [32.85184, 39.86888]]]}}, {"type": "Feature", "properties": {}, "geometry": {"type": "Polygon", "coordinates": [[[32.85112, 39.86909], [32.85121, 39.86893], [32.85147, 39.86902], [32.85138, 39.86917], [32.85112, 39.86909]]]}}, {"type": "Feature", "properties": {}, "geometry": {"type": "Polygon", "coordinates": [[[32.851, 39.86927], [32.85106, 39.86914], [32.85138, 39.86923], [32.85133, 39.86936], [32.851, 39.86927]]]}}, {"type": "Feature", "properties": {}, "geometry": {"type": "Polygon", "coordinates": [[[32.85175, 39.86914], [32.8518, 39.86901], [32.8519, 39.86903], [32.85193, 39.86902], [32.85213, 39.86906], [32.85206, 39.86924], [32.85186, 39.86919], [32.85185, 39.86916], [32.85175, 39.86914]]]}}, {"type": "Feature", "properties": {}, "geometry": {"type": "Polygon", "coordinates": [[[32.85167, 39.86941], [32.8517, 39.86931], [32.85176, 39.86929], [32.85201, 39.86934], [32.85204, 39.86937], [32.852, 39.86947], [32.85196, 39.8695], [32.8517, 39.86945], [32.85167, 39.86941]]]}}, {"type": "Feature", "properties": {}, "geometry": {"type": "Polygon", "coordinates": [[[32.85143, 39.86665], [32.85155, 39.86653], [32.85176, 39.86666], [32.85164, 39.86677], [32.85143, 39.86665]]]}}, {"type": "Feature", "properties": {}, "geometry": {"type": "Polygon", "coordinates": [[[32.85204, 39.86658], [32.85216, 39.86644], [32.85236, 39.86654], [32.85224, 39.86668], [32.85204, 39.86658]]]}}, {"type": "Feature", "properties": {}, "geometry": {"type": "Polygon", "coordinates": [[[32.85218, 39.86636], [32.85228, 39.86623], [32.85253, 39.86634], [32.85243, 39.86647], [32.85218, 39.86636]]]}}, {"type": "Feature", "properties": {}, "geometry": {"type": "Polygon", "coordinates": [[[32.85239, 39.86616], [32.85248, 39.86604], [32.85269, 39.86613], [32.8526, 39.86626], [32.85239, 39.86616]]]}}, {"type": "Feature", "properties": {}, "geometry": {"type": "Polygon", "coordinates": [[[32.85179, 39.86612], [32.85191, 39.866], [32.85209, 39.86611], [32.85196, 39.86622], [32.85179, 39.86612]]]}}, {"type": "Feature", "properties": {}, "geometry": {"type": "Polygon", "coordinates": [[[32.85158, 39.86632], [32.85173, 39.86617], [32.85189, 39.86626], [32.85182, 39.86633], [32.85186, 39.86636], [32.85177, 39.86644], [32.85158, 39.86632]]]}}, {"type": "Feature", "properties": {}, "geometry": {"type": "Polygon", "coordinates": [[[32.85256, 39.86542], [32.8527, 39.86527], [32.85287, 39.86536], [32.85274, 39.86551], [32.85256, 39.86542]]]}}, {"type": "Feature", "properties": {}, "geometry": {"type": "Polygon", "coordinates": [[[32.85209, 39.86429], [32.85224, 39.86419], [32.85242, 39.86434], [32.85227, 39.86444], [32.85209, 39.86429]]]}}, {"type": "Feature", "properties": {}, "geometry": {"type": "Polygon", "coordinates": [[[32.85187, 39.86447], [32.852, 39.86439], [32.85213, 39.86451], [32.852, 39.86459], [32.85187, 39.86447]]]}}, {"type": "Feature", "properties": {}, "geometry": {"type": "Polygon", "coordinates": [[[32.85166, 39.86462], [32.85178, 39.86453], [32.85189, 39.86458], [32.85199, 39.86464], [32.85181, 39.86479], [32.85169, 39.86468], [32.85166, 39.86462]]]}}, {"type": "Feature", "properties": {}, "geometry": {"type": "Polygon", "coordinates": [[[32.85141, 39.86478], [32.85155, 39.86466], [32.85175, 39.86478], [32.8516, 39.86491], [32.85141, 39.86478]]]}}, {"type": "Feature", "properties": {}, "geometry": {"type": "Polygon", "coordinates": [[[32.854, 39.8635], [32.85398, 39.86335], [32.85392, 39.86326], [32.85394, 39.86323], [32.85386, 39.86311], [32.85384, 39.86312], [32.85378, 39.86304], [32.85364, 39.86282], [32.85406, 39.86262], [32.85426, 39.86286], [32.85432, 39.86306], [32.85436, 39.86317], [32.85437, 39.86329], [32.85437, 39.86356], [32.8543, 39.86355], [32.8543, 39.86362], [32.854, 39.8635]]]}}, {"type": "Feature", "properties": {}, "geometry": {"type": "Polygon", "coordinates": [[[32.85872, 39.86864], [32.85867, 39.86856], [32.85892, 39.86848], [32.85897, 39.86856], [32.85872, 39.86864]]]}}, {"type": "Feature", "properties": {}, "geometry": {"type": "Polygon", "coordinates": [[[32.85875, 39.86871], [32.85898, 39.86863], [32.85903, 39.86872], [32.85879, 39.8688], [32.85875, 39.86871]]]}}, {"type": "Feature", "properties": {}, "geometry": {"type": "Polygon", "coordinates": [[[32.85213, 39.86753], [32.85221, 39.86742], [32.85246, 39.86752], [32.85238, 39.86763], [32.85213, 39.86753]]]}}, {"type": "Feature", "properties": {}, "geometry": {"type": "Polygon", "coordinates": [[[32.85226, 39.86735], [32.85233, 39.86724], [32.85257, 39.86734], [32.8525, 39.86745], [32.85226, 39.86735]]]}}, {"type": "Feature", "properties": {}, "geometry": {"type": "Polygon", "coordinates": [[[32.85238, 39.86716], [32.85246, 39.86707], [32.85268, 39.86717], [32.85275, 39.86722], [32.85269, 39.8673], [32.85238, 39.86716]]]}}, {"type": "Feature", "properties": {}, "geometry": {"type": "Polygon", "coordinates": [[[32.85273, 39.86753], [32.85284, 39.86737], [32.85306, 39.86746], [32.85295, 39.86761], [32.85273, 39.86753]]]}}, {"type": "Feature", "properties": {}, "geometry": {"type": "Polygon", "coordinates": [[[32.85264, 39.86773], [32.85273, 39.8676], [32.85295, 39.86769], [32.85286, 39.86782], [32.85264, 39.86773]]]}}, {"type": "Feature", "properties": {}, "geometry": {"type": "Polygon", "coordinates": [[[32.85249, 39.8679], [32.85257, 39.86778], [32.85278, 39.86787], [32.8527, 39.86798], [32.85249, 39.8679]]]}}, {"type": "Feature", "properties": {}, "geometry": {"type": "Polygon", "coordinates": [[[32.85237, 39.86811], [32.85248, 39.86797], [32.85267, 39.86806], [32.85257, 39.8682], [32.85237, 39.86811]]]}}, {"type": "Feature", "properties": {}, "geometry": {"type": "Polygon", "coordinates": [[[32.85564, 39.86588], [32.8557, 39.86598], [32.85541, 39.86608], [32.85536, 39.86598], [32.85564, 39.86588]]]}}, {"type": "Feature", "properties": {}, "geometry": {"type": "Polygon", "coordinates": [[[32.85571, 39.86585], [32.85581, 39.86569], [32.85601, 39.86577], [32.856, 39.86584], [32.85596, 39.86586], [32.85584, 39.8659], [32.85571, 39.86585]]]}}, {"type": "Feature", "properties": {}, "geometry": {"type": "Polygon", "coordinates": [[[32.85585, 39.86598], [32.85604, 39.86592], [32.85612, 39.86606], [32.85593, 39.86612], [32.85585, 39.86598]]]}}, {"type": "Feature", "properties": {}, "geometry": {"type": "Polygon", "coordinates": [[[32.85608, 39.86655], [32.85628, 39.86648], [32.8564, 39.86653], [32.8564, 39.86655], [32.85637, 39.86658], [32.85634, 39.86658], [32.85632, 39.86659], [32.8563, 39.86661], [32.85626, 39.86663], [32.85622, 39.86664], [32.85616, 39.86664], [32.85614, 39.86666], [32.85606, 39.86665], [32.85608, 39.86655]]]}}, {"type": "Feature", "properties": {}, "geometry": {"type": "Polygon", "coordinates": [[[32.85627, 39.86806], [32.85643, 39.86793], [32.85656, 39.86803], [32.8564, 39.86816], [32.85627, 39.86806]]]}}, {"type": "Feature", "properties": {}, "geometry": {"type": "Polygon", "coordinates": [[[32.85621, 39.8685], [32.85639, 39.86833], [32.85653, 39.86843], [32.85635, 39.86859], [32.85621, 39.8685]]]}}, {"type": "Feature", "properties": {}, "geometry": {"type": "Polygon", "coordinates": [[[32.85754, 39.86976], [32.85778, 39.86974], [32.8578, 39.86987], [32.85757, 39.86989], [32.85754, 39.86976]]]}}, {"type": "Feature", "properties": {}, "geometry": {"type": "Polygon", "coordinates": [[[32.8548, 39.86913], [32.85485, 39.86896], [32.85506, 39.86899], [32.85501, 39.86916], [32.8548, 39.86913]]]}}, {"type": "Feature", "properties": {}, "geometry": {"type": "Polygon", "coordinates": [[[32.85392, 39.86569], [32.85419, 39.86584], [32.85407, 39.86597], [32.85379, 39.86581], [32.85392, 39.86569]]]}}, {"type": "Feature", "properties": {}, "geometry": {"type": "Polygon", "coordinates": [[[32.85244, 39.86374], [32.85261, 39.86366], [32.85273, 39.86381], [32.85256, 39.86389], [32.85244, 39.86374]]]}}, {"type": "Feature", "properties": {}, "geometry": {"type": "Polygon", "coordinates": [[[32.85219, 39.86385], [32.85236, 39.86376], [32.8525, 39.86393], [32.85233, 39.86401], [32.85219, 39.86385]]]}}, {"type": "Feature", "properties": {}, "geometry": {"type": "Polygon", "coordinates": [[[32.8531, 39.86187], [32.85306, 39.86169], [32.85325, 39.86166], [32.8533, 39.86184], [32.8531, 39.86187]]]}}, {"type": "Feature", "properties": {}, "geometry": {"type": "Polygon", "coordinates": [[[32.85279, 39.8619], [32.85274, 39.86172], [32.85295, 39.86168], [32.853, 39.86186], [32.85279, 39.8619]]]}}, {"type": "Feature", "properties": {}, "geometry": {"type": "Polygon", "coordinates": [[[32.85252, 39.86196], [32.85247, 39.86177], [32.85265, 39.86174], [32.8527, 39.86193], [32.85252, 39.86196]]]}}, {"type": "Feature", "properties": {}, "geometry": {"type": "Polygon", "coordinates": [[[32.85347, 39.86187], [32.85336, 39.86164], [32.85352, 39.86159], [32.85364, 39.86184], [32.85355, 39.86186], [32.85354, 39.86185], [32.85347, 39.86187]]]}}, {"type": "Feature", "properties": {}, "geometry": {"type": "Polygon", "coordinates": [[[32.85199, 39.86205], [32.85193, 39.86184], [32.8521, 39.86181], [32.85216, 39.86202], [32.85199, 39.86205]]]}}, {"type": "Feature", "properties": {}, "geometry": {"type": "Polygon", "coordinates": [[[32.85224, 39.86199], [32.8522, 39.86182], [32.85239, 39.86179], [32.85244, 39.86196], [32.85224, 39.86199]]]}}, {"type": "Feature", "properties": {}, "geometry": {"type": "Polygon", "coordinates": [[[32.85788, 39.86948], [32.85812, 39.86941], [32.85821, 39.86958], [32.85797, 39.86965], [32.85788, 39.86948]]]}}, {"type": "Feature", "properties": {}, "geometry": {"type": "Polygon", "coordinates": [[[32.83952, 39.87448], [32.83944, 39.87427], [32.83964, 39.87422], [32.83973, 39.87443], [32.83952, 39.87448]]]}}, {"type": "Feature", "properties": {}, "geometry": {"type": "Polygon", "coordinates": [[[32.8576, 39.86332], [32.85776, 39.86341], [32.85788, 39.86328], [32.8577, 39.86317], [32.8576, 39.86328], [32.8576, 39.86332]]]}}, {"type": "Feature", "properties": {}, "geometry": {"type": "Polygon", "coordinates": [[[32.85808, 39.86331], [32.85821, 39.8634], [32.85838, 39.86326], [32.85825, 39.86317], [32.85808, 39.86331]]]}}, {"type": "Feature", "properties": {}, "geometry": {"type": "Polygon", "coordinates": [[[32.8293, 39.87124], [32.82936, 39.8712], [32.82971, 39.8714], [32.82965, 39.87148], [32.82943, 39.87135], [32.8293, 39.87124]]]}}, {"type": "Feature", "properties": {}, "geometry": {"type": "Polygon", "coordinates": [[[32.82853, 39.87092], [32.82854, 39.87094], [32.82854, 39.87096], [32.82857, 39.87096], [32.8286, 39.87097], [32.82862, 39.87097], [32.82865, 39.87099], [32.82866, 39.87102], [32.82867, 39.87104], [32.8287, 39.87104], [32.82873, 39.87104], [32.82881, 39.87097], [32.82879, 39.87094], [32.82877, 39.87092], [32.82872, 39.87092], [32.82868, 39.8709], [32.82866, 39.87086], [32.82864, 39.87085], [32.8286, 39.87085], [32.82856, 39.87085], [32.82851, 39.87091], [32.82853, 39.87092]]]}}, {"type": "Feature", "properties": {}, "geometry": {"type": "Polygon", "coordinates": [[[32.82813, 39.87069], [32.82814, 39.87071], [32.82814, 39.87073], [32.82817, 39.87073], [32.8282, 39.87074], [32.82822, 39.87074], [32.82825, 39.87076], [32.82826, 39.87079], [32.82827, 39.87081], [32.8283, 39.87081], [32.82833, 39.8708], [32.82841, 39.87074], [32.82839, 39.87071], [32.82837, 39.87069], [32.82832, 39.87068], [32.82828, 39.87067], [32.82826, 39.87063], [32.82824, 39.87061], [32.8282, 39.87062], [32.82816, 39.87062], [32.82811, 39.87068], [32.82813, 39.87069]]]}}, {"type": "Feature", "properties": {}, "geometry": {"type": "Polygon", "coordinates": [[[32.82771, 39.87047], [32.82772, 39.87049], [32.82772, 39.87051], [32.82775, 39.87051], [32.82778, 39.87051], [32.82781, 39.87052], [32.82783, 39.87054], [32.82785, 39.87057], [32.82786, 39.87059], [32.82788, 39.87059], [32.82791, 39.87058], [32.82799, 39.87052], [32.82797, 39.87049], [32.82795, 39.87047], [32.82791, 39.87046], [32.82787, 39.87045], [32.82785, 39.87041], [32.82783, 39.87039], [32.82779, 39.8704], [32.82775, 39.8704], [32.82769, 39.87046], [32.82771, 39.87047]]]}}, {"type": "Feature", "properties": {}, "geometry": {"type": "Polygon", "coordinates": [[[32.83136, 39.87155], [32.83145, 39.87144], [32.83164, 39.87153], [32.83166, 39.87152], [32.83185, 39.87161], [32.83172, 39.87177], [32.83155, 39.87168], [32.83157, 39.87166], [32.83136, 39.87155]]]}}, {"type": "Feature", "properties": {}, "geometry": {"type": "Polygon", "coordinates": [[[32.83189, 39.87191], [32.83203, 39.87179], [32.83235, 39.87202], [32.83222, 39.87214], [32.83189, 39.87191]]]}}, {"type": "Feature", "properties": {}, "geometry": {"type": "Polygon", "coordinates": [[[32.83205, 39.87171], [32.83221, 39.87159], [32.83233, 39.87167], [32.83217, 39.8718], [32.83205, 39.87171]]]}}, {"type": "Feature", "properties": {}, "geometry": {"type": "Polygon", "coordinates": [[[32.83114, 39.87275], [32.83126, 39.87262], [32.83163, 39.87282], [32.83151, 39.87295], [32.83114, 39.87275]]]}}, {"type": "Feature", "properties": {}, "geometry": {"type": "Polygon", "coordinates": [[[32.83164, 39.87309], [32.83183, 39.87283], [32.83202, 39.87291], [32.83184, 39.87318], [32.83164, 39.87309]]]}}, {"type": "Feature", "properties": {}, "geometry": {"type": "Polygon", "coordinates": [[[32.8391, 39.86939], [32.83925, 39.86933], [32.8394, 39.86952], [32.83925, 39.86959], [32.8391, 39.86939]]]}}, {"type": "Feature", "properties": {}, "geometry": {"type": "Polygon", "coordinates": [[[32.83965, 39.86915], [32.83979, 39.86908], [32.83995, 39.86928], [32.83981, 39.86935], [32.83965, 39.86915]]]}}, {"type": "Feature", "properties": {}, "geometry": {"type": "Polygon", "coordinates": [[[32.83985, 39.86908], [32.84, 39.86902], [32.84014, 39.86921], [32.84, 39.86927], [32.83985, 39.86908]]]}}, {"type": "Feature", "properties": {}, "geometry": {"type": "Polygon", "coordinates": [[[32.84003, 39.86898], [32.84017, 39.86892], [32.84032, 39.86913], [32.84018, 39.86919], [32.84003, 39.86898]]]}}, {"type": "Feature", "properties": {}, "geometry": {"type": "Polygon", "coordinates": [[[32.84023, 39.8689], [32.84038, 39.86883], [32.84053, 39.86904], [32.84038, 39.86911], [32.84023, 39.8689]]]}}, {"type": "Feature", "properties": {}, "geometry": {"type": "Polygon", "coordinates": [[[32.83549, 39.87396], [32.83566, 39.8738], [32.83579, 39.87389], [32.83561, 39.87404], [32.83549, 39.87396]]]}}, {"type": "Feature", "properties": {}, "geometry": {"type": "Polygon", "coordinates": [[[32.83575, 39.87366], [32.83594, 39.8735], [32.83607, 39.87359], [32.83588, 39.87375], [32.83575, 39.87366]]]}}, {"type": "Feature", "properties": {}, "geometry": {"type": "Polygon", "coordinates": [[[32.83621, 39.87186], [32.83641, 39.87177], [32.8365, 39.87187], [32.8363, 39.87197], [32.83621, 39.87186]]]}}, {"type": "Feature", "properties": {}, "geometry": {"type": "Polygon", "coordinates": [[[32.83634, 39.87203], [32.83654, 39.87193], [32.83676, 39.87219], [32.83656, 39.87229], [32.83634, 39.87203]]]}}, {"type": "Feature", "properties": {}, "geometry": {"type": "Polygon", "coordinates": [[[32.83654, 39.87235], [32.83678, 39.87223], [32.83687, 39.87234], [32.83664, 39.87246], [32.83654, 39.87235]]]}}, {"type": "Feature", "properties": {}, "geometry": {"type": "Polygon", "coordinates": [[[32.83785, 39.87473], [32.83804, 39.87473], [32.83803, 39.87449], [32.83785, 39.87449], [32.83785, 39.87473]]]}}, {"type": "Feature", "properties": {}, "geometry": {"type": "Polygon", "coordinates": [[[32.84274, 39.87402], [32.84294, 39.87391], [32.843, 39.87399], [32.8428, 39.8741], [32.84274, 39.87402]]]}}, {"type": "Feature", "properties": {}, "geometry": {"type": "Polygon", "coordinates": [[[32.84033, 39.87503], [32.84062, 39.87501], [32.84062, 39.87505], [32.84092, 39.87503], [32.84088, 39.87422], [32.84072, 39.87423], [32.84071, 39.87425], [32.84065, 39.87425], [32.84064, 39.87427], [32.84058, 39.87428], [32.84058, 39.87431], [32.84051, 39.87431], [32.84051, 39.87433], [32.84044, 39.87433], [32.84044, 39.87435], [32.84038, 39.87436], [32.84038, 39.87438], [32.84033, 39.87438], [32.84028, 39.87443], [32.84027, 39.87447], [32.8403, 39.87498], [32.84033, 39.87499], [32.84033, 39.87503]]]}}, {"type": "Feature", "properties": {}, "geometry": {"type": "Polygon", "coordinates": [[[32.84043, 39.87541], [32.84049, 39.87507], [32.84077, 39.87509], [32.84072, 39.87545], [32.84043, 39.87541]]]}}, {"type": "Feature", "properties": {}, "geometry": {"type": "Polygon", "coordinates": [[[32.83477, 39.87091], [32.83487, 39.87084], [32.83505, 39.87095], [32.83496, 39.87105], [32.83477, 39.87091]]]}}, {"type": "Feature", "properties": {}, "geometry": {"type": "Polygon", "coordinates": [[[32.83511, 39.87067], [32.83527, 39.87052], [32.83543, 39.87061], [32.83528, 39.87077], [32.83511, 39.87067]]]}}, {"type": "Feature", "properties": {}, "geometry": {"type": "Polygon", "coordinates": [[[32.83529, 39.87044], [32.83539, 39.87034], [32.83556, 39.87044], [32.83547, 39.87054], [32.83529, 39.87044]]]}}, {"type": "Feature", "properties": {}, "geometry": {"type": "Polygon", "coordinates": [[[32.83544, 39.87031], [32.83554, 39.8702], [32.8357, 39.87029], [32.8356, 39.8704], [32.83544, 39.87031]]]}}, {"type": "Feature", "properties": {}, "geometry": {"type": "Polygon", "coordinates": [[[32.83557, 39.87017], [32.83568, 39.87005], [32.83583, 39.87014], [32.83575, 39.87025], [32.83557, 39.87017]]]}}, {"type": "Feature", "properties": {}, "geometry": {"type": "Polygon", "coordinates": [[[32.83573, 39.87002], [32.83584, 39.86989], [32.836, 39.86998], [32.83589, 39.8701], [32.83573, 39.87002]]]}}, {"type": "Feature", "properties": {}, "geometry": {"type": "Polygon", "coordinates": [[[32.8358, 39.87031], [32.83591, 39.87019], [32.83609, 39.87028], [32.83598, 39.8704], [32.8358, 39.87031]]]}}, {"type": "Feature", "properties": {}, "geometry": {"type": "Polygon", "coordinates": [[[32.83594, 39.87014], [32.83606, 39.87001], [32.83623, 39.8701], [32.83611, 39.87023], [32.83594, 39.87014]]]}}, {"type": "Feature", "properties": {}, "geometry": {"type": "Polygon", "coordinates": [[[32.83568, 39.871], [32.83585, 39.87083], [32.83601, 39.87093], [32.83585, 39.8711], [32.83568, 39.871]]]}}, {"type": "Feature", "properties": {}, "geometry": {"type": "Polygon", "coordinates": [[[32.83594, 39.87076], [32.83601, 39.87065], [32.83619, 39.87074], [32.83612, 39.87084], [32.83594, 39.87076]]]}}, {"type": "Feature", "properties": {}, "geometry": {"type": "Polygon", "coordinates": [[[32.83608, 39.87059], [32.83625, 39.87039], [32.83641, 39.87047], [32.83624, 39.87067], [32.83608, 39.87059]]]}}, {"type": "Feature", "properties": {}, "geometry": {"type": "Polygon", "coordinates": [[[32.83629, 39.87035], [32.83639, 39.87019], [32.83654, 39.87025], [32.83643, 39.87041], [32.83629, 39.87035]]]}}, {"type": "Feature", "properties": {}, "geometry": {"type": "Polygon", "coordinates": [[[32.8365, 39.87045], [32.83659, 39.87027], [32.83675, 39.87031], [32.83666, 39.8705], [32.8365, 39.87045]]]}}, {"type": "Feature", "properties": {}, "geometry": {"type": "Polygon", "coordinates": [[[32.8359, 39.87113], [32.83605, 39.87099], [32.83619, 39.87107], [32.83604, 39.87122], [32.8359, 39.87113]]]}}, {"type": "Feature", "properties": {}, "geometry": {"type": "Polygon", "coordinates": [[[32.83612, 39.87122], [32.8363, 39.87106], [32.83647, 39.87116], [32.83631, 39.87133], [32.83612, 39.87122]]]}}, {"type": "Feature", "properties": {}, "geometry": {"type": "Polygon", "coordinates": [[[32.83639, 39.87086], [32.83658, 39.87096], [32.8365, 39.87107], [32.83629, 39.87096], [32.83639, 39.87086]]]}}, {"type": "Feature", "properties": {}, "geometry": {"type": "Polygon", "coordinates": [[[32.83653, 39.87144], [32.83676, 39.87133], [32.83687, 39.87147], [32.83664, 39.87158], [32.83653, 39.87144]]]}}, {"type": "Feature", "properties": {}, "geometry": {"type": "Polygon", "coordinates": [[[32.83671, 39.87161], [32.83698, 39.8715], [32.83705, 39.87161], [32.83679, 39.87172], [32.83671, 39.87161]]]}}, {"type": "Feature", "properties": {}, "geometry": {"type": "Polygon", "coordinates": [[[32.83696, 39.87189], [32.83719, 39.87179], [32.83726, 39.8719], [32.83703, 39.872], [32.83696, 39.87189]]]}}, {"type": "Feature", "properties": {}, "geometry": {"type": "Polygon", "coordinates": [[[32.83705, 39.87206], [32.83725, 39.87195], [32.83734, 39.87206], [32.83734, 39.87211], [32.83721, 39.87217], [32.83717, 39.87218], [32.83714, 39.87217], [32.83705, 39.87206]]]}}, {"type": "Feature", "properties": {}, "geometry": {"type": "Polygon", "coordinates": [[[32.83726, 39.87157], [32.83749, 39.87148], [32.83756, 39.87159], [32.83733, 39.87167], [32.83726, 39.87157]]]}}, {"type": "Feature", "properties": {}, "geometry": {"type": "Polygon", "coordinates": [[[32.83737, 39.87175], [32.83758, 39.87161], [32.83775, 39.87182], [32.8376, 39.87191], [32.83749, 39.8718], [32.83743, 39.87183], [32.83737, 39.87175]]]}}, {"type": "Feature", "properties": {}, "geometry": {"type": "Polygon", "coordinates": [[[32.83733, 39.87196], [32.83748, 39.87189], [32.83757, 39.87201], [32.83743, 39.87208], [32.83733, 39.87196]]]}}, {"type": "Feature", "properties": {}, "geometry": {"type": "Polygon", "coordinates": [[[32.83712, 39.87118], [32.8373, 39.87111], [32.83739, 39.87123], [32.8372, 39.87131], [32.83712, 39.87118]]]}}, {"type": "Feature", "properties": {}, "geometry": {"type": "Polygon", "coordinates": [[[32.83754, 39.86885], [32.83758, 39.86867], [32.83778, 39.86869], [32.83774, 39.86888], [32.83754, 39.86885]]]}}, {"type": "Feature", "properties": {}, "geometry": {"type": "Polygon", "coordinates": [[[32.8379, 39.86852], [32.83788, 39.86832], [32.83811, 39.86831], [32.83812, 39.86851], [32.8379, 39.86852]]]}}, {"type": "Feature", "properties": {}, "geometry": {"type": "Polygon", "coordinates": [[[32.83783, 39.86879], [32.83784, 39.86868], [32.8381, 39.8687], [32.83807, 39.86891], [32.83791, 39.86889], [32.83792, 39.8688], [32.83783, 39.86879]]]}}, {"type": "Feature", "properties": {}, "geometry": {"type": "Polygon", "coordinates": [[[32.83799, 39.86739], [32.83831, 39.86732], [32.83836, 39.86743], [32.83803, 39.86751], [32.83799, 39.86739]]]}}, {"type": "Feature", "properties": {}, "geometry": {"type": "Polygon", "coordinates": [[[32.83789, 39.86724], [32.83807, 39.86719], [32.83812, 39.8673], [32.83794, 39.86735], [32.83789, 39.86724]]]}}, {"type": "Feature", "properties": {}, "geometry": {"type": "Polygon", "coordinates": [[[32.83818, 39.8673], [32.83811, 39.86718], [32.83828, 39.86713], [32.83834, 39.86725], [32.83818, 39.8673]]]}}, {"type": "Feature", "properties": {}, "geometry": {"type": "Polygon", "coordinates": [[[32.83884, 39.86646], [32.83901, 39.86637], [32.83933, 39.86675], [32.83916, 39.86684], [32.83884, 39.86646]]]}}, {"type": "Feature", "properties": {}, "geometry": {"type": "Polygon", "coordinates": [[[32.83932, 39.86663], [32.83958, 39.86657], [32.83964, 39.8667], [32.83938, 39.86676], [32.83932, 39.86663]]]}}, {"type": "Feature", "properties": {}, "geometry": {"type": "Polygon", "coordinates": [[[32.83835, 39.86711], [32.83852, 39.86705], [32.8386, 39.86718], [32.83842, 39.86724], [32.83835, 39.86711]]]}}, {"type": "Feature", "properties": {}, "geometry": {"type": "Polygon", "coordinates": [[[32.83845, 39.86731], [32.83864, 39.86725], [32.83869, 39.86738], [32.8385, 39.86743], [32.83845, 39.86731]]]}}, {"type": "Feature", "properties": {}, "geometry": {"type": "Polygon", "coordinates": [[[32.83858, 39.86703], [32.83878, 39.86693], [32.83887, 39.8671], [32.8388, 39.86713], [32.83878, 39.86712], [32.83869, 39.86715], [32.83865, 39.86715], [32.83858, 39.86703]]]}}, {"type": "Feature", "properties": {}, "geometry": {"type": "Polygon", "coordinates": [[[32.83871, 39.86722], [32.83889, 39.86716], [32.8389, 39.86719], [32.83897, 39.86717], [32.83904, 39.86734], [32.83878, 39.86741], [32.83871, 39.86722]]]}}, {"type": "Feature", "properties": {}, "geometry": {"type": "Polygon", "coordinates": [[[32.83963, 39.86735], [32.83978, 39.86726], [32.84019, 39.86766], [32.84004, 39.86775], [32.83963, 39.86735]]]}}, {"type": "Feature", "properties": {}, "geometry": {"type": "Polygon", "coordinates": [[[32.83835, 39.86762], [32.83858, 39.86758], [32.83863, 39.86777], [32.8384, 39.86781], [32.83835, 39.86762]]]}}, {"type": "Feature", "properties": {}, "geometry": {"type": "Polygon", "coordinates": [[[32.83815, 39.86786], [32.83809, 39.86768], [32.83829, 39.86764], [32.83835, 39.86783], [32.83815, 39.86786]]]}}, {"type": "Feature", "properties": {}, "geometry": {"type": "Polygon", "coordinates": [[[32.8382, 39.86795], [32.83839, 39.86791], [32.83842, 39.86803], [32.83824, 39.86806], [32.8382, 39.86795]]]}}, {"type": "Feature", "properties": {}, "geometry": {"type": "Polygon", "coordinates": [[[32.83849, 39.86804], [32.83846, 39.86788], [32.83865, 39.86786], [32.83868, 39.86802], [32.83849, 39.86804]]]}}, {"type": "Feature", "properties": {}, "geometry": {"type": "Polygon", "coordinates": [[[32.83829, 39.86814], [32.83847, 39.86812], [32.83847, 39.86815], [32.83849, 39.86818], [32.83849, 39.86821], [32.83849, 39.86825], [32.83848, 39.8683], [32.83831, 39.86832], [32.83829, 39.86814]]]}}, {"type": "Feature", "properties": {}, "geometry": {"type": "Polygon", "coordinates": [[[32.83853, 39.8682], [32.83852, 39.86809], [32.83873, 39.86807], [32.83874, 39.86819], [32.83853, 39.8682]]]}}, {"type": "Feature", "properties": {}, "geometry": {"type": "Polygon", "coordinates": [[[32.83858, 39.86835], [32.83858, 39.86823], [32.83881, 39.86822], [32.83881, 39.86834], [32.83858, 39.86835]]]}}, {"type": "Feature", "properties": {}, "geometry": {"type": "Polygon", "coordinates": [[[32.83904, 39.86859], [32.83903, 39.86845], [32.83943, 39.86845], [32.83943, 39.86858], [32.83904, 39.86859]]]}}, {"type": "Feature", "properties": {}, "geometry": {"type": "Polygon", "coordinates": [[[32.83954, 39.86862], [32.8395, 39.86842], [32.83967, 39.8684], [32.83971, 39.86861], [32.83954, 39.86862]]]}}, {"type": "Feature", "properties": {}, "geometry": {"type": "Polygon", "coordinates": [[[32.83903, 39.86831], [32.839, 39.86812], [32.83921, 39.86811], [32.83924, 39.86829], [32.83903, 39.86831]]]}}, {"type": "Feature", "properties": {}, "geometry": {"type": "Polygon", "coordinates": [[[32.83893, 39.86809], [32.83889, 39.86797], [32.83912, 39.86793], [32.83916, 39.86805], [32.83893, 39.86809]]]}}, {"type": "Feature", "properties": {}, "geometry": {"type": "Polygon", "coordinates": [[[32.83931, 39.86804], [32.83927, 39.86791], [32.83951, 39.86787], [32.83955, 39.86799], [32.83931, 39.86804]]]}}, {"type": "Feature", "properties": {}, "geometry": {"type": "Polygon", "coordinates": [[[32.83909, 39.86763], [32.83926, 39.86755], [32.83944, 39.86777], [32.83928, 39.86785], [32.83909, 39.86763]]]}}, {"type": "Feature", "properties": {}, "geometry": {"type": "Polygon", "coordinates": [[[32.8398, 39.86857], [32.83972, 39.86838], [32.83993, 39.86832], [32.84002, 39.86851], [32.8398, 39.86857]]]}}, {"type": "Feature", "properties": {}, "geometry": {"type": "Polygon", "coordinates": [[[32.83903, 39.86919], [32.83907, 39.86898], [32.83926, 39.86901], [32.83923, 39.86921], [32.83903, 39.86919]]]}}, {"type": "Feature", "properties": {}, "geometry": {"type": "Polygon", "coordinates": [[[32.8391, 39.86893], [32.83912, 39.86877], [32.83933, 39.86879], [32.83931, 39.86895], [32.8391, 39.86893]]]}}, {"type": "Feature", "properties": {}, "geometry": {"type": "Polygon", "coordinates": [[[32.83938, 39.86901], [32.83939, 39.86878], [32.83953, 39.86878], [32.83952, 39.86902], [32.83938, 39.86901]]]}}, {"type": "Feature", "properties": {}, "geometry": {"type": "Polygon", "coordinates": [[[32.83962, 39.86895], [32.83958, 39.8688], [32.83979, 39.86877], [32.83982, 39.86892], [32.83962, 39.86895]]]}}, {"type": "Feature", "properties": {}, "geometry": {"type": "Polygon", "coordinates": [[[32.83988, 39.86888], [32.83982, 39.86876], [32.83998, 39.86871], [32.84005, 39.86883], [32.83988, 39.86888]]]}}, {"type": "Feature", "properties": {}, "geometry": {"type": "Polygon", "coordinates": [[[32.84011, 39.86882], [32.84004, 39.8687], [32.84019, 39.86866], [32.84024, 39.86876], [32.84011, 39.86882]]]}}, {"type": "Feature", "properties": {}, "geometry": {"type": "Polygon", "coordinates": [[[32.83542, 39.86772], [32.83558, 39.86763], [32.83573, 39.86779], [32.83556, 39.86788], [32.83542, 39.86772]]]}}, {"type": "Feature", "properties": {}, "geometry": {"type": "Polygon", "coordinates": [[[32.83528, 39.86759], [32.83543, 39.8675], [32.83553, 39.86759], [32.83538, 39.86768], [32.83528, 39.86759]]]}}, {"type": "Feature", "properties": {}, "geometry": {"type": "Polygon", "coordinates": [[[32.83563, 39.86803], [32.8359, 39.86793], [32.83601, 39.86811], [32.83574, 39.86821], [32.83563, 39.86803]]]}}, {"type": "Feature", "properties": {}, "geometry": {"type": "Polygon", "coordinates": [[[32.83644, 39.86816], [32.8365, 39.8681], [32.83666, 39.86806], [32.83671, 39.86822], [32.83653, 39.86827], [32.83652, 39.86826], [32.83649, 39.86827], [32.83644, 39.86816]]]}}, {"type": "Feature", "properties": {}, "geometry": {"type": "Polygon", "coordinates": [[[32.83677, 39.86804], [32.83705, 39.86794], [32.83715, 39.86815], [32.83689, 39.86825], [32.83677, 39.86804]]]}}, {"type": "Feature", "properties": {}, "geometry": {"type": "Polygon", "coordinates": [[[32.83668, 39.86838], [32.83668, 39.86834], [32.83685, 39.86831], [32.83691, 39.8685], [32.83676, 39.86854], [32.83675, 39.86851], [32.83666, 39.86853], [32.83662, 39.86839], [32.83668, 39.86838]]]}}, {"type": "Feature", "properties": {}, "geometry": {"type": "Polygon", "coordinates": [[[32.83701, 39.86845], [32.83697, 39.8683], [32.8372, 39.86827], [32.83724, 39.86841], [32.83701, 39.86845]]]}}, {"type": "Feature", "properties": {}, "geometry": {"type": "Polygon", "coordinates": [[[32.83703, 39.86867], [32.83702, 39.86852], [32.8372, 39.86847], [32.83725, 39.86847], [32.83726, 39.86868], [32.83721, 39.86869], [32.83703, 39.86867]]]}}, {"type": "Feature", "properties": {}, "geometry": {"type": "Polygon", "coordinates": [[[32.83669, 39.86864], [32.83689, 39.86859], [32.83695, 39.86872], [32.83675, 39.86877], [32.83669, 39.86864]]]}}, {"type": "Feature", "properties": {}, "geometry": {"type": "Polygon", "coordinates": [[[32.83633, 39.86863], [32.83636, 39.86843], [32.83642, 39.86843], [32.8365, 39.86866], [32.83633, 39.86863]]]}}, {"type": "Feature", "properties": {}, "geometry": {"type": "Polygon", "coordinates": [[[32.83702, 39.86892], [32.83703, 39.86874], [32.83726, 39.86875], [32.83723, 39.86894], [32.83702, 39.86892]]]}}, {"type": "Feature", "properties": {}, "geometry": {"type": "Polygon", "coordinates": [[[32.83682, 39.86915], [32.83681, 39.86898], [32.83698, 39.86898], [32.83698, 39.86915], [32.83682, 39.86915]]]}}, {"type": "Feature", "properties": {}, "geometry": {"type": "Polygon", "coordinates": [[[32.83703, 39.86917], [32.83703, 39.86899], [32.83723, 39.86899], [32.83721, 39.86917], [32.83703, 39.86917]]]}}, {"type": "Feature", "properties": {}, "geometry": {"type": "Polygon", "coordinates": [[[32.83736, 39.86804], [32.8373, 39.86785], [32.83743, 39.86782], [32.8375, 39.86801], [32.83736, 39.86804]]]}}, {"type": "Feature", "properties": {}, "geometry": {"type": "Polygon", "coordinates": [[[32.83755, 39.86801], [32.8375, 39.86785], [32.83768, 39.8678], [32.83773, 39.86798], [32.83755, 39.86801]]]}}, {"type": "Feature", "properties": {}, "geometry": {"type": "Polygon", "coordinates": [[[32.83776, 39.86794], [32.83771, 39.86778], [32.83789, 39.86773], [32.83795, 39.8679], [32.83776, 39.86794]]]}}, {"type": "Feature", "properties": {}, "geometry": {"type": "Polygon", "coordinates": [[[32.83747, 39.86826], [32.83744, 39.86809], [32.83766, 39.86806], [32.83769, 39.86821], [32.83747, 39.86826]]]}}, {"type": "Feature", "properties": {}, "geometry": {"type": "Polygon", "coordinates": [[[32.83778, 39.86814], [32.83775, 39.86803], [32.83801, 39.86799], [32.83803, 39.86809], [32.83778, 39.86814]]]}}, {"type": "Feature", "properties": {}, "geometry": {"type": "Polygon", "coordinates": [[[32.83753, 39.86833], [32.83776, 39.86833], [32.83779, 39.86847], [32.83769, 39.86849], [32.83767, 39.86848], [32.83764, 39.86851], [32.83758, 39.86849], [32.83754, 39.86846], [32.83756, 39.86842], [32.83754, 39.86841], [32.83753, 39.86833]]]}}, {"type": "Feature", "properties": {}, "geometry": {"type": "Polygon", "coordinates": [[[32.83782, 39.86826], [32.83781, 39.86819], [32.83806, 39.86815], [32.83807, 39.86825], [32.83782, 39.86826]]]}}, {"type": "Feature", "properties": {}, "geometry": {"type": "Polygon", "coordinates": [[[32.83664, 39.86686], [32.83688, 39.86672], [32.837, 39.86687], [32.83679, 39.86701], [32.83675, 39.867], [32.83664, 39.86686]]]}}, {"type": "Feature", "properties": {}, "geometry": {"type": "Polygon", "coordinates": [[[32.83694, 39.86666], [32.83717, 39.86653], [32.83729, 39.86668], [32.83707, 39.86682], [32.83694, 39.86666]]]}}, {"type": "Feature", "properties": {}, "geometry": {"type": "Polygon", "coordinates": [[[32.83682, 39.86649], [32.83698, 39.86639], [32.83709, 39.8665], [32.83691, 39.8666], [32.83682, 39.86649]]]}}, {"type": "Feature", "properties": {}, "geometry": {"type": "Polygon", "coordinates": [[[32.83651, 39.86668], [32.83669, 39.86658], [32.83677, 39.86671], [32.8366, 39.8668], [32.83651, 39.86668]]]}}, {"type": "Feature", "properties": {}, "geometry": {"type": "Polygon", "coordinates": [[[32.83769, 39.86325], [32.83775, 39.86309], [32.83804, 39.86315], [32.83798, 39.86331], [32.83769, 39.86325]]]}}, {"type": "Feature", "properties": {}, "geometry": {"type": "Polygon", "coordinates": [[[32.83778, 39.86246], [32.8377, 39.86232], [32.838, 39.86223], [32.83806, 39.86236], [32.83778, 39.86246]]]}}, {"type": "Feature", "properties": {}, "geometry": {"type": "Polygon", "coordinates": [[[32.83773, 39.86256], [32.83773, 39.86251], [32.83796, 39.86248], [32.83796, 39.86251], [32.83803, 39.8625], [32.83804, 39.86263], [32.83795, 39.86264], [32.83796, 39.86268], [32.83775, 39.86271], [32.83775, 39.86265], [32.83777, 39.86264], [32.83776, 39.86256], [32.83773, 39.86256]]]}}, {"type": "Feature", "properties": {}, "geometry": {"type": "Polygon", "coordinates": [[[32.83785, 39.86285], [32.83784, 39.86273], [32.83812, 39.86272], [32.83812, 39.86284], [32.83785, 39.86285]]]}}, {"type": "Feature", "properties": {}, "geometry": {"type": "Polygon", "coordinates": [[[32.83784, 39.86301], [32.83788, 39.86288], [32.83812, 39.86293], [32.83808, 39.86306], [32.83784, 39.86301]]]}}, {"type": "Feature", "properties": {}, "geometry": {"type": "Polygon", "coordinates": [[[32.8381, 39.8632], [32.83817, 39.86299], [32.83819, 39.86296], [32.83821, 39.86295], [32.83846, 39.86299], [32.83846, 39.86302], [32.83815, 39.86321], [32.8381, 39.8632]]]}}, {"type": "Feature", "properties": {}, "geometry": {"type": "Polygon", "coordinates": [[[32.83822, 39.8629], [32.83825, 39.86277], [32.83855, 39.86282], [32.83852, 39.86294], [32.83822, 39.8629]]]}}, {"type": "Feature", "properties": {}, "geometry": {"type": "Polygon", "coordinates": [[[32.83834, 39.86274], [32.83831, 39.86265], [32.83829, 39.86265], [32.83827, 39.86257], [32.83855, 39.86253], [32.83859, 39.86269], [32.83834, 39.86274]]]}}, {"type": "Feature", "properties": {}, "geometry": {"type": "Polygon", "coordinates": [[[32.83822, 39.8625], [32.83821, 39.8624], [32.83851, 39.86235], [32.83853, 39.86249], [32.83833, 39.86253], [32.83832, 39.86251], [32.83826, 39.86252], [32.83822, 39.8625]]]}}, {"type": "Feature", "properties": {}, "geometry": {"type": "Polygon", "coordinates": [[[32.83819, 39.86236], [32.83816, 39.86222], [32.83845, 39.86218], [32.83849, 39.86232], [32.83819, 39.86236]]]}}, {"type": "Feature", "properties": {}, "geometry": {"type": "Polygon", "coordinates": [[[32.83815, 39.86218], [32.83808, 39.86207], [32.83832, 39.86193], [32.83841, 39.8621], [32.83815, 39.86218]]]}}, {"type": "Feature", "properties": {}, "geometry": {"type": "Polygon", "coordinates": [[[32.83757, 39.86202], [32.83773, 39.86189], [32.83798, 39.86207], [32.83781, 39.8622], [32.83757, 39.86202]]]}}, {"type": "Feature", "properties": {}, "geometry": {"type": "Polygon", "coordinates": [[[32.83782, 39.86183], [32.83803, 39.86168], [32.83821, 39.86183], [32.838, 39.86198], [32.83782, 39.86183]]]}}, {"type": "Feature", "properties": {}, "geometry": {"type": "Polygon", "coordinates": [[[32.83576, 39.86037], [32.83583, 39.86022], [32.83619, 39.86032], [32.83613, 39.86047], [32.83576, 39.86037]]]}}, {"type": "Feature", "properties": {}, "geometry": {"type": "Polygon", "coordinates": [[[32.83617, 39.86047], [32.83623, 39.86033], [32.83649, 39.8604], [32.83642, 39.86054], [32.83617, 39.86047]]]}}, {"type": "Feature", "properties": {}, "geometry": {"type": "Polygon", "coordinates": [[[32.8359, 39.86052], [32.83618, 39.86058], [32.83613, 39.86072], [32.83605, 39.8607], [32.83605, 39.86072], [32.83596, 39.8607], [32.83596, 39.86072], [32.83591, 39.86071], [32.83589, 39.86069], [32.83587, 39.86067], [32.83585, 39.86063], [32.8359, 39.86052]]]}}, {"type": "Feature", "properties": {}, "geometry": {"type": "Polygon", "coordinates": [[[32.83618, 39.86078], [32.83623, 39.86065], [32.8363, 39.86062], [32.83643, 39.86065], [32.83646, 39.86071], [32.8364, 39.86084], [32.83618, 39.86078]]]}}, {"type": "Feature", "properties": {}, "geometry": {"type": "Polygon", "coordinates": [[[32.83647, 39.86058], [32.83653, 39.86044], [32.83677, 39.8605], [32.83671, 39.86064], [32.83647, 39.86058]]]}}, {"type": "Feature", "properties": {}, "geometry": {"type": "Polygon", "coordinates": [[[32.83652, 39.86086], [32.83655, 39.8608], [32.83651, 39.86079], [32.83659, 39.86067], [32.83681, 39.86077], [32.83669, 39.86094], [32.83652, 39.86086]]]}}, {"type": "Feature", "properties": {}, "geometry": {"type": "Polygon", "coordinates": [[[32.83678, 39.8607], [32.83681, 39.86064], [32.83678, 39.86063], [32.83682, 39.86051], [32.83705, 39.86057], [32.837, 39.86069], [32.83698, 39.86068], [32.83695, 39.86073], [32.83692, 39.86072], [32.8369, 39.86073], [32.83678, 39.8607]]]}}, {"type": "Feature", "properties": {}, "geometry": {"type": "Polygon", "coordinates": [[[32.83681, 39.861], [32.83703, 39.86087], [32.83716, 39.861], [32.83694, 39.86113], [32.83681, 39.861]]]}}, {"type": "Feature", "properties": {}, "geometry": {"type": "Polygon", "coordinates": [[[32.83701, 39.86083], [32.83718, 39.86063], [32.8374, 39.86074], [32.83722, 39.86094], [32.83701, 39.86083]]]}}, {"type": "Feature", "properties": {}, "geometry": {"type": "Polygon", "coordinates": [[[32.8376, 39.86115], [32.83786, 39.86098], [32.838, 39.86113], [32.83774, 39.8613], [32.8376, 39.86115]]]}}, {"type": "Feature", "properties": {}, "geometry": {"type": "Polygon", "coordinates": [[[32.83737, 39.86133], [32.8375, 39.86124], [32.83764, 39.86137], [32.8375, 39.86146], [32.83737, 39.86133]]]}}, {"type": "Feature", "properties": {}, "geometry": {"type": "Polygon", "coordinates": [[[32.83731, 39.86135], [32.83747, 39.86149], [32.83732, 39.86159], [32.83717, 39.86144], [32.83731, 39.86135]]]}}, {"type": "Feature", "properties": {}, "geometry": {"type": "Polygon", "coordinates": [[[32.83765, 39.86147], [32.83777, 39.86137], [32.83794, 39.86151], [32.83782, 39.8616], [32.83765, 39.86147]]]}}, {"type": "Feature", "properties": {}, "geometry": {"type": "Polygon", "coordinates": [[[32.83733, 39.8617], [32.83745, 39.86161], [32.83764, 39.86176], [32.83749, 39.86187], [32.8374, 39.86179], [32.83741, 39.86178], [32.83733, 39.8617]]]}}, {"type": "Feature", "properties": {}, "geometry": {"type": "Polygon", "coordinates": [[[32.83483, 39.8589], [32.83479, 39.85877], [32.83497, 39.85874], [32.83501, 39.85886], [32.83483, 39.8589]]]}}, {"type": "Feature", "properties": {}, "geometry": {"type": "Polygon", "coordinates": [[[32.83445, 39.86632], [32.8346, 39.86624], [32.83472, 39.86635], [32.83457, 39.86643], [32.83445, 39.86632]]]}}, {"type": "Feature", "properties": {}, "geometry": {"type": "Polygon", "coordinates": [[[32.83468, 39.86626], [32.83482, 39.86618], [32.83492, 39.86628], [32.83478, 39.86636], [32.83468, 39.86626]]]}}, {"type": "Feature", "properties": {}, "geometry": {"type": "Polygon", "coordinates": [[[32.83485, 39.86638], [32.83495, 39.86632], [32.83506, 39.86645], [32.83495, 39.86651], [32.83485, 39.86638]]]}}, {"type": "Feature", "properties": {}, "geometry": {"type": "Polygon", "coordinates": [[[32.83467, 39.86646], [32.83477, 39.8664], [32.83489, 39.86653], [32.83479, 39.86659], [32.83467, 39.86646]]]}}, {"type": "Feature", "properties": {}, "geometry": {"type": "Polygon", "coordinates": [[[32.83485, 39.86663], [32.83507, 39.8665], [32.83522, 39.86668], [32.83501, 39.8668], [32.83485, 39.86663]]]}}, {"type": "Feature", "properties": {}, "geometry": {"type": "Polygon", "coordinates": [[[32.8351, 39.86684], [32.8353, 39.86672], [32.83542, 39.86683], [32.83522, 39.86695], [32.8351, 39.86684]]]}}, {"type": "Feature", "properties": {}, "geometry": {"type": "Polygon", "coordinates": [[[32.83532, 39.86698], [32.8355, 39.86688], [32.83564, 39.86702], [32.83546, 39.86713], [32.83532, 39.86698]]]}}, {"type": "Feature", "properties": {}, "geometry": {"type": "Polygon", "coordinates": [[[32.83151, 39.86534], [32.83148, 39.86505], [32.83157, 39.86504], [32.83157, 39.86501], [32.83176, 39.86499], [32.83179, 39.86533], [32.83151, 39.86534]]]}}, {"type": "Feature", "properties": {}, "geometry": {"type": "Polygon", "coordinates": [[[32.83122, 39.86484], [32.83114, 39.86469], [32.83131, 39.86463], [32.83139, 39.86479], [32.83122, 39.86484]]]}}, {"type": "Feature", "properties": {}, "geometry": {"type": "Polygon", "coordinates": [[[32.83154, 39.86457], [32.83161, 39.8647], [32.83143, 39.86475], [32.83137, 39.86462], [32.83154, 39.86457]]]}}, {"type": "Feature", "properties": {}, "geometry": {"type": "Polygon", "coordinates": [[[32.83131, 39.86507], [32.83123, 39.8649], [32.83141, 39.86485], [32.83146, 39.86501], [32.83131, 39.86507]]]}}, {"type": "Feature", "properties": {}, "geometry": {"type": "Polygon", "coordinates": [[[32.83149, 39.86483], [32.83167, 39.86478], [32.83173, 39.86492], [32.83155, 39.86496], [32.83149, 39.86483]]]}}, {"type": "Feature", "properties": {}, "geometry": {"type": "Polygon", "coordinates": [[[32.83097, 39.8643], [32.83112, 39.86425], [32.83121, 39.86441], [32.83105, 39.86446], [32.83097, 39.8643]]]}}, {"type": "Feature", "properties": {}, "geometry": {"type": "Polygon", "coordinates": [[[32.83117, 39.86424], [32.83133, 39.86419], [32.83141, 39.86436], [32.83125, 39.8644], [32.83117, 39.86424]]]}}, {"type": "Feature", "properties": {}, "geometry": {"type": "Polygon", "coordinates": [[[32.83087, 39.86412], [32.83115, 39.86404], [32.83121, 39.86416], [32.83093, 39.86424], [32.83087, 39.86412]]]}}, {"type": "Feature", "properties": {}, "geometry": {"type": "Polygon", "coordinates": [[[32.83084, 39.86406], [32.83079, 39.86396], [32.83108, 39.86389], [32.83112, 39.86399], [32.83084, 39.86406]]]}}, {"type": "Feature", "properties": {}, "geometry": {"type": "Polygon", "coordinates": [[[32.83076, 39.86392], [32.83072, 39.86382], [32.83104, 39.86373], [32.83108, 39.86383], [32.83076, 39.86392]]]}}, {"type": "Feature", "properties": {}, "geometry": {"type": "Polygon", "coordinates": [[[32.83175, 39.86409], [32.83192, 39.86403], [32.83201, 39.86419], [32.83183, 39.86425], [32.83175, 39.86409]]]}}, {"type": "Feature", "properties": {}, "geometry": {"type": "Polygon", "coordinates": [[[32.83161, 39.8643], [32.83153, 39.86414], [32.83169, 39.8641], [32.83177, 39.86425], [32.83161, 39.8643]]]}}, {"type": "Feature", "properties": {}, "geometry": {"type": "Polygon", "coordinates": [[[32.83184, 39.86463], [32.83177, 39.86449], [32.83193, 39.86444], [32.832, 39.86458], [32.83184, 39.86463]]]}}, {"type": "Feature", "properties": {}, "geometry": {"type": "Polygon", "coordinates": [[[32.83205, 39.86458], [32.83197, 39.86442], [32.83219, 39.86436], [32.83227, 39.86451], [32.83205, 39.86458]]]}}, {"type": "Feature", "properties": {}, "geometry": {"type": "Polygon", "coordinates": [[[32.83193, 39.8648], [32.83187, 39.86468], [32.83205, 39.86462], [32.8321, 39.86475], [32.83193, 39.8648]]]}}, {"type": "Feature", "properties": {}, "geometry": {"type": "Polygon", "coordinates": [[[32.83212, 39.86464], [32.83235, 39.86454], [32.83243, 39.86468], [32.83226, 39.86474], [32.83223, 39.86473], [32.8322, 39.86474], [32.83217, 39.86471], [32.83215, 39.86471], [32.83212, 39.86464]]]}}, {"type": "Feature", "properties": {}, "geometry": {"type": "Polygon", "coordinates": [[[32.83195, 39.86483], [32.83216, 39.86479], [32.8322, 39.86493], [32.83199, 39.86496], [32.83195, 39.86483]]]}}, {"type": "Feature", "properties": {}, "geometry": {"type": "Polygon", "coordinates": [[[32.83199, 39.86502], [32.83223, 39.86495], [32.8323, 39.86509], [32.83205, 39.86516], [32.83199, 39.86502]]]}}, {"type": "Feature", "properties": {}, "geometry": {"type": "Polygon", "coordinates": [[[32.83202, 39.86522], [32.83224, 39.86516], [32.8323, 39.86529], [32.83208, 39.86535], [32.83202, 39.86522]]]}}, {"type": "Feature", "properties": {}, "geometry": {"type": "Polygon", "coordinates": [[[32.83279, 39.86554], [32.83271, 39.86537], [32.83285, 39.86533], [32.83293, 39.86551], [32.83279, 39.86554]]]}}, {"type": "Feature", "properties": {}, "geometry": {"type": "Polygon", "coordinates": [[[32.83278, 39.8656], [32.83293, 39.86557], [32.83298, 39.86573], [32.83283, 39.86576], [32.83278, 39.8656]]]}}, {"type": "Feature", "properties": {}, "geometry": {"type": "Polygon", "coordinates": [[[32.8329, 39.866], [32.83287, 39.86582], [32.833, 39.8658], [32.83304, 39.86599], [32.8329, 39.866]]]}}, {"type": "Feature", "properties": {}, "geometry": {"type": "Polygon", "coordinates": [[[32.83293, 39.86609], [32.83309, 39.86608], [32.83314, 39.8663], [32.83307, 39.86631], [32.83296, 39.86626], [32.83293, 39.86609]]]}}, {"type": "Feature", "properties": {}, "geometry": {"type": "Polygon", "coordinates": [[[32.83185, 39.85619], [32.832, 39.85616], [32.83206, 39.8564], [32.83188, 39.85644], [32.83186, 39.85632], [32.83188, 39.8563], [32.83185, 39.85619]]]}}, {"type": "Feature", "properties": {}, "geometry": {"type": "Polygon", "coordinates": [[[32.8321, 39.85635], [32.83204, 39.85615], [32.83224, 39.85611], [32.8323, 39.85631], [32.8321, 39.85635]]]}}, {"type": "Feature", "properties": {}, "geometry": {"type": "Polygon", "coordinates": [[[32.83232, 39.85627], [32.83227, 39.85608], [32.83248, 39.85605], [32.83254, 39.85623], [32.83232, 39.85627]]]}}, {"type": "Feature", "properties": {}, "geometry": {"type": "Polygon", "coordinates": [[[32.83259, 39.8562], [32.83253, 39.85601], [32.83267, 39.85599], [32.83273, 39.85617], [32.83259, 39.8562]]]}}, {"type": "Feature", "properties": {}, "geometry": {"type": "Polygon", "coordinates": [[[32.83277, 39.85616], [32.83273, 39.85598], [32.83289, 39.85596], [32.83293, 39.85613], [32.83277, 39.85616]]]}}, {"type": "Feature", "properties": {}, "geometry": {"type": "Polygon", "coordinates": [[[32.83318, 39.8561], [32.83311, 39.85592], [32.83325, 39.85589], [32.83332, 39.85607], [32.83318, 39.8561]]]}}, {"type": "Feature", "properties": {}, "geometry": {"type": "Polygon", "coordinates": [[[32.83348, 39.85582], [32.83345, 39.85565], [32.83362, 39.85564], [32.83365, 39.8558], [32.83348, 39.85582]]]}}, {"type": "Feature", "properties": {}, "geometry": {"type": "Polygon", "coordinates": [[[32.83356, 39.85602], [32.83352, 39.85587], [32.83368, 39.85584], [32.83373, 39.85599], [32.83356, 39.85602]]]}}, {"type": "Feature", "properties": {}, "geometry": {"type": "Polygon", "coordinates": [[[32.83379, 39.85597], [32.83374, 39.85585], [32.83387, 39.85583], [32.83391, 39.85595], [32.83379, 39.85597]]]}}, {"type": "Feature", "properties": {}, "geometry": {"type": "Polygon", "coordinates": [[[32.83397, 39.85594], [32.83393, 39.85583], [32.83408, 39.85579], [32.83412, 39.85591], [32.83397, 39.85594]]]}}, {"type": "Feature", "properties": {}, "geometry": {"type": "Polygon", "coordinates": [[[32.83417, 39.85589], [32.83413, 39.85575], [32.83428, 39.85572], [32.83432, 39.85586], [32.83417, 39.85589]]]}}, {"type": "Feature", "properties": {}, "geometry": {"type": "Polygon", "coordinates": [[[32.83096, 39.85631], [32.83095, 39.85619], [32.83122, 39.85618], [32.83123, 39.85629], [32.83096, 39.85631]]]}}, {"type": "Feature", "properties": {}, "geometry": {"type": "Polygon", "coordinates": [[[32.83094, 39.85613], [32.83094, 39.85601], [32.8312, 39.85601], [32.8312, 39.85613], [32.83094, 39.85613]]]}}, {"type": "Feature", "properties": {}, "geometry": {"type": "Polygon", "coordinates": [[[32.83102, 39.85656], [32.83128, 39.85649], [32.83133, 39.85664], [32.83109, 39.85672], [32.83102, 39.85656]]]}}, {"type": "Feature", "properties": {}, "geometry": {"type": "Polygon", "coordinates": [[[32.83138, 39.85661], [32.83137, 39.85647], [32.83166, 39.85644], [32.83167, 39.85654], [32.83152, 39.85657], [32.83152, 39.8566], [32.83138, 39.85661]]]}}, {"type": "Feature", "properties": {}, "geometry": {"type": "Polygon", "coordinates": [[[32.83038, 39.8572], [32.83058, 39.85713], [32.83065, 39.85725], [32.83064, 39.85728], [32.83067, 39.85738], [32.83053, 39.85743], [32.83049, 39.85733], [32.83046, 39.85734], [32.83038, 39.8572]]]}}, {"type": "Feature", "properties": {}, "geometry": {"type": "Polygon", "coordinates": [[[32.82974, 39.85746], [32.82991, 39.85738], [32.83, 39.85749], [32.82983, 39.85757], [32.82974, 39.85746]]]}}, {"type": "Feature", "properties": {}, "geometry": {"type": "Polygon", "coordinates": [[[32.83, 39.85733], [32.83017, 39.85727], [32.83028, 39.85741], [32.8301, 39.85749], [32.83, 39.85733]]]}}, {"type": "Feature", "properties": {}, "geometry": {"type": "Polygon", "coordinates": [[[32.83003, 39.8576], [32.83029, 39.85746], [32.83038, 39.85763], [32.83015, 39.85775], [32.83003, 39.8576]]]}}, {"type": "Feature", "properties": {}, "geometry": {"type": "Polygon", "coordinates": [[[32.83069, 39.8571], [32.83101, 39.85701], [32.83108, 39.85714], [32.83076, 39.85724], [32.83069, 39.8571]]]}}, {"type": "Feature", "properties": {}, "geometry": {"type": "Polygon", "coordinates": [[[32.83093, 39.85739], [32.83087, 39.85726], [32.83118, 39.85717], [32.83124, 39.8573], [32.83093, 39.85739]]]}}, {"type": "Feature", "properties": {}, "geometry": {"type": "Polygon", "coordinates": [[[32.82968, 39.85632], [32.82957, 39.85613], [32.82959, 39.8561], [32.82962, 39.85607], [32.82972, 39.85607], [32.82983, 39.85624], [32.82983, 39.85627], [32.82978, 39.85631], [32.82973, 39.85633], [32.82968, 39.85632]]]}}, {"type": "Feature", "properties": {}, "geometry": {"type": "Polygon", "coordinates": [[[32.83003, 39.85678], [32.83016, 39.85675], [32.83018, 39.8567], [32.83017, 39.85666], [32.83015, 39.85665], [32.83014, 39.8566], [32.83009, 39.8566], [32.83006, 39.8566], [32.83003, 39.85661], [32.83001, 39.85663], [32.82998, 39.85665], [32.82997, 39.85668], [32.82999, 39.85671], [32.83003, 39.85678]]]}}, {"type": "Feature", "properties": {}, "geometry": {"type": "Polygon", "coordinates": [[[32.82719, 39.85547], [32.82736, 39.85531], [32.82752, 39.85541], [32.82735, 39.85557], [32.82719, 39.85547]]]}}, {"type": "Feature", "properties": {}, "geometry": {"type": "Polygon", "coordinates": [[[32.82564, 39.85556], [32.82581, 39.8554], [32.82597, 39.8555], [32.82581, 39.85566], [32.82564, 39.85556]]]}}, {"type": "Feature", "properties": {}, "geometry": {"type": "Polygon", "coordinates": [[[32.82606, 39.8558], [32.82622, 39.85564], [32.82639, 39.85574], [32.82623, 39.8559], [32.82606, 39.8558]]]}}, {"type": "Feature", "properties": {}, "geometry": {"type": "Polygon", "coordinates": [[[32.82699, 39.8557], [32.82707, 39.85563], [32.82735, 39.85579], [32.82728, 39.85587], [32.82699, 39.8557]]]}}, {"type": "Feature", "properties": {}, "geometry": {"type": "Polygon", "coordinates": [[[32.82686, 39.8558], [32.82693, 39.85572], [32.82721, 39.85588], [32.82713, 39.85596], [32.82686, 39.8558]]]}}, {"type": "Feature", "properties": {}, "geometry": {"type": "Polygon", "coordinates": [[[32.82826, 39.8554], [32.82843, 39.8553], [32.82854, 39.85547], [32.82844, 39.85554], [32.82826, 39.8554]]]}}, {"type": "Feature", "properties": {}, "geometry": {"type": "Polygon", "coordinates": [[[32.82824, 39.85591], [32.82839, 39.85582], [32.82851, 39.85597], [32.82838, 39.85605], [32.82824, 39.85591]]]}}, {"type": "Feature", "properties": {}, "geometry": {"type": "Polygon", "coordinates": [[[32.82862, 39.8555], [32.82859, 39.85539], [32.82856, 39.85539], [32.82854, 39.85536], [32.82851, 39.85533], [32.82854, 39.85529], [32.82861, 39.85527], [32.82893, 39.85519], [32.82898, 39.85542], [32.82862, 39.8555]]]}}, {"type": "Feature", "properties": {}, "geometry": {"type": "Polygon", "coordinates": [[[32.82891, 39.8557], [32.82885, 39.85551], [32.82903, 39.85547], [32.82909, 39.85567], [32.82891, 39.8557]]]}}, {"type": "Feature", "properties": {}, "geometry": {"type": "Polygon", "coordinates": [[[32.85036, 39.86865], [32.85051, 39.86846], [32.85067, 39.86853], [32.85061, 39.86861], [32.85056, 39.86859], [32.85054, 39.86862], [32.85057, 39.86864], [32.85051, 39.86872], [32.85036, 39.86865]]]}}, {"type": "Feature", "properties": {}, "geometry": {"type": "Polygon", "coordinates": [[[32.85018, 39.86886], [32.85028, 39.86873], [32.85048, 39.86882], [32.85038, 39.86895], [32.85018, 39.86886]]]}}, {"type": "Feature", "properties": {}, "geometry": {"type": "Polygon", "coordinates": [[[32.85022, 39.86938], [32.85033, 39.86921], [32.85051, 39.86929], [32.8504, 39.86945], [32.85022, 39.86938]]]}}, {"type": "Feature", "properties": {}, "geometry": {"type": "Polygon", "coordinates": [[[32.84975, 39.86968], [32.8499, 39.86949], [32.85023, 39.86964], [32.85008, 39.86984], [32.84975, 39.86968]]]}}, {"type": "Feature", "properties": {}, "geometry": {"type": "Polygon", "coordinates": [[[32.85056, 39.8699], [32.85062, 39.86977], [32.85089, 39.86985], [32.85083, 39.86998], [32.85056, 39.8699]]]}}, {"type": "Feature", "properties": {}, "geometry": {"type": "Polygon", "coordinates": [[[32.85044, 39.87015], [32.85048, 39.87006], [32.8504, 39.87004], [32.85043, 39.86998], [32.85047, 39.86996], [32.85055, 39.86997], [32.8508, 39.87005], [32.85083, 39.87009], [32.85081, 39.87013], [32.85078, 39.87016], [32.85072, 39.87014], [32.85068, 39.87022], [32.85044, 39.87015]]]}}, {"type": "Feature", "properties": {}, "geometry": {"type": "Polygon", "coordinates": [[[32.85158, 39.87018], [32.85159, 39.87002], [32.85165, 39.86995], [32.85184, 39.86996], [32.85188, 39.87002], [32.85187, 39.87018], [32.85182, 39.87025], [32.85164, 39.87024], [32.85158, 39.87018]]]}}, {"type": "Feature", "properties": {}, "geometry": {"type": "Polygon", "coordinates": [[[32.85125, 39.87001], [32.85128, 39.86999], [32.85152, 39.87], [32.8515, 39.87025], [32.85131, 39.87023], [32.85124, 39.8702], [32.85125, 39.87001]]]}}, {"type": "Feature", "properties": {}, "geometry": {"type": "Polygon", "coordinates": [[[32.85097, 39.87021], [32.85098, 39.87005], [32.85102, 39.87005], [32.85102, 39.87001], [32.85104, 39.87], [32.85104, 39.86998], [32.85118, 39.86999], [32.85116, 39.87022], [32.85097, 39.87021]]]}}, {"type": "Feature", "properties": {}, "geometry": {"type": "Polygon", "coordinates": [[[32.85066, 39.86971], [32.85073, 39.86957], [32.85099, 39.86966], [32.85092, 39.86979], [32.85066, 39.86971]]]}}, {"type": "Feature", "properties": {}, "geometry": {"type": "Polygon", "coordinates": [[[32.8508, 39.86952], [32.85087, 39.86938], [32.85113, 39.86945], [32.85106, 39.86959], [32.8508, 39.86952]]]}}, {"type": "Feature", "properties": {}, "geometry": {"type": "Polygon", "coordinates": [[[32.85117, 39.86975], [32.85126, 39.86953], [32.85145, 39.86957], [32.85136, 39.86979], [32.85117, 39.86975]]]}}, {"type": "Feature", "properties": {}, "geometry": {"type": "Polygon", "coordinates": [[[32.85147, 39.86975], [32.85153, 39.86957], [32.85172, 39.86961], [32.85165, 39.86979], [32.85147, 39.86975]]]}}, {"type": "Feature", "properties": {}, "geometry": {"type": "Polygon", "coordinates": [[[32.85175, 39.86985], [32.85178, 39.86965], [32.85183, 39.86963], [32.85191, 39.86964], [32.85195, 39.86968], [32.85196, 39.86973], [32.85194, 39.86984], [32.8519, 39.86988], [32.85184, 39.8699], [32.85178, 39.86988], [32.85175, 39.86985]]]}}, {"type": "Feature", "properties": {}, "geometry": {"type": "Polygon", "coordinates": [[[32.85136, 39.87068], [32.85137, 39.87061], [32.85145, 39.87062], [32.85144, 39.87056], [32.8514, 39.87055], [32.85139, 39.87052], [32.85139, 39.87048], [32.85143, 39.87044], [32.85145, 39.87045], [32.85148, 39.87044], [32.85153, 39.87047], [32.85161, 39.87046], [32.85161, 39.87042], [32.85171, 39.87042], [32.85171, 39.8705], [32.85175, 39.87052], [32.85178, 39.87056], [32.85177, 39.8706], [32.8517, 39.87064], [32.85162, 39.87072], [32.85157, 39.87074], [32.85153, 39.87074], [32.85146, 39.8707], [32.85136, 39.87068]]]}}, {"type": "Feature", "properties": {}, "geometry": {"type": "Polygon", "coordinates": [[[32.85068, 39.8707], [32.85073, 39.87063], [32.85079, 39.87065], [32.85081, 39.8706], [32.85078, 39.87058], [32.85078, 39.87055], [32.8508, 39.87051], [32.85086, 39.87048], [32.85086, 39.8705], [32.8509, 39.87049], [32.85093, 39.87053], [32.85102, 39.87055], [32.85103, 39.87051], [32.85112, 39.87053], [32.85109, 39.87061], [32.85112, 39.87064], [32.85114, 39.87068], [32.85111, 39.87071], [32.85103, 39.87074], [32.85092, 39.8708], [32.85086, 39.87081], [32.85082, 39.87079], [32.85078, 39.87073], [32.85068, 39.8707]]]}}, {"type": "Feature", "properties": {}, "geometry": {"type": "Polygon", "coordinates": [[[32.85007, 39.87055], [32.85014, 39.8705], [32.85019, 39.87054], [32.85022, 39.87049], [32.8502, 39.87047], [32.85021, 39.87044], [32.85025, 39.8704], [32.85032, 39.87039], [32.85032, 39.87041], [32.85035, 39.87041], [32.85037, 39.87046], [32.85044, 39.8705], [32.85047, 39.87046], [32.85055, 39.8705], [32.85049, 39.87057], [32.8505, 39.87061], [32.8505, 39.87065], [32.85046, 39.87067], [32.85038, 39.87068], [32.85025, 39.87071], [32.85019, 39.8707], [32.85016, 39.87068], [32.85014, 39.87061], [32.85007, 39.87055]]]}}, {"type": "Feature", "properties": {}, "geometry": {"type": "Polygon", "coordinates": [[[32.85013, 39.87117], [32.85015, 39.87109], [32.85022, 39.8711], [32.85021, 39.87104], [32.85018, 39.87104], [32.85016, 39.87101], [32.85016, 39.87096], [32.85021, 39.87092], [32.85022, 39.87094], [32.85025, 39.87092], [32.8503, 39.87095], [32.85039, 39.87095], [32.85038, 39.8709], [32.85048, 39.8709], [32.85048, 39.87098], [32.85052, 39.87101], [32.85055, 39.87104], [32.85054, 39.87108], [32.85048, 39.87112], [32.8504, 39.87121], [32.85035, 39.87123], [32.8503, 39.87122], [32.85024, 39.87118], [32.85013, 39.87117]]]}}, {"type": "Feature", "properties": {}, "geometry": {"type": "Polygon", "coordinates": [[[32.85333, 39.87128], [32.85337, 39.8712], [32.85345, 39.87122], [32.85354, 39.87118], [32.85356, 39.87115], [32.85366, 39.87116], [32.85361, 39.8713], [32.85357, 39.87132], [32.8535, 39.87133], [32.85333, 39.87128]]]}}, {"type": "Feature", "properties": {}, "geometry": {"type": "Polygon", "coordinates": [[[32.85323, 39.8716], [32.8533, 39.87146], [32.85354, 39.87153], [32.85347, 39.87167], [32.85323, 39.8716]]]}}, {"type": "Feature", "properties": {}, "geometry": {"type": "Polygon", "coordinates": [[[32.85287, 39.87187], [32.85295, 39.8717], [32.85317, 39.87177], [32.85308, 39.87193], [32.85287, 39.87187]]]}}, {"type": "Feature", "properties": {}, "geometry": {"type": "Polygon", "coordinates": [[[32.8529, 39.87151], [32.85296, 39.87137], [32.85323, 39.87145], [32.85316, 39.87158], [32.8529, 39.87151]]]}}, {"type": "Feature", "properties": {}, "geometry": {"type": "Polygon", "coordinates": [[[32.85448, 39.87169], [32.85448, 39.87157], [32.85484, 39.87158], [32.85483, 39.8717], [32.85448, 39.87169]]]}}, {"type": "Feature", "properties": {}, "geometry": {"type": "Polygon", "coordinates": [[[32.85444, 39.87185], [32.85445, 39.87173], [32.85475, 39.87174], [32.85474, 39.87186], [32.85444, 39.87185]]]}}, {"type": "Feature", "properties": {}, "geometry": {"type": "Polygon", "coordinates": [[[32.85375, 39.87207], [32.85375, 39.87192], [32.85393, 39.87192], [32.85393, 39.87207], [32.85375, 39.87207]]]}}, {"type": "Feature", "properties": {}, "geometry": {"type": "Polygon", "coordinates": [[[32.85371, 39.87186], [32.85372, 39.87172], [32.85391, 39.87173], [32.8539, 39.87187], [32.85371, 39.87186]]]}}, {"type": "Feature", "properties": {}, "geometry": {"type": "Polygon", "coordinates": [[[32.85375, 39.87165], [32.85376, 39.87153], [32.85398, 39.87155], [32.85397, 39.87163], [32.85388, 39.87162], [32.85387, 39.87166], [32.85375, 39.87165]]]}}, {"type": "Feature", "properties": {}, "geometry": {"type": "Polygon", "coordinates": [[[32.85409, 39.87177], [32.85412, 39.87154], [32.85428, 39.87156], [32.85425, 39.87178], [32.85409, 39.87177]]]}}, {"type": "Feature", "properties": {}, "geometry": {"type": "Polygon", "coordinates": [[[32.854, 39.87205], [32.85401, 39.8719], [32.85425, 39.87191], [32.85423, 39.87206], [32.854, 39.87205]]]}}, {"type": "Feature", "properties": {}, "geometry": {"type": "Polygon", "coordinates": [[[32.8551, 39.87042], [32.8552, 39.87013], [32.85523, 39.87013], [32.85524, 39.87012], [32.85516, 39.8701], [32.85523, 39.8699], [32.85544, 39.86994], [32.85539, 39.87007], [32.85534, 39.87006], [32.85533, 39.87011], [32.85539, 39.87012], [32.85527, 39.87048], [32.8552, 39.87047], [32.85521, 39.87044], [32.8551, 39.87042]]]}}, {"type": "Feature", "properties": {}, "geometry": {"type": "Polygon", "coordinates": [[[32.85482, 39.86956], [32.85487, 39.86939], [32.85549, 39.86948], [32.85545, 39.86965], [32.85482, 39.86956]]]}}, {"type": "Feature", "properties": {}, "geometry": {"type": "Polygon", "coordinates": [[[32.85332, 39.8696], [32.85358, 39.8694], [32.85372, 39.86954], [32.85347, 39.86973], [32.85332, 39.8696]]]}}, {"type": "Feature", "properties": {}, "geometry": {"type": "Polygon", "coordinates": [[[32.85369, 39.86821], [32.85378, 39.86792], [32.85392, 39.86794], [32.85383, 39.86824], [32.85369, 39.86821]]]}}, {"type": "Feature", "properties": {}, "geometry": {"type": "Polygon", "coordinates": [[[32.85708, 39.86982], [32.85708, 39.86966], [32.85732, 39.86965], [32.85733, 39.86983], [32.85719, 39.86984], [32.85719, 39.86982], [32.85708, 39.86982]]]}}, {"type": "Feature", "properties": {}, "geometry": {"type": "Polygon", "coordinates": [[[32.85746, 39.86933], [32.85766, 39.86928], [32.8577, 39.8694], [32.8575, 39.86944], [32.85746, 39.86933]]]}}, {"type": "Feature", "properties": {}, "geometry": {"type": "Polygon", "coordinates": [[[32.85749, 39.8695], [32.85772, 39.86948], [32.85775, 39.86966], [32.85752, 39.86968], [32.85749, 39.8695]]]}}, {"type": "Feature", "properties": {}, "geometry": {"type": "Polygon", "coordinates": [[[32.85334, 39.87024], [32.85351, 39.87011], [32.85367, 39.87024], [32.85351, 39.87037], [32.85334, 39.87024]]]}}, {"type": "Feature", "properties": {}, "geometry": {"type": "Polygon", "coordinates": [[[32.85379, 39.87004], [32.85394, 39.86989], [32.85405, 39.86995], [32.8539, 39.8701], [32.85379, 39.87004]]]}}, {"type": "Feature", "properties": {}, "geometry": {"type": "Polygon", "coordinates": [[[32.85392, 39.87015], [32.8541, 39.86996], [32.85422, 39.87003], [32.85404, 39.87021], [32.85392, 39.87015]]]}}, {"type": "Feature", "properties": {}, "geometry": {"type": "Polygon", "coordinates": [[[32.85383, 39.86971], [32.85396, 39.86957], [32.85412, 39.86966], [32.85399, 39.86979], [32.85383, 39.86971]]]}}, {"type": "Feature", "properties": {}, "geometry": {"type": "Polygon", "coordinates": [[[32.85407, 39.86987], [32.85416, 39.86975], [32.85431, 39.86981], [32.85422, 39.86993], [32.85407, 39.86987]]]}}, {"type": "Feature", "properties": {}, "geometry": {"type": "Polygon", "coordinates": [[[32.85415, 39.86938], [32.85428, 39.86944], [32.85418, 39.86958], [32.85405, 39.86952], [32.85415, 39.86938]]]}}, {"type": "Feature", "properties": {}, "geometry": {"type": "Polygon", "coordinates": [[[32.85421, 39.86969], [32.8543, 39.8695], [32.85443, 39.86954], [32.85434, 39.86973], [32.85421, 39.86969]]]}}, {"type": "Feature", "properties": {}, "geometry": {"type": "Polygon", "coordinates": [[[32.85425, 39.86935], [32.85434, 39.86919], [32.85449, 39.86923], [32.85446, 39.86929], [32.85451, 39.8693], [32.85444, 39.86941], [32.85425, 39.86935]]]}}, {"type": "Feature", "properties": {}, "geometry": {"type": "Polygon", "coordinates": [[[32.85512, 39.86921], [32.85517, 39.86903], [32.85534, 39.86906], [32.85529, 39.86923], [32.85512, 39.86921]]]}}, {"type": "Feature", "properties": {}, "geometry": {"type": "Polygon", "coordinates": [[[32.85547, 39.86786], [32.85574, 39.86781], [32.85579, 39.86798], [32.85553, 39.86803], [32.85547, 39.86786]]]}}, {"type": "Feature", "properties": {}, "geometry": {"type": "Polygon", "coordinates": [[[32.85547, 39.86811], [32.85551, 39.86826], [32.85555, 39.86828], [32.85561, 39.86827], [32.85562, 39.86823], [32.85573, 39.8682], [32.85574, 39.86818], [32.85571, 39.86807], [32.85568, 39.86806], [32.85557, 39.86808], [32.85553, 39.86807], [32.85549, 39.86809], [32.85547, 39.86811]]]}}, {"type": "Feature", "properties": {}, "geometry": {"type": "Polygon", "coordinates": [[[32.8557, 39.8683], [32.85585, 39.86817], [32.85599, 39.86826], [32.85584, 39.8684], [32.8557, 39.8683]]]}}, {"type": "Feature", "properties": {}, "geometry": {"type": "Polygon", "coordinates": [[[32.85556, 39.86843], [32.85578, 39.86849], [32.8557, 39.86861], [32.85549, 39.86855], [32.85556, 39.86843]]]}}, {"type": "Feature", "properties": {}, "geometry": {"type": "Polygon", "coordinates": [[[32.85597, 39.86837], [32.85609, 39.86826], [32.85612, 39.86827], [32.8562, 39.86831], [32.85622, 39.86829], [32.85631, 39.86835], [32.85618, 39.86847], [32.85614, 39.86848], [32.85598, 39.8684], [32.85597, 39.86839], [32.85597, 39.86837]]]}}, {"type": "Feature", "properties": {}, "geometry": {"type": "Polygon", "coordinates": [[[32.85588, 39.86862], [32.85594, 39.86852], [32.85621, 39.86862], [32.85617, 39.86868], [32.85613, 39.8687], [32.8561, 39.8687], [32.85588, 39.86862]]]}}, {"type": "Feature", "properties": {}, "geometry": {"type": "Polygon", "coordinates": [[[32.85602, 39.86793], [32.85624, 39.86787], [32.85632, 39.86787], [32.85636, 39.86792], [32.85619, 39.86807], [32.85614, 39.86809], [32.8561, 39.86807], [32.85602, 39.86799], [32.85602, 39.86793]]]}}, {"type": "Feature", "properties": {}, "geometry": {"type": "Polygon", "coordinates": [[[32.85638, 39.86721], [32.85633, 39.86707], [32.85656, 39.86703], [32.85661, 39.86716], [32.85638, 39.86721]]]}}, {"type": "Feature", "properties": {}, "geometry": {"type": "Polygon", "coordinates": [[[32.85602, 39.86634], [32.85624, 39.86629], [32.8563, 39.86644], [32.85607, 39.86649], [32.85602, 39.86634]]]}}, {"type": "Feature", "properties": {}, "geometry": {"type": "Polygon", "coordinates": [[[32.8572, 39.86707], [32.8573, 39.86699], [32.85757, 39.86718], [32.85737, 39.86735], [32.85726, 39.86727], [32.85734, 39.8672], [32.85731, 39.86718], [32.85734, 39.86716], [32.8572, 39.86707]]]}}, {"type": "Feature", "properties": {}, "geometry": {"type": "Polygon", "coordinates": [[[32.85716, 39.86553], [32.85739, 39.86542], [32.8574, 39.86544], [32.85744, 39.86542], [32.85748, 39.86546], [32.85746, 39.86547], [32.8575, 39.86552], [32.85753, 39.86551], [32.85756, 39.86555], [32.85753, 39.86557], [32.85755, 39.86559], [32.85731, 39.86571], [32.85716, 39.86553]]]}}, {"type": "Feature", "properties": {}, "geometry": {"type": "Polygon", "coordinates": [[[32.85653, 39.86621], [32.85643, 39.86601], [32.85651, 39.86595], [32.85659, 39.86595], [32.85664, 39.86596], [32.85666, 39.86599], [32.85666, 39.86606], [32.85669, 39.86607], [32.85672, 39.8661], [32.85674, 39.86613], [32.85673, 39.86616], [32.85666, 39.86621], [32.85658, 39.86622], [32.85653, 39.86621]]]}}, {"type": "Feature", "properties": {}, "geometry": {"type": "Polygon", "coordinates": [[[32.85666, 39.86645], [32.85664, 39.86629], [32.85673, 39.86629], [32.85674, 39.86633], [32.85679, 39.86632], [32.85678, 39.86628], [32.8569, 39.86628], [32.85692, 39.86643], [32.85666, 39.86645]]]}}, {"type": "Feature", "properties": {}, "geometry": {"type": "Polygon", "coordinates": [[[32.85737, 39.86652], [32.85735, 39.86648], [32.85733, 39.86648], [32.85731, 39.86642], [32.85729, 39.86643], [32.85725, 39.86634], [32.85727, 39.86633], [32.85725, 39.86627], [32.85727, 39.86627], [32.85725, 39.86621], [32.85745, 39.86617], [32.85756, 39.86648], [32.85737, 39.86652]]]}}, {"type": "Feature", "properties": {}, "geometry": {"type": "Polygon", "coordinates": [[[32.857, 39.86723], [32.8571, 39.86718], [32.85725, 39.86734], [32.8571, 39.86742], [32.857, 39.86723]]]}}, {"type": "Feature", "properties": {}, "geometry": {"type": "Polygon", "coordinates": [[[32.85651, 39.86741], [32.85673, 39.86737], [32.8568, 39.86756], [32.85657, 39.8676], [32.85651, 39.86741]]]}}, {"type": "Feature", "properties": {}, "geometry": {"type": "Polygon", "coordinates": [[[32.8566, 39.86763], [32.85683, 39.86758], [32.85686, 39.86769], [32.85663, 39.86773], [32.8566, 39.86763]]]}}, {"type": "Feature", "properties": {}, "geometry": {"type": "Polygon", "coordinates": [[[32.85662, 39.86792], [32.8566, 39.86786], [32.85657, 39.86785], [32.85655, 39.8678], [32.85692, 39.86772], [32.85696, 39.86786], [32.85662, 39.86792]]]}}, {"type": "Feature", "properties": {}, "geometry": {"type": "Polygon", "coordinates": [[[32.85685, 39.86809], [32.85687, 39.86793], [32.85705, 39.86794], [32.85703, 39.86807], [32.857, 39.86814], [32.85693, 39.86816], [32.85685, 39.86809]]]}}, {"type": "Feature", "properties": {}, "geometry": {"type": "Polygon", "coordinates": [[[32.85789, 39.86728], [32.85796, 39.86717], [32.85817, 39.86726], [32.85808, 39.86741], [32.85789, 39.86728]]]}}, {"type": "Feature", "properties": {}, "geometry": {"type": "Polygon", "coordinates": [[[32.85767, 39.86741], [32.85778, 39.86732], [32.858, 39.86749], [32.85788, 39.86757], [32.85767, 39.86741]]]}}, {"type": "Feature", "properties": {}, "geometry": {"type": "Polygon", "coordinates": [[[32.85758, 39.86745], [32.85778, 39.86762], [32.85766, 39.8677], [32.85746, 39.86754], [32.85758, 39.86745]]]}}, {"type": "Feature", "properties": {}, "geometry": {"type": "Polygon", "coordinates": [[[32.85753, 39.86684], [32.85748, 39.86671], [32.85773, 39.86666], [32.85778, 39.86679], [32.85753, 39.86684]]]}}, {"type": "Feature", "properties": {}, "geometry": {"type": "Polygon", "coordinates": [[[32.85799, 39.86671], [32.85796, 39.86662], [32.85813, 39.86658], [32.85816, 39.86655], [32.8582, 39.86654], [32.85826, 39.86655], [32.85828, 39.86657], [32.85829, 39.86663], [32.85826, 39.86667], [32.85819, 39.86667], [32.85799, 39.86671]]]}}, {"type": "Feature", "properties": {}, "geometry": {"type": "Polygon", "coordinates": [[[32.85799, 39.86708], [32.85802, 39.86696], [32.85833, 39.86701], [32.85829, 39.86718], [32.8582, 39.86717], [32.85822, 39.86712], [32.85799, 39.86708]]]}}, {"type": "Feature", "properties": {}, "geometry": {"type": "Polygon", "coordinates": [[[32.85705, 39.8684], [32.85727, 39.86829], [32.85729, 39.86831], [32.85732, 39.86832], [32.85736, 39.86836], [32.85737, 39.8684], [32.85735, 39.86842], [32.85731, 39.86842], [32.85723, 39.86847], [32.85719, 39.8685], [32.85717, 39.86852], [32.85713, 39.86851], [32.85709, 39.8685], [32.85705, 39.86845], [32.85706, 39.86843], [32.85705, 39.8684]]]}}, {"type": "Feature", "properties": {}, "geometry": {"type": "Polygon", "coordinates": [[[32.85644, 39.86882], [32.85654, 39.86876], [32.85669, 39.86892], [32.8566, 39.86897], [32.85644, 39.86882]]]}}, {"type": "Feature", "properties": {}, "geometry": {"type": "Polygon", "coordinates": [[[32.85654, 39.86919], [32.85653, 39.86907], [32.85672, 39.86906], [32.85673, 39.86918], [32.85654, 39.86919]]]}}, {"type": "Feature", "properties": {}, "geometry": {"type": "Polygon", "coordinates": [[[32.85352, 39.86803], [32.85361, 39.86779], [32.85374, 39.86782], [32.85364, 39.86806], [32.85352, 39.86803]]]}}, {"type": "Feature", "properties": {}, "geometry": {"type": "Polygon", "coordinates": [[[32.85382, 39.86768], [32.85398, 39.86743], [32.85383, 39.86738], [32.8538, 39.86739], [32.85369, 39.86756], [32.85369, 39.86761], [32.85371, 39.86763], [32.85382, 39.86768]]]}}, {"type": "Feature", "properties": {}, "geometry": {"type": "Polygon", "coordinates": [[[32.85391, 39.86769], [32.85402, 39.86752], [32.85417, 39.86758], [32.85407, 39.86775], [32.85391, 39.86769]]]}}, {"type": "Feature", "properties": {}, "geometry": {"type": "Polygon", "coordinates": [[[32.85412, 39.86802], [32.85415, 39.86789], [32.85443, 39.86794], [32.8544, 39.86806], [32.85412, 39.86802]]]}}, {"type": "Feature", "properties": {}, "geometry": {"type": "Polygon", "coordinates": [[[32.85371, 39.86856], [32.85365, 39.86839], [32.85385, 39.86835], [32.8539, 39.86852], [32.85371, 39.86856]]]}}, {"type": "Feature", "properties": {}, "geometry": {"type": "Polygon", "coordinates": [[[32.85407, 39.86832], [32.85408, 39.8681], [32.85417, 39.8681], [32.85418, 39.86812], [32.85428, 39.86812], [32.85427, 39.86831], [32.85417, 39.8683], [32.85415, 39.86833], [32.85407, 39.86832]]]}}, {"type": "Feature", "properties": {}, "geometry": {"type": "Polygon", "coordinates": [[[32.85411, 39.86853], [32.85407, 39.86838], [32.85427, 39.86835], [32.85431, 39.86848], [32.85423, 39.86849], [32.85422, 39.86851], [32.85411, 39.86853]]]}}, {"type": "Feature", "properties": {}, "geometry": {"type": "Polygon", "coordinates": [[[32.8542, 39.86859], [32.85443, 39.86849], [32.85448, 39.8685], [32.85455, 39.8686], [32.85454, 39.86865], [32.85449, 39.86868], [32.85432, 39.86875], [32.8542, 39.86859]]]}}, {"type": "Feature", "properties": {}, "geometry": {"type": "Polygon", "coordinates": [[[32.85437, 39.86884], [32.85457, 39.86875], [32.85467, 39.86887], [32.85465, 39.86893], [32.85461, 39.86898], [32.85453, 39.86903], [32.85437, 39.86884]]]}}, {"type": "Feature", "properties": {}, "geometry": {"type": "Polygon", "coordinates": [[[32.84979, 39.86994], [32.85002, 39.87005], [32.84992, 39.87018], [32.84969, 39.87007], [32.84979, 39.86994]]]}}, {"type": "Feature", "properties": {}, "geometry": {"type": "Polygon", "coordinates": [[[32.84949, 39.87025], [32.84961, 39.87011], [32.84984, 39.87023], [32.84977, 39.87032], [32.84971, 39.87034], [32.84968, 39.87035], [32.84949, 39.87025]]]}}, {"type": "Feature", "properties": {}, "geometry": {"type": "Polygon", "coordinates": [[[32.84993, 39.86919], [32.85002, 39.86907], [32.85021, 39.86916], [32.85012, 39.86928], [32.84993, 39.86919]]]}}, {"type": "Feature", "properties": {}, "geometry": {"type": "Polygon", "coordinates": [[[32.85292, 39.86643], [32.85304, 39.86629], [32.85331, 39.86642], [32.85324, 39.86655], [32.85314, 39.86651], [32.85308, 39.86653], [32.85292, 39.86643]]]}}, {"type": "Feature", "properties": {}, "geometry": {"type": "Polygon", "coordinates": [[[32.85445, 39.86521], [32.85461, 39.86505], [32.85468, 39.86509], [32.85465, 39.86511], [32.85477, 39.86518], [32.85479, 39.86516], [32.85487, 39.86521], [32.85471, 39.86537], [32.85445, 39.86521]]]}}, {"type": "Feature", "properties": {}, "geometry": {"type": "Polygon", "coordinates": [[[32.85508, 39.86534], [32.85524, 39.86546], [32.85505, 39.8656], [32.85489, 39.86548], [32.85508, 39.86534]]]}}, {"type": "Feature", "properties": {}, "geometry": {"type": "Polygon", "coordinates": [[[32.85467, 39.86569], [32.85484, 39.86554], [32.85497, 39.86564], [32.8548, 39.86578], [32.85467, 39.86569]]]}}, {"type": "Feature", "properties": {}, "geometry": {"type": "Polygon", "coordinates": [[[32.85454, 39.86597], [32.85471, 39.86583], [32.8549, 39.86596], [32.85472, 39.8661], [32.85454, 39.86597]]]}}, {"type": "Feature", "properties": {}, "geometry": {"type": "Polygon", "coordinates": [[[32.85513, 39.86561], [32.85529, 39.86551], [32.85541, 39.86563], [32.85524, 39.86573], [32.85513, 39.86561]]]}}, {"type": "Feature", "properties": {}, "geometry": {"type": "Polygon", "coordinates": [[[32.85526, 39.86518], [32.8554, 39.86509], [32.85556, 39.86523], [32.85542, 39.86532], [32.85526, 39.86518]]]}}, {"type": "Feature", "properties": {}, "geometry": {"type": "Polygon", "coordinates": [[[32.8555, 39.86506], [32.85568, 39.86495], [32.85578, 39.86506], [32.8556, 39.86516], [32.8555, 39.86506]]]}}, {"type": "Feature", "properties": {}, "geometry": {"type": "Polygon", "coordinates": [[[32.85548, 39.86546], [32.85566, 39.86533], [32.85578, 39.86543], [32.85559, 39.86556], [32.85548, 39.86546]]]}}, {"type": "Feature", "properties": {}, "geometry": {"type": "Polygon", "coordinates": [[[32.85573, 39.86525], [32.85591, 39.86515], [32.85603, 39.86527], [32.85586, 39.86537], [32.85573, 39.86525]]]}}, {"type": "Feature", "properties": {}, "geometry": {"type": "Polygon", "coordinates": [[[32.8559, 39.86477], [32.85602, 39.86488], [32.85587, 39.86498], [32.85575, 39.86487], [32.8559, 39.86477]]]}}, {"type": "Feature", "properties": {}, "geometry": {"type": "Polygon", "coordinates": [[[32.85595, 39.86472], [32.85615, 39.86459], [32.85631, 39.86473], [32.85614, 39.86485], [32.85604, 39.86477], [32.856, 39.86477], [32.85595, 39.86472]]]}}, {"type": "Feature", "properties": {}, "geometry": {"type": "Polygon", "coordinates": [[[32.8566, 39.86457], [32.85644, 39.86469], [32.85626, 39.86455], [32.85642, 39.86443], [32.8566, 39.86457]]]}}, {"type": "Feature", "properties": {}, "geometry": {"type": "Polygon", "coordinates": [[[32.85598, 39.8651], [32.85614, 39.865], [32.85625, 39.8651], [32.85609, 39.8652], [32.85598, 39.8651]]]}}, {"type": "Feature", "properties": {}, "geometry": {"type": "Polygon", "coordinates": [[[32.85645, 39.86477], [32.85664, 39.86463], [32.8568, 39.86477], [32.8566, 39.8649], [32.85645, 39.86477]]]}}, {"type": "Feature", "properties": {}, "geometry": {"type": "Polygon", "coordinates": [[[32.85486, 39.86398], [32.85506, 39.86384], [32.85516, 39.86398], [32.85503, 39.86407], [32.85486, 39.86398]]]}}, {"type": "Feature", "properties": {}, "geometry": {"type": "Polygon", "coordinates": [[[32.85538, 39.86453], [32.85551, 39.86445], [32.85559, 39.86453], [32.85556, 39.86455], [32.8556, 39.86459], [32.85565, 39.86456], [32.85573, 39.86464], [32.8556, 39.86472], [32.85554, 39.86473], [32.85539, 39.86462], [32.85538, 39.86453]]]}}, {"type": "Feature", "properties": {}, "geometry": {"type": "Polygon", "coordinates": [[[32.85513, 39.86473], [32.85525, 39.86463], [32.85547, 39.86479], [32.85534, 39.8649], [32.85513, 39.86473]]]}}, {"type": "Feature", "properties": {}, "geometry": {"type": "Polygon", "coordinates": [[[32.85491, 39.86492], [32.85507, 39.8648], [32.85525, 39.86494], [32.85513, 39.86503], [32.85507, 39.86498], [32.85503, 39.86502], [32.85491, 39.86492]]]}}, {"type": "Feature", "properties": {}, "geometry": {"type": "Polygon", "coordinates": [[[32.85458, 39.86472], [32.8547, 39.86462], [32.85486, 39.86473], [32.85476, 39.86482], [32.85473, 39.86482], [32.85458, 39.86472]]]}}, {"type": "Feature", "properties": {}, "geometry": {"type": "Polygon", "coordinates": [[[32.85478, 39.86456], [32.85491, 39.86446], [32.85505, 39.86456], [32.85492, 39.86466], [32.85478, 39.86456]]]}}, {"type": "Feature", "properties": {}, "geometry": {"type": "Polygon", "coordinates": [[[32.85518, 39.86413], [32.85529, 39.86405], [32.85536, 39.8641], [32.85539, 39.86407], [32.85554, 39.86419], [32.85545, 39.86426], [32.85535, 39.86418], [32.8553, 39.86422], [32.85518, 39.86413]]]}}, {"type": "Feature", "properties": {}, "geometry": {"type": "Polygon", "coordinates": [[[32.8541, 39.86557], [32.85439, 39.86528], [32.85463, 39.86542], [32.85433, 39.86571], [32.8541, 39.86557]]]}}, {"type": "Feature", "properties": {}, "geometry": {"type": "Polygon", "coordinates": [[[32.85424, 39.86615], [32.85443, 39.86627], [32.85432, 39.86638], [32.85413, 39.86626], [32.85424, 39.86615]]]}}, {"type": "Feature", "properties": {}, "geometry": {"type": "Polygon", "coordinates": [[[32.85395, 39.86639], [32.85406, 39.86629], [32.85425, 39.86641], [32.85414, 39.86651], [32.85395, 39.86639]]]}}, {"type": "Feature", "properties": {}, "geometry": {"type": "Polygon", "coordinates": [[[32.8535, 39.86617], [32.85361, 39.86605], [32.85385, 39.86617], [32.85374, 39.86629], [32.8535, 39.86617]]]}}, {"type": "Feature", "properties": {}, "geometry": {"type": "Polygon", "coordinates": [[[32.85331, 39.86595], [32.85347, 39.86575], [32.85365, 39.86584], [32.85349, 39.86603], [32.85331, 39.86595]]]}}, {"type": "Feature", "properties": {}, "geometry": {"type": "Polygon", "coordinates": [[[32.85345, 39.86565], [32.85358, 39.8655], [32.85375, 39.86558], [32.85363, 39.86574], [32.85345, 39.86565]]]}}, {"type": "Feature", "properties": {}, "geometry": {"type": "Polygon", "coordinates": [[[32.85519, 39.86681], [32.85541, 39.86672], [32.85549, 39.86689], [32.85532, 39.86696], [32.85526, 39.86695], [32.85519, 39.86681]]]}}, {"type": "Feature", "properties": {}, "geometry": {"type": "Polygon", "coordinates": [[[32.85513, 39.86658], [32.85535, 39.86652], [32.85539, 39.86664], [32.85516, 39.86667], [32.85513, 39.86658]]]}}, {"type": "Feature", "properties": {}, "geometry": {"type": "Polygon", "coordinates": [[[32.85512, 39.86651], [32.85502, 39.86636], [32.85526, 39.86628], [32.85531, 39.86644], [32.85512, 39.86651]]]}}, {"type": "Feature", "properties": {}, "geometry": {"type": "Polygon", "coordinates": [[[32.85495, 39.86633], [32.85521, 39.86624], [32.85517, 39.86615], [32.85509, 39.86615], [32.85499, 39.86617], [32.85495, 39.86619], [32.85492, 39.86623], [32.85495, 39.86633]]]}}, {"type": "Feature", "properties": {}, "geometry": {"type": "Polygon", "coordinates": [[[32.85459, 39.86663], [32.8548, 39.86658], [32.85484, 39.86671], [32.85477, 39.86674], [32.85475, 39.86677], [32.85464, 39.86679], [32.85459, 39.86663]]]}}, {"type": "Feature", "properties": {}, "geometry": {"type": "Polygon", "coordinates": [[[32.85465, 39.86684], [32.8549, 39.86676], [32.85497, 39.86688], [32.85473, 39.86696], [32.85465, 39.86684]]]}}, {"type": "Feature", "properties": {}, "geometry": {"type": "Polygon", "coordinates": [[[32.85472, 39.86703], [32.85497, 39.86695], [32.85503, 39.86706], [32.85479, 39.86714], [32.85472, 39.86703]]]}}, {"type": "Feature", "properties": {}, "geometry": {"type": "Polygon", "coordinates": [[[32.85396, 39.86722], [32.85407, 39.86703], [32.85413, 39.86702], [32.85423, 39.86706], [32.8541, 39.86727], [32.85396, 39.86722]]]}}, {"type": "Feature", "properties": {}, "geometry": {"type": "Polygon", "coordinates": [[[32.85293, 39.8653], [32.8532, 39.86543], [32.85325, 39.8654], [32.85329, 39.86533], [32.85327, 39.86529], [32.85304, 39.86517], [32.853, 39.86519], [32.85296, 39.86519], [32.85293, 39.8652], [32.85291, 39.86523], [32.85293, 39.86526], [32.85293, 39.8653]]]}}, {"type": "Feature", "properties": {}, "geometry": {"type": "Polygon", "coordinates": [[[32.85362, 39.86542], [32.85374, 39.86526], [32.85399, 39.86537], [32.85387, 39.86553], [32.85362, 39.86542]]]}}, {"type": "Feature", "properties": {}, "geometry": {"type": "Polygon", "coordinates": [[[32.8538, 39.8652], [32.8539, 39.86506], [32.85416, 39.86518], [32.85405, 39.86531], [32.8538, 39.8652]]]}}, {"type": "Feature", "properties": {}, "geometry": {"type": "Polygon", "coordinates": [[[32.85396, 39.86502], [32.85405, 39.8649], [32.85427, 39.865], [32.85418, 39.86512], [32.85396, 39.86502]]]}}, {"type": "Feature", "properties": {}, "geometry": {"type": "Polygon", "coordinates": [[[32.85411, 39.86479], [32.85424, 39.86468], [32.85457, 39.8649], [32.85444, 39.86501], [32.85411, 39.86479]]]}}, {"type": "Feature", "properties": {}, "geometry": {"type": "Polygon", "coordinates": [[[32.85176, 39.86347], [32.85166, 39.86333], [32.85191, 39.86323], [32.85201, 39.86337], [32.85197, 39.86338], [32.852, 39.86343], [32.85192, 39.86347], [32.85188, 39.86342], [32.85176, 39.86347]]]}}, {"type": "Feature", "properties": {}, "geometry": {"type": "Polygon", "coordinates": [[[32.85181, 39.86404], [32.85195, 39.86396], [32.85211, 39.86413], [32.85197, 39.86421], [32.85181, 39.86404]]]}}, {"type": "Feature", "properties": {}, "geometry": {"type": "Polygon", "coordinates": [[[32.84927, 39.86473], [32.84941, 39.86462], [32.84959, 39.86476], [32.84945, 39.86487], [32.84927, 39.86473]]]}}, {"type": "Feature", "properties": {}, "geometry": {"type": "Polygon", "coordinates": [[[32.84974, 39.86499], [32.84991, 39.86486], [32.85007, 39.86499], [32.84991, 39.86511], [32.84974, 39.86499]]]}}, {"type": "Feature", "properties": {}, "geometry": {"type": "Polygon", "coordinates": [[[32.84946, 39.86518], [32.8496, 39.86507], [32.84965, 39.86511], [32.8497, 39.86507], [32.84984, 39.86517], [32.84965, 39.86532], [32.84946, 39.86518]]]}}, {"type": "Feature", "properties": {}, "geometry": {"type": "Polygon", "coordinates": [[[32.84966, 39.86563], [32.84981, 39.86551], [32.85001, 39.86566], [32.84986, 39.86578], [32.84966, 39.86563]]]}}, {"type": "Feature", "properties": {}, "geometry": {"type": "Polygon", "coordinates": [[[32.85033, 39.86556], [32.85048, 39.86545], [32.8507, 39.86562], [32.85055, 39.86574], [32.85033, 39.86556]]]}}, {"type": "Feature", "properties": {}, "geometry": {"type": "Polygon", "coordinates": [[[32.84994, 39.86588], [32.85007, 39.86578], [32.85027, 39.86593], [32.85013, 39.86603], [32.84994, 39.86588]]]}}, {"type": "Feature", "properties": {}, "geometry": {"type": "Polygon", "coordinates": [[[32.84925, 39.86588], [32.84943, 39.86575], [32.84961, 39.8659], [32.84943, 39.86603], [32.84925, 39.86588]]]}}, {"type": "Feature", "properties": {}, "geometry": {"type": "Polygon", "coordinates": [[[32.84948, 39.86614], [32.84973, 39.86598], [32.84992, 39.86614], [32.84968, 39.86631], [32.84948, 39.86614]]]}}, {"type": "Feature", "properties": {}, "geometry": {"type": "Polygon", "coordinates": [[[32.849, 39.86603], [32.84918, 39.86592], [32.84932, 39.86605], [32.84915, 39.86616], [32.849, 39.86603]]]}}, {"type": "Feature", "properties": {}, "geometry": {"type": "Polygon", "coordinates": [[[32.84884, 39.86618], [32.84897, 39.8661], [32.84911, 39.86623], [32.84898, 39.86632], [32.84884, 39.86618]]]}}, {"type": "Feature", "properties": {}, "geometry": {"type": "Polygon", "coordinates": [[[32.84921, 39.86637], [32.84928, 39.86631], [32.84933, 39.86635], [32.8494, 39.86631], [32.84934, 39.86626], [32.84941, 39.8662], [32.84962, 39.86635], [32.84938, 39.86654], [32.84921, 39.86637]]]}}, {"type": "Feature", "properties": {}, "geometry": {"type": "Polygon", "coordinates": [[[32.84851, 39.86635], [32.8487, 39.86621], [32.84885, 39.86633], [32.84865, 39.86647], [32.84851, 39.86635]]]}}, {"type": "Feature", "properties": {}, "geometry": {"type": "Polygon", "coordinates": [[[32.8482, 39.86658], [32.84839, 39.86644], [32.84853, 39.86655], [32.84833, 39.86669], [32.8482, 39.86658]]]}}, {"type": "Feature", "properties": {}, "geometry": {"type": "Polygon", "coordinates": [[[32.84844, 39.86674], [32.84852, 39.86669], [32.8486, 39.86675], [32.84867, 39.86671], [32.8486, 39.86664], [32.84869, 39.86658], [32.84886, 39.86674], [32.84861, 39.8669], [32.84844, 39.86674]]]}}, {"type": "Feature", "properties": {}, "geometry": {"type": "Polygon", "coordinates": [[[32.84887, 39.86656], [32.84896, 39.86651], [32.84902, 39.86659], [32.8491, 39.86654], [32.84904, 39.86647], [32.84914, 39.86642], [32.84928, 39.86659], [32.84901, 39.86673], [32.84887, 39.86656]]]}}, {"type": "Feature", "properties": {}, "geometry": {"type": "Polygon", "coordinates": [[[32.84792, 39.86677], [32.84811, 39.86664], [32.84821, 39.86673], [32.84802, 39.86686], [32.84792, 39.86677]]]}}, {"type": "Feature", "properties": {}, "geometry": {"type": "Polygon", "coordinates": [[[32.84773, 39.86637], [32.84793, 39.86648], [32.84782, 39.86665], [32.84777, 39.86667], [32.84769, 39.86663], [32.8477, 39.86654], [32.8477, 39.86642], [32.84773, 39.86637]]]}}, {"type": "Feature", "properties": {}, "geometry": {"type": "Polygon", "coordinates": [[[32.84774, 39.86622], [32.8479, 39.86608], [32.84802, 39.86616], [32.84786, 39.8663], [32.84774, 39.86622]]]}}, {"type": "Feature", "properties": {}, "geometry": {"type": "Polygon", "coordinates": [[[32.84831, 39.86605], [32.84844, 39.86594], [32.84859, 39.86604], [32.84846, 39.86615], [32.84831, 39.86605]]]}}, {"type": "Feature", "properties": {}, "geometry": {"type": "Polygon", "coordinates": [[[32.84853, 39.86591], [32.84868, 39.86579], [32.84883, 39.8659], [32.84867, 39.86602], [32.84853, 39.86591]]]}}, {"type": "Feature", "properties": {}, "geometry": {"type": "Polygon", "coordinates": [[[32.84894, 39.86554], [32.84906, 39.86545], [32.84926, 39.86561], [32.84914, 39.8657], [32.84894, 39.86554]]]}}, {"type": "Feature", "properties": {}, "geometry": {"type": "Polygon", "coordinates": [[[32.84817, 39.867], [32.84821, 39.86699], [32.84822, 39.86701], [32.84845, 39.86696], [32.84845, 39.86694], [32.84848, 39.86693], [32.84848, 39.86689], [32.84845, 39.86687], [32.8484, 39.86687], [32.84836, 39.86686], [32.84835, 39.86684], [32.84823, 39.86686], [32.84823, 39.86688], [32.84821, 39.86689], [32.8482, 39.86691], [32.84817, 39.86692], [32.84815, 39.86693], [32.84816, 39.86696], [32.84817, 39.867]]]}}, {"type": "Feature", "properties": {}, "geometry": {"type": "Polygon", "coordinates": [[[32.85276, 39.8622], [32.85295, 39.86216], [32.85302, 39.86235], [32.85283, 39.86239], [32.85276, 39.8622]]]}}, {"type": "Feature", "properties": {}, "geometry": {"type": "Polygon", "coordinates": [[[32.8525, 39.86225], [32.85268, 39.86221], [32.85276, 39.86241], [32.85258, 39.86245], [32.8525, 39.86225]]]}}, {"type": "Feature", "properties": {}, "geometry": {"type": "Polygon", "coordinates": [[[32.85222, 39.86229], [32.85241, 39.86225], [32.8525, 39.86246], [32.85231, 39.86251], [32.85222, 39.86229]]]}}, {"type": "Feature", "properties": {}, "geometry": {"type": "Polygon", "coordinates": [[[32.85166, 39.86209], [32.85161, 39.86189], [32.85183, 39.86186], [32.85189, 39.86205], [32.85166, 39.86209]]]}}, {"type": "Feature", "properties": {}, "geometry": {"type": "Polygon", "coordinates": [[[32.85173, 39.86238], [32.85183, 39.86236], [32.85184, 39.86238], [32.85189, 39.86237], [32.85197, 39.8626], [32.85179, 39.86263], [32.85172, 39.86245], [32.85174, 39.86243], [32.85173, 39.86238]]]}}, {"type": "Feature", "properties": {}, "geometry": {"type": "Polygon", "coordinates": [[[32.85205, 39.86256], [32.85198, 39.86235], [32.85215, 39.86232], [32.85222, 39.86252], [32.85205, 39.86256]]]}}, {"type": "Feature", "properties": {}, "geometry": {"type": "Polygon", "coordinates": [[[32.85152, 39.86268], [32.8514, 39.86231], [32.85156, 39.86228], [32.85168, 39.86265], [32.85152, 39.86268]]]}}, {"type": "Feature", "properties": {}, "geometry": {"type": "Polygon", "coordinates": [[[32.85142, 39.86221], [32.85135, 39.86196], [32.85151, 39.86193], [32.85159, 39.86218], [32.85142, 39.86221]]]}}, {"type": "Feature", "properties": {}, "geometry": {"type": "Polygon", "coordinates": [[[32.84892, 39.85168], [32.84904, 39.85162], [32.8494, 39.85206], [32.84928, 39.85212], [32.84892, 39.85168]]]}}, {"type": "Feature", "properties": {}, "geometry": {"type": "Polygon", "coordinates": [[[32.84663, 39.84968], [32.84658, 39.84953], [32.84663, 39.84952], [32.84662, 39.8495], [32.84677, 39.84947], [32.84677, 39.84949], [32.84684, 39.84948], [32.84689, 39.84963], [32.84685, 39.84964], [32.84686, 39.84966], [32.84669, 39.8497], [32.84668, 39.84967], [32.84663, 39.84968]]]}}, {"type": "Feature", "properties": {}, "geometry": {"type": "Polygon", "coordinates": [[[32.84626, 39.84999], [32.84622, 39.84984], [32.84626, 39.84983], [32.84626, 39.8498], [32.8464, 39.84977], [32.84641, 39.84979], [32.84647, 39.84978], [32.84652, 39.84993], [32.84648, 39.84994], [32.84649, 39.84997], [32.84632, 39.85], [32.84632, 39.84998], [32.84626, 39.84999]]]}}, {"type": "Feature", "properties": {}, "geometry": {"type": "Polygon", "coordinates": [[[32.84697, 39.84944], [32.84692, 39.84929], [32.84697, 39.84928], [32.84696, 39.84926], [32.84711, 39.84923], [32.84712, 39.84925], [32.84718, 39.84924], [32.84723, 39.84939], [32.84719, 39.84939], [32.8472, 39.84942], [32.84703, 39.84945], [32.84702, 39.84943], [32.84697, 39.84944]]]}}, {"type": "Feature", "properties": {}, "geometry": {"type": "Polygon", "coordinates": [[[32.8473, 39.84917], [32.84725, 39.84903], [32.8473, 39.84902], [32.84729, 39.84899], [32.84744, 39.84896], [32.84745, 39.84898], [32.84751, 39.84897], [32.84756, 39.84912], [32.84752, 39.84913], [32.84753, 39.84916], [32.84736, 39.84919], [32.84735, 39.84916], [32.8473, 39.84917]]]}}, {"type": "Feature", "properties": {}, "geometry": {"type": "Polygon", "coordinates": [[[32.84841, 39.84934], [32.84836, 39.84919], [32.84841, 39.84918], [32.8484, 39.84915], [32.84855, 39.84912], [32.84856, 39.84914], [32.84862, 39.84913], [32.84867, 39.84928], [32.84863, 39.84929], [32.84864, 39.84932], [32.84847, 39.84935], [32.84846, 39.84933], [32.84841, 39.84934]]]}}, {"type": "Feature", "properties": {}, "geometry": {"type": "Polygon", "coordinates": [[[32.84877, 39.84906], [32.84872, 39.84891], [32.84877, 39.8489], [32.84876, 39.84887], [32.84891, 39.84884], [32.84891, 39.84886], [32.84898, 39.84885], [32.84903, 39.849], [32.84899, 39.84901], [32.849, 39.84904], [32.84883, 39.84907], [32.84882, 39.84905], [32.84877, 39.84906]]]}}, {"type": "Feature", "properties": {}, "geometry": {"type": "Polygon", "coordinates": [[[32.84914, 39.84876], [32.84909, 39.84861], [32.84914, 39.8486], [32.84913, 39.84857], [32.84928, 39.84854], [32.84928, 39.84856], [32.84935, 39.84855], [32.8494, 39.8487], [32.84936, 39.84871], [32.84937, 39.84874], [32.8492, 39.84877], [32.84919, 39.84875], [32.84914, 39.84876]]]}}, {"type": "Feature", "properties": {}, "geometry": {"type": "Polygon", "coordinates": [[[32.84781, 39.84978], [32.84777, 39.84964], [32.84781, 39.84963], [32.84781, 39.8496], [32.84795, 39.84957], [32.84796, 39.84959], [32.84802, 39.84958], [32.84807, 39.84973], [32.84803, 39.84974], [32.84804, 39.84977], [32.84787, 39.8498], [32.84787, 39.84977], [32.84781, 39.84978]]]}}, {"type": "Feature", "properties": {}, "geometry": {"type": "Polygon", "coordinates": [[[32.84747, 39.85006], [32.84742, 39.84991], [32.84747, 39.8499], [32.84746, 39.84988], [32.84761, 39.84985], [32.84761, 39.84987], [32.84767, 39.84986], [32.84772, 39.85001], [32.84768, 39.85002], [32.84769, 39.85005], [32.84753, 39.85008], [32.84752, 39.85005], [32.84747, 39.85006]]]}}, {"type": "Feature", "properties": {}, "geometry": {"type": "Polygon", "coordinates": [[[32.8471, 39.85035], [32.84705, 39.8502], [32.8471, 39.85019], [32.84709, 39.85016], [32.84724, 39.85013], [32.84725, 39.85015], [32.84731, 39.85014], [32.84736, 39.85029], [32.84732, 39.8503], [32.84733, 39.85033], [32.84716, 39.85036], [32.84715, 39.85034], [32.8471, 39.85035]]]}}, {"type": "Feature", "properties": {}, "geometry": {"type": "Polygon", "coordinates": [[[32.84836, 39.8484], [32.84833, 39.8483], [32.84833, 39.84828], [32.84832, 39.84824], [32.84835, 39.84823], [32.84835, 39.84822], [32.8484, 39.84821], [32.84841, 39.84822], [32.84846, 39.84821], [32.84846, 39.8482], [32.84851, 39.84819], [32.84852, 39.8482], [32.84855, 39.8482], [32.84857, 39.84824], [32.84858, 39.84824], [32.84862, 39.84833], [32.84861, 39.84834], [32.84862, 39.84839], [32.84859, 39.84839], [32.84859, 39.84841], [32.84855, 39.84842], [32.84853, 39.84841], [32.84849, 39.84842], [32.84849, 39.84843], [32.84844, 39.84844], [32.84843, 39.84843], [32.84839, 39.84844], [32.84838, 39.84839], [32.84836, 39.8484]]]}}, {"type": "Feature", "properties": {}, "geometry": {"type": "Polygon", "coordinates": [[[32.84798, 39.84869], [32.84795, 39.84859], [32.84796, 39.84857], [32.84795, 39.84853], [32.84797, 39.84852], [32.84797, 39.84851], [32.84803, 39.8485], [32.84803, 39.84851], [32.84809, 39.8485], [32.84809, 39.84849], [32.84814, 39.84848], [32.84814, 39.84849], [32.84818, 39.84849], [32.84819, 39.84853], [32.84821, 39.84853], [32.84824, 39.84862], [32.84824, 39.84863], [32.84825, 39.84868], [32.84821, 39.84868], [32.84821, 39.8487], [32.84817, 39.84871], [32.84816, 39.8487], [32.84811, 39.84871], [32.84811, 39.84872], [32.84807, 39.84873], [32.84806, 39.84872], [32.84802, 39.84873], [32.84801, 39.84868], [32.84798, 39.84869]]]}}, {"type": "Feature", "properties": {}, "geometry": {"type": "Polygon", "coordinates": [[[32.84925, 39.84922], [32.84936, 39.84916], [32.84964, 39.84945], [32.84953, 39.84951], [32.84925, 39.84922]]]}}, {"type": "Feature", "properties": {}, "geometry": {"type": "Polygon", "coordinates": [[[32.85952, 39.85049], [32.85969, 39.8502], [32.85982, 39.85024], [32.8598, 39.85028], [32.85986, 39.8503], [32.85988, 39.85026], [32.85998, 39.85029], [32.85981, 39.85058], [32.8597, 39.85054], [32.85973, 39.85049], [32.85969, 39.85048], [32.85966, 39.85053], [32.85952, 39.85049]]]}}, {"type": "Feature", "properties": {}, "geometry": {"type": "Polygon", "coordinates": [[[32.85893, 39.85039], [32.8591, 39.8501], [32.85923, 39.85015], [32.85921, 39.85019], [32.85927, 39.85021], [32.8593, 39.85016], [32.85939, 39.85019], [32.85922, 39.85049], [32.85911, 39.85045], [32.85914, 39.85039], [32.8591, 39.85038], [32.85907, 39.85044], [32.85893, 39.85039]]]}}, {"type": "Feature", "properties": {}, "geometry": {"type": "Polygon", "coordinates": [[[32.85905, 39.851], [32.85922, 39.85071], [32.85935, 39.85075], [32.85932, 39.85079], [32.85938, 39.85081], [32.85941, 39.85077], [32.85951, 39.8508], [32.85934, 39.85109], [32.85922, 39.85105], [32.85926, 39.851], [32.85922, 39.85099], [32.85918, 39.85105], [32.85905, 39.851]]]}}, {"type": "Feature", "properties": {}, "geometry": {"type": "Polygon", "coordinates": [[[32.85945, 39.8514], [32.85962, 39.85111], [32.85975, 39.85115], [32.85973, 39.85119], [32.85979, 39.85121], [32.85982, 39.85116], [32.85992, 39.8512], [32.85975, 39.85149], [32.85963, 39.85145], [32.85966, 39.8514], [32.85963, 39.85138], [32.85959, 39.85144], [32.85945, 39.8514]]]}}, {"type": "Feature", "properties": {}, "geometry": {"type": "Polygon", "coordinates": [[[32.85995, 39.85079], [32.86012, 39.8505], [32.86025, 39.85054], [32.86023, 39.85058], [32.86029, 39.8506], [32.86032, 39.85056], [32.86042, 39.85059], [32.86024, 39.85088], [32.86013, 39.85084], [32.86016, 39.85079], [32.86013, 39.85078], [32.86009, 39.85084], [32.85995, 39.85079]]]}}, {"type": "Feature", "properties": {}, "geometry": {"type": "Polygon", "coordinates": [[[32.85983, 39.85183], [32.86, 39.85154], [32.86013, 39.85158], [32.86011, 39.85162], [32.86017, 39.85164], [32.8602, 39.85159], [32.86029, 39.85163], [32.86012, 39.85192], [32.86001, 39.85188], [32.86004, 39.85183], [32.86, 39.85181], [32.85997, 39.85187], [32.85983, 39.85183]]]}}, {"type": "Feature", "properties": {}, "geometry": {"type": "Polygon", "coordinates": [[[32.86022, 39.85225], [32.86039, 39.85196], [32.86052, 39.85201], [32.8605, 39.85205], [32.86056, 39.85207], [32.86058, 39.85202], [32.86068, 39.85205], [32.86051, 39.85235], [32.8604, 39.85231], [32.86043, 39.85225], [32.86039, 39.85224], [32.86036, 39.8523], [32.86022, 39.85225]]]}}, {"type": "Feature", "properties": {}, "geometry": {"type": "Polygon", "coordinates": [[[32.8604, 39.85114], [32.86057, 39.85085], [32.8607, 39.85089], [32.86068, 39.85093], [32.86074, 39.85095], [32.86076, 39.8509], [32.86086, 39.85094], [32.86069, 39.85123], [32.86058, 39.85119], [32.86061, 39.85114], [32.86057, 39.85112], [32.86054, 39.85118], [32.8604, 39.85114]]]}}, {"type": "Feature", "properties": {}, "geometry": {"type": "Polygon", "coordinates": [[[32.86086, 39.85144], [32.86103, 39.85115], [32.86116, 39.85119], [32.86113, 39.85123], [32.86119, 39.85125], [32.86122, 39.85121], [32.86132, 39.85124], [32.86115, 39.85153], [32.86103, 39.85149], [32.86107, 39.85144], [32.86103, 39.85143], [32.86099, 39.85149], [32.86086, 39.85144]]]}}, {"type": "Feature", "properties": {}, "geometry": {"type": "Polygon", "coordinates": [[[32.8607, 39.85258], [32.86087, 39.8523], [32.861, 39.85234], [32.86098, 39.85238], [32.86104, 39.8524], [32.86106, 39.85235], [32.86116, 39.85239], [32.86099, 39.85268], [32.86088, 39.85264], [32.86091, 39.85258], [32.86087, 39.85257], [32.86084, 39.85263], [32.8607, 39.85258]]]}}, {"type": "Feature", "properties": {}, "geometry": {"type": "Polygon", "coordinates": [[[32.86121, 39.8528], [32.86138, 39.85252], [32.86151, 39.85256], [32.86148, 39.8526], [32.86154, 39.85262], [32.86157, 39.85257], [32.86167, 39.85261], [32.8615, 39.8529], [32.86138, 39.85286], [32.86142, 39.8528], [32.86138, 39.85279], [32.86134, 39.85285], [32.86121, 39.8528]]]}}, {"type": "Feature", "properties": {}, "geometry": {"type": "Polygon", "coordinates": [[[32.86179, 39.85209], [32.86196, 39.8518], [32.86209, 39.85184], [32.86207, 39.85188], [32.86213, 39.8519], [32.86215, 39.85185], [32.86225, 39.85189], [32.86208, 39.85218], [32.86197, 39.85214], [32.862, 39.85209], [32.86196, 39.85207], [32.86193, 39.85213], [32.86179, 39.85209]]]}}, {"type": "Feature", "properties": {}, "geometry": {"type": "Polygon", "coordinates": [[[32.82487, 39.84881], [32.82506, 39.8487], [32.82523, 39.84887], [32.82504, 39.84898], [32.82487, 39.84881]]]}}, {"type": "Feature", "properties": {}, "geometry": {"type": "Polygon", "coordinates": [[[32.82496, 39.84922], [32.82514, 39.84912], [32.8253, 39.84928], [32.82512, 39.84938], [32.82496, 39.84922]]]}}, {"type": "Feature", "properties": {}, "geometry": {"type": "Polygon", "coordinates": [[[32.83039, 39.84865], [32.83039, 39.84844], [32.83068, 39.84844], [32.83068, 39.84859], [32.83071, 39.8486], [32.83074, 39.84862], [32.83075, 39.84864], [32.83097, 39.84865], [32.83097, 39.84886], [32.83067, 39.84886], [32.83067, 39.84871], [32.83063, 39.8487], [32.8306, 39.84868], [32.83059, 39.84865], [32.83039, 39.84865]]]}}, {"type": "Feature", "properties": {}, "geometry": {"type": "Polygon", "coordinates": [[[32.83938, 39.84852], [32.83928, 39.84817], [32.83934, 39.84816], [32.83949, 39.84823], [32.83959, 39.84852], [32.8395, 39.84854], [32.83941, 39.84854], [32.83938, 39.84852]]]}}, {"type": "Feature", "properties": {}, "geometry": {"type": "Polygon", "coordinates": [[[32.84278, 39.85245], [32.84272, 39.85232], [32.84283, 39.85228], [32.84285, 39.85219], [32.84303, 39.85219], [32.84301, 39.8523], [32.84309, 39.85237], [32.84299, 39.85246], [32.8429, 39.85242], [32.84278, 39.85245]]]}}, {"type": "Feature", "properties": {}, "geometry": {"type": "Polygon", "coordinates": [[[32.84315, 39.85201], [32.84323, 39.85184], [32.84343, 39.8519], [32.84335, 39.85207], [32.84315, 39.85201]]]}}, {"type": "Feature", "properties": {}, "geometry": {"type": "Polygon", "coordinates": [[[32.84279, 39.8519], [32.84287, 39.85173], [32.84306, 39.85179], [32.84298, 39.85196], [32.84279, 39.8519]]]}}, {"type": "Feature", "properties": {}, "geometry": {"type": "Polygon", "coordinates": [[[32.8415, 39.85258], [32.84159, 39.85241], [32.84186, 39.8525], [32.84177, 39.85267], [32.8415, 39.85258]]]}}, {"type": "Feature", "properties": {}, "geometry": {"type": "Polygon", "coordinates": [[[32.85454, 39.86083], [32.85468, 39.86073], [32.85484, 39.86085], [32.8547, 39.86096], [32.85454, 39.86083]]]}}, {"type": "Feature", "properties": {}, "geometry": {"type": "Polygon", "coordinates": [[[32.85487, 39.86108], [32.85499, 39.86096], [32.85524, 39.86112], [32.85512, 39.86123], [32.85487, 39.86108]]]}}, {"type": "Feature", "properties": {}, "geometry": {"type": "Polygon", "coordinates": [[[32.85791, 39.86337], [32.858, 39.86335], [32.85813, 39.86344], [32.85807, 39.86351], [32.85804, 39.86353], [32.85801, 39.86354], [32.85796, 39.86354], [32.85791, 39.86353], [32.85785, 39.8635], [32.8578, 39.86346], [32.85791, 39.86337]]]}}, {"type": "Feature", "properties": {}, "geometry": {"type": "Polygon", "coordinates": [[[32.86026, 39.86356], [32.86044, 39.86336], [32.86058, 39.86343], [32.8604, 39.86364], [32.86026, 39.86356]]]}}, {"type": "Feature", "properties": {}, "geometry": {"type": "Polygon", "coordinates": [[[32.86009, 39.86347], [32.86027, 39.86326], [32.8604, 39.86333], [32.86022, 39.86354], [32.86009, 39.86347]]]}}, {"type": "Feature", "properties": {}, "geometry": {"type": "Polygon", "coordinates": [[[32.8599, 39.86334], [32.86007, 39.86317], [32.86022, 39.86325], [32.86005, 39.86342], [32.8599, 39.86334]]]}}, {"type": "Feature", "properties": {}, "geometry": {"type": "Polygon", "coordinates": [[[32.83229, 39.8727], [32.83228, 39.87263], [32.83202, 39.87244], [32.83158, 39.87307], [32.83164, 39.87309], [32.83184, 39.87318], [32.83204, 39.87324], [32.83217, 39.87296], [32.83229, 39.8727]]]}}, {"type": "Feature", "properties": {}, "geometry": {"type": "Polygon", "coordinates": [[[32.85734, 39.86369], [32.85756, 39.86386], [32.85771, 39.86375], [32.8575, 39.86358], [32.85734, 39.86369]]]}}, {"type": "Feature", "properties": {}, "geometry": {"type": "Polygon", "coordinates": [[[32.82847, 39.85233], [32.82847, 39.85195], [32.82896, 39.85196], [32.82896, 39.85214], [32.82886, 39.85214], [32.82886, 39.85224], [32.82872, 39.85224], [32.82872, 39.85233], [32.82847, 39.85233]]]}}, {"type": "Feature", "properties": {}, "geometry": {"type": "Polygon", "coordinates": [[[32.831, 39.86625], [32.83127, 39.86613], [32.83134, 39.86623], [32.83108, 39.86635], [32.831, 39.86625]]]}}, {"type": "Feature", "properties": {}, "geometry": {"type": "Polygon", "coordinates": [[[32.83113, 39.86638], [32.83138, 39.86629], [32.83147, 39.86643], [32.83122, 39.86652], [32.83113, 39.86638]]]}}, {"type": "Feature", "properties": {}, "geometry": {"type": "Polygon", "coordinates": [[[32.82906, 39.86582], [32.82912, 39.86571], [32.82939, 39.86578], [32.82933, 39.8659], [32.82906, 39.86582]]]}}, {"type": "Feature", "properties": {}, "geometry": {"type": "Polygon", "coordinates": [[[32.82941, 39.86616], [32.82949, 39.86602], [32.82969, 39.86609], [32.82961, 39.86623], [32.82941, 39.86616]]]}}, {"type": "Feature", "properties": {}, "geometry": {"type": "Polygon", "coordinates": [[[32.82946, 39.86595], [32.82953, 39.86583], [32.82978, 39.86592], [32.82972, 39.86603], [32.82946, 39.86595]]]}}, {"type": "Feature", "properties": {}, "geometry": {"type": "Polygon", "coordinates": [[[32.82932, 39.86619], [32.82957, 39.86627], [32.82941, 39.86655], [32.8293, 39.8665], [32.82927, 39.86648], [32.82925, 39.86641], [32.82928, 39.86635], [32.82922, 39.86632], [32.82918, 39.86628], [32.82918, 39.86623], [32.8292, 39.8662], [32.82924, 39.86622], [32.82928, 39.86618], [32.82932, 39.86619]]]}}, {"type": "Feature", "properties": {}, "geometry": {"type": "Polygon", "coordinates": [[[32.82942, 39.86691], [32.82947, 39.8668], [32.82978, 39.86688], [32.82974, 39.86699], [32.82942, 39.86691]]]}}, {"type": "Feature", "properties": {}, "geometry": {"type": "Polygon", "coordinates": [[[32.8271, 39.8658], [32.82722, 39.86563], [32.82738, 39.86569], [32.82725, 39.86586], [32.8271, 39.8658]]]}}, {"type": "Feature", "properties": {}, "geometry": {"type": "Polygon", "coordinates": [[[32.82656, 39.86453], [32.82673, 39.86435], [32.82684, 39.86441], [32.82667, 39.86459], [32.82656, 39.86453]]]}}, {"type": "Feature", "properties": {}, "geometry": {"type": "Polygon", "coordinates": [[[32.82632, 39.86434], [32.82646, 39.86419], [32.82658, 39.86426], [32.82644, 39.8644], [32.82632, 39.86434]]]}}, {"type": "Feature", "properties": {}, "geometry": {"type": "Polygon", "coordinates": [[[32.82615, 39.86424], [32.82627, 39.8641], [32.82639, 39.86416], [32.82627, 39.8643], [32.82615, 39.86424]]]}}, {"type": "Feature", "properties": {}, "geometry": {"type": "Polygon", "coordinates": [[[32.82603, 39.86467], [32.82614, 39.86456], [32.82626, 39.86463], [32.82615, 39.86474], [32.82603, 39.86467]]]}}, {"type": "Feature", "properties": {}, "geometry": {"type": "Polygon", "coordinates": [[[32.82598, 39.86461], [32.82619, 39.8644], [32.82611, 39.86435], [32.82607, 39.86435], [32.82605, 39.86436], [32.82591, 39.8645], [32.82589, 39.86454], [32.82589, 39.86456], [32.82598, 39.86461]]]}}, {"type": "Feature", "properties": {}, "geometry": {"type": "Polygon", "coordinates": [[[32.82447, 39.86349], [32.82457, 39.86343], [32.82482, 39.86368], [32.82472, 39.86374], [32.82447, 39.86349]]]}}, {"type": "Feature", "properties": {}, "geometry": {"type": "Polygon", "coordinates": [[[32.82392, 39.86314], [32.82381, 39.86286], [32.82405, 39.86281], [32.82415, 39.86308], [32.82392, 39.86314]]]}}, {"type": "Feature", "properties": {}, "geometry": {"type": "Polygon", "coordinates": [[[32.82377, 39.86384], [32.82397, 39.86371], [32.82411, 39.86383], [32.8239, 39.86396], [32.82377, 39.86384]]]}}, {"type": "Feature", "properties": {}, "geometry": {"type": "Polygon", "coordinates": [[[32.82423, 39.86357], [32.82434, 39.8635], [32.82453, 39.86369], [32.82442, 39.86376], [32.82423, 39.86357]]]}}, {"type": "Feature", "properties": {}, "geometry": {"type": "Polygon", "coordinates": [[[32.82464, 39.86337], [32.82478, 39.86327], [32.82496, 39.86343], [32.82482, 39.86353], [32.82464, 39.86337]]]}}, {"type": "Feature", "properties": {}, "geometry": {"type": "Polygon", "coordinates": [[[32.8249, 39.86354], [32.82507, 39.86344], [32.82523, 39.86357], [32.82505, 39.86368], [32.8249, 39.86354]]]}}, {"type": "Feature", "properties": {}, "geometry": {"type": "Polygon", "coordinates": [[[32.82403, 39.86394], [32.82421, 39.86384], [32.82431, 39.86394], [32.82413, 39.86404], [32.82403, 39.86394]]]}}, {"type": "Feature", "properties": {}, "geometry": {"type": "Polygon", "coordinates": [[[32.82368, 39.86423], [32.82385, 39.86406], [32.82398, 39.86415], [32.82395, 39.86419], [32.82398, 39.86421], [32.82386, 39.86434], [32.82368, 39.86423]]]}}, {"type": "Feature", "properties": {}, "geometry": {"type": "Polygon", "coordinates": [[[32.82397, 39.86429], [32.8241, 39.86416], [32.82426, 39.86426], [32.82413, 39.86439], [32.82397, 39.86429]]]}}, {"type": "Feature", "properties": {}, "geometry": {"type": "Polygon", "coordinates": [[[32.82339, 39.8641], [32.82365, 39.86393], [32.82379, 39.86406], [32.82353, 39.86423], [32.82339, 39.8641]]]}}, {"type": "Feature", "properties": {}, "geometry": {"type": "Polygon", "coordinates": [[[32.82335, 39.86319], [32.82328, 39.86303], [32.82362, 39.86294], [32.82369, 39.8631], [32.82335, 39.86319]]]}}, {"type": "Feature", "properties": {}, "geometry": {"type": "Polygon", "coordinates": [[[32.82429, 39.86303], [32.82456, 39.86296], [32.82462, 39.86313], [32.82435, 39.86319], [32.82429, 39.86303]]]}}, {"type": "Feature", "properties": {}, "geometry": {"type": "Polygon", "coordinates": [[[32.82342, 39.86323], [32.82366, 39.86317], [32.82373, 39.86334], [32.82349, 39.8634], [32.82342, 39.86323]]]}}, {"type": "Feature", "properties": {}, "geometry": {"type": "Polygon", "coordinates": [[[32.82349, 39.86345], [32.82378, 39.86337], [32.82384, 39.86353], [32.82368, 39.86358], [32.82366, 39.86362], [32.82359, 39.86364], [32.82349, 39.86345]]]}}, {"type": "Feature", "properties": {}, "geometry": {"type": "Polygon", "coordinates": [[[32.82222, 39.86451], [32.82231, 39.86435], [32.82252, 39.86442], [32.82244, 39.86458], [32.82222, 39.86451]]]}}, {"type": "Feature", "properties": {}, "geometry": {"type": "Polygon", "coordinates": [[[32.82132, 39.86467], [32.82144, 39.86446], [32.82161, 39.86451], [32.8215, 39.86472], [32.82132, 39.86467]]]}}, {"type": "Feature", "properties": {}, "geometry": {"type": "Polygon", "coordinates": [[[32.82092, 39.86492], [32.82102, 39.86481], [32.82105, 39.86479], [32.82108, 39.86475], [32.82122, 39.86481], [32.82119, 39.86486], [32.8212, 39.8649], [32.82112, 39.86502], [32.82092, 39.86492]]]}}, {"type": "Feature", "properties": {}, "geometry": {"type": "Polygon", "coordinates": [[[32.82116, 39.86505], [32.82131, 39.86489], [32.82145, 39.86496], [32.8213, 39.86513], [32.82116, 39.86505]]]}}, {"type": "Feature", "properties": {}, "geometry": {"type": "Polygon", "coordinates": [[[32.8214, 39.86512], [32.82156, 39.86493], [32.82173, 39.86503], [32.82164, 39.86511], [32.82152, 39.86519], [32.8214, 39.86512]]]}}, {"type": "Feature", "properties": {}, "geometry": {"type": "Polygon", "coordinates": [[[32.82156, 39.86474], [32.82167, 39.86454], [32.82184, 39.8646], [32.82174, 39.8648], [32.82156, 39.86474]]]}}, {"type": "Feature", "properties": {}, "geometry": {"type": "Polygon", "coordinates": [[[32.82308, 39.8648], [32.82315, 39.86469], [32.82336, 39.86477], [32.8233, 39.86488], [32.82308, 39.8648]]]}}, {"type": "Feature", "properties": {}, "geometry": {"type": "Polygon", "coordinates": [[[32.82337, 39.86488], [32.82343, 39.86476], [32.82363, 39.86482], [32.82357, 39.86494], [32.82337, 39.86488]]]}}, {"type": "Feature", "properties": {}, "geometry": {"type": "Polygon", "coordinates": [[[32.82363, 39.86495], [32.82369, 39.86483], [32.82389, 39.8649], [32.82383, 39.86502], [32.82363, 39.86495]]]}}, {"type": "Feature", "properties": {}, "geometry": {"type": "Polygon", "coordinates": [[[32.82377, 39.86476], [32.82386, 39.86459], [32.82402, 39.86464], [32.82392, 39.86481], [32.82377, 39.86476]]]}}, {"type": "Feature", "properties": {}, "geometry": {"type": "Polygon", "coordinates": [[[32.82401, 39.8651], [32.82408, 39.86494], [32.82426, 39.86498], [32.82419, 39.86514], [32.82401, 39.8651]]]}}, {"type": "Feature", "properties": {}, "geometry": {"type": "Polygon", "coordinates": [[[32.82432, 39.86397], [32.8245, 39.86412], [32.82436, 39.8642], [32.82432, 39.86418], [32.82429, 39.86418], [32.82426, 39.86415], [32.82421, 39.86412], [32.82422, 39.86405], [32.82432, 39.86397]]]}}, {"type": "Feature", "properties": {}, "geometry": {"type": "Polygon", "coordinates": [[[32.82451, 39.86388], [32.82463, 39.86379], [32.82466, 39.86382], [32.82469, 39.86381], [32.82474, 39.86384], [32.82478, 39.86389], [32.82476, 39.86391], [32.82479, 39.86394], [32.82467, 39.86403], [32.82451, 39.86388]]]}}, {"type": "Feature", "properties": {}, "geometry": {"type": "Polygon", "coordinates": [[[32.82482, 39.86381], [32.82499, 39.86378], [32.82504, 39.86393], [32.82487, 39.86396], [32.82482, 39.86381]]]}}, {"type": "Feature", "properties": {}, "geometry": {"type": "Polygon", "coordinates": [[[32.82273, 39.86349], [32.82286, 39.86338], [32.82305, 39.86351], [32.82292, 39.86362], [32.82273, 39.86349]]]}}, {"type": "Feature", "properties": {}, "geometry": {"type": "Polygon", "coordinates": [[[32.82289, 39.86334], [32.82298, 39.86327], [32.82322, 39.86344], [32.82313, 39.86351], [32.82289, 39.86334]]]}}, {"type": "Feature", "properties": {}, "geometry": {"type": "Polygon", "coordinates": [[[32.82296, 39.86383], [32.82305, 39.86374], [32.82324, 39.86386], [32.82316, 39.86394], [32.82296, 39.86383]]]}}, {"type": "Feature", "properties": {}, "geometry": {"type": "Polygon", "coordinates": [[[32.82246, 39.86388], [32.82254, 39.86375], [32.82274, 39.86383], [32.82273, 39.86385], [32.82278, 39.86388], [32.82273, 39.86395], [32.82269, 39.86394], [32.82266, 39.86394], [32.82262, 39.86394], [32.82246, 39.86388]]]}}, {"type": "Feature", "properties": {}, "geometry": {"type": "Polygon", "coordinates": [[[32.82314, 39.86369], [32.8233, 39.86358], [32.82349, 39.86376], [32.82333, 39.86387], [32.82314, 39.86369]]]}}, {"type": "Feature", "properties": {}, "geometry": {"type": "Polygon", "coordinates": [[[32.82404, 39.86337], [32.82398, 39.86322], [32.82421, 39.86316], [32.82426, 39.86329], [32.82419, 39.86332], [32.82415, 39.86336], [32.82404, 39.86337]]]}}, {"type": "Feature", "properties": {}, "geometry": {"type": "Polygon", "coordinates": [[[32.82522, 39.86163], [32.8254, 39.86154], [32.82558, 39.86175], [32.8254, 39.86185], [32.82522, 39.86163]]]}}, {"type": "Feature", "properties": {}, "geometry": {"type": "Polygon", "coordinates": [[[32.82543, 39.86148], [32.82558, 39.86135], [32.82582, 39.86151], [32.82567, 39.86165], [32.82543, 39.86148]]]}}, {"type": "Feature", "properties": {}, "geometry": {"type": "Polygon", "coordinates": [[[32.8257, 39.86171], [32.82591, 39.86159], [32.82602, 39.8617], [32.8258, 39.86182], [32.8257, 39.86171]]]}}, {"type": "Feature", "properties": {}, "geometry": {"type": "Polygon", "coordinates": [[[32.82586, 39.86187], [32.82608, 39.86175], [32.82618, 39.86186], [32.82596, 39.86198], [32.82586, 39.86187]]]}}, {"type": "Feature", "properties": {}, "geometry": {"type": "Polygon", "coordinates": [[[32.82388, 39.86206], [32.82396, 39.86191], [32.82406, 39.86194], [32.82401, 39.86203], [32.82406, 39.86204], [32.82402, 39.8621], [32.82388, 39.86206]]]}}, {"type": "Feature", "properties": {}, "geometry": {"type": "Polygon", "coordinates": [[[32.82415, 39.86231], [32.82421, 39.86226], [32.82424, 39.86224], [32.82433, 39.86223], [32.82443, 39.86242], [32.82423, 39.8625], [32.82415, 39.86231]]]}}, {"type": "Feature", "properties": {}, "geometry": {"type": "Polygon", "coordinates": [[[32.82459, 39.86199], [32.82476, 39.86194], [32.82483, 39.86209], [32.82466, 39.86213], [32.82459, 39.86199]]]}}, {"type": "Feature", "properties": {}, "geometry": {"type": "Polygon", "coordinates": [[[32.82467, 39.86219], [32.82484, 39.86214], [32.8249, 39.86227], [32.82473, 39.86232], [32.82467, 39.86219]]]}}, {"type": "Feature", "properties": {}, "geometry": {"type": "Polygon", "coordinates": [[[32.82475, 39.86251], [32.82469, 39.86238], [32.82489, 39.86233], [32.82494, 39.86246], [32.82475, 39.86251]]]}}, {"type": "Feature", "properties": {}, "geometry": {"type": "Polygon", "coordinates": [[[32.82473, 39.86259], [32.82496, 39.86251], [32.82503, 39.86263], [32.8248, 39.86271], [32.82473, 39.86259]]]}}, {"type": "Feature", "properties": {}, "geometry": {"type": "Polygon", "coordinates": [[[32.82483, 39.86186], [32.82506, 39.86178], [32.82513, 39.86188], [32.8249, 39.86197], [32.82483, 39.86186]]]}}, {"type": "Feature", "properties": {}, "geometry": {"type": "Polygon", "coordinates": [[[32.82495, 39.862], [32.82515, 39.86194], [32.82522, 39.86206], [32.82502, 39.86213], [32.82495, 39.862]]]}}, {"type": "Feature", "properties": {}, "geometry": {"type": "Polygon", "coordinates": [[[32.82504, 39.8622], [32.82524, 39.86212], [32.82531, 39.86225], [32.82511, 39.86232], [32.82504, 39.8622]]]}}, {"type": "Feature", "properties": {}, "geometry": {"type": "Polygon", "coordinates": [[[32.82513, 39.86239], [32.82537, 39.8623], [32.82546, 39.86245], [32.82523, 39.86254], [32.82513, 39.86239]]]}}, {"type": "Feature", "properties": {}, "geometry": {"type": "Polygon", "coordinates": [[[32.82537, 39.86256], [32.82553, 39.8625], [32.82562, 39.86268], [32.82534, 39.86279], [32.82527, 39.86269], [32.82532, 39.86266], [32.82532, 39.86263], [32.82538, 39.86259], [32.82537, 39.86256]]]}}, {"type": "Feature", "properties": {}, "geometry": {"type": "Polygon", "coordinates": [[[32.82195, 39.86213], [32.82218, 39.86203], [32.82232, 39.8622], [32.82209, 39.86231], [32.82195, 39.86213]]]}}, {"type": "Feature", "properties": {}, "geometry": {"type": "Polygon", "coordinates": [[[32.82245, 39.86215], [32.82264, 39.86203], [32.82279, 39.86218], [32.82261, 39.86229], [32.82245, 39.86215]]]}}, {"type": "Feature", "properties": {}, "geometry": {"type": "Polygon", "coordinates": [[[32.82231, 39.86255], [32.82256, 39.86244], [32.82267, 39.86257], [32.82242, 39.86269], [32.82231, 39.86255]]]}}, {"type": "Feature", "properties": {}, "geometry": {"type": "Polygon", "coordinates": [[[32.85282, 39.85747], [32.85304, 39.85753], [32.85296, 39.8577], [32.85274, 39.85763], [32.85282, 39.85747]]]}}, {"type": "Feature", "properties": {}, "geometry": {"type": "Polygon", "coordinates": [[[32.85398, 39.86002], [32.8542, 39.85985], [32.85442, 39.86001], [32.8542, 39.86019], [32.85398, 39.86002]]]}}, {"type": "Feature", "properties": {}, "geometry": {"type": "Polygon", "coordinates": [[[32.85471, 39.86055], [32.85495, 39.86035], [32.8551, 39.86046], [32.85486, 39.86066], [32.85471, 39.86055]]]}}, {"type": "Feature", "properties": {}, "geometry": {"type": "Polygon", "coordinates": [[[32.85461, 39.86043], [32.8548, 39.86027], [32.8549, 39.86034], [32.85471, 39.8605], [32.85461, 39.86043]]]}}, {"type": "Feature", "properties": {}, "geometry": {"type": "Polygon", "coordinates": [[[32.85445, 39.8603], [32.8546, 39.86018], [32.85472, 39.86027], [32.85455, 39.86041], [32.85446, 39.86035], [32.85449, 39.86033], [32.85445, 39.8603]]]}}, {"type": "Feature", "properties": {}, "geometry": {"type": "Polygon", "coordinates": [[[32.85547, 39.86101], [32.85564, 39.86083], [32.85579, 39.86092], [32.85563, 39.86109], [32.85547, 39.86101]]]}}, {"type": "Feature", "properties": {}, "geometry": {"type": "Polygon", "coordinates": [[[32.85627, 39.8614], [32.85643, 39.86123], [32.85658, 39.86131], [32.85642, 39.86148], [32.85627, 39.8614]]]}}, {"type": "Feature", "properties": {}, "geometry": {"type": "Polygon", "coordinates": [[[32.85643, 39.86152], [32.85662, 39.86133], [32.85674, 39.8614], [32.85656, 39.86159], [32.85643, 39.86152]]]}}, {"type": "Feature", "properties": {}, "geometry": {"type": "Polygon", "coordinates": [[[32.82339, 39.86674], [32.82337, 39.86666], [32.82357, 39.86654], [32.82372, 39.86664], [32.82371, 39.86667], [32.82339, 39.86674]]]}}, {"type": "Feature", "properties": {}, "geometry": {"type": "Polygon", "coordinates": [[[32.82393, 39.86639], [32.82407, 39.86626], [32.82419, 39.86635], [32.82405, 39.86647], [32.82393, 39.86639]]]}}, {"type": "Feature", "properties": {}, "geometry": {"type": "Polygon", "coordinates": [[[32.82313, 39.86627], [32.82317, 39.86607], [32.82338, 39.8661], [32.82333, 39.86629], [32.82313, 39.86627]]]}}, {"type": "Feature", "properties": {}, "geometry": {"type": "Polygon", "coordinates": [[[32.82292, 39.86619], [32.82294, 39.8661], [32.82295, 39.86608], [32.82299, 39.86597], [32.82313, 39.86599], [32.82309, 39.86622], [32.82292, 39.86619]]]}}, {"type": "Feature", "properties": {}, "geometry": {"type": "Polygon", "coordinates": [[[32.82571, 39.86491], [32.8259, 39.86471], [32.82608, 39.86481], [32.82589, 39.86501], [32.82571, 39.86491]]]}}, {"type": "Feature", "properties": {}, "geometry": {"type": "Polygon", "coordinates": [[[32.82533, 39.86478], [32.82543, 39.86467], [32.82573, 39.86463], [32.82576, 39.86472], [32.82566, 39.86488], [32.82533, 39.86478]]]}}, {"type": "Feature", "properties": {}, "geometry": {"type": "Polygon", "coordinates": [[[32.83032, 39.86432], [32.83038, 39.86414], [32.83055, 39.86417], [32.83049, 39.86435], [32.83032, 39.86432]]]}}, {"type": "Feature", "properties": {}, "geometry": {"type": "Polygon", "coordinates": [[[32.83082, 39.86247], [32.83092, 39.86265], [32.83074, 39.86271], [32.83064, 39.86253], [32.83082, 39.86247]]]}}, {"type": "Feature", "properties": {}, "geometry": {"type": "Polygon", "coordinates": [[[32.83085, 39.86245], [32.83103, 39.86237], [32.83115, 39.86252], [32.83098, 39.8626], [32.83085, 39.86245]]]}}, {"type": "Feature", "properties": {}, "geometry": {"type": "Polygon", "coordinates": [[[32.83113, 39.86284], [32.83104, 39.86268], [32.83122, 39.86262], [32.83131, 39.86279], [32.83113, 39.86284]]]}}, {"type": "Feature", "properties": {}, "geometry": {"type": "Polygon", "coordinates": [[[32.83124, 39.86304], [32.83116, 39.86288], [32.83131, 39.86283], [32.8314, 39.86299], [32.83124, 39.86304]]]}}, {"type": "Feature", "properties": {}, "geometry": {"type": "Polygon", "coordinates": [[[32.83126, 39.86312], [32.83145, 39.86307], [32.83151, 39.86324], [32.83132, 39.86328], [32.83126, 39.86312]]]}}, {"type": "Feature", "properties": {}, "geometry": {"type": "Polygon", "coordinates": [[[32.83029, 39.86313], [32.83046, 39.86308], [32.83054, 39.86322], [32.83037, 39.86328], [32.83029, 39.86313]]]}}, {"type": "Feature", "properties": {}, "geometry": {"type": "Polygon", "coordinates": [[[32.83015, 39.86297], [32.83034, 39.8629], [32.83042, 39.86302], [32.83023, 39.8631], [32.83015, 39.86297]]]}}, {"type": "Feature", "properties": {}, "geometry": {"type": "Polygon", "coordinates": [[[32.82982, 39.86244], [32.83001, 39.86237], [32.83011, 39.86255], [32.82993, 39.86261], [32.82982, 39.86244]]]}}, {"type": "Feature", "properties": {}, "geometry": {"type": "Polygon", "coordinates": [[[32.83004, 39.86236], [32.83021, 39.86227], [32.83033, 39.86245], [32.83021, 39.86252], [32.8302, 39.8625], [32.83015, 39.86252], [32.83004, 39.86236]]]}}, {"type": "Feature", "properties": {}, "geometry": {"type": "Polygon", "coordinates": [[[32.83395, 39.87], [32.83409, 39.86988], [32.83422, 39.86996], [32.83408, 39.87008], [32.83395, 39.87]]]}}, {"type": "Feature", "properties": {}, "geometry": {"type": "Polygon", "coordinates": [[[32.83414, 39.8701], [32.83428, 39.86998], [32.83441, 39.87007], [32.83427, 39.87019], [32.83414, 39.8701]]]}}, {"type": "Feature", "properties": {}, "geometry": {"type": "Polygon", "coordinates": [[[32.83372, 39.86985], [32.83389, 39.8697], [32.834, 39.86976], [32.83393, 39.86983], [32.83399, 39.86987], [32.83389, 39.86996], [32.83372, 39.86985]]]}}, {"type": "Feature", "properties": {}, "geometry": {"type": "Polygon", "coordinates": [[[32.8284, 39.86162], [32.8284, 39.86158], [32.82866, 39.86146], [32.82876, 39.86162], [32.8284, 39.86162]]]}}, {"type": "Feature", "properties": {}, "geometry": {"type": "Polygon", "coordinates": [[[32.82036, 39.86262], [32.82042, 39.86253], [32.82065, 39.86261], [32.82059, 39.86271], [32.82054, 39.86269], [32.8205, 39.86276], [32.82039, 39.86272], [32.82043, 39.86265], [32.82036, 39.86262]]]}}, {"type": "Feature", "properties": {}, "geometry": {"type": "Polygon", "coordinates": [[[32.82306, 39.86211], [32.82323, 39.86198], [32.82334, 39.86206], [32.8233, 39.86208], [32.82328, 39.86212], [32.82326, 39.86214], [32.82321, 39.86216], [32.82317, 39.8622], [32.82306, 39.86211]]]}}, {"type": "Feature", "properties": {}, "geometry": {"type": "Polygon", "coordinates": [[[32.84166, 39.86935], [32.84194, 39.86925], [32.842, 39.86935], [32.84172, 39.86945], [32.84166, 39.86935]]]}}, {"type": "Feature", "properties": {}, "geometry": {"type": "Polygon", "coordinates": [[[32.85856, 39.86259], [32.85872, 39.86242], [32.85887, 39.8625], [32.85871, 39.86267], [32.85856, 39.86259]]]}}, {"type": "Feature", "properties": {}, "geometry": {"type": "Polygon", "coordinates": [[[32.85833, 39.86252], [32.85851, 39.86233], [32.85866, 39.86242], [32.85848, 39.86261], [32.85833, 39.86252]]]}}, {"type": "Feature", "properties": {}, "geometry": {"type": "Polygon", "coordinates": [[[32.85876, 39.86271], [32.85892, 39.86253], [32.85907, 39.8626], [32.85891, 39.86278], [32.85876, 39.86271]]]}}, {"type": "Feature", "properties": {}, "geometry": {"type": "Polygon", "coordinates": [[[32.85894, 39.86282], [32.85909, 39.86266], [32.85927, 39.86275], [32.85912, 39.86291], [32.85894, 39.86282]]]}}, {"type": "Feature", "properties": {}, "geometry": {"type": "Polygon", "coordinates": [[[32.85933, 39.86304], [32.85949, 39.86285], [32.85964, 39.86292], [32.85947, 39.86311], [32.85933, 39.86304]]]}}, {"type": "Feature", "properties": {}, "geometry": {"type": "Polygon", "coordinates": [[[32.85952, 39.86314], [32.8597, 39.86295], [32.85984, 39.86303], [32.85967, 39.86322], [32.85952, 39.86314]]]}}, {"type": "Feature", "properties": {}, "geometry": {"type": "Polygon", "coordinates": [[[32.85972, 39.86325], [32.8599, 39.86307], [32.86002, 39.86315], [32.85985, 39.86333], [32.85972, 39.86325]]]}}, {"type": "Feature", "properties": {}, "geometry": {"type": "Polygon", "coordinates": [[[32.85841, 39.86294], [32.85856, 39.86282], [32.85873, 39.86294], [32.85858, 39.86306], [32.85841, 39.86294]]]}}, {"type": "Feature", "properties": {}, "geometry": {"type": "Polygon", "coordinates": [[[32.85828, 39.86312], [32.85838, 39.86302], [32.85853, 39.86311], [32.85843, 39.86321], [32.85828, 39.86312]]]}}, {"type": "Feature", "properties": {}, "geometry": {"type": "Polygon", "coordinates": [[[32.85812, 39.86277], [32.85822, 39.86266], [32.85841, 39.86276], [32.85832, 39.86287], [32.85812, 39.86277]]]}}, {"type": "Feature", "properties": {}, "geometry": {"type": "Polygon", "coordinates": [[[32.85794, 39.86294], [32.85804, 39.86284], [32.85823, 39.86295], [32.85813, 39.86305], [32.85794, 39.86294]]]}}, {"type": "Feature", "properties": {}, "geometry": {"type": "Polygon", "coordinates": [[[32.85778, 39.86315], [32.8579, 39.86302], [32.85805, 39.8631], [32.85793, 39.86323], [32.85778, 39.86315]]]}}, {"type": "Feature", "properties": {}, "geometry": {"type": "Polygon", "coordinates": [[[32.85785, 39.86225], [32.85799, 39.8621], [32.85811, 39.86217], [32.85797, 39.86232], [32.85785, 39.86225]]]}}, {"type": "Feature", "properties": {}, "geometry": {"type": "Polygon", "coordinates": [[[32.85802, 39.86233], [32.85819, 39.86215], [32.8583, 39.86221], [32.85813, 39.86239], [32.85802, 39.86233]]]}}, {"type": "Feature", "properties": {}, "geometry": {"type": "Polygon", "coordinates": [[[32.85765, 39.86213], [32.85779, 39.86198], [32.85795, 39.86206], [32.85781, 39.86222], [32.85765, 39.86213]]]}}, {"type": "Feature", "properties": {}, "geometry": {"type": "Polygon", "coordinates": [[[32.85763, 39.86185], [32.85776, 39.86192], [32.85757, 39.86213], [32.85744, 39.86206], [32.85763, 39.86185]]]}}, {"type": "Feature", "properties": {}, "geometry": {"type": "Polygon", "coordinates": [[[32.82028, 39.85033], [32.8205, 39.85026], [32.82059, 39.85042], [32.82037, 39.8505], [32.82028, 39.85033]]]}}, {"type": "Feature", "properties": {}, "geometry": {"type": "Polygon", "coordinates": [[[32.82069, 39.85037], [32.82073, 39.85035], [32.82072, 39.85034], [32.82081, 39.85031], [32.82082, 39.85032], [32.82084, 39.85032], [32.82083, 39.8503], [32.82091, 39.85027], [32.82092, 39.85029], [32.82096, 39.85028], [32.82105, 39.85043], [32.821, 39.85044], [32.82102, 39.85047], [32.82095, 39.85049], [32.82094, 39.85047], [32.8209, 39.85049], [32.82092, 39.85052], [32.82084, 39.85054], [32.82082, 39.85052], [32.82078, 39.85053], [32.82069, 39.85037]]]}}, {"type": "Feature", "properties": {}, "geometry": {"type": "Polygon", "coordinates": [[[32.82178, 39.85214], [32.82189, 39.85208], [32.82205, 39.85226], [32.82193, 39.85232], [32.82178, 39.85214]]]}}, {"type": "Feature", "properties": {}, "geometry": {"type": "Polygon", "coordinates": [[[32.8213, 39.85169], [32.82146, 39.8516], [32.8217, 39.85187], [32.82153, 39.85195], [32.8213, 39.85169]]]}}, {"type": "Feature", "properties": {}, "geometry": {"type": "Polygon", "coordinates": [[[32.82448, 39.85012], [32.82448, 39.84984], [32.82467, 39.84984], [32.82466, 39.85012], [32.82448, 39.85012]]]}}, {"type": "Feature", "properties": {}, "geometry": {"type": "Polygon", "coordinates": [[[32.82426, 39.84952], [32.8244, 39.84943], [32.82462, 39.84965], [32.82448, 39.84973], [32.82426, 39.84952]]]}}, {"type": "Feature", "properties": {}, "geometry": {"type": "Polygon", "coordinates": [[[32.82424, 39.84918], [32.8244, 39.84909], [32.82453, 39.84911], [32.82452, 39.84921], [32.82448, 39.8492], [32.82439, 39.84926], [32.82438, 39.84931], [32.82423, 39.8493], [32.82424, 39.84918]]]}}, {"type": "Feature", "properties": {}, "geometry": {"type": "Polygon", "coordinates": [[[32.8231, 39.84987], [32.82325, 39.84973], [32.82345, 39.84986], [32.82341, 39.8499], [32.82343, 39.84991], [32.82336, 39.84998], [32.82334, 39.84996], [32.8233, 39.85], [32.8231, 39.84987]]]}}, {"type": "Feature", "properties": {}, "geometry": {"type": "Polygon", "coordinates": [[[32.82806, 39.85176], [32.82816, 39.85168], [32.82836, 39.85182], [32.82826, 39.8519], [32.82806, 39.85176]]]}}, {"type": "Feature", "properties": {}, "geometry": {"type": "Polygon", "coordinates": [[[32.82822, 39.85168], [32.82833, 39.8516], [32.82846, 39.8517], [32.82836, 39.85178], [32.82822, 39.85168]]]}}, {"type": "Feature", "properties": {}, "geometry": {"type": "Polygon", "coordinates": [[[32.83151, 39.85219], [32.83159, 39.85212], [32.83163, 39.85215], [32.83168, 39.8521], [32.83163, 39.85207], [32.83172, 39.852], [32.83208, 39.85225], [32.832, 39.85233], [32.83195, 39.8523], [32.83192, 39.85233], [32.83195, 39.85235], [32.83186, 39.85243], [32.83151, 39.85219]]]}}, {"type": "Feature", "properties": {}, "geometry": {"type": "Polygon", "coordinates": [[[32.82664, 39.85681], [32.8268, 39.85698], [32.82675, 39.85701], [32.82673, 39.85701], [32.8266, 39.8571], [32.82653, 39.85704], [32.82657, 39.85701], [32.82655, 39.85698], [32.82651, 39.85702], [32.82644, 39.85696], [32.82654, 39.85688], [32.82664, 39.85681]]]}}, {"type": "Feature", "properties": {}, "geometry": {"type": "Polygon", "coordinates": [[[32.82689, 39.85702], [32.82705, 39.85719], [32.827, 39.85722], [32.82697, 39.85721], [32.82685, 39.85731], [32.82678, 39.85725], [32.82682, 39.85722], [32.8268, 39.85719], [32.82675, 39.85723], [32.82669, 39.85717], [32.82678, 39.85708], [32.82689, 39.85702]]]}}, {"type": "Feature", "properties": {}, "geometry": {"type": "Polygon", "coordinates": [[[32.82588, 39.85621], [32.82602, 39.8561], [32.82613, 39.85618], [32.82599, 39.85629], [32.82588, 39.85621]]]}}, {"type": "Feature", "properties": {}, "geometry": {"type": "Polygon", "coordinates": [[[32.82571, 39.8561], [32.82583, 39.85597], [32.82597, 39.85605], [32.82591, 39.85613], [32.82587, 39.85611], [32.82585, 39.85613], [32.82583, 39.85612], [32.8258, 39.85616], [32.82571, 39.8561]]]}}, {"type": "Feature", "properties": {}, "geometry": {"type": "Polygon", "coordinates": [[[32.82818, 39.85851], [32.82831, 39.85846], [32.82844, 39.85864], [32.8283, 39.8587], [32.82818, 39.85851]]]}}, {"type": "Feature", "properties": {}, "geometry": {"type": "Polygon", "coordinates": [[[32.82884, 39.85846], [32.82868, 39.85825], [32.82882, 39.85819], [32.82897, 39.8584], [32.82884, 39.85846]]]}}, {"type": "Feature", "properties": {}, "geometry": {"type": "Polygon", "coordinates": [[[32.82899, 39.85867], [32.82915, 39.85856], [32.82932, 39.85881], [32.82914, 39.85888], [32.82899, 39.85867]]]}}, {"type": "Feature", "properties": {}, "geometry": {"type": "Polygon", "coordinates": [[[32.82871, 39.85878], [32.82891, 39.85869], [32.82904, 39.85888], [32.82884, 39.85897], [32.82871, 39.85878]]]}}, {"type": "Feature", "properties": {}, "geometry": {"type": "Polygon", "coordinates": [[[32.82845, 39.85887], [32.82864, 39.85878], [32.82879, 39.859], [32.82865, 39.85906], [32.82863, 39.85903], [32.82859, 39.85905], [32.82856, 39.859], [32.82854, 39.85902], [32.82845, 39.85887]]]}}, {"type": "Feature", "properties": {}, "geometry": {"type": "Polygon", "coordinates": [[[32.82924, 39.85898], [32.82942, 39.85889], [32.82958, 39.85908], [32.8294, 39.85917], [32.82924, 39.85898]]]}}, {"type": "Feature", "properties": {}, "geometry": {"type": "Polygon", "coordinates": [[[32.82895, 39.85909], [32.82914, 39.85902], [32.82925, 39.8592], [32.82905, 39.85927], [32.82895, 39.85909]]]}}, {"type": "Feature", "properties": {}, "geometry": {"type": "Polygon", "coordinates": [[[32.82954, 39.85929], [32.82968, 39.85923], [32.82984, 39.85945], [32.8297, 39.85951], [32.82954, 39.85929]]]}}, {"type": "Feature", "properties": {}, "geometry": {"type": "Polygon", "coordinates": [[[32.82921, 39.85938], [32.82941, 39.85932], [32.82947, 39.85946], [32.82928, 39.85951], [32.82921, 39.85938]]]}}, {"type": "Feature", "properties": {}, "geometry": {"type": "Polygon", "coordinates": [[[32.82853, 39.85915], [32.82878, 39.85907], [32.82883, 39.85917], [32.82859, 39.85924], [32.82853, 39.85915]]]}}, {"type": "Feature", "properties": {}, "geometry": {"type": "Polygon", "coordinates": [[[32.82857, 39.8593], [32.82883, 39.85921], [32.8289, 39.85932], [32.82863, 39.85941], [32.82857, 39.8593]]]}}, {"type": "Feature", "properties": {}, "geometry": {"type": "Polygon", "coordinates": [[[32.82885, 39.85953], [32.82904, 39.85949], [32.82911, 39.85965], [32.82892, 39.8597], [32.82885, 39.85953]]]}}, {"type": "Feature", "properties": {}, "geometry": {"type": "Polygon", "coordinates": [[[32.82939, 39.85966], [32.82934, 39.85957], [32.82954, 39.85951], [32.82958, 39.85959], [32.82939, 39.85966]]]}}, {"type": "Feature", "properties": {}, "geometry": {"type": "Polygon", "coordinates": [[[32.82945, 39.85983], [32.82947, 39.85978], [32.82943, 39.85976], [32.82944, 39.85971], [32.82949, 39.85971], [32.82953, 39.85964], [32.82968, 39.85969], [32.82966, 39.85973], [32.8297, 39.85975], [32.82973, 39.85978], [32.8297, 39.85985], [32.82968, 39.85988], [32.82963, 39.85987], [32.82962, 39.8599], [32.82945, 39.85983]]]}}, {"type": "Feature", "properties": {}, "geometry": {"type": "Polygon", "coordinates": [[[32.82954, 39.85998], [32.82976, 39.8599], [32.82982, 39.85999], [32.82959, 39.86007], [32.82954, 39.85998]]]}}, {"type": "Feature", "properties": {}, "geometry": {"type": "Polygon", "coordinates": [[[32.82961, 39.86012], [32.82987, 39.86004], [32.82993, 39.86016], [32.82966, 39.86023], [32.82961, 39.86012]]]}}, {"type": "Feature", "properties": {}, "geometry": {"type": "Polygon", "coordinates": [[[32.82972, 39.85964], [32.82988, 39.85957], [32.82994, 39.85965], [32.82978, 39.85972], [32.82972, 39.85964]]]}}, {"type": "Feature", "properties": {}, "geometry": {"type": "Polygon", "coordinates": [[[32.82985, 39.85977], [32.83001, 39.8597], [32.83015, 39.85991], [32.82999, 39.85997], [32.82985, 39.85977]]]}}, {"type": "Feature", "properties": {}, "geometry": {"type": "Polygon", "coordinates": [[[32.82993, 39.86004], [32.83014, 39.85996], [32.83021, 39.86007], [32.83, 39.86015], [32.82993, 39.86004]]]}}, {"type": "Feature", "properties": {}, "geometry": {"type": "Polygon", "coordinates": [[[32.82896, 39.85974], [32.82916, 39.85969], [32.82921, 39.8598], [32.82901, 39.85986], [32.82896, 39.85974]]]}}, {"type": "Feature", "properties": {}, "geometry": {"type": "Polygon", "coordinates": [[[32.82905, 39.85991], [32.82925, 39.85985], [32.8293, 39.85996], [32.8291, 39.86001], [32.82905, 39.85991]]]}}, {"type": "Feature", "properties": {}, "geometry": {"type": "Polygon", "coordinates": [[[32.82915, 39.86006], [32.82932, 39.86002], [32.82937, 39.86015], [32.8292, 39.86019], [32.82915, 39.86006]]]}}, {"type": "Feature", "properties": {}, "geometry": {"type": "Polygon", "coordinates": [[[32.82917, 39.86024], [32.82937, 39.86019], [32.82942, 39.86031], [32.82923, 39.86036], [32.82917, 39.86024]]]}}, {"type": "Feature", "properties": {}, "geometry": {"type": "Polygon", "coordinates": [[[32.82887, 39.86031], [32.82911, 39.86025], [32.82916, 39.86039], [32.82893, 39.86045], [32.82887, 39.86031]]]}}, {"type": "Feature", "properties": {}, "geometry": {"type": "Polygon", "coordinates": [[[32.82884, 39.86023], [32.82878, 39.86012], [32.82904, 39.86004], [32.82909, 39.86019], [32.82889, 39.86025], [32.82888, 39.86022], [32.82884, 39.86023]]]}}, {"type": "Feature", "properties": {}, "geometry": {"type": "Polygon", "coordinates": [[[32.82876, 39.86006], [32.82874, 39.86002], [32.82874, 39.86001], [32.82874, 39.85997], [32.82872, 39.85995], [32.8287, 39.85991], [32.82891, 39.85985], [32.82896, 39.86], [32.82876, 39.86006]]]}}, {"type": "Feature", "properties": {}, "geometry": {"type": "Polygon", "coordinates": [[[32.8287, 39.85985], [32.82866, 39.85973], [32.82887, 39.85968], [32.82892, 39.8598], [32.8287, 39.85985]]]}}, {"type": "Feature", "properties": {}, "geometry": {"type": "Polygon", "coordinates": [[[32.82865, 39.85969], [32.82861, 39.85959], [32.82881, 39.85954], [32.82885, 39.85964], [32.82865, 39.85969]]]}}, {"type": "Feature", "properties": {}, "geometry": {"type": "Polygon", "coordinates": [[[32.82983, 39.86132], [32.83009, 39.86123], [32.83017, 39.86137], [32.82991, 39.86146], [32.82983, 39.86132]]]}}, {"type": "Feature", "properties": {}, "geometry": {"type": "Polygon", "coordinates": [[[32.8296, 39.86106], [32.82951, 39.86088], [32.82967, 39.86084], [32.82976, 39.86101], [32.8296, 39.86106]]]}}, {"type": "Feature", "properties": {}, "geometry": {"type": "Polygon", "coordinates": [[[32.82932, 39.86112], [32.82924, 39.86094], [32.82942, 39.86087], [32.82952, 39.86108], [32.82943, 39.86111], [32.82939, 39.8611], [32.82932, 39.86112]]]}}, {"type": "Feature", "properties": {}, "geometry": {"type": "Polygon", "coordinates": [[[32.82922, 39.86089], [32.82915, 39.86075], [32.82933, 39.8607], [32.8294, 39.86083], [32.82922, 39.86089]]]}}, {"type": "Feature", "properties": {}, "geometry": {"type": "Polygon", "coordinates": [[[32.82947, 39.86083], [32.8294, 39.86068], [32.82959, 39.86063], [32.82966, 39.86078], [32.82947, 39.86083]]]}}, {"type": "Feature", "properties": {}, "geometry": {"type": "Polygon", "coordinates": [[[32.82949, 39.86143], [32.82958, 39.8614], [32.82956, 39.86137], [32.82974, 39.8613], [32.82986, 39.86148], [32.82959, 39.86159], [32.82949, 39.86143]]]}}, {"type": "Feature", "properties": {}, "geometry": {"type": "Polygon", "coordinates": [[[32.82967, 39.8619], [32.8296, 39.86175], [32.8298, 39.86166], [32.82985, 39.86168], [32.82991, 39.86181], [32.82967, 39.8619]]]}}, {"type": "Feature", "properties": {}, "geometry": {"type": "Polygon", "coordinates": [[[32.8303, 39.86167], [32.8302, 39.86152], [32.83032, 39.86147], [32.83043, 39.86161], [32.8303, 39.86167]]]}}, {"type": "Feature", "properties": {}, "geometry": {"type": "Polygon", "coordinates": [[[32.83079, 39.86177], [32.83105, 39.86165], [32.83118, 39.86182], [32.83093, 39.86194], [32.83079, 39.86177]]]}}, {"type": "Feature", "properties": {}, "geometry": {"type": "Polygon", "coordinates": [[[32.83047, 39.86191], [32.83061, 39.86185], [32.83073, 39.86199], [32.83059, 39.86206], [32.83047, 39.86191]]]}}, {"type": "Feature", "properties": {}, "geometry": {"type": "Polygon", "coordinates": [[[32.83102, 39.86205], [32.83126, 39.86193], [32.83136, 39.86205], [32.83112, 39.86217], [32.83102, 39.86205]]]}}, {"type": "Feature", "properties": {}, "geometry": {"type": "Polygon", "coordinates": [[[32.8313, 39.86175], [32.83148, 39.86167], [32.83157, 39.86179], [32.83139, 39.86187], [32.8313, 39.86175]]]}}, {"type": "Feature", "properties": {}, "geometry": {"type": "Polygon", "coordinates": [[[32.83138, 39.86193], [32.83159, 39.86184], [32.83166, 39.86195], [32.83145, 39.86203], [32.83138, 39.86193]]]}}, {"type": "Feature", "properties": {}, "geometry": {"type": "Polygon", "coordinates": [[[32.83177, 39.86235], [32.83195, 39.86227], [32.83205, 39.8624], [32.83186, 39.86248], [32.83177, 39.86235]]]}}, {"type": "Feature", "properties": {}, "geometry": {"type": "Polygon", "coordinates": [[[32.83191, 39.86257], [32.83208, 39.86247], [32.83221, 39.86265], [32.83202, 39.86273], [32.83191, 39.86257]]]}}, {"type": "Feature", "properties": {}, "geometry": {"type": "Polygon", "coordinates": [[[32.83064, 39.86329], [32.83081, 39.86325], [32.83089, 39.86341], [32.83072, 39.86346], [32.83064, 39.86329]]]}}, {"type": "Feature", "properties": {}, "geometry": {"type": "Polygon", "coordinates": [[[32.83041, 39.86335], [32.83056, 39.86328], [32.83067, 39.86344], [32.83052, 39.8635], [32.83041, 39.86335]]]}}, {"type": "Feature", "properties": {}, "geometry": {"type": "Polygon", "coordinates": [[[32.83009, 39.86291], [32.82999, 39.86276], [32.83019, 39.86268], [32.83029, 39.86284], [32.83009, 39.86291]]]}}, {"type": "Feature", "properties": {}, "geometry": {"type": "Polygon", "coordinates": [[[32.82981, 39.86234], [32.82974, 39.86218], [32.82987, 39.86214], [32.82994, 39.8623], [32.82981, 39.86234]]]}}, {"type": "Feature", "properties": {}, "geometry": {"type": "Polygon", "coordinates": [[[32.83647, 39.86919], [32.83648, 39.86894], [32.83662, 39.86895], [32.83661, 39.86919], [32.83647, 39.86919]]]}}, {"type": "Feature", "properties": {}, "geometry": {"type": "Polygon", "coordinates": [[[32.83622, 39.8691], [32.83626, 39.8689], [32.83642, 39.86892], [32.83638, 39.86912], [32.83622, 39.8691]]]}}, {"type": "Feature", "properties": {}, "geometry": {"type": "Polygon", "coordinates": [[[32.83743, 39.86929], [32.83747, 39.86911], [32.83758, 39.86913], [32.83757, 39.86915], [32.83766, 39.86917], [32.83763, 39.8693], [32.83755, 39.86929], [32.83753, 39.86931], [32.83743, 39.86929]]]}}, {"type": "Feature", "properties": {}, "geometry": {"type": "Polygon", "coordinates": [[[32.83751, 39.86909], [32.83753, 39.86891], [32.83773, 39.86894], [32.8377, 39.8691], [32.83751, 39.86909]]]}}, {"type": "Feature", "properties": {}, "geometry": {"type": "Polygon", "coordinates": [[[32.83778, 39.86911], [32.83781, 39.86896], [32.83791, 39.86898], [32.83792, 39.86896], [32.83801, 39.86897], [32.83798, 39.86915], [32.83788, 39.86914], [32.83788, 39.86912], [32.83778, 39.86911]]]}}, {"type": "Feature", "properties": {}, "geometry": {"type": "Polygon", "coordinates": [[[32.83771, 39.86929], [32.83773, 39.8692], [32.83779, 39.86921], [32.8378, 39.86917], [32.838, 39.8692], [32.83799, 39.86924], [32.83797, 39.86924], [32.83795, 39.86929], [32.83798, 39.86929], [32.83797, 39.86934], [32.83795, 39.86936], [32.83778, 39.86934], [32.83778, 39.8693], [32.83771, 39.86929]]]}}, {"type": "Feature", "properties": {}, "geometry": {"type": "Polygon", "coordinates": [[[32.83765, 39.86954], [32.83766, 39.86946], [32.83772, 39.86944], [32.83778, 39.86945], [32.83779, 39.86943], [32.8378, 39.8694], [32.83792, 39.86942], [32.83794, 39.86946], [32.83791, 39.8696], [32.83787, 39.86963], [32.83776, 39.86962], [32.83775, 39.86956], [32.83765, 39.86954]]]}}, {"type": "Feature", "properties": {}, "geometry": {"type": "Polygon", "coordinates": [[[32.83738, 39.86951], [32.83745, 39.86933], [32.83756, 39.86934], [32.83761, 39.86939], [32.83757, 39.86952], [32.83752, 39.86954], [32.83738, 39.86951]]]}}, {"type": "Feature", "properties": {}, "geometry": {"type": "Polygon", "coordinates": [[[32.842, 39.86884], [32.84209, 39.86879], [32.84212, 39.86884], [32.84216, 39.86883], [32.84213, 39.86879], [32.84226, 39.86874], [32.84231, 39.86885], [32.84227, 39.8689], [32.84231, 39.86899], [32.84228, 39.86901], [32.84226, 39.86899], [32.84221, 39.86901], [32.84221, 39.86903], [32.84217, 39.86905], [32.84211, 39.86893], [32.84205, 39.86894], [32.842, 39.86884]]]}}, {"type": "Feature", "properties": {}, "geometry": {"type": "Polygon", "coordinates": [[[32.84283, 39.86895], [32.84289, 39.86902], [32.84283, 39.86904], [32.84285, 39.86907], [32.8429, 39.86905], [32.84297, 39.86915], [32.84283, 39.86919], [32.84277, 39.86916], [32.84264, 39.8692], [32.84262, 39.86918], [32.84264, 39.86916], [32.84261, 39.86912], [32.84259, 39.86912], [32.84257, 39.86909], [32.84272, 39.86904], [32.84269, 39.86899], [32.84283, 39.86895]]]}}, {"type": "Feature", "properties": {}, "geometry": {"type": "Polygon", "coordinates": [[[32.84256, 39.86928], [32.84247, 39.86933], [32.84243, 39.86928], [32.8424, 39.8693], [32.84243, 39.86934], [32.8423, 39.86939], [32.84224, 39.86929], [32.84228, 39.86924], [32.84222, 39.86914], [32.84225, 39.86913], [32.84228, 39.86914], [32.84232, 39.86912], [32.84232, 39.8691], [32.84236, 39.86908], [32.84244, 39.8692], [32.8425, 39.86917], [32.84256, 39.86928]]]}}, {"type": "Feature", "properties": {}, "geometry": {"type": "Polygon", "coordinates": [[[32.84404, 39.87035], [32.844, 39.87015], [32.84414, 39.87013], [32.84422, 39.87016], [32.84429, 39.87021], [32.84429, 39.87032], [32.84404, 39.87035]]]}}, {"type": "Feature", "properties": {}, "geometry": {"type": "Polygon", "coordinates": [[[32.84415, 39.86997], [32.84415, 39.86987], [32.84442, 39.86984], [32.84443, 39.87005], [32.84429, 39.87006], [32.84415, 39.86997]]]}}, {"type": "Feature", "properties": {}, "geometry": {"type": "Polygon", "coordinates": [[[32.84374, 39.8699], [32.8435, 39.86993], [32.84354, 39.87005], [32.84367, 39.8701], [32.84381, 39.87009], [32.84374, 39.8699]]]}}, {"type": "Feature", "properties": {}, "geometry": {"type": "Polygon", "coordinates": [[[32.86071, 39.86449], [32.86087, 39.86439], [32.86103, 39.86453], [32.86084, 39.86464], [32.86073, 39.86457], [32.8607, 39.86452], [32.86071, 39.86449]]]}}, {"type": "Feature", "properties": {}, "geometry": {"type": "Polygon", "coordinates": [[[32.86095, 39.86432], [32.86114, 39.86421], [32.86129, 39.86435], [32.8611, 39.86446], [32.86095, 39.86432]]]}}, {"type": "Feature", "properties": {}, "geometry": {"type": "Polygon", "coordinates": [[[32.86129, 39.86452], [32.86142, 39.86439], [32.86149, 39.86436], [32.86151, 39.86439], [32.86162, 39.86447], [32.86166, 39.86446], [32.86168, 39.86454], [32.86164, 39.86454], [32.86152, 39.86466], [32.86129, 39.86452]]]}}, {"type": "Feature", "properties": {}, "geometry": {"type": "Polygon", "coordinates": [[[32.86157, 39.86476], [32.8617, 39.86467], [32.86175, 39.86471], [32.86178, 39.86469], [32.86191, 39.8648], [32.86173, 39.86493], [32.86161, 39.86483], [32.86162, 39.8648], [32.86157, 39.86476]]]}}, {"type": "Feature", "properties": {}, "geometry": {"type": "Polygon", "coordinates": [[[32.86143, 39.86415], [32.86148, 39.86417], [32.8615, 39.86415], [32.8616, 39.8642], [32.86165, 39.86416], [32.86169, 39.86416], [32.86174, 39.86415], [32.86177, 39.86411], [32.86176, 39.86404], [32.86172, 39.86403], [32.86166, 39.86401], [32.86162, 39.86397], [32.86155, 39.86396], [32.86149, 39.86397], [32.86147, 39.86402], [32.86141, 39.86403], [32.86138, 39.86406], [32.86137, 39.86409], [32.86139, 39.86414], [32.86143, 39.86415]]]}}, {"type": "Feature", "properties": {}, "geometry": {"type": "Polygon", "coordinates": [[[32.86131, 39.86491], [32.86138, 39.86484], [32.86145, 39.86488], [32.86148, 39.86486], [32.86163, 39.86495], [32.86153, 39.86505], [32.86144, 39.865], [32.86144, 39.86497], [32.86142, 39.86495], [32.86139, 39.86496], [32.86131, 39.86491]]]}}, {"type": "Feature", "properties": {}, "geometry": {"type": "Polygon", "coordinates": [[[32.86028, 39.86623], [32.86048, 39.86612], [32.86056, 39.86622], [32.8605, 39.86626], [32.86056, 39.86636], [32.86046, 39.86642], [32.86028, 39.86623]]]}}, {"type": "Feature", "properties": {}, "geometry": {"type": "Polygon", "coordinates": [[[32.86063, 39.86661], [32.86067, 39.86655], [32.86082, 39.8665], [32.86086, 39.86653], [32.8609, 39.86654], [32.86093, 39.86659], [32.86092, 39.86663], [32.86092, 39.86666], [32.86081, 39.86673], [32.86078, 39.86672], [32.86073, 39.86673], [32.86063, 39.86661]]]}}, {"type": "Feature", "properties": {}, "geometry": {"type": "Polygon", "coordinates": [[[32.86088, 39.86639], [32.86092, 39.86635], [32.86097, 39.86637], [32.861, 39.86635], [32.86095, 39.86632], [32.86106, 39.86625], [32.86115, 39.86631], [32.86117, 39.86634], [32.86108, 39.86649], [32.86104, 39.86652], [32.86098, 39.86652], [32.86088, 39.86639]]]}}, {"type": "Feature", "properties": {}, "geometry": {"type": "Polygon", "coordinates": [[[32.86056, 39.86605], [32.86071, 39.86593], [32.86075, 39.86593], [32.86084, 39.866], [32.86064, 39.86614], [32.86058, 39.86611], [32.86056, 39.86605]]]}}, {"type": "Feature", "properties": {}, "geometry": {"type": "Polygon", "coordinates": [[[32.85964, 39.86672], [32.85965, 39.86678], [32.85974, 39.86683], [32.85978, 39.86683], [32.85982, 39.86687], [32.85986, 39.86687], [32.85985, 39.86691], [32.8599, 39.86692], [32.85993, 39.86688], [32.85997, 39.86678], [32.85993, 39.86676], [32.85992, 39.86673], [32.85994, 39.86672], [32.85993, 39.86667], [32.85996, 39.86666], [32.85994, 39.86663], [32.85992, 39.86663], [32.85991, 39.86661], [32.85978, 39.86665], [32.85976, 39.86668], [32.85973, 39.86669], [32.85971, 39.86671], [32.85967, 39.86669], [32.85964, 39.86672]]]}}, {"type": "Feature", "properties": {}, "geometry": {"type": "Polygon", "coordinates": [[[32.8593, 39.86702], [32.85934, 39.86708], [32.85944, 39.86711], [32.85948, 39.8671], [32.85953, 39.86714], [32.85957, 39.86713], [32.85958, 39.86716], [32.85963, 39.86716], [32.85964, 39.86712], [32.85965, 39.86702], [32.8596, 39.86701], [32.85958, 39.86698], [32.8596, 39.86696], [32.85957, 39.86692], [32.8596, 39.86691], [32.85957, 39.86688], [32.85954, 39.86689], [32.85953, 39.86687], [32.85942, 39.86693], [32.8594, 39.86696], [32.85938, 39.86698], [32.85937, 39.86701], [32.85933, 39.86699], [32.8593, 39.86702]]]}}, {"type": "Feature", "properties": {}, "geometry": {"type": "Polygon", "coordinates": [[[32.85934, 39.8675], [32.85942, 39.86751], [32.85952, 39.86747], [32.85953, 39.86744], [32.8596, 39.86743], [32.85962, 39.8674], [32.85966, 39.86742], [32.85969, 39.86739], [32.85966, 39.86736], [32.85955, 39.86729], [32.85951, 39.86731], [32.85947, 39.8673], [32.85947, 39.86728], [32.85941, 39.86727], [32.85941, 39.86725], [32.85936, 39.86725], [32.85935, 39.86727], [32.85933, 39.86727], [32.85932, 39.86737], [32.85935, 39.8674], [32.85935, 39.86742], [32.85937, 39.86745], [32.85933, 39.86747], [32.85934, 39.8675]]]}}, {"type": "Feature", "properties": {}, "geometry": {"type": "Polygon", "coordinates": [[[32.85943, 39.86787], [32.85951, 39.86789], [32.85961, 39.86786], [32.85963, 39.86784], [32.8597, 39.86784], [32.85972, 39.86781], [32.85976, 39.86784], [32.8598, 39.86781], [32.85978, 39.86777], [32.85969, 39.86769], [32.85964, 39.86771], [32.8596, 39.86769], [32.8596, 39.86767], [32.85955, 39.86766], [32.85955, 39.86763], [32.85951, 39.86763], [32.85949, 39.86765], [32.85947, 39.86764], [32.85944, 39.86774], [32.85946, 39.86777], [32.85945, 39.86779], [32.85947, 39.86782], [32.85942, 39.86783], [32.85943, 39.86787]]]}}, {"type": "Feature", "properties": {}, "geometry": {"type": "Polygon", "coordinates": [[[32.85977, 39.86767], [32.85982, 39.86763], [32.85975, 39.86758], [32.85979, 39.86753], [32.85974, 39.86748], [32.85981, 39.86741], [32.85989, 39.86749], [32.8599, 39.86752], [32.85987, 39.86754], [32.85991, 39.86758], [32.85991, 39.86762], [32.85989, 39.86764], [32.85993, 39.86769], [32.85993, 39.86772], [32.85989, 39.86775], [32.85985, 39.86771], [32.85983, 39.86773], [32.85977, 39.86767]]]}}, {"type": "Feature", "properties": {}, "geometry": {"type": "Polygon", "coordinates": [[[32.85691, 39.86177], [32.85708, 39.86159], [32.8572, 39.86166], [32.85703, 39.86184], [32.85691, 39.86177]]]}}, {"type": "Feature", "properties": {}, "geometry": {"type": "Polygon", "coordinates": [[[32.85709, 39.86186], [32.85724, 39.86169], [32.85737, 39.86175], [32.85721, 39.86193], [32.85709, 39.86186]]]}}, {"type": "Feature", "properties": {}, "geometry": {"type": "Polygon", "coordinates": [[[32.85727, 39.86195], [32.85741, 39.86179], [32.85753, 39.86185], [32.85739, 39.86201], [32.85727, 39.86195]]]}}, {"type": "Feature", "properties": {}, "geometry": {"type": "Polygon", "coordinates": [[[32.85675, 39.86168], [32.85694, 39.86147], [32.85705, 39.86153], [32.85686, 39.86174], [32.85675, 39.86168]]]}}, {"type": "Feature", "properties": {}, "geometry": {"type": "Polygon", "coordinates": [[[32.85651, 39.86194], [32.85662, 39.86182], [32.85687, 39.86196], [32.85675, 39.86208], [32.85651, 39.86194]]]}}, {"type": "Feature", "properties": {}, "geometry": {"type": "Polygon", "coordinates": [[[32.8568, 39.86213], [32.85693, 39.86199], [32.85711, 39.86209], [32.85699, 39.86223], [32.8568, 39.86213]]]}}, {"type": "Feature", "properties": {}, "geometry": {"type": "Polygon", "coordinates": [[[32.85706, 39.86227], [32.85721, 39.86211], [32.85737, 39.8622], [32.85722, 39.86236], [32.85706, 39.86227]]]}}, {"type": "Feature", "properties": {}, "geometry": {"type": "Polygon", "coordinates": [[[32.85729, 39.86238], [32.85743, 39.86225], [32.85758, 39.86234], [32.85744, 39.86247], [32.85729, 39.86238]]]}}, {"type": "Feature", "properties": {}, "geometry": {"type": "Polygon", "coordinates": [[[32.85748, 39.86249], [32.85762, 39.86234], [32.85779, 39.86244], [32.85765, 39.86258], [32.85748, 39.86249]]]}}, {"type": "Feature", "properties": {}, "geometry": {"type": "Polygon", "coordinates": [[[32.85702, 39.86256], [32.85715, 39.86243], [32.85731, 39.86252], [32.85718, 39.86265], [32.85702, 39.86256]]]}}, {"type": "Feature", "properties": {}, "geometry": {"type": "Polygon", "coordinates": [[[32.85722, 39.8627], [32.85736, 39.86255], [32.85755, 39.86266], [32.85741, 39.86281], [32.85722, 39.8627]]]}}, {"type": "Feature", "properties": {}, "geometry": {"type": "Polygon", "coordinates": [[[32.85745, 39.86283], [32.8576, 39.86268], [32.85776, 39.86277], [32.8576, 39.86292], [32.85745, 39.86283]]]}}, {"type": "Feature", "properties": {}, "geometry": {"type": "Polygon", "coordinates": [[[32.85635, 39.86212], [32.85647, 39.862], [32.85665, 39.86211], [32.85652, 39.86223], [32.85635, 39.86212]]]}}, {"type": "Feature", "properties": {}, "geometry": {"type": "Polygon", "coordinates": [[[32.85658, 39.86227], [32.85669, 39.86213], [32.85688, 39.86223], [32.85677, 39.86236], [32.85658, 39.86227]]]}}, {"type": "Feature", "properties": {}, "geometry": {"type": "Polygon", "coordinates": [[[32.8559, 39.86206], [32.85608, 39.86189], [32.85621, 39.86197], [32.85603, 39.86214], [32.8559, 39.86206]]]}}, {"type": "Feature", "properties": {}, "geometry": {"type": "Polygon", "coordinates": [[[32.8561, 39.86184], [32.85627, 39.86167], [32.85639, 39.86175], [32.85623, 39.86191], [32.8561, 39.86184]]]}}, {"type": "Feature", "properties": {}, "geometry": {"type": "Polygon", "coordinates": [[[32.85595, 39.86166], [32.85608, 39.86154], [32.85623, 39.86164], [32.8561, 39.86176], [32.85595, 39.86166]]]}}, {"type": "Feature", "properties": {}, "geometry": {"type": "Polygon", "coordinates": [[[32.85571, 39.86193], [32.85585, 39.86179], [32.85601, 39.86189], [32.85586, 39.86203], [32.85571, 39.86193]]]}}, {"type": "Feature", "properties": {}, "geometry": {"type": "Polygon", "coordinates": [[[32.85549, 39.86179], [32.85564, 39.86163], [32.85583, 39.86173], [32.85568, 39.86189], [32.85549, 39.86179]]]}}, {"type": "Feature", "properties": {}, "geometry": {"type": "Polygon", "coordinates": [[[32.85572, 39.86156], [32.85585, 39.86144], [32.85599, 39.86153], [32.85586, 39.86165], [32.85572, 39.86156]]]}}, {"type": "Feature", "properties": {}, "geometry": {"type": "Polygon", "coordinates": [[[32.85527, 39.8616], [32.85539, 39.86147], [32.85558, 39.86159], [32.85545, 39.86172], [32.85527, 39.8616]]]}}, {"type": "Feature", "properties": {}, "geometry": {"type": "Polygon", "coordinates": [[[32.85547, 39.86143], [32.8556, 39.86128], [32.85579, 39.86137], [32.85566, 39.86152], [32.85547, 39.86143]]]}}, {"type": "Feature", "properties": {}, "geometry": {"type": "Polygon", "coordinates": [[[32.8559, 39.86121], [32.85606, 39.86104], [32.85619, 39.86112], [32.85604, 39.86128], [32.8559, 39.86121]]]}}, {"type": "Feature", "properties": {}, "geometry": {"type": "Polygon", "coordinates": [[[32.85606, 39.86132], [32.85623, 39.86115], [32.85636, 39.86122], [32.85619, 39.8614], [32.85606, 39.86132]]]}}, {"type": "Feature", "properties": {}, "geometry": {"type": "Polygon", "coordinates": [[[32.85566, 39.86111], [32.85584, 39.86121], [32.85584, 39.86118], [32.8559, 39.86108], [32.85595, 39.86106], [32.85597, 39.86103], [32.85601, 39.86103], [32.85602, 39.86101], [32.85596, 39.86097], [32.85594, 39.86097], [32.85592, 39.86096], [32.8559, 39.86094], [32.85587, 39.86092], [32.85583, 39.86092], [32.85583, 39.86095], [32.85581, 39.86097], [32.85582, 39.86102], [32.85579, 39.86103], [32.85579, 39.86105], [32.85572, 39.86105], [32.8557, 39.86109], [32.85567, 39.8611], [32.85566, 39.86111]]]}}, {"type": "Feature", "properties": {}, "geometry": {"type": "Polygon", "coordinates": [[[32.85522, 39.86124], [32.85531, 39.86114], [32.85551, 39.86126], [32.85542, 39.86135], [32.85522, 39.86124]]]}}, {"type": "Feature", "properties": {}, "geometry": {"type": "Polygon", "coordinates": [[[32.85532, 39.86086], [32.85545, 39.86071], [32.85559, 39.8608], [32.85554, 39.86086], [32.85555, 39.86088], [32.85549, 39.86095], [32.85547, 39.86094], [32.85543, 39.86098], [32.8554, 39.86098], [32.8553, 39.86092], [32.85532, 39.86086]]]}}, {"type": "Feature", "properties": {}, "geometry": {"type": "Polygon", "coordinates": [[[32.85509, 39.86083], [32.85521, 39.86071], [32.85524, 39.86071], [32.85529, 39.86066], [32.85541, 39.86073], [32.85523, 39.86091], [32.85509, 39.86083]]]}}, {"type": "Feature", "properties": {}, "geometry": {"type": "Polygon", "coordinates": [[[32.85504, 39.86145], [32.85516, 39.86133], [32.85534, 39.86143], [32.85522, 39.86156], [32.85513, 39.86151], [32.85516, 39.86148], [32.85513, 39.86146], [32.85511, 39.86148], [32.85504, 39.86145]]]}}, {"type": "Feature", "properties": {}, "geometry": {"type": "Polygon", "coordinates": [[[32.85474, 39.86123], [32.85485, 39.86112], [32.85509, 39.86127], [32.85499, 39.86137], [32.85474, 39.86123]]]}}, {"type": "Feature", "properties": {}, "geometry": {"type": "Polygon", "coordinates": [[[32.85403, 39.86048], [32.85417, 39.86037], [32.85432, 39.86048], [32.85418, 39.86059], [32.85403, 39.86048]]]}}, {"type": "Feature", "properties": {}, "geometry": {"type": "Polygon", "coordinates": [[[32.85428, 39.86063], [32.8544, 39.86053], [32.85456, 39.86065], [32.85444, 39.86074], [32.85428, 39.86063]]]}}, {"type": "Feature", "properties": {}, "geometry": {"type": "Polygon", "coordinates": [[[32.85408, 39.86076], [32.85421, 39.86066], [32.85439, 39.8608], [32.85426, 39.8609], [32.85408, 39.86076]]]}}, {"type": "Feature", "properties": {}, "geometry": {"type": "Polygon", "coordinates": [[[32.85442, 39.8609], [32.85447, 39.86086], [32.85466, 39.86102], [32.85457, 39.86109], [32.85442, 39.86097], [32.85443, 39.86094], [32.85442, 39.8609]]]}}, {"type": "Feature", "properties": {}, "geometry": {"type": "Polygon", "coordinates": [[[32.85381, 39.85986], [32.85396, 39.85974], [32.85409, 39.85984], [32.85394, 39.85996], [32.85381, 39.85986]]]}}, {"type": "Feature", "properties": {}, "geometry": {"type": "Polygon", "coordinates": [[[32.85326, 39.85342], [32.85328, 39.8533], [32.85371, 39.85334], [32.85369, 39.85346], [32.85326, 39.85342]]]}}, {"type": "Feature", "properties": {}, "geometry": {"type": "Polygon", "coordinates": [[[32.85464, 39.85319], [32.85466, 39.8531], [32.85486, 39.85312], [32.85485, 39.85321], [32.85464, 39.85319]]]}}, {"type": "Feature", "properties": {}, "geometry": {"type": "Polygon", "coordinates": [[[32.85464, 39.85324], [32.85484, 39.85326], [32.85483, 39.85336], [32.85462, 39.85333], [32.85464, 39.85324]]]}}, {"type": "Feature", "properties": {}, "geometry": {"type": "Polygon", "coordinates": [[[32.85457, 39.85347], [32.85459, 39.85338], [32.85482, 39.8534], [32.8548, 39.85349], [32.85457, 39.85347]]]}}, {"type": "Feature", "properties": {}, "geometry": {"type": "Polygon", "coordinates": [[[32.85454, 39.85363], [32.85456, 39.85351], [32.85479, 39.85354], [32.85477, 39.85365], [32.85454, 39.85363]]]}}, {"type": "Feature", "properties": {}, "geometry": {"type": "Polygon", "coordinates": [[[32.85597, 39.85344], [32.85599, 39.85325], [32.85615, 39.85326], [32.85613, 39.85345], [32.85597, 39.85344]]]}}, {"type": "Feature", "properties": {}, "geometry": {"type": "Polygon", "coordinates": [[[32.85577, 39.85304], [32.85577, 39.85297], [32.85595, 39.85298], [32.85594, 39.85305], [32.85577, 39.85304]]]}}, {"type": "Feature", "properties": {}, "geometry": {"type": "Polygon", "coordinates": [[[32.85577, 39.85317], [32.85577, 39.8531], [32.85593, 39.8531], [32.85592, 39.85318], [32.85577, 39.85317]]]}}, {"type": "Feature", "properties": {}, "geometry": {"type": "Polygon", "coordinates": [[[32.85574, 39.85345], [32.85575, 39.85335], [32.85592, 39.85336], [32.85591, 39.85346], [32.85574, 39.85345]]]}}, {"type": "Feature", "properties": {}, "geometry": {"type": "Polygon", "coordinates": [[[32.85573, 39.85358], [32.85574, 39.8535], [32.8559, 39.85351], [32.85589, 39.85359], [32.85573, 39.85358]]]}}, {"type": "Feature", "properties": {}, "geometry": {"type": "Polygon", "coordinates": [[[32.85572, 39.85372], [32.85572, 39.85363], [32.85588, 39.85364], [32.85588, 39.85373], [32.85572, 39.85372]]]}}, {"type": "Feature", "properties": {}, "geometry": {"type": "Polygon", "coordinates": [[[32.85499, 39.85427], [32.85504, 39.8541], [32.85517, 39.85412], [32.85515, 39.85418], [32.8552, 39.85419], [32.85518, 39.8543], [32.85499, 39.85427]]]}}, {"type": "Feature", "properties": {}, "geometry": {"type": "Polygon", "coordinates": [[[32.85472, 39.85399], [32.85471, 39.85386], [32.85493, 39.85387], [32.85492, 39.854], [32.85472, 39.85399]]]}}, {"type": "Feature", "properties": {}, "geometry": {"type": "Polygon", "coordinates": [[[32.85487, 39.85439], [32.85506, 39.85442], [32.85502, 39.85455], [32.85483, 39.85452], [32.85487, 39.85439]]]}}, {"type": "Feature", "properties": {}, "geometry": {"type": "Polygon", "coordinates": [[[32.85509, 39.85455], [32.85512, 39.85442], [32.8554, 39.85447], [32.85537, 39.8546], [32.85509, 39.85455]]]}}, {"type": "Feature", "properties": {}, "geometry": {"type": "Polygon", "coordinates": [[[32.85504, 39.85472], [32.85507, 39.85463], [32.85535, 39.85467], [32.85533, 39.85476], [32.85504, 39.85472]]]}}, {"type": "Feature", "properties": {}, "geometry": {"type": "Polygon", "coordinates": [[[32.85458, 39.85435], [32.85478, 39.85438], [32.85475, 39.8545], [32.85455, 39.85448], [32.85458, 39.85435]]]}}, {"type": "Feature", "properties": {}, "geometry": {"type": "Polygon", "coordinates": [[[32.85379, 39.85455], [32.85381, 39.85446], [32.85402, 39.85449], [32.85399, 39.85458], [32.85379, 39.85455]]]}}, {"type": "Feature", "properties": {}, "geometry": {"type": "Polygon", "coordinates": [[[32.8538, 39.85439], [32.85384, 39.85426], [32.854, 39.85428], [32.85397, 39.85442], [32.8538, 39.85439]]]}}, {"type": "Feature", "properties": {}, "geometry": {"type": "Polygon", "coordinates": [[[32.85405, 39.85428], [32.85425, 39.85431], [32.85421, 39.85443], [32.85402, 39.8544], [32.85405, 39.85428]]]}}, {"type": "Feature", "properties": {}, "geometry": {"type": "Polygon", "coordinates": [[[32.85428, 39.85442], [32.8543, 39.85432], [32.8545, 39.85435], [32.85448, 39.85445], [32.85428, 39.85442]]]}}, {"type": "Feature", "properties": {}, "geometry": {"type": "Polygon", "coordinates": [[[32.85429, 39.85462], [32.85431, 39.85453], [32.85449, 39.85455], [32.85447, 39.85465], [32.85429, 39.85462]]]}}, {"type": "Feature", "properties": {}, "geometry": {"type": "Polygon", "coordinates": [[[32.85456, 39.85465], [32.85458, 39.85456], [32.85477, 39.85458], [32.85475, 39.85467], [32.85456, 39.85465]]]}}, {"type": "Feature", "properties": {}, "geometry": {"type": "Polygon", "coordinates": [[[32.85478, 39.85469], [32.85481, 39.85458], [32.85501, 39.85461], [32.85498, 39.85472], [32.85478, 39.85469]]]}}, {"type": "Feature", "properties": {}, "geometry": {"type": "Polygon", "coordinates": [[[32.85385, 39.85412], [32.85388, 39.85397], [32.8541, 39.854], [32.85407, 39.85414], [32.85385, 39.85412]]]}}, {"type": "Feature", "properties": {}, "geometry": {"type": "Polygon", "coordinates": [[[32.85389, 39.85391], [32.85392, 39.8538], [32.85392, 39.85376], [32.85423, 39.8538], [32.8542, 39.85395], [32.85389, 39.85391]]]}}, {"type": "Feature", "properties": {}, "geometry": {"type": "Polygon", "coordinates": [[[32.85424, 39.85395], [32.85427, 39.85383], [32.85442, 39.85384], [32.85439, 39.85396], [32.85424, 39.85395]]]}}, {"type": "Feature", "properties": {}, "geometry": {"type": "Polygon", "coordinates": [[[32.85444, 39.85397], [32.85447, 39.85384], [32.85464, 39.85386], [32.85461, 39.85399], [32.85444, 39.85397]]]}}, {"type": "Feature", "properties": {}, "geometry": {"type": "Polygon", "coordinates": [[[32.85412, 39.85412], [32.85415, 39.854], [32.85427, 39.85401], [32.85424, 39.85414], [32.85412, 39.85412]]]}}, {"type": "Feature", "properties": {}, "geometry": {"type": "Polygon", "coordinates": [[[32.85429, 39.85415], [32.85432, 39.85402], [32.85444, 39.85404], [32.85441, 39.85416], [32.85429, 39.85415]]]}}, {"type": "Feature", "properties": {}, "geometry": {"type": "Polygon", "coordinates": [[[32.85446, 39.85417], [32.85449, 39.85405], [32.85461, 39.85407], [32.85458, 39.85419], [32.85446, 39.85417]]]}}, {"type": "Feature", "properties": {}, "geometry": {"type": "Polygon", "coordinates": [[[32.85465, 39.8542], [32.85468, 39.85407], [32.85479, 39.85409], [32.85477, 39.85421], [32.85465, 39.8542]]]}}, {"type": "Feature", "properties": {}, "geometry": {"type": "Polygon", "coordinates": [[[32.85482, 39.85422], [32.85485, 39.85409], [32.85496, 39.85411], [32.85494, 39.85423], [32.85482, 39.85422]]]}}, {"type": "Feature", "properties": {}, "geometry": {"type": "Polygon", "coordinates": [[[32.85499, 39.85399], [32.85499, 39.85389], [32.85517, 39.85389], [32.85516, 39.85399], [32.85499, 39.85399]]]}}, {"type": "Feature", "properties": {}, "geometry": {"type": "Polygon", "coordinates": [[[32.85524, 39.854], [32.85524, 39.85388], [32.85539, 39.85388], [32.85539, 39.85392], [32.85539, 39.854], [32.85531, 39.854], [32.85524, 39.854]]]}}, {"type": "Feature", "properties": {}, "geometry": {"type": "Polygon", "coordinates": [[[32.85549, 39.85522], [32.85551, 39.85513], [32.85581, 39.85518], [32.85579, 39.85527], [32.85549, 39.85522]]]}}, {"type": "Feature", "properties": {}, "geometry": {"type": "Polygon", "coordinates": [[[32.85542, 39.85548], [32.85546, 39.85534], [32.85564, 39.85537], [32.85561, 39.85551], [32.85542, 39.85548]]]}}, {"type": "Feature", "properties": {}, "geometry": {"type": "Polygon", "coordinates": [[[32.85581, 39.85512], [32.85583, 39.85503], [32.85599, 39.85505], [32.85596, 39.85514], [32.85581, 39.85512]]]}}, {"type": "Feature", "properties": {}, "geometry": {"type": "Polygon", "coordinates": [[[32.85604, 39.85505], [32.85621, 39.85507], [32.85618, 39.85518], [32.85602, 39.85515], [32.85604, 39.85505]]]}}, {"type": "Feature", "properties": {}, "geometry": {"type": "Polygon", "coordinates": [[[32.85584, 39.85571], [32.85581, 39.8557], [32.85584, 39.85561], [32.85609, 39.85565], [32.85606, 39.85573], [32.85603, 39.85573], [32.85602, 39.85579], [32.85582, 39.85576], [32.85584, 39.85571]]]}}, {"type": "Feature", "properties": {}, "geometry": {"type": "Polygon", "coordinates": [[[32.8561, 39.85581], [32.85613, 39.85567], [32.85624, 39.85568], [32.85621, 39.85582], [32.8561, 39.85581]]]}}, {"type": "Feature", "properties": {}, "geometry": {"type": "Polygon", "coordinates": [[[32.85607, 39.85558], [32.85611, 39.85544], [32.85629, 39.85546], [32.85625, 39.8556], [32.85607, 39.85558]]]}}, {"type": "Feature", "properties": {}, "geometry": {"type": "Polygon", "coordinates": [[[32.85632, 39.85561], [32.85635, 39.85547], [32.85647, 39.85548], [32.85644, 39.85563], [32.85632, 39.85561]]]}}, {"type": "Feature", "properties": {}, "geometry": {"type": "Polygon", "coordinates": [[[32.85601, 39.85621], [32.85602, 39.8561], [32.85624, 39.85612], [32.85622, 39.85623], [32.85601, 39.85621]]]}}, {"type": "Feature", "properties": {}, "geometry": {"type": "Polygon", "coordinates": [[[32.8563, 39.85608], [32.85632, 39.85599], [32.85653, 39.85601], [32.85651, 39.85611], [32.8563, 39.85608]]]}}, {"type": "Feature", "properties": {}, "geometry": {"type": "Polygon", "coordinates": [[[32.85657, 39.85611], [32.85659, 39.85602], [32.85675, 39.85604], [32.85673, 39.85613], [32.85657, 39.85611]]]}}, {"type": "Feature", "properties": {}, "geometry": {"type": "Polygon", "coordinates": [[[32.85688, 39.85631], [32.8569, 39.85619], [32.85715, 39.85622], [32.85713, 39.85634], [32.85688, 39.85631]]]}}, {"type": "Feature", "properties": {}, "geometry": {"type": "Polygon", "coordinates": [[[32.856, 39.85667], [32.85602, 39.85653], [32.85618, 39.85655], [32.85616, 39.85669], [32.856, 39.85667]]]}}, {"type": "Feature", "properties": {}, "geometry": {"type": "Polygon", "coordinates": [[[32.85623, 39.85672], [32.85625, 39.85656], [32.85638, 39.85657], [32.85635, 39.85673], [32.85623, 39.85672]]]}}, {"type": "Feature", "properties": {}, "geometry": {"type": "Polygon", "coordinates": [[[32.85558, 39.85665], [32.85561, 39.85649], [32.85574, 39.8565], [32.85572, 39.85667], [32.85558, 39.85665]]]}}, {"type": "Feature", "properties": {}, "geometry": {"type": "Polygon", "coordinates": [[[32.85564, 39.85642], [32.85567, 39.85629], [32.85582, 39.85631], [32.8558, 39.85644], [32.85564, 39.85642]]]}}, {"type": "Feature", "properties": {}, "geometry": {"type": "Polygon", "coordinates": [[[32.85634, 39.8565], [32.85636, 39.85637], [32.85658, 39.85639], [32.85656, 39.85652], [32.85634, 39.8565]]]}}, {"type": "Feature", "properties": {}, "geometry": {"type": "Polygon", "coordinates": [[[32.85641, 39.85673], [32.85643, 39.85659], [32.85663, 39.85661], [32.8566, 39.85675], [32.85641, 39.85673]]]}}, {"type": "Feature", "properties": {}, "geometry": {"type": "Polygon", "coordinates": [[[32.85665, 39.85675], [32.85667, 39.85661], [32.85693, 39.85663], [32.8569, 39.85678], [32.85665, 39.85675]]]}}, {"type": "Feature", "properties": {}, "geometry": {"type": "Polygon", "coordinates": [[[32.85661, 39.85652], [32.85663, 39.85641], [32.85688, 39.85644], [32.85686, 39.85655], [32.85661, 39.85652]]]}}, {"type": "Feature", "properties": {}, "geometry": {"type": "Polygon", "coordinates": [[[32.85692, 39.85655], [32.85695, 39.85643], [32.85716, 39.85646], [32.85713, 39.85657], [32.85692, 39.85655]]]}}, {"type": "Feature", "properties": {}, "geometry": {"type": "Polygon", "coordinates": [[[32.8563, 39.85583], [32.85631, 39.85578], [32.85629, 39.85577], [32.85631, 39.85571], [32.85653, 39.85574], [32.8565, 39.85586], [32.8563, 39.85583]]]}}, {"type": "Feature", "properties": {}, "geometry": {"type": "Polygon", "coordinates": [[[32.85655, 39.85586], [32.85658, 39.85572], [32.85674, 39.85575], [32.85671, 39.85588], [32.85655, 39.85586]]]}}, {"type": "Feature", "properties": {}, "geometry": {"type": "Polygon", "coordinates": [[[32.85649, 39.85565], [32.85653, 39.85548], [32.8567, 39.8555], [32.85666, 39.85568], [32.85649, 39.85565]]]}}, {"type": "Feature", "properties": {}, "geometry": {"type": "Polygon", "coordinates": [[[32.85625, 39.85518], [32.85627, 39.85509], [32.85646, 39.85512], [32.85643, 39.85521], [32.85625, 39.85518]]]}}, {"type": "Feature", "properties": {}, "geometry": {"type": "Polygon", "coordinates": [[[32.85463, 39.85606], [32.85466, 39.85594], [32.85483, 39.85597], [32.85481, 39.85608], [32.85463, 39.85606]]]}}, {"type": "Feature", "properties": {}, "geometry": {"type": "Polygon", "coordinates": [[[32.85488, 39.85609], [32.8549, 39.85598], [32.85508, 39.856], [32.85505, 39.85611], [32.85488, 39.85609]]]}}, {"type": "Feature", "properties": {}, "geometry": {"type": "Polygon", "coordinates": [[[32.85487, 39.8559], [32.85491, 39.85574], [32.85513, 39.85577], [32.85509, 39.85593], [32.85487, 39.8559]]]}}, {"type": "Feature", "properties": {}, "geometry": {"type": "Polygon", "coordinates": [[[32.85466, 39.85587], [32.8547, 39.85573], [32.85485, 39.85575], [32.85482, 39.8559], [32.85466, 39.85587]]]}}, {"type": "Feature", "properties": {}, "geometry": {"type": "Polygon", "coordinates": [[[32.85383, 39.85575], [32.85385, 39.85568], [32.85392, 39.85569], [32.85392, 39.85567], [32.85387, 39.85566], [32.85388, 39.85561], [32.85419, 39.85565], [32.85416, 39.8558], [32.85383, 39.85575]]]}}, {"type": "Feature", "properties": {}, "geometry": {"type": "Polygon", "coordinates": [[[32.85415, 39.856], [32.85418, 39.85588], [32.85444, 39.8559], [32.85442, 39.85603], [32.85415, 39.856]]]}}, {"type": "Feature", "properties": {}, "geometry": {"type": "Polygon", "coordinates": [[[32.85431, 39.85582], [32.85434, 39.85568], [32.85448, 39.8557], [32.85445, 39.85583], [32.85431, 39.85582]]]}}, {"type": "Feature", "properties": {}, "geometry": {"type": "Polygon", "coordinates": [[[32.85387, 39.85583], [32.85412, 39.85586], [32.85409, 39.85601], [32.85384, 39.85598], [32.85387, 39.85583]]]}}, {"type": "Feature", "properties": {}, "geometry": {"type": "Polygon", "coordinates": [[[32.85367, 39.85596], [32.85369, 39.85583], [32.85382, 39.85584], [32.8538, 39.85598], [32.85367, 39.85596]]]}}, {"type": "Feature", "properties": {}, "geometry": {"type": "Polygon", "coordinates": [[[32.85361, 39.85572], [32.85364, 39.85557], [32.85381, 39.85559], [32.85378, 39.85574], [32.85361, 39.85572]]]}}, {"type": "Feature", "properties": {}, "geometry": {"type": "Polygon", "coordinates": [[[32.85336, 39.85592], [32.8534, 39.85574], [32.85361, 39.85576], [32.85357, 39.85594], [32.85336, 39.85592]]]}}, {"type": "Feature", "properties": {}, "geometry": {"type": "Polygon", "coordinates": [[[32.85345, 39.85568], [32.85347, 39.85555], [32.85362, 39.85557], [32.85359, 39.85569], [32.85345, 39.85568]]]}}, {"type": "Feature", "properties": {}, "geometry": {"type": "Polygon", "coordinates": [[[32.85248, 39.85643], [32.85243, 39.85615], [32.85279, 39.85612], [32.85284, 39.8564], [32.85248, 39.85643]]]}}, {"type": "Feature", "properties": {}, "geometry": {"type": "Polygon", "coordinates": [[[32.85184, 39.85628], [32.85173, 39.85608], [32.85182, 39.85604], [32.8518, 39.85599], [32.85193, 39.85594], [32.85198, 39.85605], [32.85193, 39.85606], [32.85197, 39.85615], [32.85202, 39.85614], [32.85217, 39.85638], [32.85215, 39.85642], [32.85213, 39.85646], [32.85201, 39.85649], [32.852, 39.85646], [32.85195, 39.85647], [32.85193, 39.8564], [32.85202, 39.85636], [32.85194, 39.85625], [32.85184, 39.85628]]]}}, {"type": "Feature", "properties": {}, "geometry": {"type": "Polygon", "coordinates": [[[32.85407, 39.85719], [32.85408, 39.8571], [32.85429, 39.85711], [32.85428, 39.85722], [32.85407, 39.85719]]]}}, {"type": "Feature", "properties": {}, "geometry": {"type": "Polygon", "coordinates": [[[32.85355, 39.85711], [32.85356, 39.85704], [32.85381, 39.85705], [32.8538, 39.85716], [32.85355, 39.85711]]]}}, {"type": "Feature", "properties": {}, "geometry": {"type": "Polygon", "coordinates": [[[32.85385, 39.85715], [32.85386, 39.85707], [32.85402, 39.85708], [32.85401, 39.85718], [32.85385, 39.85715]]]}}, {"type": "Feature", "properties": {}, "geometry": {"type": "Polygon", "coordinates": [[[32.85399, 39.85686], [32.854, 39.85675], [32.85416, 39.85677], [32.85415, 39.85688], [32.85399, 39.85686]]]}}, {"type": "Feature", "properties": {}, "geometry": {"type": "Polygon", "coordinates": [[[32.85421, 39.85688], [32.85423, 39.85677], [32.85446, 39.85679], [32.85444, 39.85689], [32.85421, 39.85688]]]}}, {"type": "Feature", "properties": {}, "geometry": {"type": "Polygon", "coordinates": [[[32.85521, 39.85662], [32.85524, 39.85644], [32.85557, 39.85647], [32.85554, 39.85665], [32.85521, 39.85662]]]}}, {"type": "Feature", "properties": {}, "geometry": {"type": "Polygon", "coordinates": [[[32.85523, 39.85637], [32.85526, 39.85624], [32.85562, 39.85628], [32.85559, 39.85641], [32.85523, 39.85637]]]}}, {"type": "Feature", "properties": {}, "geometry": {"type": "Polygon", "coordinates": [[[32.85517, 39.85726], [32.85528, 39.8572], [32.85534, 39.85726], [32.85538, 39.85724], [32.85544, 39.8572], [32.85555, 39.8573], [32.85545, 39.85736], [32.85538, 39.8573], [32.85533, 39.85733], [32.85531, 39.85731], [32.85526, 39.85734], [32.85517, 39.85726]]]}}, {"type": "Feature", "properties": {}, "geometry": {"type": "Polygon", "coordinates": [[[32.85587, 39.85738], [32.85588, 39.85726], [32.85617, 39.85728], [32.85615, 39.8574], [32.85587, 39.85738]]]}}, {"type": "Feature", "properties": {}, "geometry": {"type": "Polygon", "coordinates": [[[32.85474, 39.85675], [32.85476, 39.85663], [32.85493, 39.85665], [32.85491, 39.85677], [32.85474, 39.85675]]]}}, {"type": "Feature", "properties": {}, "geometry": {"type": "Polygon", "coordinates": [[[32.85361, 39.85619], [32.85363, 39.85607], [32.85393, 39.8561], [32.85391, 39.85622], [32.85361, 39.85619]]]}}, {"type": "Feature", "properties": {}, "geometry": {"type": "Polygon", "coordinates": [[[32.85327, 39.85616], [32.85329, 39.85604], [32.85353, 39.85606], [32.85352, 39.85612], [32.85355, 39.85613], [32.85355, 39.85618], [32.85327, 39.85616]]]}}, {"type": "Feature", "properties": {}, "geometry": {"type": "Polygon", "coordinates": [[[32.8532, 39.85625], [32.85324, 39.85625], [32.85324, 39.85622], [32.85347, 39.85624], [32.8535, 39.85624], [32.85349, 39.85629], [32.85345, 39.85629], [32.85344, 39.85636], [32.85319, 39.85634], [32.8532, 39.85625]]]}}, {"type": "Feature", "properties": {}, "geometry": {"type": "Polygon", "coordinates": [[[32.85358, 39.85638], [32.85361, 39.85626], [32.85391, 39.8563], [32.85388, 39.85641], [32.85358, 39.85638]]]}}, {"type": "Feature", "properties": {}, "geometry": {"type": "Polygon", "coordinates": [[[32.85425, 39.85672], [32.85426, 39.85659], [32.85443, 39.8566], [32.85441, 39.85673], [32.85425, 39.85672]]]}}, {"type": "Feature", "properties": {}, "geometry": {"type": "Polygon", "coordinates": [[[32.85447, 39.85674], [32.85449, 39.85662], [32.8547, 39.85664], [32.85468, 39.85676], [32.85447, 39.85674]]]}}, {"type": "Feature", "properties": {}, "geometry": {"type": "Polygon", "coordinates": [[[32.85471, 39.85695], [32.85473, 39.85682], [32.8549, 39.85684], [32.85488, 39.85696], [32.85471, 39.85695]]]}}, {"type": "Feature", "properties": {}, "geometry": {"type": "Polygon", "coordinates": [[[32.85393, 39.85668], [32.85395, 39.85656], [32.85422, 39.85659], [32.8542, 39.85671], [32.85408, 39.8567], [32.85409, 39.85665], [32.85405, 39.85664], [32.85404, 39.85669], [32.85393, 39.85668]]]}}, {"type": "Feature", "properties": {}, "geometry": {"type": "Polygon", "coordinates": [[[32.85369, 39.85685], [32.85371, 39.85673], [32.85392, 39.85675], [32.8539, 39.85687], [32.85369, 39.85685]]]}}, {"type": "Feature", "properties": {}, "geometry": {"type": "Polygon", "coordinates": [[[32.85345, 39.8568], [32.85346, 39.85671], [32.85364, 39.85673], [32.85363, 39.85682], [32.85345, 39.8568]]]}}, {"type": "Feature", "properties": {}, "geometry": {"type": "Polygon", "coordinates": [[[32.85371, 39.85666], [32.85374, 39.85653], [32.85388, 39.85655], [32.85386, 39.85668], [32.85371, 39.85666]]]}}, {"type": "Feature", "properties": {}, "geometry": {"type": "Polygon", "coordinates": [[[32.85351, 39.85663], [32.85353, 39.85651], [32.85367, 39.85653], [32.85365, 39.85665], [32.85351, 39.85663]]]}}, {"type": "Feature", "properties": {}, "geometry": {"type": "Polygon", "coordinates": [[[32.85301, 39.85672], [32.85303, 39.85664], [32.85317, 39.85665], [32.85316, 39.85677], [32.85306, 39.85677], [32.85301, 39.85672]]]}}, {"type": "Feature", "properties": {}, "geometry": {"type": "Polygon", "coordinates": [[[32.85308, 39.8566], [32.85311, 39.85646], [32.85334, 39.85648], [32.85334, 39.85651], [32.85332, 39.85662], [32.85326, 39.85661], [32.85326, 39.85659], [32.85317, 39.85658], [32.85317, 39.85661], [32.85308, 39.8566]]]}}, {"type": "Feature", "properties": {}, "geometry": {"type": "Polygon", "coordinates": [[[32.85334, 39.85651], [32.85349, 39.85653], [32.85347, 39.85664], [32.85335, 39.85663], [32.85332, 39.85662], [32.85334, 39.85651]]]}}, {"type": "Feature", "properties": {}, "geometry": {"type": "Polygon", "coordinates": [[[32.85288, 39.85697], [32.85316, 39.85699], [32.85316, 39.85711], [32.85288, 39.85703], [32.85286, 39.85701], [32.85287, 39.85699], [32.85288, 39.85697]]]}}, {"type": "Feature", "properties": {}, "geometry": {"type": "Polygon", "coordinates": [[[32.85355, 39.85309], [32.85356, 39.853], [32.85378, 39.85302], [32.85376, 39.85311], [32.85355, 39.85309]]]}}, {"type": "Feature", "properties": {}, "geometry": {"type": "Polygon", "coordinates": [[[32.85501, 39.85117], [32.85506, 39.85108], [32.85525, 39.85114], [32.8552, 39.85123], [32.85501, 39.85117]]]}}, {"type": "Feature", "properties": {}, "geometry": {"type": "Polygon", "coordinates": [[[32.85487, 39.85143], [32.85492, 39.85136], [32.85509, 39.85141], [32.85504, 39.85149], [32.85487, 39.85143]]]}}, {"type": "Feature", "properties": {}, "geometry": {"type": "Polygon", "coordinates": [[[32.85479, 39.85157], [32.85483, 39.85149], [32.85502, 39.85155], [32.85497, 39.85163], [32.85479, 39.85157]]]}}, {"type": "Feature", "properties": {}, "geometry": {"type": "Polygon", "coordinates": [[[32.85509, 39.85103], [32.85513, 39.85096], [32.85528, 39.85101], [32.85524, 39.85108], [32.85509, 39.85103]]]}}, {"type": "Feature", "properties": {}, "geometry": {"type": "Polygon", "coordinates": [[[32.85533, 39.85178], [32.85538, 39.85171], [32.8555, 39.85175], [32.85545, 39.85183], [32.85533, 39.85178]]]}}, {"type": "Feature", "properties": {}, "geometry": {"type": "Polygon", "coordinates": [[[32.85513, 39.85173], [32.85519, 39.85164], [32.85532, 39.85168], [32.85526, 39.85177], [32.85513, 39.85173]]]}}, {"type": "Feature", "properties": {}, "geometry": {"type": "Polygon", "coordinates": [[[32.85526, 39.85147], [32.85531, 39.85138], [32.85546, 39.85144], [32.85541, 39.85152], [32.85526, 39.85147]]]}}, {"type": "Feature", "properties": {}, "geometry": {"type": "Polygon", "coordinates": [[[32.85534, 39.85133], [32.85538, 39.85126], [32.85552, 39.8513], [32.85548, 39.85137], [32.85534, 39.85133]]]}}, {"type": "Feature", "properties": {}, "geometry": {"type": "Polygon", "coordinates": [[[32.85541, 39.85121], [32.85545, 39.85114], [32.8556, 39.85119], [32.85556, 39.85126], [32.85541, 39.85121]]]}}, {"type": "Feature", "properties": {}, "geometry": {"type": "Polygon", "coordinates": [[[32.85548, 39.85109], [32.85552, 39.85102], [32.85566, 39.85106], [32.85562, 39.85113], [32.85548, 39.85109]]]}}, {"type": "Feature", "properties": {}, "geometry": {"type": "Polygon", "coordinates": [[[32.85568, 39.85115], [32.85572, 39.85108], [32.85587, 39.85114], [32.85583, 39.8512], [32.85568, 39.85115]]]}}, {"type": "Feature", "properties": {}, "geometry": {"type": "Polygon", "coordinates": [[[32.85556, 39.85139], [32.85566, 39.85122], [32.85581, 39.85127], [32.85571, 39.85144], [32.85556, 39.85139]]]}}, {"type": "Feature", "properties": {}, "geometry": {"type": "Polygon", "coordinates": [[[32.85569, 39.85082], [32.85576, 39.85077], [32.85589, 39.85087], [32.85582, 39.85092], [32.85569, 39.85082]]]}}, {"type": "Feature", "properties": {}, "geometry": {"type": "Polygon", "coordinates": [[[32.85548, 39.85152], [32.85553, 39.85145], [32.85566, 39.8515], [32.85562, 39.85157], [32.85548, 39.85152]]]}}, {"type": "Feature", "properties": {}, "geometry": {"type": "Polygon", "coordinates": [[[32.8554, 39.85166], [32.85545, 39.85157], [32.85559, 39.85162], [32.85554, 39.8517], [32.8554, 39.85166]]]}}, {"type": "Feature", "properties": {}, "geometry": {"type": "Polygon", "coordinates": [[[32.85592, 39.85131], [32.85598, 39.85118], [32.85614, 39.85129], [32.85602, 39.85138], [32.85592, 39.85131]]]}}, {"type": "Feature", "properties": {}, "geometry": {"type": "Polygon", "coordinates": [[[32.85606, 39.85142], [32.85617, 39.85134], [32.85625, 39.8514], [32.85614, 39.85148], [32.85606, 39.85142]]]}}, {"type": "Feature", "properties": {}, "geometry": {"type": "Polygon", "coordinates": [[[32.85602, 39.85114], [32.85612, 39.85106], [32.85622, 39.85113], [32.85611, 39.85122], [32.85602, 39.85114]]]}}, {"type": "Feature", "properties": {}, "geometry": {"type": "Polygon", "coordinates": [[[32.85618, 39.85151], [32.85628, 39.85143], [32.85637, 39.8515], [32.85627, 39.85158], [32.85618, 39.85151]]]}}, {"type": "Feature", "properties": {}, "geometry": {"type": "Polygon", "coordinates": [[[32.8563, 39.85161], [32.8564, 39.85153], [32.85647, 39.85159], [32.85638, 39.85167], [32.8563, 39.85161]]]}}, {"type": "Feature", "properties": {}, "geometry": {"type": "Polygon", "coordinates": [[[32.85642, 39.8517], [32.85653, 39.85162], [32.8566, 39.85168], [32.8565, 39.85176], [32.85642, 39.8517]]]}}, {"type": "Feature", "properties": {}, "geometry": {"type": "Polygon", "coordinates": [[[32.85656, 39.8518], [32.85668, 39.85171], [32.85679, 39.85179], [32.85667, 39.85188], [32.85656, 39.8518]]]}}, {"type": "Feature", "properties": {}, "geometry": {"type": "Polygon", "coordinates": [[[32.85665, 39.85162], [32.85677, 39.85153], [32.85686, 39.85161], [32.85674, 39.85169], [32.85665, 39.85162]]]}}, {"type": "Feature", "properties": {}, "geometry": {"type": "Polygon", "coordinates": [[[32.85637, 39.85107], [32.85649, 39.85099], [32.85657, 39.85105], [32.85645, 39.85114], [32.85637, 39.85107]]]}}, {"type": "Feature", "properties": {}, "geometry": {"type": "Polygon", "coordinates": [[[32.85653, 39.85116], [32.85662, 39.85108], [32.85671, 39.85115], [32.85661, 39.85122], [32.85653, 39.85116]]]}}, {"type": "Feature", "properties": {}, "geometry": {"type": "Polygon", "coordinates": [[[32.85654, 39.85095], [32.85665, 39.85086], [32.85672, 39.85092], [32.85661, 39.851], [32.85654, 39.85095]]]}}, {"type": "Feature", "properties": {}, "geometry": {"type": "Polygon", "coordinates": [[[32.85667, 39.85104], [32.85679, 39.85095], [32.85687, 39.85102], [32.85675, 39.85111], [32.85667, 39.85104]]]}}, {"type": "Feature", "properties": {}, "geometry": {"type": "Polygon", "coordinates": [[[32.85722, 39.85185], [32.85739, 39.85186], [32.85738, 39.85206], [32.85721, 39.85206], [32.85722, 39.85185]]]}}, {"type": "Feature", "properties": {}, "geometry": {"type": "Polygon", "coordinates": [[[32.85744, 39.85202], [32.85745, 39.85193], [32.85761, 39.85193], [32.85761, 39.85202], [32.85744, 39.85202]]]}}, {"type": "Feature", "properties": {}, "geometry": {"type": "Polygon", "coordinates": [[[32.85742, 39.85212], [32.85742, 39.85207], [32.85761, 39.85207], [32.85761, 39.85218], [32.85742, 39.85212]]]}}, {"type": "Feature", "properties": {}, "geometry": {"type": "Polygon", "coordinates": [[[32.85601, 39.85079], [32.85612, 39.85071], [32.85619, 39.85077], [32.85608, 39.85085], [32.85601, 39.85079]]]}}, {"type": "Feature", "properties": {}, "geometry": {"type": "Polygon", "coordinates": [[[32.85603, 39.85056], [32.85614, 39.85047], [32.85623, 39.85054], [32.85612, 39.85063], [32.85603, 39.85056]]]}}, {"type": "Feature", "properties": {}, "geometry": {"type": "Polygon", "coordinates": [[[32.85589, 39.85068], [32.856, 39.8506], [32.85608, 39.85067], [32.85598, 39.85075], [32.85589, 39.85068]]]}}, {"type": "Feature", "properties": {}, "geometry": {"type": "Polygon", "coordinates": [[[32.85587, 39.85043], [32.85595, 39.85036], [32.85599, 39.85038], [32.85606, 39.85043], [32.85597, 39.85051], [32.85587, 39.85043]]]}}, {"type": "Feature", "properties": {}, "geometry": {"type": "Polygon", "coordinates": [[[32.85576, 39.85056], [32.85585, 39.85048], [32.85596, 39.85057], [32.85585, 39.85066], [32.85576, 39.85059], [32.85578, 39.85058], [32.85576, 39.85056]]]}}, {"type": "Feature", "properties": {}, "geometry": {"type": "Polygon", "coordinates": [[[32.8559, 39.84905], [32.85591, 39.84896], [32.856, 39.84894], [32.85598, 39.84891], [32.85607, 39.84884], [32.85618, 39.84893], [32.85614, 39.84895], [32.85616, 39.84896], [32.85611, 39.84898], [32.85612, 39.84902], [32.85611, 39.84905], [32.85637, 39.84934], [32.8564, 39.84934], [32.85643, 39.84937], [32.8565, 39.84937], [32.85655, 39.84936], [32.85659, 39.84933], [32.85671, 39.84943], [32.85659, 39.84949], [32.85657, 39.84946], [32.85652, 39.84948], [32.85653, 39.84951], [32.85637, 39.8495], [32.85638, 39.84948], [32.85634, 39.84944], [32.85629, 39.84947], [32.85595, 39.84915], [32.85594, 39.84912], [32.85598, 39.8491], [32.85595, 39.84907], [32.8559, 39.84905]]]}}, {"type": "Feature", "properties": {}, "geometry": {"type": "Polygon", "coordinates": [[[32.85702, 39.84954], [32.85714, 39.84946], [32.85735, 39.84967], [32.85724, 39.84973], [32.8572, 39.84969], [32.85713, 39.84974], [32.857, 39.84961], [32.85706, 39.84957], [32.85702, 39.84954]]]}}, {"type": "Feature", "properties": {}, "geometry": {"type": "Polygon", "coordinates": [[[32.85747, 39.84996], [32.85746, 39.84991], [32.85743, 39.8499], [32.8574, 39.84992], [32.8573, 39.84985], [32.85743, 39.84976], [32.85748, 39.84977], [32.85751, 39.8498], [32.85753, 39.84979], [32.85759, 39.8498], [32.85796, 39.84961], [32.85796, 39.8496], [32.858, 39.84958], [32.858, 39.84952], [32.85799, 39.84948], [32.85796, 39.84945], [32.85784, 39.84935], [32.85793, 39.84927], [32.85792, 39.84923], [32.858, 39.84915], [32.85813, 39.84926], [32.85817, 39.84946], [32.85813, 39.84948], [32.85815, 39.84952], [32.8582, 39.84951], [32.85817, 39.84963], [32.85813, 39.84962], [32.85808, 39.84965], [32.85811, 39.84969], [32.85769, 39.84994], [32.85764, 39.84993], [32.85761, 39.84994], [32.85761, 39.84997], [32.85747, 39.84996]]]}}, {"type": "Feature", "properties": {}, "geometry": {"type": "Polygon", "coordinates": [[[32.85741, 39.84895], [32.85757, 39.84884], [32.85794, 39.84919], [32.85776, 39.8493], [32.85741, 39.84895]]]}}, {"type": "Feature", "properties": {}, "geometry": {"type": "Polygon", "coordinates": [[[32.85843, 39.84942], [32.8585, 39.84943], [32.85858, 39.84948], [32.85861, 39.8495], [32.85864, 39.84956], [32.85867, 39.84957], [32.85867, 39.84954], [32.85879, 39.84951], [32.85881, 39.84948], [32.8588, 39.84944], [32.85878, 39.84938], [32.85875, 39.84934], [32.85869, 39.8493], [32.85867, 39.84928], [32.85865, 39.84929], [32.8586, 39.84929], [32.85854, 39.84928], [32.85851, 39.84929], [32.85848, 39.84929], [32.85846, 39.84938], [32.85843, 39.84939], [32.85843, 39.84942]]]}}, {"type": "Feature", "properties": {}, "geometry": {"type": "Polygon", "coordinates": [[[32.85804, 39.84902], [32.8581, 39.84904], [32.85817, 39.8491], [32.8582, 39.84913], [32.85821, 39.84919], [32.85824, 39.8492], [32.85825, 39.84918], [32.85837, 39.84916], [32.8584, 39.84914], [32.8584, 39.84909], [32.85839, 39.84904], [32.85837, 39.84898], [32.85833, 39.84894], [32.8583, 39.84892], [32.85828, 39.84893], [32.85823, 39.84892], [32.85818, 39.8489], [32.85814, 39.84891], [32.85812, 39.84891], [32.85807, 39.84898], [32.85804, 39.84899], [32.85804, 39.84902]]]}}, {"type": "Feature", "properties": {}, "geometry": {"type": "Polygon", "coordinates": [[[32.85767, 39.84867], [32.85773, 39.84869], [32.8578, 39.84875], [32.85782, 39.84878], [32.85783, 39.84883], [32.85787, 39.84885], [32.85787, 39.84883], [32.85799, 39.84881], [32.85802, 39.84878], [32.85803, 39.84874], [32.85802, 39.84869], [32.858, 39.84863], [32.85795, 39.84859], [32.85793, 39.84857], [32.85791, 39.84858], [32.85786, 39.84857], [32.8578, 39.84855], [32.85777, 39.84856], [32.85775, 39.84855], [32.8577, 39.84863], [32.85767, 39.84864], [32.85767, 39.84867]]]}}, {"type": "Feature", "properties": {}, "geometry": {"type": "Polygon", "coordinates": [[[32.85731, 39.84825], [32.85738, 39.84827], [32.85744, 39.84833], [32.85747, 39.84835], [32.85748, 39.84841], [32.85751, 39.84843], [32.85752, 39.8484], [32.85764, 39.84839], [32.85767, 39.84836], [32.85768, 39.84832], [32.85766, 39.84826], [32.85764, 39.84821], [32.8576, 39.84817], [32.85758, 39.84815], [32.85755, 39.84815], [32.85751, 39.84814], [32.85745, 39.84813], [32.85742, 39.84813], [32.85739, 39.84813], [32.85735, 39.84821], [32.85732, 39.84822], [32.85731, 39.84825]]]}}, {"type": "Feature", "properties": {}, "geometry": {"type": "Polygon", "coordinates": [[[32.85432, 39.84819], [32.8545, 39.84734], [32.85474, 39.84754], [32.8547, 39.84782], [32.85469, 39.84803], [32.85472, 39.84817], [32.85474, 39.84825], [32.85432, 39.84819]]]}}, {"type": "Feature", "properties": {}, "geometry": {"type": "Polygon", "coordinates": [[[32.85611, 39.84709], [32.85612, 39.84694], [32.85625, 39.84695], [32.85626, 39.84692], [32.85641, 39.84693], [32.8564, 39.84696], [32.85652, 39.84696], [32.85651, 39.8471], [32.8564, 39.8471], [32.8564, 39.84714], [32.85625, 39.84713], [32.85625, 39.8471], [32.85611, 39.84709]]]}}, {"type": "Feature", "properties": {}, "geometry": {"type": "Polygon", "coordinates": [[[32.85548, 39.84714], [32.85564, 39.84705], [32.85586, 39.84726], [32.85598, 39.84732], [32.85615, 39.84737], [32.85628, 39.84738], [32.85626, 39.84744], [32.85626, 39.84752], [32.85627, 39.84761], [32.85607, 39.84755], [32.85589, 39.84747], [32.85577, 39.84741], [32.85568, 39.84736], [32.85548, 39.84714]]]}}, {"type": "Feature", "properties": {}, "geometry": {"type": "Polygon", "coordinates": [[[32.85573, 39.84673], [32.85579, 39.84675], [32.85587, 39.84681], [32.85589, 39.84683], [32.85591, 39.84689], [32.85594, 39.8469], [32.85595, 39.84688], [32.85607, 39.84686], [32.8561, 39.84683], [32.8561, 39.84679], [32.85608, 39.84673], [32.85605, 39.84668], [32.85601, 39.84664], [32.85598, 39.84662], [32.85596, 39.84663], [32.85591, 39.84662], [32.85586, 39.84661], [32.85582, 39.84662], [32.8558, 39.84661], [32.85576, 39.8467], [32.85573, 39.8467], [32.85573, 39.84673]]]}}, {"type": "Feature", "properties": {}, "geometry": {"type": "Polygon", "coordinates": [[[32.85538, 39.8464], [32.85544, 39.84642], [32.85551, 39.84648], [32.85554, 39.8465], [32.85556, 39.84656], [32.85559, 39.84657], [32.85559, 39.84655], [32.85571, 39.84652], [32.85574, 39.8465], [32.85574, 39.84645], [32.85573, 39.8464], [32.8557, 39.84635], [32.85565, 39.84631], [32.85563, 39.84629], [32.85561, 39.8463], [32.85556, 39.84629], [32.8555, 39.84627], [32.85547, 39.84628], [32.85545, 39.84628], [32.85541, 39.84636], [32.85538, 39.84637], [32.85538, 39.8464]]]}}, {"type": "Feature", "properties": {}, "geometry": {"type": "Polygon", "coordinates": [[[32.85479, 39.84568], [32.85487, 39.84557], [32.85491, 39.8456], [32.85495, 39.84554], [32.85512, 39.84562], [32.85508, 39.84567], [32.85509, 39.8457], [32.85503, 39.84578], [32.85499, 39.84576], [32.85492, 39.84584], [32.85478, 39.84577], [32.85484, 39.8457], [32.85479, 39.84568]]]}}, {"type": "Feature", "properties": {}, "geometry": {"type": "Polygon", "coordinates": [[[32.85394, 39.84962], [32.85398, 39.8494], [32.8542, 39.84943], [32.85416, 39.84965], [32.85394, 39.84962]]]}}, {"type": "Feature", "properties": {}, "geometry": {"type": "Polygon", "coordinates": [[[32.85385, 39.85001], [32.85389, 39.84979], [32.85412, 39.84982], [32.85408, 39.85004], [32.85385, 39.85001]]]}}, {"type": "Feature", "properties": {}, "geometry": {"type": "Polygon", "coordinates": [[[32.85379, 39.85039], [32.85382, 39.85017], [32.85405, 39.85019], [32.85402, 39.85041], [32.85379, 39.85039]]]}}, {"type": "Feature", "properties": {}, "geometry": {"type": "Polygon", "coordinates": [[[32.85374, 39.85097], [32.85382, 39.85051], [32.85385, 39.85051], [32.85386, 39.85048], [32.85397, 39.85049], [32.85396, 39.85051], [32.85404, 39.85052], [32.85396, 39.851], [32.85388, 39.85099], [32.85387, 39.85103], [32.85376, 39.85101], [32.85377, 39.85097], [32.85374, 39.85097]]]}}, {"type": "Feature", "properties": {}, "geometry": {"type": "Polygon", "coordinates": [[[32.85343, 39.85131], [32.85333, 39.85112], [32.8536, 39.85104], [32.85369, 39.85122], [32.85343, 39.85131]]]}}, {"type": "Feature", "properties": {}, "geometry": {"type": "Polygon", "coordinates": [[[32.85297, 39.85146], [32.85287, 39.85128], [32.85314, 39.8512], [32.85323, 39.85138], [32.85297, 39.85146]]]}}, {"type": "Feature", "properties": {}, "geometry": {"type": "Polygon", "coordinates": [[[32.85233, 39.85141], [32.85225, 39.85121], [32.85252, 39.85115], [32.8526, 39.85134], [32.85233, 39.85141]]]}}, {"type": "Feature", "properties": {}, "geometry": {"type": "Polygon", "coordinates": [[[32.83745, 39.84963], [32.8374, 39.84943], [32.83759, 39.8494], [32.83764, 39.84961], [32.83745, 39.84963]]]}}, {"type": "Feature", "properties": {}, "geometry": {"type": "Polygon", "coordinates": [[[32.83868, 39.84911], [32.83861, 39.84893], [32.83881, 39.84889], [32.83887, 39.84907], [32.83868, 39.84911]]]}}, {"type": "Feature", "properties": {}, "geometry": {"type": "Polygon", "coordinates": [[[32.83803, 39.84891], [32.83825, 39.84884], [32.8383, 39.84894], [32.83834, 39.84893], [32.83838, 39.84901], [32.83808, 39.84909], [32.83805, 39.84903], [32.83807, 39.84901], [32.83803, 39.84891]]]}}, {"type": "Feature", "properties": {}, "geometry": {"type": "Polygon", "coordinates": [[[32.83757, 39.84853], [32.8378, 39.84846], [32.83784, 39.84856], [32.83788, 39.84855], [32.83792, 39.84863], [32.83763, 39.84871], [32.83759, 39.84865], [32.83762, 39.84863], [32.83757, 39.84853]]]}}, {"type": "Feature", "properties": {}, "geometry": {"type": "Polygon", "coordinates": [[[32.83639, 39.84651], [32.83657, 39.84639], [32.83663, 39.84643], [32.83662, 39.84646], [32.83665, 39.8465], [32.83647, 39.84662], [32.83644, 39.84662], [32.83639, 39.84658], [32.8364, 39.84654], [32.83639, 39.84651]]]}}, {"type": "Feature", "properties": {}, "geometry": {"type": "Polygon", "coordinates": [[[32.83646, 39.84667], [32.83664, 39.84655], [32.8367, 39.84659], [32.83669, 39.84662], [32.83672, 39.84665], [32.83653, 39.84678], [32.83651, 39.84678], [32.83646, 39.84674], [32.83647, 39.8467], [32.83646, 39.84667]]]}}, {"type": "Feature", "properties": {}, "geometry": {"type": "Polygon", "coordinates": [[[32.83652, 39.84683], [32.8367, 39.84671], [32.83676, 39.84674], [32.83676, 39.84678], [32.83678, 39.84681], [32.8366, 39.84694], [32.83657, 39.84694], [32.83653, 39.8469], [32.83654, 39.84686], [32.83652, 39.84683]]]}}, {"type": "Feature", "properties": {}, "geometry": {"type": "Polygon", "coordinates": [[[32.83659, 39.847], [32.83677, 39.84688], [32.83683, 39.84692], [32.83682, 39.84695], [32.83685, 39.84698], [32.83667, 39.84711], [32.83664, 39.84711], [32.83659, 39.84707], [32.8366, 39.84703], [32.83659, 39.847]]]}}, {"type": "Feature", "properties": {}, "geometry": {"type": "Polygon", "coordinates": [[[32.83666, 39.84715], [32.83684, 39.84703], [32.8369, 39.84707], [32.83689, 39.8471], [32.83692, 39.84714], [32.83674, 39.84726], [32.83671, 39.84726], [32.83666, 39.84722], [32.83667, 39.84719], [32.83666, 39.84715]]]}}, {"type": "Feature", "properties": {}, "geometry": {"type": "Polygon", "coordinates": [[[32.83672, 39.84732], [32.8369, 39.8472], [32.83696, 39.84724], [32.83695, 39.84727], [32.83698, 39.8473], [32.8368, 39.84743], [32.83677, 39.84743], [32.83672, 39.84739], [32.83673, 39.84735], [32.83672, 39.84732]]]}}, {"type": "Feature", "properties": {}, "geometry": {"type": "Polygon", "coordinates": [[[32.83681, 39.84747], [32.83698, 39.84735], [32.83704, 39.84739], [32.83704, 39.84742], [32.83706, 39.84746], [32.83688, 39.84758], [32.83685, 39.84758], [32.83681, 39.84754], [32.83682, 39.8475], [32.83681, 39.84747]]]}}, {"type": "Feature", "properties": {}, "geometry": {"type": "Polygon", "coordinates": [[[32.83688, 39.84764], [32.83706, 39.84752], [32.83712, 39.84756], [32.83711, 39.84759], [32.83714, 39.84763], [32.83696, 39.84775], [32.83693, 39.84775], [32.83688, 39.84771], [32.83689, 39.84767], [32.83688, 39.84764]]]}}, {"type": "Feature", "properties": {}, "geometry": {"type": "Polygon", "coordinates": [[[32.83697, 39.84778], [32.83715, 39.84766], [32.83721, 39.8477], [32.83721, 39.84773], [32.83723, 39.84777], [32.83705, 39.84789], [32.83702, 39.84789], [32.83698, 39.84785], [32.83699, 39.84781], [32.83697, 39.84778]]]}}, {"type": "Feature", "properties": {}, "geometry": {"type": "Polygon", "coordinates": [[[32.83707, 39.84794], [32.83725, 39.84782], [32.83731, 39.84785], [32.83731, 39.84789], [32.83733, 39.84792], [32.83715, 39.84805], [32.83712, 39.84805], [32.83708, 39.84801], [32.83709, 39.84797], [32.83707, 39.84794]]]}}, {"type": "Feature", "properties": {}, "geometry": {"type": "Polygon", "coordinates": [[[32.83747, 39.84778], [32.83762, 39.84793], [32.83764, 39.84793], [32.83769, 39.8479], [32.8377, 39.84787], [32.83773, 39.84785], [32.83758, 39.84769], [32.83751, 39.84774], [32.8375, 39.84776], [32.83747, 39.84778]]]}}, {"type": "Feature", "properties": {}, "geometry": {"type": "Polygon", "coordinates": [[[32.83759, 39.84766], [32.83774, 39.84781], [32.83777, 39.84781], [32.83782, 39.84778], [32.83782, 39.84774], [32.83785, 39.84773], [32.8377, 39.84757], [32.83763, 39.84762], [32.83763, 39.84764], [32.83759, 39.84766]]]}}, {"type": "Feature", "properties": {}, "geometry": {"type": "Polygon", "coordinates": [[[32.83774, 39.84754], [32.8379, 39.84767], [32.83793, 39.84767], [32.83798, 39.84764], [32.83798, 39.84761], [32.83801, 39.84759], [32.83784, 39.84744], [32.83778, 39.84749], [32.83777, 39.84751], [32.83774, 39.84754]]]}}, {"type": "Feature", "properties": {}, "geometry": {"type": "Polygon", "coordinates": [[[32.83787, 39.84739], [32.83803, 39.84753], [32.83806, 39.84752], [32.83811, 39.84749], [32.83811, 39.84746], [32.83814, 39.84744], [32.83797, 39.84729], [32.83791, 39.84734], [32.8379, 39.84736], [32.83787, 39.84739]]]}}, {"type": "Feature", "properties": {}, "geometry": {"type": "Polygon", "coordinates": [[[32.83803, 39.84726], [32.83819, 39.8474], [32.83822, 39.8474], [32.83827, 39.84736], [32.83827, 39.84733], [32.8383, 39.84731], [32.83813, 39.84716], [32.83807, 39.84721], [32.83806, 39.84724], [32.83803, 39.84726]]]}}, {"type": "Feature", "properties": {}, "geometry": {"type": "Polygon", "coordinates": [[[32.83906, 39.84759], [32.83911, 39.84754], [32.83908, 39.84753], [32.83913, 39.84748], [32.83914, 39.84749], [32.83918, 39.84744], [32.83933, 39.84751], [32.8393, 39.84754], [32.83956, 39.84767], [32.83958, 39.84764], [32.83973, 39.84772], [32.8396, 39.84787], [32.83906, 39.84759]]]}}, {"type": "Feature", "properties": {}, "geometry": {"type": "Polygon", "coordinates": [[[32.83818, 39.84766], [32.83848, 39.8474], [32.83878, 39.84759], [32.83873, 39.84763], [32.8387, 39.84764], [32.83857, 39.84767], [32.83849, 39.84766], [32.83828, 39.84773], [32.83818, 39.84766]]]}}, {"type": "Feature", "properties": {}, "geometry": {"type": "Polygon", "coordinates": [[[32.83712, 39.84815], [32.83716, 39.84813], [32.83715, 39.84811], [32.83718, 39.84808], [32.83724, 39.84807], [32.83736, 39.84823], [32.83735, 39.84825], [32.83733, 39.84825], [32.83732, 39.84828], [32.83731, 39.84829], [32.83724, 39.84832], [32.83712, 39.84815]]]}}, {"type": "Feature", "properties": {}, "geometry": {"type": "Polygon", "coordinates": [[[32.83727, 39.84804], [32.8373, 39.84802], [32.83729, 39.848], [32.83732, 39.84797], [32.83738, 39.84796], [32.8375, 39.84812], [32.8375, 39.84813], [32.83747, 39.84814], [32.83747, 39.84816], [32.83745, 39.84818], [32.83738, 39.84821], [32.83727, 39.84804]]]}}, {"type": "Feature", "properties": {}, "geometry": {"type": "Polygon", "coordinates": [[[32.8505, 39.8489], [32.85045, 39.84873], [32.85073, 39.84868], [32.85078, 39.84885], [32.8505, 39.8489]]]}}, {"type": "Feature", "properties": {}, "geometry": {"type": "Polygon", "coordinates": [[[32.85089, 39.8492], [32.85085, 39.84903], [32.85112, 39.84898], [32.85117, 39.84915], [32.85089, 39.8492]]]}}, {"type": "Feature", "properties": {}, "geometry": {"type": "Polygon", "coordinates": [[[32.85129, 39.84951], [32.85124, 39.84934], [32.85152, 39.84929], [32.85157, 39.84946], [32.85129, 39.84951]]]}}, {"type": "Feature", "properties": {}, "geometry": {"type": "Polygon", "coordinates": [[[32.85169, 39.84983], [32.85165, 39.84966], [32.85192, 39.84961], [32.85197, 39.84978], [32.85169, 39.84983]]]}}, {"type": "Feature", "properties": {}, "geometry": {"type": "Polygon", "coordinates": [[[32.82264, 39.8617], [32.82277, 39.86162], [32.82287, 39.86171], [32.82274, 39.8618], [32.82264, 39.8617]]]}}, {"type": "Feature", "properties": {}, "geometry": {"type": "Polygon", "coordinates": [[[32.8228, 39.86184], [32.82291, 39.86177], [32.823, 39.86185], [32.82289, 39.86192], [32.8228, 39.86184]]]}}, {"type": "Feature", "properties": {}, "geometry": {"type": "Polygon", "coordinates": [[[32.82294, 39.86197], [32.82307, 39.86187], [32.82319, 39.86195], [32.82306, 39.86205], [32.82294, 39.86197]]]}}, {"type": "Feature", "properties": {}, "geometry": {"type": "Polygon", "coordinates": [[[32.82285, 39.86159], [32.82294, 39.86152], [32.82308, 39.86162], [32.82299, 39.86169], [32.82285, 39.86159]]]}}, {"type": "Feature", "properties": {}, "geometry": {"type": "Polygon", "coordinates": [[[32.82303, 39.86174], [32.82314, 39.86166], [32.8232, 39.86171], [32.82324, 39.86168], [32.82331, 39.86174], [32.82317, 39.86184], [32.82303, 39.86174]]]}}, {"type": "Feature", "properties": {}, "geometry": {"type": "Polygon", "coordinates": [[[32.82236, 39.86146], [32.82246, 39.8614], [32.82241, 39.86134], [32.82254, 39.86126], [32.82261, 39.86133], [32.82263, 39.86131], [32.82272, 39.86141], [32.82264, 39.86146], [32.8227, 39.86153], [32.8226, 39.86159], [32.82258, 39.86156], [32.82255, 39.86158], [32.82249, 39.86153], [32.82245, 39.86155], [32.82236, 39.86146]]]}}, {"type": "Feature", "properties": {}, "geometry": {"type": "Polygon", "coordinates": [[[32.82192, 39.86171], [32.82203, 39.86165], [32.82197, 39.86159], [32.82211, 39.86151], [32.82217, 39.86157], [32.82219, 39.86156], [32.82229, 39.86166], [32.8222, 39.86171], [32.82227, 39.86178], [32.82217, 39.86183], [32.82214, 39.86181], [32.82211, 39.86183], [32.82206, 39.86177], [32.82201, 39.8618], [32.82192, 39.86171]]]}}, {"type": "Feature", "properties": {}, "geometry": {"type": "Polygon", "coordinates": [[[32.82281, 39.86118], [32.82292, 39.86112], [32.82286, 39.86106], [32.82299, 39.86098], [32.82306, 39.86104], [32.82308, 39.86103], [32.82318, 39.86113], [32.82309, 39.86118], [32.82315, 39.86125], [32.82305, 39.8613], [32.82303, 39.86128], [32.823, 39.8613], [32.82295, 39.86124], [32.8229, 39.86127], [32.82281, 39.86118]]]}}, {"type": "Feature", "properties": {}, "geometry": {"type": "Polygon", "coordinates": [[[32.82281, 39.86057], [32.82288, 39.8605], [32.82296, 39.86056], [32.82303, 39.8605], [32.82322, 39.86064], [32.82311, 39.86076], [32.82303, 39.86069], [32.82296, 39.86077], [32.82286, 39.86071], [32.82287, 39.86066], [32.82283, 39.86063], [32.82282, 39.8606], [32.82281, 39.86057]]]}}, {"type": "Feature", "properties": {}, "geometry": {"type": "Polygon", "coordinates": [[[32.82239, 39.86033], [32.82246, 39.86026], [32.82254, 39.86031], [32.82261, 39.86026], [32.8228, 39.8604], [32.82269, 39.86051], [32.82261, 39.86045], [32.82254, 39.86053], [32.82243, 39.86046], [32.82244, 39.86042], [32.8224, 39.86038], [32.8224, 39.86036], [32.82239, 39.86033]]]}}, {"type": "Feature", "properties": {}, "geometry": {"type": "Polygon", "coordinates": [[[32.82195, 39.8603], [32.82194, 39.86021], [32.82204, 39.8602], [32.82204, 39.86013], [32.8223, 39.86012], [32.82234, 39.86025], [32.82222, 39.86025], [32.82225, 39.86035], [32.82211, 39.86036], [32.82208, 39.86033], [32.82202, 39.86033], [32.82199, 39.86031], [32.82195, 39.8603]]]}}, {"type": "Feature", "properties": {}, "geometry": {"type": "Polygon", "coordinates": [[[32.82227, 39.8619], [32.82239, 39.86181], [32.82257, 39.86198], [32.82245, 39.86206], [32.82227, 39.8619]]]}}, {"type": "Feature", "properties": {}, "geometry": {"type": "Polygon", "coordinates": [[[32.82266, 39.86237], [32.82285, 39.86223], [32.823, 39.86236], [32.82281, 39.86249], [32.82266, 39.86237]]]}}, {"type": "Feature", "properties": {}, "geometry": {"type": "Polygon", "coordinates": [[[32.82213, 39.86235], [32.82229, 39.86228], [32.82231, 39.86231], [32.82237, 39.86228], [32.82246, 39.8624], [32.82236, 39.86244], [32.82238, 39.86247], [32.82227, 39.86252], [32.82213, 39.86235]]]}}, {"type": "Feature", "properties": {}, "geometry": {"type": "Polygon", "coordinates": [[[32.82164, 39.86193], [32.82164, 39.86189], [32.82169, 39.86182], [32.82171, 39.86181], [32.82176, 39.86177], [32.82191, 39.86185], [32.82189, 39.8619], [32.82199, 39.86195], [32.82192, 39.86205], [32.82188, 39.86207], [32.82179, 39.86204], [32.82169, 39.86198], [32.82164, 39.86193]]]}}, {"type": "Feature", "properties": {}, "geometry": {"type": "Polygon", "coordinates": [[[32.82124, 39.86265], [32.82125, 39.86247], [32.82156, 39.86248], [32.82155, 39.86266], [32.82124, 39.86265]]]}}, {"type": "Feature", "properties": {}, "geometry": {"type": "Polygon", "coordinates": [[[32.82119, 39.86305], [32.8212, 39.86287], [32.82151, 39.86288], [32.8215, 39.86306], [32.82119, 39.86305]]]}}, {"type": "Feature", "properties": {}, "geometry": {"type": "Polygon", "coordinates": [[[32.82139, 39.86018], [32.82141, 39.86015], [32.82143, 39.86016], [32.82146, 39.86011], [32.82151, 39.86013], [32.82157, 39.86004], [32.82161, 39.86005], [32.8216, 39.86007], [32.82168, 39.8601], [32.82165, 39.86013], [32.82178, 39.86018], [32.82175, 39.86022], [32.82172, 39.86021], [32.82167, 39.86027], [32.82164, 39.86026], [32.82158, 39.86034], [32.82151, 39.86031], [32.82152, 39.86029], [32.82146, 39.86027], [32.82149, 39.86022], [32.82139, 39.86018]]]}}, {"type": "Feature", "properties": {}, "geometry": {"type": "Polygon", "coordinates": [[[32.82115, 39.8606], [32.82117, 39.86057], [32.82119, 39.86058], [32.82123, 39.86053], [32.82127, 39.86055], [32.82134, 39.86046], [32.82137, 39.86047], [32.82136, 39.86049], [32.82144, 39.86052], [32.82142, 39.86055], [32.82154, 39.8606], [32.82151, 39.86064], [32.82148, 39.86063], [32.82144, 39.86069], [32.82141, 39.86068], [32.82135, 39.86076], [32.82127, 39.86073], [32.82129, 39.86071], [32.82123, 39.86068], [32.82126, 39.86064], [32.82115, 39.8606]]]}}, {"type": "Feature", "properties": {}, "geometry": {"type": "Polygon", "coordinates": [[[32.82088, 39.86092], [32.8209, 39.8609], [32.82092, 39.86091], [32.82096, 39.86086], [32.821, 39.86087], [32.82107, 39.86079], [32.8211, 39.8608], [32.82109, 39.86082], [32.82117, 39.86085], [32.82115, 39.86088], [32.82127, 39.86093], [32.82124, 39.86097], [32.82121, 39.86096], [32.82117, 39.86102], [32.82114, 39.86101], [32.82108, 39.86109], [32.821, 39.86106], [32.82102, 39.86104], [32.82096, 39.86101], [32.82099, 39.86097], [32.82088, 39.86092]]]}}, {"type": "Feature", "properties": {}, "geometry": {"type": "Polygon", "coordinates": [[[32.82066, 39.86131], [32.82068, 39.86128], [32.8207, 39.86129], [32.82073, 39.86124], [32.82078, 39.86126], [32.82084, 39.86117], [32.82088, 39.86119], [32.82087, 39.8612], [32.82095, 39.86124], [32.82092, 39.86127], [32.82105, 39.86132], [32.82102, 39.86136], [32.82099, 39.86135], [32.82094, 39.86141], [32.82091, 39.8614], [32.82085, 39.86148], [32.82078, 39.86145], [32.82079, 39.86143], [32.82073, 39.8614], [32.82076, 39.86136], [32.82066, 39.86131]]]}}, {"type": "Feature", "properties": {}, "geometry": {"type": "Polygon", "coordinates": [[[32.8279, 39.86144], [32.82807, 39.86137], [32.82816, 39.8615], [32.82798, 39.86157], [32.8279, 39.86144]]]}}, {"type": "Feature", "properties": {}, "geometry": {"type": "Polygon", "coordinates": [[[32.82858, 39.86199], [32.82859, 39.86192], [32.82862, 39.86192], [32.82863, 39.86184], [32.8286, 39.86183], [32.82861, 39.86175], [32.82875, 39.86176], [32.82874, 39.86181], [32.82875, 39.86184], [32.82875, 39.86202], [32.82858, 39.86199]]]}}, {"type": "Feature", "properties": {}, "geometry": {"type": "Polygon", "coordinates": [[[32.83187, 39.86099], [32.83184, 39.861], [32.83185, 39.86102], [32.83179, 39.86104], [32.83178, 39.86102], [32.83173, 39.86104], [32.83172, 39.86101], [32.8317, 39.86102], [32.83168, 39.86099], [32.83171, 39.86096], [32.83169, 39.86094], [32.83166, 39.86095], [32.83164, 39.8609], [32.83164, 39.86088], [32.83164, 39.86085], [32.83168, 39.86084], [32.83168, 39.86083], [32.83172, 39.86082], [32.83173, 39.86083], [32.83178, 39.86082], [32.83187, 39.86099]]]}}, {"type": "Feature", "properties": {}, "geometry": {"type": "Polygon", "coordinates": [[[32.83199, 39.86121], [32.83196, 39.86122], [32.83197, 39.86123], [32.8319, 39.86125], [32.8319, 39.86124], [32.83185, 39.86125], [32.83184, 39.86123], [32.83181, 39.86123], [32.8318, 39.8612], [32.83182, 39.86117], [32.83181, 39.86115], [32.83178, 39.86116], [32.83175, 39.86111], [32.83176, 39.86109], [32.83176, 39.86106], [32.8318, 39.86106], [32.83179, 39.86104], [32.83185, 39.86102], [32.83185, 39.86104], [32.8319, 39.86103], [32.83199, 39.86121]]]}}, {"type": "Feature", "properties": {}, "geometry": {"type": "Polygon", "coordinates": [[[32.83257, 39.86121], [32.83254, 39.86122], [32.83255, 39.86124], [32.8325, 39.86126], [32.83249, 39.86125], [32.83244, 39.86127], [32.83242, 39.86125], [32.8324, 39.86126], [32.83238, 39.86123], [32.8324, 39.86119], [32.83238, 39.86117], [32.83235, 39.86119], [32.83232, 39.86114], [32.83232, 39.86112], [32.83231, 39.86111], [32.83235, 39.86109], [32.83234, 39.86107], [32.83239, 39.86106], [32.8324, 39.86107], [32.83245, 39.86105], [32.83257, 39.86121]]]}}, {"type": "Feature", "properties": {}, "geometry": {"type": "Polygon", "coordinates": [[[32.83274, 39.86139], [32.83271, 39.86141], [32.83272, 39.86142], [32.83267, 39.86145], [32.83266, 39.86144], [32.83261, 39.86146], [32.83259, 39.86144], [32.83257, 39.86145], [32.83255, 39.86142], [32.83256, 39.86139], [32.83254, 39.86137], [32.83252, 39.86138], [32.83248, 39.86134], [32.83248, 39.86132], [32.83247, 39.86131], [32.8325, 39.86128], [32.8325, 39.86126], [32.83255, 39.86124], [32.83257, 39.86125], [32.8326, 39.86124], [32.83274, 39.86139]]]}}, {"type": "Feature", "properties": {}, "geometry": {"type": "Polygon", "coordinates": [[[32.83182, 39.85583], [32.83186, 39.85581], [32.83204, 39.85578], [32.83206, 39.8558], [32.83211, 39.8558], [32.83213, 39.85602], [32.83203, 39.85602], [32.83202, 39.85595], [32.83195, 39.85596], [32.83196, 39.85603], [32.83184, 39.85605], [32.83184, 39.856], [32.83181, 39.856], [32.83181, 39.85593], [32.83182, 39.85591], [32.83182, 39.85583]]]}}, {"type": "Feature", "properties": {}, "geometry": {"type": "Polygon", "coordinates": [[[32.84051, 39.85071], [32.8406, 39.85049], [32.84075, 39.85052], [32.84065, 39.85075], [32.84051, 39.85071]]]}}, {"type": "Feature", "properties": {}, "geometry": {"type": "Polygon", "coordinates": [[[32.84091, 39.85079], [32.84097, 39.8507], [32.84105, 39.85074], [32.84108, 39.8507], [32.84134, 39.8508], [32.84131, 39.85085], [32.84139, 39.85089], [32.84133, 39.85097], [32.84091, 39.85079]]]}}, {"type": "Feature", "properties": {}, "geometry": {"type": "Polygon", "coordinates": [[[32.84076, 39.85036], [32.84067, 39.85023], [32.84091, 39.85013], [32.84098, 39.85022], [32.841, 39.85025], [32.84076, 39.85036]]]}}, {"type": "Feature", "properties": {}, "geometry": {"type": "Polygon", "coordinates": [[[32.84098, 39.85022], [32.84091, 39.85013], [32.84089, 39.8501], [32.84113, 39.84999], [32.84122, 39.85011], [32.84098, 39.85022]]]}}, {"type": "Feature", "properties": {}, "geometry": {"type": "Polygon", "coordinates": [[[32.84331, 39.85088], [32.84339, 39.85069], [32.8438, 39.85089], [32.84371, 39.85104], [32.84331, 39.85088]]]}}, {"type": "Feature", "properties": {}, "geometry": {"type": "Polygon", "coordinates": [[[32.8423, 39.85082], [32.84233, 39.85078], [32.84235, 39.85074], [32.84289, 39.85094], [32.84286, 39.85098], [32.84288, 39.85099], [32.84284, 39.85105], [32.84277, 39.85102], [32.84269, 39.85115], [32.84273, 39.85117], [32.84269, 39.85123], [32.8426, 39.8512], [32.84262, 39.85118], [32.84254, 39.85115], [32.84265, 39.85098], [32.84254, 39.85093], [32.84247, 39.85105], [32.8425, 39.85106], [32.84245, 39.85113], [32.84235, 39.8511], [32.84236, 39.85108], [32.84229, 39.85106], [32.84241, 39.85087], [32.8423, 39.85082]]]}}, {"type": "Feature", "properties": {}, "geometry": {"type": "Polygon", "coordinates": [[[32.84208, 39.85083], [32.84221, 39.8507], [32.84223, 39.85071], [32.84227, 39.8507], [32.84231, 39.85073], [32.84229, 39.85076], [32.84233, 39.85078], [32.8423, 39.85082], [32.84227, 39.85082], [32.84221, 39.85088], [32.84218, 39.85086], [32.84215, 39.85088], [32.84208, 39.85083]]]}}, {"type": "Feature", "properties": {}, "geometry": {"type": "Polygon", "coordinates": [[[32.84612, 39.85122], [32.84635, 39.85132], [32.84628, 39.85141], [32.84605, 39.85131], [32.84612, 39.85122]]]}}, {"type": "Feature", "properties": {}, "geometry": {"type": "Polygon", "coordinates": [[[32.83843, 39.84862], [32.83864, 39.84859], [32.8387, 39.84879], [32.8385, 39.84882], [32.83848, 39.84876], [32.83849, 39.84874], [32.83848, 39.8487], [32.83846, 39.84869], [32.83843, 39.84862]]]}}, {"type": "Feature", "properties": {}, "geometry": {"type": "Polygon", "coordinates": [[[32.83823, 39.84837], [32.83843, 39.84834], [32.83849, 39.84854], [32.83829, 39.84857], [32.83827, 39.84851], [32.83828, 39.84849], [32.83827, 39.84845], [32.83825, 39.84844], [32.83823, 39.84837]]]}}, {"type": "Feature", "properties": {}, "geometry": {"type": "Polygon", "coordinates": [[[32.83804, 39.8481], [32.83825, 39.84806], [32.8383, 39.84827], [32.8381, 39.8483], [32.83808, 39.84824], [32.8381, 39.84822], [32.83808, 39.84818], [32.83806, 39.84817], [32.83804, 39.8481]]]}}, {"type": "Feature", "properties": {}, "geometry": {"type": "Polygon", "coordinates": [[[32.83861, 39.84811], [32.83876, 39.84809], [32.83879, 39.84801], [32.83879, 39.84797], [32.83877, 39.84796], [32.83876, 39.84793], [32.83879, 39.84792], [32.83877, 39.84788], [32.83869, 39.84783], [32.83854, 39.84786], [32.83852, 39.8479], [32.8385, 39.84793], [32.83851, 39.84797], [32.83854, 39.84796], [32.83855, 39.84799], [32.83852, 39.84801], [32.83853, 39.84805], [32.83861, 39.84811]]]}}, {"type": "Feature", "properties": {}, "geometry": {"type": "Polygon", "coordinates": [[[32.83899, 39.84842], [32.83913, 39.84839], [32.83916, 39.84832], [32.83916, 39.84828], [32.83914, 39.84826], [32.83914, 39.84823], [32.83916, 39.84823], [32.83915, 39.84818], [32.83907, 39.84813], [32.83892, 39.84816], [32.83889, 39.8482], [32.83888, 39.84823], [32.83889, 39.84828], [32.83892, 39.84826], [32.83893, 39.8483], [32.8389, 39.84831], [32.83891, 39.84836], [32.83899, 39.84842]]]}}, {"type": "Feature", "properties": {}, "geometry": {"type": "Polygon", "coordinates": [[[32.83901, 39.84881], [32.83915, 39.84879], [32.83918, 39.84872], [32.83918, 39.84867], [32.83916, 39.84866], [32.83916, 39.84863], [32.83918, 39.84862], [32.83917, 39.84858], [32.83909, 39.84853], [32.83894, 39.84856], [32.83891, 39.8486], [32.8389, 39.84863], [32.83891, 39.84867], [32.83894, 39.84866], [32.83895, 39.8487], [32.83892, 39.84871], [32.83893, 39.84876], [32.83901, 39.84881]]]}}, {"type": "Feature", "properties": {}, "geometry": {"type": "Polygon", "coordinates": [[[32.83706, 39.84693], [32.83715, 39.84679], [32.83719, 39.8468], [32.83725, 39.84679], [32.83731, 39.8468], [32.83735, 39.84683], [32.83737, 39.84686], [32.8374, 39.84689], [32.83731, 39.84704], [32.83726, 39.84702], [32.83722, 39.84704], [32.83717, 39.84702], [32.83711, 39.84699], [32.8371, 39.84696], [32.83706, 39.84693]]]}}, {"type": "Feature", "properties": {}, "geometry": {"type": "Polygon", "coordinates": [[[32.8376, 39.84714], [32.83769, 39.84699], [32.83773, 39.847], [32.83778, 39.84699], [32.83785, 39.84701], [32.83788, 39.84704], [32.8379, 39.84706], [32.83794, 39.84709], [32.83784, 39.84724], [32.83779, 39.84723], [32.83776, 39.84724], [32.8377, 39.84723], [32.83764, 39.84719], [32.83763, 39.84717], [32.8376, 39.84714]]]}}, {"type": "Feature", "properties": {}, "geometry": {"type": "Polygon", "coordinates": [[[32.83726, 39.84741], [32.83735, 39.84726], [32.83739, 39.84727], [32.83745, 39.84726], [32.83751, 39.84728], [32.83754, 39.84731], [32.83756, 39.84733], [32.8376, 39.84736], [32.8375, 39.84751], [32.83745, 39.8475], [32.83742, 39.84751], [32.83736, 39.8475], [32.8373, 39.84746], [32.83729, 39.84744], [32.83726, 39.84741]]]}}, {"type": "Feature", "properties": {}, "geometry": {"type": "Polygon", "coordinates": [[[32.8234, 39.8488], [32.82354, 39.84874], [32.8235, 39.84868], [32.82365, 39.84863], [32.8238, 39.84885], [32.82364, 39.84891], [32.82361, 39.84885], [32.82347, 39.8489], [32.8234, 39.8488]]]}}, {"type": "Feature", "properties": {}, "geometry": {"type": "Polygon", "coordinates": [[[32.84007, 39.84886], [32.8401, 39.84885], [32.84019, 39.84885], [32.8402, 39.84888], [32.84025, 39.84887], [32.84024, 39.84883], [32.84033, 39.84883], [32.84034, 39.84885], [32.84041, 39.84885], [32.84042, 39.84887], [32.84047, 39.84887], [32.84048, 39.84893], [32.84049, 39.849], [32.8405, 39.849], [32.8405, 39.84902], [32.84041, 39.84903], [32.84041, 39.84901], [32.84036, 39.84901], [32.84037, 39.84908], [32.84032, 39.84909], [32.84033, 39.84912], [32.84018, 39.84913], [32.84017, 39.84909], [32.84014, 39.84909], [32.84013, 39.84902], [32.8401, 39.84902], [32.8401, 39.849], [32.84004, 39.849], [32.84002, 39.84888], [32.84007, 39.84888], [32.84007, 39.84886]]]}}, {"type": "Feature", "properties": {}, "geometry": {"type": "Polygon", "coordinates": [[[32.85224, 39.85525], [32.85235, 39.85521], [32.85236, 39.85522], [32.85243, 39.8552], [32.85243, 39.85519], [32.85254, 39.85516], [32.85248, 39.855], [32.85237, 39.85502], [32.85238, 39.85505], [32.8523, 39.85507], [32.85228, 39.85504], [32.85217, 39.85507], [32.85224, 39.85525]]]}}, {"type": "Feature", "properties": {}, "geometry": {"type": "Polygon", "coordinates": [[[32.83434, 39.84938], [32.8348, 39.84925], [32.83501, 39.84903], [32.8361, 39.84874], [32.83606, 39.85023], [32.83606, 39.85045], [32.83541, 39.85004], [32.83523, 39.84973], [32.83434, 39.84938]]]}}, {"type": "Feature", "properties": {}, "geometry": {"type": "Polygon", "coordinates": [[[32.83125, 39.84707], [32.83134, 39.84696], [32.83143, 39.84693], [32.8315, 39.84709], [32.83143, 39.84714], [32.83125, 39.84707]]]}}, {"type": "Feature", "properties": {}, "geometry": {"type": "Polygon", "coordinates": [[[32.83246, 39.84975], [32.83183, 39.8492], [32.83178, 39.84888], [32.83198, 39.84888], [32.83198, 39.84883], [32.83198, 39.8488], [32.83198, 39.84879], [32.83236, 39.84911], [32.83236, 39.84912], [32.83236, 39.84912], [32.83237, 39.84913], [32.83238, 39.84913], [32.83238, 39.84912], [32.83238, 39.84911], [32.83238, 39.8491], [32.83238, 39.8491], [32.8324, 39.84909], [32.83244, 39.84909], [32.83248, 39.84909], [32.83253, 39.84911], [32.83257, 39.84915], [32.8326, 39.84919], [32.8326, 39.84922], [32.8326, 39.84925], [32.83259, 39.84926], [32.83256, 39.84928], [32.83264, 39.84935], [32.83264, 39.84939], [32.83264, 39.8494], [32.83264, 39.84977], [32.83246, 39.84975]]]}}, {"type": "Feature", "properties": {}, "geometry": {"type": "Polygon", "coordinates": [[[32.85829, 39.85042], [32.85846, 39.85013], [32.85859, 39.85017], [32.85857, 39.85021], [32.85863, 39.85023], [32.85866, 39.85018], [32.85876, 39.85022], [32.85859, 39.85051], [32.85847, 39.85047], [32.8585, 39.85042], [32.85847, 39.8504], [32.85843, 39.85046], [32.85829, 39.85042]]]}}, {"type": "Feature", "properties": {}, "geometry": {"type": "Polygon", "coordinates": [[[32.85472, 39.84732], [32.85497, 39.84716], [32.85437, 39.84661], [32.85414, 39.84675], [32.85472, 39.84732]]]}}, {"type": "Feature", "properties": {}, "geometry": {"type": "Polygon", "coordinates": [[[32.85402, 39.84652], [32.85367, 39.84622], [32.85366, 39.84608], [32.85379, 39.84597], [32.85392, 39.84607], [32.85388, 39.8462], [32.85416, 39.84644], [32.85402, 39.84652]]]}}, {"type": "Feature", "properties": {}, "geometry": {"type": "Polygon", "coordinates": [[[32.855, 39.84607], [32.85506, 39.84609], [32.85514, 39.84615], [32.85516, 39.84617], [32.85518, 39.84623], [32.85521, 39.84624], [32.85522, 39.84622], [32.85534, 39.84619], [32.85537, 39.84617], [32.85537, 39.84613], [32.85535, 39.84607], [32.85532, 39.84602], [32.85528, 39.84598], [32.85525, 39.84596], [32.85523, 39.84597], [32.85519, 39.84596], [32.85513, 39.84595], [32.85509, 39.84596], [32.85507, 39.84595], [32.85503, 39.84603], [32.855, 39.84604], [32.855, 39.84607]]]}}, {"type": "Feature", "properties": {}, "geometry": {"type": "Polygon", "coordinates": [[[32.85392, 39.84586], [32.85407, 39.84597], [32.85425, 39.84591], [32.85452, 39.84618], [32.85466, 39.84607], [32.85436, 39.84577], [32.85406, 39.84578], [32.85392, 39.84586]]]}}, {"type": "Feature", "properties": {}, "geometry": {"type": "Polygon", "coordinates": [[[32.85466, 39.8463], [32.85488, 39.84651], [32.85493, 39.84655], [32.85514, 39.84642], [32.85487, 39.84617], [32.85466, 39.8463]]]}}, {"type": "Feature", "properties": {}, "geometry": {"type": "Polygon", "coordinates": [[[32.85494, 39.84661], [32.85543, 39.84709], [32.85559, 39.84701], [32.85511, 39.84651], [32.85494, 39.84661]]]}}, {"type": "Feature", "properties": {}, "geometry": {"type": "Polygon", "coordinates": [[[32.86131, 39.85176], [32.86148, 39.85147], [32.86161, 39.85151], [32.86159, 39.85155], [32.86165, 39.85157], [32.86168, 39.85152], [32.86178, 39.85156], [32.86161, 39.85185], [32.86149, 39.85181], [32.86152, 39.85176], [32.86149, 39.85174], [32.86145, 39.8518], [32.86131, 39.85176]]]}}, {"type": "Feature", "properties": {}, "geometry": {"type": "Polygon", "coordinates": [[[32.857, 39.84799], [32.85721, 39.84804], [32.85728, 39.84784], [32.85707, 39.84779], [32.857, 39.84799]]]}}, {"type": "Feature", "properties": {}, "geometry": {"type": "Polygon", "coordinates": [[[32.8567, 39.8483], [32.85666, 39.8482], [32.85664, 39.8482], [32.85661, 39.84793], [32.85657, 39.84786], [32.85654, 39.84781], [32.85661, 39.84781], [32.85669, 39.8478], [32.85678, 39.84779], [32.8568, 39.84789], [32.85683, 39.84793], [32.85685, 39.84826], [32.8567, 39.8483]]]}}, {"type": "Feature", "properties": {}, "geometry": {"type": "Polygon", "coordinates": [[[32.85686, 39.84732], [32.85697, 39.84743], [32.85688, 39.84747], [32.85692, 39.84755], [32.85692, 39.84762], [32.85691, 39.84767], [32.85688, 39.84773], [32.85682, 39.84778], [32.85678, 39.84779], [32.85669, 39.8478], [32.85661, 39.84781], [32.85654, 39.84781], [32.85648, 39.84781], [32.85627, 39.84761], [32.85626, 39.84752], [32.85626, 39.84744], [32.85628, 39.84738], [32.85632, 39.84734], [32.85641, 39.84731], [32.8565, 39.84731], [32.85659, 39.84732], [32.85675, 39.84738], [32.85686, 39.84732]]]}}, {"type": "Feature", "properties": {}, "geometry": {"type": "Polygon", "coordinates": [[[32.85493, 39.84739], [32.85514, 39.84757], [32.85533, 39.84745], [32.85512, 39.84726], [32.85493, 39.84739]]]}}, {"type": "Feature", "properties": {}, "geometry": {"type": "Polygon", "coordinates": [[[32.85501, 39.8483], [32.85494, 39.84815], [32.85493, 39.84797], [32.85495, 39.84784], [32.85498, 39.8477], [32.85507, 39.8476], [32.85524, 39.84767], [32.85516, 39.8478], [32.85515, 39.84794], [32.85517, 39.84813], [32.85522, 39.84823], [32.85501, 39.8483]]]}}, {"type": "Feature", "properties": {}, "geometry": {"type": "Polygon", "coordinates": [[[32.85525, 39.84854], [32.85538, 39.84862], [32.85566, 39.8487], [32.85584, 39.84872], [32.85596, 39.84872], [32.85599, 39.84873], [32.85598, 39.84867], [32.85598, 39.84855], [32.85581, 39.84855], [32.85574, 39.84855], [32.85565, 39.84853], [32.85555, 39.8485], [32.85539, 39.84843], [32.85525, 39.84854]]]}}, {"type": "Feature", "properties": {}, "geometry": {"type": "Polygon", "coordinates": [[[32.85916, 39.8493], [32.85938, 39.84916], [32.85917, 39.84895], [32.85894, 39.84909], [32.85916, 39.8493]]]}}, {"type": "Feature", "properties": {}, "geometry": {"type": "Polygon", "coordinates": [[[32.85889, 39.84902], [32.85911, 39.84889], [32.85891, 39.84869], [32.85869, 39.84883], [32.85889, 39.84902]]]}}, {"type": "Feature", "properties": {}, "geometry": {"type": "Polygon", "coordinates": [[[32.85858, 39.84877], [32.85876, 39.84861], [32.85847, 39.84845], [32.85829, 39.84861], [32.85858, 39.84877]]]}}, {"type": "Feature", "properties": {}, "geometry": {"type": "Polygon", "coordinates": [[[32.85812, 39.84838], [32.85838, 39.84835], [32.85833, 39.84808], [32.85808, 39.84811], [32.85812, 39.84838]]]}}, {"type": "Feature", "properties": {}, "geometry": {"type": "Polygon", "coordinates": [[[32.85803, 39.84806], [32.85826, 39.84793], [32.85806, 39.84772], [32.85783, 39.84785], [32.85803, 39.84806]]]}}, {"type": "Feature", "properties": {}, "geometry": {"type": "Polygon", "coordinates": [[[32.85696, 39.84942], [32.85715, 39.84931], [32.857, 39.84916], [32.85681, 39.84927], [32.85696, 39.84942]]]}}, {"type": "Feature", "properties": {}, "geometry": {"type": "Polygon", "coordinates": [[[32.85675, 39.84923], [32.85694, 39.84912], [32.85679, 39.84897], [32.8566, 39.84908], [32.85675, 39.84923]]]}}, {"type": "Feature", "properties": {}, "geometry": {"type": "Polygon", "coordinates": [[[32.85656, 39.84906], [32.85676, 39.84895], [32.85661, 39.8488], [32.85642, 39.84891], [32.85656, 39.84906]]]}}, {"type": "Feature", "properties": {}, "geometry": {"type": "Polygon", "coordinates": [[[32.86174, 39.853], [32.86191, 39.85271], [32.86204, 39.85276], [32.86202, 39.8528], [32.86208, 39.85282], [32.86211, 39.85277], [32.86221, 39.8528], [32.86203, 39.8531], [32.86192, 39.85306], [32.86195, 39.853], [32.86191, 39.85299], [32.86188, 39.85305], [32.86174, 39.853]]]}}, {"type": "Feature", "properties": {}, "geometry": {"type": "Polygon", "coordinates": [[[32.83864, 39.84991], [32.83885, 39.84989], [32.83882, 39.84973], [32.83861, 39.84975], [32.83864, 39.84991]]]}}, {"type": "Feature", "properties": {}, "geometry": {"type": "Polygon", "coordinates": [[[32.83833, 39.84994], [32.83854, 39.84992], [32.83851, 39.84976], [32.8383, 39.84979], [32.83833, 39.84994]]]}}, {"type": "Feature", "properties": {}, "geometry": {"type": "Polygon", "coordinates": [[[32.83799, 39.84998], [32.83821, 39.84996], [32.83818, 39.84981], [32.83796, 39.84983], [32.83799, 39.84998]]]}}, {"type": "Feature", "properties": {}, "geometry": {"type": "Polygon", "coordinates": [[[32.83769, 39.85026], [32.83788, 39.85024], [32.83785, 39.85006], [32.83766, 39.85007], [32.83769, 39.85026]]]}}, {"type": "Feature", "properties": {}, "geometry": {"type": "Polygon", "coordinates": [[[32.83772, 39.85051], [32.8379, 39.85049], [32.83787, 39.85031], [32.83769, 39.85032], [32.83772, 39.85051]]]}}, {"type": "Feature", "properties": {}, "geometry": {"type": "Polygon", "coordinates": [[[32.83828, 39.85099], [32.83837, 39.85088], [32.83818, 39.85079], [32.83809, 39.8509], [32.83828, 39.85099]]]}}, {"type": "Feature", "properties": {}, "geometry": {"type": "Polygon", "coordinates": [[[32.83801, 39.85089], [32.8381, 39.85077], [32.83792, 39.85069], [32.83782, 39.85081], [32.83801, 39.85089]]]}}, {"type": "Feature", "properties": {}, "geometry": {"type": "Polygon", "coordinates": [[[32.84192, 39.84892], [32.84202, 39.84882], [32.84114, 39.84836], [32.84104, 39.84847], [32.84192, 39.84892]]]}}, {"type": "Feature", "properties": {}, "geometry": {"type": "Polygon", "coordinates": [[[32.84165, 39.84905], [32.84174, 39.84895], [32.84108, 39.84861], [32.84099, 39.8487], [32.84165, 39.84905]]]}}, {"type": "Feature", "properties": {}, "geometry": {"type": "Polygon", "coordinates": [[[32.84166, 39.84932], [32.84178, 39.84926], [32.84168, 39.84913], [32.84155, 39.84918], [32.84166, 39.84932]]]}}, {"type": "Feature", "properties": {}, "geometry": {"type": "Polygon", "coordinates": [[[32.84153, 39.8495], [32.84166, 39.84944], [32.84155, 39.84931], [32.84143, 39.84936], [32.84153, 39.8495]]]}}, {"type": "Feature", "properties": {}, "geometry": {"type": "Polygon", "coordinates": [[[32.84141, 39.8497], [32.84154, 39.84964], [32.84143, 39.84951], [32.84131, 39.84956], [32.84141, 39.8497]]]}}, {"type": "Feature", "properties": {}, "geometry": {"type": "Polygon", "coordinates": [[[32.84128, 39.84988], [32.8414, 39.84982], [32.8413, 39.84969], [32.84118, 39.84975], [32.84128, 39.84988]]]}}, {"type": "Feature", "properties": {}, "geometry": {"type": "Polygon", "coordinates": [[[32.84101, 39.84904], [32.84118, 39.84896], [32.84109, 39.84885], [32.84092, 39.84893], [32.84101, 39.84904]]]}}, {"type": "Feature", "properties": {}, "geometry": {"type": "Polygon", "coordinates": [[[32.84096, 39.84925], [32.84112, 39.84917], [32.84104, 39.84906], [32.84087, 39.84914], [32.84096, 39.84925]]]}}, {"type": "Feature", "properties": {}, "geometry": {"type": "Polygon", "coordinates": [[[32.84091, 39.84945], [32.84108, 39.84938], [32.841, 39.84927], [32.84083, 39.84935], [32.84091, 39.84945]]]}}, {"type": "Feature", "properties": {}, "geometry": {"type": "Polygon", "coordinates": [[[32.84088, 39.84965], [32.84104, 39.84958], [32.84096, 39.84947], [32.84079, 39.84955], [32.84088, 39.84965]]]}}, {"type": "Feature", "properties": {}, "geometry": {"type": "Polygon", "coordinates": [[[32.84082, 39.84986], [32.84099, 39.84979], [32.8409, 39.84968], [32.84074, 39.84976], [32.84082, 39.84986]]]}}, {"type": "Feature", "properties": {}, "geometry": {"type": "Polygon", "coordinates": [[[32.83495, 39.85196], [32.83524, 39.85169], [32.83504, 39.85156], [32.83475, 39.85184], [32.83495, 39.85196]]]}}, {"type": "Feature", "properties": {}, "geometry": {"type": "Polygon", "coordinates": [[[32.83465, 39.85181], [32.83445, 39.85168], [32.83446, 39.85144], [32.83457, 39.85133], [32.83491, 39.85157], [32.83465, 39.85181]]]}}, {"type": "Feature", "properties": {}, "geometry": {"type": "Polygon", "coordinates": [[[32.83445, 39.85213], [32.83487, 39.85213], [32.83487, 39.852], [32.83445, 39.852], [32.83445, 39.85213]]]}}, {"type": "Feature", "properties": {}, "geometry": {"type": "Polygon", "coordinates": [[[32.82991, 39.84893], [32.83001, 39.84902], [32.83011, 39.84902], [32.83012, 39.84868], [32.82992, 39.84868], [32.82991, 39.84893]]]}}, {"type": "Feature", "properties": {}, "geometry": {"type": "Polygon", "coordinates": [[[32.82851, 39.84842], [32.82867, 39.84828], [32.82849, 39.84816], [32.82833, 39.8483], [32.82838, 39.84833], [32.82836, 39.84834], [32.82844, 39.8484], [32.82846, 39.84839], [32.82851, 39.84842]]]}}, {"type": "Feature", "properties": {}, "geometry": {"type": "Polygon", "coordinates": [[[32.84638, 39.85603], [32.84657, 39.85572], [32.84641, 39.85566], [32.84622, 39.85597], [32.84638, 39.85603]]]}}, {"type": "Feature", "properties": {}, "geometry": {"type": "Polygon", "coordinates": [[[32.84583, 39.85109], [32.84606, 39.85119], [32.84599, 39.85128], [32.84576, 39.85118], [32.84583, 39.85109]]]}}, {"type": "Feature", "properties": {}, "geometry": {"type": "Polygon", "coordinates": [[[32.85097, 39.85974], [32.851, 39.85973], [32.851, 39.85971], [32.85102, 39.85971], [32.85102, 39.85972], [32.85135, 39.85964], [32.85133, 39.8596], [32.8513, 39.85953], [32.85127, 39.85945], [32.85089, 39.85954], [32.85092, 39.85962], [32.85094, 39.85961], [32.85096, 39.85965], [32.85093, 39.85965], [32.85097, 39.85974]]]}}, {"type": "Feature", "properties": {}, "geometry": {"type": "Polygon", "coordinates": [[[32.82118, 39.85024], [32.82122, 39.85023], [32.82121, 39.85021], [32.8213, 39.85018], [32.82131, 39.8502], [32.82133, 39.85019], [32.82132, 39.85017], [32.8214, 39.85014], [32.82141, 39.85017], [32.82145, 39.85015], [32.82153, 39.8503], [32.82149, 39.85032], [32.82151, 39.85034], [32.82144, 39.85036], [32.82143, 39.85035], [32.82139, 39.85036], [32.82141, 39.85039], [32.82133, 39.85042], [32.82131, 39.85039], [32.82127, 39.8504], [32.82118, 39.85024]]]}}, {"type": "Feature", "properties": {}, "geometry": {"type": "Polygon", "coordinates": [[[32.85598, 39.84867], [32.85624, 39.84864], [32.85641, 39.8488], [32.85655, 39.84872], [32.8563, 39.84849], [32.85598, 39.84855], [32.85598, 39.84867]]]}}, {"type": "Feature", "properties": {}, "geometry": {"type": "Polygon", "coordinates": [[[32.85887, 39.84976], [32.85926, 39.84972], [32.85923, 39.84955], [32.85884, 39.84959], [32.85887, 39.84976]]]}}, {"type": "Feature", "properties": {}, "geometry": {"type": "Polygon", "coordinates": [[[32.85962, 39.84952], [32.85975, 39.84935], [32.85944, 39.84921], [32.85932, 39.84938], [32.85962, 39.84952]]]}}, {"type": "Feature", "properties": {}, "geometry": {"type": "Polygon", "coordinates": [[[32.84255, 39.85058], [32.84264, 39.85045], [32.84242, 39.85036], [32.84233, 39.85048], [32.84255, 39.85058]]]}}, {"type": "Feature", "properties": {}, "geometry": {"type": "Polygon", "coordinates": [[[32.85649, 39.85034], [32.85657, 39.85024], [32.85634, 39.85013], [32.85626, 39.85024], [32.85649, 39.85034]]]}}, {"type": "Feature", "properties": {}, "geometry": {"type": "Polygon", "coordinates": [[[32.85517, 39.84727], [32.85537, 39.84714], [32.85531, 39.84708], [32.85511, 39.84721], [32.85517, 39.84727]]]}}, {"type": "Feature", "properties": {}, "geometry": {"type": "Polygon", "coordinates": [[[32.85271, 39.87162], [32.85288, 39.87166], [32.8528, 39.87183], [32.85263, 39.87178], [32.85271, 39.87162]]]}}, {"type": "Feature", "properties": {}, "geometry": {"type": "Polygon", "coordinates": [[[32.82344, 39.86467], [32.82323, 39.8646], [32.82333, 39.86443], [32.82354, 39.8645], [32.82344, 39.86467]]]}}, {"type": "Feature", "properties": {}, "geometry": {"type": "Polygon", "coordinates": [[[32.8237, 39.86472], [32.82366, 39.8647], [32.82365, 39.86473], [32.82352, 39.86469], [32.82361, 39.86452], [32.82378, 39.86457], [32.8237, 39.86472]]]}}, {"type": "Feature", "properties": {}, "geometry": {"type": "Polygon", "coordinates": [[[32.85684, 39.86361], [32.85688, 39.86352], [32.857, 39.86357], [32.85695, 39.86366], [32.85684, 39.86361]]]}}, {"type": "Feature", "properties": {}, "geometry": {"type": "Polygon", "coordinates": [[[32.84719, 39.8541], [32.84742, 39.85409], [32.84748, 39.85379], [32.84749, 39.85375], [32.84724, 39.85376], [32.84723, 39.85377], [32.84722, 39.85377], [32.84722, 39.85378], [32.84721, 39.85379], [32.84719, 39.8541]]]}}, {"type": "Feature", "properties": {}, "geometry": {"type": "Polygon", "coordinates": [[[32.8546, 39.86416], [32.85475, 39.86403], [32.85499, 39.86418], [32.85484, 39.86432], [32.8546, 39.86416]]]}}, {"type": "Feature", "properties": {}, "geometry": {"type": "Polygon", "coordinates": [[[32.85366, 39.84696], [32.85375, 39.84691], [32.85354, 39.8467], [32.85345, 39.84676], [32.85366, 39.84696]]]}}, {"type": "Feature", "properties": {}, "geometry": {"type": "Polygon", "coordinates": [[[32.85333, 39.84718], [32.85341, 39.84725], [32.85366, 39.84707], [32.85359, 39.847], [32.85333, 39.84718]]]}}, {"type": "Feature", "properties": {}, "geometry": {"type": "Polygon", "coordinates": [[[32.85423, 39.84731], [32.85433, 39.84726], [32.85419, 39.84711], [32.85409, 39.84716], [32.85423, 39.84731]]]}}, {"type": "Feature", "properties": {}, "geometry": {"type": "Polygon", "coordinates": [[[32.85398, 39.84726], [32.85406, 39.84721], [32.85382, 39.84698], [32.85374, 39.84703], [32.85398, 39.84726]]]}}, {"type": "Feature", "properties": {}, "geometry": {"type": "Polygon", "coordinates": [[[32.85445, 39.86008], [32.85457, 39.86016], [32.85439, 39.86031], [32.85427, 39.86022], [32.85445, 39.86008]]]}}, {"type": "Feature", "properties": {}, "geometry": {"type": "Polygon", "coordinates": [[[32.85641, 39.86739], [32.85636, 39.86726], [32.85664, 39.8672], [32.85668, 39.86733], [32.85641, 39.86739]]]}}, {"type": "Feature", "properties": {}, "geometry": {"type": "Polygon", "coordinates": [[[32.85602, 39.86676], [32.85592, 39.86657], [32.85584, 39.86655], [32.8556, 39.86662], [32.85572, 39.86685], [32.85602, 39.86676]]]}}, {"type": "Feature", "properties": {}, "geometry": {"type": "Polygon", "coordinates": [[[32.85554, 39.86633], [32.85541, 39.86613], [32.85549, 39.8661], [32.8555, 39.86611], [32.85554, 39.8661], [32.85556, 39.86613], [32.85558, 39.86612], [32.85564, 39.86623], [32.85563, 39.86624], [32.85564, 39.86626], [32.85561, 39.86628], [32.85562, 39.8663], [32.85554, 39.86633]]]}}, {"type": "Feature", "properties": {}, "geometry": {"type": "Polygon", "coordinates": [[[32.85465, 39.86612], [32.85445, 39.86599], [32.85432, 39.86611], [32.85452, 39.86624], [32.85465, 39.86612]]]}}, {"type": "Feature", "properties": {}, "geometry": {"type": "Polygon", "coordinates": [[[32.85486, 39.86582], [32.85505, 39.8657], [32.85517, 39.8658], [32.85498, 39.86593], [32.85486, 39.86582]]]}}, {"type": "Feature", "properties": {}, "geometry": {"type": "Polygon", "coordinates": [[[32.85531, 39.86735], [32.85537, 39.86725], [32.85527, 39.86722], [32.85522, 39.86732], [32.85531, 39.86735]]]}}, {"type": "Feature", "properties": {}, "geometry": {"type": "Polygon", "coordinates": [[[32.85318, 39.86679], [32.85326, 39.86672], [32.85335, 39.86677], [32.85327, 39.86685], [32.85318, 39.86679]]]}}, {"type": "Feature", "properties": {}, "geometry": {"type": "Polygon", "coordinates": [[[32.85342, 39.86674], [32.85337, 39.86669], [32.85349, 39.86663], [32.85355, 39.86669], [32.8535, 39.86672], [32.85349, 39.8667], [32.85342, 39.86674]]]}}, {"type": "Feature", "properties": {}, "geometry": {"type": "Polygon", "coordinates": [[[32.85358, 39.86666], [32.85354, 39.86657], [32.85366, 39.86654], [32.85371, 39.86663], [32.85358, 39.86666]]]}}, {"type": "Feature", "properties": {}, "geometry": {"type": "Polygon", "coordinates": [[[32.85426, 39.86714], [32.85436, 39.86718], [32.85439, 39.86718], [32.85441, 39.86718], [32.85443, 39.86719], [32.85442, 39.8672], [32.85443, 39.86723], [32.85444, 39.86724], [32.85441, 39.86729], [32.85439, 39.86729], [32.85434, 39.86735], [32.85436, 39.86736], [32.85432, 39.86741], [32.85431, 39.86741], [32.8543, 39.86742], [32.85428, 39.86743], [32.85425, 39.86743], [32.85423, 39.86742], [32.85422, 39.86741], [32.85422, 39.8674], [32.85414, 39.86737], [32.85416, 39.86735], [32.85413, 39.86734], [32.85426, 39.86714]]]}}, {"type": "Feature", "properties": {}, "geometry": {"type": "Polygon", "coordinates": [[[32.85052, 39.86897], [32.85057, 39.86889], [32.85063, 39.86892], [32.85065, 39.86889], [32.85074, 39.86893], [32.85075, 39.8689], [32.85085, 39.86894], [32.85073, 39.86912], [32.85065, 39.8691], [32.85067, 39.86908], [32.85063, 39.86907], [32.85065, 39.86905], [32.85057, 39.86902], [32.85058, 39.869], [32.85052, 39.86897]]]}}, {"type": "Feature", "properties": {}, "geometry": {"type": "Polygon", "coordinates": [[[32.85105, 39.86853], [32.85108, 39.86848], [32.85081, 39.86837], [32.85078, 39.86842], [32.85105, 39.86853]]]}}, {"type": "Feature", "properties": {}, "geometry": {"type": "Polygon", "coordinates": [[[32.85167, 39.87102], [32.85169, 39.87085], [32.85117, 39.87083], [32.85116, 39.871], [32.85167, 39.87102]]]}}, {"type": "Feature", "properties": {}, "geometry": {"type": "Polygon", "coordinates": [[[32.85113, 39.87109], [32.85109, 39.87093], [32.85068, 39.87099], [32.85071, 39.87115], [32.85113, 39.87109]]]}}, {"type": "Feature", "properties": {}, "geometry": {"type": "Polygon", "coordinates": [[[32.85465, 39.86824], [32.85475, 39.86819], [32.85468, 39.8681], [32.85458, 39.86815], [32.85465, 39.86824]]]}}, {"type": "Feature", "properties": {}, "geometry": {"type": "Polygon", "coordinates": [[[32.85474, 39.86835], [32.85484, 39.8683], [32.85477, 39.86821], [32.85467, 39.86826], [32.85474, 39.86835]]]}}, {"type": "Feature", "properties": {}, "geometry": {"type": "Polygon", "coordinates": [[[32.85361, 39.86874], [32.85373, 39.86875], [32.85376, 39.86885], [32.85378, 39.86895], [32.85368, 39.86902], [32.85363, 39.86896], [32.85361, 39.86889], [32.8536, 39.86881], [32.85361, 39.86874]]]}}, {"type": "Feature", "properties": {}, "geometry": {"type": "Polygon", "coordinates": [[[32.85377, 39.86977], [32.85388, 39.86984], [32.85383, 39.86988], [32.85385, 39.8699], [32.85376, 39.86999], [32.85363, 39.86992], [32.85377, 39.86977]]]}}, {"type": "Feature", "properties": {}, "geometry": {"type": "Polygon", "coordinates": [[[32.85434, 39.87073], [32.85442, 39.87055], [32.85424, 39.8705], [32.85416, 39.87068], [32.85434, 39.87073]]]}}, {"type": "Feature", "properties": {}, "geometry": {"type": "Polygon", "coordinates": [[[32.85272, 39.87148], [32.85282, 39.87127], [32.8526, 39.87121], [32.85251, 39.87138], [32.85252, 39.87142], [32.85272, 39.87148]]]}}, {"type": "Feature", "properties": {}, "geometry": {"type": "Polygon", "coordinates": [[[32.85345, 39.87201], [32.85347, 39.87177], [32.85334, 39.87176], [32.85333, 39.87189], [32.8532, 39.87188], [32.8532, 39.87192], [32.85318, 39.87192], [32.85317, 39.872], [32.85345, 39.87201]]]}}, {"type": "Feature", "properties": {}, "geometry": {"type": "Polygon", "coordinates": [[[32.85259, 39.87168], [32.85259, 39.87154], [32.85254, 39.87148], [32.85246, 39.87148], [32.8524, 39.87154], [32.85239, 39.87161], [32.85242, 39.87168], [32.85247, 39.87174], [32.85257, 39.87173], [32.85259, 39.87168]]]}}, {"type": "Feature", "properties": {}, "geometry": {"type": "Polygon", "coordinates": [[[32.8553, 39.8709], [32.85497, 39.87083], [32.85492, 39.87084], [32.85487, 39.87094], [32.85493, 39.871], [32.85491, 39.87103], [32.85495, 39.87109], [32.85494, 39.8711], [32.85496, 39.87113], [32.85506, 39.87114], [32.85528, 39.87103], [32.8553, 39.8709]]]}}, {"type": "Feature", "properties": {}, "geometry": {"type": "Polygon", "coordinates": [[[32.85244, 39.87231], [32.85244, 39.87249], [32.85246, 39.87251], [32.8525, 39.87252], [32.85271, 39.87252], [32.85271, 39.8724], [32.8526, 39.8724], [32.8526, 39.8723], [32.85244, 39.87231]]]}}, {"type": "Feature", "properties": {}, "geometry": {"type": "Polygon", "coordinates": [[[32.85278, 39.87252], [32.85303, 39.87252], [32.85303, 39.87234], [32.85281, 39.87234], [32.85281, 39.87245], [32.85278, 39.87245], [32.85278, 39.87252]]]}}, {"type": "Feature", "properties": {}, "geometry": {"type": "Polygon", "coordinates": [[[32.85321, 39.87251], [32.85346, 39.87251], [32.8535, 39.87249], [32.8535, 39.87238], [32.85317, 39.87238], [32.85318, 39.87249], [32.85321, 39.87251]]]}}, {"type": "Feature", "properties": {}, "geometry": {"type": "Polygon", "coordinates": [[[32.85347, 39.87234], [32.85347, 39.8722], [32.85336, 39.8722], [32.85336, 39.87218], [32.85329, 39.87218], [32.85329, 39.87216], [32.85317, 39.87216], [32.85317, 39.87234], [32.85347, 39.87234]]]}}, {"type": "Feature", "properties": {}, "geometry": {"type": "Polygon", "coordinates": [[[32.85302, 39.87224], [32.85301, 39.87209], [32.85271, 39.87209], [32.85272, 39.87225], [32.85302, 39.87224]]]}}, {"type": "Feature", "properties": {}, "geometry": {"type": "Polygon", "coordinates": [[[32.85264, 39.87218], [32.85264, 39.872], [32.85257, 39.87196], [32.85248, 39.87196], [32.85245, 39.87194], [32.85243, 39.87194], [32.85243, 39.87202], [32.85245, 39.87203], [32.85246, 39.87216], [32.85244, 39.87218], [32.85244, 39.87221], [32.85246, 39.87222], [32.85245, 39.87223], [32.85245, 39.87225], [32.85247, 39.87226], [32.85249, 39.87226], [32.8525, 39.87224], [32.85256, 39.87224], [32.85256, 39.87223], [32.85263, 39.87223], [32.85265, 39.87222], [32.85266, 39.87221], [32.85266, 39.87219], [32.85264, 39.87218]]]}}, {"type": "Feature", "properties": {}, "geometry": {"type": "Polygon", "coordinates": [[[32.85608, 39.87023], [32.85609, 39.87009], [32.85584, 39.87008], [32.85583, 39.87022], [32.85608, 39.87023]]]}}, {"type": "Feature", "properties": {}, "geometry": {"type": "Polygon", "coordinates": [[[32.85268, 39.87311], [32.85266, 39.87279], [32.85249, 39.8728], [32.85249, 39.87282], [32.85247, 39.87282], [32.85248, 39.87286], [32.85246, 39.87286], [32.85248, 39.87306], [32.85251, 39.87309], [32.85251, 39.87312], [32.85268, 39.87311]]]}}, {"type": "Feature", "properties": {}, "geometry": {"type": "Polygon", "coordinates": [[[32.85189, 39.86513], [32.85212, 39.8653], [32.85228, 39.86518], [32.8522, 39.86512], [32.85222, 39.86511], [32.85222, 39.86511], [32.85235, 39.86501], [32.85227, 39.86495], [32.85224, 39.86497], [32.85217, 39.86491], [32.85189, 39.86513]]]}}, {"type": "Feature", "properties": {}, "geometry": {"type": "Polygon", "coordinates": [[[32.84821, 39.85873], [32.8485, 39.85873], [32.8485, 39.85907], [32.84822, 39.85907], [32.84821, 39.85873]]]}}, {"type": "Feature", "properties": {}, "geometry": {"type": "Polygon", "coordinates": [[[32.84988, 39.8597], [32.8498, 39.85948], [32.84998, 39.85955], [32.84988, 39.8597]]]}}, {"type": "Feature", "properties": {}, "geometry": {"type": "Polygon", "coordinates": [[[32.85028, 39.85999], [32.85041, 39.85983], [32.85019, 39.85973], [32.85028, 39.85999]]]}}, {"type": "Feature", "properties": {}, "geometry": {"type": "Polygon", "coordinates": [[[32.85036, 39.86006], [32.85026, 39.86002], [32.85028, 39.85999], [32.85041, 39.85983], [32.85019, 39.85973], [32.85017, 39.85973], [32.85014, 39.85971], [32.85019, 39.85965], [32.85015, 39.85963], [32.85017, 39.8596], [32.85023, 39.85963], [32.85025, 39.8596], [32.85039, 39.85966], [32.85037, 39.85969], [32.85049, 39.85974], [32.85051, 39.85971], [32.85057, 39.85973], [32.85053, 39.85978], [32.8506, 39.85981], [32.85056, 39.85987], [32.85053, 39.85985], [32.85047, 39.85993], [32.85051, 39.85995], [32.85043, 39.86005], [32.85041, 39.86004], [32.85037, 39.86009], [32.85034, 39.86008], [32.85036, 39.86006]]]}}, {"type": "Feature", "properties": {}, "geometry": {"type": "Polygon", "coordinates": [[[32.84996, 39.85976], [32.84986, 39.85972], [32.84988, 39.8597], [32.84998, 39.85955], [32.8498, 39.85948], [32.84978, 39.85948], [32.84976, 39.85947], [32.84981, 39.8594], [32.84978, 39.85939], [32.8498, 39.85936], [32.84985, 39.85938], [32.84987, 39.85935], [32.84999, 39.8594], [32.84997, 39.85943], [32.85006, 39.85947], [32.85008, 39.85944], [32.85014, 39.85947], [32.85011, 39.85951], [32.85017, 39.85954], [32.85013, 39.85959], [32.85011, 39.85959], [32.85007, 39.85965], [32.8501, 39.85966], [32.85006, 39.8597], [32.85006, 39.8597], [32.85005, 39.85972], [32.85008, 39.85973], [32.85004, 39.85978], [32.84999, 39.85976], [32.84997, 39.85979], [32.84994, 39.85978], [32.84996, 39.85976]]]}}, {"type": "Feature", "properties": {}, "geometry": {"type": "Polygon", "coordinates": [[[32.84953, 39.85878], [32.84955, 39.85876], [32.84961, 39.85878], [32.84962, 39.85876], [32.84973, 39.8588], [32.84971, 39.85883], [32.84981, 39.85886], [32.84983, 39.85883], [32.84988, 39.85885], [32.84984, 39.8589], [32.84991, 39.85893], [32.84987, 39.85898], [32.84982, 39.85896], [32.8498, 39.85898], [32.84983, 39.85899], [32.8498, 39.85903], [32.84985, 39.85904], [32.84978, 39.85914], [32.84975, 39.85913], [32.84973, 39.85916], [32.8497, 39.85914], [32.8497, 39.85914], [32.84962, 39.8591], [32.84963, 39.85909], [32.84973, 39.85894], [32.84955, 39.85886], [32.84954, 39.85887], [32.84951, 39.85886], [32.84954, 39.85882], [32.84956, 39.85879], [32.84953, 39.85878]]]}}, {"type": "Feature", "properties": {}, "geometry": {"type": "Polygon", "coordinates": [[[32.84963, 39.85909], [32.84973, 39.85894], [32.84955, 39.85886], [32.84954, 39.85887], [32.84963, 39.85909]]]}}, {"type": "Feature", "properties": {}, "geometry": {"type": "Polygon", "coordinates": [[[32.8495, 39.85946], [32.84961, 39.85931], [32.84942, 39.85923], [32.84941, 39.85924], [32.8495, 39.85946]]]}}, {"type": "Feature", "properties": {}, "geometry": {"type": "Polygon", "coordinates": [[[32.8494, 39.85915], [32.84942, 39.85913], [32.84948, 39.85915], [32.8495, 39.85913], [32.84961, 39.85917], [32.84959, 39.85919], [32.84968, 39.85923], [32.8497, 39.8592], [32.84975, 39.85922], [32.84972, 39.85927], [32.84979, 39.8593], [32.84975, 39.85935], [32.84969, 39.85933], [32.84968, 39.85935], [32.84971, 39.85936], [32.84968, 39.8594], [32.84972, 39.85941], [32.84965, 39.85951], [32.84962, 39.85949], [32.8496, 39.85952], [32.84957, 39.85951], [32.84958, 39.8595], [32.8495, 39.85947], [32.8495, 39.85946], [32.84961, 39.85931], [32.84942, 39.85923], [32.84941, 39.85924], [32.84938, 39.85923], [32.84941, 39.85919], [32.84943, 39.85916], [32.8494, 39.85915]]]}}, {"type": "Feature", "properties": {}, "geometry": {"type": "Polygon", "coordinates": [[[32.85111, 39.86063], [32.85081, 39.86069], [32.8507, 39.86041], [32.85099, 39.86035], [32.85101, 39.86035], [32.85111, 39.86063]]]}}, {"type": "Feature", "properties": {}, "geometry": {"type": "Polygon", "coordinates": [[[32.85099, 39.86035], [32.8507, 39.86041], [32.85068, 39.86045], [32.85062, 39.86046], [32.85061, 39.86041], [32.85066, 39.86034], [32.85065, 39.86031], [32.85075, 39.86029], [32.85075, 39.86031], [32.8508, 39.8603], [32.85078, 39.86025], [32.85081, 39.86024], [32.85088, 39.86027], [32.85093, 39.86027], [32.85095, 39.86033], [32.85097, 39.86032], [32.85099, 39.86035]]]}}, {"type": "Feature", "properties": {}, "geometry": {"type": "Polygon", "coordinates": [[[32.8529, 39.86048], [32.85286, 39.8604], [32.85295, 39.86038], [32.853, 39.86037], [32.85301, 39.86041], [32.85303, 39.86045], [32.8529, 39.86049], [32.8529, 39.86048]]]}}, {"type": "Feature", "properties": {}, "geometry": {"type": "Polygon", "coordinates": [[[32.85278, 39.86043], [32.85279, 39.86046], [32.8528, 39.86046], [32.85282, 39.8605], [32.8529, 39.86048], [32.85286, 39.8604], [32.85278, 39.86043]]]}}, {"type": "Feature", "properties": {}, "geometry": {"type": "Polygon", "coordinates": [[[32.85157, 39.85997], [32.85167, 39.86001], [32.85168, 39.86005], [32.85159, 39.86007], [32.85156, 39.85999], [32.85157, 39.85997]]]}}, {"type": "Feature", "properties": {}, "geometry": {"type": "Polygon", "coordinates": [[[32.85222, 39.8598], [32.85224, 39.85983], [32.85227, 39.85991], [32.85225, 39.85991], [32.85221, 39.85994], [32.85213, 39.85996], [32.85215, 39.85993], [32.85212, 39.85986], [32.85219, 39.85977], [32.8522, 39.85981], [32.85222, 39.8598]]]}}, {"type": "Feature", "properties": {}, "geometry": {"type": "Polygon", "coordinates": [[[32.85251, 39.86052], [32.85242, 39.86031], [32.8527, 39.86024], [32.85278, 39.86043], [32.85279, 39.86046], [32.85251, 39.86053], [32.85251, 39.86052]]]}}, {"type": "Feature", "properties": {}, "geometry": {"type": "Polygon", "coordinates": [[[32.8521, 39.85997], [32.85234, 39.86054], [32.85234, 39.86056], [32.85251, 39.86052], [32.85242, 39.86031], [32.8527, 39.86024], [32.8526, 39.86001], [32.85267, 39.85999], [32.85259, 39.8598], [32.85242, 39.85984], [32.85243, 39.85987], [32.85227, 39.85991], [32.85225, 39.85991], [32.85221, 39.85994], [32.85213, 39.85996], [32.8521, 39.85997]]]}}, {"type": "Feature", "properties": {}, "geometry": {"type": "Polygon", "coordinates": [[[32.85221, 39.86057], [32.85197, 39.86], [32.8521, 39.85997], [32.85234, 39.86054], [32.85221, 39.86057]]]}}, {"type": "Feature", "properties": {}, "geometry": {"type": "Polygon", "coordinates": [[[32.85164, 39.8599], [32.85161, 39.85989], [32.85155, 39.85997], [32.85157, 39.85997], [32.85167, 39.86001], [32.85168, 39.86005], [32.85171, 39.8601], [32.85176, 39.86012], [32.85191, 39.86009], [32.85192, 39.86006], [32.85193, 39.86005], [32.85193, 39.86004], [32.85195, 39.86001], [32.85197, 39.86], [32.8521, 39.85997], [32.85213, 39.85996], [32.85215, 39.85993], [32.85212, 39.85986], [32.85219, 39.85977], [32.85203, 39.85941], [32.85206, 39.8594], [32.85205, 39.85937], [32.85204, 39.85935], [32.85195, 39.85938], [32.85196, 39.85938], [32.85197, 39.85942], [32.85198, 39.85942], [32.85197, 39.85947], [32.85196, 39.85946], [32.85195, 39.8595], [32.85193, 39.8595], [32.85166, 39.85956], [32.85166, 39.85957], [32.85159, 39.85959], [32.85158, 39.85957], [32.85153, 39.85958], [32.85153, 39.8596], [32.85165, 39.85987], [32.85164, 39.8599]]]}}, {"type": "Feature", "properties": {}, "geometry": {"type": "Polygon", "coordinates": [[[32.8522, 39.85981], [32.85219, 39.85977], [32.85203, 39.85941], [32.85206, 39.8594], [32.85205, 39.85937], [32.85223, 39.85933], [32.85224, 39.85936], [32.85225, 39.85935], [32.85242, 39.85975], [32.8524, 39.85976], [32.85241, 39.85979], [32.85224, 39.85983], [32.85222, 39.8598], [32.8522, 39.85981]]]}}, {"type": "Feature", "properties": {}, "geometry": {"type": "Polygon", "coordinates": [[[32.85198, 39.85942], [32.85197, 39.85947], [32.85196, 39.85946], [32.85195, 39.8595], [32.85193, 39.8595], [32.85166, 39.85956], [32.85166, 39.85957], [32.85159, 39.85959], [32.85158, 39.85957], [32.85154, 39.85948], [32.85152, 39.85943], [32.85153, 39.85939], [32.85188, 39.85931], [32.8519, 39.85936], [32.85194, 39.85935], [32.85195, 39.85938], [32.85196, 39.85938], [32.85197, 39.85942], [32.85198, 39.85942]]]}}, {"type": "Feature", "properties": {}, "geometry": {"type": "Polygon", "coordinates": [[[32.85139, 39.85915], [32.85143, 39.85925], [32.85145, 39.85928], [32.85157, 39.85925], [32.85162, 39.85918], [32.85158, 39.85907], [32.85142, 39.85911], [32.85139, 39.85915]]]}}, {"type": "Feature", "properties": {}, "geometry": {"type": "Polygon", "coordinates": [[[32.85064, 39.85865], [32.85075, 39.85862], [32.85078, 39.85867], [32.85081, 39.85867], [32.85093, 39.85895], [32.85097, 39.85894], [32.85096, 39.85891], [32.85104, 39.85888], [32.85106, 39.85894], [32.85109, 39.85893], [32.85121, 39.85922], [32.85126, 39.85921], [32.85124, 39.85917], [32.85132, 39.85915], [32.85133, 39.85917], [32.85139, 39.85915], [32.85143, 39.85925], [32.8514, 39.85926], [32.85149, 39.85949], [32.85154, 39.85948], [32.85158, 39.85957], [32.85153, 39.85958], [32.85153, 39.8596], [32.85141, 39.85963], [32.85139, 39.85958], [32.85133, 39.8596], [32.8513, 39.85953], [32.85136, 39.85952], [32.85136, 39.85951], [32.85138, 39.8595], [32.85128, 39.85926], [32.85104, 39.85932], [32.85102, 39.85926], [32.8511, 39.85924], [32.85099, 39.85899], [32.85075, 39.85905], [32.85072, 39.85899], [32.85081, 39.85897], [32.85071, 39.85873], [32.85063, 39.85875], [32.85061, 39.85869], [32.85065, 39.85868], [32.85064, 39.85865]]]}}, {"type": "Feature", "properties": {}, "geometry": {"type": "Polygon", "coordinates": [[[32.85026, 39.85889], [32.85065, 39.8588], [32.85063, 39.85875], [32.85061, 39.85869], [32.85065, 39.85868], [32.85064, 39.85865], [32.85061, 39.85858], [32.85023, 39.85867], [32.85024, 39.8587], [32.85019, 39.85871], [32.85021, 39.85877], [32.85024, 39.85876], [32.85025, 39.8588], [32.85023, 39.85881], [32.85026, 39.85889]]]}}, {"type": "Feature", "properties": {}, "geometry": {"type": "Polygon", "coordinates": [[[32.85039, 39.85919], [32.85042, 39.85918], [32.85042, 39.85917], [32.85044, 39.85916], [32.85044, 39.85918], [32.85077, 39.8591], [32.85075, 39.85905], [32.85072, 39.85899], [32.85069, 39.85891], [32.85031, 39.859], [32.85034, 39.85907], [32.85036, 39.85907], [32.85038, 39.8591], [32.85035, 39.85911], [32.85039, 39.85919]]]}}, {"type": "Feature", "properties": {}, "geometry": {"type": "Polygon", "coordinates": [[[32.85068, 39.85946], [32.85071, 39.85945], [32.85071, 39.85944], [32.85073, 39.85943], [32.85073, 39.85945], [32.85106, 39.85937], [32.85104, 39.85932], [32.85102, 39.85926], [32.85098, 39.85917], [32.8506, 39.85927], [32.85063, 39.85934], [32.85065, 39.85933], [32.85067, 39.85937], [32.85064, 39.85938], [32.85068, 39.85946]]]}}, {"type": "Feature", "properties": {}, "geometry": {"type": "Polygon", "coordinates": [[[32.84751, 39.85667], [32.8475, 39.85667], [32.84758, 39.8567], [32.84758, 39.8567], [32.84767, 39.85656], [32.8477, 39.85657], [32.84772, 39.85654], [32.8472, 39.85635], [32.84711, 39.8565], [32.84714, 39.85651], [32.84713, 39.85652], [32.84745, 39.85663], [32.84746, 39.85661], [32.84753, 39.85663], [32.84751, 39.85667]]]}}, {"type": "Feature", "properties": {}, "geometry": {"type": "Polygon", "coordinates": [[[32.84768, 39.85674], [32.84793, 39.85683], [32.8479, 39.85688], [32.84765, 39.85679], [32.84768, 39.85674]]]}}, {"type": "Feature", "properties": {}, "geometry": {"type": "Polygon", "coordinates": [[[32.84766, 39.85673], [32.84758, 39.8567], [32.84767, 39.85656], [32.8477, 39.85657], [32.84772, 39.85654], [32.84776, 39.85648], [32.84812, 39.85661], [32.84797, 39.85684], [32.84793, 39.85683], [32.84768, 39.85674], [32.84766, 39.85673]]]}}, {"type": "Feature", "properties": {}, "geometry": {"type": "Polygon", "coordinates": [[[32.8474, 39.85678], [32.84747, 39.85681], [32.84748, 39.8568], [32.8475, 39.8568], [32.8475, 39.85681], [32.84758, 39.85684], [32.84766, 39.85673], [32.84758, 39.8567], [32.84758, 39.8567], [32.8475, 39.85667], [32.84751, 39.85667], [32.84748, 39.85666], [32.8474, 39.85678]]]}}, {"type": "Feature", "properties": {}, "geometry": {"type": "Polygon", "coordinates": [[[32.84527, 39.85515], [32.84527, 39.85503], [32.84532, 39.855], [32.84555, 39.855], [32.8456, 39.85503], [32.8456, 39.85515], [32.84546, 39.85515], [32.84546, 39.85514], [32.84541, 39.85514], [32.84541, 39.85515], [32.84527, 39.85515]]]}}, {"type": "Feature", "properties": {}, "geometry": {"type": "Polygon", "coordinates": [[[32.84475, 39.85496], [32.84475, 39.85485], [32.84479, 39.85482], [32.84499, 39.85482], [32.84503, 39.85485], [32.84503, 39.85496], [32.84491, 39.85496], [32.84491, 39.85495], [32.84487, 39.85495], [32.84487, 39.85496], [32.84475, 39.85496]]]}}, {"type": "Feature", "properties": {}, "geometry": {"type": "Polygon", "coordinates": [[[32.84425, 39.8548], [32.84424, 39.8547], [32.84428, 39.85467], [32.84448, 39.85466], [32.84452, 39.85469], [32.84453, 39.8548], [32.84441, 39.8548], [32.84441, 39.85479], [32.84437, 39.85479], [32.84437, 39.8548], [32.84425, 39.8548]]]}}, {"type": "Feature", "properties": {}, "geometry": {"type": "Polygon", "coordinates": [[[32.84542, 39.85464], [32.84545, 39.85458], [32.84543, 39.85458], [32.84545, 39.85454], [32.84546, 39.85454], [32.84548, 39.85448], [32.8457, 39.85453], [32.84568, 39.85459], [32.84569, 39.85459], [32.84568, 39.85463], [32.84567, 39.85463], [32.84564, 39.85469], [32.84542, 39.85464]]]}}, {"type": "Feature", "properties": {}, "geometry": {"type": "Polygon", "coordinates": [[[32.8449, 39.85453], [32.84492, 39.85447], [32.84491, 39.85447], [32.84492, 39.85442], [32.84493, 39.85443], [32.84496, 39.85437], [32.84518, 39.85441], [32.84515, 39.85447], [32.84517, 39.85448], [32.84515, 39.85452], [32.84514, 39.85452], [32.84512, 39.85458], [32.8449, 39.85453]]]}}, {"type": "Feature", "properties": {}, "geometry": {"type": "Polygon", "coordinates": [[[32.84432, 39.85441], [32.84434, 39.85435], [32.84432, 39.85435], [32.84434, 39.85431], [32.84435, 39.85431], [32.84437, 39.85425], [32.84459, 39.85429], [32.84457, 39.85435], [32.84458, 39.85436], [32.84457, 39.8544], [32.84456, 39.8544], [32.84454, 39.85446], [32.84432, 39.85441]]]}}, {"type": "Feature", "properties": {}, "geometry": {"type": "Polygon", "coordinates": [[[32.84384, 39.85432], [32.84386, 39.85426], [32.84384, 39.85426], [32.84386, 39.85422], [32.84387, 39.85422], [32.84389, 39.85416], [32.84411, 39.8542], [32.84409, 39.85426], [32.8441, 39.85426], [32.84409, 39.85431], [32.84408, 39.8543], [32.84406, 39.85436], [32.84384, 39.85432]]]}}, {"type": "Feature", "properties": {}, "geometry": {"type": "Polygon", "coordinates": [[[32.84497, 39.85396], [32.84496, 39.854], [32.84469, 39.85397], [32.8447, 39.85393], [32.84468, 39.85392], [32.84469, 39.85389], [32.84471, 39.85389], [32.84471, 39.85385], [32.84498, 39.85388], [32.84497, 39.85392], [32.84501, 39.85393], [32.84502, 39.85389], [32.84528, 39.85392], [32.84528, 39.85396], [32.84529, 39.85396], [32.84528, 39.854], [32.84527, 39.854], [32.84526, 39.85404], [32.84499, 39.85401], [32.845, 39.85396], [32.84497, 39.85396]]]}}, {"type": "Feature", "properties": {}, "geometry": {"type": "Polygon", "coordinates": [[[32.84417, 39.85399], [32.84414, 39.85395], [32.84413, 39.85396], [32.84411, 39.85393], [32.84412, 39.85392], [32.8441, 39.85388], [32.84435, 39.85379], [32.84437, 39.85383], [32.84438, 39.85382], [32.84441, 39.85386], [32.84439, 39.85386], [32.84441, 39.8539], [32.84417, 39.85399]]]}}, {"type": "Feature", "properties": {}, "geometry": {"type": "Polygon", "coordinates": [[[32.84548, 39.85405], [32.84552, 39.85403], [32.84551, 39.85401], [32.84555, 39.85399], [32.84556, 39.85401], [32.84561, 39.85398], [32.84575, 39.85416], [32.84571, 39.85418], [32.84572, 39.85419], [32.84568, 39.85421], [32.84567, 39.8542], [32.84562, 39.85422], [32.84548, 39.85405]]]}}, {"type": "Feature", "properties": {}, "geometry": {"type": "Polygon", "coordinates": [[[32.84638, 39.85603], [32.84622, 39.85597], [32.84604, 39.8559], [32.84588, 39.85617], [32.84605, 39.85623], [32.84607, 39.8562], [32.84622, 39.85625], [32.8462, 39.85628], [32.84628, 39.85631], [32.84644, 39.85605], [32.84638, 39.85603]]]}}, {"type": "Feature", "properties": {}, "geometry": {"type": "Polygon", "coordinates": [[[32.84669, 39.85525], [32.84668, 39.85524], [32.84661, 39.85528], [32.84661, 39.85528], [32.8465, 39.85534], [32.84647, 39.8553], [32.84648, 39.85529], [32.84645, 39.85525], [32.84647, 39.85524], [32.84646, 39.85523], [32.84648, 39.85516], [32.84662, 39.8551], [32.8467, 39.85511], [32.84671, 39.85513], [32.84673, 39.85512], [32.84676, 39.85516], [32.84677, 39.85516], [32.8468, 39.8552], [32.84669, 39.85525]]]}}, {"type": "Feature", "properties": {}, "geometry": {"type": "Polygon", "coordinates": [[[32.84895, 39.85314], [32.84902, 39.85329], [32.84874, 39.85336], [32.84867, 39.85321], [32.84895, 39.85314]]]}}, {"type": "Feature", "properties": {}, "geometry": {"type": "Polygon", "coordinates": [[[32.84739, 39.85268], [32.8474, 39.85275], [32.84713, 39.85277], [32.84712, 39.8527], [32.84739, 39.85268]]]}}, {"type": "Feature", "properties": {}, "geometry": {"type": "Polygon", "coordinates": [[[32.84734, 39.85357], [32.84733, 39.85349], [32.84734, 39.85349], [32.84732, 39.8534], [32.84731, 39.8534], [32.8473, 39.85331], [32.84758, 39.85328], [32.8476, 39.85337], [32.84759, 39.85337], [32.8476, 39.85346], [32.84761, 39.85346], [32.84763, 39.85354], [32.84734, 39.85357]]]}}, {"type": "Feature", "properties": {}, "geometry": {"type": "Polygon", "coordinates": [[[32.84727, 39.85321], [32.84725, 39.85313], [32.84726, 39.85313], [32.84725, 39.85304], [32.84724, 39.85304], [32.84722, 39.85295], [32.84751, 39.85293], [32.84752, 39.85301], [32.84751, 39.85302], [32.84753, 39.85311], [32.84754, 39.8531], [32.84755, 39.85319], [32.84727, 39.85321]]]}}, {"type": "Feature", "properties": {}, "geometry": {"type": "Polygon", "coordinates": [[[32.84764, 39.85426], [32.84775, 39.85426], [32.84774, 39.85425], [32.84779, 39.85425], [32.84778, 39.85414], [32.84771, 39.85415], [32.84771, 39.85413], [32.84766, 39.85413], [32.84766, 39.85415], [32.84765, 39.85415], [32.84765, 39.85416], [32.84761, 39.85416], [32.84761, 39.85428], [32.84764, 39.85428], [32.84764, 39.85426]]]}}, {"type": "Feature", "properties": {}, "geometry": {"type": "Polygon", "coordinates": [[[32.84779, 39.85435], [32.84775, 39.85436], [32.84775, 39.85437], [32.84769, 39.85438], [32.84769, 39.85437], [32.84762, 39.85437], [32.84761, 39.85428], [32.84764, 39.85428], [32.84764, 39.85426], [32.84775, 39.85426], [32.84775, 39.85427], [32.84779, 39.85427], [32.84779, 39.85435]]]}}, {"type": "Feature", "properties": {}, "geometry": {"type": "Polygon", "coordinates": [[[32.84762, 39.8545], [32.84772, 39.85449], [32.84772, 39.85448], [32.84776, 39.85448], [32.84775, 39.85437], [32.84769, 39.85438], [32.84769, 39.85437], [32.84762, 39.85437], [32.84762, 39.85438], [32.84758, 39.85438], [32.84759, 39.85448], [32.84762, 39.85448], [32.84762, 39.8545]]]}}, {"type": "Feature", "properties": {}, "geometry": {"type": "Polygon", "coordinates": [[[32.8476, 39.85459], [32.84759, 39.85451], [32.84762, 39.85451], [32.84762, 39.8545], [32.84772, 39.85449], [32.84773, 39.8545], [32.84776, 39.8545], [32.84777, 39.85459], [32.8477, 39.85459], [32.8477, 39.8546], [32.84767, 39.85461], [32.84767, 39.85459], [32.8476, 39.85459]]]}}, {"type": "Feature", "properties": {}, "geometry": {"type": "Polygon", "coordinates": [[[32.84769, 39.85389], [32.84767, 39.85389], [32.84768, 39.85393], [32.84771, 39.85393], [32.84772, 39.85398], [32.84776, 39.85397], [32.84776, 39.85397], [32.84781, 39.85396], [32.84781, 39.85396], [32.84784, 39.85396], [32.84784, 39.85395], [32.8479, 39.85394], [32.8479, 39.85395], [32.84795, 39.85394], [32.84794, 39.85393], [32.84798, 39.85393], [32.84797, 39.8539], [32.84795, 39.85391], [32.84794, 39.85387], [32.84796, 39.85386], [32.84795, 39.85382], [32.84794, 39.8538], [32.84791, 39.85381], [32.84791, 39.8538], [32.84786, 39.85381], [32.84786, 39.85382], [32.8478, 39.85383], [32.8478, 39.85382], [32.84777, 39.85383], [32.84777, 39.85382], [32.84772, 39.85383], [32.84772, 39.85384], [32.84768, 39.85384], [32.84769, 39.85387], [32.84769, 39.85389]]]}}, {"type": "Feature", "properties": {}, "geometry": {"type": "Polygon", "coordinates": [[[32.84796, 39.85386], [32.84794, 39.85387], [32.84795, 39.85391], [32.84797, 39.8539], [32.84798, 39.85393], [32.84799, 39.85395], [32.84803, 39.85394], [32.84803, 39.85395], [32.84808, 39.85394], [32.84808, 39.85393], [32.84811, 39.85393], [32.8481, 39.85392], [32.84817, 39.85391], [32.84817, 39.85392], [32.84821, 39.85391], [32.84821, 39.8539], [32.84825, 39.8539], [32.84824, 39.85386], [32.84826, 39.85385], [32.84825, 39.85381], [32.84822, 39.85382], [32.84821, 39.85378], [32.84818, 39.85378], [32.84818, 39.85378], [32.84813, 39.85379], [32.84813, 39.85379], [32.84807, 39.8538], [32.84807, 39.8538], [32.84804, 39.8538], [32.84804, 39.8538], [32.84799, 39.8538], [32.84799, 39.85381], [32.84795, 39.85382], [32.84796, 39.85386]]]}}, {"type": "Feature", "properties": {}, "geometry": {"type": "Polygon", "coordinates": [[[32.84849, 39.85452], [32.84851, 39.85452], [32.8485, 39.85447], [32.84848, 39.85448], [32.84847, 39.85445], [32.84847, 39.85443], [32.84842, 39.85444], [32.84842, 39.85444], [32.84838, 39.85444], [32.84838, 39.85445], [32.84835, 39.85445], [32.84835, 39.85446], [32.84829, 39.85447], [32.84829, 39.85446], [32.84824, 39.85447], [32.84824, 39.85448], [32.84821, 39.85448], [32.84821, 39.8545], [32.84823, 39.85455], [32.84825, 39.85455], [32.84826, 39.85459], [32.84824, 39.85459], [32.84824, 39.85461], [32.84828, 39.8546], [32.84828, 39.8546], [32.84833, 39.8546], [32.84832, 39.85459], [32.84838, 39.85458], [32.84839, 39.85459], [32.84842, 39.85458], [32.84842, 39.85458], [32.84846, 39.85458], [32.84846, 39.85457], [32.84851, 39.85456], [32.84849, 39.85452]]]}}, {"type": "Feature", "properties": {}, "geometry": {"type": "Polygon", "coordinates": [[[32.84824, 39.85459], [32.84826, 39.85459], [32.84825, 39.85455], [32.84823, 39.85455], [32.84821, 39.8545], [32.84817, 39.85451], [32.84817, 39.85451], [32.84812, 39.85452], [32.84812, 39.85452], [32.84809, 39.85452], [32.8481, 39.85453], [32.84803, 39.85454], [32.84803, 39.85454], [32.84799, 39.85454], [32.84799, 39.85455], [32.84795, 39.85455], [32.84796, 39.8546], [32.84794, 39.8546], [32.84795, 39.85464], [32.84798, 39.85464], [32.84799, 39.85468], [32.84802, 39.85467], [32.84803, 39.85468], [32.84807, 39.85467], [32.84807, 39.85466], [32.84813, 39.85465], [32.84813, 39.85466], [32.84816, 39.85465], [32.84816, 39.85466], [32.84821, 39.85465], [32.84821, 39.85464], [32.84825, 39.85464], [32.84824, 39.85461], [32.84824, 39.85459]]]}}, {"type": "Feature", "properties": {}, "geometry": {"type": "Polygon", "coordinates": [[[32.84847, 39.85502], [32.84849, 39.855], [32.84849, 39.85499], [32.84851, 39.85496], [32.84857, 39.85496], [32.84857, 39.85497], [32.84858, 39.85497], [32.84858, 39.85496], [32.84869, 39.85495], [32.84869, 39.85503], [32.84867, 39.85503], [32.84867, 39.85509], [32.8487, 39.85509], [32.84871, 39.85517], [32.8486, 39.85517], [32.8486, 39.85517], [32.84859, 39.85517], [32.84859, 39.85517], [32.84853, 39.85518], [32.84851, 39.85515], [32.84851, 39.85514], [32.84848, 39.85512], [32.84847, 39.85502]]]}}, {"type": "Feature", "properties": {}, "geometry": {"type": "Polygon", "coordinates": [[[32.8482, 39.85504], [32.84818, 39.85506], [32.84818, 39.85507], [32.84816, 39.8551], [32.8481, 39.8551], [32.8481, 39.8551], [32.84809, 39.8551], [32.84809, 39.85511], [32.84798, 39.85511], [32.84798, 39.85503], [32.84801, 39.85503], [32.848, 39.85497], [32.84797, 39.85497], [32.84797, 39.85489], [32.84807, 39.85489], [32.84808, 39.8549], [32.84809, 39.8549], [32.84809, 39.85489], [32.84815, 39.85489], [32.84817, 39.85491], [32.84817, 39.85493], [32.84819, 39.85494], [32.8482, 39.85504]]]}}, {"type": "Feature", "properties": {}, "geometry": {"type": "Polygon", "coordinates": [[[32.84722, 39.85539], [32.84721, 39.85524], [32.84722, 39.85524], [32.84722, 39.85523], [32.8473, 39.85523], [32.8473, 39.85524], [32.84736, 39.85524], [32.84735, 39.85523], [32.84743, 39.85523], [32.84743, 39.85524], [32.84745, 39.85524], [32.84745, 39.85539], [32.84722, 39.85539]]]}}, {"type": "Feature", "properties": {}, "geometry": {"type": "Polygon", "coordinates": [[[32.84837, 39.85552], [32.84837, 39.85547], [32.84839, 39.85547], [32.84839, 39.85544], [32.8484, 39.85544], [32.8484, 39.85542], [32.84838, 39.85541], [32.84838, 39.8554], [32.84828, 39.8554], [32.84828, 39.85543], [32.84826, 39.85543], [32.84826, 39.8555], [32.84826, 39.8555], [32.84826, 39.85552], [32.8483, 39.85552], [32.8483, 39.85553], [32.84833, 39.85553], [32.84833, 39.85551], [32.84837, 39.85552]]]}}, {"type": "Feature", "properties": {}, "geometry": {"type": "Polygon", "coordinates": [[[32.8486, 39.85557], [32.84861, 39.85551], [32.84864, 39.85552], [32.84865, 39.85549], [32.84865, 39.85546], [32.84861, 39.85546], [32.84861, 39.85545], [32.84852, 39.85544], [32.84852, 39.85543], [32.84843, 39.85543], [32.84843, 39.85544], [32.8484, 39.85544], [32.84839, 39.85544], [32.84839, 39.85547], [32.84837, 39.85547], [32.84837, 39.85552], [32.84836, 39.85555], [32.8484, 39.85555], [32.8484, 39.85557], [32.84843, 39.85557], [32.84843, 39.85557], [32.84854, 39.85557], [32.84854, 39.85558], [32.84857, 39.85558], [32.84857, 39.85557], [32.8486, 39.85557]]]}}, {"type": "Feature", "properties": {}, "geometry": {"type": "Polygon", "coordinates": [[[32.84874, 39.85549], [32.84873, 39.85561], [32.84871, 39.85561], [32.84871, 39.85562], [32.84865, 39.85562], [32.84865, 39.85561], [32.8486, 39.8556], [32.8486, 39.85557], [32.84861, 39.85551], [32.84864, 39.85552], [32.84865, 39.85549], [32.84867, 39.85549], [32.84867, 39.85549], [32.84874, 39.85549]]]}}, {"type": "Feature", "properties": {}, "geometry": {"type": "Polygon", "coordinates": [[[32.84862, 39.85593], [32.84863, 39.85587], [32.84866, 39.85588], [32.84867, 39.85587], [32.84869, 39.85587], [32.84869, 39.85586], [32.84875, 39.85586], [32.84874, 39.85588], [32.84877, 39.85588], [32.84875, 39.85597], [32.84873, 39.85597], [32.84873, 39.856], [32.84869, 39.85599], [32.84869, 39.85599], [32.84864, 39.85598], [32.84865, 39.85597], [32.84861, 39.85597], [32.84862, 39.85593]]]}}, {"type": "Feature", "properties": {}, "geometry": {"type": "Polygon", "coordinates": [[[32.8484, 39.85585], [32.84842, 39.85578], [32.84845, 39.85579], [32.84846, 39.85578], [32.84848, 39.85578], [32.84848, 39.85577], [32.84852, 39.85578], [32.84852, 39.85579], [32.84856, 39.85579], [32.84856, 39.85579], [32.84861, 39.8558], [32.84861, 39.85579], [32.84865, 39.8558], [32.84864, 39.85582], [32.84868, 39.85583], [32.84867, 39.85587], [32.84866, 39.85588], [32.84863, 39.85587], [32.84862, 39.85593], [32.8486, 39.85593], [32.84859, 39.85594], [32.84852, 39.85593], [32.84852, 39.85592], [32.84843, 39.8559], [32.84843, 39.85589], [32.84839, 39.85589], [32.8484, 39.85585]]]}}, {"type": "Feature", "properties": {}, "geometry": {"type": "Polygon", "coordinates": [[[32.84818, 39.85577], [32.8482, 39.8557], [32.84823, 39.8557], [32.84823, 39.85569], [32.84826, 39.8557], [32.84826, 39.85568], [32.84831, 39.85569], [32.8483, 39.85571], [32.84833, 39.85571], [32.84833, 39.8557], [32.84839, 39.85571], [32.84839, 39.8557], [32.84843, 39.85571], [32.84843, 39.85574], [32.84846, 39.85574], [32.84846, 39.85578], [32.84845, 39.85579], [32.84842, 39.85578], [32.8484, 39.85585], [32.84838, 39.85585], [32.84837, 39.85586], [32.8483, 39.85585], [32.8483, 39.85583], [32.8482, 39.85582], [32.84821, 39.8558], [32.84817, 39.8558], [32.84818, 39.85577]]]}}, {"type": "Feature", "properties": {}, "geometry": {"type": "Polygon", "coordinates": [[[32.84808, 39.85575], [32.84811, 39.85565], [32.84813, 39.85565], [32.84814, 39.85562], [32.84821, 39.85563], [32.84821, 39.85565], [32.84824, 39.85566], [32.84823, 39.85569], [32.84823, 39.8557], [32.8482, 39.8557], [32.84818, 39.85577], [32.84808, 39.85575]]]}}, {"type": "Feature", "properties": {}, "geometry": {"type": "Polygon", "coordinates": [[[32.85102, 39.85677], [32.85117, 39.85683], [32.85124, 39.85673], [32.85109, 39.85667], [32.85102, 39.85677]]]}}, {"type": "Feature", "properties": {}, "geometry": {"type": "Polygon", "coordinates": [[[32.85136, 39.85708], [32.85093, 39.85689], [32.85102, 39.85677], [32.85117, 39.85683], [32.85133, 39.8569], [32.85141, 39.85703], [32.85136, 39.85708]]]}}, {"type": "Feature", "properties": {}, "geometry": {"type": "Polygon", "coordinates": [[[32.84623, 39.85684], [32.84568, 39.85684], [32.84568, 39.85676], [32.84573, 39.85676], [32.84573, 39.85669], [32.84571, 39.85669], [32.84572, 39.8566], [32.84631, 39.8566], [32.84631, 39.85671], [32.84621, 39.85671], [32.8462, 39.85675], [32.84623, 39.85675], [32.84623, 39.85684]]]}}, {"type": "Feature", "properties": {}, "geometry": {"type": "Polygon", "coordinates": [[[32.84553, 39.85721], [32.84553, 39.85712], [32.84559, 39.85713], [32.84559, 39.85707], [32.84557, 39.85707], [32.84557, 39.85697], [32.84616, 39.85699], [32.84616, 39.85709], [32.84615, 39.8571], [32.84615, 39.85714], [32.84613, 39.85715], [32.84613, 39.85723], [32.84553, 39.85721]]]}}, {"type": "Feature", "properties": {}, "geometry": {"type": "Polygon", "coordinates": [[[32.84634, 39.8588], [32.84745, 39.85886], [32.84747, 39.85868], [32.84635, 39.8586], [32.84634, 39.8588]]]}}, {"type": "Feature", "properties": {}, "geometry": {"type": "Polygon", "coordinates": [[[32.84617, 39.85858], [32.84616, 39.85875], [32.84616, 39.85879], [32.84634, 39.8588], [32.84635, 39.8586], [32.84635, 39.85848], [32.84621, 39.85848], [32.84617, 39.85858]]]}}, {"type": "Feature", "properties": {}, "geometry": {"type": "Polygon", "coordinates": [[[32.84583, 39.85875], [32.84583, 39.85873], [32.84574, 39.85873], [32.84575, 39.85856], [32.84585, 39.85857], [32.84589, 39.85852], [32.84596, 39.85852], [32.84596, 39.85851], [32.846, 39.85851], [32.846, 39.85848], [32.84612, 39.85848], [32.84612, 39.85858], [32.84617, 39.85858], [32.84616, 39.85875], [32.84603, 39.85875], [32.84603, 39.85876], [32.84583, 39.85875]]]}}, {"type": "Feature", "properties": {}, "geometry": {"type": "Polygon", "coordinates": [[[32.846, 39.85795], [32.84598, 39.85841], [32.84626, 39.85841], [32.84626, 39.85835], [32.84628, 39.85834], [32.84629, 39.85803], [32.84628, 39.85803], [32.84628, 39.85796], [32.846, 39.85795]]]}}, {"type": "Feature", "properties": {}, "geometry": {"type": "Polygon", "coordinates": [[[32.84537, 39.8579], [32.84551, 39.8579], [32.84551, 39.85786], [32.84566, 39.85786], [32.84565, 39.85795], [32.84594, 39.85795], [32.84594, 39.85786], [32.84612, 39.85786], [32.84612, 39.85791], [32.84624, 39.85791], [32.84625, 39.8576], [32.84623, 39.8576], [32.84619, 39.85732], [32.8455, 39.85729], [32.84541, 39.85757], [32.8454, 39.85757], [32.84539, 39.8578], [32.84538, 39.8578], [32.84537, 39.8579]]]}}, {"type": "Feature", "properties": {}, "geometry": {"type": "Polygon", "coordinates": [[[32.84507, 39.85825], [32.84504, 39.85825], [32.84504, 39.85836], [32.8451, 39.85836], [32.8451, 39.85837], [32.84538, 39.85838], [32.84538, 39.85837], [32.84547, 39.85837], [32.8455, 39.85833], [32.8455, 39.85815], [32.8456, 39.85815], [32.8456, 39.85806], [32.84553, 39.85806], [32.84553, 39.858], [32.84551, 39.858], [32.84551, 39.8579], [32.84537, 39.8579], [32.84529, 39.8579], [32.84507, 39.85825]]]}}, {"type": "Feature", "properties": {}, "geometry": {"type": "Polygon", "coordinates": [[[32.845, 39.85866], [32.845, 39.85855], [32.84499, 39.85855], [32.84499, 39.85844], [32.84502, 39.85844], [32.84503, 39.85841], [32.84523, 39.85842], [32.84523, 39.85843], [32.84533, 39.85843], [32.84533, 39.85851], [32.84543, 39.85851], [32.8455, 39.85856], [32.84549, 39.85872], [32.84518, 39.85872], [32.84515, 39.8587], [32.84515, 39.85866], [32.845, 39.85866]]]}}, {"type": "Feature", "properties": {}, "geometry": {"type": "Polygon", "coordinates": [[[32.84693, 39.85927], [32.84694, 39.85919], [32.84693, 39.85919], [32.84694, 39.85894], [32.84715, 39.85895], [32.84715, 39.85897], [32.84725, 39.85897], [32.84725, 39.85896], [32.84743, 39.85897], [32.84743, 39.85898], [32.84753, 39.85899], [32.84752, 39.85906], [32.84754, 39.85906], [32.84752, 39.8593], [32.84732, 39.85929], [32.84732, 39.85928], [32.84724, 39.85928], [32.84724, 39.85929], [32.84704, 39.85928], [32.84704, 39.85927], [32.84693, 39.85927]]]}}, {"type": "Feature", "properties": {}, "geometry": {"type": "Polygon", "coordinates": [[[32.84694, 39.85933], [32.84692, 39.85963], [32.84702, 39.85963], [32.84702, 39.85964], [32.84722, 39.85964], [32.84722, 39.85963], [32.8473, 39.85964], [32.8473, 39.85962], [32.84749, 39.85963], [32.8475, 39.85962], [32.84751, 39.85961], [32.84751, 39.8596], [32.8475, 39.85959], [32.84749, 39.85959], [32.8475, 39.85936], [32.84694, 39.85933]]]}}, {"type": "Feature", "properties": {}, "geometry": {"type": "Polygon", "coordinates": [[[32.84637, 39.85924], [32.84639, 39.85907], [32.84643, 39.85907], [32.84643, 39.85904], [32.84639, 39.85904], [32.8464, 39.85892], [32.84648, 39.85892], [32.84648, 39.85891], [32.84661, 39.85891], [32.8466, 39.85892], [32.84678, 39.85892], [32.84678, 39.85894], [32.84687, 39.85894], [32.84687, 39.85905], [32.84682, 39.85905], [32.84682, 39.85908], [32.84687, 39.85908], [32.84686, 39.85925], [32.84667, 39.85925], [32.84667, 39.85923], [32.8465, 39.85923], [32.8465, 39.85924], [32.84637, 39.85924]]]}}, {"type": "Feature", "properties": {}, "geometry": {"type": "Polygon", "coordinates": [[[32.84686, 39.85931], [32.84675, 39.85931], [32.84675, 39.85933], [32.84658, 39.85933], [32.84658, 39.85928], [32.84646, 39.85928], [32.84646, 39.85929], [32.84619, 39.85929], [32.84619, 39.85953], [32.84628, 39.85953], [32.84628, 39.85959], [32.84638, 39.85959], [32.84638, 39.85961], [32.84646, 39.85961], [32.84646, 39.85965], [32.84655, 39.85965], [32.84655, 39.85967], [32.84671, 39.85967], [32.84671, 39.85968], [32.84685, 39.85968], [32.84686, 39.85931]]]}}, {"type": "Feature", "properties": {}, "geometry": {"type": "Polygon", "coordinates": [[[32.8463, 39.85921], [32.84632, 39.85889], [32.84621, 39.85889], [32.84621, 39.85891], [32.84612, 39.85891], [32.84612, 39.85889], [32.84585, 39.85888], [32.84583, 39.85918], [32.84599, 39.85919], [32.84598, 39.85925], [32.84612, 39.85925], [32.84612, 39.85921], [32.8463, 39.85921]]]}}, {"type": "Feature", "properties": {}, "geometry": {"type": "Polygon", "coordinates": [[[32.84577, 39.85918], [32.8457, 39.85924], [32.84557, 39.85916], [32.84557, 39.85915], [32.84548, 39.85909], [32.84547, 39.8591], [32.84533, 39.85901], [32.84534, 39.859], [32.84516, 39.85889], [32.84519, 39.85885], [32.84585, 39.85888], [32.84583, 39.85918], [32.84577, 39.85918]]]}}, {"type": "Feature", "properties": {}, "geometry": {"type": "Polygon", "coordinates": [[[32.84657, 39.85345], [32.8466, 39.8534], [32.84659, 39.8534], [32.84661, 39.85337], [32.84662, 39.85337], [32.84665, 39.85333], [32.84664, 39.85332], [32.84666, 39.85329], [32.84667, 39.8533], [32.84669, 39.85327], [32.84671, 39.85327], [32.84675, 39.85329], [32.84676, 39.85328], [32.8468, 39.8533], [32.84682, 39.8533], [32.84681, 39.85331], [32.84684, 39.85332], [32.84682, 39.85336], [32.84683, 39.85336], [32.84681, 39.85339], [32.8468, 39.85339], [32.84677, 39.85343], [32.84678, 39.85344], [32.84676, 39.85347], [32.84675, 39.85346], [32.84672, 39.8535], [32.84669, 39.85349], [32.84668, 39.8535], [32.84663, 39.85348], [32.84664, 39.85346], [32.84659, 39.85344], [32.84659, 39.85345], [32.84657, 39.85345]]]}}, {"type": "Feature", "properties": {}, "geometry": {"type": "Polygon", "coordinates": [[[32.84668, 39.8535], [32.84666, 39.85353], [32.84667, 39.85354], [32.84665, 39.85357], [32.84664, 39.85356], [32.84661, 39.85361], [32.84662, 39.85361], [32.8466, 39.85364], [32.84658, 39.85364], [32.84656, 39.85367], [32.84655, 39.85366], [32.8465, 39.85364], [32.84649, 39.85365], [32.84645, 39.85364], [32.84644, 39.85363], [32.84645, 39.85363], [32.84641, 39.85361], [32.84644, 39.85358], [32.84643, 39.85357], [32.84645, 39.85354], [32.84646, 39.85355], [32.84649, 39.8535], [32.84648, 39.8535], [32.8465, 39.85347], [32.84651, 39.85347], [32.84654, 39.85343], [32.84657, 39.85345], [32.84659, 39.85345], [32.84659, 39.85344], [32.84664, 39.85346], [32.84663, 39.85348], [32.84668, 39.8535]]]}}, {"type": "Feature", "properties": {}, "geometry": {"type": "Polygon", "coordinates": [[[32.84668, 39.85306], [32.84664, 39.85304], [32.84664, 39.85305], [32.8466, 39.85304], [32.8466, 39.85303], [32.84655, 39.85301], [32.84654, 39.85301], [32.8465, 39.853], [32.84651, 39.85299], [32.84647, 39.85297], [32.84647, 39.85296], [32.8465, 39.85293], [32.84648, 39.85292], [32.84651, 39.85288], [32.84651, 39.85288], [32.84652, 39.85288], [32.84653, 39.85286], [32.84658, 39.85287], [32.84659, 39.85287], [32.84663, 39.85288], [32.84662, 39.85289], [32.84668, 39.85291], [32.84668, 39.8529], [32.84672, 39.85292], [32.84672, 39.85293], [32.84676, 39.85294], [32.84673, 39.85299], [32.84676, 39.853], [32.84673, 39.85303], [32.84671, 39.85302], [32.84668, 39.85306]]]}}, {"type": "Feature", "properties": {}, "geometry": {"type": "Polygon", "coordinates": [[[32.84642, 39.85299], [32.84638, 39.85298], [32.84637, 39.85299], [32.84633, 39.85297], [32.84634, 39.85296], [32.84628, 39.85294], [32.84628, 39.85295], [32.84624, 39.85293], [32.84624, 39.85292], [32.8462, 39.85291], [32.84621, 39.8529], [32.84623, 39.85286], [32.84622, 39.85285], [32.84624, 39.85282], [32.84625, 39.85281], [32.84625, 39.85282], [32.84627, 39.85279], [32.84632, 39.85281], [32.84632, 39.8528], [32.84636, 39.85282], [32.84636, 39.85282], [32.84642, 39.85285], [32.84642, 39.85284], [32.84646, 39.85285], [32.84646, 39.85286], [32.84651, 39.85288], [32.84648, 39.85292], [32.8465, 39.85293], [32.84647, 39.85296], [32.84645, 39.85295], [32.84642, 39.85299]]]}}, {"type": "Feature", "properties": {}, "geometry": {"type": "Polygon", "coordinates": [[[32.84554, 39.85306], [32.8455, 39.85304], [32.8455, 39.85305], [32.84545, 39.85304], [32.84546, 39.85303], [32.8454, 39.85301], [32.84539, 39.85302], [32.84535, 39.85301], [32.84536, 39.853], [32.84531, 39.85299], [32.84532, 39.85298], [32.84534, 39.85294], [32.84532, 39.85293], [32.84534, 39.8529], [32.84534, 39.85289], [32.84535, 39.85289], [32.84537, 39.85287], [32.84542, 39.85288], [32.84542, 39.85287], [32.84546, 39.85288], [32.84546, 39.85289], [32.84552, 39.85291], [32.84552, 39.8529], [32.84557, 39.85291], [32.84556, 39.85292], [32.84561, 39.85294], [32.84559, 39.85298], [32.84561, 39.85299], [32.84559, 39.85303], [32.84556, 39.85302], [32.84554, 39.85306]]]}}, {"type": "Feature", "properties": {}, "geometry": {"type": "Polygon", "coordinates": [[[32.84581, 39.8531], [32.84577, 39.85309], [32.84577, 39.8531], [32.84572, 39.85309], [32.84573, 39.85308], [32.84567, 39.85306], [32.84566, 39.85307], [32.84562, 39.85306], [32.84563, 39.85305], [32.84558, 39.85303], [32.84559, 39.85303], [32.84561, 39.85299], [32.84559, 39.85298], [32.84561, 39.85294], [32.84561, 39.85294], [32.84562, 39.85294], [32.84564, 39.85291], [32.84569, 39.85293], [32.84569, 39.85292], [32.84573, 39.85293], [32.84573, 39.85294], [32.84579, 39.85296], [32.84579, 39.85295], [32.84584, 39.85296], [32.84583, 39.85297], [32.84587, 39.85298], [32.84585, 39.85303], [32.84588, 39.85303], [32.84586, 39.85307], [32.84583, 39.85307], [32.84581, 39.8531]]]}}, {"type": "Feature", "properties": {}, "geometry": {"type": "Polygon", "coordinates": [[[32.84484, 39.85318], [32.84485, 39.85315], [32.84484, 39.85314], [32.84485, 39.85311], [32.84487, 39.85311], [32.84488, 39.85307], [32.84487, 39.85306], [32.84488, 39.85303], [32.84489, 39.85303], [32.84491, 39.853], [32.84492, 39.853], [32.84497, 39.85301], [32.84498, 39.853], [32.84502, 39.85301], [32.84503, 39.85301], [32.84503, 39.85302], [32.84507, 39.85303], [32.84506, 39.85307], [32.84507, 39.85307], [32.84506, 39.8531], [32.84504, 39.8531], [32.84503, 39.85315], [32.84504, 39.85315], [32.84503, 39.85318], [32.84502, 39.85318], [32.845, 39.85322], [32.84495, 39.85321], [32.84494, 39.85322], [32.84489, 39.85321], [32.84489, 39.85319], [32.84484, 39.85318]]]}}, {"type": "Feature", "properties": {}, "geometry": {"type": "Polygon", "coordinates": [[[32.84481, 39.85339], [32.84482, 39.85336], [32.84481, 39.85336], [32.84482, 39.85332], [32.84483, 39.85332], [32.84485, 39.85328], [32.84484, 39.85327], [32.84485, 39.85324], [32.84486, 39.85324], [32.84487, 39.85321], [32.84489, 39.85321], [32.84494, 39.85322], [32.84495, 39.85321], [32.845, 39.85322], [32.845, 39.85322], [32.845, 39.85323], [32.84504, 39.85324], [32.84502, 39.85328], [32.84504, 39.85328], [32.84502, 39.85331], [32.84501, 39.85331], [32.845, 39.85336], [32.84501, 39.85336], [32.845, 39.85339], [32.84498, 39.85339], [32.84497, 39.85343], [32.84491, 39.85341], [32.84491, 39.85343], [32.84485, 39.85342], [32.84486, 39.8534], [32.84481, 39.85339]]]}}, {"type": "Feature", "properties": {}, "geometry": {"type": "Polygon", "coordinates": [[[32.84301, 39.84966], [32.84307, 39.8497], [32.8431, 39.84966], [32.84312, 39.84967], [32.84315, 39.84963], [32.84315, 39.84962], [32.84318, 39.84962], [32.84318, 39.84963], [32.84321, 39.84965], [32.84323, 39.84963], [32.84324, 39.84964], [32.84333, 39.84952], [32.84312, 39.84942], [32.84308, 39.84947], [32.84307, 39.84947], [32.84304, 39.84951], [32.84304, 39.84952], [32.84306, 39.84953], [32.84304, 39.84955], [32.84301, 39.84954], [32.84299, 39.84955], [32.84297, 39.84958], [32.84297, 39.8496], [32.84301, 39.84962], [32.84302, 39.84965], [32.84301, 39.84966]]]}}, {"type": "Feature", "properties": {}, "geometry": {"type": "Polygon", "coordinates": [[[32.84345, 39.85004], [32.84334, 39.85018], [32.84331, 39.85017], [32.84327, 39.85022], [32.84324, 39.85021], [32.84322, 39.85025], [32.84315, 39.85022], [32.84314, 39.8502], [32.84306, 39.85017], [32.84316, 39.85004], [32.84322, 39.85007], [32.84323, 39.85009], [32.8433, 39.85012], [32.84334, 39.85006], [32.84328, 39.85003], [32.84325, 39.85003], [32.84319, 39.85], [32.8433, 39.84986], [32.84338, 39.84989], [32.84339, 39.84989], [32.84346, 39.84992], [32.84344, 39.84996], [32.84346, 39.84997], [32.84342, 39.85002], [32.84345, 39.85004]]]}}, {"type": "Feature", "properties": {}, "geometry": {"type": "Polygon", "coordinates": [[[32.84339, 39.84971], [32.84348, 39.84959], [32.8435, 39.84959], [32.84373, 39.84969], [32.84373, 39.8497], [32.84365, 39.84982], [32.84339, 39.84971]]]}}, {"type": "Feature", "properties": {}, "geometry": {"type": "Polygon", "coordinates": [[[32.8437, 39.85003], [32.84389, 39.84979], [32.84406, 39.84987], [32.84387, 39.85011], [32.8437, 39.85003]]]}}, {"type": "Feature", "properties": {}, "geometry": {"type": "Polygon", "coordinates": [[[32.84338, 39.85042], [32.84357, 39.85018], [32.84374, 39.85026], [32.84355, 39.8505], [32.84338, 39.85042]]]}}, {"type": "Feature", "properties": {}, "geometry": {"type": "Polygon", "coordinates": [[[32.84283, 39.85016], [32.84288, 39.8501], [32.84289, 39.8501], [32.84291, 39.85007], [32.84291, 39.85006], [32.84291, 39.85006], [32.84288, 39.85002], [32.84287, 39.85002], [32.84285, 39.85], [32.84285, 39.84998], [32.84287, 39.84997], [32.84288, 39.84997], [32.8429, 39.84995], [32.84287, 39.84994], [32.8429, 39.84991], [32.84284, 39.84988], [32.84283, 39.84989], [32.84278, 39.84989], [32.84276, 39.84988], [32.84272, 39.84993], [32.84273, 39.84994], [32.84271, 39.84997], [32.84269, 39.84997], [32.84267, 39.84996], [32.84264, 39.85001], [32.84264, 39.85002], [32.84265, 39.85003], [32.84262, 39.85006], [32.84283, 39.85016]]]}}, {"type": "Feature", "properties": {}, "geometry": {"type": "Polygon", "coordinates": [[[32.845, 39.85111], [32.84499, 39.85112], [32.84496, 39.8511], [32.84497, 39.85109], [32.8449, 39.85106], [32.84489, 39.85106], [32.84485, 39.85104], [32.84486, 39.85104], [32.84482, 39.85101], [32.84485, 39.85099], [32.84486, 39.85099], [32.84488, 39.85096], [32.84485, 39.85095], [32.84484, 39.85095], [32.84481, 39.85093], [32.84483, 39.85091], [32.84482, 39.8509], [32.84485, 39.85087], [32.84486, 39.85087], [32.84489, 39.85084], [32.84499, 39.8509], [32.84497, 39.85092], [32.84499, 39.85093], [32.84499, 39.85096], [32.84507, 39.85096], [32.84507, 39.85094], [32.8451, 39.85093], [32.84508, 39.8509], [32.84517, 39.8508], [32.84523, 39.85083], [32.84524, 39.85082], [32.84528, 39.85084], [32.84527, 39.85085], [32.84531, 39.85087], [32.84526, 39.85092], [32.84533, 39.85096], [32.8453, 39.85098], [32.84532, 39.85099], [32.8453, 39.85101], [32.84527, 39.85102], [32.84523, 39.85106], [32.84523, 39.85108], [32.84521, 39.8511], [32.84519, 39.8511], [32.84517, 39.85113], [32.84512, 39.85111], [32.84512, 39.85109], [32.84511, 39.85108], [32.84509, 39.85108], [32.84508, 39.8511], [32.84508, 39.85111], [32.84506, 39.85114], [32.845, 39.85111]]]}}, {"type": "Feature", "properties": {}, "geometry": {"type": "Polygon", "coordinates": [[[32.84422, 39.8507], [32.84421, 39.85069], [32.84423, 39.85067], [32.84425, 39.85067], [32.84429, 39.85061], [32.84428, 39.85061], [32.8443, 39.85058], [32.84431, 39.85059], [32.84434, 39.85055], [32.84437, 39.85057], [32.84437, 39.85058], [32.84441, 39.8506], [32.84443, 39.85057], [32.84442, 39.85057], [32.84444, 39.85054], [32.84448, 39.85055], [32.84449, 39.85054], [32.84453, 39.85056], [32.84452, 39.85057], [32.84456, 39.85059], [32.8445, 39.85067], [32.84447, 39.85066], [32.84446, 39.85068], [32.84443, 39.85068], [32.84443, 39.85074], [32.84445, 39.85074], [32.84447, 39.85076], [32.8445, 39.85074], [32.84464, 39.85081], [32.84461, 39.85085], [32.84463, 39.85085], [32.8446, 39.85089], [32.84459, 39.85088], [32.84456, 39.85091], [32.84449, 39.85088], [32.84445, 39.85093], [32.84442, 39.85092], [32.84441, 39.85093], [32.84437, 39.85092], [32.84437, 39.85089], [32.84431, 39.85087], [32.84429, 39.85087], [32.84426, 39.85086], [32.84425, 39.85084], [32.84422, 39.85083], [32.84424, 39.85079], [32.84426, 39.85079], [32.84427, 39.85078], [32.84427, 39.85076], [32.84425, 39.85076], [32.84423, 39.85076], [32.84419, 39.85074], [32.84422, 39.8507]]]}}, {"type": "Feature", "properties": {}, "geometry": {"type": "Polygon", "coordinates": [[[32.84511, 39.85056], [32.84507, 39.85061], [32.84501, 39.85062], [32.84496, 39.8506], [32.84489, 39.85068], [32.84503, 39.85075], [32.84506, 39.85071], [32.84504, 39.85071], [32.84506, 39.85069], [32.84514, 39.85073], [32.84517, 39.8507], [32.84518, 39.8507], [32.8452, 39.85067], [32.84519, 39.85067], [32.84524, 39.85061], [32.84525, 39.85062], [32.84527, 39.85059], [32.84526, 39.85059], [32.84529, 39.85055], [32.8452, 39.85051], [32.84521, 39.85049], [32.84523, 39.8505], [32.84526, 39.85047], [32.84512, 39.8504], [32.84506, 39.85049], [32.8451, 39.85051], [32.84511, 39.85056]]]}}, {"type": "Feature", "properties": {}, "geometry": {"type": "Polygon", "coordinates": [[[32.84479, 39.85048], [32.84481, 39.85053], [32.84485, 39.85055], [32.84478, 39.85063], [32.84464, 39.85057], [32.84467, 39.85053], [32.84469, 39.85054], [32.84471, 39.85052], [32.84462, 39.85048], [32.84464, 39.85045], [32.84463, 39.85045], [32.84465, 39.85042], [32.84466, 39.85042], [32.84471, 39.85037], [32.8447, 39.85036], [32.84472, 39.85033], [32.84473, 39.85034], [32.84476, 39.85031], [32.84484, 39.85035], [32.84486, 39.85033], [32.84484, 39.85032], [32.84487, 39.85028], [32.845, 39.85035], [32.84494, 39.85043], [32.8449, 39.85041], [32.84483, 39.85043], [32.84479, 39.85048]]]}}, {"type": "Feature", "properties": {}, "geometry": {"type": "Polygon", "coordinates": [[[32.84404, 39.85112], [32.84398, 39.85127], [32.84401, 39.85128], [32.844, 39.85131], [32.84406, 39.85133], [32.84414, 39.85135], [32.84415, 39.85131], [32.84418, 39.85132], [32.84419, 39.85131], [32.84425, 39.85116], [32.84404, 39.85112]]]}}, {"type": "Feature", "properties": {}, "geometry": {"type": "Polygon", "coordinates": [[[32.84391, 39.85106], [32.84379, 39.85136], [32.84387, 39.85138], [32.84388, 39.85137], [32.84421, 39.85145], [32.84426, 39.85133], [32.84419, 39.85131], [32.84418, 39.85132], [32.84415, 39.85131], [32.84414, 39.85135], [32.84406, 39.85133], [32.844, 39.85131], [32.84401, 39.85128], [32.84398, 39.85127], [32.84404, 39.85112], [32.84405, 39.85109], [32.84391, 39.85106]]]}}, {"type": "Feature", "properties": {}, "geometry": {"type": "Polygon", "coordinates": [[[32.84639, 39.85107], [32.84646, 39.85099], [32.84651, 39.85102], [32.84654, 39.85098], [32.84683, 39.85112], [32.84677, 39.85118], [32.84686, 39.85123], [32.84681, 39.85128], [32.84639, 39.85107]]]}}, {"type": "Feature", "properties": {}, "geometry": {"type": "Polygon", "coordinates": [[[32.84623, 39.851], [32.84639, 39.85107], [32.84646, 39.85099], [32.84631, 39.85091], [32.84623, 39.851]]]}}, {"type": "Feature", "properties": {}, "geometry": {"type": "Polygon", "coordinates": [[[32.84458, 39.85133], [32.84469, 39.85137], [32.84469, 39.85136], [32.845, 39.85146], [32.845, 39.85146], [32.84509, 39.85149], [32.84502, 39.85163], [32.84494, 39.85161], [32.84493, 39.85162], [32.8447, 39.85154], [32.84465, 39.85164], [32.84464, 39.85164], [32.84461, 39.85168], [32.84445, 39.85163], [32.84446, 39.85161], [32.84448, 39.85159], [32.84444, 39.85158], [32.84458, 39.85133]]]}}, {"type": "Feature", "properties": {}, "geometry": {"type": "Polygon", "coordinates": [[[32.8436, 39.85253], [32.84356, 39.85242], [32.84365, 39.8524], [32.84363, 39.85237], [32.8436, 39.85238], [32.84354, 39.85226], [32.84356, 39.85225], [32.84356, 39.85224], [32.84381, 39.85218], [32.84381, 39.85219], [32.84383, 39.85218], [32.84389, 39.8523], [32.84385, 39.85231], [32.84386, 39.85234], [32.84395, 39.85232], [32.844, 39.85242], [32.8436, 39.85253]]]}}, {"type": "Feature", "properties": {}, "geometry": {"type": "Polygon", "coordinates": [[[32.84438, 39.85234], [32.84433, 39.85224], [32.84442, 39.85221], [32.84441, 39.85218], [32.84438, 39.85219], [32.84432, 39.85207], [32.84434, 39.85206], [32.84434, 39.85206], [32.84459, 39.85199], [32.84459, 39.852], [32.84461, 39.85199], [32.84466, 39.85212], [32.84463, 39.85213], [32.84464, 39.85215], [32.84473, 39.85213], [32.84478, 39.85223], [32.84438, 39.85234]]]}}, {"type": "Feature", "properties": {}, "geometry": {"type": "Polygon", "coordinates": [[[32.84552, 39.85202], [32.84545, 39.85181], [32.84577, 39.85174], [32.84584, 39.85195], [32.84552, 39.85202]]]}}, {"type": "Feature", "properties": {}, "geometry": {"type": "Polygon", "coordinates": [[[32.84501, 39.85209], [32.84494, 39.85191], [32.84524, 39.85184], [32.84531, 39.85202], [32.84501, 39.85209]]]}}, {"type": "Feature", "properties": {}, "geometry": {"type": "Polygon", "coordinates": [[[32.84717, 39.85154], [32.84727, 39.8515], [32.84728, 39.85148], [32.84721, 39.85141], [32.84718, 39.85141], [32.84711, 39.85144], [32.84717, 39.85154]]]}}, {"type": "Feature", "properties": {}, "geometry": {"type": "Polygon", "coordinates": [[[32.84722, 39.85161], [32.84721, 39.85162], [32.84718, 39.85157], [32.84719, 39.85157], [32.84717, 39.85154], [32.84727, 39.8515], [32.84729, 39.85153], [32.84734, 39.85153], [32.84739, 39.8516], [32.84741, 39.85161], [32.84744, 39.85166], [32.84743, 39.85169], [32.8473, 39.85174], [32.84722, 39.85161]]]}}, {"type": "Feature", "properties": {}, "geometry": {"type": "Polygon", "coordinates": [[[32.84689, 39.85152], [32.84677, 39.85155], [32.84679, 39.85161], [32.8468, 39.85161], [32.84682, 39.85166], [32.84684, 39.85167], [32.84686, 39.85172], [32.84688, 39.85172], [32.8469, 39.85178], [32.847, 39.85176], [32.84701, 39.85173], [32.84697, 39.85163], [32.84695, 39.85164], [32.84693, 39.85158], [32.84691, 39.85158], [32.84689, 39.85152]]]}}, {"type": "Feature", "properties": {}, "geometry": {"type": "Polygon", "coordinates": [[[32.84737, 39.8519], [32.84741, 39.85191], [32.84745, 39.85187], [32.84754, 39.85192], [32.84755, 39.85196], [32.84748, 39.85204], [32.84743, 39.85208], [32.8474, 39.85209], [32.84733, 39.85205], [32.84732, 39.85205], [32.84724, 39.852], [32.84724, 39.85197], [32.8473, 39.8519], [32.84737, 39.8519]]]}}, {"type": "Feature", "properties": {}, "geometry": {"type": "Polygon", "coordinates": [[[32.84745, 39.85187], [32.84751, 39.85181], [32.84759, 39.85181], [32.84762, 39.85183], [32.84766, 39.85183], [32.84775, 39.85188], [32.84775, 39.8519], [32.84772, 39.85193], [32.84776, 39.85196], [32.84776, 39.85198], [32.8477, 39.85204], [32.84766, 39.85204], [32.84764, 39.85206], [32.84754, 39.85208], [32.84748, 39.85204], [32.84755, 39.85196], [32.84754, 39.85192], [32.84745, 39.85187]]]}}, {"type": "Feature", "properties": {}, "geometry": {"type": "Polygon", "coordinates": [[[32.84268, 39.84925], [32.84288, 39.84934], [32.8428, 39.84944], [32.84261, 39.84936], [32.84268, 39.84925]]]}}, {"type": "Feature", "properties": {}, "geometry": {"type": "Polygon", "coordinates": [[[32.84257, 39.8494], [32.84277, 39.84949], [32.84261, 39.84969], [32.84241, 39.84961], [32.84257, 39.8494]]]}}, {"type": "Feature", "properties": {}, "geometry": {"type": "Polygon", "coordinates": [[[32.84238, 39.84964], [32.84258, 39.84972], [32.84243, 39.84993], [32.84223, 39.84984], [32.84238, 39.84964]]]}}, {"type": "Feature", "properties": {}, "geometry": {"type": "Polygon", "coordinates": [[[32.84219, 39.84989], [32.84239, 39.84998], [32.84223, 39.85019], [32.84204, 39.8501], [32.84219, 39.84989]]]}}, {"type": "Feature", "properties": {}, "geometry": {"type": "Polygon", "coordinates": [[[32.84219, 39.84903], [32.84239, 39.8491], [32.84226, 39.84932], [32.84205, 39.84925], [32.84219, 39.84903]]]}}, {"type": "Feature", "properties": {}, "geometry": {"type": "Polygon", "coordinates": [[[32.84201, 39.84929], [32.84222, 39.84936], [32.84208, 39.84958], [32.84188, 39.84951], [32.84201, 39.84929]]]}}, {"type": "Feature", "properties": {}, "geometry": {"type": "Polygon", "coordinates": [[[32.84186, 39.84954], [32.84206, 39.84962], [32.84193, 39.84984], [32.84173, 39.84976], [32.84186, 39.84954]]]}}, {"type": "Feature", "properties": {}, "geometry": {"type": "Polygon", "coordinates": [[[32.84157, 39.85002], [32.84168, 39.84987], [32.84195, 39.84999], [32.84184, 39.85014], [32.84157, 39.85002]]]}}, {"type": "Feature", "properties": {}, "geometry": {"type": "Polygon", "coordinates": [[[32.84158, 39.85163], [32.84148, 39.85161], [32.8415, 39.85158], [32.84146, 39.85157], [32.84144, 39.8516], [32.84134, 39.85157], [32.84136, 39.85153], [32.84132, 39.85148], [32.84136, 39.85139], [32.84144, 39.85136], [32.84145, 39.85135], [32.84155, 39.85137], [32.84153, 39.8514], [32.84157, 39.85141], [32.84158, 39.85138], [32.84168, 39.85141], [32.84168, 39.85143], [32.84171, 39.85148], [32.84167, 39.85157], [32.8416, 39.8516], [32.84158, 39.85163]]]}}, {"type": "Feature", "properties": {}, "geometry": {"type": "Polygon", "coordinates": [[[32.84161, 39.85202], [32.84151, 39.85199], [32.84153, 39.85196], [32.84149, 39.85195], [32.84147, 39.85198], [32.84137, 39.85196], [32.84139, 39.85192], [32.84135, 39.85187], [32.84139, 39.85178], [32.84146, 39.85175], [32.84147, 39.85173], [32.84157, 39.85176], [32.84156, 39.85179], [32.8416, 39.8518], [32.84161, 39.85177], [32.84171, 39.85179], [32.8417, 39.85181], [32.84174, 39.85187], [32.8417, 39.85195], [32.84163, 39.85198], [32.84161, 39.85202]]]}}, {"type": "Feature", "properties": {}, "geometry": {"type": "Polygon", "coordinates": [[[32.84112, 39.85215], [32.84104, 39.85221], [32.84101, 39.85219], [32.84098, 39.85221], [32.84101, 39.85223], [32.84093, 39.85229], [32.8409, 39.85226], [32.84082, 39.85226], [32.84073, 39.8522], [32.84074, 39.85213], [32.84072, 39.85212], [32.8408, 39.85206], [32.84082, 39.85209], [32.84085, 39.85207], [32.84082, 39.85204], [32.8409, 39.85199], [32.84092, 39.852], [32.841, 39.852], [32.84108, 39.85206], [32.84108, 39.85213], [32.84112, 39.85215]]]}}, {"type": "Feature", "properties": {}, "geometry": {"type": "Polygon", "coordinates": [[[32.84151, 39.85234], [32.84143, 39.8524], [32.8414, 39.85238], [32.84137, 39.8524], [32.8414, 39.85242], [32.84133, 39.85248], [32.84129, 39.85245], [32.84121, 39.85245], [32.84113, 39.85239], [32.84113, 39.85232], [32.84111, 39.85231], [32.84119, 39.85226], [32.84122, 39.85228], [32.84124, 39.85226], [32.84122, 39.85223], [32.84129, 39.85218], [32.84131, 39.85219], [32.84139, 39.85219], [32.84147, 39.85225], [32.84147, 39.85232], [32.84151, 39.85234]]]}}, {"type": "Feature", "properties": {}, "geometry": {"type": "Polygon", "coordinates": [[[32.84235, 39.85152], [32.84232, 39.8516], [32.84221, 39.85157], [32.84225, 39.85149], [32.84235, 39.85152]]]}}, {"type": "Feature", "properties": {}, "geometry": {"type": "Polygon", "coordinates": [[[32.84245, 39.85182], [32.84249, 39.85173], [32.84248, 39.85172], [32.84251, 39.85166], [32.84263, 39.85169], [32.84261, 39.85171], [32.84263, 39.85172], [32.84264, 39.8517], [32.84276, 39.85173], [32.84273, 39.85179], [32.84271, 39.85179], [32.84267, 39.85188], [32.84245, 39.85182]]]}}, {"type": "Feature", "properties": {}, "geometry": {"type": "Polygon", "coordinates": [[[32.84246, 39.8522], [32.84234, 39.85217], [32.84233, 39.85218], [32.84225, 39.85216], [32.84229, 39.85207], [32.84232, 39.85208], [32.84232, 39.85207], [32.84229, 39.85206], [32.84233, 39.85197], [32.84241, 39.85199], [32.84242, 39.852], [32.84253, 39.85203], [32.84246, 39.8522]]]}}, {"type": "Feature", "properties": {}, "geometry": {"type": "Polygon", "coordinates": [[[32.85689, 39.85836], [32.85697, 39.85852], [32.85704, 39.8585], [32.85696, 39.85834], [32.85689, 39.85836]]]}}, {"type": "Feature", "properties": {}, "geometry": {"type": "Polygon", "coordinates": [[[32.85712, 39.85861], [32.85717, 39.85858], [32.85708, 39.85851], [32.85704, 39.85854], [32.85712, 39.85861]]]}}, {"type": "Feature", "properties": {}, "geometry": {"type": "Polygon", "coordinates": [[[32.85739, 39.85857], [32.8575, 39.85849], [32.85732, 39.85835], [32.85722, 39.85843], [32.85739, 39.85857]]]}}, {"type": "Feature", "properties": {}, "geometry": {"type": "Polygon", "coordinates": [[[32.85654, 39.85844], [32.85667, 39.85833], [32.85705, 39.8586], [32.85693, 39.85871], [32.85654, 39.85844]]]}}, {"type": "Feature", "properties": {}, "geometry": {"type": "Polygon", "coordinates": [[[32.85639, 39.85858], [32.85651, 39.85847], [32.8569, 39.85874], [32.85677, 39.85885], [32.85639, 39.85858]]]}}, {"type": "Feature", "properties": {}, "geometry": {"type": "Polygon", "coordinates": [[[32.85623, 39.85847], [32.85636, 39.85855], [32.85646, 39.85846], [32.85634, 39.85838], [32.85623, 39.85847]]]}}, {"type": "Feature", "properties": {}, "geometry": {"type": "Polygon", "coordinates": [[[32.85261, 39.85781], [32.85252, 39.8579], [32.85282, 39.85807], [32.85291, 39.85798], [32.85261, 39.85781]]]}}, {"type": "Feature", "properties": {}, "geometry": {"type": "Polygon", "coordinates": [[[32.85741, 39.85118], [32.85745, 39.85123], [32.85752, 39.85119], [32.85747, 39.85114], [32.85741, 39.85118]]]}}, {"type": "Feature", "properties": {}, "geometry": {"type": "Polygon", "coordinates": [[[32.85795, 39.85117], [32.858, 39.85109], [32.85809, 39.85113], [32.85804, 39.8512], [32.85795, 39.85117]]]}}, {"type": "Feature", "properties": {}, "geometry": {"type": "Polygon", "coordinates": [[[32.85778, 39.8509], [32.85787, 39.85094], [32.85792, 39.85089], [32.85783, 39.85084], [32.85778, 39.8509]]]}}, {"type": "Feature", "properties": {}, "geometry": {"type": "Polygon", "coordinates": [[[32.85744, 39.85067], [32.85754, 39.85072], [32.85759, 39.85066], [32.8575, 39.85061], [32.85744, 39.85067]]]}}, {"type": "Feature", "properties": {}, "geometry": {"type": "Polygon", "coordinates": [[[32.85678, 39.85039], [32.85688, 39.85044], [32.85694, 39.85038], [32.85684, 39.85032], [32.85678, 39.85039]]]}}, {"type": "Feature", "properties": {}, "geometry": {"type": "Polygon", "coordinates": [[[32.85559, 39.85003], [32.85571, 39.84979], [32.85587, 39.84984], [32.85586, 39.84986], [32.85601, 39.8499], [32.85592, 39.85009], [32.85577, 39.85005], [32.85575, 39.85008], [32.85559, 39.85003]]]}}, {"type": "Feature", "properties": {}, "geometry": {"type": "Polygon", "coordinates": [[[32.85506, 39.8498], [32.8552, 39.84963], [32.85544, 39.84975], [32.8553, 39.84991], [32.85506, 39.8498]]]}}, {"type": "Feature", "properties": {}, "geometry": {"type": "Polygon", "coordinates": [[[32.85477, 39.8502], [32.85491, 39.85004], [32.85514, 39.85015], [32.855, 39.85032], [32.85477, 39.8502]]]}}, {"type": "Feature", "properties": {}, "geometry": {"type": "Polygon", "coordinates": [[[32.85462, 39.85065], [32.85464, 39.85062], [32.8546, 39.85061], [32.85464, 39.85055], [32.85466, 39.85055], [32.85468, 39.85052], [32.85466, 39.85051], [32.8547, 39.85045], [32.85472, 39.85046], [32.85474, 39.85043], [32.85481, 39.85045], [32.8548, 39.85047], [32.85483, 39.85048], [32.85482, 39.8505], [32.85486, 39.85051], [32.85487, 39.85049], [32.8549, 39.8505], [32.85491, 39.85049], [32.85497, 39.85051], [32.85495, 39.85054], [32.85499, 39.85055], [32.85495, 39.85061], [32.85493, 39.85061], [32.85491, 39.85064], [32.85493, 39.85065], [32.85489, 39.85071], [32.85485, 39.8507], [32.85484, 39.85073], [32.85479, 39.85071], [32.8548, 39.8507], [32.85469, 39.85066], [32.85468, 39.85067], [32.85462, 39.85065]]]}}, {"type": "Feature", "properties": {}, "geometry": {"type": "Polygon", "coordinates": [[[32.85732, 39.8518], [32.85727, 39.85179], [32.85723, 39.85176], [32.85722, 39.85172], [32.85724, 39.85169], [32.85728, 39.85166], [32.85733, 39.85166], [32.85738, 39.85168], [32.8574, 39.85171], [32.8574, 39.85175], [32.85737, 39.85178], [32.85732, 39.8518]]]}}, {"type": "Feature", "properties": {}, "geometry": {"type": "Polygon", "coordinates": [[[32.85709, 39.85159], [32.85719, 39.85152], [32.85728, 39.85159], [32.85718, 39.85166], [32.85709, 39.85159]]]}}, {"type": "Feature", "properties": {}, "geometry": {"type": "Polygon", "coordinates": [[[32.85708, 39.85138], [32.85719, 39.85146], [32.85732, 39.85136], [32.85721, 39.85128], [32.85708, 39.85138]]]}}, {"type": "Feature", "properties": {}, "geometry": {"type": "Polygon", "coordinates": [[[32.85697, 39.8515], [32.85708, 39.85142], [32.85716, 39.85148], [32.85708, 39.85154], [32.8571, 39.85155], [32.85706, 39.85158], [32.85697, 39.8515]]]}}, {"type": "Feature", "properties": {}, "geometry": {"type": "Polygon", "coordinates": [[[32.85692, 39.85147], [32.85703, 39.8514], [32.85694, 39.85132], [32.85683, 39.8514], [32.85692, 39.85147]]]}}, {"type": "Feature", "properties": {}, "geometry": {"type": "Polygon", "coordinates": [[[32.8567, 39.85131], [32.85681, 39.85123], [32.8569, 39.8513], [32.85679, 39.85138], [32.8567, 39.85131]]]}}, {"type": "Feature", "properties": {}, "geometry": {"type": "Polygon", "coordinates": [[[32.85615, 39.85089], [32.85627, 39.85081], [32.85634, 39.85087], [32.85622, 39.85096], [32.85615, 39.85089]]]}}, {"type": "Feature", "properties": {}, "geometry": {"type": "Polygon", "coordinates": [[[32.85603, 39.85103], [32.85594, 39.85096], [32.85582, 39.85104], [32.85586, 39.85108], [32.85593, 39.8511], [32.85603, 39.85103]]]}}, {"type": "Feature", "properties": {}, "geometry": {"type": "Polygon", "coordinates": [[[32.8568, 39.85172], [32.85691, 39.85164], [32.857, 39.85172], [32.85688, 39.85179], [32.8568, 39.85172]]]}}, {"type": "Feature", "properties": {}, "geometry": {"type": "Polygon", "coordinates": [[[32.85321, 39.85681], [32.85322, 39.85667], [32.8534, 39.85668], [32.85339, 39.85682], [32.85321, 39.85681]]]}}, {"type": "Feature", "properties": {}, "geometry": {"type": "Polygon", "coordinates": [[[32.85505, 39.85563], [32.85506, 39.85555], [32.85494, 39.85554], [32.85492, 39.85562], [32.85505, 39.85563]]]}}, {"type": "Feature", "properties": {}, "geometry": {"type": "Polygon", "coordinates": [[[32.8552, 39.85565], [32.85522, 39.85558], [32.85509, 39.85556], [32.85507, 39.85564], [32.8552, 39.85565]]]}}, {"type": "Feature", "properties": {}, "geometry": {"type": "Polygon", "coordinates": [[[32.85613, 39.85531], [32.85615, 39.85523], [32.8564, 39.85526], [32.85638, 39.85535], [32.85613, 39.85531]]]}}, {"type": "Feature", "properties": {}, "geometry": {"type": "Polygon", "coordinates": [[[32.85553, 39.85509], [32.85556, 39.85499], [32.8558, 39.85503], [32.85577, 39.85513], [32.85553, 39.85509]]]}}, {"type": "Feature", "properties": {}, "geometry": {"type": "Polygon", "coordinates": [[[32.85348, 39.8572], [32.85321, 39.85713], [32.85322, 39.857], [32.8533, 39.857], [32.8533, 39.85702], [32.85334, 39.85702], [32.85334, 39.85707], [32.85335, 39.85707], [32.85335, 39.85703], [32.85337, 39.85702], [32.85345, 39.85702], [32.85349, 39.85706], [32.85348, 39.8572]]]}}, {"type": "Feature", "properties": {}, "geometry": {"type": "Polygon", "coordinates": [[[32.85515, 39.85687], [32.85514, 39.85697], [32.85521, 39.85703], [32.8553, 39.85704], [32.85532, 39.85689], [32.85515, 39.85687]]]}}, {"type": "Feature", "properties": {}, "geometry": {"type": "Polygon", "coordinates": [[[32.85667, 39.85705], [32.85668, 39.85688], [32.85693, 39.85691], [32.85693, 39.85699], [32.85675, 39.85704], [32.85674, 39.85703], [32.85667, 39.85705]]]}}, {"type": "Feature", "properties": {}, "geometry": {"type": "Polygon", "coordinates": [[[32.8555, 39.85685], [32.85551, 39.85676], [32.85573, 39.85678], [32.85572, 39.85684], [32.85564, 39.85683], [32.85563, 39.85687], [32.8555, 39.85685]]]}}, {"type": "Feature", "properties": {}, "geometry": {"type": "Polygon", "coordinates": [[[32.8552, 39.85674], [32.85519, 39.85682], [32.85546, 39.85685], [32.85547, 39.8568], [32.85546, 39.85679], [32.85547, 39.85677], [32.8552, 39.85674]]]}}, {"type": "Feature", "properties": {}, "geometry": {"type": "Polygon", "coordinates": [[[32.85586, 39.85709], [32.85588, 39.85693], [32.85606, 39.85694], [32.85605, 39.8571], [32.85586, 39.85709]]]}}, {"type": "Feature", "properties": {}, "geometry": {"type": "Polygon", "coordinates": [[[32.85564, 39.85705], [32.85566, 39.85691], [32.85585, 39.85693], [32.85584, 39.85706], [32.85564, 39.85705]]]}}, {"type": "Feature", "properties": {}, "geometry": {"type": "Polygon", "coordinates": [[[32.85536, 39.85703], [32.85538, 39.8569], [32.85561, 39.85692], [32.85559, 39.85705], [32.85536, 39.85703]]]}}, {"type": "Feature", "properties": {}, "geometry": {"type": "Polygon", "coordinates": [[[32.85623, 39.85742], [32.85623, 39.85738], [32.85621, 39.85738], [32.85622, 39.85727], [32.85624, 39.85727], [32.85624, 39.85725], [32.85652, 39.85727], [32.85652, 39.85731], [32.85654, 39.85731], [32.85653, 39.85744], [32.85623, 39.85742]]]}}, {"type": "Feature", "properties": {}, "geometry": {"type": "Polygon", "coordinates": [[[32.84872, 39.84655], [32.84881, 39.8465], [32.84875, 39.84644], [32.84842, 39.84664], [32.84829, 39.84651], [32.84821, 39.84656], [32.84839, 39.84673], [32.84871, 39.84654], [32.84872, 39.84655]]]}}, {"type": "Feature", "properties": {}, "geometry": {"type": "Polygon", "coordinates": [[[32.85246, 39.85222], [32.85242, 39.85221], [32.85243, 39.85217], [32.85264, 39.8522], [32.85265, 39.85217], [32.85279, 39.85219], [32.85277, 39.85223], [32.85273, 39.85223], [32.85271, 39.85229], [32.85268, 39.85228], [32.85265, 39.85239], [32.8526, 39.85238], [32.85261, 39.85235], [32.85253, 39.85234], [32.85254, 39.8523], [32.85244, 39.85228], [32.85246, 39.85222]]]}}, {"type": "Feature", "properties": {}, "geometry": {"type": "Polygon", "coordinates": [[[32.85246, 39.85334], [32.85242, 39.85333], [32.85244, 39.85329], [32.85265, 39.85333], [32.85266, 39.85329], [32.85279, 39.85331], [32.85278, 39.85335], [32.85274, 39.85335], [32.85272, 39.85341], [32.85269, 39.8534], [32.85266, 39.85351], [32.8526, 39.8535], [32.85261, 39.85347], [32.85253, 39.85346], [32.85254, 39.85342], [32.85245, 39.8534], [32.85246, 39.85334]]]}}, {"type": "Feature", "properties": {}, "geometry": {"type": "Polygon", "coordinates": [[[32.85218, 39.85258], [32.85214, 39.85257], [32.85215, 39.85253], [32.85237, 39.85256], [32.85238, 39.85253], [32.85251, 39.85255], [32.8525, 39.85259], [32.85245, 39.85258], [32.85244, 39.85264], [32.85241, 39.85264], [32.85238, 39.85275], [32.85232, 39.85274], [32.85233, 39.85271], [32.85225, 39.85269], [32.85226, 39.85265], [32.85217, 39.85264], [32.85218, 39.85258]]]}}, {"type": "Feature", "properties": {}, "geometry": {"type": "Polygon", "coordinates": [[[32.85184, 39.85371], [32.85204, 39.85365], [32.85212, 39.85351], [32.85209, 39.85345], [32.85163, 39.85358], [32.85166, 39.85364], [32.85184, 39.85371]]]}}, {"type": "Feature", "properties": {}, "geometry": {"type": "Polygon", "coordinates": [[[32.85156, 39.85279], [32.85155, 39.8528], [32.85147, 39.85277], [32.85148, 39.85276], [32.85146, 39.85275], [32.85149, 39.8527], [32.85145, 39.85269], [32.85144, 39.85263], [32.85143, 39.85262], [32.85142, 39.8526], [32.8514, 39.85259], [32.85142, 39.85254], [32.85145, 39.85254], [32.85147, 39.85253], [32.85152, 39.85253], [32.85152, 39.85254], [32.85155, 39.85254], [32.85157, 39.85253], [32.85161, 39.85248], [32.85162, 39.85248], [32.85163, 39.85247], [32.8517, 39.8525], [32.8517, 39.85251], [32.85174, 39.85253], [32.85174, 39.85255], [32.85173, 39.85257], [32.85175, 39.85259], [32.85175, 39.85261], [32.85175, 39.85261], [32.85177, 39.85263], [32.85175, 39.85267], [32.85173, 39.85266], [32.85172, 39.85267], [32.85174, 39.85268], [32.85172, 39.85271], [32.85164, 39.85275], [32.85162, 39.85279], [32.8516, 39.85279], [32.85156, 39.85279]]]}}, {"type": "Feature", "properties": {}, "geometry": {"type": "Polygon", "coordinates": [[[32.8531, 39.85462], [32.85308, 39.85462], [32.85309, 39.85452], [32.85312, 39.85452], [32.85313, 39.8545], [32.85345, 39.85453], [32.85344, 39.85456], [32.85347, 39.85456], [32.85345, 39.85466], [32.85342, 39.85466], [32.85342, 39.85468], [32.8531, 39.85465], [32.8531, 39.85462]]]}}, {"type": "Feature", "properties": {}, "geometry": {"type": "Polygon", "coordinates": [[[32.85349, 39.85434], [32.85355, 39.85434], [32.85353, 39.85443], [32.85348, 39.85443], [32.85346, 39.85449], [32.8533, 39.85447], [32.85334, 39.85426], [32.8535, 39.85427], [32.85349, 39.85434]]]}}, {"type": "Feature", "properties": {}, "geometry": {"type": "Polygon", "coordinates": [[[32.85335, 39.85404], [32.85333, 39.8542], [32.85359, 39.85422], [32.85362, 39.85406], [32.85335, 39.85404]]]}}, {"type": "Feature", "properties": {}, "geometry": {"type": "Polygon", "coordinates": [[[32.85342, 39.85384], [32.85339, 39.854], [32.85363, 39.85403], [32.85366, 39.85386], [32.85342, 39.85384]]]}}, {"type": "Feature", "properties": {}, "geometry": {"type": "Polygon", "coordinates": [[[32.85342, 39.85378], [32.85344, 39.8537], [32.85367, 39.85372], [32.85365, 39.85381], [32.85342, 39.85378]]]}}, {"type": "Feature", "properties": {}, "geometry": {"type": "Polygon", "coordinates": [[[32.85314, 39.85375], [32.85315, 39.85367], [32.85339, 39.85369], [32.85337, 39.85377], [32.85314, 39.85375]]]}}, {"type": "Feature", "properties": {}, "geometry": {"type": "Polygon", "coordinates": [[[32.85312, 39.8539], [32.85313, 39.8538], [32.85336, 39.85381], [32.85334, 39.85391], [32.85312, 39.8539]]]}}, {"type": "Feature", "properties": {}, "geometry": {"type": "Polygon", "coordinates": [[[32.85309, 39.85394], [32.85332, 39.85396], [32.85331, 39.85404], [32.85308, 39.85402], [32.85309, 39.85394]]]}}, {"type": "Feature", "properties": {}, "geometry": {"type": "Polygon", "coordinates": [[[32.85306, 39.85417], [32.85308, 39.85408], [32.8533, 39.85409], [32.85329, 39.85419], [32.85306, 39.85417]]]}}, {"type": "Feature", "properties": {}, "geometry": {"type": "Polygon", "coordinates": [[[32.8567, 39.8483], [32.85675, 39.84839], [32.85691, 39.84853], [32.85705, 39.84846], [32.85694, 39.84834], [32.85692, 39.84834], [32.85685, 39.84826], [32.8567, 39.8483]]]}}, {"type": "Feature", "properties": {}, "geometry": {"type": "Polygon", "coordinates": [[[32.85649, 39.84672], [32.85657, 39.84681], [32.85676, 39.84672], [32.85668, 39.84663], [32.85649, 39.84672]]]}}, {"type": "Feature", "properties": {}, "geometry": {"type": "Polygon", "coordinates": [[[32.85637, 39.84659], [32.85645, 39.84668], [32.85663, 39.84658], [32.85655, 39.84649], [32.85637, 39.84659]]]}}, {"type": "Feature", "properties": {}, "geometry": {"type": "Polygon", "coordinates": [[[32.85623, 39.84645], [32.85632, 39.84654], [32.85649, 39.84644], [32.85641, 39.84635], [32.85623, 39.84645]]]}}, {"type": "Feature", "properties": {}, "geometry": {"type": "Polygon", "coordinates": [[[32.85609, 39.84631], [32.85617, 39.8464], [32.85635, 39.84629], [32.85626, 39.8462], [32.85609, 39.84631]]]}}, {"type": "Feature", "properties": {}, "geometry": {"type": "Polygon", "coordinates": [[[32.85594, 39.84617], [32.85603, 39.84626], [32.8562, 39.84616], [32.85611, 39.84607], [32.85594, 39.84617]]]}}, {"type": "Feature", "properties": {}, "geometry": {"type": "Polygon", "coordinates": [[[32.85578, 39.84604], [32.85588, 39.84612], [32.85605, 39.84602], [32.85595, 39.84593], [32.85578, 39.84604]]]}}, {"type": "Feature", "properties": {}, "geometry": {"type": "Polygon", "coordinates": [[[32.85563, 39.84591], [32.85572, 39.84599], [32.85589, 39.84588], [32.85579, 39.84579], [32.85563, 39.84591]]]}}, {"type": "Feature", "properties": {}, "geometry": {"type": "Polygon", "coordinates": [[[32.85548, 39.84578], [32.85557, 39.84586], [32.85574, 39.84575], [32.85564, 39.84566], [32.85548, 39.84578]]]}}, {"type": "Feature", "properties": {}, "geometry": {"type": "Polygon", "coordinates": [[[32.83943, 39.8502], [32.83937, 39.85041], [32.83967, 39.85046], [32.83974, 39.85025], [32.83943, 39.8502]]]}}, {"type": "Feature", "properties": {}, "geometry": {"type": "Polygon", "coordinates": [[[32.83933, 39.84984], [32.83927, 39.85005], [32.83957, 39.85011], [32.83964, 39.8499], [32.83933, 39.84984]]]}}, {"type": "Feature", "properties": {}, "geometry": {"type": "Polygon", "coordinates": [[[32.85103, 39.85484], [32.8513, 39.8549], [32.85136, 39.85477], [32.85108, 39.8547], [32.85103, 39.85484]]]}}, {"type": "Feature", "properties": {}, "geometry": {"type": "Polygon", "coordinates": [[[32.85125, 39.85437], [32.85153, 39.85444], [32.85158, 39.8543], [32.8513, 39.85424], [32.85125, 39.85437]]]}}, {"type": "Feature", "properties": {}, "geometry": {"type": "Polygon", "coordinates": [[[32.85153, 39.8548], [32.85181, 39.85486], [32.85186, 39.85473], [32.85159, 39.85467], [32.85153, 39.8548]]]}}, {"type": "Feature", "properties": {}, "geometry": {"type": "Polygon", "coordinates": [[[32.85074, 39.85459], [32.85102, 39.85465], [32.85107, 39.85452], [32.85079, 39.85445], [32.85074, 39.85459]]]}}, {"type": "Feature", "properties": {}, "geometry": {"type": "Polygon", "coordinates": [[[32.83389, 39.84885], [32.83397, 39.84873], [32.83412, 39.84879], [32.83406, 39.84887], [32.83404, 39.84891], [32.83393, 39.84887], [32.83389, 39.84885]]]}}, {"type": "Feature", "properties": {}, "geometry": {"type": "Polygon", "coordinates": [[[32.83157, 39.84782], [32.83174, 39.84789], [32.83167, 39.848], [32.8315, 39.84794], [32.83149, 39.84793], [32.83157, 39.84782]]]}}, {"type": "Feature", "properties": {}, "geometry": {"type": "Polygon", "coordinates": [[[32.83388, 39.84886], [32.83389, 39.84885], [32.83397, 39.84873], [32.83412, 39.84879], [32.83406, 39.84887], [32.83428, 39.84896], [32.83434, 39.84896], [32.8344, 39.84895], [32.83445, 39.84892], [32.83448, 39.8489], [32.83451, 39.84886], [32.83452, 39.84882], [32.83452, 39.84878], [32.83437, 39.84845], [32.83425, 39.8484], [32.83429, 39.84833], [32.83421, 39.8483], [32.83425, 39.84824], [32.83416, 39.8482], [32.8342, 39.84815], [32.83347, 39.84787], [32.83362, 39.84764], [32.83357, 39.84762], [32.83357, 39.84761], [32.83312, 39.84743], [32.83311, 39.84744], [32.83305, 39.84742], [32.8329, 39.84765], [32.83233, 39.84743], [32.83234, 39.84742], [32.83215, 39.84735], [32.83214, 39.84736], [32.83206, 39.84733], [32.83203, 39.84739], [32.83194, 39.84736], [32.8319, 39.84742], [32.83183, 39.84739], [32.83155, 39.84782], [32.83157, 39.84782], [32.83174, 39.84789], [32.83167, 39.848], [32.83166, 39.84801], [32.83191, 39.84811], [32.83189, 39.84814], [32.83259, 39.8484], [32.83261, 39.84837], [32.83293, 39.8485], [32.83291, 39.84852], [32.83361, 39.84879], [32.83363, 39.84876], [32.83388, 39.84886]]]}}, {"type": "Feature", "properties": {}, "geometry": {"type": "Polygon", "coordinates": [[[32.8403, 39.84026], [32.84055, 39.84009], [32.84068, 39.8402], [32.84063, 39.84023], [32.84054, 39.84016], [32.84039, 39.84026], [32.84048, 39.84034], [32.84043, 39.84037], [32.8403, 39.84026]]]}}, {"type": "Feature", "properties": {}, "geometry": {"type": "Polygon", "coordinates": [[[32.84598, 39.85057], [32.84591, 39.85066], [32.846, 39.8507], [32.84606, 39.85062], [32.84598, 39.85057]]]}}, {"type": "Feature", "properties": {}, "geometry": {"type": "Polygon", "coordinates": [[[32.84594, 39.85056], [32.84576, 39.85048], [32.84568, 39.85058], [32.84585, 39.85066], [32.84594, 39.85056]]]}}, {"type": "Feature", "properties": {}, "geometry": {"type": "Polygon", "coordinates": [[[32.846, 39.85083], [32.84605, 39.85077], [32.84594, 39.85072], [32.8459, 39.85079], [32.846, 39.85083]]]}}, {"type": "Feature", "properties": {}, "geometry": {"type": "Polygon", "coordinates": [[[32.84008, 39.84858], [32.84025, 39.84842], [32.84007, 39.84831], [32.8399, 39.84847], [32.84008, 39.84858]]]}}, {"type": "Feature", "properties": {}, "geometry": {"type": "Polygon", "coordinates": [[[32.84039, 39.84831], [32.84056, 39.84815], [32.84038, 39.84803], [32.84021, 39.84819], [32.84039, 39.84831]]]}}, {"type": "Feature", "properties": {}, "geometry": {"type": "Polygon", "coordinates": [[[32.85647, 39.87045], [32.85647, 39.87025], [32.85634, 39.87025], [32.85634, 39.87027], [32.85626, 39.87027], [32.85626, 39.87044], [32.85634, 39.87044], [32.85634, 39.87045], [32.85647, 39.87045]]]}}, {"type": "Feature", "properties": {}, "geometry": {"type": "Polygon", "coordinates": [[[32.85799, 39.86918], [32.85782, 39.86923], [32.85784, 39.86926], [32.8578, 39.86927], [32.85787, 39.8694], [32.85791, 39.86939], [32.85792, 39.86941], [32.85808, 39.86935], [32.85799, 39.86918]]]}}, {"type": "Feature", "properties": {}, "geometry": {"type": "Polygon", "coordinates": [[[32.85226, 39.86351], [32.85243, 39.86343], [32.85221, 39.86313], [32.85204, 39.8632], [32.85226, 39.86351]]]}}, {"type": "Feature", "properties": {}, "geometry": {"type": "Polygon", "coordinates": [[[32.85013, 39.86494], [32.85028, 39.86483], [32.85009, 39.86468], [32.84994, 39.86479], [32.85013, 39.86494]]]}}, {"type": "Feature", "properties": {}, "geometry": {"type": "Polygon", "coordinates": [[[32.82789, 39.84807], [32.82777, 39.84799], [32.82778, 39.84795], [32.8277, 39.84789], [32.82766, 39.8479], [32.82754, 39.84782], [32.82757, 39.8478], [32.82752, 39.84777], [32.82759, 39.84772], [32.82757, 39.8477], [32.82773, 39.84757], [32.82776, 39.8476], [32.82784, 39.84753], [32.82812, 39.84774], [32.82817, 39.8477], [32.8283, 39.84779], [32.82832, 39.84777], [32.82839, 39.84787], [32.82789, 39.84807]]]}}, {"type": "Feature", "properties": {}, "geometry": {"type": "Polygon", "coordinates": [[[32.82839, 39.84731], [32.82831, 39.84719], [32.82819, 39.84724], [32.82827, 39.84736], [32.82839, 39.84731]]]}}, {"type": "Feature", "properties": {}, "geometry": {"type": "Polygon", "coordinates": [[[32.82845, 39.84761], [32.82861, 39.84754], [32.82843, 39.84729], [32.82839, 39.84731], [32.82827, 39.84736], [32.82845, 39.84761]]]}}, {"type": "Feature", "properties": {}, "geometry": {"type": "Polygon", "coordinates": [[[32.82853, 39.84778], [32.82874, 39.8477], [32.82862, 39.84754], [32.82861, 39.84754], [32.82845, 39.84761], [32.82841, 39.84762], [32.82853, 39.84778]]]}}, {"type": "Feature", "properties": {}, "geometry": {"type": "Polygon", "coordinates": [[[32.831, 39.85141], [32.83105, 39.85145], [32.83109, 39.85142], [32.8312, 39.85149], [32.83112, 39.85156], [32.83116, 39.85159], [32.83101, 39.85172], [32.831, 39.85171], [32.83099, 39.85172], [32.83081, 39.8516], [32.83077, 39.85163], [32.83067, 39.85156], [32.83086, 39.8514], [32.83091, 39.85143], [32.83093, 39.85141], [32.831, 39.85141]]]}}, {"type": "Feature", "properties": {}, "geometry": {"type": "Polygon", "coordinates": [[[32.83164, 39.85067], [32.83149, 39.85057], [32.83144, 39.85054], [32.83138, 39.85059], [32.83157, 39.85072], [32.83164, 39.85067]]]}}, {"type": "Feature", "properties": {}, "geometry": {"type": "Polygon", "coordinates": [[[32.83155, 39.85051], [32.83149, 39.85057], [32.83164, 39.85067], [32.83168, 39.8507], [32.83174, 39.85064], [32.83155, 39.85051]]]}}, {"type": "Feature", "properties": {}, "geometry": {"type": "Polygon", "coordinates": [[[32.83099, 39.85099], [32.83116, 39.85112], [32.83124, 39.85111], [32.83124, 39.85117], [32.8313, 39.85117], [32.8313, 39.85115], [32.83138, 39.85115], [32.83138, 39.85119], [32.83161, 39.85119], [32.83161, 39.85114], [32.83179, 39.85113], [32.83179, 39.8509], [32.8316, 39.8509], [32.8316, 39.85086], [32.83129, 39.85086], [32.83122, 39.85081], [32.83099, 39.85099]]]}}, {"type": "Feature", "properties": {}, "geometry": {"type": "Polygon", "coordinates": [[[32.83075, 39.84985], [32.83082, 39.84978], [32.83072, 39.84971], [32.83059, 39.84981], [32.83068, 39.84987], [32.83072, 39.84983], [32.83075, 39.84985]]]}}, {"type": "Feature", "properties": {}, "geometry": {"type": "Polygon", "coordinates": [[[32.83104, 39.85005], [32.83107, 39.85007], [32.83103, 39.85011], [32.8311, 39.85017], [32.83122, 39.85006], [32.83112, 39.84999], [32.83104, 39.85005]]]}}, {"type": "Feature", "properties": {}, "geometry": {"type": "Polygon", "coordinates": [[[32.83084, 39.84977], [32.83082, 39.84978], [32.83075, 39.84985], [32.83073, 39.84987], [32.83084, 39.84994], [32.83083, 39.84995], [32.8309, 39.85], [32.83091, 39.84999], [32.83102, 39.85007], [32.83104, 39.85005], [32.83112, 39.84999], [32.83113, 39.84998], [32.83084, 39.84977]]]}}, {"type": "Feature", "properties": {}, "geometry": {"type": "Polygon", "coordinates": [[[32.83006, 39.854], [32.83008, 39.85401], [32.83009, 39.854], [32.83017, 39.85393], [32.83015, 39.85392], [32.8302, 39.85387], [32.83003, 39.85376], [32.82983, 39.85362], [32.82977, 39.85367], [32.82976, 39.85366], [32.82969, 39.85372], [32.82998, 39.85392], [32.82996, 39.85393], [32.83006, 39.854]]]}}, {"type": "Feature", "properties": {}, "geometry": {"type": "Polygon", "coordinates": [[[32.83003, 39.85376], [32.8302, 39.85387], [32.83035, 39.85398], [32.83041, 39.85393], [32.83043, 39.85394], [32.83046, 39.85394], [32.8305, 39.85393], [32.83052, 39.85392], [32.83054, 39.8539], [32.83056, 39.85386], [32.83055, 39.85384], [32.83053, 39.85383], [32.83059, 39.85377], [32.83026, 39.85355], [32.83003, 39.85376]]]}}, {"type": "Feature", "properties": {}, "geometry": {"type": "Polygon", "coordinates": [[[32.82854, 39.85287], [32.82854, 39.85293], [32.82872, 39.85293], [32.82872, 39.85286], [32.82854, 39.85287]]]}}, {"type": "Feature", "properties": {}, "geometry": {"type": "Polygon", "coordinates": [[[32.82833, 39.85284], [32.82833, 39.85299], [32.82854, 39.85299], [32.82854, 39.85293], [32.82854, 39.85287], [32.82854, 39.85283], [32.82833, 39.85284]]]}}, {"type": "Feature", "properties": {}, "geometry": {"type": "Polygon", "coordinates": [[[32.82859, 39.85312], [32.8283, 39.85312], [32.8283, 39.85332], [32.82837, 39.85332], [32.82837, 39.85335], [32.82852, 39.85335], [32.82852, 39.85331], [32.82859, 39.85331], [32.82859, 39.85312]]]}}, {"type": "Feature", "properties": {}, "geometry": {"type": "Polygon", "coordinates": [[[32.82954, 39.85264], [32.82966, 39.85254], [32.82968, 39.85255], [32.82978, 39.85247], [32.83007, 39.85269], [32.82985, 39.85286], [32.82954, 39.85264]]]}}, {"type": "Feature", "properties": {}, "geometry": {"type": "Polygon", "coordinates": [[[32.82926, 39.85243], [32.82947, 39.85227], [32.82967, 39.85242], [32.82947, 39.85258], [32.82954, 39.85264], [32.82966, 39.85254], [32.82962, 39.85251], [32.82974, 39.85242], [32.82945, 39.85221], [32.82922, 39.8524], [32.82926, 39.85243]]]}}, {"type": "Feature", "properties": {}, "geometry": {"type": "Polygon", "coordinates": [[[32.82923, 39.85246], [32.82928, 39.8525], [32.82925, 39.85252], [32.82936, 39.85259], [32.82938, 39.85257], [32.82943, 39.85261], [32.82947, 39.85258], [32.82967, 39.85242], [32.82947, 39.85227], [32.82926, 39.85243], [32.82923, 39.85246]]]}}, {"type": "Feature", "properties": {}, "geometry": {"type": "Polygon", "coordinates": [[[32.82815, 39.85064], [32.82815, 39.85063], [32.82802, 39.85055], [32.82802, 39.85055], [32.82796, 39.85051], [32.82796, 39.85051], [32.82793, 39.85053], [32.8279, 39.85051], [32.82786, 39.85054], [32.82789, 39.85056], [32.82786, 39.85059], [32.82792, 39.85063], [32.82792, 39.85063], [32.82804, 39.85072], [32.82803, 39.85073], [32.82819, 39.85085], [32.82831, 39.85075], [32.82829, 39.85074], [32.82831, 39.85071], [32.8282, 39.85063], [32.82817, 39.85065], [32.82815, 39.85064]]]}}, {"type": "Feature", "properties": {}, "geometry": {"type": "Polygon", "coordinates": [[[32.82902, 39.85096], [32.8289, 39.85096], [32.8289, 39.85102], [32.82886, 39.85105], [32.82889, 39.85108], [32.82885, 39.85111], [32.82893, 39.85117], [32.82897, 39.85113], [32.82901, 39.85116], [32.82905, 39.85113], [32.82912, 39.85112], [32.82912, 39.85103], [32.82902, 39.85096]]]}}, {"type": "Feature", "properties": {}, "geometry": {"type": "Polygon", "coordinates": [[[32.82725, 39.85134], [32.82714, 39.85126], [32.82711, 39.85125], [32.82708, 39.85125], [32.82705, 39.85125], [32.82702, 39.85125], [32.82699, 39.85125], [32.82697, 39.85126], [32.82694, 39.85126], [32.82692, 39.85127], [32.82682, 39.85136], [32.82706, 39.85152], [32.8271, 39.85148], [32.82715, 39.85151], [32.82713, 39.85153], [32.8272, 39.85157], [32.82718, 39.85159], [32.82724, 39.85163], [32.8272, 39.85167], [32.82727, 39.85171], [32.82734, 39.85165], [32.82735, 39.85166], [32.8274, 39.85161], [32.82739, 39.85161], [32.82743, 39.85157], [32.82736, 39.85153], [32.82735, 39.85154], [32.82718, 39.85142], [32.82724, 39.85136], [32.82723, 39.85136], [32.82725, 39.85134]]]}}, {"type": "Feature", "properties": {}, "geometry": {"type": "Polygon", "coordinates": [[[32.82695, 39.85024], [32.82698, 39.85022], [32.827, 39.85024], [32.82706, 39.85019], [32.82703, 39.85018], [32.82706, 39.85015], [32.827, 39.85011], [32.82699, 39.85012], [32.82696, 39.8501], [32.82697, 39.85009], [32.82687, 39.85002], [32.82686, 39.85002], [32.82683, 39.85], [32.82684, 39.85], [32.82677, 39.84995], [32.82675, 39.84998], [32.82672, 39.84996], [32.82667, 39.85001], [32.82669, 39.85002], [32.82667, 39.85005], [32.82673, 39.85009], [32.82673, 39.85008], [32.82676, 39.8501], [32.82676, 39.85011], [32.82686, 39.85018], [32.82687, 39.85017], [32.8269, 39.8502], [32.82689, 39.8502], [32.82695, 39.85024]]]}}, {"type": "Feature", "properties": {}, "geometry": {"type": "Polygon", "coordinates": [[[32.82726, 39.84964], [32.82707, 39.8495], [32.82691, 39.84964], [32.82697, 39.84968], [32.82693, 39.84971], [32.82701, 39.84976], [32.82705, 39.84973], [32.82711, 39.84977], [32.82726, 39.84964]]]}}, {"type": "Feature", "properties": {}, "geometry": {"type": "Polygon", "coordinates": [[[32.8272, 39.84981], [32.8275, 39.85001], [32.8276, 39.84993], [32.82755, 39.84989], [32.82758, 39.84987], [32.82738, 39.84973], [32.82735, 39.84975], [32.8273, 39.84972], [32.8272, 39.84981]]]}}, {"type": "Feature", "properties": {}, "geometry": {"type": "Polygon", "coordinates": [[[32.82612, 39.85546], [32.8264, 39.85563], [32.82657, 39.85547], [32.82629, 39.8553], [32.82612, 39.85546]]]}}, {"type": "Feature", "properties": {}, "geometry": {"type": "Polygon", "coordinates": [[[32.82491, 39.84988], [32.82502, 39.85007], [32.82533, 39.84997], [32.82522, 39.84978], [32.82491, 39.84988]]]}}, {"type": "Feature", "properties": {}, "geometry": {"type": "Polygon", "coordinates": [[[32.82598, 39.84886], [32.82592, 39.84898], [32.82611, 39.84904], [32.82596, 39.84932], [32.82543, 39.84916], [32.82537, 39.84927], [32.82544, 39.84929], [32.82541, 39.84935], [32.82594, 39.84951], [32.82594, 39.84953], [32.82598, 39.84954], [32.826, 39.84949], [32.82609, 39.84952], [32.82638, 39.84898], [32.82598, 39.84886]]]}}, {"type": "Feature", "properties": {}, "geometry": {"type": "Polygon", "coordinates": [[[32.82587, 39.84836], [32.82583, 39.84838], [32.82583, 39.84837], [32.82566, 39.84844], [32.82569, 39.84847], [32.82567, 39.84848], [32.82573, 39.84856], [32.82574, 39.84855], [32.82577, 39.84858], [32.82593, 39.84851], [32.82592, 39.84851], [32.82596, 39.84849], [32.82587, 39.84836]]]}}, {"type": "Feature", "properties": {}, "geometry": {"type": "Polygon", "coordinates": [[[32.82585, 39.84833], [32.82587, 39.84836], [32.82596, 39.84849], [32.82598, 39.84851], [32.82616, 39.84844], [32.82603, 39.84826], [32.82585, 39.84833]]]}}, {"type": "Feature", "properties": {}, "geometry": {"type": "Polygon", "coordinates": [[[32.8237, 39.8495], [32.82381, 39.84961], [32.82384, 39.84959], [32.82387, 39.84962], [32.82404, 39.84952], [32.82402, 39.8495], [32.82405, 39.84948], [32.82394, 39.84936], [32.82391, 39.84938], [32.82388, 39.84935], [32.82371, 39.84945], [32.82373, 39.84948], [32.8237, 39.8495]]]}}, {"type": "Feature", "properties": {}, "geometry": {"type": "Polygon", "coordinates": [[[32.82366, 39.84988], [32.82377, 39.85], [32.82381, 39.84998], [32.82383, 39.85001], [32.82401, 39.84991], [32.82398, 39.84989], [32.82402, 39.84987], [32.82391, 39.84975], [32.82388, 39.84977], [32.82385, 39.84974], [32.82368, 39.84983], [32.8237, 39.84986], [32.82366, 39.84988]]]}}, {"type": "Feature", "properties": {}, "geometry": {"type": "Polygon", "coordinates": [[[32.82402, 39.85014], [32.82414, 39.85025], [32.82418, 39.85023], [32.8242, 39.85025], [32.82437, 39.85014], [32.82434, 39.85012], [32.82437, 39.8501], [32.82425, 39.84999], [32.82421, 39.85001], [32.82419, 39.84999], [32.82402, 39.85009], [32.82405, 39.85012], [32.82402, 39.85014]]]}}, {"type": "Feature", "properties": {}, "geometry": {"type": "Polygon", "coordinates": [[[32.82364, 39.85025], [32.82383, 39.85039], [32.82402, 39.85025], [32.82383, 39.85011], [32.82364, 39.85025]]]}}, {"type": "Feature", "properties": {}, "geometry": {"type": "Polygon", "coordinates": [[[32.82327, 39.85066], [32.82361, 39.85053], [32.82357, 39.85047], [32.82354, 39.85048], [32.82347, 39.85037], [32.82319, 39.85048], [32.82326, 39.85059], [32.82323, 39.8506], [32.82327, 39.85066]]]}}, {"type": "Feature", "properties": {}, "geometry": {"type": "Polygon", "coordinates": [[[32.823, 39.85036], [32.82334, 39.85023], [32.82331, 39.85017], [32.82328, 39.85018], [32.8232, 39.85007], [32.82292, 39.85017], [32.823, 39.85029], [32.82297, 39.8503], [32.823, 39.85036]]]}}, {"type": "Feature", "properties": {}, "geometry": {"type": "Polygon", "coordinates": [[[32.82734, 39.84722], [32.82759, 39.84712], [32.82747, 39.84693], [32.82722, 39.84703], [32.82734, 39.84722]]]}}, {"type": "Feature", "properties": {}, "geometry": {"type": "Polygon", "coordinates": [[[32.82638, 39.84699], [32.82656, 39.84708], [32.82664, 39.84699], [32.82646, 39.8469], [32.82638, 39.84699]]]}}, {"type": "Feature", "properties": {}, "geometry": {"type": "Polygon", "coordinates": [[[32.82625, 39.84706], [32.82653, 39.84721], [32.82661, 39.84711], [32.82656, 39.84708], [32.82638, 39.84699], [32.82634, 39.84696], [32.82625, 39.84706]]]}}, {"type": "Feature", "properties": {}, "geometry": {"type": "Polygon", "coordinates": [[[32.82592, 39.84671], [32.8261, 39.8468], [32.82618, 39.84671], [32.82601, 39.84662], [32.82592, 39.84671]]]}}, {"type": "Feature", "properties": {}, "geometry": {"type": "Polygon", "coordinates": [[[32.82579, 39.84678], [32.82607, 39.84693], [32.82616, 39.84683], [32.8261, 39.8468], [32.82592, 39.84671], [32.82588, 39.84669], [32.82579, 39.84678]]]}}, {"type": "Feature", "properties": {}, "geometry": {"type": "Polygon", "coordinates": [[[32.82562, 39.8464], [32.82557, 39.84635], [32.82551, 39.84631], [32.82538, 39.84633], [32.82536, 39.84638], [32.8253, 39.84637], [32.8252, 39.84643], [32.82521, 39.84649], [32.82524, 39.84655], [32.82549, 39.84661], [32.82555, 39.84659], [32.82562, 39.8464]]]}}, {"type": "Feature", "properties": {}, "geometry": {"type": "Polygon", "coordinates": [[[32.82643, 39.84609], [32.82647, 39.84604], [32.82654, 39.84608], [32.82663, 39.84598], [32.82667, 39.84596], [32.82668, 39.84592], [32.82667, 39.84588], [32.82662, 39.84585], [32.8263, 39.84586], [32.82623, 39.84588], [32.82621, 39.84594], [32.82623, 39.84599], [32.82643, 39.84609]]]}}, {"type": "Feature", "properties": {}, "geometry": {"type": "Polygon", "coordinates": [[[32.82574, 39.84593], [32.8257, 39.84588], [32.82565, 39.84584], [32.82554, 39.84585], [32.82552, 39.8459], [32.82546, 39.84588], [32.82538, 39.84593], [32.82538, 39.84598], [32.82541, 39.84603], [32.82561, 39.84609], [32.82566, 39.84608], [32.82574, 39.84593]]]}}, {"type": "Feature", "properties": {}, "geometry": {"type": "Polygon", "coordinates": [[[32.82613, 39.84558], [32.82611, 39.84553], [32.82607, 39.84548], [32.82597, 39.84547], [32.82593, 39.84551], [32.82588, 39.84548], [32.82579, 39.84551], [32.82577, 39.84556], [32.82578, 39.84561], [32.82595, 39.84571], [32.826, 39.84571], [32.82613, 39.84558]]]}}, {"type": "Feature", "properties": {}, "geometry": {"type": "Polygon", "coordinates": [[[32.828, 39.84694], [32.82811, 39.84682], [32.82789, 39.8467], [32.82778, 39.84682], [32.828, 39.84694]]]}}, {"type": "Feature", "properties": {}, "geometry": {"type": "Polygon", "coordinates": [[[32.82142, 39.8492], [32.82129, 39.84902], [32.82107, 39.84911], [32.8212, 39.84929], [32.82142, 39.8492]]]}}, {"type": "Feature", "properties": {}, "geometry": {"type": "Polygon", "coordinates": [[[32.82044, 39.84957], [32.82051, 39.84969], [32.82066, 39.84963], [32.82058, 39.84951], [32.82044, 39.84957]]]}}, {"type": "Feature", "properties": {}, "geometry": {"type": "Polygon", "coordinates": [[[32.82049, 39.84932], [32.82031, 39.84939], [32.8204, 39.84952], [32.82057, 39.84945], [32.82049, 39.84932]]]}}, {"type": "Feature", "properties": {}, "geometry": {"type": "Polygon", "coordinates": [[[32.82026, 39.84978], [32.82044, 39.84972], [32.82033, 39.84953], [32.82014, 39.8496], [32.82026, 39.84978]]]}}, {"type": "Feature", "properties": {}, "geometry": {"type": "Polygon", "coordinates": [[[32.81995, 39.84974], [32.82004, 39.84987], [32.82019, 39.84981], [32.8201, 39.84968], [32.81995, 39.84974]]]}}, {"type": "Feature", "properties": {}, "geometry": {"type": "Polygon", "coordinates": [[[32.8198, 39.84995], [32.81995, 39.84989], [32.81985, 39.84974], [32.8197, 39.8498], [32.8198, 39.84995]]]}}, {"type": "Feature", "properties": {}, "geometry": {"type": "Polygon", "coordinates": [[[32.81953, 39.84991], [32.8196, 39.85002], [32.81974, 39.84997], [32.81967, 39.84986], [32.81953, 39.84991]]]}}, {"type": "Feature", "properties": {}, "geometry": {"type": "Polygon", "coordinates": [[[32.8194, 39.85008], [32.81953, 39.85003], [32.81945, 39.84991], [32.81932, 39.84996], [32.8194, 39.85008]]]}}, {"type": "Feature", "properties": {}, "geometry": {"type": "Polygon", "coordinates": [[[32.81923, 39.84996], [32.81909, 39.85001], [32.81918, 39.85015], [32.81932, 39.8501], [32.81923, 39.84996]]]}}, {"type": "Feature", "properties": {}, "geometry": {"type": "Polygon", "coordinates": [[[32.81931, 39.85044], [32.81924, 39.85032], [32.81912, 39.85036], [32.8192, 39.85048], [32.81931, 39.85044]]]}}, {"type": "Feature", "properties": {}, "geometry": {"type": "Polygon", "coordinates": [[[32.81954, 39.85041], [32.81945, 39.85026], [32.8193, 39.85032], [32.8194, 39.85047], [32.81954, 39.85041]]]}}, {"type": "Feature", "properties": {}, "geometry": {"type": "Polygon", "coordinates": [[[32.81975, 39.8503], [32.81969, 39.85021], [32.81955, 39.85026], [32.81962, 39.85039], [32.81973, 39.85035], [32.81971, 39.85032], [32.81975, 39.8503]]]}}, {"type": "Feature", "properties": {}, "geometry": {"type": "Polygon", "coordinates": [[[32.81997, 39.85024], [32.81988, 39.8501], [32.81974, 39.85015], [32.81983, 39.85029], [32.81997, 39.85024]]]}}, {"type": "Feature", "properties": {}, "geometry": {"type": "Polygon", "coordinates": [[[32.82018, 39.85018], [32.8201, 39.85005], [32.81996, 39.85009], [32.82005, 39.85023], [32.82018, 39.85018]]]}}, {"type": "Feature", "properties": {}, "geometry": {"type": "Polygon", "coordinates": [[[32.82038, 39.85008], [32.82031, 39.84998], [32.82014, 39.85004], [32.82021, 39.85015], [32.82038, 39.85008]]]}}, {"type": "Feature", "properties": {}, "geometry": {"type": "Polygon", "coordinates": [[[32.82068, 39.84996], [32.8206, 39.84984], [32.8204, 39.84991], [32.82047, 39.85003], [32.82068, 39.84996]]]}}, {"type": "Feature", "properties": {}, "geometry": {"type": "Polygon", "coordinates": [[[32.82063, 39.84772], [32.82056, 39.84772], [32.82056, 39.8477], [32.82049, 39.84769], [32.82048, 39.84785], [32.82055, 39.84786], [32.82057, 39.84789], [32.82053, 39.84793], [32.8207, 39.84801], [32.82073, 39.84797], [32.82071, 39.84796], [32.82074, 39.84792], [32.8207, 39.8479], [32.82074, 39.84786], [32.82068, 39.84776], [32.82065, 39.84776], [32.82063, 39.84772]]]}}, {"type": "Feature", "properties": {}, "geometry": {"type": "Polygon", "coordinates": [[[32.8193, 39.84947], [32.81939, 39.8496], [32.81936, 39.84961], [32.81941, 39.84969], [32.81949, 39.84966], [32.81946, 39.84961], [32.81951, 39.84959], [32.81954, 39.84965], [32.81962, 39.84962], [32.81957, 39.84954], [32.81954, 39.84955], [32.81946, 39.84942], [32.8193, 39.84947]]]}}, {"type": "Feature", "properties": {}, "geometry": {"type": "Polygon", "coordinates": [[[32.81958, 39.8493], [32.81964, 39.8494], [32.81958, 39.84942], [32.81965, 39.84952], [32.81976, 39.84947], [32.81974, 39.84945], [32.81993, 39.84938], [32.81987, 39.84929], [32.81977, 39.84933], [32.81972, 39.84924], [32.81958, 39.8493]]]}}, {"type": "Feature", "properties": {}, "geometry": {"type": "Polygon", "coordinates": [[[32.82013, 39.84916], [32.81992, 39.84924], [32.82001, 39.84938], [32.82022, 39.8493], [32.82013, 39.84916]]]}}, {"type": "Feature", "properties": {}, "geometry": {"type": "Polygon", "coordinates": [[[32.82043, 39.84905], [32.82022, 39.84913], [32.82031, 39.84927], [32.82052, 39.84919], [32.82043, 39.84905]]]}}, {"type": "Feature", "properties": {}, "geometry": {"type": "Polygon", "coordinates": [[[32.82046, 39.84834], [32.82037, 39.84821], [32.82027, 39.84825], [32.82036, 39.84838], [32.82046, 39.84834]]]}}, {"type": "Feature", "properties": {}, "geometry": {"type": "Polygon", "coordinates": [[[32.81991, 39.8504], [32.81991, 39.85042], [32.81987, 39.85042], [32.81986, 39.85049], [32.8199, 39.85049], [32.8199, 39.85052], [32.82024, 39.85053], [32.82025, 39.85047], [32.82022, 39.85047], [32.82023, 39.8504], [32.82021, 39.8504], [32.82021, 39.85038], [32.82019, 39.85038], [32.82019, 39.85036], [32.82011, 39.85036], [32.8201, 39.85038], [32.82003, 39.85037], [32.82003, 39.85041], [32.81991, 39.8504]]]}}, {"type": "Feature", "properties": {}, "geometry": {"type": "Polygon", "coordinates": [[[32.82072, 39.8511], [32.82081, 39.85114], [32.82087, 39.8511], [32.82093, 39.85113], [32.82112, 39.85103], [32.82102, 39.85091], [32.8209, 39.85086], [32.82072, 39.8511]]]}}, {"type": "Feature", "properties": {}, "geometry": {"type": "Polygon", "coordinates": [[[32.82057, 39.85099], [32.82066, 39.85103], [32.82074, 39.85093], [32.82078, 39.85087], [32.82075, 39.85086], [32.82076, 39.85084], [32.8207, 39.85082], [32.82057, 39.85099]]]}}, {"type": "Feature", "properties": {}, "geometry": {"type": "Polygon", "coordinates": [[[32.82042, 39.85091], [32.82041, 39.8509], [32.82046, 39.85083], [32.82058, 39.85088], [32.82053, 39.85094], [32.8205, 39.85094], [32.82045, 39.85102], [32.82037, 39.85098], [32.82042, 39.85091]]]}}, {"type": "Feature", "properties": {}, "geometry": {"type": "Polygon", "coordinates": [[[32.82017, 39.8509], [32.82029, 39.85095], [32.82034, 39.85088], [32.82032, 39.85087], [32.82038, 39.85079], [32.82028, 39.85075], [32.82017, 39.8509]]]}}, {"type": "Feature", "properties": {}, "geometry": {"type": "Polygon", "coordinates": [[[32.82004, 39.85085], [32.82011, 39.85088], [32.82018, 39.85079], [32.82011, 39.85075], [32.82008, 39.85079], [32.82004, 39.85085]]]}}, {"type": "Feature", "properties": {}, "geometry": {"type": "Polygon", "coordinates": [[[32.81989, 39.85079], [32.82004, 39.85085], [32.82008, 39.85079], [32.81998, 39.85075], [32.81997, 39.85077], [32.81992, 39.85075], [32.81989, 39.85079]]]}}, {"type": "Feature", "properties": {}, "geometry": {"type": "Polygon", "coordinates": [[[32.82112, 39.85132], [32.82114, 39.85135], [32.82112, 39.85135], [32.82115, 39.8514], [32.82117, 39.8514], [32.82122, 39.85147], [32.82137, 39.85142], [32.82128, 39.85126], [32.82124, 39.85127], [32.82123, 39.85126], [32.82115, 39.85129], [32.82116, 39.8513], [32.82112, 39.85132]]]}}, {"type": "Feature", "properties": {}, "geometry": {"type": "Polygon", "coordinates": [[[32.82111, 39.85148], [32.82104, 39.85137], [32.82085, 39.85144], [32.82092, 39.85155], [32.82094, 39.85154], [32.82095, 39.85156], [32.8211, 39.85151], [32.82109, 39.85149], [32.82111, 39.85148]]]}}, {"type": "Feature", "properties": {}, "geometry": {"type": "Polygon", "coordinates": [[[32.82069, 39.85134], [32.82065, 39.8514], [32.82064, 39.85139], [32.8206, 39.85144], [32.82072, 39.8515], [32.8208, 39.85139], [32.82069, 39.85134]]]}}, {"type": "Feature", "properties": {}, "geometry": {"type": "Polygon", "coordinates": [[[32.82037, 39.85141], [32.82051, 39.85147], [32.82067, 39.85125], [32.82053, 39.85119], [32.82037, 39.85141]]]}}, {"type": "Feature", "properties": {}, "geometry": {"type": "Polygon", "coordinates": [[[32.82026, 39.85132], [32.82037, 39.85136], [32.82049, 39.8512], [32.82038, 39.85115], [32.82026, 39.85132]]]}}, {"type": "Feature", "properties": {}, "geometry": {"type": "Polygon", "coordinates": [[[32.82003, 39.85127], [32.82019, 39.85134], [32.82029, 39.8512], [32.82013, 39.85113], [32.82003, 39.85127]]]}}, {"type": "Feature", "properties": {}, "geometry": {"type": "Polygon", "coordinates": [[[32.8199, 39.85122], [32.82001, 39.85127], [32.82011, 39.85114], [32.81999, 39.85109], [32.8199, 39.85122]]]}}, {"type": "Feature", "properties": {}, "geometry": {"type": "Polygon", "coordinates": [[[32.81979, 39.85108], [32.81989, 39.85112], [32.81995, 39.85105], [32.81993, 39.85104], [32.81996, 39.85099], [32.81988, 39.85096], [32.81979, 39.85108]]]}}, {"type": "Feature", "properties": {}, "geometry": {"type": "Polygon", "coordinates": [[[32.8197, 39.85089], [32.81962, 39.851], [32.81972, 39.85105], [32.8198, 39.85093], [32.8197, 39.85089]]]}}, {"type": "Feature", "properties": {}, "geometry": {"type": "Polygon", "coordinates": [[[32.81949, 39.85073], [32.81945, 39.85081], [32.8195, 39.85083], [32.81949, 39.85086], [32.81948, 39.85087], [32.81946, 39.85087], [32.81943, 39.85092], [32.81958, 39.85096], [32.8196, 39.85091], [32.81958, 39.8509], [32.8196, 39.85086], [32.81963, 39.85086], [32.81967, 39.85078], [32.81949, 39.85073]]]}}, {"type": "Feature", "properties": {}, "geometry": {"type": "Polygon", "coordinates": [[[32.81925, 39.85078], [32.81931, 39.85079], [32.81927, 39.85096], [32.81936, 39.85097], [32.81943, 39.85071], [32.81926, 39.85069], [32.81925, 39.85078]]]}}, {"type": "Feature", "properties": {}, "geometry": {"type": "Polygon", "coordinates": [[[32.81885, 39.85096], [32.81896, 39.85096], [32.81896, 39.85097], [32.81915, 39.85096], [32.81915, 39.85091], [32.81908, 39.85091], [32.81908, 39.85089], [32.81907, 39.85089], [32.81907, 39.85082], [32.81891, 39.85081], [32.81891, 39.85087], [32.81885, 39.85087], [32.81885, 39.85096]]]}}, {"type": "Feature", "properties": {}, "geometry": {"type": "Polygon", "coordinates": [[[32.82529, 39.8471], [32.82527, 39.84707], [32.82548, 39.84699], [32.8255, 39.84702], [32.82554, 39.84708], [32.82533, 39.84717], [32.82529, 39.8471]]]}}, {"type": "Feature", "properties": {}, "geometry": {"type": "Polygon", "coordinates": [[[32.82542, 39.84732], [32.8254, 39.84729], [32.82562, 39.84721], [32.82564, 39.84724], [32.82568, 39.8473], [32.82546, 39.84738], [32.82542, 39.84732]]]}}, {"type": "Feature", "properties": {}, "geometry": {"type": "Polygon", "coordinates": [[[32.8249, 39.84812], [32.82482, 39.84815], [32.82472, 39.84799], [32.8248, 39.84796], [32.82484, 39.84795], [32.82494, 39.8481], [32.8249, 39.84812]]]}}, {"type": "Feature", "properties": {}, "geometry": {"type": "Polygon", "coordinates": [[[32.82488, 39.84837], [32.8248, 39.8484], [32.8247, 39.84824], [32.82478, 39.84821], [32.82482, 39.8482], [32.82491, 39.84835], [32.82488, 39.84837]]]}}, {"type": "Feature", "properties": {}, "geometry": {"type": "Polygon", "coordinates": [[[32.8252, 39.84805], [32.82518, 39.84802], [32.82539, 39.84794], [32.82541, 39.84797], [32.82545, 39.84803], [32.82524, 39.84811], [32.8252, 39.84805]]]}}, {"type": "Feature", "properties": {}, "geometry": {"type": "Polygon", "coordinates": [[[32.82502, 39.8482], [32.82498, 39.84813], [32.8252, 39.84805], [32.82524, 39.84811], [32.82526, 39.84815], [32.82504, 39.84823], [32.82502, 39.8482]]]}}, {"type": "Feature", "properties": {}, "geometry": {"type": "Polygon", "coordinates": [[[32.82533, 39.84773], [32.82531, 39.8477], [32.82553, 39.84762], [32.82555, 39.84765], [32.82559, 39.84772], [32.82537, 39.8478], [32.82533, 39.84773]]]}}, {"type": "Feature", "properties": {}, "geometry": {"type": "Polygon", "coordinates": [[[32.82515, 39.84788], [32.82511, 39.84781], [32.82533, 39.84773], [32.82537, 39.8478], [32.82539, 39.84783], [32.82517, 39.84791], [32.82515, 39.84788]]]}}, {"type": "Feature", "properties": {}, "geometry": {"type": "Polygon", "coordinates": [[[32.8248, 39.84766], [32.82476, 39.8476], [32.82498, 39.84751], [32.82502, 39.84758], [32.82504, 39.84761], [32.82482, 39.84769], [32.8248, 39.84766]]]}}, {"type": "Feature", "properties": {}, "geometry": {"type": "Polygon", "coordinates": [[[32.82498, 39.84751], [32.82496, 39.84748], [32.82517, 39.8474], [32.82519, 39.84743], [32.82523, 39.84749], [32.82502, 39.84758], [32.82498, 39.84751]]]}}, {"type": "Feature", "properties": {}, "geometry": {"type": "Polygon", "coordinates": [[[32.82502, 39.84717], [32.8251, 39.84714], [32.8252, 39.8473], [32.82512, 39.84733], [32.82508, 39.84734], [32.82499, 39.84718], [32.82502, 39.84717]]]}}, {"type": "Feature", "properties": {}, "geometry": {"type": "Polygon", "coordinates": [[[32.82505, 39.84697], [32.82514, 39.84713], [32.8251, 39.84714], [32.82502, 39.84717], [32.82493, 39.84701], [32.82505, 39.84697]]]}}, {"type": "Feature", "properties": {}, "geometry": {"type": "Polygon", "coordinates": [[[32.82459, 39.84776], [32.82452, 39.84765], [32.82432, 39.84772], [32.82438, 39.84783], [32.82459, 39.84776]]]}}, {"type": "Feature", "properties": {}, "geometry": {"type": "Polygon", "coordinates": [[[32.82439, 39.84744], [32.82449, 39.84759], [32.82462, 39.84754], [32.82452, 39.84739], [32.82439, 39.84744]]]}}, {"type": "Feature", "properties": {}, "geometry": {"type": "Polygon", "coordinates": [[[32.82427, 39.84718], [32.82435, 39.84731], [32.82465, 39.8472], [32.82457, 39.84707], [32.82427, 39.84718]]]}}, {"type": "Feature", "properties": {}, "geometry": {"type": "Polygon", "coordinates": [[[32.82416, 39.84736], [32.82401, 39.84742], [32.82412, 39.84759], [32.82426, 39.84753], [32.82416, 39.84736]]]}}, {"type": "Feature", "properties": {}, "geometry": {"type": "Polygon", "coordinates": [[[32.82419, 39.84733], [32.82408, 39.84716], [32.82394, 39.84721], [32.82405, 39.84738], [32.82419, 39.84733]]]}}, {"type": "Feature", "properties": {}, "geometry": {"type": "Polygon", "coordinates": [[[32.82335, 39.84783], [32.8235, 39.84778], [32.82336, 39.84753], [32.8233, 39.84755], [32.8232, 39.84759], [32.82335, 39.84783]]]}}, {"type": "Feature", "properties": {}, "geometry": {"type": "Polygon", "coordinates": [[[32.82315, 39.84761], [32.8232, 39.84759], [32.8233, 39.84755], [32.82316, 39.84731], [32.823, 39.84736], [32.82315, 39.84761]]]}}, {"type": "Feature", "properties": {}, "geometry": {"type": "Polygon", "coordinates": [[[32.82385, 39.84771], [32.82391, 39.84782], [32.82416, 39.84773], [32.8241, 39.84762], [32.82385, 39.84771]]]}}, {"type": "Feature", "properties": {}, "geometry": {"type": "Polygon", "coordinates": [[[32.82391, 39.84782], [32.82385, 39.84771], [32.8236, 39.8478], [32.82366, 39.84791], [32.82391, 39.84782]]]}}, {"type": "Feature", "properties": {}, "geometry": {"type": "Polygon", "coordinates": [[[32.8233, 39.84814], [32.82323, 39.84803], [32.82303, 39.84811], [32.82309, 39.84821], [32.8233, 39.84814]]]}}, {"type": "Feature", "properties": {}, "geometry": {"type": "Polygon", "coordinates": [[[32.82198, 39.84811], [32.82207, 39.84808], [32.82217, 39.84825], [32.82209, 39.84828], [32.82205, 39.8483], [32.82194, 39.84813], [32.82198, 39.84811]]]}}, {"type": "Feature", "properties": {}, "geometry": {"type": "Polygon", "coordinates": [[[32.82196, 39.84792], [32.822, 39.8479], [32.82211, 39.84807], [32.82207, 39.84808], [32.82198, 39.84811], [32.82188, 39.84795], [32.82196, 39.84792]]]}}, {"type": "Feature", "properties": {}, "geometry": {"type": "Polygon", "coordinates": [[[32.82177, 39.84778], [32.82185, 39.84775], [32.82196, 39.84792], [32.82188, 39.84795], [32.82183, 39.84796], [32.82173, 39.8478], [32.82177, 39.84778]]]}}, {"type": "Feature", "properties": {}, "geometry": {"type": "Polygon", "coordinates": [[[32.82179, 39.84757], [32.82189, 39.84774], [32.82185, 39.84775], [32.82177, 39.84778], [32.82166, 39.84761], [32.82179, 39.84757]]]}}, {"type": "Feature", "properties": {}, "geometry": {"type": "Polygon", "coordinates": [[[32.82271, 39.8484], [32.82269, 39.84837], [32.82265, 39.8483], [32.82289, 39.84822], [32.82295, 39.84832], [32.82271, 39.8484]]]}}, {"type": "Feature", "properties": {}, "geometry": {"type": "Polygon", "coordinates": [[[32.82219, 39.84851], [32.82215, 39.84844], [32.82213, 39.8484], [32.82237, 39.84832], [32.82239, 39.84835], [32.82243, 39.84842], [32.82219, 39.84851]]]}}, {"type": "Feature", "properties": {}, "geometry": {"type": "Polygon", "coordinates": [[[32.82245, 39.84846], [32.82243, 39.84842], [32.82239, 39.84835], [32.82263, 39.84827], [32.82265, 39.8483], [32.82269, 39.84837], [32.82245, 39.84846]]]}}, {"type": "Feature", "properties": {}, "geometry": {"type": "Polygon", "coordinates": [[[32.82253, 39.84812], [32.82249, 39.84805], [32.82246, 39.84802], [32.8227, 39.84793], [32.82272, 39.84796], [32.82276, 39.84803], [32.82253, 39.84812]]]}}, {"type": "Feature", "properties": {}, "geometry": {"type": "Polygon", "coordinates": [[[32.82279, 39.84806], [32.82276, 39.84803], [32.82272, 39.84796], [32.82296, 39.84787], [32.82302, 39.84798], [32.82279, 39.84806]]]}}, {"type": "Feature", "properties": {}, "geometry": {"type": "Polygon", "coordinates": [[[32.8228, 39.84763], [32.82289, 39.84759], [32.82294, 39.84758], [32.82308, 39.8478], [32.82303, 39.84782], [32.82294, 39.84785], [32.8228, 39.84763]]]}}, {"type": "Feature", "properties": {}, "geometry": {"type": "Polygon", "coordinates": [[[32.82269, 39.84745], [32.82278, 39.84741], [32.82289, 39.84759], [32.8228, 39.84763], [32.82276, 39.84764], [32.82264, 39.84746], [32.82269, 39.84745]]]}}, {"type": "Feature", "properties": {}, "geometry": {"type": "Polygon", "coordinates": [[[32.82217, 39.84791], [32.82221, 39.8479], [32.8223, 39.84786], [32.82241, 39.84805], [32.82228, 39.8481], [32.82217, 39.84791]]]}}, {"type": "Feature", "properties": {}, "geometry": {"type": "Polygon", "coordinates": [[[32.82198, 39.84754], [32.82207, 39.8475], [32.82218, 39.84768], [32.8221, 39.84772], [32.82205, 39.84773], [32.82194, 39.84755], [32.82198, 39.84754]]]}}, {"type": "Feature", "properties": {}, "geometry": {"type": "Polygon", "coordinates": [[[32.8221, 39.84772], [32.82218, 39.84768], [32.82223, 39.84767], [32.82234, 39.84785], [32.8223, 39.84786], [32.82221, 39.8479], [32.8221, 39.84772]]]}}, {"type": "Feature", "properties": {}, "geometry": {"type": "Polygon", "coordinates": [[[32.82394, 39.84669], [32.82366, 39.84679], [32.82374, 39.84692], [32.82402, 39.84682], [32.82394, 39.84669]]]}}, {"type": "Feature", "properties": {}, "geometry": {"type": "Polygon", "coordinates": [[[32.82362, 39.84697], [32.82349, 39.84678], [32.82335, 39.84684], [32.82347, 39.84703], [32.82362, 39.84697]]]}}, {"type": "Feature", "properties": {}, "geometry": {"type": "Polygon", "coordinates": [[[32.82273, 39.84662], [32.82254, 39.84669], [32.82252, 39.84666], [32.82248, 39.84659], [32.82267, 39.84652], [32.82269, 39.84656], [32.82271, 39.84659], [32.82273, 39.84662]]]}}, {"type": "Feature", "properties": {}, "geometry": {"type": "Polygon", "coordinates": [[[32.82281, 39.8471], [32.82272, 39.84695], [32.82276, 39.84694], [32.8228, 39.84692], [32.82284, 39.8469], [32.82294, 39.84705], [32.82289, 39.84707], [32.82281, 39.8471]]]}}, {"type": "Feature", "properties": {}, "geometry": {"type": "Polygon", "coordinates": [[[32.82267, 39.84697], [32.82258, 39.84682], [32.82262, 39.84681], [32.82271, 39.84677], [32.8228, 39.84692], [32.82276, 39.84694], [32.82272, 39.84695], [32.82267, 39.84697]]]}}, {"type": "Feature", "properties": {}, "geometry": {"type": "Polygon", "coordinates": [[[32.82232, 39.84683], [32.82223, 39.84669], [32.82235, 39.84664], [32.82245, 39.84678], [32.82241, 39.8468], [32.82232, 39.84683]]]}}, {"type": "Feature", "properties": {}, "geometry": {"type": "Polygon", "coordinates": [[[32.82238, 39.84699], [32.82228, 39.84685], [32.82232, 39.84683], [32.82241, 39.8468], [32.8225, 39.84694], [32.82246, 39.84696], [32.82238, 39.84699]]]}}, {"type": "Feature", "properties": {}, "geometry": {"type": "Polygon", "coordinates": [[[32.82256, 39.84711], [32.82246, 39.84696], [32.82238, 39.84699], [32.82234, 39.84701], [32.82243, 39.84715], [32.82256, 39.84711]]]}}, {"type": "Feature", "properties": {}, "geometry": {"type": "Polygon", "coordinates": [[[32.82171, 39.84712], [32.82174, 39.84717], [32.82179, 39.84715], [32.82185, 39.84725], [32.8218, 39.84726], [32.82184, 39.84731], [32.82199, 39.84726], [32.82197, 39.84724], [32.82199, 39.84723], [32.82195, 39.84718], [32.82194, 39.84718], [32.8219, 39.84713], [32.82192, 39.84713], [32.82188, 39.84707], [32.82187, 39.84708], [32.82185, 39.84706], [32.82171, 39.84712]]]}}, {"type": "Feature", "properties": {}, "geometry": {"type": "Polygon", "coordinates": [[[32.82152, 39.84692], [32.82155, 39.84697], [32.8216, 39.84695], [32.82167, 39.84704], [32.82162, 39.84706], [32.82165, 39.84711], [32.8218, 39.84705], [32.82179, 39.84704], [32.8218, 39.84703], [32.82177, 39.84697], [32.82175, 39.84698], [32.82172, 39.84693], [32.82173, 39.84693], [32.8217, 39.84687], [32.82168, 39.84688], [32.82167, 39.84686], [32.82152, 39.84692]]]}}, {"type": "Feature", "properties": {}, "geometry": {"type": "Polygon", "coordinates": [[[32.82129, 39.84712], [32.82144, 39.84735], [32.8216, 39.84729], [32.82145, 39.84706], [32.8214, 39.84708], [32.82129, 39.84712]]]}}, {"type": "Feature", "properties": {}, "geometry": {"type": "Polygon", "coordinates": [[[32.82194, 39.84933], [32.82192, 39.84924], [32.82227, 39.8491], [32.82229, 39.84914], [32.82234, 39.84912], [32.82234, 39.84913], [32.82244, 39.8491], [32.82261, 39.84936], [32.82252, 39.8494], [32.82251, 39.84937], [32.82246, 39.84939], [32.82232, 39.84918], [32.82194, 39.84933]]]}}, {"type": "Feature", "properties": {}, "geometry": {"type": "Polygon", "coordinates": [[[32.82263, 39.84941], [32.8224, 39.8495], [32.82251, 39.84967], [32.82274, 39.84958], [32.82263, 39.84941]]]}}, {"type": "Feature", "properties": {}, "geometry": {"type": "Polygon", "coordinates": [[[32.82192, 39.84942], [32.82202, 39.84957], [32.82226, 39.84947], [32.82216, 39.84932], [32.82192, 39.84942]]]}}, {"type": "Feature", "properties": {}, "geometry": {"type": "Polygon", "coordinates": [[[32.82009, 39.85147], [32.81981, 39.85136], [32.81967, 39.85158], [32.81995, 39.85169], [32.82009, 39.85147]]]}}, {"type": "Feature", "properties": {}, "geometry": {"type": "Polygon", "coordinates": [[[32.81952, 39.85137], [32.81924, 39.85127], [32.81911, 39.85149], [32.8194, 39.85159], [32.81952, 39.85137]]]}}, {"type": "Feature", "properties": {}, "geometry": {"type": "Polygon", "coordinates": [[[32.82072, 39.85185], [32.82079, 39.85175], [32.82058, 39.85167], [32.82051, 39.85177], [32.82072, 39.85185]]]}}, {"type": "Feature", "properties": {}, "geometry": {"type": "Polygon", "coordinates": [[[32.8204, 39.85172], [32.82046, 39.85162], [32.82026, 39.85153], [32.82019, 39.85163], [32.8204, 39.85172]]]}}, {"type": "Feature", "properties": {}, "geometry": {"type": "Polygon", "coordinates": [[[32.82199, 39.85238], [32.82211, 39.85232], [32.82226, 39.85251], [32.82215, 39.85256], [32.82199, 39.85238]]]}}, {"type": "Feature", "properties": {}, "geometry": {"type": "Polygon", "coordinates": [[[32.82429, 39.85097], [32.8241, 39.85075], [32.82387, 39.85087], [32.82406, 39.85109], [32.82429, 39.85097]]]}}, {"type": "Feature", "properties": {}, "geometry": {"type": "Polygon", "coordinates": [[[32.82336, 39.85155], [32.82365, 39.8514], [32.8235, 39.85122], [32.82321, 39.85137], [32.82336, 39.85155]]]}}, {"type": "Feature", "properties": {}, "geometry": {"type": "Polygon", "coordinates": [[[32.82258, 39.85196], [32.82287, 39.85181], [32.82271, 39.85164], [32.82243, 39.85179], [32.82258, 39.85196]]]}}, {"type": "Feature", "properties": {}, "geometry": {"type": "Polygon", "coordinates": [[[32.82606, 39.84767], [32.82611, 39.84745], [32.82604, 39.84744], [32.82605, 39.84742], [32.82591, 39.8474], [32.82591, 39.84742], [32.82584, 39.84741], [32.82579, 39.84763], [32.82586, 39.84764], [32.82585, 39.84765], [32.82599, 39.84767], [32.82599, 39.84766], [32.82606, 39.84767]]]}}, {"type": "Feature", "properties": {}, "geometry": {"type": "Polygon", "coordinates": [[[32.83967, 39.86458], [32.83958, 39.86444], [32.83948, 39.86448], [32.83946, 39.86445], [32.83938, 39.86448], [32.8395, 39.86465], [32.83967, 39.86458]]]}}, {"type": "Feature", "properties": {}, "geometry": {"type": "Polygon", "coordinates": [[[32.83962, 39.86482], [32.83982, 39.86474], [32.83972, 39.86461], [32.83953, 39.86469], [32.83962, 39.86482]]]}}, {"type": "Feature", "properties": {}, "geometry": {"type": "Polygon", "coordinates": [[[32.83953, 39.86481], [32.83935, 39.86489], [32.83943, 39.86501], [32.83962, 39.86494], [32.83953, 39.86481]]]}}, {"type": "Feature", "properties": {}, "geometry": {"type": "Polygon", "coordinates": [[[32.83925, 39.86473], [32.83934, 39.86486], [32.8395, 39.86479], [32.83941, 39.86466], [32.83925, 39.86473]]]}}, {"type": "Feature", "properties": {}, "geometry": {"type": "Polygon", "coordinates": [[[32.83939, 39.86463], [32.83931, 39.86452], [32.83912, 39.8646], [32.8392, 39.86471], [32.83939, 39.86463]]]}}, {"type": "Feature", "properties": {}, "geometry": {"type": "Polygon", "coordinates": [[[32.83845, 39.86439], [32.83864, 39.86431], [32.83855, 39.86419], [32.83836, 39.86427], [32.83845, 39.86439]]]}}, {"type": "Feature", "properties": {}, "geometry": {"type": "Polygon", "coordinates": [[[32.83875, 39.86446], [32.83866, 39.86433], [32.83848, 39.86441], [32.83857, 39.86454], [32.83875, 39.86446]]]}}, {"type": "Feature", "properties": {}, "geometry": {"type": "Polygon", "coordinates": [[[32.83887, 39.86486], [32.83901, 39.8648], [32.83884, 39.86456], [32.8387, 39.86462], [32.83887, 39.86486]]]}}, {"type": "Feature", "properties": {}, "geometry": {"type": "Polygon", "coordinates": [[[32.83918, 39.86497], [32.83906, 39.86481], [32.83889, 39.86488], [32.83901, 39.86504], [32.83918, 39.86497]]]}}, {"type": "Feature", "properties": {}, "geometry": {"type": "Polygon", "coordinates": [[[32.83909, 39.86521], [32.8393, 39.86512], [32.83922, 39.86501], [32.83901, 39.8651], [32.83909, 39.86521]]]}}, {"type": "Feature", "properties": {}, "geometry": {"type": "Polygon", "coordinates": [[[32.83874, 39.86524], [32.83884, 39.86538], [32.83904, 39.86529], [32.83895, 39.86516], [32.83874, 39.86524]]]}}, {"type": "Feature", "properties": {}, "geometry": {"type": "Polygon", "coordinates": [[[32.83878, 39.86498], [32.83861, 39.86505], [32.83872, 39.86519], [32.83889, 39.86512], [32.83878, 39.86498]]]}}, {"type": "Feature", "properties": {}, "geometry": {"type": "Polygon", "coordinates": [[[32.83845, 39.86486], [32.83855, 39.865], [32.83872, 39.86493], [32.83862, 39.86479], [32.83845, 39.86486]]]}}, {"type": "Feature", "properties": {}, "geometry": {"type": "Polygon", "coordinates": [[[32.83842, 39.86483], [32.8386, 39.86476], [32.8385, 39.86462], [32.83832, 39.8647], [32.83842, 39.86483]]]}}, {"type": "Feature", "properties": {}, "geometry": {"type": "Polygon", "coordinates": [[[32.83822, 39.86456], [32.8383, 39.86467], [32.83848, 39.8646], [32.83839, 39.86448], [32.83822, 39.86456]]]}}, {"type": "Feature", "properties": {}, "geometry": {"type": "Polygon", "coordinates": [[[32.83808, 39.86439], [32.83818, 39.86453], [32.83835, 39.86446], [32.83825, 39.86431], [32.83808, 39.86439]]]}}, {"type": "Feature", "properties": {}, "geometry": {"type": "Polygon", "coordinates": [[[32.83923, 39.86392], [32.8391, 39.86397], [32.83921, 39.86412], [32.83934, 39.86406], [32.83923, 39.86392]]]}}, {"type": "Feature", "properties": {}, "geometry": {"type": "Polygon", "coordinates": [[[32.8394, 39.86404], [32.83954, 39.86398], [32.83941, 39.8638], [32.83927, 39.86386], [32.8394, 39.86404]]]}}, {"type": "Feature", "properties": {}, "geometry": {"type": "Polygon", "coordinates": [[[32.83941, 39.86408], [32.83952, 39.86423], [32.83967, 39.86417], [32.83956, 39.86402], [32.83941, 39.86408]]]}}, {"type": "Feature", "properties": {}, "geometry": {"type": "Polygon", "coordinates": [[[32.83922, 39.86435], [32.83946, 39.86425], [32.83936, 39.86412], [32.83913, 39.86422], [32.83922, 39.86435]]]}}, {"type": "Feature", "properties": {}, "geometry": {"type": "Polygon", "coordinates": [[[32.83889, 39.86429], [32.83902, 39.86447], [32.83916, 39.86441], [32.83903, 39.86423], [32.83889, 39.86429]]]}}, {"type": "Feature", "properties": {}, "geometry": {"type": "Polygon", "coordinates": [[[32.83878, 39.8641], [32.8389, 39.86426], [32.83914, 39.86416], [32.83903, 39.864], [32.83878, 39.8641]]]}}, {"type": "Feature", "properties": {}, "geometry": {"type": "Polygon", "coordinates": [[[32.8402, 39.86412], [32.84017, 39.86424], [32.84038, 39.86427], [32.84041, 39.86415], [32.8402, 39.86412]]]}}, {"type": "Feature", "properties": {}, "geometry": {"type": "Polygon", "coordinates": [[[32.84021, 39.86394], [32.84025, 39.86407], [32.84031, 39.86406], [32.84032, 39.86409], [32.84051, 39.86405], [32.84046, 39.8639], [32.84021, 39.86394]]]}}, {"type": "Feature", "properties": {}, "geometry": {"type": "Polygon", "coordinates": [[[32.84003, 39.86378], [32.84011, 39.86393], [32.84035, 39.86384], [32.84027, 39.8637], [32.84003, 39.86378]]]}}, {"type": "Feature", "properties": {}, "geometry": {"type": "Polygon", "coordinates": [[[32.83999, 39.86375], [32.84017, 39.86363], [32.84002, 39.86354], [32.83988, 39.86367], [32.83999, 39.86375]]]}}, {"type": "Feature", "properties": {}, "geometry": {"type": "Polygon", "coordinates": [[[32.83965, 39.86359], [32.83983, 39.86365], [32.83996, 39.86348], [32.83975, 39.8634], [32.83965, 39.86359]]]}}, {"type": "Feature", "properties": {}, "geometry": {"type": "Polygon", "coordinates": [[[32.83921, 39.86347], [32.83933, 39.86365], [32.83947, 39.8636], [32.83934, 39.86342], [32.83921, 39.86347]]]}}, {"type": "Feature", "properties": {}, "geometry": {"type": "Polygon", "coordinates": [[[32.83902, 39.86381], [32.83928, 39.86369], [32.83916, 39.86353], [32.8389, 39.86365], [32.83902, 39.86381]]]}}, {"type": "Feature", "properties": {}, "geometry": {"type": "Polygon", "coordinates": [[[32.83867, 39.86371], [32.8388, 39.86388], [32.83892, 39.86383], [32.8388, 39.86366], [32.83867, 39.86371]]]}}, {"type": "Feature", "properties": {}, "geometry": {"type": "Polygon", "coordinates": [[[32.83863, 39.86394], [32.83874, 39.86389], [32.8386, 39.8637], [32.83849, 39.86375], [32.83863, 39.86394]]]}}, {"type": "Feature", "properties": {}, "geometry": {"type": "Polygon", "coordinates": [[[32.8382, 39.86391], [32.83832, 39.86409], [32.83858, 39.86398], [32.83845, 39.86381], [32.8382, 39.86391]]]}}, {"type": "Feature", "properties": {}, "geometry": {"type": "Polygon", "coordinates": [[[32.83815, 39.86417], [32.83826, 39.86412], [32.83813, 39.86394], [32.83802, 39.86398], [32.83815, 39.86417]]]}}, {"type": "Feature", "properties": {}, "geometry": {"type": "Polygon", "coordinates": [[[32.83793, 39.86423], [32.83807, 39.86417], [32.83792, 39.86396], [32.83778, 39.86401], [32.83793, 39.86423]]]}}, {"type": "Feature", "properties": {}, "geometry": {"type": "Polygon", "coordinates": [[[32.84219, 39.8657], [32.8423, 39.86563], [32.84213, 39.86545], [32.84201, 39.86552], [32.84219, 39.8657]]]}}, {"type": "Feature", "properties": {}, "geometry": {"type": "Polygon", "coordinates": [[[32.8417, 39.86569], [32.84155, 39.86579], [32.84173, 39.86596], [32.84166, 39.866], [32.84148, 39.86583], [32.84111, 39.86605], [32.84151, 39.86645], [32.84188, 39.86622], [32.8417, 39.86605], [32.84177, 39.866], [32.84195, 39.86618], [32.8421, 39.86609], [32.8417, 39.86569]]]}}, {"type": "Feature", "properties": {}, "geometry": {"type": "Polygon", "coordinates": [[[32.84053, 39.86663], [32.84075, 39.8665], [32.84111, 39.86685], [32.84134, 39.86671], [32.84099, 39.86636], [32.84103, 39.86633], [32.84091, 39.86621], [32.84041, 39.8665], [32.84053, 39.86663]]]}}, {"type": "Feature", "properties": {}, "geometry": {"type": "Polygon", "coordinates": [[[32.83991, 39.86686], [32.84014, 39.8671], [32.84025, 39.86703], [32.84029, 39.86707], [32.84025, 39.86709], [32.84055, 39.8674], [32.84057, 39.86739], [32.84062, 39.86744], [32.84078, 39.86734], [32.84049, 39.86704], [32.84061, 39.86698], [32.84062, 39.86699], [32.84069, 39.86695], [32.84063, 39.8669], [32.84061, 39.86691], [32.84052, 39.86682], [32.84044, 39.86686], [32.84026, 39.86668], [32.84017, 39.86673], [32.84015, 39.86671], [32.83991, 39.86686]]]}}, {"type": "Feature", "properties": {}, "geometry": {"type": "Polygon", "coordinates": [[[32.83985, 39.8661], [32.83995, 39.86631], [32.83991, 39.86632], [32.84001, 39.86653], [32.84019, 39.86648], [32.84011, 39.86632], [32.84014, 39.86631], [32.84001, 39.86605], [32.83985, 39.8661]]]}}, {"type": "Feature", "properties": {}, "geometry": {"type": "Polygon", "coordinates": [[[32.8213, 39.85169], [32.82111, 39.85178], [32.82147, 39.85219], [32.82166, 39.85209], [32.82153, 39.85195], [32.8213, 39.85169]]]}}, {"type": "Feature", "properties": {}, "geometry": {"type": "Polygon", "coordinates": [[[32.8563, 39.85076], [32.8564, 39.85083], [32.85651, 39.85074], [32.85642, 39.85067], [32.8563, 39.85076]]]}}, {"type": "Feature", "properties": {}, "geometry": {"type": "Polygon", "coordinates": [[[32.81985, 39.85327], [32.81986, 39.85335], [32.81994, 39.85335], [32.81994, 39.85336], [32.8205, 39.85334], [32.8205, 39.85324], [32.82041, 39.85325], [32.82041, 39.85326], [32.81985, 39.85327]]]}}, {"type": "Feature", "properties": {}, "geometry": {"type": "Polygon", "coordinates": [[[32.82056, 39.853], [32.82026, 39.853], [32.82021, 39.853], [32.82021, 39.85301], [32.82003, 39.85301], [32.82003, 39.85309], [32.82056, 39.85309], [32.82056, 39.853]]]}}, {"type": "Feature", "properties": {}, "geometry": {"type": "Polygon", "coordinates": [[[32.82026, 39.853], [32.82056, 39.853], [32.82056, 39.85286], [32.82026, 39.85286], [32.82026, 39.853]]]}}, {"type": "Feature", "properties": {}, "geometry": {"type": "Polygon", "coordinates": [[[32.81716, 39.8543], [32.81779, 39.85404], [32.81764, 39.85383], [32.81747, 39.8539], [32.81748, 39.85391], [32.81702, 39.8541], [32.81716, 39.8543]]]}}, {"type": "Feature", "properties": {}, "geometry": {"type": "Polygon", "coordinates": [[[32.82037, 39.84821], [32.82046, 39.84834], [32.82057, 39.8483], [32.82048, 39.84817], [32.82037, 39.84821]]]}}, {"type": "Feature", "properties": {}, "geometry": {"type": "Polygon", "coordinates": [[[32.83629, 39.84992], [32.83629, 39.85016], [32.83667, 39.85016], [32.83667, 39.84993], [32.83661, 39.84993], [32.83662, 39.8499], [32.83635, 39.84989], [32.83635, 39.84992], [32.83629, 39.84992]]]}}, {"type": "Feature", "properties": {}, "geometry": {"type": "Polygon", "coordinates": [[[32.83679, 39.84933], [32.83679, 39.84957], [32.83717, 39.84957], [32.83717, 39.84933], [32.83711, 39.84933], [32.83711, 39.8493], [32.83685, 39.84931], [32.83685, 39.84933], [32.83679, 39.84933]]]}}, {"type": "Feature", "properties": {}, "geometry": {"type": "Polygon", "coordinates": [[[32.85317, 39.86724], [32.85322, 39.86729], [32.85344, 39.86713], [32.85339, 39.86709], [32.85317, 39.86724]]]}}, {"type": "Feature", "properties": {}, "geometry": {"type": "Polygon", "coordinates": [[[32.824, 39.84803], [32.8242, 39.84796], [32.82414, 39.84785], [32.82393, 39.84793], [32.824, 39.84803]]]}}, {"type": "Feature", "properties": {}, "geometry": {"type": "Polygon", "coordinates": [[[32.824, 39.84803], [32.82393, 39.84793], [32.82373, 39.84801], [32.82379, 39.84811], [32.824, 39.84803]]]}}, {"type": "Feature", "properties": {}, "geometry": {"type": "Polygon", "coordinates": [[[32.8233, 39.84814], [32.8235, 39.84806], [32.82343, 39.84795], [32.82323, 39.84803], [32.8233, 39.84814]]]}}, {"type": "Feature", "properties": {}, "geometry": {"type": "Polygon", "coordinates": [[[32.82194, 39.84933], [32.82192, 39.84924], [32.8216, 39.84917], [32.82151, 39.84904], [32.8215, 39.84904], [32.82148, 39.84902], [32.82139, 39.84905], [32.82141, 39.84908], [32.82139, 39.84909], [32.8215, 39.84923], [32.82194, 39.84933]]]}}, {"type": "Feature", "properties": {}, "geometry": {"type": "Polygon", "coordinates": [[[32.85459, 39.85739], [32.85432, 39.85737], [32.85431, 39.85744], [32.85445, 39.85749], [32.85445, 39.85746], [32.85458, 39.85747], [32.85459, 39.85739]]]}}, {"type": "Feature", "properties": {}, "geometry": {"type": "Polygon", "coordinates": [[[32.85432, 39.85724], [32.85431, 39.85732], [32.8546, 39.85735], [32.85461, 39.85726], [32.85432, 39.85724]]]}}, {"type": "Feature", "properties": {}, "geometry": {"type": "Polygon", "coordinates": [[[32.85434, 39.85711], [32.85433, 39.85721], [32.85465, 39.85723], [32.85466, 39.85714], [32.85434, 39.85711]]]}}, {"type": "Feature", "properties": {}, "geometry": {"type": "Polygon", "coordinates": [[[32.85311, 39.86375], [32.85293, 39.8635], [32.85346, 39.86325], [32.85364, 39.8635], [32.85311, 39.86375]]]}}, {"type": "Feature", "properties": {}, "geometry": {"type": "Polygon", "coordinates": [[[32.85309, 39.86323], [32.85293, 39.863], [32.85315, 39.8629], [32.85332, 39.86314], [32.85309, 39.86323]]]}}, {"type": "Feature", "properties": {}, "geometry": {"type": "Polygon", "coordinates": [[[32.83279, 39.86725], [32.83278, 39.86723], [32.83281, 39.86722], [32.83282, 39.86725], [32.83279, 39.86725]]]}}, {"type": "Feature", "properties": {}, "geometry": {"type": "Polygon", "coordinates": [[[32.83288, 39.86726], [32.83288, 39.86724], [32.8329, 39.86724], [32.83291, 39.86726], [32.83288, 39.86726]]]}}, {"type": "Feature", "properties": {}, "geometry": {"type": "Polygon", "coordinates": [[[32.83332, 39.86748], [32.8333, 39.86747], [32.83327, 39.86746], [32.83327, 39.86742], [32.83329, 39.8674], [32.83333, 39.86739], [32.83336, 39.8674], [32.83337, 39.86742], [32.83338, 39.86744], [32.83338, 39.86746], [32.83336, 39.86747], [32.83332, 39.86748]]]}}, {"type": "Feature", "properties": {}, "geometry": {"type": "Polygon", "coordinates": [[[32.8556, 39.85984], [32.85526, 39.85958], [32.85514, 39.85969], [32.85549, 39.85994], [32.8556, 39.85984]]]}}, {"type": "Feature", "properties": {}, "geometry": {"type": "Polygon", "coordinates": [[[32.85476, 39.85846], [32.85489, 39.85834], [32.85453, 39.85811], [32.85442, 39.85821], [32.85476, 39.85846]]]}}, {"type": "Feature", "properties": {}, "geometry": {"type": "Polygon", "coordinates": [[[32.85509, 39.85895], [32.85528, 39.85891], [32.85512, 39.85858], [32.85496, 39.85862], [32.85509, 39.85895]]]}}, {"type": "Feature", "properties": {}, "geometry": {"type": "Polygon", "coordinates": [[[32.8555, 39.8592], [32.85586, 39.85927], [32.85589, 39.85913], [32.85551, 39.85905], [32.8555, 39.8592]]]}}, {"type": "Feature", "properties": {}, "geometry": {"type": "Polygon", "coordinates": [[[32.8542, 39.85902], [32.85386, 39.85878], [32.85398, 39.85866], [32.85433, 39.8589], [32.8542, 39.85902]]]}}, {"type": "Feature", "properties": {}, "geometry": {"type": "Polygon", "coordinates": [[[32.85484, 39.85946], [32.8545, 39.85921], [32.85463, 39.85911], [32.85496, 39.85935], [32.85484, 39.85946]]]}}, {"type": "Feature", "properties": {}, "geometry": {"type": "Polygon", "coordinates": [[[32.85566, 39.8601], [32.85594, 39.86032], [32.85608, 39.86021], [32.8558, 39.85998], [32.85566, 39.8601]]]}}, {"type": "Feature", "properties": {}, "geometry": {"type": "Polygon", "coordinates": [[[32.85628, 39.85971], [32.85598, 39.85946], [32.8561, 39.85935], [32.85642, 39.8596], [32.85628, 39.85971]]]}}, {"type": "Feature", "properties": {}, "geometry": {"type": "Polygon", "coordinates": [[[32.8566, 39.86077], [32.85694, 39.86093], [32.85704, 39.86075], [32.85672, 39.8606], [32.8566, 39.86077]]]}}, {"type": "Feature", "properties": {}, "geometry": {"type": "Polygon", "coordinates": [[[32.85655, 39.86019], [32.85634, 39.86004], [32.85657, 39.85983], [32.8568, 39.85999], [32.85655, 39.86019]]]}}, {"type": "Feature", "properties": {}, "geometry": {"type": "Polygon", "coordinates": [[[32.85745, 39.86062], [32.85786, 39.86083], [32.85796, 39.86069], [32.85754, 39.86049], [32.85745, 39.86062]]]}}, {"type": "Feature", "properties": {}, "geometry": {"type": "Polygon", "coordinates": [[[32.85986, 39.86108], [32.85944, 39.86091], [32.85951, 39.86078], [32.85993, 39.86096], [32.85986, 39.86108]]]}}, {"type": "Feature", "properties": {}, "geometry": {"type": "Polygon", "coordinates": [[[32.85831, 39.8609], [32.85874, 39.8608], [32.85866, 39.86062], [32.85822, 39.86073], [32.85831, 39.8609]]]}}, {"type": "Feature", "properties": {}, "geometry": {"type": "Polygon", "coordinates": [[[32.85761, 39.86121], [32.85809, 39.86145], [32.85819, 39.86131], [32.8577, 39.86108], [32.85761, 39.86121]]]}}, {"type": "Feature", "properties": {}, "geometry": {"type": "Polygon", "coordinates": [[[32.85884, 39.86168], [32.85843, 39.86147], [32.85851, 39.86136], [32.85893, 39.86157], [32.85884, 39.86168]]]}}, {"type": "Feature", "properties": {}, "geometry": {"type": "Polygon", "coordinates": [[[32.85944, 39.862], [32.85902, 39.8618], [32.85911, 39.86169], [32.85953, 39.86189], [32.85944, 39.862]]]}}, {"type": "Feature", "properties": {}, "geometry": {"type": "Polygon", "coordinates": [[[32.85969, 39.86169], [32.85953, 39.8616], [32.85976, 39.86126], [32.85993, 39.86135], [32.85969, 39.86169]]]}}, {"type": "Feature", "properties": {}, "geometry": {"type": "Polygon", "coordinates": [[[32.85275, 39.86563], [32.85292, 39.86542], [32.8532, 39.86555], [32.85303, 39.86577], [32.85275, 39.86563]]]}}, {"type": "Feature", "properties": {}, "geometry": {"type": "Polygon", "coordinates": [[[32.82327, 39.84673], [32.82321, 39.84662], [32.82336, 39.84656], [32.82342, 39.84658], [32.82349, 39.8467], [32.82343, 39.84673], [32.8234, 39.84667], [32.82337, 39.84667], [32.82335, 39.84663], [32.82333, 39.84664], [32.82335, 39.84669], [32.82332, 39.84671], [32.82331, 39.84672], [32.82329, 39.84674], [32.82327, 39.84673]]]}}, {"type": "Feature", "properties": {}, "geometry": {"type": "Polygon", "coordinates": [[[32.8209, 39.86632], [32.82104, 39.86618], [32.82106, 39.8662], [32.82108, 39.86618], [32.82112, 39.86621], [32.82119, 39.86613], [32.82087, 39.86595], [32.82079, 39.86603], [32.82081, 39.86604], [32.82079, 39.86606], [32.82081, 39.86607], [32.82069, 39.8662], [32.82072, 39.86621], [32.82071, 39.86623], [32.82085, 39.86631], [32.82086, 39.8663], [32.8209, 39.86632]]]}}, {"type": "Feature", "properties": {}, "geometry": {"type": "Polygon", "coordinates": [[[32.82163, 39.86674], [32.82177, 39.8666], [32.82179, 39.86661], [32.8218, 39.8666], [32.82184, 39.86662], [32.82192, 39.86654], [32.8216, 39.86636], [32.82152, 39.86645], [32.82154, 39.86646], [32.82152, 39.86647], [32.82154, 39.86649], [32.82142, 39.86661], [32.82144, 39.86663], [32.82143, 39.86664], [32.82158, 39.86673], [32.82159, 39.86672], [32.82163, 39.86674]]]}}, {"type": "Feature", "properties": {}, "geometry": {"type": "Polygon", "coordinates": [[[32.82143, 39.86587], [32.82155, 39.86574], [32.8225, 39.86628], [32.82237, 39.86641], [32.82143, 39.86587]]]}}, {"type": "Feature", "properties": {}, "geometry": {"type": "Polygon", "coordinates": [[[32.82235, 39.86713], [32.82248, 39.86699], [32.82251, 39.867], [32.82252, 39.86699], [32.82256, 39.86701], [32.82263, 39.86693], [32.82232, 39.86675], [32.82224, 39.86683], [32.82225, 39.86684], [32.82224, 39.86686], [32.82226, 39.86687], [32.82213, 39.867], [32.82216, 39.86702], [32.82215, 39.86703], [32.8223, 39.86711], [32.82231, 39.8671], [32.82235, 39.86713]]]}}, {"type": "Feature", "properties": {}, "geometry": {"type": "Polygon", "coordinates": [[[32.83138, 39.86379], [32.83132, 39.86369], [32.83157, 39.8636], [32.83163, 39.8637], [32.83138, 39.86379]]]}}, {"type": "Feature", "properties": {}, "geometry": {"type": "Polygon", "coordinates": [[[32.83147, 39.864], [32.83173, 39.8639], [32.8318, 39.86402], [32.83154, 39.86411], [32.83147, 39.864]]]}}, {"type": "Feature", "properties": {}, "geometry": {"type": "Polygon", "coordinates": [[[32.82845, 39.87209], [32.82858, 39.87199], [32.8287, 39.87208], [32.82858, 39.87218], [32.82845, 39.87209]]]}}, {"type": "Feature", "properties": {}, "geometry": {"type": "Polygon", "coordinates": [[[32.82819, 39.87199], [32.82835, 39.87186], [32.82824, 39.87177], [32.82807, 39.8719], [32.82819, 39.87199]]]}}, {"type": "Feature", "properties": {}, "geometry": {"type": "Polygon", "coordinates": [[[32.82328, 39.84866], [32.8232, 39.84853], [32.82292, 39.84864], [32.823, 39.84877], [32.82328, 39.84866]]]}}, {"type": "Feature", "geometry": {"type": "Polygon", "coordinates": [[[32.84491, 39.85678], [32.84481, 39.85675], [32.84479, 39.85677], [32.84471, 39.85675], [32.84474, 39.85671], [32.84464, 39.85668], [32.84459, 39.85666], [32.84458, 39.85664], [32.84458, 39.8566], [32.84458, 39.85659], [32.84456, 39.85658], [32.84458, 39.85652], [32.84465, 39.85646], [32.84467, 39.85649], [32.84476, 39.85643], [32.84474, 39.85642], [32.8448, 39.85637], [32.84485, 39.8564], [32.84488, 39.85638], [32.84484, 39.85637], [32.84488, 39.85632], [32.84489, 39.85631], [32.84493, 39.85616], [32.84492, 39.85608], [32.84508, 39.85608], [32.84508, 39.85614], [32.84511, 39.85614], [32.8451, 39.85617], [32.84514, 39.85617], [32.84509, 39.85633], [32.84505, 39.85632], [32.84503, 39.85638], [32.84498, 39.85636], [32.84494, 39.85641], [32.84498, 39.85643], [32.84494, 39.85648], [32.84496, 39.85649], [32.84495, 39.8565], [32.8449, 39.85655], [32.84492, 39.85663], [32.84492, 39.85666], [32.84498, 39.85668], [32.84495, 39.85673], [32.84491, 39.85678]]]}, "properties": {}}, {"type": "Feature", "geometry": {"type": "Polygon", "coordinates": [[[32.84491, 39.85607], [32.84503, 39.85604], [32.84501, 39.85598], [32.84506, 39.85597], [32.84503, 39.85591], [32.84507, 39.85588], [32.84502, 39.85582], [32.84499, 39.85584], [32.84492, 39.85577], [32.8449, 39.85578], [32.84487, 39.85575], [32.84486, 39.85578], [32.84473, 39.85571], [32.84475, 39.85569], [32.84472, 39.85568], [32.84468, 39.85566], [32.84469, 39.85563], [32.8447, 39.85561], [32.84463, 39.85558], [32.84461, 39.85561], [32.84451, 39.85557], [32.84449, 39.85559], [32.84446, 39.85559], [32.84446, 39.85561], [32.84437, 39.8556], [32.84437, 39.85555], [32.84429, 39.85555], [32.84428, 39.85553], [32.84424, 39.85554], [32.84424, 39.85552], [32.84419, 39.85552], [32.84415, 39.85567], [32.84405, 39.85568], [32.84405, 39.85566], [32.84379, 39.85569], [32.84378, 39.85571], [32.84371, 39.85572], [32.84366, 39.85574], [32.84363, 39.85576], [32.84361, 39.85578], [32.84359, 39.85581], [32.84359, 39.85583], [32.8436, 39.85586], [32.84362, 39.85588], [32.84365, 39.85591], [32.84368, 39.85592], [32.84377, 39.85592], [32.84383, 39.85591], [32.84384, 39.85594], [32.8441, 39.8559], [32.8441, 39.85588], [32.84419, 39.85587], [32.84423, 39.85571], [32.84428, 39.85571], [32.84428, 39.85569], [32.84431, 39.85569], [32.84431, 39.8557], [32.84436, 39.8557], [32.84435, 39.85573], [32.84443, 39.85574], [32.84444, 39.85573], [32.84463, 39.85579], [32.84462, 39.8558], [32.84468, 39.85584], [32.8447, 39.85583], [32.84476, 39.85587], [32.84478, 39.85587], [32.84489, 39.856], [32.84489, 39.85601], [32.84491, 39.85607]]]}, "properties": {}}, {"type": "Feature", "geometry": {"type": "Polygon", "coordinates": [[[32.84432, 39.85665], [32.84428, 39.85665], [32.84428, 39.85666], [32.84424, 39.85667], [32.84418, 39.85667], [32.84418, 39.85669], [32.84413, 39.85669], [32.84414, 39.85668], [32.84391, 39.85666], [32.8439, 39.85662], [32.8438, 39.85652], [32.84376, 39.85652], [32.84376, 39.85648], [32.84372, 39.85648], [32.84373, 39.85639], [32.8437, 39.85639], [32.84369, 39.8563], [32.84376, 39.8563], [32.84376, 39.85624], [32.84382, 39.85624], [32.84382, 39.8562], [32.84377, 39.8562], [32.84379, 39.85615], [32.84381, 39.85615], [32.84382, 39.8561], [32.84387, 39.85611], [32.84404, 39.856], [32.84407, 39.85602], [32.84408, 39.85597], [32.84414, 39.85599], [32.84413, 39.85601], [32.84417, 39.856], [32.84421, 39.856], [32.84419, 39.85599], [32.84425, 39.85599], [32.84425, 39.85601], [32.84432, 39.85601], [32.84429, 39.85616], [32.84426, 39.85616], [32.84422, 39.85616], [32.8441, 39.85615], [32.84401, 39.85621], [32.84398, 39.85639], [32.84401, 39.8564], [32.844, 39.85643], [32.84398, 39.85643], [32.84399, 39.85646], [32.84405, 39.85651], [32.84415, 39.85653], [32.84415, 39.8565], [32.84419, 39.85651], [32.84419, 39.85649], [32.84425, 39.85649], [32.84426, 39.85652], [32.84432, 39.85652], [32.84431, 39.85661], [32.84433, 39.85661], [32.84432, 39.85665]]]}, "properties": {}}]}