{"type":"FeatureCollection","features":[{"type":"Feature","properties":{"addr:housenumber":"9","building":"yes","osm_id":28471711},"geometry":{"type":"Polygon","coordinates":[[[32.8572704,39.8678089],[32.8573373,39.8678314],[32.8574155,39.8678317],[32.8575624,39.8677435],[32.8574943,39.8676561],[32.8574079,39.8677077],[32.857353,39.8676984],[32.8573328,39.8676454],[32.8572068,39.8676831],[32.8572704,39.8678089]]]}},{"type":"Feature","properties":{"building":"kindergarten","name":"Gündüz Kreşi","osm_id":38485689},"geometry":{"type":"Polygon","coordinates":[[[32.8472136,39.8545911],[32.8474033,39.8546052],[32.8474376,39.8543324],[32.8472478,39.8543184],[32.8472136,39.8545911]]]}},{"type":"Feature","properties":{"amenity":"clinic","building":"yes","name":"Çankaya Blediyesi Polikliniği","osm_id":38485690},"geometry":{"type":"Polygon","coordinates":[[[32.8472063,39.8549486],[32.8472277,39.8546863],[32.8474504,39.8547056],[32.8474252,39.8549733],[32.8472063,39.8549486]]]}},{"type":"Feature","properties":{"name":"Meral Apt.","addr:housename":"Meral Apt.","addr:housenumber":"46","addr:postcode":"06550","addr:street":"Aleksander Dubçek Cad.","building":"apartments","osm_id":171229275},"geometry":{"type":"Polygon","coordinates":[[[32.8513096,39.8686786],[32.8512117,39.8688478],[32.8515014,39.8689343],[32.8516047,39.8687692],[32.8513096,39.8686786]]]}},{"type":"Feature","properties":{"name":"Akın 1 Apt.","building":"yes","osm_id":172146552},"geometry":{"type":"Polygon","coordinates":[[[32.8257323,39.8476466],[32.825786,39.8473933],[32.8261239,39.847451],[32.8260663,39.8476841],[32.8257323,39.8476466]]]}},{"type":"Feature","properties":{"building":"yes","shop":"supermarket","name":"Migros","osm_id":172146553},"geometry":{"type":"Polygon","coordinates":[[[32.8266228,39.8471668],[32.8267355,39.8470556],[32.8268548,39.8471116],[32.8270037,39.8470556],[32.8270949,39.8471668],[32.8268374,39.847278],[32.8266228,39.8471668]]]}},{"type":"Feature","properties":{"building":"yes","name":"Akın 2 Apartmanı","osm_id":172146554},"geometry":{"type":"Polygon","coordinates":[[[32.8272451,39.8471792],[32.8271056,39.8469897],[32.8274597,39.8468414],[32.8275898,39.8470581],[32.8272451,39.8471792]]]}},{"type":"Feature","properties":{"building":"yes","name":"Akın 4 Apartmanı","osm_id":172146837},"geometry":{"type":"Polygon","coordinates":[[[32.8259898,39.8468867],[32.8261186,39.846689],[32.8259,39.8465721],[32.8257283,39.8467904],[32.8259898,39.8468867]]]}},{"type":"Feature","properties":{"building":"yes","name":"Akın 3 Apartmanı","osm_id":172146838},"geometry":{"type":"Polygon","coordinates":[[[32.8264619,39.847138],[32.8266228,39.8469403],[32.8263439,39.8467755],[32.8261575,39.8470169],[32.8264619,39.847138]]]}},{"type":"Feature","properties":{"building":"yes","building:levels":"3","landuse":"commercial","name":"Panora AVM","shop":"mall","osm_id":172146840},"geometry":{"type":"Polygon","coordinates":[[[32.8314081,39.8479205],[32.8318134,39.8472686],[32.8319638,39.8473227],[32.8320389,39.8472095],[32.8320561,39.8472159],[32.8328609,39.847514],[32.8328635,39.8475175],[32.8330593,39.8472339],[32.8336413,39.8474401],[32.8334627,39.8477166],[32.8339578,39.8478955],[32.8342709,39.8480086],[32.8342181,39.8480969],[32.8342994,39.8481374],[32.8342588,39.8481905],[32.8343482,39.8482311],[32.8343198,39.8482997],[32.8344011,39.8483185],[32.8344942,39.8486452],[32.8344982,39.8487019],[32.8344368,39.8487828],[32.834292,39.848826],[32.8340157,39.8487333],[32.8339689,39.8488099],[32.8339289,39.848796],[32.8314657,39.8479405],[32.8314081,39.8479205]]]}},{"type":"Feature","properties":{"addr:housename":"Guzelbeyli Apt.","name":"Guzelbeyli Apt.","addr:housenumber":"30","addr:street":"665. Sk","building":"residential","osm_id":217527647},"geometry":{"type":"Polygon","coordinates":[[[32.850485,39.8672684],[32.8507444,39.8674478],[32.8509087,39.8673078],[32.8506493,39.8671284],[32.850485,39.8672684]]]}},{"type":"Feature","properties":{"building":"yes","source":"Bing","osm_id":229143936},"geometry":{"type":"Polygon","coordinates":[[[32.8456389,39.8729945],[32.8457607,39.8730407],[32.8458984,39.8728268],[32.8457766,39.8727807],[32.8456389,39.8729945]]]}},{"type":"Feature","properties":{"building":"yes","source":"Bing","osm_id":229143959},"geometry":{"type":"Polygon","coordinates":[[[32.8457984,39.8730551],[32.8459306,39.8731057],[32.8460707,39.87289],[32.8459385,39.8728394],[32.8457984,39.8730551]]]}},{"type":"Feature","properties":{"building":"yes","source":"Bing","osm_id":229143980},"geometry":{"type":"Polygon","coordinates":[[[32.846288,39.8732619],[32.8464292,39.873333],[32.8465951,39.8731389],[32.846454,39.8730678],[32.846288,39.8732619]]]}},{"type":"Feature","properties":{"building":"yes","source":"Bing","osm_id":229144135},"geometry":{"type":"Polygon","coordinates":[[[32.8464411,39.873341],[32.8465574,39.8734121],[32.8467587,39.873218],[32.8466424,39.873147],[32.8464411,39.873341]]]}},{"type":"Feature","properties":{"building":"yes","source":"Bing","osm_id":229144147},"geometry":{"type":"Polygon","coordinates":[[[32.8466021,39.8734152],[32.8467237,39.8734923],[32.8469154,39.8733143],[32.8467938,39.8732372],[32.8466021,39.8734152]]]}},{"type":"Feature","properties":{"building":"yes","source":"Bing","osm_id":229144154},"geometry":{"type":"Polygon","coordinates":[[[32.8444575,39.8725881],[32.8445718,39.8726297],[32.8447039,39.8724155],[32.8445896,39.872374],[32.8444575,39.8725881]]]}},{"type":"Feature","properties":{"building":"yes","source":"Bing","osm_id":229144160},"geometry":{"type":"Polygon","coordinates":[[[32.8467455,39.8735129],[32.8468602,39.8735947],[32.8470744,39.873418],[32.8469597,39.8733361],[32.8467455,39.8735129]]]}},{"type":"Feature","properties":{"building":"yes","source":"Bing","osm_id":229144170},"geometry":{"type":"Polygon","coordinates":[[[32.8441342,39.872475],[32.8443696,39.8725591],[32.8445,39.872344],[32.8442647,39.8722599],[32.8441342,39.872475]]]}},{"type":"Feature","properties":{"building":"yes","source":"Bing","osm_id":229144173},"geometry":{"type":"Polygon","coordinates":[[[32.8468953,39.873613],[32.8470267,39.8737109],[32.8472378,39.873544],[32.8471063,39.8734461],[32.8468953,39.873613]]]}},{"type":"Feature","properties":{"building":"yes","source":"Bing","osm_id":229144183},"geometry":{"type":"Polygon","coordinates":[[[32.8454803,39.872942],[32.8455961,39.8729811],[32.8457241,39.872758],[32.8456083,39.8727189],[32.8454803,39.872942]]]}},{"type":"Feature","properties":{"building":"yes","source":"Bing","osm_id":229144185},"geometry":{"type":"Polygon","coordinates":[[[32.8470531,39.8737354],[32.8471823,39.873839],[32.847403,39.8736771],[32.8472738,39.8735734],[32.8470531,39.8737354]]]}},{"type":"Feature","properties":{"building":"yes","source":"Bing","osm_id":229378099},"geometry":{"type":"Polygon","coordinates":[[[32.8338612,39.87351],[32.8340176,39.8734606],[32.8339069,39.8732543],[32.833753,39.8733084],[32.8338612,39.87351]]]}},{"type":"Feature","properties":{"building":"yes","source":"Bing","osm_id":229378100},"geometry":{"type":"Polygon","coordinates":[[[32.83206,39.8736444],[32.8323422,39.8738264],[32.8325324,39.8736528],[32.8322502,39.8734708],[32.83206,39.8736444]]]}},{"type":"Feature","properties":{"building":"yes","source":"Bing","osm_id":229378101},"geometry":{"type":"Polygon","coordinates":[[[32.834882,39.8720116],[32.8350062,39.8721141],[32.8351959,39.8719788],[32.8350718,39.8718763],[32.834882,39.8720116]]]}},{"type":"Feature","properties":{"building":"yes","source":"Bing","osm_id":229378103},"geometry":{"type":"Polygon","coordinates":[[[32.8328538,39.8726398],[32.832979,39.8727266],[32.8331246,39.8726029],[32.8329994,39.8725161],[32.8328538,39.8726398]]]}},{"type":"Feature","properties":{"building":"yes","source":"Bing","osm_id":229378104},"geometry":{"type":"Polygon","coordinates":[[[32.8331566,39.8720625],[32.8333134,39.8721916],[32.8335104,39.8720507],[32.8333536,39.8719216],[32.8331566,39.8720625]]]}},{"type":"Feature","properties":{"building":"yes","source":"Bing","osm_id":229378107},"geometry":{"type":"Polygon","coordinates":[[[32.8333713,39.8722772],[32.8335224,39.8723877],[32.8336707,39.8722682],[32.8335197,39.8721577],[32.8333713,39.8722772]]]}},{"type":"Feature","properties":{"building":"yes","source":"Bing","osm_id":229378111},"geometry":{"type":"Polygon","coordinates":[[[32.8330913,39.8724518],[32.8331811,39.8725375],[32.8333394,39.8724398],[32.8332496,39.8723541],[32.8330913,39.8724518]]]}},{"type":"Feature","properties":{"building":"yes","source":"Bing","osm_id":229378112},"geometry":{"type":"Polygon","coordinates":[[[32.8336413,39.8720784],[32.8337953,39.8721975],[32.8339534,39.8720771],[32.8337994,39.871958],[32.8336413,39.8720784]]]}},{"type":"Feature","properties":{"building":"yes","source":"Bing","osm_id":229378118},"geometry":{"type":"Polygon","coordinates":[[[32.8332246,39.8729371],[32.8333887,39.8730416],[32.8334931,39.872945],[32.8333289,39.8728405],[32.8332246,39.8729371]]]}},{"type":"Feature","properties":{"building":"yes","source":"Bing","osm_id":229378120},"geometry":{"type":"Polygon","coordinates":[[[32.8335537,39.8724275],[32.8337131,39.8725601],[32.8339174,39.8724154],[32.8337581,39.8722828],[32.8335537,39.8724275]]]}},{"type":"Feature","properties":{"building":"yes","source":"Bing","osm_id":229378121},"geometry":{"type":"Polygon","coordinates":[[[32.8352048,39.8737044],[32.8354614,39.8738752],[32.8356147,39.8737395],[32.8353581,39.8735687],[32.8352048,39.8737044]]]}},{"type":"Feature","properties":{"building":"yes","source":"Bing","osm_id":229378123},"geometry":{"type":"Polygon","coordinates":[[[32.8335667,39.8728757],[32.8338014,39.8730782],[32.8339293,39.872991],[32.8336946,39.8727885],[32.8335667,39.8728757]]]}},{"type":"Feature","properties":{"building":"yes","source":"Bing","osm_id":229378138},"geometry":{"type":"Polygon","coordinates":[[[32.8350942,39.8726177],[32.835245,39.872725],[32.8354052,39.8725925],[32.8352544,39.8724851],[32.8350942,39.8726177]]]}},{"type":"Feature","properties":{"building":"yes","source":"Bing","osm_id":229378144},"geometry":{"type":"Polygon","coordinates":[[[32.8344078,39.8720741],[32.834546,39.8721809],[32.8347418,39.8720315],[32.8346036,39.8719248],[32.8344078,39.8720741]]]}},{"type":"Feature","properties":{"building":"yes","source":"Bing","osm_id":229378148},"geometry":{"type":"Polygon","coordinates":[[[32.8345464,39.8717446],[32.8346848,39.8718543],[32.8348806,39.8717087],[32.8347422,39.871599],[32.8345464,39.8717446]]]}},{"type":"Feature","properties":{"building":"yes","source":"Bing","osm_id":229378151},"geometry":{"type":"Polygon","coordinates":[[[32.8342669,39.8730885],[32.8344895,39.8732649],[32.8347047,39.8731049],[32.8344822,39.8729285],[32.8342669,39.8730885]]]}},{"type":"Feature","properties":{"building":"yes","source":"Bing","osm_id":229378153},"geometry":{"type":"Polygon","coordinates":[[[32.833933,39.8731311],[32.8340728,39.8731778],[32.8341123,39.873108],[32.8339725,39.8730614],[32.833933,39.8731311]]]}},{"type":"Feature","properties":{"building":"yes","source":"Bing","osm_id":229378158},"geometry":{"type":"Polygon","coordinates":[[[32.8339159,39.8736724],[32.8341227,39.8736276],[32.8340726,39.8734916],[32.8338659,39.8735364],[32.8339159,39.8736724]]]}},{"type":"Feature","properties":{"building":"yes","source":"Bing","osm_id":229378159},"geometry":{"type":"Polygon","coordinates":[[[32.8349042,39.8730894],[32.8351182,39.8732602],[32.8353309,39.8731032],[32.8351169,39.8729324],[32.8349042,39.8730894]]]}},{"type":"Feature","properties":{"building":"yes","source":"Bing","osm_id":229378162},"geometry":{"type":"Polygon","coordinates":[[[32.8329945,39.872771],[32.8331966,39.8729024],[32.8333121,39.8727977],[32.83311,39.8726664],[32.8329945,39.872771]]]}},{"type":"Feature","properties":{"building":"yes","source":"Bing","osm_id":229378166},"geometry":{"type":"Polygon","coordinates":[[[32.8343898,39.8726731],[32.8345904,39.8728262],[32.8347899,39.8726722],[32.8345892,39.8725191],[32.8343898,39.8726731]]]}},{"type":"Feature","properties":{"building":"yes","source":"Bing","osm_id":229378169},"geometry":{"type":"Polygon","coordinates":[[[32.8359722,39.8737903],[32.8361138,39.8738722],[32.8362925,39.8736902],[32.836151,39.8736083],[32.8359722,39.8737903]]]}},{"type":"Feature","properties":{"building":"yes","source":"Bing","osm_id":229378173},"geometry":{"type":"Polygon","coordinates":[[[32.8332301,39.8725779],[32.8334107,39.8727283],[32.8335584,39.872624],[32.8333778,39.8724735],[32.8332301,39.8725779]]]}},{"type":"Feature","properties":{"building":"yes","source":"Bing","osm_id":229378181},"geometry":{"type":"Polygon","coordinates":[[[32.8366298,39.8728161],[32.8368861,39.8729547],[32.8370219,39.8728067],[32.8367657,39.8726681],[32.8366298,39.8728161]]]}},{"type":"Feature","properties":{"building":"yes","source":"Bing","osm_id":229378184},"geometry":{"type":"Polygon","coordinates":[[[32.8392538,39.8735297],[32.8393852,39.8737416],[32.8395496,39.8736815],[32.8394182,39.8734697],[32.8392538,39.8735297]]]}},{"type":"Feature","properties":{"building":"yes","source":"Bing","osm_id":229378185},"geometry":{"type":"Polygon","coordinates":[[[32.8352019,39.8722776],[32.835332,39.8723824],[32.8355144,39.8722489],[32.8353843,39.8721441],[32.8352019,39.8722776]]]}},{"type":"Feature","properties":{"building":"yes","source":"Bing","osm_id":229378188},"geometry":{"type":"Polygon","coordinates":[[[32.8388914,39.8736501],[32.8389863,39.8738722],[32.8391437,39.8738326],[32.8390488,39.8736105],[32.8388914,39.8736501]]]}},{"type":"Feature","properties":{"building":"yes","source":"Bing","osm_id":229378195},"geometry":{"type":"Polygon","coordinates":[[[32.8352766,39.8727595],[32.8354323,39.8728781],[32.8356122,39.8727389],[32.8354565,39.8726204],[32.8352766,39.8727595]]]}},{"type":"Feature","properties":{"building":"yes","source":"Bing","osm_id":229378199},"geometry":{"type":"Polygon","coordinates":[[[32.83547,39.8729061],[32.8356536,39.872753],[32.8358385,39.8728893],[32.8356135,39.8730115],[32.83547,39.8729061]]]}},{"type":"Feature","properties":{"building":"yes","source":"Bing","osm_id":229378200},"geometry":{"type":"Polygon","coordinates":[[[32.8342314,39.8719397],[32.834379,39.8720586],[32.834587,39.8719064],[32.8344394,39.8717876],[32.8342314,39.8719397]]]}},{"type":"Feature","properties":{"building":"yes","source":"Bing","osm_id":229378203},"geometry":{"type":"Polygon","coordinates":[[[32.8322498,39.8733756],[32.832572,39.8735922],[32.8327609,39.8734266],[32.8324386,39.8732101],[32.8322498,39.8733756]]]}},{"type":"Feature","properties":{"building":"yes","source":"Bing","osm_id":229378204},"geometry":{"type":"Polygon","coordinates":[[[32.8347215,39.8718744],[32.8348515,39.8719805],[32.835034,39.8718489],[32.8349039,39.8717428],[32.8347215,39.8718744]]]}},{"type":"Feature","properties":{"building":"yes","source":"Bing","osm_id":229378207},"geometry":{"type":"Polygon","coordinates":[[[32.8340541,39.8729121],[32.8342475,39.8730642],[32.8344525,39.8729107],[32.8342591,39.8727586],[32.8340541,39.8729121]]]}},{"type":"Feature","properties":{"building":"yes","source":"Bing","osm_id":229378210},"geometry":{"type":"Polygon","coordinates":[[[32.8328607,39.8722711],[32.833014,39.8723915],[32.8331617,39.8722807],[32.8330085,39.8721603],[32.8328607,39.8722711]]]}},{"type":"Feature","properties":{"building":"yes","source":"Bing","osm_id":229378214},"geometry":{"type":"Polygon","coordinates":[[[32.8338249,39.8722725],[32.8339813,39.8723966],[32.8341686,39.8722575],[32.8340122,39.8721335],[32.8338249,39.8722725]]]}},{"type":"Feature","properties":{"building":"yes","source":"Bing","osm_id":229378216},"geometry":{"type":"Polygon","coordinates":[[[32.8326876,39.873273],[32.8328513,39.873387],[32.8330666,39.873205],[32.8329028,39.8730909],[32.8326876,39.873273]]]}},{"type":"Feature","properties":{"building":"yes","source":"Bing","osm_id":229378217},"geometry":{"type":"Polygon","coordinates":[[[32.8346208,39.8728505],[32.8348458,39.8730278],[32.8350395,39.8728831],[32.8348145,39.8727057],[32.8346208,39.8728505]]]}},{"type":"Feature","properties":{"building":"yes","source":"Bing","osm_id":229378224},"geometry":{"type":"Polygon","coordinates":[[[32.834134,39.8724816],[32.8343542,39.8726492],[32.8345717,39.872481],[32.8343515,39.8723133],[32.834134,39.8724816]]]}},{"type":"Feature","properties":{"building":"yes","source":"Bing","osm_id":229378226},"geometry":{"type":"Polygon","coordinates":[[[32.8354225,39.8734431],[32.8356901,39.8736241],[32.8358466,39.8734879],[32.8355791,39.8733068],[32.8354225,39.8734431]]]}},{"type":"Feature","properties":{"building":"yes","source":"Bing","osm_id":229378227},"geometry":{"type":"Polygon","coordinates":[[[32.8332725,39.8737733],[32.8335391,39.8737034],[32.8334677,39.8735429],[32.833232,39.873663],[32.8332725,39.8737733]]]}},{"type":"Feature","properties":{"building":"yes","source":"Bing","osm_id":229378228},"geometry":{"type":"Polygon","coordinates":[[[32.833424,39.8730705],[32.8336526,39.8732143],[32.8337601,39.8731136],[32.8335315,39.8729699],[32.833424,39.8730705]]]}},{"type":"Feature","properties":{"building":"yes","source":"Bing","osm_id":229378229},"geometry":{"type":"Polygon","coordinates":[[[32.8338084,39.8726955],[32.8340298,39.8728747],[32.8342325,39.8727273],[32.8340111,39.8725481],[32.8338084,39.8726955]]]}},{"type":"Feature","properties":{"building":"yes","source":"Bing","osm_id":229378231},"geometry":{"type":"Polygon","coordinates":[[[32.8326312,39.8724681],[32.8328173,39.8726081],[32.8329756,39.8724842],[32.8327895,39.8723442],[32.8326312,39.8724681]]]}},{"type":"Feature","properties":{"building":"yes","source":"Bing","osm_id":229378236},"geometry":{"type":"Polygon","coordinates":[[[32.8350256,39.8721441],[32.8351536,39.8722509],[32.8353519,39.8721109],[32.8352238,39.8720041],[32.8350256,39.8721441]]]}},{"type":"Feature","properties":{"building":"yes","source":"Bing","osm_id":229378242},"geometry":{"type":"Polygon","coordinates":[[[32.8390848,39.8736053],[32.8391954,39.8738218],[32.8393377,39.873779],[32.8392149,39.8735662],[32.8390848,39.8736053]]]}},{"type":"Feature","properties":{"building":"yes","source":"Bing","osm_id":229378243},"geometry":{"type":"Polygon","coordinates":[[[32.8353758,39.8724064],[32.8356312,39.8726155],[32.8358025,39.8724922],[32.8355471,39.8722831],[32.8353758,39.8724064]]]}},{"type":"Feature","properties":{"building":"yes","source":"Bing","osm_id":229378245},"geometry":{"type":"Polygon","coordinates":[[[32.8365135,39.8732039],[32.8366984,39.8730489],[32.8369209,39.8731665],[32.8367799,39.8733485],[32.8365135,39.8732039]]]}},{"type":"Feature","properties":{"source":"Bing","building":"yes","osm_id":229378247},"geometry":{"type":"Polygon","coordinates":[[[32.8345744,39.8722039],[32.834718,39.8723182],[32.8349211,39.8721679],[32.8347775,39.8720536],[32.8345744,39.8722039]]]}},{"type":"Feature","properties":{"building":"yes","source":"Bing","osm_id":229378257},"geometry":{"type":"Polygon","coordinates":[[[32.8362506,39.8730615],[32.8364178,39.8728923],[32.8366586,39.873015],[32.8364557,39.8731721],[32.8362506,39.8730615]]]}},{"type":"Feature","properties":{"building":"yes","source":"Bing","osm_id":229378259},"geometry":{"type":"Polygon","coordinates":[[[32.8345539,39.8732742],[32.8347485,39.8734422],[32.8349575,39.8732996],[32.834763,39.8731316],[32.8345539,39.8732742]]]}},{"type":"Feature","properties":{"building":"yes","source":"Bing","osm_id":229378263},"geometry":{"type":"Polygon","coordinates":[[[32.8340692,39.8732431],[32.8342042,39.8732674],[32.834229,39.873186],[32.834094,39.8731617],[32.8340692,39.8732431]]]}},{"type":"Feature","properties":{"building":"yes","source":"Bing","osm_id":229378265},"geometry":{"type":"Polygon","coordinates":[[[32.8334193,39.8718768],[32.8335694,39.8719879],[32.8337689,39.8718293],[32.8336394,39.871734],[32.8335932,39.8717358],[32.8334193,39.8718768]]]}},{"type":"Feature","properties":{"building":"yes","source":"Bing","osm_id":229378268},"geometry":{"type":"Polygon","coordinates":[[[32.833927,39.8736978],[32.8339759,39.8738485],[32.8340838,39.8738227],[32.8342447,39.8737356],[32.8342152,39.8736427],[32.833927,39.8736978]]]}},{"type":"Feature","properties":{"building":"yes","source":"Bing","osm_id":229378270},"geometry":{"type":"Polygon","coordinates":[[[32.8326256,39.8732235],[32.8328445,39.8730275],[32.8325714,39.8728479],[32.8324918,39.8729211],[32.8325076,39.8729379],[32.8324687,39.872964],[32.832417,39.8730747],[32.8326256,39.8732235]]]}},{"type":"Feature","properties":{"building":"yes","source":"Bing","osm_id":229379586},"geometry":{"type":"Polygon","coordinates":[[[32.8399415,39.8720464],[32.8399167,39.8720581],[32.8400392,39.87221],[32.8400689,39.8721959],[32.8400789,39.8722083],[32.8402753,39.872115],[32.8402687,39.8721069],[32.8402915,39.8720961],[32.8401672,39.8719421],[32.8401404,39.8719549],[32.8401305,39.8719427],[32.8399334,39.8720364],[32.8399415,39.8720464]]]}},{"type":"Feature","properties":{"building":"yes","source":"Bing","osm_id":229379587},"geometry":{"type":"Polygon","coordinates":[[[32.8404936,39.8718149],[32.8404688,39.8718267],[32.8405913,39.8719786],[32.840621,39.8719645],[32.840631,39.8719769],[32.8408274,39.8718835],[32.8408209,39.8718754],[32.8408436,39.8718646],[32.8407194,39.8717106],[32.8406925,39.8717234],[32.8406827,39.8717112],[32.8404856,39.8718049],[32.8404936,39.8718149]]]}},{"type":"Feature","properties":{"building":"yes","source":"Bing","osm_id":229379588},"geometry":{"type":"Polygon","coordinates":[[[32.8405483,39.8721715],[32.8405235,39.8721833],[32.840646,39.8723352],[32.8406757,39.8723211],[32.8406857,39.8723335],[32.8408821,39.8722402],[32.8408755,39.872232],[32.8408983,39.8722212],[32.8407741,39.8720672],[32.8407472,39.87208],[32.8407373,39.8720679],[32.8405402,39.8721615],[32.8405483,39.8721715]]]}},{"type":"Feature","properties":{"building":"yes","source":"Bing","osm_id":229379593},"geometry":{"type":"Polygon","coordinates":[[[32.8388902,39.8716123],[32.8390381,39.871809],[32.8391804,39.8717459],[32.8390325,39.8715492],[32.8388902,39.8716123]]]}},{"type":"Feature","properties":{"building":"yes","source":"Bing","osm_id":229379594},"geometry":{"type":"Polygon","coordinates":[[[32.842486,39.8721533],[32.8426282,39.8723557],[32.8428605,39.8722596],[32.8427183,39.8720572],[32.842486,39.8721533]]]}},{"type":"Feature","properties":{"building":"yes","source":"Bing","osm_id":229379595},"geometry":{"type":"Polygon","coordinates":[[[32.8401574,39.8723136],[32.8403036,39.872505],[32.8404581,39.8724355],[32.8403119,39.8722441],[32.8401574,39.8723136]]]}},{"type":"Feature","properties":{"building":"yes","source":"Bing","osm_id":229379597},"geometry":{"type":"Polygon","coordinates":[[[32.8389342,39.8724325],[32.839091,39.872636],[32.8392605,39.872559],[32.8391036,39.8723555],[32.8389342,39.8724325]]]}},{"type":"Feature","properties":{"building":"yes","source":"Bing","osm_id":229379598},"geometry":{"type":"Polygon","coordinates":[[[32.8408117,39.8724812],[32.8409596,39.8726871],[32.8411224,39.8726182],[32.8409745,39.8724123],[32.8408117,39.8724812]]]}},{"type":"Feature","properties":{"building":"yes","source":"Bing","osm_id":229379599},"geometry":{"type":"Polygon","coordinates":[[[32.8417171,39.8712442],[32.8418752,39.8714467],[32.8420186,39.8713808],[32.8418605,39.8711783],[32.8417171,39.8712442]]]}},{"type":"Feature","properties":{"building":"yes","source":"Bing","osm_id":229379600},"geometry":{"type":"Polygon","coordinates":[[[32.839993,39.8732296],[32.840153,39.8734276],[32.8403009,39.8733572],[32.840141,39.8731592],[32.839993,39.8732296]]]}},{"type":"Feature","properties":{"building":"yes","source":"Bing","osm_id":229379601},"geometry":{"type":"Polygon","coordinates":[[[32.8390881,39.8731803],[32.8392109,39.8733922],[32.8393512,39.8733442],[32.8392284,39.8731324],[32.8390881,39.8731803]]]}},{"type":"Feature","properties":{"building":"yes","source":"Bing","osm_id":229379602},"geometry":{"type":"Polygon","coordinates":[[[32.8404058,39.8726475],[32.840564,39.8728521],[32.8407212,39.8727805],[32.840563,39.8725759],[32.8404058,39.8726475]]]}},{"type":"Feature","properties":{"building":"yes","source":"Bing","osm_id":229379603},"geometry":{"type":"Polygon","coordinates":[[[32.8395579,39.8730145],[32.8394195,39.8730773],[32.8395554,39.8732845],[32.839723,39.8732111],[32.8395579,39.8730145]]]}},{"type":"Feature","properties":{"building":"yes","source":"Bing","osm_id":229379604},"geometry":{"type":"Polygon","coordinates":[[[32.8413511,39.8713954],[32.8415043,39.8716054],[32.8416479,39.8715437],[32.8414947,39.8713337],[32.8413511,39.8713954]]]}},{"type":"Feature","properties":{"building":"yes","source":"Bing","osm_id":229379605},"geometry":{"type":"Polygon","coordinates":[[[32.8421209,39.8714626],[32.8422668,39.8716642],[32.8424234,39.8715902],[32.8422812,39.8713942],[32.8421209,39.8714626]]]}},{"type":"Feature","properties":{"building":"yes","source":"Bing","osm_id":229379606},"geometry":{"type":"Polygon","coordinates":[[[32.838688,39.8732951],[32.838795,39.8735107],[32.8389432,39.8734674],[32.8388361,39.8732518],[32.838688,39.8732951]]]}},{"type":"Feature","properties":{"building":"yes","source":"Bing","osm_id":229379607},"geometry":{"type":"Polygon","coordinates":[[[32.8398648,39.8715834],[32.8400205,39.8717859],[32.8401661,39.87172],[32.8400105,39.8715175],[32.8398648,39.8715834]]]}},{"type":"Feature","properties":{"building":"yes","source":"Bing","osm_id":229379609},"geometry":{"type":"Polygon","coordinates":[[[32.8418439,39.8724277],[32.8419983,39.8726256],[32.8421382,39.8725613],[32.8419838,39.8723634],[32.8418439,39.8724277]]]}},{"type":"Feature","properties":{"building":"yes","source":"Bing","osm_id":229379611},"geometry":{"type":"Polygon","coordinates":[[[32.8416468,39.8721253],[32.8417964,39.872325],[32.8419223,39.8722695],[32.8417727,39.8720698],[32.8416468,39.8721253]]]}},{"type":"Feature","properties":{"building":"yes","source":"Bing","osm_id":229379612},"geometry":{"type":"Polygon","coordinates":[[[32.8416626,39.8725108],[32.8418183,39.8727087],[32.8419522,39.8726466],[32.8417966,39.8724487],[32.8416626,39.8725108]]]}},{"type":"Feature","properties":{"building":"yes","source":"Bing","osm_id":229379613},"geometry":{"type":"Polygon","coordinates":[[[32.8398141,39.8728996],[32.8399638,39.8731069],[32.8401218,39.8730396],[32.8399722,39.8728324],[32.8398141,39.8728996]]]}},{"type":"Feature","properties":{"building":"yes","source":"Bing","osm_id":229379614},"geometry":{"type":"Polygon","coordinates":[[[32.8420068,39.8719676],[32.8421637,39.8721729],[32.8423024,39.8721105],[32.8421455,39.8719051],[32.8420068,39.8719676]]]}},{"type":"Feature","properties":{"building":"yes","source":"Bing","osm_id":229379615},"geometry":{"type":"Polygon","coordinates":[[[32.8413815,39.8717771],[32.8415359,39.8719787],[32.8416712,39.8719177],[32.8415167,39.8717161],[32.8413815,39.8717771]]]}},{"type":"Feature","properties":{"building":"yes","source":"Bing","osm_id":229379616},"geometry":{"type":"Polygon","coordinates":[[[32.8405984,39.8729643],[32.8407549,39.8731663],[32.8409073,39.8730967],[32.8407508,39.8728948],[32.8405984,39.8729643]]]}},{"type":"Feature","properties":{"building":"yes","source":"Bing","osm_id":229379618},"geometry":{"type":"Polygon","coordinates":[[[32.839848,39.871196],[32.8400012,39.8713976],[32.8401552,39.8713287],[32.840002,39.8711271],[32.839848,39.871196]]]}},{"type":"Feature","properties":{"building":"yes","source":"Bing","osm_id":229379619},"geometry":{"type":"Polygon","coordinates":[[[32.8386718,39.8720883],[32.838825,39.8722946],[32.8390114,39.8722131],[32.8388581,39.8720068],[32.8386718,39.8720883]]]}},{"type":"Feature","properties":{"building":"yes","source":"Bing","osm_id":229379620},"geometry":{"type":"Polygon","coordinates":[[[32.8386984,39.8716941],[32.8388489,39.8718901],[32.8389902,39.8718262],[32.8388397,39.8716302],[32.8386984,39.8716941]]]}},{"type":"Feature","properties":{"building":"yes","source":"Bing","osm_id":229379621},"geometry":{"type":"Polygon","coordinates":[[[32.8422111,39.8722709],[32.8423583,39.8724712],[32.8425955,39.8723685],[32.8424483,39.8721682],[32.8422111,39.8722709]]]}},{"type":"Feature","properties":{"building":"yes","source":"Bing","osm_id":229379622},"geometry":{"type":"Polygon","coordinates":[[[32.8399631,39.8724218],[32.8401007,39.8725934],[32.8402517,39.8725221],[32.8401141,39.8723505],[32.8399631,39.8724218]]]}},{"type":"Feature","properties":{"building":"yes","source":"Bing","osm_id":229379623},"geometry":{"type":"Polygon","coordinates":[[[32.8396181,39.8729907],[32.8397694,39.8731887],[32.8399142,39.8731235],[32.8397628,39.8729255],[32.8396181,39.8729907]]]}},{"type":"Feature","properties":{"building":"yes","source":"Bing","osm_id":229379624},"geometry":{"type":"Polygon","coordinates":[[[32.8395538,39.8725631],[32.8397154,39.8727611],[32.8398638,39.8726897],[32.8397021,39.8724917],[32.8395538,39.8725631]]]}},{"type":"Feature","properties":{"building":"yes","source":"Bing","osm_id":229379625},"geometry":{"type":"Polygon","coordinates":[[[32.8393078,39.8726568],[32.8391344,39.8727135],[32.8393099,39.8729287],[32.8394798,39.8728653],[32.8393078,39.8726568]]]}},{"type":"Feature","properties":{"building":"yes","source":"Bing","osm_id":229379626},"geometry":{"type":"Polygon","coordinates":[[[32.8382595,39.8733814],[32.8383228,39.8736129],[32.838504,39.8735765],[32.8384189,39.8733469],[32.8382595,39.8733814]]]}},{"type":"Feature","properties":{"building":"yes","source":"Bing","osm_id":229379627},"geometry":{"type":"Polygon","coordinates":[[[32.8406036,39.8725696],[32.8407635,39.8727729],[32.8409226,39.8726992],[32.8407626,39.8724959],[32.8406036,39.8725696]]]}},{"type":"Feature","properties":{"building":"yes","source":"Bing","osm_id":229379628},"geometry":{"type":"Polygon","coordinates":[[[32.8397832,39.8733167],[32.8399414,39.87352],[32.8400994,39.8734476],[32.8399412,39.8732443],[32.8397832,39.8733167]]]}},{"type":"Feature","properties":{"building":"yes","source":"Bing","osm_id":229379629},"geometry":{"type":"Polygon","coordinates":[[[32.8415408,39.8713188],[32.8416916,39.8715279],[32.8418364,39.8714664],[32.8416856,39.8712573],[32.8415408,39.8713188]]]}},{"type":"Feature","properties":{"building":"yes","source":"Bing","osm_id":229379630},"geometry":{"type":"Polygon","coordinates":[[[32.8408099,39.871639],[32.8409643,39.8718424],[32.8410967,39.8717833],[32.8409423,39.8715798],[32.8408099,39.871639]]]}},{"type":"Feature","properties":{"building":"yes","source":"Bing","osm_id":229379631},"geometry":{"type":"Polygon","coordinates":[[[32.8388862,39.8732372],[32.8390042,39.873451],[32.8391454,39.873405],[32.8390275,39.8731913],[32.8388862,39.8732372]]]}},{"type":"Feature","properties":{"building":"yes","source":"Bing","osm_id":229379632},"geometry":{"type":"Polygon","coordinates":[[[32.8412808,39.8722793],[32.8414523,39.87248],[32.8415778,39.8724168],[32.8414063,39.8722161],[32.8412808,39.8722793]]]}},{"type":"Feature","properties":{"building":"yes","source":"Bing","osm_id":229379633},"geometry":{"type":"Polygon","coordinates":[[[32.8402097,39.8727359],[32.8403714,39.8729379],[32.8405245,39.8728657],[32.8403628,39.8726637],[32.8402097,39.8727359]]]}},{"type":"Feature","properties":{"building":"yes","source":"Bing","osm_id":229379634},"geometry":{"type":"Polygon","coordinates":[[[32.8411747,39.8714784],[32.8413292,39.8716847],[32.8414642,39.8716252],[32.8413098,39.8714189],[32.8411747,39.8714784]]]}},{"type":"Feature","properties":{"building":"yes","source":"Bing","osm_id":229379635},"geometry":{"type":"Polygon","coordinates":[[[32.8419348,39.8715466],[32.8420869,39.871751],[32.8422362,39.8716856],[32.8420842,39.8714811],[32.8419348,39.8715466]]]}},{"type":"Feature","properties":{"building":"yes","source":"Bing","osm_id":229379636},"geometry":{"type":"Polygon","coordinates":[[[32.8384666,39.8733586],[32.8385736,39.8735704],[32.8387417,39.8735204],[32.8386347,39.8733086],[32.8384666,39.8733586]]]}},{"type":"Feature","properties":{"building":"yes","source":"Bing","osm_id":229379637},"geometry":{"type":"Polygon","coordinates":[[[32.8412073,39.8726977],[32.8413672,39.8729075],[32.841524,39.8728372],[32.841364,39.8726273],[32.8412073,39.8726977]]]}},{"type":"Feature","properties":{"building":"yes","source":"Bing","osm_id":229379638},"geometry":{"type":"Polygon","coordinates":[[[32.8396642,39.8716627],[32.8398223,39.8718699],[32.8399809,39.8717986],[32.8398228,39.8715914],[32.8396642,39.8716627]]]}},{"type":"Feature","properties":{"building":"yes","source":"Bing","osm_id":229379639},"geometry":{"type":"Polygon","coordinates":[[[32.8414547,39.8722065],[32.8416067,39.872409],[32.8417501,39.8723456],[32.8415981,39.8721431],[32.8414547,39.8722065]]]}},{"type":"Feature","properties":{"building":"yes","source":"Bing","osm_id":229379641},"geometry":{"type":"Polygon","coordinates":[[[32.8394637,39.8713659],[32.8396157,39.8715694],[32.839771,39.871501],[32.839619,39.8712975],[32.8394637,39.8713659]]]}},{"type":"Feature","properties":{"building":"yes","source":"Bing","osm_id":229379642},"geometry":{"type":"Polygon","coordinates":[[[32.8418159,39.872045],[32.841974,39.8722513],[32.8421208,39.872185],[32.8419627,39.8719787],[32.8418159,39.872045]]]}},{"type":"Feature","properties":{"building":"yes","source":"Bing","osm_id":229379643},"geometry":{"type":"Polygon","coordinates":[[[32.8390828,39.8719091],[32.8392434,39.872121],[32.8393947,39.8720535],[32.8392342,39.8718416],[32.8390828,39.8719091]]]}},{"type":"Feature","properties":{"building":"yes","source":"Bing","osm_id":229379644},"geometry":{"type":"Polygon","coordinates":[[[32.8414912,39.8725827],[32.8416456,39.8727861],[32.8417706,39.8727303],[32.8416161,39.8725268],[32.8414912,39.8725827]]]}},{"type":"Feature","properties":{"building":"yes","source":"Bing","osm_id":229379645},"geometry":{"type":"Polygon","coordinates":[[[32.839082,39.8715304],[32.8392247,39.8717251],[32.8393709,39.871662],[32.8392281,39.8714673],[32.839082,39.8715304]]]}},{"type":"Feature","properties":{"building":"yes","source":"Bing","osm_id":229379646},"geometry":{"type":"Polygon","coordinates":[[[32.8422792,39.8718472],[32.8424568,39.8720824],[32.8427073,39.871971],[32.8425298,39.8717358],[32.8422792,39.8718472]]]}},{"type":"Feature","properties":{"building":"yes","source":"Bing","osm_id":229379647},"geometry":{"type":"Polygon","coordinates":[[[32.840045,39.8711186],[32.8402019,39.8713146],[32.8403712,39.8712347],[32.8402143,39.8710387],[32.840045,39.8711186]]]}},{"type":"Feature","properties":{"building":"yes","source":"Bing","osm_id":229379648},"geometry":{"type":"Polygon","coordinates":[[[32.8403972,39.8730554],[32.8405537,39.8732613],[32.8407115,39.8731906],[32.840555,39.8729847],[32.8403972,39.8730554]]]}},{"type":"Feature","properties":{"building":"yes","source":"Bing","osm_id":229379649},"geometry":{"type":"Polygon","coordinates":[[[32.8396522,39.871281],[32.8398066,39.8714863],[32.8399652,39.8714161],[32.8398107,39.8712107],[32.8396522,39.871281]]]}},{"type":"Feature","properties":{"building":"yes","source":"Bing","osm_id":229379650},"geometry":{"type":"Polygon","coordinates":[[[32.8378266,39.87343],[32.8378035,39.8736586],[32.8380029,39.8736409],[32.8379883,39.8734188],[32.8378266,39.87343]]]}},{"type":"Feature","properties":{"building":"yes","source":"Bing","osm_id":229379651},"geometry":{"type":"Polygon","coordinates":[[[32.8393209,39.8725417],[32.8396468,39.8724036],[32.8394942,39.8721915],[32.8391683,39.8723297],[32.8393209,39.8725417]]]}},{"type":"Feature","properties":{"building":"yes","source":"Bing","osm_id":229379652},"geometry":{"type":"Polygon","coordinates":[[[32.840254,39.8714116],[32.8404036,39.8716021],[32.8405818,39.8715196],[32.8404322,39.8713292],[32.840254,39.8714116]]]}},{"type":"Feature","properties":{"building":"yes","source":"Bing","osm_id":229379653},"geometry":{"type":"Polygon","coordinates":[[[32.8397602,39.8724825],[32.8399149,39.8726766],[32.8400624,39.8726073],[32.8399076,39.8724132],[32.8397602,39.8724825]]]}},{"type":"Feature","properties":{"building":"yes","source":"Bing","osm_id":229379654},"geometry":{"type":"Polygon","coordinates":[[[32.8410129,39.872398],[32.8411591,39.872596],[32.8413047,39.8725327],[32.8411585,39.8723347],[32.8410129,39.872398]]]}},{"type":"Feature","properties":{"building":"yes","source":"Bing","osm_id":229379655},"geometry":{"type":"Polygon","coordinates":[[[32.8393508,39.8726436],[32.8395159,39.8728469],[32.8396683,39.872774],[32.8395032,39.8725707],[32.8393508,39.8726436]]]}},{"type":"Feature","properties":{"building":"yes","source":"Bing","osm_id":229379656},"geometry":{"type":"Polygon","coordinates":[[[32.8419142,39.8711639],[32.8420613,39.8713664],[32.84222,39.8712985],[32.8420728,39.871096],[32.8419142,39.8711639]]]}},{"type":"Feature","properties":{"building":"yes","source":"Bing","osm_id":229379657},"geometry":{"type":"Polygon","coordinates":[[[32.8401942,39.8731372],[32.8403508,39.8733405],[32.8405096,39.8732685],[32.8403531,39.8730652],[32.8401942,39.8731372]]]}},{"type":"Feature","properties":{"building":"yes","source":"Bing","osm_id":229379658},"geometry":{"type":"Polygon","coordinates":[[[32.8400582,39.8714994],[32.8402175,39.871701],[32.8403729,39.8716287],[32.8402135,39.8714271],[32.8400582,39.8714994]]]}},{"type":"Feature","properties":{"building":"yes","source":"Bing","osm_id":229379660},"geometry":{"type":"Polygon","coordinates":[[[32.8420214,39.8723474],[32.8421807,39.87255],[32.8423317,39.87248],[32.8421724,39.8722775],[32.8420214,39.8723474]]]}},{"type":"Feature","properties":{"building":"yes","source":"Bing","osm_id":229379661},"geometry":{"type":"Polygon","coordinates":[[[32.8396095,39.8734118],[32.8397316,39.8736005],[32.8398966,39.8735409],[32.8397573,39.8733496],[32.8396095,39.8734118]]]}},{"type":"Feature","properties":{"building":"yes","source":"Bing","osm_id":229379662},"geometry":{"type":"Polygon","coordinates":[[[32.8410252,39.8719367],[32.8411796,39.8721355],[32.8413122,39.8720749],[32.8411577,39.8718761],[32.8410252,39.8719367]]]}},{"type":"Feature","properties":{"building":"yes","source":"Bing","osm_id":229379663},"geometry":{"type":"Polygon","coordinates":[[[32.8410026,39.8727887],[32.8411574,39.872996],[32.8413269,39.8729214],[32.8411721,39.8727142],[32.8410026,39.8727887]]]}},{"type":"Feature","properties":{"building":"yes","source":"Bing","osm_id":229379664},"geometry":{"type":"Polygon","coordinates":[[[32.8395362,39.8721796],[32.8396955,39.872383],[32.8398607,39.8723069],[32.8397014,39.8721034],[32.8395362,39.8721796]]]}},{"type":"Feature","properties":{"building":"yes","source":"Bing","osm_id":229379665},"geometry":{"type":"Polygon","coordinates":[[[32.840024,39.8728165],[32.8401702,39.8730211],[32.8403263,39.8729554],[32.8401801,39.8727508],[32.840024,39.8728165]]]}},{"type":"Feature","properties":{"building":"yes","source":"Bing","osm_id":229379666},"geometry":{"type":"Polygon","coordinates":[[[32.8409777,39.871555],[32.8411322,39.8717566],[32.8412833,39.8716884],[32.8411289,39.8714868],[32.8409777,39.871555]]]}},{"type":"Feature","properties":{"building":"yes","source":"Bing","osm_id":229379667},"geometry":{"type":"Polygon","coordinates":[[[32.8417427,39.871904],[32.8420394,39.8717752],[32.8418877,39.8715693],[32.8415909,39.8716981],[32.8417427,39.871904]]]}},{"type":"Feature","properties":{"building":"yes","source":"Bing","osm_id":229379668},"geometry":{"type":"Polygon","coordinates":[[[32.8408065,39.8728772],[32.8409562,39.8730831],[32.8411219,39.8730121],[32.8409723,39.8728062],[32.8408065,39.8728772]]]}},{"type":"Feature","properties":{"building":"yes","source":"Bing","osm_id":229379669},"geometry":{"type":"Polygon","coordinates":[[[32.8394538,39.872023],[32.8397736,39.8718886],[32.8396216,39.8716755],[32.8393018,39.8718099],[32.8394538,39.872023]]]}},{"type":"Feature","properties":{"building":"yes","source":"Bing","osm_id":229379671},"geometry":{"type":"Polygon","coordinates":[[[32.8392752,39.871448],[32.8394272,39.8716515],[32.8395855,39.8715818],[32.8394335,39.8713784],[32.8392752,39.871448]]]}},{"type":"Feature","properties":{"building":"yes","source":"Bing","osm_id":229379672},"geometry":{"type":"Polygon","coordinates":[[[32.8411966,39.8718583],[32.8413511,39.8720637],[32.8414949,39.8719999],[32.8413405,39.8717946],[32.8411966,39.8718583]]]}},{"type":"Feature","properties":{"building":"yes","source":"Bing","osm_id":229379673},"geometry":{"type":"Polygon","coordinates":[[[32.8380394,39.8734085],[32.8380723,39.873654],[32.8382778,39.8736269],[32.838217,39.8733898],[32.8380394,39.8734085]]]}},{"type":"Feature","properties":{"building":"yes","source":"Bing","osm_id":229379674},"geometry":{"type":"Polygon","coordinates":[[[32.8388968,39.8720025],[32.8390488,39.8721975],[32.8391877,39.8721338],[32.8390357,39.8719387],[32.8388968,39.8720025]]]}},{"type":"Feature","properties":{"building":"yes","source":"Bing","osm_id":229643066},"geometry":{"type":"Polygon","coordinates":[[[32.8377055,39.8727922],[32.8379183,39.8727853],[32.8379082,39.8726027],[32.8377484,39.8726079],[32.8377511,39.8726571],[32.8376393,39.8726608],[32.8376424,39.8727173],[32.8376706,39.8727163],[32.8376719,39.8727388],[32.8377025,39.8727378],[32.8377055,39.8727922]]]}},{"type":"Feature","properties":{"building":"yes","source":"Bing","osm_id":229643070},"geometry":{"type":"Polygon","coordinates":[[[32.8382052,39.8725647],[32.838219,39.8726888],[32.8382071,39.8726905],[32.8382168,39.8727693],[32.8383153,39.8727637],[32.8383153,39.8727497],[32.8383488,39.8727479],[32.8383457,39.8727003],[32.8383743,39.8726961],[32.8384004,39.8727353],[32.8384272,39.872725],[32.8384381,39.8727371],[32.838519,39.8727054],[32.8383852,39.8725248],[32.8383238,39.8725509],[32.8382843,39.8725621],[32.8382052,39.8725647]]]}},{"type":"Feature","properties":{"building":"yes","source":"Bing","osm_id":229643082},"geometry":{"type":"Polygon","coordinates":[[[32.8386275,39.8728059],[32.8387255,39.87293],[32.8389801,39.8728178],[32.8388958,39.872703],[32.8386275,39.8728059]]]}},{"type":"Feature","properties":{"building":"yes","source":"Bing","osm_id":229643095},"geometry":{"type":"Polygon","coordinates":[[[32.8383299,39.8729577],[32.8384108,39.8731861],[32.8386963,39.8731161],[32.8385862,39.872897],[32.8383299,39.8729577]]]}},{"type":"Feature","properties":{"building":"yes","source":"Bing","osm_id":229643101},"geometry":{"type":"Polygon","coordinates":[[[32.8379577,39.8727788],[32.8381696,39.8727667],[32.8381523,39.8725878],[32.8379404,39.8725999],[32.8379577,39.8727788]]]}},{"type":"Feature","properties":{"building":"yes","source":"Bing","osm_id":229643108},"geometry":{"type":"Polygon","coordinates":[[[32.8374876,39.8725493],[32.8376013,39.8726528],[32.8378104,39.8725174],[32.8376968,39.872414],[32.8374876,39.8725493]]]}},{"type":"Feature","properties":{"building":"yes","source":"Bing","osm_id":229643143},"geometry":{"type":"Polygon","coordinates":[[[32.8387307,39.872963],[32.8388201,39.8730805],[32.8391176,39.8729947],[32.8389904,39.8728403],[32.8387307,39.872963]]]}},{"type":"Feature","properties":{"building":"yes","source":"Bing","osm_id":229643145},"geometry":{"type":"Polygon","coordinates":[[[32.8384821,39.8724816],[32.8385217,39.8725595],[32.8386128,39.8726783],[32.8388141,39.8725951],[32.8386541,39.8724037],[32.8384821,39.8724816]]]}},{"type":"Feature","properties":{"building":"yes","source":"Bing","osm_id":229643152},"geometry":{"type":"Polygon","coordinates":[[[32.8373368,39.8723998],[32.8374453,39.8725115],[32.8376315,39.872405],[32.837621,39.8723942],[32.8376812,39.8723597],[32.8375832,39.8722588],[32.8373368,39.8723998]]]}},{"type":"Feature","properties":{"building":"yes","source":"Bing","osm_id":229875413},"geometry":{"type":"Polygon","coordinates":[[[32.8421928,39.872934],[32.8422586,39.8730201],[32.8425611,39.8728841],[32.8424941,39.8727964],[32.8424503,39.8728161],[32.8424374,39.8727993],[32.8424792,39.8727804],[32.8424083,39.8726876],[32.8421071,39.872823],[32.8421751,39.8729122],[32.8422241,39.8728902],[32.842241,39.8729123],[32.8421928,39.872934]]]}},{"type":"Feature","properties":{"building":"yes","source":"Bing","osm_id":229875416},"geometry":{"type":"Polygon","coordinates":[[[32.8416891,39.8735315],[32.8417066,39.8735236],[32.8417334,39.8735587],[32.8417164,39.8735664],[32.8417686,39.8736302],[32.8418228,39.8736371],[32.8420253,39.8735482],[32.8420398,39.8735023],[32.8419912,39.8734395],[32.8419712,39.8734484],[32.8419466,39.8734161],[32.8419622,39.8734091],[32.8419145,39.8733511],[32.841857,39.8733371],[32.8416542,39.8734304],[32.8416461,39.8734775],[32.8416891,39.8735315]]]}},{"type":"Feature","properties":{"building":"yes","source":"Bing","osm_id":229875417},"geometry":{"type":"Polygon","coordinates":[[[32.8412209,39.8732694],[32.8412316,39.8732827],[32.8411866,39.8733042],[32.8411762,39.8732914],[32.8410945,39.8733331],[32.8410871,39.8733749],[32.8412084,39.8735278],[32.8412685,39.8735377],[32.8413491,39.8734986],[32.8413368,39.8734836],[32.8413782,39.8734638],[32.8413878,39.8734756],[32.841462,39.8734374],[32.8414786,39.8733929],[32.8413516,39.8732399],[32.84129,39.873235],[32.8412209,39.8732694]]]}},{"type":"Feature","properties":{"building":"yes","source":"Bing","osm_id":229875418},"geometry":{"type":"Polygon","coordinates":[[[32.8430836,39.8728837],[32.8431133,39.872924],[32.8431358,39.8729142],[32.8431592,39.8729459],[32.8431377,39.8729552],[32.843167,39.872995],[32.8431932,39.8729837],[32.8432167,39.8730156],[32.843275,39.8729903],[32.8432686,39.8729816],[32.8433351,39.8729527],[32.8433408,39.8729604],[32.8434025,39.8729336],[32.8433817,39.8729056],[32.8434199,39.872889],[32.8433894,39.8728476],[32.8433669,39.8728574],[32.8433433,39.8728255],[32.8433666,39.8728154],[32.8433376,39.872776],[32.8433227,39.8727825],[32.8432992,39.8727506],[32.8430726,39.872849],[32.8430947,39.8728789],[32.8430836,39.8728837]]]}},{"type":"Feature","properties":{"building":"yes","source":"Bing","osm_id":229875419},"geometry":{"type":"Polygon","coordinates":[[[32.8427609,39.8731804],[32.8427916,39.8732225],[32.8428127,39.8732135],[32.8428356,39.8732449],[32.8428987,39.8732178],[32.8428925,39.8732093],[32.8429586,39.8731809],[32.8429652,39.8731901],[32.8430208,39.8731662],[32.8430033,39.8731421],[32.8430261,39.8731323],[32.8429908,39.8730838],[32.8429739,39.8730911],[32.8429533,39.8730627],[32.8429943,39.8730451],[32.8429628,39.8730019],[32.842944,39.8730099],[32.842924,39.8729825],[32.8426899,39.8730829],[32.842707,39.8731063],[32.8426956,39.8731112],[32.842729,39.8731572],[32.842761,39.8731434],[32.8427815,39.8731715],[32.8427609,39.8731804]]]}},{"type":"Feature","properties":{"building":"yes","source":"Bing","osm_id":229875420},"geometry":{"type":"Polygon","coordinates":[[[32.8423388,39.8733557],[32.8423695,39.8733978],[32.8423905,39.8733888],[32.8424134,39.8734202],[32.8424766,39.8733931],[32.8424704,39.8733846],[32.8425365,39.8733563],[32.8425431,39.8733654],[32.8425987,39.8733415],[32.8425811,39.8733174],[32.8426039,39.8733076],[32.8425686,39.8732591],[32.8425518,39.8732664],[32.8425311,39.873238],[32.8425722,39.8732204],[32.8425407,39.8731772],[32.8425219,39.8731852],[32.8425019,39.8731578],[32.8422678,39.8732582],[32.8422849,39.8732817],[32.8422735,39.8732866],[32.8423069,39.8733325],[32.8423389,39.8733187],[32.8423594,39.8733468],[32.8423388,39.8733557]]]}},{"type":"Feature","properties":{"building":"yes","source":"Bing","osm_id":229875422},"geometry":{"type":"Polygon","coordinates":[[[32.8454901,39.873812],[32.8456103,39.8738581],[32.8457307,39.8736733],[32.8456105,39.8736272],[32.8454901,39.873812]]]}},{"type":"Feature","properties":{"building":"yes","source":"Bing","osm_id":229875425},"geometry":{"type":"Polygon","coordinates":[[[32.8388462,39.8711716],[32.8389932,39.8713742],[32.8391398,39.8713116],[32.8389927,39.8711089],[32.8388462,39.8711716]]]}},{"type":"Feature","properties":{"building":"yes","source":"Bing","osm_id":229875430},"geometry":{"type":"Polygon","coordinates":[[[32.845349,39.8734742],[32.8454881,39.8735257],[32.8456048,39.8733399],[32.8454658,39.8732884],[32.845349,39.8734742]]]}},{"type":"Feature","properties":{"building":"yes","source":"Bing","osm_id":229875440},"geometry":{"type":"Polygon","coordinates":[[[32.8386295,39.8712653],[32.8387877,39.8714653],[32.8389464,39.8713913],[32.8387882,39.8711913],[32.8386295,39.8712653]]]}},{"type":"Feature","properties":{"building":"yes","source":"Bing","osm_id":229875444},"geometry":{"type":"Polygon","coordinates":[[[32.8404534,39.8704875],[32.8406107,39.8706888],[32.8407558,39.870622],[32.8405984,39.8704207],[32.8404534,39.8704875]]]}},{"type":"Feature","properties":{"building":"yes","source":"Bing","osm_id":229875454},"geometry":{"type":"Polygon","coordinates":[[[32.8430682,39.8734023],[32.8432166,39.8735936],[32.8433402,39.8735372],[32.8431918,39.8733458],[32.8430682,39.8734023]]]}},{"type":"Feature","properties":{"building":"yes","source":"Bing","osm_id":229875456},"geometry":{"type":"Polygon","coordinates":[[[32.8436707,39.8730532],[32.8437918,39.873111],[32.8439037,39.8729729],[32.8437826,39.8729151],[32.8436707,39.8730532]]]}},{"type":"Feature","properties":{"building":"yes","source":"Bing","osm_id":229875457},"geometry":{"type":"Polygon","coordinates":[[[32.8405225,39.8709033],[32.8406818,39.8711059],[32.8408195,39.8710421],[32.8406602,39.8708396],[32.8405225,39.8709033]]]}},{"type":"Feature","properties":{"building":"yes","source":"Bing","osm_id":229875462},"geometry":{"type":"Polygon","coordinates":[[[32.8440618,39.8736931],[32.844214,39.8738502],[32.8443467,39.8737745],[32.8441945,39.8736174],[32.8440618,39.8736931]]]}},{"type":"Feature","properties":{"building":"yes","source":"Bing","osm_id":229875463},"geometry":{"type":"Polygon","coordinates":[[[32.844021,39.8729674],[32.8441465,39.8730137],[32.8442401,39.8728644],[32.8441146,39.872818],[32.844021,39.8729674]]]}},{"type":"Feature","properties":{"building":"yes","source":"Bing","osm_id":229875464},"geometry":{"type":"Polygon","coordinates":[[[32.845169,39.8736898],[32.8454329,39.8737906],[32.8455527,39.873606],[32.8452912,39.873508],[32.845169,39.8736898]]]}},{"type":"Feature","properties":{"building":"yes","source":"Bing","osm_id":229875468},"geometry":{"type":"Polygon","coordinates":[[[32.8424655,39.8726658],[32.8426236,39.8728692],[32.842764,39.872805],[32.8426059,39.8726015],[32.8424655,39.8726658]]]}},{"type":"Feature","properties":{"building":"yes","source":"Bing","osm_id":229875469},"geometry":{"type":"Polygon","coordinates":[[[32.8459717,39.8737159],[32.8461055,39.8735395],[32.8459926,39.8734891],[32.8458589,39.8736655],[32.8459717,39.8737159]]]}},{"type":"Feature","properties":{"building":"yes","source":"Bing","osm_id":229875473},"geometry":{"type":"Polygon","coordinates":[[[32.8384515,39.871357],[32.8386037,39.8715432],[32.8387444,39.8714754],[32.8385922,39.8712893],[32.8384515,39.871357]]]}},{"type":"Feature","properties":{"building":"yes","source":"Bing","osm_id":229875476},"geometry":{"type":"Polygon","coordinates":[[[32.8455473,39.8735488],[32.8458075,39.8736468],[32.8459247,39.8734635],[32.8456645,39.8733655],[32.8455473,39.8735488]]]}},{"type":"Feature","properties":{"building":"yes","source":"Bing","osm_id":229875478},"geometry":{"type":"Polygon","coordinates":[[[32.8401042,39.8706333],[32.8402642,39.8708327],[32.8403815,39.8707772],[32.8402216,39.8705779],[32.8401042,39.8706333]]]}},{"type":"Feature","properties":{"building":"yes","source":"Bing","osm_id":229875479},"geometry":{"type":"Polygon","coordinates":[[[32.8418788,39.8729198],[32.8420369,39.8731224],[32.8421969,39.8730488],[32.8420388,39.8728463],[32.8418788,39.8729198]]]}},{"type":"Feature","properties":{"building":"yes","source":"Bing","osm_id":229875484},"geometry":{"type":"Polygon","coordinates":[[[32.8383939,39.871363],[32.8382531,39.8714272],[32.8384242,39.8716265],[32.838553,39.8715676],[32.8383939,39.871363]]]}},{"type":"Feature","properties":{"building":"yes","source":"Bing","osm_id":229875486},"geometry":{"type":"Polygon","coordinates":[[[32.8426683,39.8725726],[32.842818,39.8727864],[32.8431214,39.8726614],[32.8429718,39.8724475],[32.8426683,39.8725726]]]}},{"type":"Feature","properties":{"building":"yes","source":"Bing","osm_id":229875488},"geometry":{"type":"Polygon","coordinates":[[[32.8408128,39.8699621],[32.8409676,39.8701667],[32.8411175,39.8700999],[32.8409627,39.8698953],[32.8408128,39.8699621]]]}},{"type":"Feature","properties":{"building":"yes","source":"Bing","osm_id":229875492},"geometry":{"type":"Polygon","coordinates":[[[32.8386727,39.8709759],[32.8386813,39.8711171],[32.8387906,39.8711132],[32.838782,39.870972],[32.8386727,39.8709759]]]}},{"type":"Feature","properties":{"building":"yes","source":"Bing","osm_id":229875494},"geometry":{"type":"Polygon","coordinates":[[[32.8438386,39.8731316],[32.843962,39.8731852],[32.8440726,39.8730349],[32.8439492,39.8729814],[32.8438386,39.8731316]]]}},{"type":"Feature","properties":{"building":"yes","source":"Bing","osm_id":229875495},"geometry":{"type":"Polygon","coordinates":[[[32.8408874,39.8707549],[32.8410418,39.8709594],[32.8411904,39.8708932],[32.8410359,39.8706888],[32.8408874,39.8707549]]]}},{"type":"Feature","properties":{"building":"yes","source":"Bing","osm_id":229875496},"geometry":{"type":"Polygon","coordinates":[[[32.8441742,39.873267],[32.8442924,39.8733151],[32.844397,39.8731639],[32.8442788,39.8731158],[32.8441742,39.873267]]]}},{"type":"Feature","properties":{"building":"yes","source":"Bing","osm_id":229875497},"geometry":{"type":"Polygon","coordinates":[[[32.8432372,39.8733379],[32.8433881,39.8735162],[32.8435291,39.8734459],[32.8433442,39.8732788],[32.8432372,39.8733379]]]}},{"type":"Feature","properties":{"building":"yes","source":"Bing","osm_id":229875498},"geometry":{"type":"Polygon","coordinates":[[[32.8409117,39.871133],[32.8410649,39.8713411],[32.8412157,39.8712757],[32.8410625,39.8710676],[32.8409117,39.871133]]]}},{"type":"Feature","properties":{"building":"yes","source":"Bing","osm_id":229875502},"geometry":{"type":"Polygon","coordinates":[[[32.8402736,39.8705654],[32.8404241,39.870766],[32.8405704,39.8707014],[32.8404199,39.8705007],[32.8402736,39.8705654]]]}},{"type":"Feature","properties":{"building":"yes","source":"Bing","osm_id":229875503},"geometry":{"type":"Polygon","coordinates":[[[32.8409925,39.8698816],[32.8411482,39.8700882],[32.8413114,39.8700157],[32.8411557,39.8698092],[32.8409925,39.8698816]]]}},{"type":"Feature","properties":{"building":"yes","source":"Bing","osm_id":229875506},"geometry":{"type":"Polygon","coordinates":[[[32.8412875,39.870978],[32.8414395,39.8711778],[32.8415751,39.871117],[32.8414231,39.8709172],[32.8412875,39.870978]]]}},{"type":"Feature","properties":{"building":"yes","source":"Bing","osm_id":229875507},"geometry":{"type":"Polygon","coordinates":[[[32.844184,39.8730262],[32.8443081,39.8730724],[32.8444079,39.8729147],[32.8442837,39.8728684],[32.844184,39.8730262]]]}},{"type":"Feature","properties":{"building":"yes","source":"Bing","osm_id":229875508},"geometry":{"type":"Polygon","coordinates":[[[32.8414602,39.870894],[32.8416183,39.8711012],[32.8417584,39.8710382],[32.8416003,39.870831],[32.8414602,39.870894]]]}},{"type":"Feature","properties":{"building":"yes","source":"Bing","osm_id":229875509},"geometry":{"type":"Polygon","coordinates":[[[32.8443323,39.8733379],[32.8444516,39.8733872],[32.8445611,39.8732314],[32.8444418,39.873182],[32.8443323,39.8733379]]]}},{"type":"Feature","properties":{"building":"yes","source":"Bing","osm_id":229875510},"geometry":{"type":"Polygon","coordinates":[[[32.8460216,39.8737532],[32.8462709,39.8738895],[32.8464301,39.8737179],[32.8461808,39.8735816],[32.8460216,39.8737532]]]}},{"type":"Feature","properties":{"building":"yes","source":"Bing","osm_id":229875516},"geometry":{"type":"Polygon","coordinates":[[[32.8407037,39.8708296],[32.8408618,39.8710322],[32.8410016,39.8709679],[32.8408435,39.8707654],[32.8407037,39.8708296]]]}},{"type":"Feature","properties":{"building":"yes","source":"Bing","osm_id":229875517},"geometry":{"type":"Polygon","coordinates":[[[32.8443506,39.8730906],[32.844471,39.8731373],[32.8445719,39.8729843],[32.8444515,39.8729375],[32.8443506,39.8730906]]]}},{"type":"Feature","properties":{"building":"yes","source":"Bing","osm_id":229875518},"geometry":{"type":"Polygon","coordinates":[[[32.8411002,39.8710583],[32.8412498,39.8712636],[32.8413935,39.8712019],[32.841244,39.8709966],[32.8411002,39.8710583]]]}},{"type":"Feature","properties":{"building":"yes","source":"Bing","osm_id":229875531},"geometry":{"type":"Polygon","coordinates":[[[32.8403562,39.8735834],[32.8405119,39.8737841],[32.8406647,39.8737143],[32.840509,39.8735136],[32.8403562,39.8735834]]]}},{"type":"Feature","properties":{"building":"yes","source":"Bing","osm_id":229875532},"geometry":{"type":"Polygon","coordinates":[[[32.8438313,39.8728768],[32.8439383,39.8727378],[32.8440782,39.8727863],[32.8439857,39.8729356],[32.8438313,39.8728768]]]}},{"type":"Feature","properties":{"building":"yes","source":"Bing","osm_id":229875538},"geometry":{"type":"Polygon","coordinates":[[[32.8437407,39.8734125],[32.8438806,39.8735591],[32.8440392,39.87345],[32.8438579,39.8733455],[32.8437407,39.8734125]]]}},{"type":"Feature","properties":{"building":"yes","source":"Bing","osm_id":229875539},"geometry":{"type":"Polygon","coordinates":[[[32.8448455,39.8732875],[32.8449777,39.8733393],[32.8450933,39.8731657],[32.8449611,39.8731139],[32.8448455,39.8732875]]]}},{"type":"Feature","properties":{"building":"yes","source":"Bing","osm_id":229875540},"geometry":{"type":"Polygon","coordinates":[[[32.843247,39.8736375],[32.8434087,39.8738083],[32.8435288,39.8737413],[32.843367,39.8735705],[32.843247,39.8736375]]]}},{"type":"Feature","properties":{"building":"yes","source":"Bing","osm_id":229875547},"geometry":{"type":"Polygon","coordinates":[[[32.8394241,39.870928],[32.8395746,39.871132],[32.8397287,39.871065],[32.8395782,39.8708611],[32.8394241,39.870928]]]}},{"type":"Feature","properties":{"building":"yes","source":"Bing","osm_id":229875549},"geometry":{"type":"Polygon","coordinates":[[[32.8434051,39.8735619],[32.8435583,39.8737299],[32.8436757,39.8736668],[32.8435224,39.8734988],[32.8434051,39.8735619]]]}},{"type":"Feature","properties":{"building":"yes","source":"Bing","osm_id":229875550},"geometry":{"type":"Polygon","coordinates":[[[32.8411955,39.8701694],[32.8413529,39.8703733],[32.841505,39.8703041],[32.8413477,39.8701002],[32.8411955,39.8701694]]]}},{"type":"Feature","properties":{"building":"yes","source":"Bing","osm_id":229875551},"geometry":{"type":"Polygon","coordinates":[[[32.8435753,39.8734863],[32.8437237,39.8736506],[32.8438356,39.873591],[32.8436872,39.8734267],[32.8435753,39.8734863]]]}},{"type":"Feature","properties":{"building":"yes","source":"Bing","osm_id":229875553},"geometry":{"type":"Polygon","coordinates":[[[32.8440027,39.8731942],[32.8441269,39.8732489],[32.8442388,39.8730996],[32.8441146,39.8730448],[32.8440027,39.8731942]]]}},{"type":"Feature","properties":{"building":"yes","source":"Bing","osm_id":229875557},"geometry":{"type":"Polygon","coordinates":[[[32.8433832,39.873252],[32.8435778,39.8734219],[32.8437514,39.8733048],[32.8434802,39.8731909],[32.8433832,39.873252]]]}},{"type":"Feature","properties":{"building":"yes","source":"Bing","osm_id":229875559},"geometry":{"type":"Polygon","coordinates":[[[32.8398798,39.8703564],[32.8400414,39.870561],[32.8401819,39.8704956],[32.8400202,39.870291],[32.8398798,39.8703564]]]}},{"type":"Feature","properties":{"building":"yes","source":"Bing","osm_id":229875560},"geometry":{"type":"Polygon","coordinates":[[[32.8410089,39.8702505],[32.8411663,39.8704565],[32.841316,39.870389],[32.8411586,39.8701831],[32.8410089,39.8702505]]]}},{"type":"Feature","properties":{"building":"yes","source":"Bing","osm_id":229875563},"geometry":{"type":"Polygon","coordinates":[[[32.8405508,39.8734957],[32.8407016,39.8736992],[32.840863,39.8736287],[32.8407122,39.8734252],[32.8405508,39.8734957]]]}},{"type":"Feature","properties":{"building":"yes","source":"Bing","osm_id":229875568},"geometry":{"type":"Polygon","coordinates":[[[32.8414057,39.8731354],[32.8415068,39.8732649],[32.8417707,39.8731436],[32.8416696,39.8730141],[32.8414057,39.8731354]]]}},{"type":"Feature","properties":{"building":"yes","source":"Bing","osm_id":229875570},"geometry":{"type":"Polygon","coordinates":[[[32.8401446,39.8736721],[32.8402893,39.8738718],[32.8404581,39.8737998],[32.8403134,39.8736001],[32.8401446,39.8736721]]]}},{"type":"Feature","properties":{"building":"yes","source":"Bing","osm_id":229875573},"geometry":{"type":"Polygon","coordinates":[[[32.8398016,39.8710323],[32.8400716,39.8709102],[32.8399791,39.8707897],[32.8397091,39.8709118],[32.8398016,39.8710323]]]}},{"type":"Feature","properties":{"building":"yes","source":"Bing","osm_id":229875575},"geometry":{"type":"Polygon","coordinates":[[[32.8450146,39.8733547],[32.84514,39.8734008],[32.8452506,39.8732235],[32.8451253,39.8731774],[32.8450146,39.8733547]]]}},{"type":"Feature","properties":{"building":"yes","source":"Bing","osm_id":229875580},"geometry":{"type":"Polygon","coordinates":[[[32.8395815,39.8707459],[32.8398412,39.8706271],[32.8397519,39.8705122],[32.8394922,39.870631],[32.8395815,39.8707459]]]}},{"type":"Feature","properties":{"building":"yes","source":"Bing","osm_id":229875581},"geometry":{"type":"Polygon","coordinates":[[[32.8407442,39.8734117],[32.840901,39.873617],[32.8410519,39.8735492],[32.840895,39.8733438],[32.8407442,39.8734117]]]}},{"type":"Feature","properties":{"building":"yes","source":"Bing","osm_id":229875583},"geometry":{"type":"Polygon","coordinates":[[[32.8408188,39.8703271],[32.8409788,39.8705357],[32.8411262,39.8704691],[32.8409662,39.8702605],[32.8408188,39.8703271]]]}},{"type":"Feature","properties":{"building":"yes","source":"Bing","osm_id":229875585},"geometry":{"type":"Polygon","coordinates":[[[32.8392409,39.8710066],[32.839394,39.8712158],[32.8395371,39.8711541],[32.8393841,39.8709449],[32.8392409,39.8710066]]]}},{"type":"Feature","properties":{"building":"yes","source":"Bing","osm_id":229875587},"geometry":{"type":"Polygon","coordinates":[[[32.8446765,39.8734779],[32.8449404,39.8735806],[32.845053,39.8734101],[32.8447891,39.8733074],[32.8446765,39.8734779]]]}},{"type":"Feature","properties":{"building":"yes","source":"Bing","osm_id":229875588},"geometry":{"type":"Polygon","coordinates":[[[32.8451861,39.8734126],[32.845323,39.8734589],[32.8454275,39.8732769],[32.8452906,39.8732306],[32.8451861,39.8734126]]]}},{"type":"Feature","properties":{"building":"yes","source":"Bing","osm_id":229875592},"geometry":{"type":"Polygon","coordinates":[[[32.8396872,39.8708858],[32.8399495,39.8707637],[32.8398602,39.8706507],[32.8395979,39.8707728],[32.8396872,39.8708858]]]}},{"type":"Feature","properties":{"building":"yes","source":"Bing","osm_id":229875593},"geometry":{"type":"Polygon","coordinates":[[[32.8406382,39.8704043],[32.8407905,39.8706096],[32.8409334,39.8705471],[32.8407812,39.8703419],[32.8406382,39.8704043]]]}},{"type":"Feature","properties":{"building":"yes","source":"Bing","osm_id":229875595},"geometry":{"type":"Polygon","coordinates":[[[32.8390319,39.8710977],[32.8391833,39.8712976],[32.8393427,39.8712266],[32.8391914,39.8710266],[32.8390319,39.8710977]]]}},{"type":"Feature","properties":{"building":"yes","source":"Bing","osm_id":229875596},"geometry":{"type":"Polygon","coordinates":[[[32.8445342,39.8731652],[32.844803,39.8732623],[32.8449063,39.8730937],[32.8446376,39.8729967],[32.8445342,39.8731652]]]}},{"type":"Feature","properties":{"building":"yes","source":"Bing","osm_id":229875599},"geometry":{"type":"Polygon","coordinates":[[[32.8407122,39.8714923],[32.841006,39.8713667],[32.8408515,39.8711539],[32.8405578,39.8712795],[32.8407122,39.8714923]]]}},{"type":"Feature","properties":{"building":"yes","source":"Bing","osm_id":229875601},"geometry":{"type":"Polygon","coordinates":[[[32.8444953,39.8734023],[32.8446183,39.8734559],[32.844735,39.8732982],[32.844612,39.8732446],[32.8444953,39.8734023]]]}},{"type":"Feature","properties":{"building":"yes","source":"Bing","osm_id":229875605},"geometry":{"type":"Polygon","coordinates":[[[32.8403304,39.8709902],[32.8404945,39.8711908],[32.8406456,39.871118],[32.8404815,39.8709173],[32.8403304,39.8709902]]]}},{"type":"Feature","properties":{"building":"yes","source":"Bing","osm_id":229875606},"geometry":{"type":"Polygon","coordinates":[[[32.8449903,39.8736104],[32.8451179,39.873664],[32.8452456,39.8734848],[32.845118,39.8734312],[32.8449903,39.8736104]]]}},{"type":"Feature","properties":{"building":"yes","source":"Bing","osm_id":229875607},"geometry":{"type":"Polygon","coordinates":[[[32.8429867,39.8734405],[32.8427428,39.8735376],[32.8428092,39.8736328],[32.8428961,39.8737159],[32.8431436,39.8736235],[32.8429867,39.8734405]]]}},{"type":"Feature","properties":{"building":"yes","source":"Bing","osm_id":229875610},"geometry":{"type":"Polygon","coordinates":[[[32.8442217,39.8735928],[32.8443877,39.8737499],[32.844548,39.8736627],[32.8445073,39.8736264],[32.8442986,39.8735426],[32.8442217,39.8735928]]]}},{"type":"Feature","properties":{"building":"yes","source":"Bing","osm_id":229875613},"geometry":{"type":"Polygon","coordinates":[[[32.8433946,39.8726917],[32.8436171,39.8727888],[32.8437407,39.872622],[32.8436269,39.8725723],[32.8435108,39.8725417],[32.8433946,39.8726917]]]}},{"type":"Feature","properties":{"building":"yes","source":"Bing","osm_id":229875614},"geometry":{"type":"Polygon","coordinates":[[[32.8424808,39.8736337],[32.8426135,39.8738319],[32.8427297,39.8737861],[32.8427252,39.8737793],[32.8427932,39.8737524],[32.8426651,39.8735611],[32.8424808,39.8736337]]]}},{"type":"Feature","properties":{"building":"yes","source":"Bing","osm_id":229875620},"geometry":{"type":"Polygon","coordinates":[[[32.8430942,39.8724612],[32.8431805,39.8726927],[32.843245,39.872716],[32.8433313,39.8726759],[32.8433605,39.8726441],[32.8434286,39.8725209],[32.8432353,39.8724537],[32.8431295,39.87245],[32.8430942,39.8724612]]]}},{"type":"Feature","properties":{"name":"Akalın Apt.","building":"yes","osm_id":255809064},"geometry":{"type":"Polygon","coordinates":[[[32.8396225,39.8694383],[32.8394649,39.8692432],[32.8396122,39.8691731],[32.8397698,39.8693682],[32.8396225,39.8694383]]]}},{"type":"Feature","properties":{"building":"yes","amenity":"place_of_worship","name":"Hasan Akboğa Cami","religion":"muslim","osm_id":255883531},"geometry":{"type":"Polygon","coordinates":[[[32.8520811,39.8677239],[32.8521277,39.8675964],[32.8524017,39.8676747],[32.8523376,39.8677977],[32.8520811,39.8677239]]]}},{"type":"Feature","properties":{"addr:housenumber":"27","building":"apartments","osm_id":264999401},"geometry":{"type":"Polygon","coordinates":[[[32.8245347,39.8472217],[32.8245038,39.8472194],[32.8244884,39.8472383],[32.8243602,39.8472883],[32.8242899,39.8471596],[32.8245169,39.8470826],[32.8246102,39.8470509],[32.8246724,39.8471811],[32.8245347,39.8472217]]]}},{"type":"Feature","properties":{"building":"apartments","osm_id":265001169},"geometry":{"type":"Polygon","coordinates":[[[32.8246434,39.8475274],[32.8245509,39.8473585],[32.8243837,39.847415],[32.8244373,39.8474984],[32.8244905,39.847583],[32.8246434,39.8475274]]]}},{"type":"Feature","properties":{"building":"apartments","osm_id":265001170},"geometry":{"type":"Polygon","coordinates":[[[32.8248604,39.8476853],[32.8247933,39.8475823],[32.8249945,39.847502],[32.8250669,39.8476071],[32.8249757,39.84764],[32.8249542,39.847605],[32.8249328,39.8476153],[32.8249516,39.8476482],[32.8248604,39.8476853]]]}},{"type":"Feature","properties":{"building":"apartments","osm_id":265001171},"geometry":{"type":"Polygon","coordinates":[[[32.8250589,39.8475659],[32.8249998,39.847467],[32.8251796,39.847395],[32.8252386,39.8474979],[32.8251661,39.8475247],[32.8251501,39.8474938],[32.8251232,39.8475041],[32.825142,39.847537],[32.8250589,39.8475659]]]}},{"type":"Feature","properties":{"building":"apartments","osm_id":265001172},"geometry":{"type":"Polygon","coordinates":[[[32.824103,39.8472148],[32.8241366,39.8471998],[32.8240977,39.8471421],[32.8240614,39.8471584],[32.8240525,39.8471441],[32.8239614,39.8471815],[32.8239888,39.8472141],[32.8239641,39.8472229],[32.8240366,39.8473411],[32.8240587,39.847333],[32.8240791,39.8473588],[32.8241224,39.8473405],[32.8241322,39.8473568],[32.8241782,39.8473371],[32.8241684,39.8473248],[32.8242091,39.8473065],[32.8241746,39.8472515],[32.8241392,39.8472651],[32.8241211,39.8472399],[32.824103,39.8472148]]]}},{"type":"Feature","properties":{"building":"apartments","osm_id":265001173},"geometry":{"type":"Polygon","coordinates":[[[32.8242038,39.8475454],[32.8241907,39.847533],[32.8241193,39.8475581],[32.8240328,39.8474118],[32.8240536,39.8474035],[32.8240412,39.8473858],[32.8241221,39.8473533],[32.8241329,39.8473645],[32.8241807,39.8473462],[32.8242107,39.847387],[32.8241745,39.8474029],[32.8241896,39.8474298],[32.824203,39.8474556],[32.8242407,39.8474414],[32.8242769,39.8475017],[32.8242353,39.8475117],[32.8242492,39.8475313],[32.8242038,39.8475454]]]}},{"type":"Feature","properties":{"building":"yes","source":"Bing","osm_id":271759495},"geometry":{"type":"Polygon","coordinates":[[[32.8309992,39.8734467],[32.8312769,39.8735726],[32.8313813,39.873437],[32.8311036,39.8733111],[32.8309992,39.8734467]]]}},{"type":"Feature","properties":{"building":"yes","source":"Bing","osm_id":271759502},"geometry":{"type":"Polygon","coordinates":[[[32.8306774,39.8736235],[32.8309456,39.8737615],[32.8310562,39.873635],[32.8307879,39.8734969],[32.8306774,39.8736235]]]}},{"type":"Feature","properties":{"building":"yes","source":"Bing","osm_id":271759524},"geometry":{"type":"Polygon","coordinates":[[[32.8270813,39.8736332],[32.8273196,39.8737289],[32.8273927,39.8736216],[32.8271544,39.873526],[32.8270813,39.8736332]]]}},{"type":"Feature","properties":{"building":"yes","source":"Bing","osm_id":271759528},"geometry":{"type":"Polygon","coordinates":[[[32.8293706,39.8737793],[32.829601,39.8738762],[32.8297288,39.8736972],[32.8294984,39.8736003],[32.8293706,39.8737793]]]}},{"type":"Feature","properties":{"building":"yes","source":"Bing","osm_id":271759544},"geometry":{"type":"Polygon","coordinates":[[[32.8311475,39.8732118],[32.8313905,39.8733401],[32.8315139,39.8732026],[32.8312709,39.8730742],[32.8311475,39.8732118]]]}},{"type":"Feature","properties":{"building":"yes","source":"Bing","osm_id":271759569},"geometry":{"type":"Polygon","coordinates":[[[32.830832,39.873081],[32.8310686,39.8731875],[32.831198,39.8730183],[32.8309614,39.8729117],[32.830832,39.873081]]]}},{"type":"Feature","properties":{"building":"yes","source":"Bing","osm_id":271759591},"geometry":{"type":"Polygon","coordinates":[[[32.8313653,39.8736017],[32.8316019,39.8737203],[32.8317174,39.8735847],[32.8314807,39.873466],[32.8313653,39.8736017]]]}},{"type":"Feature","properties":{"building":"yes","source":"Bing","osm_id":271759599},"geometry":{"type":"Polygon","coordinates":[[[32.8300557,39.8736695],[32.8303176,39.8737712],[32.8304297,39.8736012],[32.8301678,39.8734995],[32.8300557,39.8736695]]]}},{"type":"Feature","properties":{"building":"yes","source":"Bing","osm_id":271759607},"geometry":{"type":"Polygon","coordinates":[[[32.8314599,39.8733885],[32.8317723,39.8735411],[32.8318954,39.8733927],[32.831583,39.8732402],[32.8314599,39.8733885]]]}},{"type":"Feature","properties":{"building":"yes","source":"Bing","osm_id":271759615},"geometry":{"type":"Polygon","coordinates":[[[32.8302261,39.8734249],[32.8305827,39.8735847],[32.8306864,39.8734485],[32.8303298,39.8732887],[32.8302261,39.8734249]]]}},{"type":"Feature","properties":{"building":"yes","source":"Bing","osm_id":271759621},"geometry":{"type":"Polygon","coordinates":[[[32.8275278,39.8735375],[32.8277582,39.8736078],[32.8277966,39.8735217],[32.827593,39.8734115],[32.8275278,39.8735375]]]}},{"type":"Feature","properties":{"building":"yes","source":"Bing","osm_id":271759626},"geometry":{"type":"Polygon","coordinates":[[[32.830671,39.8732699],[32.8309266,39.8733958],[32.831048,39.8732507],[32.8307924,39.8731248],[32.830671,39.8732699]]]}},{"type":"Feature","properties":{"building":"yes","source":"Bing","osm_id":271759643},"geometry":{"type":"Polygon","coordinates":[[[32.8274395,39.8736744],[32.8276777,39.8737531],[32.8277368,39.8736478],[32.8274985,39.8735691],[32.8274395,39.8736744]]]}},{"type":"Feature","properties":{"building":"yes","source":"Bing","osm_id":271759655},"geometry":{"type":"Polygon","coordinates":[[[32.828992,39.8736074],[32.8293075,39.8737502],[32.8294295,39.8735915],[32.8291708,39.8734801],[32.8290898,39.8734863],[32.828992,39.8736074]]]}},{"type":"Feature","properties":{"building":"yes","source":"Bing","osm_id":271764590},"geometry":{"type":"Polygon","coordinates":[[[32.8270536,39.8724389],[32.82716,39.8725057],[32.8273005,39.8723738],[32.8271942,39.872307],[32.8270536,39.8724389]]]}},{"type":"Feature","properties":{"building":"yes","source":"Bing","osm_id":271764591},"geometry":{"type":"Polygon","coordinates":[[[32.8250164,39.8738069],[32.825273,39.8739165],[32.8253915,39.8737532],[32.8251349,39.8736436],[32.8250164,39.8738069]]]}},{"type":"Feature","properties":{"building":"yes","source":"Bing","osm_id":271764593},"geometry":{"type":"Polygon","coordinates":[[[32.8264159,39.8712553],[32.8266502,39.8714146],[32.8267514,39.8713269],[32.8265171,39.8711676],[32.8264159,39.8712553]]]}},{"type":"Feature","properties":{"building":"yes","source":"Bing","osm_id":271764594},"geometry":{"type":"Polygon","coordinates":[[[32.8258651,39.8734226],[32.8260545,39.8735028],[32.8262441,39.8732391],[32.8260547,39.8731589],[32.8258651,39.8734226]]]}},{"type":"Feature","properties":{"building":"yes","source":"Bing","osm_id":271764595},"geometry":{"type":"Polygon","coordinates":[[[32.8244358,39.8732859],[32.8246816,39.8733948],[32.824811,39.8732229],[32.8245651,39.873114],[32.8244358,39.8732859]]]}},{"type":"Feature","properties":{"building":"yes","source":"Bing","osm_id":271764596},"geometry":{"type":"Polygon","coordinates":[[[32.8293573,39.8715136],[32.8295492,39.8716267],[32.8296526,39.8715233],[32.8294607,39.8714102],[32.8293573,39.8715136]]]}},{"type":"Feature","properties":{"building":"yes","source":"Bing","osm_id":271764597},"geometry":{"type":"Polygon","coordinates":[[[32.8264333,39.8723344],[32.826652,39.8724732],[32.8267967,39.8723388],[32.8265781,39.8722001],[32.8264333,39.8723344]]]}},{"type":"Feature","properties":{"building":"yes","source":"Bing","osm_id":271764598},"geometry":{"type":"Polygon","coordinates":[[[32.8263735,39.8706337],[32.8266257,39.8707638],[32.8267051,39.8706732],[32.826453,39.870543],[32.8263735,39.8706337]]]}},{"type":"Feature","properties":{"building":"yes","source":"Bing","osm_id":271764602},"geometry":{"type":"Polygon","coordinates":[[[32.828181,39.8716351],[32.8284153,39.8718012],[32.8285704,39.8716723],[32.8283361,39.8715062],[32.828181,39.8716351]]]}},{"type":"Feature","properties":{"building":"yes","source":"Bing","osm_id":271764603},"geometry":{"type":"Polygon","coordinates":[[[32.8279855,39.8694399],[32.8281875,39.8695368],[32.8282728,39.8694321],[32.8280708,39.8693352],[32.8279855,39.8694399]]]}},{"type":"Feature","properties":{"building":"yes","source":"Bing","osm_id":271764605},"geometry":{"type":"Polygon","coordinates":[[[32.8263356,39.8714933],[32.8264588,39.8715715],[32.8266083,39.8714328],[32.8264851,39.8713546],[32.8263356,39.8714933]]]}},{"type":"Feature","properties":{"building":"yes","source":"Bing","osm_id":271764607},"geometry":{"type":"Polygon","coordinates":[[[32.8276789,39.8716009],[32.8279244,39.8717601],[32.8280784,39.8716203],[32.827833,39.871461],[32.8276789,39.8716009]]]}},{"type":"Feature","properties":{"building":"yes","source":"Bing","osm_id":271764611},"geometry":{"type":"Polygon","coordinates":[[[32.8286305,39.8722289],[32.8287845,39.8723316],[32.828894,39.8722349],[32.8287401,39.8721322],[32.8286305,39.8722289]]]}},{"type":"Feature","properties":{"building":"yes","source":"Bing","osm_id":271764612},"geometry":{"type":"Polygon","coordinates":[[[32.8270246,39.872653],[32.8271334,39.872722],[32.8272293,39.8726329],[32.8271206,39.8725639],[32.8270246,39.872653]]]}},{"type":"Feature","properties":{"building":"yes","source":"Bing","osm_id":271764613},"geometry":{"type":"Polygon","coordinates":[[[32.8255809,39.8730072],[32.8258505,39.8731106],[32.8259866,39.8729017],[32.8257171,39.8727983],[32.8255809,39.8730072]]]}},{"type":"Feature","properties":{"building":"yes","source":"Bing","osm_id":271764615},"geometry":{"type":"Polygon","coordinates":[[[32.8268466,39.8709094],[32.8270764,39.8710686],[32.8271796,39.8709809],[32.8269498,39.8708216],[32.8268466,39.8709094]]]}},{"type":"Feature","properties":{"building":"yes","source":"Bing","osm_id":271764616},"geometry":{"type":"Polygon","coordinates":[[[32.8243761,39.8728789],[32.8245428,39.8729369],[32.8246469,39.8727528],[32.8244807,39.8726957],[32.8243761,39.8728789]]]}},{"type":"Feature","properties":{"building":"yes","source":"Bing","osm_id":271764617},"geometry":{"type":"Polygon","coordinates":[[[32.8278057,39.8696046],[32.8280455,39.8697257],[32.8281698,39.8695807],[32.8279299,39.8694596],[32.8278057,39.8696046]]]}},{"type":"Feature","properties":{"building":"yes","source":"Bing","osm_id":271764618},"geometry":{"type":"Polygon","coordinates":[[[32.826623,39.8721563],[32.8267334,39.8722264],[32.8268717,39.872098],[32.8267613,39.8720279],[32.826623,39.8721563]]]}},{"type":"Feature","properties":{"building":"yes","source":"Bing","osm_id":271764620},"geometry":{"type":"Polygon","coordinates":[[[32.8271116,39.8719913],[32.8272231,39.8720662],[32.8273637,39.8719429],[32.8272521,39.871868],[32.8271116,39.8719913]]]}},{"type":"Feature","properties":{"building":"yes","source":"Bing","osm_id":271764621},"geometry":{"type":"Polygon","coordinates":[[[32.8274485,39.8719194],[32.8275648,39.8719915],[32.8276964,39.8718665],[32.8275801,39.8717944],[32.8274485,39.8719194]]]}},{"type":"Feature","properties":{"building":"yes","source":"Bing","osm_id":271764625},"geometry":{"type":"Polygon","coordinates":[[[32.8276544,39.8712892],[32.8277888,39.8711742],[32.8275278,39.8709944],[32.8273933,39.8711094],[32.8276544,39.8712892]]]}},{"type":"Feature","properties":{"building":"yes","source":"Bing","osm_id":271764626},"geometry":{"type":"Polygon","coordinates":[[[32.8253913,39.8732658],[32.8256537,39.8733809],[32.8257965,39.8731891],[32.8255341,39.873074],[32.8253913,39.8732658]]]}},{"type":"Feature","properties":{"building":"yes","source":"Bing","osm_id":271764627},"geometry":{"type":"Polygon","coordinates":[[[32.8252751,39.8715955],[32.825556,39.8717553],[32.8256951,39.8716113],[32.8254143,39.8714515],[32.8252751,39.8715955]]]}},{"type":"Feature","properties":{"building":"yes","source":"Bing","osm_id":271764628},"geometry":{"type":"Polygon","coordinates":[[[32.8267105,39.8710241],[32.8269314,39.8711799],[32.827031,39.8710968],[32.8268101,39.8709409],[32.8267105,39.8710241]]]}},{"type":"Feature","properties":{"building":"yes","source":"Bing","osm_id":271764629},"geometry":{"type":"Polygon","coordinates":[[[32.8268372,39.872605],[32.8269399,39.872672],[32.8270916,39.872535],[32.8269889,39.872468],[32.8268372,39.872605]]]}},{"type":"Feature","properties":{"building":"yes","source":"Bing","osm_id":271764630},"geometry":{"type":"Polygon","coordinates":[[[32.8264127,39.8736639],[32.826662,39.8737632],[32.8267781,39.8735915],[32.8265288,39.8734922],[32.8264127,39.8736639]]]}},{"type":"Feature","properties":{"building":"yes","source":"Bing","osm_id":271764632},"geometry":{"type":"Polygon","coordinates":[[[32.8242527,39.8735571],[32.8244886,39.8736563],[32.8246148,39.8734795],[32.824379,39.8733803],[32.8242527,39.8735571]]]}},{"type":"Feature","properties":{"building":"yes","source":"Bing","osm_id":271764633},"geometry":{"type":"Polygon","coordinates":[[[32.8292256,39.8716352],[32.8294175,39.8717585],[32.8295233,39.8716615],[32.8293314,39.8715382],[32.8292256,39.8716352]]]}},{"type":"Feature","properties":{"building":"yes","source":"Bing","osm_id":271764634},"geometry":{"type":"Polygon","coordinates":[[[32.8269665,39.8719074],[32.8270721,39.8719744],[32.8272216,39.8718357],[32.827116,39.8717687],[32.8269665,39.8719074]]]}},{"type":"Feature","properties":{"building":"yes","source":"Bing","osm_id":271764635},"geometry":{"type":"Polygon","coordinates":[[[32.8271807,39.8717515],[32.8273882,39.8718834],[32.8275265,39.8717552],[32.827319,39.8716234],[32.8271807,39.8717515]]]}},{"type":"Feature","properties":{"building":"yes","source":"Bing","osm_id":271764636},"geometry":{"type":"Polygon","coordinates":[[[32.8262816,39.8722214],[32.8263998,39.8722963],[32.8265471,39.8721593],[32.8264289,39.8720844],[32.8262816,39.8722214]]]}},{"type":"Feature","properties":{"building":"yes","source":"Bing","osm_id":271764638},"geometry":{"type":"Polygon","coordinates":[[[32.8262709,39.8707518],[32.826523,39.8708837],[32.826602,39.8707947],[32.8263499,39.8706628],[32.8262709,39.8707518]]]}},{"type":"Feature","properties":{"building":"yes","source":"Bing","osm_id":271764639},"geometry":{"type":"Polygon","coordinates":[[[32.8269923,39.8707983],[32.8272177,39.8709525],[32.8273202,39.8708641],[32.8270681,39.8707391],[32.8269923,39.8707983]]]}},{"type":"Feature","properties":{"building":"yes","source":"Bing","osm_id":271764640},"geometry":{"type":"Polygon","coordinates":[[[32.8276058,39.8694177],[32.8277901,39.8694998],[32.8279106,39.8693406],[32.8277263,39.8692584],[32.8276058,39.8694177]]]}},{"type":"Feature","properties":{"building":"yes","source":"Bing","osm_id":271764642},"geometry":{"type":"Polygon","coordinates":[[[32.8269064,39.8723499],[32.8270112,39.8724149],[32.8271536,39.8722798],[32.8270487,39.8722147],[32.8269064,39.8723499]]]}},{"type":"Feature","properties":{"building":"yes","source":"Bing","osm_id":271764645},"geometry":{"type":"Polygon","coordinates":[[[32.8268483,39.8715392],[32.8269755,39.871618],[32.8271098,39.8714902],[32.8269826,39.8714114],[32.8268483,39.8715392]]]}},{"type":"Feature","properties":{"building":"yes","source":"Bing","osm_id":271764646},"geometry":{"type":"Polygon","coordinates":[[[32.8261749,39.8713889],[32.8263012,39.8714687],[32.8264574,39.8713231],[32.8263311,39.8712433],[32.8261749,39.8713889]]]}},{"type":"Feature","properties":{"building":"yes","source":"Bing","osm_id":271764647},"geometry":{"type":"Polygon","coordinates":[[[32.8259432,39.8738438],[32.8261832,39.8739451],[32.8263439,39.8737207],[32.8261038,39.8736195],[32.8259432,39.8738438]]]}},{"type":"Feature","properties":{"building":"yes","source":"Bing","osm_id":271764648},"geometry":{"type":"Polygon","coordinates":[[[32.8275161,39.8714913],[32.8276457,39.8715758],[32.8277974,39.8714388],[32.8276678,39.8713543],[32.8275161,39.8714913]]]}},{"type":"Feature","properties":{"building":"yes","source":"Bing","osm_id":271764650},"geometry":{"type":"Polygon","coordinates":[[[32.8290315,39.8717705],[32.8292524,39.8719041],[32.8293813,39.8717785],[32.8291604,39.8716449],[32.8290315,39.8717705]]]}},{"type":"Feature","properties":{"building":"yes","source":"Bing","osm_id":271764652},"geometry":{"type":"Polygon","coordinates":[[[32.8279383,39.8690272],[32.8281592,39.8691266],[32.8282576,39.8689977],[32.8280367,39.8688984],[32.8279383,39.8690272]]]}},{"type":"Feature","properties":{"building":"yes","source":"Bing","osm_id":271764653},"geometry":{"type":"Polygon","coordinates":[[[32.825938,39.8725243],[32.8261946,39.8726305],[32.8263211,39.8724503],[32.8260645,39.8723441],[32.825938,39.8725243]]]}},{"type":"Feature","properties":{"building":"yes","source":"Bing","osm_id":271764654},"geometry":{"type":"Polygon","coordinates":[[[32.8248491,39.8720992],[32.8251489,39.87223],[32.8252594,39.8720809],[32.8249596,39.8719501],[32.8248491,39.8720992]]]}},{"type":"Feature","properties":{"building":"yes","source":"Bing","osm_id":271764655},"geometry":{"type":"Polygon","coordinates":[[[32.826121,39.8721204],[32.8262561,39.8722061],[32.8264056,39.8720674],[32.8262705,39.8719817],[32.826121,39.8721204]]]}},{"type":"Feature","properties":{"building":"yes","source":"Bing","osm_id":271764656},"geometry":{"type":"Polygon","coordinates":[[[32.8272121,39.8725417],[32.8274307,39.8726821],[32.8275723,39.8725523],[32.8273536,39.8724118],[32.8272121,39.8725417]]]}},{"type":"Feature","properties":{"building":"yes","source":"Bing","osm_id":271764659},"geometry":{"type":"Polygon","coordinates":[[[32.8240192,39.8734457],[32.8241991,39.8735184],[32.8243224,39.8733385],[32.8241426,39.8732659],[32.8240192,39.8734457]]]}},{"type":"Feature","properties":{"building":"yes","source":"Bing","osm_id":271764660},"geometry":{"type":"Polygon","coordinates":[[[32.82761,39.8698347],[32.8278246,39.8699412],[32.8279281,39.8698185],[32.8277135,39.869712],[32.82761,39.8698347]]]}},{"type":"Feature","properties":{"building":"yes","source":"Bing","osm_id":271764661},"geometry":{"type":"Polygon","coordinates":[[[32.8275467,39.8722721],[32.827657,39.8723442],[32.8277976,39.8722175],[32.8276872,39.8721454],[32.8275467,39.8722721]]]}},{"type":"Feature","properties":{"building":"yes","source":"Bing","osm_id":271764662},"geometry":{"type":"Polygon","coordinates":[[[32.8264869,39.8720639],[32.8265989,39.8721307],[32.8267238,39.8720074],[32.8266118,39.8719406],[32.8264869,39.8720639]]]}},{"type":"Feature","properties":{"building":"yes","source":"Bing","osm_id":271764663},"geometry":{"type":"Polygon","coordinates":[[[32.8265663,39.8732727],[32.8268073,39.8734406],[32.8270015,39.8732763],[32.8267605,39.8731085],[32.8265663,39.8732727]]]}},{"type":"Feature","properties":{"building":"yes","source":"Bing","osm_id":271764667},"geometry":{"type":"Polygon","coordinates":[[[32.828215,39.8691488],[32.828456,39.8692876],[32.8285641,39.8691769],[32.8283232,39.8690381],[32.828215,39.8691488]]]}},{"type":"Feature","properties":{"building":"yes","source":"Bing","osm_id":271764669},"geometry":{"type":"Polygon","coordinates":[[[32.827708,39.8713234],[32.8278376,39.8714037],[32.8279961,39.871253],[32.8278664,39.8711727],[32.827708,39.8713234]]]}},{"type":"Feature","properties":{"building":"yes","source":"Bing","osm_id":271764670},"geometry":{"type":"Polygon","coordinates":[[[32.8271184,39.8727917],[32.8272411,39.8728653],[32.8273832,39.8727258],[32.8272605,39.8726522],[32.8271184,39.8727917]]]}},{"type":"Feature","properties":{"building":"yes","source":"Bing","osm_id":271764671},"geometry":{"type":"Polygon","coordinates":[[[32.8252418,39.8735518],[32.8254796,39.8736485],[32.8256358,39.8734225],[32.825398,39.8733257],[32.8252418,39.8735518]]]}},{"type":"Feature","properties":{"building":"yes","source":"Bing","osm_id":271764672},"geometry":{"type":"Polygon","coordinates":[[[32.8253035,39.8721695],[32.8255497,39.8722681],[32.825698,39.8720502],[32.8254519,39.8719515],[32.8253035,39.8721695]]]}},{"type":"Feature","properties":{"building":"yes","source":"Bing","osm_id":271764673},"geometry":{"type":"Polygon","coordinates":[[[32.8265587,39.8711388],[32.8267841,39.8712981],[32.8268853,39.8712138],[32.8266599,39.8710545],[32.8265587,39.8711388]]]}},{"type":"Feature","properties":{"building":"yes","source":"Bing","osm_id":271764674},"geometry":{"type":"Polygon","coordinates":[[[32.8282658,39.8719879],[32.8284063,39.8720896],[32.8285535,39.8719697],[32.828413,39.871868],[32.8282658,39.8719879]]]}},{"type":"Feature","properties":{"building":"yes","source":"Bing","osm_id":271764675},"geometry":{"type":"Polygon","coordinates":[[[32.8241486,39.8732278],[32.82436,39.8733101],[32.8245031,39.8730937],[32.8242917,39.8730114],[32.8241486,39.8732278]]]}},{"type":"Feature","properties":{"building":"yes","source":"Bing","osm_id":271764676},"geometry":{"type":"Polygon","coordinates":[[[32.8273492,39.8697315],[32.8275411,39.869824],[32.8276394,39.8697038],[32.8274475,39.8696114],[32.8273492,39.8697315]]]}},{"type":"Feature","properties":{"building":"yes","source":"Bing","osm_id":271764677},"geometry":{"type":"Polygon","coordinates":[[[32.8263285,39.8719663],[32.8264528,39.8720449],[32.8265889,39.8719182],[32.8264646,39.8718395],[32.8263285,39.8719663]]]}},{"type":"Feature","properties":{"building":"yes","source":"Bing","osm_id":271764678},"geometry":{"type":"Polygon","coordinates":[[[32.8268215,39.8718149],[32.8269314,39.8718824],[32.8270742,39.8717454],[32.8269643,39.8716779],[32.8268215,39.8718149]]]}},{"type":"Feature","properties":{"building":"yes","source":"Bing","osm_id":271764679},"geometry":{"type":"Polygon","coordinates":[[[32.8270067,39.8716437],[32.8271146,39.8717146],[32.8272618,39.8715828],[32.827154,39.8715118],[32.8270067,39.8716437]]]}},{"type":"Feature","properties":{"building":"yes","source":"Bing","osm_id":271764683},"geometry":{"type":"Polygon","coordinates":[[[32.8261616,39.8708614],[32.8264137,39.870995],[32.8264948,39.8709049],[32.8262426,39.8707713],[32.8261616,39.8708614]]]}},{"type":"Feature","properties":{"building":"yes","source":"Bing","osm_id":271764684},"geometry":{"type":"Polygon","coordinates":[[[32.8278753,39.8714382],[32.8281252,39.8715923],[32.8282671,39.8714568],[32.8280172,39.8713027],[32.8278753,39.8714382]]]}},{"type":"Feature","properties":{"building":"yes","source":"Bing","osm_id":271764685},"geometry":{"type":"Polygon","coordinates":[[[32.8259831,39.8710087],[32.8258564,39.871129],[32.8260192,39.87123],[32.8261459,39.8711097],[32.8259831,39.8710087]]]}},{"type":"Feature","properties":{"building":"yes","source":"Bing","osm_id":271764686},"geometry":{"type":"Polygon","coordinates":[[[32.8275077,39.8695581],[32.8276706,39.8696352],[32.8277541,39.8695312],[32.8275912,39.8694541],[32.8275077,39.8695581]]]}},{"type":"Feature","properties":{"building":"yes","source":"Bing","osm_id":271764687},"geometry":{"type":"Polygon","coordinates":[[[32.8249722,39.8718813],[32.8252972,39.872029],[32.8254159,39.8718752],[32.8250909,39.8717275],[32.8249722,39.8718813]]]}},{"type":"Feature","properties":{"building":"yes","source":"Bing","osm_id":271764688},"geometry":{"type":"Polygon","coordinates":[[[32.8267435,39.8724629],[32.8268573,39.8725399],[32.8269583,39.872452],[32.8268446,39.872375],[32.8267435,39.8724629]]]}},{"type":"Feature","properties":{"building":"yes","source":"Bing","osm_id":271764689},"geometry":{"type":"Polygon","coordinates":[[[32.8279824,39.8717927],[32.8280898,39.8718639],[32.8282326,39.8717372],[32.8281252,39.8716659],[32.8279824,39.8717927]]]}},{"type":"Feature","properties":{"building":"yes","source":"Bing","osm_id":271764692},"geometry":{"type":"Polygon","coordinates":[[[32.8260165,39.8712878],[32.8261293,39.8713617],[32.8262989,39.8712093],[32.8261861,39.8711354],[32.8260165,39.8712878]]]}},{"type":"Feature","properties":{"building":"yes","source":"Bing","osm_id":271764693},"geometry":{"type":"Polygon","coordinates":[[[32.8256509,39.8737068],[32.8258876,39.8737998],[32.8260326,39.8735823],[32.8257959,39.8734894],[32.8256509,39.8737068]]]}},{"type":"Feature","properties":{"building":"yes","source":"Bing","osm_id":271764695},"geometry":{"type":"Polygon","coordinates":[[[32.8288001,39.8720919],[32.8289406,39.8721844],[32.8291004,39.8720414],[32.8289598,39.8719489],[32.8288001,39.8720919]]]}},{"type":"Feature","properties":{"building":"yes","source":"Bing","osm_id":271764696},"geometry":{"type":"Polygon","coordinates":[[[32.8266631,39.8717002],[32.8268001,39.8717887],[32.8269429,39.8716586],[32.8268059,39.87157],[32.8266631,39.8717002]]]}},{"type":"Feature","properties":{"building":"yes","source":"Bing","osm_id":271764697},"geometry":{"type":"Polygon","coordinates":[[[32.8257728,39.8727469],[32.8260406,39.8728479],[32.8261512,39.8726753],[32.8258834,39.8725743],[32.8257728,39.8727469]]]}},{"type":"Feature","properties":{"building":"yes","source":"Bing","osm_id":271764698},"geometry":{"type":"Polygon","coordinates":[[[32.8250479,39.8724964],[32.8252894,39.8726052],[32.8254598,39.8723824],[32.8252183,39.8722736],[32.8250479,39.8724964]]]}},{"type":"Feature","properties":{"building":"yes","source":"Bing","osm_id":271764699},"geometry":{"type":"Polygon","coordinates":[[[32.8255086,39.8714211],[32.8258274,39.8716124],[32.8259681,39.8714743],[32.8256494,39.871283],[32.8255086,39.8714211]]]}},{"type":"Feature","properties":{"building":"yes","source":"Bing","osm_id":271764700},"geometry":{"type":"Polygon","coordinates":[[[32.8260277,39.8709779],[32.8262687,39.8711269],[32.8263758,39.8710252],[32.826117,39.8708899],[32.8260277,39.8709779]]]}},{"type":"Feature","properties":{"building":"yes","source":"Bing","osm_id":271764702},"geometry":{"type":"Polygon","coordinates":[[[32.8267591,39.872254],[32.8268639,39.8723245],[32.8270067,39.8721995],[32.8269019,39.8721289],[32.8267591,39.872254]]]}},{"type":"Feature","properties":{"building":"yes","source":"Bing","osm_id":271764703},"geometry":{"type":"Polygon","coordinates":[[[32.8272611,39.8720975],[32.8274909,39.8722447],[32.8276295,39.8721173],[32.8273997,39.8719701],[32.8272611,39.8720975]]]}},{"type":"Feature","properties":{"building":"yes","source":"Bing","osm_id":271764704},"geometry":{"type":"Polygon","coordinates":[[[32.8276024,39.8720307],[32.8278233,39.8721694],[32.8279621,39.8720392],[32.8277412,39.8719005],[32.8276024,39.8720307]]]}},{"type":"Feature","properties":{"building":"yes","source":"Bing","osm_id":271764706},"geometry":{"type":"Polygon","coordinates":[[[32.8237479,39.8737412],[32.8239557,39.8738219],[32.8240851,39.8736258],[32.8238772,39.873545],[32.8237479,39.8737412]]]}},{"type":"Feature","properties":{"building":"yes","source":"Bing","osm_id":271764707},"geometry":{"type":"Polygon","coordinates":[[[32.8264896,39.8705086],[32.8267439,39.8706474],[32.8268224,39.8705626],[32.826568,39.8704239],[32.8264896,39.8705086]]]}},{"type":"Feature","properties":{"building":"yes","source":"Bing","osm_id":271764709},"geometry":{"type":"Polygon","coordinates":[[[32.8281146,39.8693115],[32.8283243,39.8694177],[32.8284075,39.8693209],[32.8281978,39.8692147],[32.8281146,39.8693115]]]}},{"type":"Feature","properties":{"building":"yes","source":"Bing","osm_id":271764710},"geometry":{"type":"Polygon","coordinates":[[[32.8247261,39.8723293],[32.8249943,39.8724431],[32.8251063,39.8722877],[32.8248381,39.8721738],[32.8247261,39.8723293]]]}},{"type":"Feature","properties":{"building":"yes","source":"Bing","osm_id":271764711},"geometry":{"type":"Polygon","coordinates":[[[32.8259031,39.8716803],[32.8261776,39.8718377],[32.8263061,39.8717057],[32.8260316,39.8715483],[32.8259031,39.8716803]]]}},{"type":"Feature","properties":{"building":"yes","source":"Bing","osm_id":271764713},"geometry":{"type":"Polygon","coordinates":[[[32.8273299,39.8711339],[32.8272082,39.8712397],[32.8273884,39.8713617],[32.8273612,39.8713855],[32.8274512,39.8714464],[32.8276001,39.8713168],[32.8273299,39.8711339]]]}},{"type":"Feature","properties":{"building":"yes","source":"Bing","osm_id":271764714},"geometry":{"type":"Polygon","coordinates":[[[32.8261391,39.8735213],[32.8263517,39.873608],[32.8265025,39.8733901],[32.8264049,39.8733503],[32.8264131,39.8733384],[32.8262982,39.8732916],[32.8261391,39.8735213]]]}},{"type":"Feature","properties":{"building":"yes","source":"Bing","osm_id":271764715},"geometry":{"type":"Polygon","coordinates":[[[32.8246054,39.8724744],[32.8245632,39.8725361],[32.8245726,39.8725402],[32.8245062,39.872638],[32.8245203,39.8726427],[32.8244807,39.8726957],[32.8246469,39.8727528],[32.8246966,39.872674],[32.8247402,39.8726895],[32.8248314,39.8725588],[32.8246054,39.8724744]]]}},{"type":"Feature","properties":{"building":"yes","source":"Bing","osm_id":271764716},"geometry":{"type":"Polygon","coordinates":[[[32.8277642,39.8692182],[32.8278716,39.8692684],[32.8278918,39.869243],[32.8280212,39.8693036],[32.8280924,39.8692138],[32.827975,39.8691589],[32.8280128,39.8691113],[32.8278933,39.8690554],[32.8277642,39.8692182]]]}},{"type":"Feature","properties":{"building":"yes","source":"Bing","osm_id":271764717},"geometry":{"type":"Polygon","coordinates":[[[32.8261704,39.8730066],[32.8264573,39.8731966],[32.8265754,39.8730916],[32.8265546,39.8730779],[32.8266208,39.873019],[32.8263291,39.8728258],[32.8262187,39.872924],[32.8262442,39.8729409],[32.8261704,39.8730066]]]}},{"type":"Feature","properties":{"building":"yes","source":"Bing","osm_id":271764718},"geometry":{"type":"Polygon","coordinates":[[[32.8263569,39.8727496],[32.8266375,39.8729349],[32.8267245,39.8728572],[32.8267093,39.8728472],[32.8267791,39.8727849],[32.8264929,39.8725959],[32.8264088,39.8726709],[32.8264297,39.8726847],[32.8263569,39.8727496]]]}},{"type":"Feature","properties":{"building":"yes","source":"Bing","osm_id":271778947},"geometry":{"type":"Polygon","coordinates":[[[32.830125,39.8689175],[32.8301016,39.8690875],[32.8301847,39.8690943],[32.8301809,39.8691223],[32.8303611,39.8691369],[32.8303879,39.8689427],[32.8303117,39.8689365],[32.8303096,39.8689517],[32.830221,39.8689445],[32.8302236,39.8689255],[32.830125,39.8689175]]]}},{"type":"Feature","properties":{"building":"yes","source":"Bing","osm_id":271778948},"geometry":{"type":"Polygon","coordinates":[[[32.8332422,39.871443],[32.8331287,39.8715305],[32.8331638,39.8715573],[32.8331532,39.8715655],[32.833162,39.8715722],[32.8331515,39.8715803],[32.8332112,39.8716259],[32.8332227,39.8716171],[32.8332338,39.8716256],[32.8332432,39.8716183],[32.8332764,39.8716437],[32.8333902,39.871556],[32.8332422,39.871443]]]}},{"type":"Feature","properties":{"building":"yes","source":"Bing","osm_id":271778950},"geometry":{"type":"Polygon","coordinates":[[[32.8300155,39.8694416],[32.8302238,39.8695433],[32.8303133,39.8694354],[32.830105,39.8693336],[32.8300155,39.8694416]]]}},{"type":"Feature","properties":{"building":"yes","source":"Bing","osm_id":271778952},"geometry":{"type":"Polygon","coordinates":[[[32.832369,39.8709891],[32.8325475,39.8711047],[32.8326524,39.8710093],[32.8324739,39.8708937],[32.832369,39.8709891]]]}},{"type":"Feature","properties":{"building":"yes","source":"Bing","osm_id":271778954},"geometry":{"type":"Polygon","coordinates":[[[32.8305601,39.8702648],[32.8307437,39.8703176],[32.8308307,39.8701395],[32.8306471,39.8700867],[32.8305601,39.8702648]]]}},{"type":"Feature","properties":{"building":"yes","source":"Bing","osm_id":271778955},"geometry":{"type":"Polygon","coordinates":[[[32.8285254,39.8729248],[32.8289609,39.8731621],[32.8290582,39.8730569],[32.8286228,39.8728196],[32.8285254,39.8729248]]]}},{"type":"Feature","properties":{"building":"yes","source":"Bing","osm_id":271778957},"geometry":{"type":"Polygon","coordinates":[[[32.8295901,39.8724728],[32.829811,39.8725567],[32.8299322,39.8723687],[32.8297113,39.8722848],[32.8295901,39.8724728]]]}},{"type":"Feature","properties":{"building":"yes","source":"Bing","osm_id":271778958},"geometry":{"type":"Polygon","coordinates":[[[32.8288804,39.8699843],[32.8291013,39.8700973],[32.8292672,39.8699065],[32.8290463,39.8697934],[32.8288804,39.8699843]]]}},{"type":"Feature","properties":{"building":"yes","source":"Bing","osm_id":271778960},"geometry":{"type":"Polygon","coordinates":[[[32.828848,39.8683965],[32.8289983,39.8684749],[32.8291356,39.8683199],[32.8289853,39.8682415],[32.828848,39.8683965]]]}},{"type":"Feature","properties":{"building":"yes","source":"Bing","osm_id":271778961},"geometry":{"type":"Polygon","coordinates":[[[32.8286381,39.8689706],[32.8288344,39.8690665],[32.8289432,39.8689353],[32.8287469,39.8688394],[32.8286381,39.8689706]]]}},{"type":"Feature","properties":{"building":"yes","source":"Bing","osm_id":271778963},"geometry":{"type":"Polygon","coordinates":[[[32.8305355,39.8708573],[32.8307096,39.8709053],[32.8307751,39.8707652],[32.830601,39.8707173],[32.8305355,39.8708573]]]}},{"type":"Feature","properties":{"building":"yes","source":"Bing","osm_id":271778964},"geometry":{"type":"Polygon","coordinates":[[[32.8302678,39.8702031],[32.8304775,39.8702665],[32.8305883,39.8700504],[32.8303786,39.8699871],[32.8302678,39.8702031]]]}},{"type":"Feature","properties":{"building":"yes","source":"Bing","osm_id":271778966},"geometry":{"type":"Polygon","coordinates":[[[32.8287432,39.8728134],[32.8290398,39.8729466],[32.8291845,39.8727567],[32.8288879,39.8726235],[32.8287432,39.8728134]]]}},{"type":"Feature","properties":{"building":"yes","source":"Bing","osm_id":271778967},"geometry":{"type":"Polygon","coordinates":[[[32.8301412,39.8727228],[32.8303331,39.8728085],[32.8304701,39.8726276],[32.8302782,39.872542],[32.8301412,39.8727228]]]}},{"type":"Feature","properties":{"building":"yes","source":"Bing","osm_id":271778968},"geometry":{"type":"Polygon","coordinates":[[[32.829457,39.8691546],[32.8296952,39.8692745],[32.8297862,39.869168],[32.8295479,39.8690481],[32.829457,39.8691546]]]}},{"type":"Feature","properties":{"building":"yes","source":"Bing","osm_id":271778970},"geometry":{"type":"Polygon","coordinates":[[[32.8324496,39.8713121],[32.8326627,39.8714679],[32.8327613,39.8713885],[32.8325482,39.8712326],[32.8324496,39.8713121]]]}},{"type":"Feature","properties":{"building":"yes","source":"Bing","osm_id":271778971},"geometry":{"type":"Polygon","coordinates":[[[32.8298421,39.8699552],[32.8300608,39.8700648],[32.8301761,39.8699293],[32.8299575,39.8698197],[32.8298421,39.8699552]]]}},{"type":"Feature","properties":{"building":"yes","source":"Bing","osm_id":271778973},"geometry":{"type":"Polygon","coordinates":[[[32.8297638,39.8709795],[32.8300084,39.8710534],[32.8300877,39.8708987],[32.8298432,39.8708248],[32.8297638,39.8709795]]]}},{"type":"Feature","properties":{"building":"yes","source":"Bing","osm_id":271778975},"geometry":{"type":"Polygon","coordinates":[[[32.831129,39.8708042],[32.8314392,39.8709207],[32.8315213,39.8707919],[32.8312112,39.8706754],[32.831129,39.8708042]]]}},{"type":"Feature","properties":{"building":"yes","source":"Bing","osm_id":271778976},"geometry":{"type":"Polygon","coordinates":[[[32.8281985,39.8686846],[32.8284038,39.8687805],[32.8285004,39.8686587],[32.8282952,39.8685628],[32.8281985,39.8686846]]]}},{"type":"Feature","properties":{"building":"yes","source":"Bing","osm_id":271778978},"geometry":{"type":"Polygon","coordinates":[[[32.8299181,39.8729301],[32.8301635,39.8730379],[32.8302893,39.8728693],[32.8300439,39.8727614],[32.8299181,39.8729301]]]}},{"type":"Feature","properties":{"building":"yes","source":"Bing","osm_id":271778979},"geometry":{"type":"Polygon","coordinates":[[[32.8291549,39.8696949],[32.8293535,39.8697959],[32.8294828,39.8696463],[32.8292842,39.8695452],[32.8291549,39.8696949]]]}},{"type":"Feature","properties":{"building":"yes","source":"Bing","osm_id":271778981},"geometry":{"type":"Polygon","coordinates":[[[32.8285604,39.8735681],[32.828699,39.8736478],[32.8289466,39.8733944],[32.8288081,39.8733146],[32.8285604,39.8735681]]]}},{"type":"Feature","properties":{"building":"yes","source":"Bing","osm_id":271778983},"geometry":{"type":"Polygon","coordinates":[[[32.8294366,39.8685612],[32.8297079,39.8686532],[32.829764,39.8685558],[32.8294926,39.8684638],[32.8294366,39.8685612]]]}},{"type":"Feature","properties":{"building":"yes","source":"Bing","osm_id":271778984},"geometry":{"type":"Polygon","coordinates":[[[32.8291714,39.8690166],[32.8294081,39.8691304],[32.8295031,39.8690139],[32.8292665,39.8689001],[32.8291714,39.8690166]]]}},{"type":"Feature","properties":{"building":"yes","source":"Bing","osm_id":271778986},"geometry":{"type":"Polygon","coordinates":[[[32.8326873,39.8715176],[32.8328568,39.8716331],[32.8329737,39.8715322],[32.8328041,39.8714166],[32.8326873,39.8715176]]]}},{"type":"Feature","properties":{"building":"yes","source":"Bing","osm_id":271778988},"geometry":{"type":"Polygon","coordinates":[[[32.8307657,39.871229],[32.8310592,39.8713501],[32.8311572,39.8712102],[32.8308637,39.8710891],[32.8307657,39.871229]]]}},{"type":"Feature","properties":{"building":"yes","source":"Bing","osm_id":271778989},"geometry":{"type":"Polygon","coordinates":[[[32.8280259,39.8700014],[32.8281971,39.8700842],[32.8283488,39.8698992],[32.8281776,39.8698165],[32.8280259,39.8700014]]]}},{"type":"Feature","properties":{"building":"yes","source":"Bing","osm_id":271778991},"geometry":{"type":"Polygon","coordinates":[[[32.8292754,39.8701658],[32.8294695,39.8702617],[32.8295765,39.8701342],[32.8293823,39.8700383],[32.8292754,39.8701658]]]}},{"type":"Feature","properties":{"building":"yes","source":"Bing","osm_id":271778993},"geometry":{"type":"Polygon","coordinates":[[[32.8309639,39.870984],[32.8312518,39.8710902],[32.8313414,39.870947],[32.8310536,39.8708408],[32.8309639,39.870984]]]}},{"type":"Feature","properties":{"building":"yes","source":"Bing","osm_id":271778994},"geometry":{"type":"Polygon","coordinates":[[[32.8310554,39.8704155],[32.8312814,39.8704766],[32.8313639,39.8702968],[32.831138,39.8702357],[32.8310554,39.8704155]]]}},{"type":"Feature","properties":{"building":"yes","source":"Bing","osm_id":271778996},"geometry":{"type":"Polygon","coordinates":[[[32.8293178,39.8726492],[32.8295566,39.8727554],[32.8296829,39.8725881],[32.8294441,39.872482],[32.8293178,39.8726492]]]}},{"type":"Feature","properties":{"building":"yes","source":"Bing","osm_id":271778998},"geometry":{"type":"Polygon","coordinates":[[[32.8296274,39.8694574],[32.8298956,39.8695857],[32.8299744,39.8694887],[32.8297062,39.8693603],[32.8296274,39.8694574]]]}},{"type":"Feature","properties":{"building":"yes","source":"Bing","osm_id":271778999},"geometry":{"type":"Polygon","coordinates":[[[32.8317599,39.8709241],[32.8319886,39.8710268],[32.8321085,39.8708695],[32.8318798,39.8707668],[32.8317599,39.8709241]]]}},{"type":"Feature","properties":{"building":"yes","source":"Bing","osm_id":271779001},"geometry":{"type":"Polygon","coordinates":[[[32.8286105,39.8698285],[32.8288208,39.869934],[32.8289725,39.8697559],[32.8287622,39.8696504],[32.8286105,39.8698285]]]}},{"type":"Feature","properties":{"building":"yes","source":"Bing","osm_id":271779003},"geometry":{"type":"Polygon","coordinates":[[[32.8303839,39.8710897],[32.8306774,39.8711684],[32.8307238,39.8710665],[32.8304303,39.8709878],[32.8303839,39.8710897]]]}},{"type":"Feature","properties":{"building":"yes","source":"Bing","osm_id":271779005},"geometry":{"type":"Polygon","coordinates":[[[32.8285778,39.8686401],[32.8287675,39.868736],[32.8288694,39.8686173],[32.8286797,39.8685214],[32.8285778,39.8686401]]]}},{"type":"Feature","properties":{"building":"yes","source":"Bing","osm_id":271779007},"geometry":{"type":"Polygon","coordinates":[[[32.8294807,39.87051],[32.8297038,39.8706453],[32.8298291,39.8705236],[32.829606,39.8703883],[32.8294807,39.87051]]]}},{"type":"Feature","properties":{"building":"yes","source":"Bing","osm_id":271779009},"geometry":{"type":"Polygon","coordinates":[[[32.8320466,39.8710148],[32.8322173,39.871133],[32.8323379,39.8710303],[32.8321672,39.8709122],[32.8320466,39.8710148]]]}},{"type":"Feature","properties":{"building":"yes","source":"Bing","osm_id":271779011},"geometry":{"type":"Polygon","coordinates":[[[32.8302968,39.8707922],[32.8304931,39.8708436],[32.8305502,39.8707151],[32.8303538,39.8706637],[32.8302968,39.8707922]]]}},{"type":"Feature","properties":{"building":"yes","source":"Bing","osm_id":271779012},"geometry":{"type":"Polygon","coordinates":[[[32.8308858,39.8707049],[32.8310548,39.8707564],[32.8311195,39.8706314],[32.8309505,39.8705799],[32.8308858,39.8707049]]]}},{"type":"Feature","properties":{"building":"yes","source":"Bing","osm_id":271779014},"geometry":{"type":"Polygon","coordinates":[[[32.8291029,39.8729805],[32.829368,39.8730992],[32.8295134,39.8729078],[32.8292484,39.8727891],[32.8291029,39.8729805]]]}},{"type":"Feature","properties":{"building":"yes","source":"Bing","osm_id":271779015},"geometry":{"type":"Polygon","coordinates":[[[32.8298712,39.8725858],[32.8301055,39.8726783],[32.8302303,39.872492],[32.829996,39.8723996],[32.8298712,39.8725858]]]}},{"type":"Feature","properties":{"building":"yes","source":"Bing","osm_id":271779019},"geometry":{"type":"Polygon","coordinates":[[[32.8283182,39.8696709],[32.8285636,39.8698062],[32.828705,39.8696551],[32.8284595,39.8695198],[32.8283182,39.8696709]]]}},{"type":"Feature","properties":{"building":"yes","source":"Bing","osm_id":271779020},"geometry":{"type":"Polygon","coordinates":[[[32.8297797,39.8701247],[32.829976,39.8702189],[32.8300582,39.8701179],[32.8298619,39.8700238],[32.8297797,39.8701247]]]}},{"type":"Feature","properties":{"building":"yes","source":"Bing","osm_id":271779022},"geometry":{"type":"Polygon","coordinates":[[[32.8288604,39.8695819],[32.8290506,39.8696811],[32.8292113,39.8694995],[32.829021,39.8694003],[32.8288604,39.8695819]]]}},{"type":"Feature","properties":{"building":"yes","source":"Bing","osm_id":271779023},"geometry":{"type":"Polygon","coordinates":[[[32.8283641,39.8732753],[32.8286028,39.8734157],[32.8287505,39.8732678],[32.8285117,39.8731274],[32.8283641,39.8732753]]]}},{"type":"Feature","properties":{"building":"yes","source":"Bing","osm_id":271779024},"geometry":{"type":"Polygon","coordinates":[[[32.8299844,39.8707083],[32.8302499,39.8707751],[32.830311,39.8706319],[32.8300455,39.8705652],[32.8299844,39.8707083]]]}},{"type":"Feature","properties":{"building":"yes","source":"Bing","osm_id":271779026},"geometry":{"type":"Polygon","coordinates":[[[32.8293166,39.8687041],[32.829629,39.8688215],[32.8296953,39.8687178],[32.8293829,39.8686003],[32.8293166,39.8687041]]]}},{"type":"Feature","properties":{"building":"yes","source":"Bing","osm_id":271779028},"geometry":{"type":"Polygon","coordinates":[[[32.8294595,39.8731331],[32.8297403,39.8732566],[32.8298788,39.873071],[32.829598,39.8729475],[32.8294595,39.8731331]]]}},{"type":"Feature","properties":{"building":"yes","source":"Bing","osm_id":271779029},"geometry":{"type":"Polygon","coordinates":[[[32.8290404,39.8691679],[32.8292645,39.8692721],[32.8293513,39.869162],[32.8291273,39.8690579],[32.8290404,39.8691679]]]}},{"type":"Feature","properties":{"building":"yes","source":"Bing","osm_id":271779031},"geometry":{"type":"Polygon","coordinates":[[[32.8328904,39.871668],[32.833045,39.8717842],[32.8331857,39.8716741],[32.8330311,39.8715578],[32.8328904,39.871668]]]}},{"type":"Feature","properties":{"building":"yes","source":"Bing","osm_id":271779033},"geometry":{"type":"Polygon","coordinates":[[[32.8294405,39.87001],[32.8296346,39.8701059],[32.8297374,39.8699834],[32.8295432,39.8698875],[32.8294405,39.87001]]]}},{"type":"Feature","properties":{"building":"yes","source":"Bing","osm_id":271779034},"geometry":{"type":"Polygon","coordinates":[[[32.8325899,39.8711313],[32.8327394,39.8712246],[32.8328523,39.8711181],[32.8327028,39.8710248],[32.8325899,39.8711313]]]}},{"type":"Feature","properties":{"building":"yes","source":"Bing","osm_id":271779036},"geometry":{"type":"Polygon","coordinates":[[[32.8306515,39.8706535],[32.8308412,39.8707049],[32.8309045,39.8705672],[32.8307149,39.8705159],[32.8306515,39.8706535]]]}},{"type":"Feature","properties":{"building":"yes","source":"Bing","osm_id":271779038},"geometry":{"type":"Polygon","coordinates":[[[32.8307943,39.870347],[32.8310044,39.8703971],[32.8310758,39.8702207],[32.8308657,39.8701706],[32.8307943,39.870347]]]}},{"type":"Feature","properties":{"building":"yes","source":"Bing","osm_id":271779039},"geometry":{"type":"Polygon","coordinates":[[[32.829059,39.8725156],[32.8292677,39.8726079],[32.829386,39.8724504],[32.8291773,39.8723581],[32.829059,39.8725156]]]}},{"type":"Feature","properties":{"building":"yes","source":"Bing","osm_id":271779041},"geometry":{"type":"Polygon","coordinates":[[[32.8285658,39.8694466],[32.8287667,39.8695425],[32.8289078,39.8693684],[32.8287069,39.8692725],[32.8285658,39.8694466]]]}},{"type":"Feature","properties":{"building":"yes","source":"Bing","osm_id":271779043},"geometry":{"type":"Polygon","coordinates":[[[32.8297552,39.8693096],[32.8299839,39.8694235],[32.8300741,39.8693167],[32.8298453,39.8692029],[32.8297552,39.8693096]]]}},{"type":"Feature","properties":{"building":"yes","source":"Bing","osm_id":271779044},"geometry":{"type":"Polygon","coordinates":[[[32.8290835,39.8706214],[32.8292888,39.8707378],[32.8294305,39.8705907],[32.8292252,39.8704742],[32.8290835,39.8706214]]]}},{"type":"Feature","properties":{"building":"yes","source":"Bing","osm_id":271779046},"geometry":{"type":"Polygon","coordinates":[[[32.8290579,39.8684813],[32.8292071,39.8685566],[32.8293191,39.8684258],[32.8291699,39.8683505],[32.8290579,39.8684813]]]}},{"type":"Feature","properties":{"building":"yes","source":"Bing","osm_id":271779048},"geometry":{"type":"Polygon","coordinates":[[[32.83004,39.8710655],[32.8299783,39.8711758],[32.8302655,39.8712703],[32.8303271,39.8711599],[32.83004,39.8710655]]]}},{"type":"Feature","properties":{"building":"yes","source":"Bing","osm_id":271779050},"geometry":{"type":"Polygon","coordinates":[[[32.8284172,39.8688251],[32.8285778,39.8689021],[32.8286903,39.868764],[32.8285296,39.868687],[32.8284172,39.8688251]]]}},{"type":"Feature","properties":{"building":"yes","source":"Bing","osm_id":271779052},"geometry":{"type":"Polygon","coordinates":[[[32.8291527,39.8703131],[32.8293758,39.8704398],[32.8294778,39.8703341],[32.8292546,39.8702074],[32.8291527,39.8703131]]]}},{"type":"Feature","properties":{"building":"yes","source":"Bing","osm_id":271779053},"geometry":{"type":"Polygon","coordinates":[[[32.8301272,39.8705388],[32.8305199,39.8706347],[32.8305844,39.870479],[32.8301917,39.8703831],[32.8301272,39.8705388]]]}},{"type":"Feature","properties":{"building":"yes","source":"Bing","osm_id":271779055},"geometry":{"type":"Polygon","coordinates":[[[32.8303532,39.8688579],[32.8303911,39.8686423],[32.8301889,39.8686214],[32.830151,39.868837],[32.8303532,39.8688579]]]}},{"type":"Feature","properties":{"building":"yes","source":"Bing","osm_id":271779057},"geometry":{"type":"Polygon","coordinates":[[[32.8293528,39.8693157],[32.8295769,39.869415],[32.8296602,39.8693042],[32.8294361,39.8692049],[32.8293528,39.8693157]]]}},{"type":"Feature","properties":{"building":"yes","source":"Bing","osm_id":271779058},"geometry":{"type":"Polygon","coordinates":[[[32.8322396,39.8711604],[32.8324047,39.8712785],[32.8325047,39.8711962],[32.8323396,39.8710781],[32.8322396,39.8711604]]]}},{"type":"Feature","properties":{"building":"yes","source":"Bing","osm_id":271779060},"geometry":{"type":"Polygon","coordinates":[[[32.8295788,39.8698405],[32.8297886,39.8699415],[32.8299069,39.8697968],[32.8296972,39.8696958],[32.8295788,39.8698405]]]}},{"type":"Feature","properties":{"building":"yes","source":"Bing","osm_id":271779062},"geometry":{"type":"Polygon","coordinates":[[[32.8284677,39.8702806],[32.8287031,39.8703896],[32.8288593,39.870191],[32.8286238,39.8700819],[32.8284677,39.8702806]]]}},{"type":"Feature","properties":{"building":"yes","source":"Bing","osm_id":271779068},"geometry":{"type":"Polygon","coordinates":[[[32.8300873,39.8710413],[32.8303445,39.8710982],[32.8303917,39.8709724],[32.8301345,39.8709155],[32.8300873,39.8710413]]]}},{"type":"Feature","properties":{"building":"yes","source":"Bing","osm_id":271779069},"geometry":{"type":"Polygon","coordinates":[[[32.8283346,39.8685288],[32.8285332,39.8686196],[32.8286274,39.8684982],[32.8284288,39.8684074],[32.8283346,39.8685288]]]}},{"type":"Feature","properties":{"building":"yes","source":"Bing","osm_id":271779071},"geometry":{"type":"Polygon","coordinates":[[[32.8299571,39.8696099],[32.8302001,39.8697298],[32.8302807,39.8696336],[32.8300377,39.8695137],[32.8299571,39.8696099]]]}},{"type":"Feature","properties":{"building":"yes","source":"Bing","osm_id":271779072},"geometry":{"type":"Polygon","coordinates":[[[32.828141,39.8732444],[32.828005,39.8733781],[32.8283508,39.8735853],[32.8284868,39.8734516],[32.828141,39.8732444]]]}},{"type":"Feature","properties":{"building":"yes","source":"Bing","osm_id":271779073},"geometry":{"type":"Polygon","coordinates":[[[32.8297916,39.8686787],[32.8300614,39.8687283],[32.8301051,39.8685882],[32.8298353,39.8685386],[32.8297916,39.8686787]]]}},{"type":"Feature","properties":{"building":"yes","source":"Bing","osm_id":271779075},"geometry":{"type":"Polygon","coordinates":[[[32.8306111,39.8714203],[32.830933,39.8715402],[32.8310205,39.8714018],[32.8306986,39.8712819],[32.8306111,39.8714203]]]}},{"type":"Feature","properties":{"building":"yes","source":"Bing","osm_id":271779077},"geometry":{"type":"Polygon","coordinates":[[[32.8290493,39.8732324],[32.8295825,39.8734697],[32.8296944,39.8733216],[32.8291611,39.8730843],[32.8290493,39.8732324]]]}},{"type":"Feature","properties":{"building":"yes","source":"Bing","osm_id":271779078},"geometry":{"type":"Polygon","coordinates":[[[32.8282691,39.870123],[32.8284668,39.8702099],[32.8285984,39.8700336],[32.8284007,39.8699466],[32.8282691,39.870123]]]}},{"type":"Feature","properties":{"building":"yes","source":"Bing","osm_id":271779080},"geometry":{"type":"Polygon","coordinates":[[[32.8287876,39.8687994],[32.8290196,39.8689261],[32.8291437,39.8687923],[32.8289117,39.8686655],[32.8287876,39.8687994]]]}},{"type":"Feature","properties":{"building":"yes","source":"Bing","osm_id":271779082},"geometry":{"type":"Polygon","coordinates":[[[32.8296123,39.8703165],[32.829831,39.8704296],[32.8299467,39.8702977],[32.8297281,39.8701846],[32.8296123,39.8703165]]]}},{"type":"Feature","properties":{"building":"yes","source":"Bing","osm_id":271779083},"geometry":{"type":"Polygon","coordinates":[[[32.8280986,39.8731228],[32.8283061,39.873241],[32.8284667,39.8730748],[32.8283306,39.8730012],[32.8282101,39.8730013],[32.8280986,39.8731228]]]}},{"type":"Feature","properties":{"building":"yes","source":"Bing","osm_id":271779085},"geometry":{"type":"Polygon","coordinates":[[[32.8276835,39.873217],[32.8279111,39.8733643],[32.8280911,39.8732005],[32.8278948,39.8730755],[32.8277906,39.8731246],[32.8276835,39.873217]]]}},{"type":"Feature","properties":{"building":"yes","source":"Bing","osm_id":271779087},"geometry":{"type":"Polygon","coordinates":[[[32.8285498,39.868271],[32.8287885,39.8683841],[32.8288616,39.8682932],[32.8287306,39.8682311],[32.8287501,39.8682068],[32.8286425,39.8681558],[32.8285498,39.868271]]]}},{"type":"Feature","properties":{"building":"yes","source":"Bing","osm_id":271779088},"geometry":{"type":"Polygon","coordinates":[[[32.829041,39.8706024],[32.8292048,39.8704479],[32.8290437,39.8703473],[32.8289961,39.8703922],[32.8289734,39.8703781],[32.8288572,39.8704876],[32.829041,39.8706024]]]}},{"type":"Feature","properties":{"building":"yes","source":"Bing","osm_id":271779090},"geometry":{"type":"Polygon","coordinates":[[[32.8293267,39.8707549],[32.8294427,39.8708234],[32.8295967,39.8708166],[32.829699,39.8707119],[32.8295811,39.8706505],[32.8295186,39.870707],[32.8294157,39.8706605],[32.8293267,39.8707549]]]}},{"type":"Feature","properties":{"building":"yes","source":"Bing","osm_id":271779092},"geometry":{"type":"Polygon","coordinates":[[[32.8295075,39.8724215],[32.8296369,39.8722588],[32.8294584,39.87218],[32.8294132,39.8721705],[32.829358,39.8721886],[32.8293123,39.8722254],[32.8292862,39.87227],[32.8292971,39.872316],[32.8293402,39.8723461],[32.8295075,39.8724215]]]}},{"type":"Feature","properties":{"building":"yes","source":"Bing","osm_id":271798082},"geometry":{"type":"Polygon","coordinates":[[[32.8330753,39.8704112],[32.8332571,39.8705333],[32.8334403,39.8703726],[32.8333339,39.8703011],[32.8333072,39.8703245],[32.8332804,39.8703064],[32.8332582,39.8703258],[32.833225,39.8703035],[32.833193,39.8703316],[32.8331777,39.8703214],[32.8330753,39.8704112]]]}},{"type":"Feature","properties":{"building":"yes","source":"Bing","osm_id":271798136},"geometry":{"type":"Polygon","coordinates":[[[32.8337298,39.8706643],[32.8339882,39.8708244],[32.834105,39.8707133],[32.8338466,39.8705532],[32.8337298,39.8706643]]]}},{"type":"Feature","properties":{"building":"yes","source":"Bing","osm_id":271798157},"geometry":{"type":"Polygon","coordinates":[[[32.8345706,39.8710287],[32.8347645,39.8711805],[32.8348908,39.8710855],[32.8346969,39.8709337],[32.8345706,39.8710287]]]}},{"type":"Feature","properties":{"building":"yes","source":"Bing","osm_id":271798160},"geometry":{"type":"Polygon","coordinates":[[[32.833459,39.8702295],[32.8335812,39.870318],[32.8337602,39.8701723],[32.833638,39.8700838],[32.833459,39.8702295]]]}},{"type":"Feature","properties":{"building":"yes","source":"Bing","osm_id":271798189},"geometry":{"type":"Polygon","coordinates":[[[32.8332498,39.8711304],[32.8333918,39.8712283],[32.8335936,39.8710559],[32.8334516,39.870958],[32.8332498,39.8711304]]]}},{"type":"Feature","properties":{"building":"yes","source":"Bing","osm_id":271798204},"geometry":{"type":"Polygon","coordinates":[[[32.8339789,39.8704731],[32.8341956,39.8705867],[32.8342732,39.8704996],[32.8340565,39.870386],[32.8339789,39.8704731]]]}},{"type":"Feature","properties":{"building":"yes","source":"Bing","osm_id":271798226},"geometry":{"type":"Polygon","coordinates":[[[32.8346891,39.8713561],[32.8348641,39.8714925],[32.8350029,39.8713876],[32.8348279,39.8712512],[32.8346891,39.8713561]]]}},{"type":"Feature","properties":{"building":"yes","source":"Bing","osm_id":271798230},"geometry":{"type":"Polygon","coordinates":[[[32.832895,39.8702801],[32.833051,39.8703763],[32.8332153,39.8702193],[32.8330592,39.8701231],[32.832895,39.8702801]]]}},{"type":"Feature","properties":{"building":"yes","source":"Bing","osm_id":271798242},"geometry":{"type":"Polygon","coordinates":[[[32.8340515,39.8708874],[32.8342009,39.8709856],[32.8343474,39.8708542],[32.834198,39.870756],[32.8340515,39.8708874]]]}},{"type":"Feature","properties":{"building":"yes","source":"Bing","osm_id":271798254},"geometry":{"type":"Polygon","coordinates":[[[32.8330821,39.870058],[32.8332251,39.8701451],[32.8333745,39.8700004],[32.8332315,39.8699134],[32.8330821,39.870058]]]}},{"type":"Feature","properties":{"building":"yes","source":"Bing","osm_id":271798255},"geometry":{"type":"Polygon","coordinates":[[[32.8344199,39.871134],[32.8346218,39.8713024],[32.8347355,39.8712221],[32.8345335,39.8710537],[32.8344199,39.871134]]]}},{"type":"Feature","properties":{"building":"yes","source":"Bing","osm_id":271798270},"geometry":{"type":"Polygon","coordinates":[[[32.8337276,39.8709448],[32.8339846,39.8711318],[32.8341194,39.8710227],[32.8338624,39.8708357],[32.8337276,39.8709448]]]}},{"type":"Feature","properties":{"building":"yes","source":"Bing","osm_id":271798280},"geometry":{"type":"Polygon","coordinates":[[[32.8341506,39.8713314],[32.8343189,39.8714667],[32.834449,39.8713714],[32.8342807,39.8712361],[32.8341506,39.8713314]]]}},{"type":"Feature","properties":{"building":"yes","source":"Bing","osm_id":271798281},"geometry":{"type":"Polygon","coordinates":[[[32.8342831,39.8706477],[32.8344756,39.8707613],[32.8345927,39.8706446],[32.8344002,39.8705309],[32.8342831,39.8706477]]]}},{"type":"Feature","properties":{"building":"yes","source":"Bing","osm_id":271798297},"geometry":{"type":"Polygon","coordinates":[[[32.8338101,39.8715855],[32.8339972,39.8717281],[32.8341032,39.8716461],[32.833916,39.8715036],[32.8338101,39.8715855]]]}},{"type":"Feature","properties":{"building":"yes","source":"Bing","osm_id":271798298},"geometry":{"type":"Polygon","coordinates":[[[32.8350673,39.8710979],[32.8352275,39.8712125],[32.8353548,39.8711078],[32.8351946,39.8709931],[32.8350673,39.8710979]]]}},{"type":"Feature","properties":{"building":"yes","source":"Bing","osm_id":271798312},"geometry":{"type":"Polygon","coordinates":[[[32.8334982,39.8707769],[32.8336504,39.8708791],[32.8337838,39.8707623],[32.8336317,39.87066],[32.8334982,39.8707769]]]}},{"type":"Feature","properties":{"building":"yes","source":"Bing","osm_id":271798320},"geometry":{"type":"Polygon","coordinates":[[[32.8349071,39.8712456],[32.8350456,39.8713497],[32.8351735,39.8712495],[32.835035,39.8711454],[32.8349071,39.8712456]]]}},{"type":"Feature","properties":{"building":"yes","source":"Bing","osm_id":271798325},"geometry":{"type":"Polygon","coordinates":[[[32.8332732,39.8701376],[32.8334083,39.8702365],[32.8335766,39.8701012],[32.8334415,39.8700022],[32.8332732,39.8701376]]]}},{"type":"Feature","properties":{"building":"yes","source":"Bing","osm_id":271798333},"geometry":{"type":"Polygon","coordinates":[[[32.8334516,39.8712706],[32.833626,39.8713999],[32.8338392,39.8712304],[32.8336648,39.8711012],[32.8334516,39.8712706]]]}},{"type":"Feature","properties":{"building":"yes","source":"Bing","osm_id":271798344},"geometry":{"type":"Polygon","coordinates":[[[32.8339716,39.8714615],[32.8341331,39.8715907],[32.8342545,39.8715013],[32.8340929,39.8713721],[32.8339716,39.8714615]]]}},{"type":"Feature","properties":{"building":"yes","source":"Bing","osm_id":271815129},"geometry":{"type":"Polygon","coordinates":[[[32.8362512,39.8678189],[32.8364706,39.8677074],[32.8364921,39.8677112],[32.8365927,39.8678923],[32.8365679,39.8679151],[32.8364459,39.8679581],[32.8363419,39.8679214],[32.8363205,39.8678898],[32.8363403,39.8678796],[32.8363205,39.8678568],[32.8362974,39.867867],[32.8362512,39.8678189]]]}},{"type":"Feature","properties":{"building":"yes","source":"Bing","osm_id":271815131},"geometry":{"type":"Polygon","coordinates":[[[32.8367702,39.8656677],[32.8368969,39.865866],[32.8371219,39.8657813],[32.837064,39.8656907],[32.8370474,39.8656969],[32.8370325,39.8656734],[32.8369985,39.8656862],[32.8369772,39.865653],[32.8369525,39.8656623],[32.8369305,39.8656278],[32.8369075,39.8656364],[32.836897,39.86562],[32.8367702,39.8656677]]]}},{"type":"Feature","properties":{"building":"yes","source":"Bing","osm_id":271815133},"geometry":{"type":"Polygon","coordinates":[[[32.8438526,39.8705927],[32.8439252,39.8708117],[32.8440696,39.8707836],[32.843997,39.8705645],[32.8438526,39.8705927]]]}},{"type":"Feature","properties":{"building":"yes","source":"Bing","osm_id":271815136},"geometry":{"type":"Polygon","coordinates":[[[32.8373224,39.8706333],[32.8374907,39.870884],[32.8377006,39.870801],[32.8375323,39.8705503],[32.8373224,39.8706333]]]}},{"type":"Feature","properties":{"building":"yes","source":"Bing","osm_id":271815137},"geometry":{"type":"Polygon","coordinates":[[[32.8343243,39.865696],[32.8343885,39.8658159],[32.8345695,39.8657589],[32.8345053,39.865639],[32.8343243,39.865696]]]}},{"type":"Feature","properties":{"building":"yes","source":"Bing","osm_id":271815138},"geometry":{"type":"Polygon","coordinates":[[[32.833882,39.8644318],[32.8341293,39.8643674],[32.8340797,39.8642552],[32.8338324,39.8643197],[32.833882,39.8644318]]]}},{"type":"Feature","properties":{"building":"yes","source":"Bing","osm_id":271815140},"geometry":{"type":"Polygon","coordinates":[[[32.844298,39.8691227],[32.8443694,39.8692441],[32.8446614,39.8691428],[32.8445899,39.8690214],[32.844298,39.8691227]]]}},{"type":"Feature","properties":{"building":"yes","source":"Bing","osm_id":271815142},"geometry":{"type":"Polygon","coordinates":[[[32.8364275,39.8674468],[32.83651,39.8675535],[32.836734,39.8674515],[32.8366514,39.8673447],[32.8364275,39.8674468]]]}},{"type":"Feature","properties":{"building":"yes","source":"Bing","osm_id":271815143},"geometry":{"type":"Polygon","coordinates":[[[32.8428925,39.8696342],[32.8430145,39.8698242],[32.8431354,39.8697784],[32.8430133,39.8695885],[32.8428925,39.8696342]]]}},{"type":"Feature","properties":{"building":"yes","source":"Bing","osm_id":271815147},"geometry":{"type":"Polygon","coordinates":[[[32.8352553,39.8655826],[32.8355282,39.8654981],[32.8354232,39.8652984],[32.8351503,39.8653829],[32.8352553,39.8655826]]]}},{"type":"Feature","properties":{"building":"yes","source":"Bing","osm_id":271815148},"geometry":{"type":"Polygon","coordinates":[[[32.8356727,39.8653052],[32.8357403,39.8654229],[32.8359461,39.8653533],[32.8358784,39.8652356],[32.8356727,39.8653052]]]}},{"type":"Feature","properties":{"building":"yes","source":"Bing","osm_id":271815149},"geometry":{"type":"Polygon","coordinates":[[[32.8399914,39.8698539],[32.8401384,39.870058],[32.8402862,39.8699953],[32.8401392,39.8697912],[32.8399914,39.8698539]]]}},{"type":"Feature","properties":{"building":"yes","source":"Bing","osm_id":271815150},"geometry":{"type":"Polygon","coordinates":[[[32.8446688,39.870641],[32.8449839,39.8706499],[32.8449904,39.8705139],[32.8446753,39.8705051],[32.8446688,39.870641]]]}},{"type":"Feature","properties":{"building":"yes","source":"Bing","osm_id":271815151},"geometry":{"type":"Polygon","coordinates":[[[32.8364018,39.8659563],[32.8366707,39.86586],[32.8365833,39.8657162],[32.8363144,39.8658124],[32.8364018,39.8659563]]]}},{"type":"Feature","properties":{"building":"yes","source":"Bing","osm_id":271815152},"geometry":{"type":"Polygon","coordinates":[[[32.8433527,39.8693329],[32.8434796,39.8695384],[32.843765,39.8694346],[32.8436381,39.8692291],[32.8433527,39.8693329]]]}},{"type":"Feature","properties":{"building":"yes","source":"Bing","osm_id":271815153},"geometry":{"type":"Polygon","coordinates":[[[32.8351083,39.8656721],[32.8351736,39.8657912],[32.8353381,39.865738],[32.8352728,39.865619],[32.8351083,39.8656721]]]}},{"type":"Feature","properties":{"building":"yes","source":"Bing","osm_id":271815154},"geometry":{"type":"Polygon","coordinates":[[[32.8357131,39.8650472],[32.8355288,39.8651101],[32.8356268,39.8652793],[32.8358111,39.8652164],[32.8357131,39.8650472]]]}},{"type":"Feature","properties":{"building":"yes","source":"Bing","osm_id":271815157},"geometry":{"type":"Polygon","coordinates":[[[32.8410062,39.8686166],[32.8411299,39.8688351],[32.8413008,39.8687781],[32.8411771,39.8685597],[32.8410062,39.8686166]]]}},{"type":"Feature","properties":{"building":"yes","source":"Bing","osm_id":271815158},"geometry":{"type":"Polygon","coordinates":[[[32.8354137,39.8648975],[32.8354941,39.8650513],[32.8357366,39.8649766],[32.8356562,39.8648228],[32.8354137,39.8648975]]]}},{"type":"Feature","properties":{"building":"yes","source":"Bing","osm_id":271815160},"geometry":{"type":"Polygon","coordinates":[[[32.8359009,39.8666027],[32.8360828,39.8667764],[32.8362475,39.8666747],[32.8360656,39.866501],[32.8359009,39.8666027]]]}},{"type":"Feature","properties":{"building":"yes","source":"Bing","osm_id":271815163},"geometry":{"type":"Polygon","coordinates":[[[32.8395995,39.8696301],[32.8397581,39.8698378],[32.8399003,39.8697738],[32.8397416,39.8695661],[32.8395995,39.8696301]]]}},{"type":"Feature","properties":{"building":"yes","source":"Bing","osm_id":271815166},"geometry":{"type":"Polygon","coordinates":[[[32.8376391,39.8711448],[32.8377942,39.871393],[32.8380211,39.8713095],[32.837866,39.8710613],[32.8376391,39.8711448]]]}},{"type":"Feature","properties":{"building":"yes","source":"Bing","osm_id":271815168},"geometry":{"type":"Polygon","coordinates":[[[32.8433181,39.8702787],[32.843394,39.8705091],[32.8435706,39.8704749],[32.8434947,39.8702444],[32.8433181,39.8702787]]]}},{"type":"Feature","properties":{"building":"yes","source":"Bing","osm_id":271815172},"geometry":{"type":"Polygon","coordinates":[[[32.8339567,39.8647058],[32.8342343,39.8646378],[32.8341431,39.8644186],[32.8338655,39.8644866],[32.8339567,39.8647058]]]}},{"type":"Feature","properties":{"building":"yes","source":"Bing","osm_id":271815175},"geometry":{"type":"Polygon","coordinates":[[[32.8420726,39.8699001],[32.8421715,39.8700546],[32.8424124,39.8699812],[32.8423167,39.8698166],[32.8420726,39.8699001]]]}},{"type":"Feature","properties":{"building":"yes","source":"Bing","osm_id":271815177},"geometry":{"type":"Polygon","coordinates":[[[32.8363201,39.8672928],[32.8364123,39.867405],[32.8366526,39.8672886],[32.8365604,39.8671764],[32.8363201,39.8672928]]]}},{"type":"Feature","properties":{"building":"yes","source":"Bing","osm_id":271815180},"geometry":{"type":"Polygon","coordinates":[[[32.8427127,39.8696646],[32.8428463,39.8698647],[32.8429758,39.8698137],[32.8428422,39.8696137],[32.8427127,39.8696646]]]}},{"type":"Feature","properties":{"building":"yes","source":"Bing","osm_id":271815182},"geometry":{"type":"Polygon","coordinates":[[[32.8365437,39.8661323],[32.8367928,39.8660474],[32.8367009,39.8658884],[32.8364518,39.8659733],[32.8365437,39.8661323]]]}},{"type":"Feature","properties":{"building":"yes","source":"Bing","osm_id":271815183},"geometry":{"type":"Polygon","coordinates":[[[32.8428661,39.8708105],[32.842975,39.8710333],[32.8431115,39.870994],[32.8430026,39.8707712],[32.8428661,39.8708105]]]}},{"type":"Feature","properties":{"building":"yes","source":"Bing","osm_id":271815185},"geometry":{"type":"Polygon","coordinates":[[[32.8358501,39.8665566],[32.8360694,39.8664357],[32.8359698,39.8663293],[32.8357505,39.8664502],[32.8358501,39.8665566]]]}},{"type":"Feature","properties":{"building":"yes","source":"Bing","osm_id":271815186},"geometry":{"type":"Polygon","coordinates":[[[32.8437569,39.8691987],[32.8438207,39.8693065],[32.8441111,39.8692052],[32.8440472,39.8690974],[32.8437569,39.8691987]]]}},{"type":"Feature","properties":{"building":"yes","source":"Bing","osm_id":271815187},"geometry":{"type":"Polygon","coordinates":[[[32.8446853,39.8704688],[32.8450004,39.8704827],[32.8450088,39.8703713],[32.8446937,39.8703573],[32.8446853,39.8704688]]]}},{"type":"Feature","properties":{"building":"yes","source":"Bing","osm_id":271815188},"geometry":{"type":"Polygon","coordinates":[[[32.8411019,39.8693973],[32.8411596,39.8694743],[32.8413136,39.8694062],[32.8412558,39.8693293],[32.8411019,39.8693973]]]}},{"type":"Feature","properties":{"building":"yes","source":"Bing","osm_id":271815190},"geometry":{"type":"Polygon","coordinates":[[[32.8334565,39.8640236],[32.8336618,39.863977],[32.8335941,39.8638015],[32.8333889,39.8638481],[32.8334565,39.8640236]]]}},{"type":"Feature","properties":{"building":"yes","source":"Bing","osm_id":271815191},"geometry":{"type":"Polygon","coordinates":[[[32.8356788,39.8672288],[32.8357798,39.86733],[32.8360124,39.8671933],[32.8359114,39.8670921],[32.8356788,39.8672288]]]}},{"type":"Feature","properties":{"building":"yes","source":"Bing","osm_id":271815192},"geometry":{"type":"Polygon","coordinates":[[[32.8427671,39.8693051],[32.8428441,39.8694276],[32.8431279,39.8693225],[32.8430508,39.8692],[32.8427671,39.8693051]]]}},{"type":"Feature","properties":{"building":"yes","source":"Bing","osm_id":271815195},"geometry":{"type":"Polygon","coordinates":[[[32.8357271,39.8648316],[32.8358145,39.8649646],[32.8360004,39.8648926],[32.8359129,39.8647596],[32.8357271,39.8648316]]]}},{"type":"Feature","properties":{"building":"yes","source":"Bing","osm_id":271815196},"geometry":{"type":"Polygon","coordinates":[[[32.8356722,39.8667746],[32.8358845,39.8669107],[32.8360166,39.8667893],[32.8358043,39.8666532],[32.8356722,39.8667746]]]}},{"type":"Feature","properties":{"building":"yes","source":"Bing","osm_id":271815197},"geometry":{"type":"Polygon","coordinates":[[[32.8340864,39.8652599],[32.8341575,39.8653916],[32.8343339,39.8653354],[32.8342627,39.8652038],[32.8340864,39.8652599]]]}},{"type":"Feature","properties":{"building":"yes","source":"Bing","osm_id":271815198},"geometry":{"type":"Polygon","coordinates":[[[32.8447035,39.8701814],[32.8450186,39.8701903],[32.8450238,39.8700803],[32.8447087,39.8700715],[32.8447035,39.8701814]]]}},{"type":"Feature","properties":{"building":"yes","source":"Bing","osm_id":271815199},"geometry":{"type":"Polygon","coordinates":[[[32.836156,39.8648608],[32.8362384,39.864997],[32.8363984,39.86494],[32.836316,39.8648038],[32.836156,39.8648608]]]}},{"type":"Feature","properties":{"building":"yes","source":"Bing","osm_id":271815200},"geometry":{"type":"Polygon","coordinates":[[[32.8363094,39.8663538],[32.8364177,39.8665121],[32.8366816,39.8664057],[32.8365734,39.8662475],[32.8363094,39.8663538]]]}},{"type":"Feature","properties":{"building":"yes","source":"Bing","osm_id":271815201},"geometry":{"type":"Polygon","coordinates":[[[32.84265,39.8708814],[32.8427737,39.8710928],[32.8429349,39.8710372],[32.8428112,39.8708258],[32.84265,39.8708814]]]}},{"type":"Feature","properties":{"building":"yes","source":"Bing","osm_id":271815204},"geometry":{"type":"Polygon","coordinates":[[[32.8352091,39.8663282],[32.8354762,39.8662037],[32.8353556,39.8660512],[32.8350884,39.8661756],[32.8352091,39.8663282]]]}},{"type":"Feature","properties":{"building":"yes","source":"Bing","osm_id":271815206},"geometry":{"type":"Polygon","coordinates":[[[32.8345799,39.8653829],[32.8348283,39.8653086],[32.8347228,39.8651008],[32.8344744,39.8651751],[32.8345799,39.8653829]]]}},{"type":"Feature","properties":{"building":"yes","source":"Bing","osm_id":271815207},"geometry":{"type":"Polygon","coordinates":[[[32.8401547,39.8694134],[32.8403017,39.8696068],[32.8404575,39.8695371],[32.8403105,39.8693437],[32.8401547,39.8694134]]]}},{"type":"Feature","properties":{"building":"yes","source":"Bing","osm_id":271815208},"geometry":{"type":"Polygon","coordinates":[[[32.8425626,39.8701116],[32.8426599,39.8703281],[32.8428255,39.8702842],[32.8427281,39.8700677],[32.8425626,39.8701116]]]}},{"type":"Feature","properties":{"building":"yes","source":"Bing","osm_id":271815209},"geometry":{"type":"Polygon","coordinates":[[[32.8334402,39.8640801],[32.8333609,39.8638563],[32.8331921,39.8638915],[32.8332714,39.8641154],[32.8334402,39.8640801]]]}},{"type":"Feature","properties":{"building":"yes","source":"Bing","osm_id":271815210},"geometry":{"type":"Polygon","coordinates":[[[32.8366118,39.867744],[32.8367032,39.8678759],[32.8369575,39.8677721],[32.8368661,39.8676402],[32.8366118,39.867744]]]}},{"type":"Feature","properties":{"building":"yes","source":"Bing","osm_id":271815213},"geometry":{"type":"Polygon","coordinates":[[[32.8434369,39.8706725],[32.8435243,39.8708966],[32.8436841,39.8708598],[32.8435967,39.8706357],[32.8434369,39.8706725]]]}},{"type":"Feature","properties":{"building":"yes","source":"Bing","osm_id":271815215},"geometry":{"type":"Polygon","coordinates":[[[32.8344048,39.8658697],[32.8345075,39.8660613],[32.8346548,39.8660148],[32.8345521,39.8658232],[32.8344048,39.8658697]]]}},{"type":"Feature","properties":{"building":"yes","source":"Bing","osm_id":271815216},"geometry":{"type":"Polygon","coordinates":[[[32.8340001,39.8651086],[32.8340585,39.8652233],[32.8342614,39.8651625],[32.834203,39.8650477],[32.8340001,39.8651086]]]}},{"type":"Feature","properties":{"building":"yes","source":"Bing","osm_id":271815217},"geometry":{"type":"Polygon","coordinates":[[[32.8442567,39.8690594],[32.8445577,39.8689595],[32.8444093,39.8686961],[32.8441083,39.8687961],[32.8442567,39.8690594]]]}},{"type":"Feature","properties":{"building":"yes","source":"Bing","osm_id":271815218},"geometry":{"type":"Polygon","coordinates":[[[32.8350185,39.8651922],[32.8350978,39.86534],[32.8353952,39.865246],[32.8353159,39.8650982],[32.8350185,39.8651922]]]}},{"type":"Feature","properties":{"building":"yes","source":"Bing","osm_id":271815219},"geometry":{"type":"Polygon","coordinates":[[[32.83577,39.8654749],[32.8358789,39.8656699],[32.8360742,39.8656056],[32.8359653,39.8654106],[32.83577,39.8654749]]]}},{"type":"Feature","properties":{"building":"yes","source":"Bing","osm_id":271815220},"geometry":{"type":"Polygon","coordinates":[[[32.8360372,39.8646696],[32.836123,39.8648152],[32.8362988,39.8647542],[32.836213,39.8646085],[32.8360372,39.8646696]]]}},{"type":"Feature","properties":{"building":"yes","source":"Bing","osm_id":271815222},"geometry":{"type":"Polygon","coordinates":[[[32.840171,39.8697877],[32.840325,39.8699828],[32.8404697,39.8699156],[32.8403157,39.8697204],[32.840171,39.8697877]]]}},{"type":"Feature","properties":{"building":"yes","source":"Bing","osm_id":271815224},"geometry":{"type":"Polygon","coordinates":[[[32.8360504,39.8659183],[32.8361939,39.866131],[32.8364064,39.8660465],[32.8362629,39.8658338],[32.8360504,39.8659183]]]}},{"type":"Feature","properties":{"building":"yes","source":"Bing","osm_id":271815225},"geometry":{"type":"Polygon","coordinates":[[[32.8360648,39.8676517],[32.8361904,39.8677997],[32.8364082,39.8676908],[32.8362826,39.8675428],[32.8360648,39.8676517]]]}},{"type":"Feature","properties":{"building":"yes","source":"Bing","osm_id":271815226},"geometry":{"type":"Polygon","coordinates":[[[32.8435061,39.8695747],[32.8435937,39.8697292],[32.8438742,39.8696355],[32.8437866,39.869481],[32.8435061,39.8695747]]]}},{"type":"Feature","properties":{"building":"yes","source":"Bing","osm_id":271815227},"geometry":{"type":"Polygon","coordinates":[[[32.8348715,39.865913],[32.8351783,39.8658091],[32.8350953,39.8656646],[32.8347885,39.8657685],[32.8348715,39.865913]]]}},{"type":"Feature","properties":{"building":"yes","source":"Bing","osm_id":271815229},"geometry":{"type":"Polygon","coordinates":[[[32.8447134,39.8700371],[32.8450351,39.8700434],[32.8450413,39.8698583],[32.8447196,39.8699254],[32.8447134,39.8700371]]]}},{"type":"Feature","properties":{"building":"yes","source":"Bing","osm_id":271815230},"geometry":{"type":"Polygon","coordinates":[[[32.8412162,39.8685504],[32.8413328,39.868776],[32.8415128,39.8687212],[32.8413961,39.8684956],[32.8412162,39.8685504]]]}},{"type":"Feature","properties":{"building":"yes","source":"Bing","osm_id":271815231},"geometry":{"type":"Polygon","coordinates":[[[32.8432389,39.8707168],[32.8433329,39.8709371],[32.843488,39.8708981],[32.843394,39.8706778],[32.8432389,39.8707168]]]}},{"type":"Feature","properties":{"building":"yes","source":"Bing","osm_id":271815233},"geometry":{"type":"Polygon","coordinates":[[[32.8393965,39.8697214],[32.8395505,39.8699184],[32.8397182,39.8698411],[32.8395643,39.8696441],[32.8393965,39.8697214]]]}},{"type":"Feature","properties":{"building":"yes","source":"Bing","osm_id":271815235},"geometry":{"type":"Polygon","coordinates":[[[32.8390535,39.8700741],[32.8391398,39.8701951],[32.8394127,39.8700805],[32.8393265,39.8699595],[32.8390535,39.8700741]]]}},{"type":"Feature","properties":{"building":"yes","source":"Bing","osm_id":271815236},"geometry":{"type":"Polygon","coordinates":[[[32.8431053,39.8703319],[32.8431927,39.8705573],[32.8433546,39.8705203],[32.8432671,39.8702949],[32.8431053,39.8703319]]]}},{"type":"Feature","properties":{"building":"yes","source":"Bing","osm_id":271815237},"geometry":{"type":"Polygon","coordinates":[[[32.8361942,39.8671263],[32.8362928,39.8672513],[32.8365354,39.8671385],[32.8364368,39.8670135],[32.8361942,39.8671263]]]}},{"type":"Feature","properties":{"building":"yes","source":"Bing","osm_id":271815239},"geometry":{"type":"Polygon","coordinates":[[[32.8424999,39.8697229],[32.8426236,39.8699115],[32.8428028,39.8698423],[32.8426791,39.8696536],[32.8424999,39.8697229]]]}},{"type":"Feature","properties":{"building":"yes","source":"Bing","osm_id":271815241},"geometry":{"type":"Polygon","coordinates":[[[32.8349345,39.8650302],[32.8350066,39.86516],[32.8352994,39.8650642],[32.8352273,39.8649344],[32.8349345,39.8650302]]]}},{"type":"Feature","properties":{"building":"yes","source":"Bing","osm_id":271815242},"geometry":{"type":"Polygon","coordinates":[[[32.8436183,39.8689556],[32.8437353,39.8691527],[32.8440322,39.8690489],[32.8439152,39.8688518],[32.8436183,39.8689556]]]}},{"type":"Feature","properties":{"building":"yes","source":"Bing","osm_id":271815243},"geometry":{"type":"Polygon","coordinates":[[[32.8447002,39.870327],[32.8450136,39.8703346],[32.8450181,39.870226],[32.8447047,39.8702184],[32.8447002,39.870327]]]}},{"type":"Feature","properties":{"building":"yes","source":"Bing","osm_id":271815244},"geometry":{"type":"Polygon","coordinates":[[[32.8411952,39.8695209],[32.8412739,39.8696356],[32.8415398,39.8695282],[32.8414611,39.8694134],[32.8411952,39.8695209]]]}},{"type":"Feature","properties":{"building":"yes","source":"Bing","osm_id":271815245},"geometry":{"type":"Polygon","coordinates":[[[32.8359444,39.8674909],[32.8360577,39.8676086],[32.8362787,39.8674833],[32.8361654,39.8673656],[32.8359444,39.8674909]]]}},{"type":"Feature","properties":{"building":"yes","source":"Bing","osm_id":271815246},"geometry":{"type":"Polygon","coordinates":[[[32.8442518,39.8705281],[32.8443161,39.8707636],[32.8444822,39.8707473],[32.8444905,39.8705105],[32.8442518,39.8705281]]]}},{"type":"Feature","properties":{"building":"yes","source":"Bing","osm_id":271815250},"geometry":{"type":"Polygon","coordinates":[[[32.8339207,39.8655223],[32.8339797,39.8656319],[32.8341944,39.8655639],[32.8341354,39.8654542],[32.8339207,39.8655223]]]}},{"type":"Feature","properties":{"building":"yes","source":"Bing","osm_id":271815251},"geometry":{"type":"Polygon","coordinates":[[[32.8343593,39.8658706],[32.8341667,39.8659341],[32.834288,39.8661508],[32.8344807,39.8660872],[32.8343593,39.8658706]]]}},{"type":"Feature","properties":{"building":"yes","source":"Bing","osm_id":271815252},"geometry":{"type":"Polygon","coordinates":[[[32.8446837,39.8697889],[32.8447263,39.8698774],[32.8450431,39.8698154],[32.844974,39.8696927],[32.8446837,39.8697889]]]}},{"type":"Feature","properties":{"building":"yes","source":"Bing","osm_id":271815253},"geometry":{"type":"Polygon","coordinates":[[[32.8428611,39.869457],[32.8429352,39.869575],[32.8432057,39.8694749],[32.8431317,39.869357],[32.8428611,39.869457]]]}},{"type":"Feature","properties":{"building":"yes","source":"Bing","osm_id":271815254},"geometry":{"type":"Polygon","coordinates":[[[32.8359597,39.8652229],[32.8360306,39.8653482],[32.8362111,39.8652881],[32.8361402,39.8651627],[32.8359597,39.8652229]]]}},{"type":"Feature","properties":{"building":"yes","source":"Bing","osm_id":271815255},"geometry":{"type":"Polygon","coordinates":[[[32.8396088,39.8700151],[32.8397721,39.870221],[32.8399291,39.8701476],[32.8397658,39.8699417],[32.8396088,39.8700151]]]}},{"type":"Feature","properties":{"building":"yes","source":"Bing","osm_id":271815256},"geometry":{"type":"Polygon","coordinates":[[[32.8391795,39.8702138],[32.8392574,39.8703343],[32.8395256,39.8702323],[32.8394478,39.8701117],[32.8391795,39.8702138]]]}},{"type":"Feature","properties":{"building":"yes","source":"Bing","osm_id":271815257},"geometry":{"type":"Polygon","coordinates":[[[32.8428974,39.8703787],[32.8429915,39.8706054],[32.843158,39.8705647],[32.8430639,39.870338],[32.8428974,39.8703787]]]}},{"type":"Feature","properties":{"building":"yes","source":"Bing","osm_id":271815259},"geometry":{"type":"Polygon","coordinates":[[[32.8360752,39.8669616],[32.836173,39.8670828],[32.8364367,39.8669574],[32.8363388,39.8668362],[32.8360752,39.8669616]]]}},{"type":"Feature","properties":{"building":"yes","source":"Bing","osm_id":271815261},"geometry":{"type":"Polygon","coordinates":[[[32.8367119,39.8663513],[32.8369264,39.8662614],[32.8368101,39.866098],[32.8365957,39.8661879],[32.8367119,39.8663513]]]}},{"type":"Feature","properties":{"building":"yes","source":"Bing","osm_id":271815262},"geometry":{"type":"Polygon","coordinates":[[[32.8423893,39.8709941],[32.8425032,39.8711802],[32.8427238,39.8711007],[32.84261,39.8709146],[32.8423893,39.8709941]]]}},{"type":"Feature","properties":{"building":"yes","source":"Bing","osm_id":271815263},"geometry":{"type":"Polygon","coordinates":[[[32.8431943,39.8690683],[32.8432542,39.8691618],[32.8435396,39.8690542],[32.8434797,39.8689607],[32.8431943,39.8690683]]]}},{"type":"Feature","properties":{"building":"yes","source":"Bing","osm_id":271815264},"geometry":{"type":"Polygon","coordinates":[[[32.8347047,39.8655253],[32.8349812,39.865434],[32.8349128,39.8653121],[32.8346363,39.8654034],[32.8347047,39.8655253]]]}},{"type":"Feature","properties":{"building":"yes","source":"Bing","osm_id":271815265},"geometry":{"type":"Polygon","coordinates":[[[32.8364618,39.8649182],[32.8366729,39.8648376],[32.8366065,39.8647351],[32.8363954,39.8648157],[32.8364618,39.8649182]]]}},{"type":"Feature","properties":{"building":"yes","source":"Bing","osm_id":271815266},"geometry":{"type":"Polygon","coordinates":[[[32.8406073,39.8687581],[32.8407659,39.8689622],[32.8409137,39.8688946],[32.840755,39.8686904],[32.8406073,39.8687581]]]}},{"type":"Feature","properties":{"building":"yes","source":"Bing","osm_id":271815267},"geometry":{"type":"Polygon","coordinates":[[[32.8440588,39.8705585],[32.8441099,39.8707877],[32.8442706,39.8707666],[32.8442195,39.8705374],[32.8440588,39.8705585]]]}},{"type":"Feature","properties":{"building":"yes","source":"Bing","osm_id":271815271},"geometry":{"type":"Polygon","coordinates":[[[32.8399751,39.8694779],[32.8401314,39.8696802],[32.840269,39.8696176],[32.8401127,39.8694153],[32.8399751,39.8694779]]]}},{"type":"Feature","properties":{"building":"yes","source":"Bing","osm_id":271815273},"geometry":{"type":"Polygon","coordinates":[[[32.8423118,39.8701774],[32.8424273,39.8704053],[32.8426273,39.8703456],[32.8425119,39.8701177],[32.8423118,39.8701774]]]}},{"type":"Feature","properties":{"building":"yes","source":"Bing","osm_id":271815274},"geometry":{"type":"Polygon","coordinates":[[[32.8337957,39.8642599],[32.83405,39.8641955],[32.8339804,39.8640337],[32.8337261,39.8640981],[32.8337957,39.8642599]]]}},{"type":"Feature","properties":{"building":"yes","source":"Bing","osm_id":271815276},"geometry":{"type":"Polygon","coordinates":[[[32.8365301,39.8675865],[32.836604,39.8676937],[32.8368466,39.8675952],[32.8367727,39.867488],[32.8365301,39.8675865]]]}},{"type":"Feature","properties":{"building":"yes","source":"Bing","osm_id":271815277},"geometry":{"type":"Polygon","coordinates":[[[32.8430541,39.8695887],[32.8431911,39.8697874],[32.8433778,39.8697117],[32.8432408,39.8695129],[32.8430541,39.8695887]]]}},{"type":"Feature","properties":{"building":"yes","source":"Bing","osm_id":271815279},"geometry":{"type":"Polygon","coordinates":[[[32.8356051,39.8662835],[32.8357004,39.8664074],[32.8359454,39.8662964],[32.8358501,39.8661725],[32.8356051,39.8662835]]]}},{"type":"Feature","properties":{"building":"yes","source":"Bing","osm_id":271815281},"geometry":{"type":"Polygon","coordinates":[[[32.8337679,39.8651659],[32.8338337,39.8653023],[32.8340227,39.8652485],[32.8339569,39.8651122],[32.8337679,39.8651659]]]}},{"type":"Feature","properties":{"building":"yes","source":"Bing","osm_id":271815282},"geometry":{"type":"Polygon","coordinates":[[[32.8439136,39.8694659],[32.8439893,39.8695898],[32.8442813,39.8694847],[32.8442056,39.8693608],[32.8439136,39.8694659]]]}},{"type":"Feature","properties":{"building":"yes","source":"Bing","osm_id":271815283},"geometry":{"type":"Polygon","coordinates":[[[32.8446639,39.8706866],[32.8446599,39.8708809],[32.8449717,39.8708442],[32.844979,39.8706904],[32.8446639,39.8706866]]]}},{"type":"Feature","properties":{"building":"yes","source":"Bing","osm_id":271815284},"geometry":{"type":"Polygon","coordinates":[[[32.8365387,39.8652763],[32.8366365,39.8654412],[32.8369467,39.8653328],[32.836849,39.865168],[32.8365387,39.8652763]]]}},{"type":"Feature","properties":{"building":"yes","source":"Bing","osm_id":271815286},"geometry":{"type":"Polygon","coordinates":[[[32.8403647,39.8696856],[32.8405233,39.8698951],[32.8408354,39.8697559],[32.8406768,39.8695464],[32.8403647,39.8696856]]]}},{"type":"Feature","properties":{"building":"yes","source":"Bing","osm_id":271815288},"geometry":{"type":"Polygon","coordinates":[[[32.8347677,39.8657214],[32.8350348,39.8656336],[32.834957,39.865494],[32.8346898,39.8655817],[32.8347677,39.8657214]]]}},{"type":"Feature","properties":{"building":"yes","source":"Bing","osm_id":271815290},"geometry":{"type":"Polygon","coordinates":[[[32.8335438,39.8646199],[32.8336681,39.8648897],[32.8339714,39.8648073],[32.833847,39.8645375],[32.8335438,39.8646199]]]}},{"type":"Feature","properties":{"building":"yes","source":"Bing","osm_id":271815291},"geometry":{"type":"Polygon","coordinates":[[[32.8424108,39.8695912],[32.8424785,39.8696927],[32.8427556,39.8695838],[32.8426879,39.8694823],[32.8424108,39.8695912]]]}},{"type":"Feature","properties":{"building":"yes","source":"Bing","osm_id":271815292},"geometry":{"type":"Polygon","coordinates":[[[32.8397791,39.8695603],[32.8399331,39.8697644],[32.8400837,39.8696974],[32.8399297,39.8694933],[32.8397791,39.8695603]]]}},{"type":"Feature","properties":{"building":"yes","source":"Bing","osm_id":271815293},"geometry":{"type":"Polygon","coordinates":[[[32.8435375,39.8702369],[32.8436117,39.8704661],[32.8437818,39.8704337],[32.8437075,39.8702045],[32.8435375,39.8702369]]]}},{"type":"Feature","properties":{"building":"yes","source":"Bing","osm_id":271815295},"geometry":{"type":"Polygon","coordinates":[[[32.8414401,39.8684913],[32.8415358,39.8687205],[32.8417274,39.8686734],[32.8416318,39.8684442],[32.8414401,39.8684913]]]}},{"type":"Feature","properties":{"building":"yes","source":"Bing","osm_id":271815296},"geometry":{"type":"Polygon","coordinates":[[[32.8369198,39.8658967],[32.8369947,39.866016],[32.8372207,39.8659325],[32.8371458,39.8658132],[32.8369198,39.8658967]]]}},{"type":"Feature","properties":{"building":"yes","source":"Bing","osm_id":271815297},"geometry":{"type":"Polygon","coordinates":[[[32.843041,39.8707573],[32.8431531,39.8709865],[32.8433012,39.8709438],[32.843189,39.8707146],[32.843041,39.8707573]]]}},{"type":"Feature","properties":{"building":"yes","source":"Bing","osm_id":271815301},"geometry":{"type":"Polygon","coordinates":[[[32.8354675,39.8660785],[32.8355903,39.8662404],[32.8358248,39.8661357],[32.8357019,39.8659737],[32.8354675,39.8660785]]]}},{"type":"Feature","properties":{"building":"yes","source":"Bing","osm_id":271815302},"geometry":{"type":"Polygon","coordinates":[[[32.8338508,39.8653522],[32.8339269,39.8654916],[32.8341217,39.8654289],[32.8340456,39.8652895],[32.8338508,39.8653522]]]}},{"type":"Feature","properties":{"building":"yes","source":"Bing","osm_id":271815303},"geometry":{"type":"Polygon","coordinates":[[[32.843841,39.8693342],[32.8439015,39.8694309],[32.8441902,39.8693246],[32.8441297,39.8692278],[32.843841,39.8693342]]]}},{"type":"Feature","properties":{"building":"yes","source":"Bing","osm_id":271815305},"geometry":{"type":"Polygon","coordinates":[[[32.84184,39.8695887],[32.8421089,39.8694823],[32.8420371,39.8693754],[32.8417682,39.8694818],[32.84184,39.8695887]]]}},{"type":"Feature","properties":{"building":"yes","source":"Bing","osm_id":271815306},"geometry":{"type":"Polygon","coordinates":[[[32.8407286,39.869537],[32.8408826,39.8697447],[32.8410611,39.8696667],[32.8409071,39.869459],[32.8407286,39.869537]]]}},{"type":"Feature","properties":{"addr:city":"Ankara","addr:housenumber":"9","addr:postcode":"06450","addr:street":"772. Sok.","building":"house","name":"Derya Apt.","source":"Bing","osm_id":271815308},"geometry":{"type":"Polygon","coordinates":[[[32.843003,39.8700002],[32.8430805,39.8702154],[32.8434252,39.8701423],[32.8433476,39.869927],[32.843003,39.8700002]]]}},{"type":"Feature","properties":{"building":"yes","source":"Bing","osm_id":271815310},"geometry":{"type":"Polygon","coordinates":[[[32.8334084,39.8641722],[32.8335473,39.8645077],[32.833797,39.8644468],[32.8336581,39.8641113],[32.8334084,39.8641722]]]}},{"type":"Feature","properties":{"building":"yes","source":"Bing","osm_id":271815311},"geometry":{"type":"Polygon","coordinates":[[[32.8358388,39.8673339],[32.8359375,39.8674467],[32.8361734,39.8673252],[32.8360747,39.8672124],[32.8358388,39.8673339]]]}},{"type":"Feature","properties":{"building":"yes","source":"Bing","osm_id":271815312},"geometry":{"type":"Polygon","coordinates":[[[32.8423283,39.869457],[32.8423933,39.8695617],[32.8426771,39.8694579],[32.842612,39.8693532],[32.8423283,39.869457]]]}},{"type":"Feature","properties":{"building":"yes","source":"Bing","osm_id":271815315},"geometry":{"type":"Polygon","coordinates":[[[32.8342042,39.8656208],[32.8340076,39.8656901],[32.8341125,39.8658655],[32.8343092,39.8657962],[32.8342042,39.8656208]]]}},{"type":"Feature","properties":{"building":"yes","source":"Bing","osm_id":271815316},"geometry":{"type":"Polygon","coordinates":[[[32.8342182,39.8654202],[32.8343442,39.8656485],[32.8344814,39.8656039],[32.8343554,39.8653756],[32.8342182,39.8654202]]]}},{"type":"Feature","properties":{"building":"yes","source":"Bing","osm_id":271815317},"geometry":{"type":"Polygon","coordinates":[[[32.8445237,39.8695167],[32.8446641,39.8697516],[32.8449445,39.8696528],[32.8448041,39.869418],[32.8445237,39.8695167]]]}},{"type":"Feature","properties":{"building":"yes","source":"Bing","osm_id":271815318},"geometry":{"type":"Polygon","coordinates":[[[32.8415381,39.8689013],[32.8416734,39.8691108],[32.8418584,39.8690405],[32.8417231,39.868831],[32.8415381,39.8689013]]]}},{"type":"Feature","properties":{"building":"yes","source":"Bing","osm_id":271815321},"geometry":{"type":"Polygon","coordinates":[[[32.8361296,39.8655875],[32.8363556,39.8655141],[32.8362535,39.865329],[32.8360275,39.8654025],[32.8361296,39.8655875]]]}},{"type":"Feature","properties":{"building":"yes","source":"Bing","osm_id":271815322},"geometry":{"type":"Polygon","coordinates":[[[32.836283,39.8650406],[32.8363952,39.8652419],[32.8365423,39.8651936],[32.8364302,39.8649923],[32.836283,39.8650406]]]}},{"type":"Feature","properties":{"building":"yes","source":"Bing","osm_id":271815325},"geometry":{"type":"Polygon","coordinates":[[[32.8397978,39.8699363],[32.8399541,39.8701422],[32.8401094,39.8700727],[32.8399531,39.8698668],[32.8397978,39.8699363]]]}},{"type":"Feature","properties":{"building":"yes","source":"Bing","osm_id":271815326},"geometry":{"type":"Polygon","coordinates":[[[32.8426797,39.8704344],[32.8427886,39.8706611],[32.8429683,39.8706102],[32.8428595,39.8703836],[32.8426797,39.8704344]]]}},{"type":"Feature","properties":{"building":"yes","source":"Bing","osm_id":271815328},"geometry":{"type":"Polygon","coordinates":[[[32.8418581,39.869633],[32.8420132,39.8698545],[32.8422828,39.8697434],[32.8421278,39.8695218],[32.8418581,39.869633]]]}},{"type":"Feature","properties":{"building":"yes","source":"Bing","osm_id":271815330},"geometry":{"type":"Polygon","coordinates":[[[32.8361725,39.866193],[32.8362521,39.8663185],[32.8365062,39.8662235],[32.8364265,39.8660981],[32.8361725,39.866193]]]}},{"type":"Feature","properties":{"building":"yes","source":"Bing","osm_id":271815331},"geometry":{"type":"Polygon","coordinates":[[[32.8432669,39.8691911],[32.8433321,39.8692935],[32.8436291,39.8691821],[32.8435639,39.8690797],[32.8432669,39.8691911]]]}},{"type":"Feature","properties":{"building":"yes","source":"Bing","osm_id":271815332},"geometry":{"type":"Polygon","coordinates":[[[32.8362845,39.8646146],[32.8363964,39.8647785],[32.8365609,39.8647122],[32.836449,39.8645484],[32.8362845,39.8646146]]]}},{"type":"Feature","properties":{"building":"yes","source":"Bing","osm_id":271815333},"geometry":{"type":"Polygon","coordinates":[[[32.8427655,39.8700584],[32.8428595,39.8702812],[32.8430245,39.8702402],[32.8429305,39.8700174],[32.8427655,39.8700584]]]}},{"type":"Feature","properties":{"building":"yes","source":"Bing","osm_id":271815335},"geometry":{"type":"Polygon","coordinates":[[[32.8408033,39.8686883],[32.8409386,39.8688977],[32.8410993,39.8688366],[32.840964,39.8686271],[32.8408033,39.8686883]]]}},{"type":"Feature","properties":{"building":"yes","source":"Bing","osm_id":271815336},"geometry":{"type":"Polygon","coordinates":[[[32.834388,39.8649693],[32.8344655,39.8651297],[32.8346199,39.8650857],[32.8345858,39.8650152],[32.8347405,39.8649711],[32.8346971,39.8648813],[32.834388,39.8649693]]]}},{"type":"Feature","properties":{"building":"yes","source":"Bing","osm_id":271815338},"geometry":{"type":"Polygon","coordinates":[[[32.8365332,39.8649506],[32.8365665,39.865005],[32.8365544,39.8650094],[32.8366146,39.865108],[32.8366262,39.8651039],[32.8366609,39.8651608],[32.8368184,39.8651041],[32.8366902,39.8648941],[32.8365332,39.8649506]]]}},{"type":"Feature","properties":{"building":"yes","source":"Bing","osm_id":271815339},"geometry":{"type":"Polygon","coordinates":[[[32.8360231,39.8649534],[32.8358959,39.8649972],[32.8359026,39.8650086],[32.8358469,39.8650278],[32.8359233,39.8651586],[32.8359761,39.8651404],[32.8359823,39.8651512],[32.8361125,39.8651063],[32.8360231,39.8649534]]]}},{"type":"Feature","properties":{"building":"yes","source":"Bing","osm_id":271815340},"geometry":{"type":"Polygon","coordinates":[[[32.8354075,39.8665203],[32.8354754,39.8664858],[32.8354714,39.8664812],[32.835626,39.8664027],[32.8355017,39.8662584],[32.8353432,39.8663389],[32.8353377,39.8663327],[32.8352737,39.8663652],[32.8354075,39.8665203]]]}},{"type":"Feature","properties":{"building":"yes","source":"Bing","osm_id":271815342},"geometry":{"type":"Polygon","coordinates":[[[32.8356423,39.8664551],[32.8355687,39.8664924],[32.8355791,39.8665046],[32.8354574,39.8665663],[32.8355822,39.8667113],[32.8357053,39.8666489],[32.8357151,39.8666603],[32.8357874,39.8666236],[32.8356423,39.8664551]]]}},{"type":"Feature","properties":{"building":"yes","source":"Bing","osm_id":271815344},"geometry":{"type":"Polygon","coordinates":[[[32.8347662,39.8648636],[32.8348011,39.8649425],[32.8348405,39.8649322],[32.8348588,39.8649736],[32.8349468,39.8649507],[32.8349538,39.8649665],[32.8351854,39.8649062],[32.8351253,39.8647701],[32.8347662,39.8648636]]]}},{"type":"Feature","properties":{"building":"yes","source":"Bing","osm_id":272535623},"geometry":{"type":"Polygon","coordinates":[[[32.8348838,39.8626584],[32.8351261,39.8625841],[32.8351845,39.8626965],[32.8351472,39.862708],[32.8351912,39.8627924],[32.8350369,39.8628397],[32.8350202,39.8628076],[32.8349985,39.8628143],[32.8349733,39.8627658],[32.8349443,39.8627747],[32.8348838,39.8626584]]]}},{"type":"Feature","properties":{"building":"yes","source":"Bing","osm_id":272535624},"geometry":{"type":"Polygon","coordinates":[[[32.8353379,39.8639721],[32.8355674,39.8639074],[32.8356073,39.863991],[32.8355902,39.8639958],[32.8356335,39.8640864],[32.8355744,39.864103],[32.8355796,39.8641139],[32.8354662,39.8641459],[32.8354343,39.8640791],[32.8354082,39.8640865],[32.8353873,39.8640429],[32.8353737,39.8640468],[32.8353379,39.8639721]]]}},{"type":"Feature","properties":{"building":"yes","source":"Bing","osm_id":272535625},"geometry":{"type":"Polygon","coordinates":[[[32.837005,39.8627504],[32.8370149,39.8628075],[32.8370272,39.8628062],[32.837042,39.8628918],[32.8370314,39.8628929],[32.8370405,39.8629451],[32.8372088,39.862928],[32.8372008,39.8628813],[32.8372419,39.8628772],[32.8372242,39.8627747],[32.8371905,39.8627782],[32.8371825,39.8627323],[32.837005,39.8627504]]]}},{"type":"Feature","properties":{"building":"yes","source":"Bing","osm_id":272535626},"geometry":{"type":"Polygon","coordinates":[[[32.8358065,39.862643],[32.8359223,39.8628447],[32.8360218,39.8628111],[32.8360135,39.8627967],[32.8360873,39.8627717],[32.8360668,39.8627361],[32.8361367,39.8627125],[32.8360628,39.8625838],[32.8359721,39.8626145],[32.835964,39.8626005],[32.8359285,39.8626125],[32.8359233,39.8626035],[32.8358065,39.862643]]]}},{"type":"Feature","properties":{"building":"yes","source":"Bing","osm_id":272535627},"geometry":{"type":"Polygon","coordinates":[[[32.8382731,39.8691043],[32.8383022,39.8689231],[32.8383562,39.8689282],[32.8383546,39.8689379],[32.8384009,39.8689422],[32.8383992,39.8689529],[32.838511,39.8689635],[32.8384875,39.8691094],[32.838364,39.8690977],[32.8383633,39.869102],[32.8383309,39.8690989],[32.8383292,39.8691096],[32.8382731,39.8691043]]]}},{"type":"Feature","properties":{"building":"yes","source":"Bing","osm_id":272535628},"geometry":{"type":"Polygon","coordinates":[[[32.837307,39.8630136],[32.8373322,39.8631421],[32.8373772,39.8631369],[32.8373791,39.8631464],[32.8374954,39.8631329],[32.8374861,39.8630853],[32.8375146,39.863082],[32.8374965,39.8629893],[32.8374085,39.8629994],[32.8374067,39.8629901],[32.8373474,39.862997],[32.8373497,39.8630087],[32.837307,39.8630136]]]}},{"type":"Feature","properties":{"building":"yes","source":"Bing","osm_id":272535629},"geometry":{"type":"Polygon","coordinates":[[[32.8355783,39.8628477],[32.8356468,39.8629676],[32.8357343,39.8629382],[32.8357292,39.8629292],[32.8357789,39.8629125],[32.8357848,39.8629228],[32.8358574,39.8628983],[32.8357884,39.8627775],[32.8357606,39.8627869],[32.8357168,39.8627103],[32.8355743,39.8627583],[32.8356178,39.8628344],[32.8355783,39.8628477]]]}},{"type":"Feature","properties":{"building":"yes","source":"Bing","osm_id":272535630},"geometry":{"type":"Polygon","coordinates":[[[32.8383741,39.8667156],[32.8384144,39.8667483],[32.8383616,39.8667867],[32.8384165,39.8668312],[32.8383949,39.8668469],[32.8384671,39.8669054],[32.8385265,39.8668622],[32.838539,39.8668724],[32.8385603,39.8668569],[32.8385759,39.8668696],[32.8386091,39.8668455],[32.8386207,39.8668549],[32.8386846,39.8668084],[32.8386645,39.8667921],[32.8386721,39.8667866],[32.8384851,39.866635],[32.8383741,39.8667156]]]}},{"type":"Feature","properties":{"building":"yes","source":"Bing","osm_id":272535631},"geometry":{"type":"Polygon","coordinates":[[[32.8350302,39.8641471],[32.8351121,39.8642985],[32.8351566,39.8642843],[32.835166,39.8643018],[32.83527,39.8642687],[32.8352829,39.8642924],[32.8353797,39.8642615],[32.8353689,39.8642414],[32.8354099,39.8642284],[32.8353022,39.8640294],[32.8352544,39.8640447],[32.8352446,39.8640264],[32.8351537,39.8640554],[32.835166,39.8640781],[32.8350596,39.864112],[32.8350714,39.864134],[32.8350302,39.8641471]]]}},{"type":"Feature","properties":{"building":"yes","source":"Bing","osm_id":272535632},"geometry":{"type":"Polygon","coordinates":[[[32.8349617,39.8635936],[32.8350065,39.8635612],[32.8350163,39.8635692],[32.8351192,39.8634947],[32.8349813,39.8633826],[32.8348792,39.8634564],[32.8348894,39.8634647],[32.8348472,39.8634953],[32.8347964,39.863454],[32.8347355,39.8634981],[32.8347433,39.8635044],[32.8347218,39.86352],[32.8347426,39.8635369],[32.8347034,39.8635653],[32.8348618,39.8636942],[32.8348972,39.8636685],[32.8349216,39.8636883],[32.8349412,39.8636741],[32.8349514,39.8636823],[32.8350145,39.8636366],[32.8349617,39.8635936]]]}},{"type":"Feature","properties":{"building":"yes","source":"Bing","osm_id":272535633},"geometry":{"type":"Polygon","coordinates":[[[32.8382123,39.8692275],[32.8382065,39.869296],[32.8382353,39.869296],[32.8382353,39.869285],[32.8383418,39.8692997],[32.8383782,39.8693203],[32.8383878,39.8693078],[32.8384223,39.8693092],[32.8384741,39.8692334],[32.8384846,39.8692364],[32.8384933,39.8691716],[32.8383696,39.8691532],[32.8383561,39.8691436],[32.8383226,39.86914],[32.8383197,39.8691525],[32.8382986,39.8691517],[32.8382948,39.8691834],[32.8382717,39.8691841],[32.8382602,39.8691701],[32.8382123,39.8692106],[32.8382123,39.8692275]]]}},{"type":"Feature","properties":{"building":"yes","source":"Bing","osm_id":272535634},"geometry":{"type":"Polygon","coordinates":[[[32.8357991,39.8633237],[32.8358449,39.8633576],[32.8358346,39.8633657],[32.83594,39.8634437],[32.8360842,39.8633288],[32.8359797,39.8632515],[32.835969,39.86326],[32.8359258,39.863228],[32.8359789,39.8631857],[32.8359166,39.8631395],[32.8359084,39.863146],[32.8358864,39.8631298],[32.8358646,39.8631471],[32.8358245,39.8631174],[32.8356588,39.8632493],[32.8356951,39.8632762],[32.8356697,39.8632965],[32.8356898,39.8633114],[32.8356792,39.8633198],[32.8357438,39.8633677],[32.8357991,39.8633237]]]}},{"type":"Feature","properties":{"building":"yes","source":"Bing","osm_id":272535637},"geometry":{"type":"Polygon","coordinates":[[[32.8348921,39.8624638],[32.8350205,39.862432],[32.8349438,39.8622495],[32.8348153,39.8622813],[32.8348921,39.8624638]]]}},{"type":"Feature","properties":{"building":"yes","source":"Bing","osm_id":272535639},"geometry":{"type":"Polygon","coordinates":[[[32.8358266,39.862581],[32.8361006,39.8624998],[32.8360163,39.8623322],[32.8357423,39.8624134],[32.8358266,39.862581]]]}},{"type":"Feature","properties":{"building":"yes","source":"Bing","osm_id":272535640},"geometry":{"type":"Polygon","coordinates":[[[32.8341728,39.8621576],[32.8342261,39.8623447],[32.8345157,39.8622961],[32.8344624,39.862109],[32.8341728,39.8621576]]]}},{"type":"Feature","properties":{"building":"yes","source":"Bing","osm_id":272535641},"geometry":{"type":"Polygon","coordinates":[[[32.8371999,39.8669991],[32.8373168,39.867117],[32.8375259,39.8669948],[32.8374089,39.8668769],[32.8371999,39.8669991]]]}},{"type":"Feature","properties":{"building":"yes","source":"Bing","osm_id":272535642},"geometry":{"type":"Polygon","coordinates":[[[32.8369697,39.8672994],[32.837221,39.8671404],[32.8371226,39.8670488],[32.8368713,39.8672078],[32.8369697,39.8672994]]]}},{"type":"Feature","properties":{"building":"yes","source":"Bing","osm_id":272535644},"geometry":{"type":"Polygon","coordinates":[[[32.8372299,39.8624254],[32.8374582,39.8624107],[32.8374423,39.8622655],[32.837214,39.8622803],[32.8372299,39.8624254]]]}},{"type":"Feature","properties":{"building":"yes","source":"Bing","osm_id":272535646},"geometry":{"type":"Polygon","coordinates":[[[32.8350685,39.8624167],[32.835245,39.8623726],[32.8351777,39.8622143],[32.8350013,39.8622584],[32.8350685,39.8624167]]]}},{"type":"Feature","properties":{"building":"yes","source":"Bing","osm_id":272535647},"geometry":{"type":"Polygon","coordinates":[[[32.8369307,39.8623974],[32.8371499,39.8623768],[32.8371115,39.8621368],[32.8368923,39.8621574],[32.8369307,39.8623974]]]}},{"type":"Feature","properties":{"building":"yes","source":"Bing","osm_id":272535648},"geometry":{"type":"Polygon","coordinates":[[[32.8349477,39.8621297],[32.8351273,39.8620904],[32.8350679,39.86193],[32.8348882,39.8619692],[32.8349477,39.8621297]]]}},{"type":"Feature","properties":{"building":"yes","source":"Bing","osm_id":272535649},"geometry":{"type":"Polygon","coordinates":[[[32.8348746,39.8632014],[32.8351051,39.8631327],[32.8350207,39.8629657],[32.8347901,39.8630344],[32.8348746,39.8632014]]]}},{"type":"Feature","properties":{"building":"yes","source":"Bing","osm_id":272535650},"geometry":{"type":"Polygon","coordinates":[[[32.8353888,39.8611595],[32.8356477,39.8611138],[32.835603,39.8609644],[32.8353441,39.8610101],[32.8353888,39.8611595]]]}},{"type":"Feature","properties":{"building":"yes","source":"Bing","osm_id":272535651},"geometry":{"type":"Polygon","coordinates":[[[32.8355,39.8613243],[32.8357724,39.8612817],[32.8357338,39.8611367],[32.8354615,39.8611794],[32.8355,39.8613243]]]}},{"type":"Feature","properties":{"building":"yes","source":"Bing","osm_id":272535652},"geometry":{"type":"Polygon","coordinates":[[[32.8371129,39.8631762],[32.8371157,39.8633543],[32.837436,39.8633513],[32.8374332,39.8631733],[32.8371129,39.8631762]]]}},{"type":"Feature","properties":{"building":"yes","source":"Bing","osm_id":272535653},"geometry":{"type":"Polygon","coordinates":[[[32.8351621,39.863116],[32.8353682,39.8630473],[32.8352799,39.8628912],[32.8350737,39.8629599],[32.8351621,39.863116]]]}},{"type":"Feature","properties":{"building":"yes","source":"Bing","osm_id":272535654},"geometry":{"type":"Polygon","coordinates":[[[32.8369716,39.8673642],[32.837118,39.8674896],[32.8373021,39.867363],[32.8371558,39.8672376],[32.8369716,39.8673642]]]}},{"type":"Feature","properties":{"building":"yes","source":"Bing","osm_id":272535655},"geometry":{"type":"Polygon","coordinates":[[[32.8353028,39.863804],[32.8355646,39.8637206],[32.835456,39.8635199],[32.8351942,39.8636033],[32.8353028,39.863804]]]}},{"type":"Feature","properties":{"building":"yes","source":"Bing","osm_id":272535656},"geometry":{"type":"Polygon","coordinates":[[[32.8383106,39.8688646],[32.8385628,39.868898],[32.8385995,39.8687343],[32.8383473,39.868701],[32.8383106,39.8688646]]]}},{"type":"Feature","properties":{"building":"yes","source":"Bing","osm_id":272535657},"geometry":{"type":"Polygon","coordinates":[[[32.8352833,39.8623505],[32.8354579,39.8623062],[32.8353831,39.8621325],[32.8352085,39.8621768],[32.8352833,39.8623505]]]}},{"type":"Feature","properties":{"building":"yes","source":"Bing","osm_id":272535658},"geometry":{"type":"Polygon","coordinates":[[[32.8346811,39.8625257],[32.8348518,39.8624839],[32.8347808,39.8623131],[32.8346101,39.8623549],[32.8346811,39.8625257]]]}},{"type":"Feature","properties":{"building":"yes","source":"Bing","osm_id":272535659},"geometry":{"type":"Polygon","coordinates":[[[32.8350704,39.8615628],[32.8353389,39.8615202],[32.8352998,39.8613751],[32.8350313,39.8614178],[32.8350704,39.8615628]]]}},{"type":"Feature","properties":{"building":"yes","source":"Bing","osm_id":272535660},"geometry":{"type":"Polygon","coordinates":[[[32.8351241,39.8617645],[32.8354406,39.8617174],[32.8354035,39.8615708],[32.8350871,39.8616179],[32.8351241,39.8617645]]]}},{"type":"Feature","properties":{"building":"yes","source":"Bing","osm_id":272535661},"geometry":{"type":"Polygon","coordinates":[[[32.8375278,39.8666399],[32.8376332,39.8667469],[32.8378921,39.8665968],[32.8377868,39.8664897],[32.8375278,39.8666399]]]}},{"type":"Feature","properties":{"building":"yes","source":"Bing","osm_id":272535662},"geometry":{"type":"Polygon","coordinates":[[[32.8371705,39.8622546],[32.8373987,39.8622325],[32.8373764,39.8620965],[32.8371481,39.8621185],[32.8371705,39.8622546]]]}},{"type":"Feature","properties":{"building":"yes","source":"Bing","osm_id":272535663},"geometry":{"type":"Polygon","coordinates":[[[32.8364454,39.8620214],[32.8366166,39.8619929],[32.8365668,39.8618163],[32.8363955,39.8618448],[32.8364454,39.8620214]]]}},{"type":"Feature","properties":{"building":"yes","source":"Bing","osm_id":272535664},"geometry":{"type":"Polygon","coordinates":[[[32.8360733,39.8642742],[32.8362497,39.8642269],[32.8361236,39.86395],[32.8359471,39.8639973],[32.8360733,39.8642742]]]}},{"type":"Feature","properties":{"building":"yes","source":"Bing","osm_id":272535665},"geometry":{"type":"Polygon","coordinates":[[[32.8375931,39.8698681],[32.8378305,39.8699347],[32.8379188,39.8697493],[32.8376815,39.8696827],[32.8375931,39.8698681]]]}},{"type":"Feature","properties":{"building":"yes","source":"Bing","osm_id":272535666},"geometry":{"type":"Polygon","coordinates":[[[32.8346874,39.8628829],[32.8348881,39.8628225],[32.8348171,39.8626833],[32.8346164,39.8627437],[32.8346874,39.8628829]]]}},{"type":"Feature","properties":{"building":"yes","source":"Bing","osm_id":272535667},"geometry":{"type":"Polygon","coordinates":[[[32.8365024,39.8631711],[32.8368333,39.8631701],[32.8368325,39.863015],[32.8365016,39.863016],[32.8365024,39.8631711]]]}},{"type":"Feature","properties":{"building":"yes","source":"Bing","osm_id":272535668},"geometry":{"type":"Polygon","coordinates":[[[32.8370343,39.8633911],[32.8370354,39.8635147],[32.8373097,39.8635132],[32.8373085,39.8633897],[32.8370343,39.8633911]]]}},{"type":"Feature","properties":{"building":"yes","source":"Bing","osm_id":272535669},"geometry":{"type":"Polygon","coordinates":[[[32.8351586,39.8620678],[32.8353504,39.862031],[32.8353006,39.8618779],[32.8351088,39.8619147],[32.8351586,39.8620678]]]}},{"type":"Feature","properties":{"building":"yes","source":"Bing","osm_id":272535670},"geometry":{"type":"Polygon","coordinates":[[[32.8366526,39.8620303],[32.8368437,39.8620054],[32.8368034,39.8618229],[32.8366123,39.8618477],[32.8366526,39.8620303]]]}},{"type":"Feature","properties":{"building":"yes","source":"Bing","osm_id":272535671},"geometry":{"type":"Polygon","coordinates":[[[32.8349027,39.8639165],[32.8351576,39.8638415],[32.8350956,39.8637171],[32.8348406,39.8637921],[32.8349027,39.8639165]]]}},{"type":"Feature","properties":{"building":"yes","source":"Bing","osm_id":272535672},"geometry":{"type":"Polygon","coordinates":[[[32.836081,39.8614311],[32.8363092,39.8613913],[32.8362633,39.8612358],[32.836035,39.8612756],[32.836081,39.8614311]]]}},{"type":"Feature","properties":{"building":"yes","source":"Bing","osm_id":272535673},"geometry":{"type":"Polygon","coordinates":[[[32.8356759,39.8640421],[32.8358793,39.8639838],[32.8358004,39.8638215],[32.835597,39.8638798],[32.8356759,39.8640421]]]}},{"type":"Feature","properties":{"building":"yes","source":"Bing","osm_id":272535674},"geometry":{"type":"Polygon","coordinates":[[[32.8381343,39.8697359],[32.838353,39.8697533],[32.8383802,39.8695524],[32.8381614,39.869535],[32.8381343,39.8697359]]]}},{"type":"Feature","properties":{"building":"yes","source":"Bing","osm_id":272535676},"geometry":{"type":"Polygon","coordinates":[[[32.8343435,39.8626331],[32.8346427,39.862561],[32.834555,39.8623467],[32.8342558,39.8624188],[32.8343435,39.8626331]]]}},{"type":"Feature","properties":{"building":"yes","source":"Bing","osm_id":272535678},"geometry":{"type":"Polygon","coordinates":[[[32.8352462,39.8627101],[32.8354659,39.8626413],[32.8353896,39.8624976],[32.8351699,39.8625663],[32.8352462,39.8627101]]]}},{"type":"Feature","properties":{"building":"yes","source":"Bing","osm_id":272535682},"geometry":{"type":"Polygon","coordinates":[[[32.8364427,39.8625018],[32.8364877,39.8627136],[32.8368037,39.862674],[32.8367587,39.8624622],[32.8364427,39.8625018]]]}},{"type":"Feature","properties":{"building":"yes","source":"Bing","osm_id":272535684},"geometry":{"type":"Polygon","coordinates":[[[32.8365037,39.8635917],[32.8365055,39.8637509],[32.8368229,39.8637488],[32.8368211,39.8635896],[32.8365037,39.8635917]]]}},{"type":"Feature","properties":{"building":"yes","source":"Bing","osm_id":272535687},"geometry":{"type":"Polygon","coordinates":[[[32.8371922,39.8676645],[32.8374626,39.8675246],[32.8373585,39.8674061],[32.8370881,39.8675459],[32.8371922,39.8676645]]]}},{"type":"Feature","properties":{"building":"yes","source":"Bing","osm_id":272535688},"geometry":{"type":"Polygon","coordinates":[[[32.8355825,39.8616909],[32.8358721,39.8616438],[32.8358295,39.8614895],[32.8355399,39.8615366],[32.8355825,39.8616909]]]}},{"type":"Feature","properties":{"building":"yes","source":"Bing","osm_id":272535689},"geometry":{"type":"Polygon","coordinates":[[[32.8376142,39.8668195],[32.8377298,39.866963],[32.8380462,39.8668129],[32.8379306,39.8666693],[32.8376142,39.8668195]]]}},{"type":"Feature","properties":{"building":"yes","source":"Bing","osm_id":272535690},"geometry":{"type":"Polygon","coordinates":[[[32.8369882,39.8627036],[32.8371683,39.8626861],[32.8371357,39.8624888],[32.8369556,39.8625063],[32.8369882,39.8627036]]]}},{"type":"Feature","properties":{"building":"yes","source":"Bing","osm_id":272535691},"geometry":{"type":"Polygon","coordinates":[[[32.8353447,39.8618897],[32.8353908,39.862043],[32.8355903,39.8620077],[32.8355442,39.8618543],[32.8353447,39.8618897]]]}},{"type":"Feature","properties":{"building":"yes","source":"Bing","osm_id":272535692},"geometry":{"type":"Polygon","coordinates":[[[32.8354924,39.8622931],[32.8356861,39.8622415],[32.8356153,39.8620848],[32.8354216,39.8621363],[32.8354924,39.8622931]]]}},{"type":"Feature","properties":{"building":"yes","source":"Bing","osm_id":272535693},"geometry":{"type":"Polygon","coordinates":[[[32.8384787,39.8700034],[32.8384923,39.8698212],[32.8387608,39.8698358],[32.8387432,39.8700003],[32.8384787,39.8700034]]]}},{"type":"Feature","properties":{"building":"yes","source":"Bing","osm_id":272535694},"geometry":{"type":"Polygon","coordinates":[[[32.8386171,39.8691634],[32.8388559,39.8691812],[32.8388789,39.868999],[32.8386401,39.8689812],[32.8386171,39.8691634]]]}},{"type":"Feature","properties":{"building":"yes","source":"Bing","osm_id":272535695},"geometry":{"type":"Polygon","coordinates":[[[32.8355403,39.8614995],[32.8358146,39.8614539],[32.8357758,39.8613165],[32.8355015,39.8613621],[32.8355403,39.8614995]]]}},{"type":"Feature","properties":{"building":"yes","source":"Bing","osm_id":272535696},"geometry":{"type":"Polygon","coordinates":[[[32.837758,39.8670065],[32.8378403,39.8671197],[32.8380877,39.8670137],[32.8380054,39.8669005],[32.837758,39.8670065]]]}},{"type":"Feature","properties":{"building":"yes","source":"Bing","osm_id":272535697},"geometry":{"type":"Polygon","coordinates":[[[32.837299,39.8628023],[32.837508,39.8627802],[32.8374837,39.8626443],[32.8372746,39.8626664],[32.837299,39.8628023]]]}},{"type":"Feature","properties":{"building":"yes","source":"Bing","osm_id":272535698},"geometry":{"type":"Polygon","coordinates":[[[32.837318,39.8629747],[32.8375357,39.8629512],[32.8375089,39.8628053],[32.8372912,39.8628289],[32.837318,39.8629747]]]}},{"type":"Feature","properties":{"building":"yes","source":"Bing","osm_id":272535699},"geometry":{"type":"Polygon","coordinates":[[[32.8361827,39.8618109],[32.8364358,39.8617711],[32.8363879,39.8615912],[32.8361347,39.8616309],[32.8361827,39.8618109]]]}},{"type":"Feature","properties":{"building":"yes","source":"Bing","osm_id":272535700},"geometry":{"type":"Polygon","coordinates":[[[32.8361903,39.861861],[32.8362594,39.8620847],[32.8364186,39.8620558],[32.8363496,39.861832],[32.8361903,39.861861]]]}},{"type":"Feature","properties":{"building":"yes","source":"Bing","osm_id":272535701},"geometry":{"type":"Polygon","coordinates":[[[32.8364703,39.8613648],[32.8366794,39.8613324],[32.8366388,39.8611779],[32.8364297,39.8612103],[32.8364703,39.8613648]]]}},{"type":"Feature","properties":{"building":"yes","source":"Bing","osm_id":272535703},"geometry":{"type":"Polygon","coordinates":[[[32.835897,39.8638016],[32.8359629,39.8639297],[32.8361745,39.8638651],[32.8361234,39.8637329],[32.835897,39.8638016]]]}},{"type":"Feature","properties":{"building":"yes","source":"Bing","osm_id":272535704},"geometry":{"type":"Polygon","coordinates":[[[32.8355267,39.864421],[32.8357126,39.8643722],[32.8356421,39.8642139],[32.8354562,39.8642628],[32.8355267,39.864421]]]}},{"type":"Feature","properties":{"building":"yes","source":"Bing","osm_id":272535706},"geometry":{"type":"Polygon","coordinates":[[[32.837311,39.8697723],[32.8375334,39.8698357],[32.8376256,39.8696452],[32.8374033,39.8695818],[32.837311,39.8697723]]]}},{"type":"Feature","properties":{"building":"yes","source":"Bing","osm_id":272535708},"geometry":{"type":"Polygon","coordinates":[[[32.8355066,39.8626476],[32.8357371,39.8625747],[32.8356567,39.8624248],[32.8354261,39.8624976],[32.8355066,39.8626476]]]}},{"type":"Feature","properties":{"building":"yes","source":"Bing","osm_id":272535711},"geometry":{"type":"Polygon","coordinates":[[[32.8363966,39.8623477],[32.8364274,39.8624759],[32.8367366,39.8624321],[32.8367058,39.862304],[32.8363966,39.8623477]]]}},{"type":"Feature","properties":{"building":"yes","source":"Bing","osm_id":272535713},"geometry":{"type":"Polygon","coordinates":[[[32.8344758,39.863014],[32.8346749,39.8629577],[32.83458,39.8627599],[32.8343809,39.8628162],[32.8344758,39.863014]]]}},{"type":"Feature","properties":{"building":"yes","source":"Bing","osm_id":272535714},"geometry":{"type":"Polygon","coordinates":[[[32.8374492,39.8673701],[32.8375387,39.8675575],[32.8377689,39.8674927],[32.8376794,39.8673053],[32.8374492,39.8673701]]]}},{"type":"Feature","properties":{"building":"yes","source":"Bing","osm_id":272535715},"geometry":{"type":"Polygon","coordinates":[[[32.836497,39.8633908],[32.8368265,39.8633866],[32.8368232,39.8632328],[32.8364937,39.8632369],[32.836497,39.8633908]]]}},{"type":"Feature","properties":{"building":"yes","source":"Bing","osm_id":272535716},"geometry":{"type":"Polygon","coordinates":[[[32.8356906,39.8637114],[32.8358633,39.8636545],[32.8357399,39.8634338],[32.8355672,39.8634907],[32.8356906,39.8637114]]]}},{"type":"Feature","properties":{"building":"yes","source":"Bing","osm_id":272535717},"geometry":{"type":"Polygon","coordinates":[[[32.8361232,39.8616033],[32.8364224,39.8615562],[32.8363836,39.8614108],[32.8360843,39.8614579],[32.8361232,39.8616033]]]}},{"type":"Feature","properties":{"building":"yes","source":"Bing","osm_id":272535718},"geometry":{"type":"Polygon","coordinates":[[[32.8346657,39.862246],[32.8348936,39.8621962],[32.8348226,39.8620048],[32.8345948,39.8620546],[32.8346657,39.862246]]]}},{"type":"Feature","properties":{"building":"yes","source":"Bing","osm_id":272535719},"geometry":{"type":"Polygon","coordinates":[[[32.8373667,39.867189],[32.8374963,39.86733],[32.8377111,39.8672137],[32.8375815,39.8670727],[32.8373667,39.867189]]]}},{"type":"Feature","properties":{"building":"yes","source":"Bing","osm_id":272535720},"geometry":{"type":"Polygon","coordinates":[[[32.8357551,39.8622077],[32.8360006,39.8621473],[32.8359358,39.861992],[32.8356903,39.8620524],[32.8357551,39.8622077]]]}},{"type":"Feature","properties":{"building":"yes","source":"Bing","osm_id":272535721},"geometry":{"type":"Polygon","coordinates":[[[32.8366008,39.8615385],[32.8368808,39.8614958],[32.8368409,39.8613415],[32.8365608,39.8613842],[32.8366008,39.8615385]]]}},{"type":"Feature","properties":{"building":"yes","source":"Bing","osm_id":272535722},"geometry":{"type":"Polygon","coordinates":[[[32.8350244,39.8613891],[32.8352872,39.8613508],[32.8352512,39.8612055],[32.8349885,39.8612438],[32.8350244,39.8613891]]]}},{"type":"Feature","properties":{"building":"yes","source":"Bing","osm_id":272535723},"geometry":{"type":"Polygon","coordinates":[[[32.8352094,39.8645043],[32.8354616,39.8644387],[32.8354018,39.8643031],[32.8351495,39.8643686],[32.8352094,39.8645043]]]}},{"type":"Feature","properties":{"building":"yes","source":"Bing","osm_id":272535724},"geometry":{"type":"Polygon","coordinates":[[[32.8354116,39.8630286],[32.8355983,39.8629755],[32.8355088,39.8627902],[32.8353221,39.8628433],[32.8354116,39.8630286]]]}},{"type":"Feature","properties":{"building":"yes","source":"Bing","osm_id":272535725},"geometry":{"type":"Polygon","coordinates":[[[32.8365037,39.8635917],[32.8368211,39.8635896],[32.8368195,39.8634501],[32.8365022,39.8634522],[32.8365037,39.8635917]]]}},{"type":"Feature","properties":{"building":"yes","source":"Bing","osm_id":272535726},"geometry":{"type":"Polygon","coordinates":[[[32.8345925,39.8632909],[32.8348125,39.8632261],[32.8347094,39.86302],[32.8344894,39.8630848],[32.8345925,39.8632909]]]}},{"type":"Feature","properties":{"building":"yes","source":"Bing","osm_id":272535727},"geometry":{"type":"Polygon","coordinates":[[[32.8370362,39.8631453],[32.8372491,39.8631379],[32.83724,39.8629832],[32.8370271,39.8629906],[32.8370362,39.8631453]]]}},{"type":"Feature","properties":{"building":"yes","source":"Bing","osm_id":272535728},"geometry":{"type":"Polygon","coordinates":[[[32.8372376,39.862633],[32.8374474,39.8626139],[32.8374225,39.862452],[32.8372126,39.862471],[32.8372376,39.862633]]]}},{"type":"Feature","properties":{"building":"yes","source":"Bing","osm_id":272535729},"geometry":{"type":"Polygon","coordinates":[[[32.8356209,39.8618382],[32.8356609,39.8619873],[32.8359678,39.8619387],[32.8359278,39.8617896],[32.8356209,39.8618382]]]}},{"type":"Feature","properties":{"building":"yes","source":"Bing","osm_id":272535730},"geometry":{"type":"Polygon","coordinates":[[[32.8350397,39.8612051],[32.8353293,39.8611462],[32.8352826,39.8610109],[32.834993,39.8610697],[32.8350397,39.8612051]]]}},{"type":"Feature","properties":{"building":"yes","source":"Bing","osm_id":272535731},"geometry":{"type":"Polygon","coordinates":[[[32.8368904,39.8619949],[32.8371237,39.861961],[32.8370956,39.8618389],[32.837047,39.8617476],[32.8368367,39.861777],[32.8368904,39.8619949]]]}},{"type":"Feature","properties":{"building":"yes","source":"Bing","osm_id":272535732},"geometry":{"type":"Polygon","coordinates":[[[32.8363966,39.8623477],[32.8363694,39.8622309],[32.8366936,39.8621853],[32.8367116,39.8623011],[32.8367039,39.8623019],[32.8363966,39.8623477]]]}},{"type":"Feature","properties":{"building":"yes","source":"Bing","osm_id":272535733},"geometry":{"type":"Polygon","coordinates":[[[32.837042,39.8635546],[32.837042,39.8637533],[32.8371877,39.8637533],[32.837322,39.8637032],[32.8373258,39.8635546],[32.837042,39.8635546]]]}},{"type":"Feature","properties":{"building":"yes","source":"Bing","osm_id":272535734},"geometry":{"type":"Polygon","coordinates":[[[32.8380976,39.8697698],[32.8380746,39.8699669],[32.8383588,39.8699864],[32.8383725,39.8698692],[32.838238,39.86986],[32.8382473,39.8697801],[32.8380976,39.8697698]]]}},{"type":"Feature","properties":{"building":"yes","source":"Bing","osm_id":272535735},"geometry":{"type":"Polygon","coordinates":[[[32.8366351,39.861736],[32.8366899,39.8617278],[32.8366938,39.8617435],[32.8369355,39.8617073],[32.836891,39.8615322],[32.8366359,39.8615704],[32.8366422,39.8615953],[32.8366009,39.8616015],[32.8366351,39.861736]]]}},{"type":"Feature","properties":{"building":"yes","source":"Bing","osm_id":272535736},"geometry":{"type":"Polygon","coordinates":[[[32.8385785,39.8695138],[32.8386619,39.8695209],[32.8386593,39.8695393],[32.8388012,39.8695514],[32.8388273,39.8693717],[32.8386783,39.869359],[32.8386739,39.8693894],[32.8385975,39.8693829],[32.8385785,39.8695138]]]}},{"type":"Feature","properties":{"building":"yes","source":"Bing","osm_id":272535737},"geometry":{"type":"Polygon","coordinates":[[[32.838507,39.8697532],[32.8385962,39.8697601],[32.8385934,39.8697814],[32.8387589,39.8697943],[32.8387855,39.8695936],[32.8386217,39.8695808],[32.8386197,39.8695962],[32.8385287,39.8695891],[32.838507,39.8697532]]]}},{"type":"Feature","properties":{"building":"yes","source":"Bing","osm_id":272535738},"geometry":{"type":"Polygon","coordinates":[[[32.8381397,39.8670123],[32.838389,39.8669314],[32.8383641,39.8668784],[32.8382985,39.8668564],[32.8382673,39.8668059],[32.8380998,39.8668636],[32.8381276,39.8669094],[32.8381106,39.8669714],[32.8381397,39.8670123]]]}},{"type":"Feature","properties":{"building":"yes","source":"Bing","osm_id":272535739},"geometry":{"type":"Polygon","coordinates":[[[32.8381749,39.8695071],[32.8383032,39.8695158],[32.8383044,39.8695052],[32.8384162,39.8695129],[32.8384329,39.8693697],[32.8383194,39.8693619],[32.8383206,39.869351],[32.838194,39.8693423],[32.8381749,39.8695071]]]}},{"type":"Feature","properties":{"building":"yes","source":"Bing","osm_id":272535740},"geometry":{"type":"Polygon","coordinates":[[[32.8386266,39.8688095],[32.8386306,39.8687366],[32.8387907,39.8687408],[32.8388395,39.8687449],[32.8388748,39.8687574],[32.8388965,39.8687772],[32.8389005,39.8688095],[32.8388965,39.8689531],[32.8387988,39.8689542],[32.8386266,39.8688095]]]}},{"type":"Feature","properties":{"building":"yes","source":"Bing","osm_id":272603693},"geometry":{"type":"Polygon","coordinates":[[[32.8333074,39.8660571],[32.8333405,39.8662338],[32.8334672,39.8662198],[32.8334621,39.866193],[32.8334918,39.8661897],[32.8334839,39.8661474],[32.8336118,39.8661333],[32.8335935,39.8660356],[32.8334303,39.8660536],[32.8334285,39.8660438],[32.8333074,39.8660571]]]}},{"type":"Feature","properties":{"building":"yes","source":"Bing","osm_id":272603694},"geometry":{"type":"Polygon","coordinates":[[[32.8339447,39.8629488],[32.8341796,39.8628904],[32.8342244,39.8629965],[32.8342095,39.8630002],[32.8342479,39.8630911],[32.8341401,39.8631179],[32.8341357,39.8631075],[32.8340413,39.863131],[32.8340047,39.8630443],[32.8339869,39.8630487],[32.8339447,39.8629488]]]}},{"type":"Feature","properties":{"building":"yes","source":"Bing","osm_id":272603695},"geometry":{"type":"Polygon","coordinates":[[[32.832784,39.8617419],[32.8328082,39.861821],[32.8328502,39.8618134],[32.832876,39.8618976],[32.8328908,39.8618949],[32.8329127,39.8619666],[32.8329747,39.8619554],[32.8329633,39.8619183],[32.8330344,39.8619055],[32.8329739,39.8617076],[32.832945,39.8617128],[32.832784,39.8617419]]]}},{"type":"Feature","properties":{"building":"yes","source":"Bing","osm_id":272603696},"geometry":{"type":"Polygon","coordinates":[[[32.833325,39.8634994],[32.8333925,39.8636565],[32.8333261,39.8636733],[32.8333346,39.8636932],[32.833233,39.8637189],[32.8332241,39.8636982],[32.833174,39.8637109],[32.8331447,39.8636427],[32.8331251,39.8636477],[32.8330801,39.863543],[32.8331794,39.8635179],[32.8331865,39.8635344],[32.833325,39.8634994]]]}},{"type":"Feature","properties":{"building":"yes","source":"Bing","osm_id":272603697},"geometry":{"type":"Polygon","coordinates":[[[32.8337095,39.8622589],[32.8339759,39.8622048],[32.8339434,39.8621105],[32.8338922,39.8621208],[32.8338696,39.8620551],[32.8339243,39.862044],[32.833894,39.861956],[32.8336269,39.8620102],[32.8336565,39.8620963],[32.8337056,39.8620863],[32.8337311,39.8621603],[32.8336792,39.8621708],[32.8337095,39.8622589]]]}},{"type":"Feature","properties":{"building":"yes","source":"Bing","osm_id":272603698},"geometry":{"type":"Polygon","coordinates":[[[32.8376273,39.8655791],[32.8375887,39.8655939],[32.8375781,39.8655818],[32.8375359,39.8655993],[32.8375183,39.8656223],[32.8375148,39.8656412],[32.8374709,39.8656533],[32.837448,39.8656789],[32.837455,39.8657289],[32.8374884,39.8657613],[32.8375359,39.8657734],[32.8375781,39.8657653],[32.837601,39.8657545],[32.8376414,39.8657545],[32.8376713,39.8657464],[32.8376977,39.8657289],[32.8377275,39.8657113],[32.8376273,39.8655791]]]}},{"type":"Feature","properties":{"building":"yes","source":"Bing","osm_id":272603699},"geometry":{"type":"Polygon","coordinates":[[[32.8305762,39.8690704],[32.8305499,39.8692526],[32.8307604,39.8692705],[32.8307868,39.8690884],[32.8305762,39.8690704]]]}},{"type":"Feature","properties":{"building":"yes","source":"Bing","osm_id":272603700},"geometry":{"type":"Polygon","coordinates":[[[32.8383361,39.8640662],[32.8386103,39.8639461],[32.8384876,39.8637809],[32.8382133,39.863901],[32.8383361,39.8640662]]]}},{"type":"Feature","properties":{"building":"yes","source":"Bing","osm_id":272603701},"geometry":{"type":"Polygon","coordinates":[[[32.8333144,39.8620294],[32.8335711,39.8619808],[32.8335378,39.8618773],[32.8332811,39.8619259],[32.8333144,39.8620294]]]}},{"type":"Feature","properties":{"building":"yes","source":"Bing","osm_id":272603702},"geometry":{"type":"Polygon","coordinates":[[[32.8379087,39.8651068],[32.8380564,39.8652984],[32.8382171,39.8652254],[32.8380694,39.8650338],[32.8379087,39.8651068]]]}},{"type":"Feature","properties":{"building":"yes","source":"Bing","osm_id":272603703},"geometry":{"type":"Polygon","coordinates":[[[32.8392483,39.8643322],[32.8394962,39.864231],[32.8394026,39.864096],[32.8391548,39.8641972],[32.8392483,39.8643322]]]}},{"type":"Feature","properties":{"building":"yes","source":"Bing","osm_id":272603704},"geometry":{"type":"Polygon","coordinates":[[[32.8400344,39.8637531],[32.8401277,39.8638954],[32.8403967,39.8637915],[32.8403034,39.8636492],[32.8400344,39.8637531]]]}},{"type":"Feature","properties":{"building":"yes","source":"Bing","osm_id":272603705},"geometry":{"type":"Polygon","coordinates":[[[32.8391323,39.8645711],[32.8392182,39.8646783],[32.8394239,39.8645811],[32.8393379,39.8644739],[32.8391323,39.8645711]]]}},{"type":"Feature","properties":{"building":"yes","source":"Bing","osm_id":272603706},"geometry":{"type":"Polygon","coordinates":[[[32.833673,39.8619376],[32.8339051,39.8618944],[32.833864,39.8617641],[32.8336319,39.8618073],[32.833673,39.8619376]]]}},{"type":"Feature","properties":{"building":"yes","source":"Bing","osm_id":272603707},"geometry":{"type":"Polygon","coordinates":[[[32.8299561,39.8682932],[32.830189,39.8683287],[32.8302437,39.8681168],[32.8300108,39.8680814],[32.8299561,39.8682932]]]}},{"type":"Feature","properties":{"building":"yes","source":"Bing","osm_id":272603708},"geometry":{"type":"Polygon","coordinates":[[[32.8394382,39.8640542],[32.8395436,39.8641959],[32.8396964,39.8641289],[32.8395909,39.8639872],[32.8394382,39.8640542]]]}},{"type":"Feature","properties":{"building":"yes","source":"Bing","osm_id":272603709},"geometry":{"type":"Polygon","coordinates":[[[32.8306343,39.8689449],[32.830866,39.8689657],[32.8308994,39.8687457],[32.8306677,39.868725],[32.8306343,39.8689449]]]}},{"type":"Feature","properties":{"building":"yes","source":"Bing","osm_id":272603710},"geometry":{"type":"Polygon","coordinates":[[[32.8392257,39.863463],[32.8393505,39.8636371],[32.8394852,39.8635802],[32.8393604,39.8634061],[32.8392257,39.863463]]]}},{"type":"Feature","properties":{"building":"yes","source":"Bing","osm_id":272603711},"geometry":{"type":"Polygon","coordinates":[[[32.837318,39.865459],[32.8374288,39.8656101],[32.8376348,39.8655211],[32.837524,39.86537],[32.837318,39.865459]]]}},{"type":"Feature","properties":{"building":"yes","source":"Bing","osm_id":272603713},"geometry":{"type":"Polygon","coordinates":[[[32.8330954,39.8627215],[32.8332811,39.862685],[32.8332289,39.8625285],[32.8330432,39.862565],[32.8330954,39.8627215]]]}},{"type":"Feature","properties":{"building":"yes","source":"Bing","osm_id":272603714},"geometry":{"type":"Polygon","coordinates":[[[32.8340317,39.8671427],[32.8341524,39.8673017],[32.8344935,39.8671493],[32.8343728,39.8669902],[32.8340317,39.8671427]]]}},{"type":"Feature","properties":{"building":"yes","source":"Bing","osm_id":272603715},"geometry":{"type":"Polygon","coordinates":[[[32.8333423,39.8634421],[32.8335567,39.8633868],[32.8334923,39.8632395],[32.8332778,39.8632949],[32.8333423,39.8634421]]]}},{"type":"Feature","properties":{"building":"yes","source":"Bing","osm_id":272603716},"geometry":{"type":"Polygon","coordinates":[[[32.8338137,39.8624477],[32.8340493,39.8623991],[32.8339951,39.8622443],[32.8337595,39.8622928],[32.8338137,39.8624477]]]}},{"type":"Feature","properties":{"building":"yes","source":"Bing","osm_id":272603717},"geometry":{"type":"Polygon","coordinates":[[[32.8311318,39.8690056],[32.8312926,39.8690218],[32.8313277,39.8688153],[32.831167,39.8687992],[32.8311318,39.8690056]]]}},{"type":"Feature","properties":{"building":"yes","source":"Bing","osm_id":272603718},"geometry":{"type":"Polygon","coordinates":[[[32.8396705,39.8635628],[32.8398572,39.8636325],[32.8399486,39.8634881],[32.8397619,39.8634185],[32.8396705,39.8635628]]]}},{"type":"Feature","properties":{"building":"yes","source":"Bing","osm_id":272603719},"geometry":{"type":"Polygon","coordinates":[[[32.8334621,39.8614761],[32.8335632,39.8616134],[32.8338058,39.8615081],[32.8337047,39.8613708],[32.8334621,39.8614761]]]}},{"type":"Feature","properties":{"building":"yes","source":"Bing","osm_id":272603720},"geometry":{"type":"Polygon","coordinates":[[[32.8393573,39.8648571],[32.8394493,39.8649697],[32.8396567,39.8648699],[32.8395647,39.8647573],[32.8393573,39.8648571]]]}},{"type":"Feature","properties":{"building":"yes","source":"Bing","osm_id":272603721},"geometry":{"type":"Polygon","coordinates":[[[32.8384501,39.8648396],[32.8385714,39.8649813],[32.8387601,39.8648861],[32.8386388,39.8647444],[32.8384501,39.8648396]]]}},{"type":"Feature","properties":{"building":"yes","source":"Bing","osm_id":272603722},"geometry":{"type":"Polygon","coordinates":[[[32.8336719,39.8661374],[32.8338559,39.8663493],[32.8340498,39.86625],[32.8338659,39.8660382],[32.8336719,39.8661374]]]}},{"type":"Feature","properties":{"building":"yes","source":"Bing","osm_id":272603723},"geometry":{"type":"Polygon","coordinates":[[[32.8330715,39.8635136],[32.8332614,39.8634637],[32.8331951,39.8633151],[32.8330052,39.863365],[32.8330715,39.8635136]]]}},{"type":"Feature","properties":{"building":"yes","source":"Bing","osm_id":272603724},"geometry":{"type":"Polygon","coordinates":[[[32.833455,39.862472],[32.8337047,39.8624153],[32.8336627,39.8623062],[32.833413,39.8623629],[32.833455,39.862472]]]}},{"type":"Feature","properties":{"building":"yes","source":"Bing","osm_id":272603726},"geometry":{"type":"Polygon","coordinates":[[[32.8310597,39.8693254],[32.8312125,39.8693415],[32.8312476,39.8691445],[32.8310949,39.8691284],[32.8310597,39.8693254]]]}},{"type":"Feature","properties":{"building":"yes","source":"Bing","osm_id":272603727},"geometry":{"type":"Polygon","coordinates":[[[32.8377839,39.8656492],[32.8378643,39.8657593],[32.838084,39.8656649],[32.8380037,39.8655548],[32.8377839,39.8656492]]]}},{"type":"Feature","properties":{"building":"yes","source":"Bing","osm_id":272603728},"geometry":{"type":"Polygon","coordinates":[[[32.8307543,39.8699132],[32.8309314,39.8699472],[32.8309823,39.8697906],[32.8308053,39.8697567],[32.8307543,39.8699132]]]}},{"type":"Feature","properties":{"building":"yes","source":"Bing","osm_id":272603729},"geometry":{"type":"Polygon","coordinates":[[[32.8312724,39.8693565],[32.8314792,39.8693744],[32.8315109,39.8691599],[32.8313041,39.8691419],[32.8312724,39.8693565]]]}},{"type":"Feature","properties":{"building":"yes","source":"Bing","osm_id":272603730},"geometry":{"type":"Polygon","coordinates":[[[32.8332476,39.861889],[32.8334761,39.8618431],[32.8334216,39.861683],[32.833193,39.8617289],[32.8332476,39.861889]]]}},{"type":"Feature","properties":{"building":"yes","source":"Bing","osm_id":272603731},"geometry":{"type":"Polygon","coordinates":[[[32.8384431,39.8654549],[32.8385802,39.8655939],[32.8387465,39.8654973],[32.8386094,39.8653583],[32.8384431,39.8654549]]]}},{"type":"Feature","properties":{"building":"yes","source":"Bing","osm_id":272603732},"geometry":{"type":"Polygon","coordinates":[[[32.8308446,39.8682568],[32.8307959,39.8684421],[32.8310403,39.8684799],[32.8310889,39.8682946],[32.8308446,39.8682568]]]}},{"type":"Feature","properties":{"building":"yes","source":"Bing","osm_id":272603733},"geometry":{"type":"Polygon","coordinates":[[[32.8330308,39.8625269],[32.8332297,39.8624887],[32.8331877,39.8623598],[32.8329888,39.862398],[32.8330308,39.8625269]]]}},{"type":"Feature","properties":{"building":"yes","source":"Bing","osm_id":272603734},"geometry":{"type":"Polygon","coordinates":[[[32.8334899,39.8636486],[32.8337589,39.8635609],[32.8336693,39.8633989],[32.8334003,39.8634866],[32.8334899,39.8636486]]]}},{"type":"Feature","properties":{"building":"yes","source":"Bing","osm_id":272603735},"geometry":{"type":"Polygon","coordinates":[[[32.8304994,39.8696217],[32.8307613,39.8696906],[32.8308293,39.8695382],[32.8305673,39.8694694],[32.8304994,39.8696217]]]}},{"type":"Feature","properties":{"building":"yes","source":"Bing","osm_id":272603736},"geometry":{"type":"Polygon","coordinates":[[[32.8392553,39.864702],[32.8393484,39.8648261],[32.8395348,39.8647438],[32.8394417,39.8646196],[32.8392553,39.864702]]]}},{"type":"Feature","properties":{"building":"yes","source":"Bing","osm_id":272603737},"geometry":{"type":"Polygon","coordinates":[[[32.838698,39.8646183],[32.8388826,39.8648369],[32.8390406,39.8647583],[32.838856,39.8645397],[32.838698,39.8646183]]]}},{"type":"Feature","properties":{"building":"yes","source":"Bing","osm_id":272603738},"geometry":{"type":"Polygon","coordinates":[[[32.8324465,39.862357],[32.8327051,39.8622501],[32.8326305,39.8621439],[32.8323719,39.8622507],[32.8324465,39.862357]]]}},{"type":"Feature","properties":{"building":"yes","source":"Bing","osm_id":272603739},"geometry":{"type":"Polygon","coordinates":[[[32.8332068,39.8650241],[32.8333105,39.8652494],[32.833483,39.8652026],[32.8333793,39.8649773],[32.8332068,39.8650241]]]}},{"type":"Feature","properties":{"building":"yes","source":"Bing","osm_id":272603740},"geometry":{"type":"Polygon","coordinates":[[[32.8381961,39.8651589],[32.8384025,39.8654012],[32.8385411,39.8653317],[32.8383348,39.8650893],[32.8381961,39.8651589]]]}},{"type":"Feature","properties":{"building":"yes","source":"Bing","osm_id":272603741},"geometry":{"type":"Polygon","coordinates":[[[32.8378912,39.8658085],[32.8379736,39.8659186],[32.8382215,39.8658093],[32.8381391,39.8656992],[32.8378912,39.8658085]]]}},{"type":"Feature","properties":{"building":"yes","source":"Bing","osm_id":272603742},"geometry":{"type":"Polygon","coordinates":[[[32.8331352,39.8629372],[32.8333529,39.8628906],[32.8332932,39.8627264],[32.8330756,39.8627731],[32.8331352,39.8629372]]]}},{"type":"Feature","properties":{"building":"yes","source":"Bing","osm_id":272603743},"geometry":{"type":"Polygon","coordinates":[[[32.8382286,39.8645319],[32.8383183,39.8646505],[32.8385152,39.8645628],[32.8384255,39.8644442],[32.8382286,39.8645319]]]}},{"type":"Feature","properties":{"building":"yes","source":"Bing","osm_id":272603744},"geometry":{"type":"Polygon","coordinates":[[[32.8324938,39.862378],[32.832568,39.8624785],[32.8328266,39.8623659],[32.8327523,39.8622654],[32.8324938,39.862378]]]}},{"type":"Feature","properties":{"building":"yes","source":"Bing","osm_id":272603745},"geometry":{"type":"Polygon","coordinates":[[[32.8378009,39.8639893],[32.8379575,39.864203],[32.8381071,39.8641385],[32.8379504,39.8639247],[32.8378009,39.8639893]]]}},{"type":"Feature","properties":{"building":"yes","source":"Bing","osm_id":272603746},"geometry":{"type":"Polygon","coordinates":[[[32.8335992,39.8617784],[32.8338524,39.861719],[32.8338052,39.8616004],[32.833552,39.8616598],[32.8335992,39.8617784]]]}},{"type":"Feature","properties":{"building":"yes","source":"Bing","osm_id":272603747},"geometry":{"type":"Polygon","coordinates":[[[32.8393133,39.863864],[32.8394206,39.8640137],[32.8395713,39.8639502],[32.8394641,39.8638004],[32.8393133,39.863864]]]}},{"type":"Feature","properties":{"building":"yes","source":"Bing","osm_id":272603748},"geometry":{"type":"Polygon","coordinates":[[[32.8386136,39.8650083],[32.8387367,39.8651567],[32.8389361,39.8650593],[32.838813,39.8649109],[32.8386136,39.8650083]]]}},{"type":"Feature","properties":{"building":"yes","source":"Bing","osm_id":272603749},"geometry":{"type":"Polygon","coordinates":[[[32.8310942,39.8682568],[32.8313421,39.868296],[32.8313782,39.8681613],[32.8311303,39.8681222],[32.8310942,39.8682568]]]}},{"type":"Feature","properties":{"building":"yes","source":"Bing","osm_id":272603750},"geometry":{"type":"Polygon","coordinates":[[[32.8334183,39.8663531],[32.8336197,39.866563],[32.8338441,39.8664362],[32.8336427,39.8662263],[32.8334183,39.8663531]]]}},{"type":"Feature","properties":{"building":"yes","source":"Bing","osm_id":272603751},"geometry":{"type":"Polygon","coordinates":[[[32.8329587,39.862357],[32.83317,39.8623131],[32.8331247,39.8621847],[32.8329134,39.8622285],[32.8329587,39.862357]]]}},{"type":"Feature","properties":{"building":"yes","source":"Bing","osm_id":272603752},"geometry":{"type":"Polygon","coordinates":[[[32.8380319,39.8639636],[32.8381743,39.8641485],[32.8382972,39.8640927],[32.8381548,39.8639079],[32.8380319,39.8639636]]]}},{"type":"Feature","properties":{"building":"yes","source":"Bing","osm_id":272603753},"geometry":{"type":"Polygon","coordinates":[[[32.838909,39.8642701],[32.8390338,39.8644294],[32.8391692,39.8643669],[32.8390444,39.8642076],[32.838909,39.8642701]]]}},{"type":"Feature","properties":{"building":"yes","source":"Bing","osm_id":272603754},"geometry":{"type":"Polygon","coordinates":[[[32.8375343,39.8653308],[32.8377013,39.865548],[32.8379492,39.8654358],[32.8377821,39.8652185],[32.8375343,39.8653308]]]}},{"type":"Feature","properties":{"building":"yes","source":"Bing","osm_id":272603755},"geometry":{"type":"Polygon","coordinates":[[[32.8304361,39.8698295],[32.8306893,39.8698943],[32.8307554,39.8697421],[32.8305022,39.8696773],[32.8304361,39.8698295]]]}},{"type":"Feature","properties":{"building":"yes","source":"Bing","osm_id":272603756},"geometry":{"type":"Polygon","coordinates":[[[32.8333144,39.862086],[32.833356,39.8621862],[32.8335986,39.8621268],[32.833557,39.8620267],[32.8333144,39.862086]]]}},{"type":"Feature","properties":{"building":"yes","source":"Bing","osm_id":272603757},"geometry":{"type":"Polygon","coordinates":[[[32.8311487,39.8680909],[32.8313878,39.8681232],[32.8314172,39.8679955],[32.8311781,39.8679631],[32.8311487,39.8680909]]]}},{"type":"Feature","properties":{"building":"yes","source":"Bing","osm_id":272603758},"geometry":{"type":"Polygon","coordinates":[[[32.8328841,39.8621967],[32.8331178,39.8621509],[32.8330694,39.8620055],[32.8328357,39.8620513],[32.8328841,39.8621967]]]}},{"type":"Feature","properties":{"building":"yes","source":"Bing","osm_id":272603759},"geometry":{"type":"Polygon","coordinates":[[[32.8337276,39.8667919],[32.8338644,39.8669217],[32.8340753,39.8667909],[32.8339385,39.866661],[32.8337276,39.8667919]]]}},{"type":"Feature","properties":{"building":"yes","source":"Bing","osm_id":272603760},"geometry":{"type":"Polygon","coordinates":[[[32.8395436,39.8646628],[32.8396437,39.8647897],[32.8398441,39.8646966],[32.8397441,39.8645697],[32.8395436,39.8646628]]]}},{"type":"Feature","properties":{"building":"yes","source":"Bing","osm_id":272603761},"geometry":{"type":"Polygon","coordinates":[[[32.8336082,39.8658483],[32.8337313,39.8660332],[32.8338635,39.8659549],[32.8337686,39.8658078],[32.8336082,39.8658483]]]}},{"type":"Feature","properties":{"building":"yes","source":"Bing","osm_id":272603762},"geometry":{"type":"Polygon","coordinates":[[[32.838925,39.8636222],[32.8390359,39.8637812],[32.8393084,39.8636692],[32.8391975,39.8635102],[32.838925,39.8636222]]]}},{"type":"Feature","properties":{"building":"yes","source":"Bing","osm_id":272603763},"geometry":{"type":"Polygon","coordinates":[[[32.8335113,39.8626204],[32.833768,39.8625665],[32.8337298,39.8624596],[32.8334732,39.8625136],[32.8335113,39.8626204]]]}},{"type":"Feature","properties":{"building":"yes","source":"Bing","osm_id":272603764},"geometry":{"type":"Polygon","coordinates":[[[32.8338489,39.8669794],[32.8339706,39.8671075],[32.8342237,39.8669658],[32.834102,39.8668377],[32.8338489,39.8669794]]]}},{"type":"Feature","properties":{"building":"yes","source":"Bing","osm_id":272603765},"geometry":{"type":"Polygon","coordinates":[[[32.8393995,39.8644429],[32.8395559,39.8646331],[32.839736,39.8645459],[32.8395795,39.8643557],[32.8393995,39.8644429]]]}},{"type":"Feature","properties":{"building":"yes","source":"Bing","osm_id":272603766},"geometry":{"type":"Polygon","coordinates":[[[32.8338981,39.8627824],[32.8341357,39.8627352],[32.8340583,39.8625058],[32.8338207,39.862553],[32.8338981,39.8627824]]]}},{"type":"Feature","properties":{"building":"yes","source":"Bing","osm_id":272603767},"geometry":{"type":"Polygon","coordinates":[[[32.8308387,39.8696771],[32.831037,39.8697226],[32.8310932,39.8695782],[32.8308949,39.8695327],[32.8308387,39.8696771]]]}},{"type":"Feature","properties":{"building":"yes","source":"Bing","osm_id":272603768},"geometry":{"type":"Polygon","coordinates":[[[32.8385134,39.8644064],[32.8386148,39.8645237],[32.8387976,39.8644306],[32.8386962,39.8643133],[32.8385134,39.8644064]]]}},{"type":"Feature","properties":{"building":"yes","source":"Bing","osm_id":272603769},"geometry":{"type":"Polygon","coordinates":[[[32.8325733,39.8618417],[32.8327026,39.8620078],[32.8328493,39.8619405],[32.83272,39.8617744],[32.8325733,39.8618417]]]}},{"type":"Feature","properties":{"building":"yes","source":"Bing","osm_id":272603770},"geometry":{"type":"Polygon","coordinates":[[[32.8313287,39.869061],[32.8315147,39.8690866],[32.8315692,39.8688531],[32.8313832,39.8688275],[32.8313287,39.869061]]]}},{"type":"Feature","properties":{"building":"yes","source":"Bing","osm_id":272603771},"geometry":{"type":"Polygon","coordinates":[[[32.8331843,39.8616974],[32.833455,39.8616434],[32.8334179,39.8615336],[32.8331472,39.8615876],[32.8331843,39.8616974]]]}},{"type":"Feature","properties":{"building":"yes","source":"Bing","osm_id":272603772},"geometry":{"type":"Polygon","coordinates":[[[32.8340159,39.8666056],[32.8342321,39.8667905],[32.8344447,39.866644],[32.8342285,39.8664592],[32.8340159,39.8666056]]]}},{"type":"Feature","properties":{"building":"yes","source":"Bing","osm_id":272603773},"geometry":{"type":"Polygon","coordinates":[[[32.8390092,39.8650825],[32.8390925,39.8651896],[32.8393193,39.8650857],[32.839236,39.8649786],[32.8390092,39.8650825]]]}},{"type":"Feature","properties":{"building":"yes","source":"Bing","osm_id":272603774},"geometry":{"type":"Polygon","coordinates":[[[32.8310919,39.8697405],[32.8312675,39.869782],[32.8313238,39.8696416],[32.8311481,39.8696001],[32.8310919,39.8697405]]]}},{"type":"Feature","properties":{"building":"yes","source":"Bing","osm_id":272603775},"geometry":{"type":"Polygon","coordinates":[[[32.8332542,39.8658283],[32.8336297,39.8657863],[32.8335978,39.8656182],[32.8332223,39.8656602],[32.8332542,39.8658283]]]}},{"type":"Feature","properties":{"building":"yes","source":"Bing","osm_id":272603776},"geometry":{"type":"Polygon","coordinates":[[[32.8308716,39.8692971],[32.8310109,39.8693116],[32.8310496,39.869093],[32.8309103,39.8690785],[32.8308716,39.8692971]]]}},{"type":"Feature","properties":{"building":"yes","source":"Bing","osm_id":272603777},"geometry":{"type":"Polygon","coordinates":[[[32.8385189,39.8637275],[32.8386578,39.8639178],[32.8387747,39.8638675],[32.8386358,39.8636772],[32.8385189,39.8637275]]]}},{"type":"Feature","properties":{"building":"yes","source":"Bing","osm_id":272603778},"geometry":{"type":"Polygon","coordinates":[[[32.8329625,39.8632991],[32.8331946,39.8632424],[32.8331277,39.863081],[32.8328956,39.8631377],[32.8329625,39.8632991]]]}},{"type":"Feature","properties":{"building":"yes","source":"Bing","osm_id":272603779},"geometry":{"type":"Polygon","coordinates":[[[32.8333601,39.8622237],[32.8333962,39.8623222],[32.8336459,39.8622682],[32.8336098,39.8621697],[32.8333601,39.8622237]]]}},{"type":"Feature","properties":{"building":"yes","source":"Bing","osm_id":272603780},"geometry":{"type":"Polygon","coordinates":[[[32.8344554,39.8669281],[32.8345925,39.8671225],[32.8348127,39.8670309],[32.8346756,39.8668366],[32.8344554,39.8669281]]]}},{"type":"Feature","properties":{"building":"yes","source":"Bing","osm_id":272603781},"geometry":{"type":"Polygon","coordinates":[[[32.8388914,39.8648666],[32.8390215,39.8650218],[32.8392025,39.8649324],[32.8390724,39.8647772],[32.8388914,39.8648666]]]}},{"type":"Feature","properties":{"building":"yes","source":"Bing","osm_id":272603782},"geometry":{"type":"Polygon","coordinates":[[[32.8309653,39.8699699],[32.8311453,39.8700143],[32.8312086,39.8698632],[32.8310286,39.8698187],[32.8309653,39.8699699]]]}},{"type":"Feature","properties":{"building":"yes","source":"Bing","osm_id":272603783},"geometry":{"type":"Polygon","coordinates":[[[32.8333164,39.8660224],[32.8335643,39.86599],[32.8335273,39.8658234],[32.8332794,39.8658558],[32.8333164,39.8660224]]]}},{"type":"Feature","properties":{"building":"yes","source":"Bing","osm_id":272603784},"geometry":{"type":"Polygon","coordinates":[[[32.8338295,39.8632818],[32.8339401,39.8634882],[32.8341341,39.8634269],[32.8340235,39.8632206],[32.8338295,39.8632818]]]}},{"type":"Feature","properties":{"building":"yes","source":"Bing","osm_id":272603785},"geometry":{"type":"Polygon","coordinates":[[[32.8314399,39.8685977],[32.831635,39.8686333],[32.8316965,39.868435],[32.8315014,39.8683993],[32.8314399,39.8685977]]]}},{"type":"Feature","properties":{"building":"yes","source":"Bing","osm_id":272603786},"geometry":{"type":"Polygon","coordinates":[[[32.8311833,39.87004],[32.8313765,39.8700904],[32.831438,39.8699514],[32.8312448,39.8699011],[32.8311833,39.87004]]]}},{"type":"Feature","properties":{"building":"yes","source":"Bing","osm_id":272603787},"geometry":{"type":"Polygon","coordinates":[[[32.8342937,39.8668242],[32.8343782,39.8669204],[32.8345997,39.8668057],[32.8345152,39.8667095],[32.8342937,39.8668242]]]}},{"type":"Feature","properties":{"building":"yes","source":"Bing","osm_id":272603788},"geometry":{"type":"Polygon","coordinates":[[[32.8331101,39.8653628],[32.833191,39.8655233],[32.8333655,39.8654716],[32.8332846,39.865311],[32.8331101,39.8653628]]]}},{"type":"Feature","properties":{"building":"yes","source":"Bing","osm_id":272603789},"geometry":{"type":"Polygon","coordinates":[[[32.8383728,39.8642513],[32.8384608,39.864372],[32.8386682,39.864283],[32.8385802,39.8641622],[32.8383728,39.8642513]]]}},{"type":"Feature","properties":{"building":"yes","source":"Bing","osm_id":272603790},"geometry":{"type":"Polygon","coordinates":[[[32.8296726,39.8682608],[32.829899,39.868295],[32.8299586,39.8680621],[32.8297323,39.868028],[32.8296726,39.8682608]]]}},{"type":"Feature","properties":{"building":"yes","source":"Bing","osm_id":272603791},"geometry":{"type":"Polygon","coordinates":[[[32.8333352,39.8652899],[32.8334318,39.8655058],[32.8335871,39.8654648],[32.8334904,39.8652489],[32.8333352,39.8652899]]]}},{"type":"Feature","properties":{"building":"yes","source":"Bing","osm_id":272603792},"geometry":{"type":"Polygon","coordinates":[[[32.8381588,39.8654604],[32.8383478,39.8657123],[32.8385175,39.8656373],[32.8383286,39.8653854],[32.8381588,39.8654604]]]}},{"type":"Feature","properties":{"building":"yes","source":"Bing","osm_id":272603793},"geometry":{"type":"Polygon","coordinates":[[[32.8386965,39.8636978],[32.838816,39.8638611],[32.8389474,39.8638044],[32.8388279,39.8636411],[32.8386965,39.8636978]]]}},{"type":"Feature","properties":{"building":"yes","source":"Bing","osm_id":272603794},"geometry":{"type":"Polygon","coordinates":[[[32.8328443,39.8629544],[32.833061,39.8629049],[32.832964,39.8626548],[32.8327474,39.8627044],[32.8328443,39.8629544]]]}},{"type":"Feature","properties":{"building":"yes","source":"Bing","osm_id":272603795},"geometry":{"type":"Polygon","coordinates":[[[32.8388,39.8640745],[32.8389093,39.8642285],[32.8391836,39.8641138],[32.8390742,39.8639598],[32.8388,39.8640745]]]}},{"type":"Feature","properties":{"building":"yes","source":"Bing","osm_id":272603796},"geometry":{"type":"Polygon","coordinates":[[[32.8335746,39.8628633],[32.8338143,39.8628205],[32.8337545,39.8626235],[32.8335148,39.8626663],[32.8335746,39.8628633]]]}},{"type":"Feature","properties":{"building":"yes","source":"Bing","osm_id":272603797},"geometry":{"type":"Polygon","coordinates":[[[32.838095,39.8643646],[32.8381942,39.8645035],[32.838377,39.8644266],[32.8382778,39.8642877],[32.838095,39.8643646]]]}},{"type":"Feature","properties":{"building":"yes","source":"Bing","osm_id":272603798},"geometry":{"type":"Polygon","coordinates":[[[32.8321879,39.8620326],[32.8323272,39.8622043],[32.8324753,39.8621336],[32.832336,39.8619619],[32.8321879,39.8620326]]]}},{"type":"Feature","properties":{"building":"yes","source":"Bing","osm_id":272603799},"geometry":{"type":"Polygon","coordinates":[[[32.8391305,39.8639436],[32.839236,39.8640853],[32.8393719,39.8640256],[32.8392664,39.863884],[32.8391305,39.8639436]]]}},{"type":"Feature","properties":{"building":"yes","source":"Bing","osm_id":272603800},"geometry":{"type":"Polygon","coordinates":[[[32.8399008,39.8636357],[32.8400545,39.8637206],[32.8401899,39.8635762],[32.8400361,39.8634913],[32.8399008,39.8636357]]]}},{"type":"Feature","properties":{"building":"yes","source":"Bing","osm_id":272603801},"geometry":{"type":"Polygon","coordinates":[[[32.8311136,39.8685281],[32.831297,39.8685641],[32.8313673,39.8683536],[32.8311839,39.8683176],[32.8311136,39.8685281]]]}},{"type":"Feature","properties":{"building":"yes","source":"Bing","osm_id":272603802},"geometry":{"type":"Polygon","coordinates":[[[32.8326777,39.8626166],[32.8329562,39.8625517],[32.8329065,39.8624261],[32.8326281,39.8624909],[32.8326777,39.8626166]]]}},{"type":"Feature","properties":{"building":"yes","source":"Bing","osm_id":272603803},"geometry":{"type":"Polygon","coordinates":[[[32.8401996,39.8641957],[32.8403983,39.8642214],[32.8404288,39.864082],[32.8402302,39.8640563],[32.8401996,39.8641957]]]}},{"type":"Feature","properties":{"building":"yes","source":"Bing","osm_id":272603804},"geometry":{"type":"Polygon","coordinates":[[[32.8377927,39.865741],[32.8376455,39.8658097],[32.8377505,39.8659272],[32.8378476,39.8659865],[32.8379509,39.8659407],[32.8377927,39.865741]]]}},{"type":"Feature","properties":{"building":"yes","source":"Bing","osm_id":272603805},"geometry":{"type":"Polygon","coordinates":[[[32.8336265,39.8630381],[32.8337458,39.8632173],[32.8338597,39.8631726],[32.8338531,39.8631627],[32.8339519,39.863124],[32.8338392,39.8629547],[32.8336265,39.8630381]]]}},{"type":"Feature","properties":{"building":"yes","source":"Bing","osm_id":272603806},"geometry":{"type":"Polygon","coordinates":[[[32.8331548,39.8649996],[32.832966,39.8650501],[32.8330318,39.8651949],[32.8330863,39.8651803],[32.8331298,39.865276],[32.8332641,39.86524],[32.8331548,39.8649996]]]}},{"type":"Feature","properties":{"building":"yes","source":"Bing","osm_id":272603807},"geometry":{"type":"Polygon","coordinates":[[[32.8332245,39.8631709],[32.8332948,39.8632424],[32.8334513,39.8631668],[32.8333493,39.8630697],[32.833228,39.8630724],[32.8331946,39.8630953],[32.8332245,39.8631709]]]}},{"type":"Feature","properties":{"building":"yes","source":"Bing","osm_id":272603808},"geometry":{"type":"Polygon","coordinates":[[[32.838089,39.8649919],[32.8382024,39.8651191],[32.8383411,39.8650462],[32.8382744,39.8649715],[32.8383156,39.8649498],[32.8382688,39.8648974],[32.838089,39.8649919]]]}},{"type":"Feature","properties":{"building":"yes","source":"Bing","osm_id":272603809},"geometry":{"type":"Polygon","coordinates":[[[32.8323556,39.861916],[32.8324625,39.8620699],[32.8325302,39.8620422],[32.8325614,39.8620871],[32.8326696,39.8620428],[32.8325315,39.861844],[32.8323556,39.861916]]]}},{"type":"Feature","properties":{"building":"yes","source":"Bing","osm_id":272603810},"geometry":{"type":"Polygon","coordinates":[[[32.840229,39.8638999],[32.8402735,39.8640153],[32.8403328,39.8640018],[32.8403517,39.8640508],[32.8405572,39.8640041],[32.8404938,39.8638398],[32.840229,39.8638999]]]}},{"type":"Feature","properties":{"building":"yes","source":"Bing","osm_id":272603811},"geometry":{"type":"Polygon","coordinates":[[[32.8302602,39.8683721],[32.830466,39.8684058],[32.8305031,39.8682724],[32.8304771,39.8682681],[32.8304978,39.8681933],[32.830318,39.8681639],[32.8302602,39.8683721]]]}},{"type":"Feature","properties":{"building":"yes","source":"Bing","osm_id":272603812},"geometry":{"type":"Polygon","coordinates":[[[32.8340916,39.8632879],[32.834162,39.8634193],[32.8343708,39.8633533],[32.8342599,39.8631464],[32.8341465,39.8631822],[32.8341531,39.8631945],[32.834079,39.8632179],[32.8341129,39.8632812],[32.8340916,39.8632879]]]}},{"type":"Feature","properties":{"building":"yes","source":"Bing","osm_id":272807508},"geometry":{"type":"Polygon","coordinates":[[[32.8362016,39.8558726],[32.8362409,39.8559314],[32.836226,39.8559372],[32.8362915,39.8560351],[32.8363057,39.8560294],[32.8363439,39.8560864],[32.8364477,39.8560455],[32.8364344,39.8560257],[32.8364484,39.8560203],[32.8363339,39.8558491],[32.8363221,39.8558538],[32.8363069,39.8558311],[32.8362016,39.8558726]]]}},{"type":"Feature","properties":{"building":"yes","source":"Bing","osm_id":272807510},"geometry":{"type":"Polygon","coordinates":[[[32.8320126,39.8566245],[32.8320492,39.8566842],[32.832034,39.8566897],[32.8320951,39.8567892],[32.8321096,39.856784],[32.8321451,39.856842],[32.8322507,39.8568038],[32.8322384,39.8567837],[32.8322525,39.8567786],[32.8321458,39.8566045],[32.8321339,39.8566088],[32.8321197,39.8565858],[32.8320126,39.8566245]]]}},{"type":"Feature","properties":{"building":"yes","source":"Bing","osm_id":272807513},"geometry":{"type":"Polygon","coordinates":[[[32.8363096,39.85556],[32.8363489,39.8556187],[32.8363339,39.8556246],[32.8363994,39.8557224],[32.8364137,39.8557168],[32.8364518,39.8557738],[32.8365556,39.8557329],[32.8365424,39.8557131],[32.8365563,39.8557076],[32.8364418,39.8555365],[32.8364301,39.8555411],[32.8364149,39.8555184],[32.8363096,39.85556]]]}},{"type":"Feature","properties":{"building":"yes","source":"Bing","osm_id":272807515},"geometry":{"type":"Polygon","coordinates":[[[32.8323617,39.8564834],[32.832396,39.856544],[32.8323806,39.8565491],[32.8324376,39.85665],[32.8324523,39.8566451],[32.8324855,39.8567039],[32.8325926,39.8566682],[32.832581,39.8566478],[32.8325954,39.856643],[32.8324957,39.8564666],[32.8324836,39.8564706],[32.8324703,39.8564472],[32.8323617,39.8564834]]]}},{"type":"Feature","properties":{"building":"yes","source":"Bing","osm_id":272807519},"geometry":{"type":"Polygon","coordinates":[[[32.8316461,39.8567634],[32.8316821,39.8568234],[32.8316669,39.8568288],[32.8317268,39.8569287],[32.8317414,39.8569235],[32.8317764,39.8569817],[32.8318823,39.8569442],[32.8318702,39.856924],[32.8318844,39.856919],[32.8317795,39.8567443],[32.8317675,39.8567485],[32.8317536,39.8567254],[32.8316461,39.8567634]]]}},{"type":"Feature","properties":{"building":"yes","source":"Bing","osm_id":272807520},"geometry":{"type":"Polygon","coordinates":[[[32.8328612,39.8563975],[32.83288,39.8564619],[32.8328637,39.8564648],[32.8328951,39.8565721],[32.8329107,39.8565694],[32.832929,39.8566319],[32.8330428,39.8566123],[32.8330365,39.8565906],[32.8330518,39.8565879],[32.8329969,39.8564002],[32.832984,39.8564025],[32.8329767,39.8563776],[32.8328612,39.8563975]]]}},{"type":"Feature","properties":{"building":"yes","source":"Bing","osm_id":272807521},"geometry":{"type":"Polygon","coordinates":[[[32.8332872,39.8563187],[32.8333116,39.856382],[32.8332955,39.8563857],[32.833336,39.8564912],[32.8333514,39.8564877],[32.833375,39.8565491],[32.8334869,39.8565238],[32.8334787,39.8565025],[32.8334937,39.8564991],[32.8334229,39.8563145],[32.8334102,39.8563174],[32.8334008,39.856293],[32.8332872,39.8563187]]]}},{"type":"Feature","properties":{"building":"yes","source":"Bing","osm_id":272807522},"geometry":{"type":"Polygon","coordinates":[[[32.8343336,39.8560663],[32.8343572,39.8561298],[32.8343411,39.8561333],[32.8343804,39.8562391],[32.8343958,39.8562357],[32.8344187,39.8562973],[32.8345309,39.8562728],[32.834523,39.8562514],[32.834538,39.8562481],[32.8344693,39.8560631],[32.8344566,39.8560659],[32.8344474,39.8560413],[32.8343336,39.8560663]]]}},{"type":"Feature","properties":{"building":"yes","source":"Bing","osm_id":272807523},"geometry":{"type":"Polygon","coordinates":[[[32.8351125,39.8565103],[32.8351518,39.856569],[32.8351369,39.8565749],[32.8352023,39.8566728],[32.8352166,39.8566671],[32.8352547,39.8567241],[32.8353585,39.8566832],[32.8353453,39.8566634],[32.8353592,39.8566579],[32.8352447,39.8564868],[32.835233,39.8564914],[32.8352178,39.8564688],[32.8351125,39.8565103]]]}},{"type":"Feature","properties":{"building":"yes","source":"Bing","osm_id":272807524},"geometry":{"type":"Polygon","coordinates":[[[32.8347319,39.8559279],[32.8347712,39.8559867],[32.8347562,39.8559926],[32.8348217,39.8560904],[32.834836,39.8560848],[32.8348741,39.8561418],[32.8349779,39.8561009],[32.8349647,39.8560811],[32.8349786,39.8560756],[32.8348641,39.8559045],[32.8348524,39.8559091],[32.8348372,39.8558864],[32.8347319,39.8559279]]]}},{"type":"Feature","properties":{"building":"yes","source":"Bing","osm_id":272807525},"geometry":{"type":"Polygon","coordinates":[[[32.8336408,39.8562294],[32.8336634,39.8562931],[32.8336472,39.8562965],[32.8336849,39.8564026],[32.8337004,39.8563994],[32.8337224,39.8564612],[32.8338349,39.8564376],[32.8338273,39.8564162],[32.8338424,39.856413],[32.8337765,39.8562274],[32.8337637,39.8562301],[32.833755,39.8562055],[32.8336408,39.8562294]]]}},{"type":"Feature","properties":{"building":"yes","source":"Bing","osm_id":272807526},"geometry":{"type":"Polygon","coordinates":[[[32.8356241,39.855575],[32.8356634,39.8556338],[32.8356485,39.8556397],[32.8357139,39.8557375],[32.8357282,39.8557319],[32.8357663,39.8557889],[32.8358701,39.8557479],[32.8358569,39.8557282],[32.8358708,39.8557227],[32.8357563,39.8555515],[32.8357446,39.8555562],[32.8357294,39.8555335],[32.8356241,39.855575]]]}},{"type":"Feature","properties":{"building":"yes","source":"Bing","osm_id":272807527},"geometry":{"type":"Polygon","coordinates":[[[32.8339875,39.8561498],[32.8340131,39.8562129],[32.8339971,39.8562167],[32.8340397,39.8563217],[32.8340551,39.856318],[32.8340799,39.8563792],[32.8341913,39.8563526],[32.8341827,39.8563313],[32.8341976,39.8563277],[32.8341231,39.8561441],[32.8341104,39.8561471],[32.8341006,39.8561228],[32.8339875,39.8561498]]]}},{"type":"Feature","properties":{"building":"yes","source":"Bing","osm_id":272807528},"geometry":{"type":"Polygon","coordinates":[[[32.8359265,39.8560305],[32.8359658,39.8560893],[32.8359509,39.8560951],[32.8360163,39.856193],[32.8360306,39.8561873],[32.8360687,39.8562443],[32.8361725,39.8562034],[32.8361593,39.8561836],[32.8361732,39.8561782],[32.8360587,39.856007],[32.836047,39.8560117],[32.8360318,39.855989],[32.8359265,39.8560305]]]}},{"type":"Feature","properties":{"building":"yes","source":"Bing","osm_id":272807529},"geometry":{"type":"Polygon","coordinates":[[[32.8322502,39.8574665],[32.8323306,39.857443],[32.8323366,39.8574551],[32.8324706,39.8574161],[32.8324649,39.8574046],[32.8325429,39.8573818],[32.8325015,39.8572981],[32.8324744,39.857306],[32.8324689,39.8572947],[32.8322346,39.857363],[32.8322393,39.8573724],[32.8322082,39.8573815],[32.8322502,39.8574665]]]}},{"type":"Feature","properties":{"building":"yes","source":"Bing","osm_id":272807530},"geometry":{"type":"Polygon","coordinates":[[[32.8312997,39.8569039],[32.831334,39.8569645],[32.8313186,39.8569696],[32.8313758,39.8570704],[32.8313906,39.8570655],[32.8314239,39.8571243],[32.8315308,39.8570885],[32.8315193,39.8570681],[32.8315336,39.8570633],[32.8314336,39.8568869],[32.8314215,39.856891],[32.8314082,39.8568676],[32.8312997,39.8569039]]]}},{"type":"Feature","properties":{"building":"yes","source":"Bing","osm_id":272807531},"geometry":{"type":"Polygon","coordinates":[[[32.8347204,39.8563058],[32.8347597,39.8563646],[32.8347448,39.8563705],[32.8348103,39.8564683],[32.8348246,39.8564627],[32.8348627,39.8565197],[32.8349665,39.8564788],[32.8349532,39.856459],[32.8349672,39.8564535],[32.8348527,39.8562823],[32.8348409,39.856287],[32.8348258,39.8562643],[32.8347204,39.8563058]]]}},{"type":"Feature","properties":{"building":"yes","source":"Bing","osm_id":272807532},"geometry":{"type":"Polygon","coordinates":[[[32.835385,39.8563531],[32.8354243,39.8564118],[32.8354094,39.8564177],[32.8354748,39.8565155],[32.8354891,39.8565099],[32.8355272,39.8565669],[32.835631,39.856526],[32.8356178,39.8565062],[32.8356317,39.8565007],[32.8355172,39.8563296],[32.8355055,39.8563342],[32.8354903,39.8563115],[32.835385,39.8563531]]]}},{"type":"Feature","properties":{"building":"yes","source":"Bing","osm_id":272807533},"geometry":{"type":"Polygon","coordinates":[[[32.8350263,39.8558065],[32.8350657,39.8558652],[32.8350507,39.8558711],[32.8351162,39.8559689],[32.8351305,39.8559633],[32.8351686,39.8560203],[32.8352724,39.8559794],[32.8352591,39.8559596],[32.8352731,39.8559541],[32.8351586,39.855783],[32.8351468,39.8557876],[32.8351317,39.8557649],[32.8350263,39.8558065]]]}},{"type":"Feature","properties":{"building":"yes","source":"Bing","osm_id":272807534},"geometry":{"type":"Polygon","coordinates":[[[32.8353279,39.8556944],[32.8353672,39.8557532],[32.8353522,39.8557591],[32.8354177,39.8558569],[32.835432,39.8558513],[32.8354701,39.8559083],[32.8355739,39.8558674],[32.8355607,39.8558476],[32.8355746,39.8558421],[32.8354601,39.855671],[32.8354483,39.8556756],[32.8354332,39.8556529],[32.8353279,39.8556944]]]}},{"type":"Feature","properties":{"building":"yes","source":"Bing","osm_id":272807535},"geometry":{"type":"Polygon","coordinates":[[[32.8356593,39.8561931],[32.8356986,39.8562519],[32.8356836,39.8562578],[32.8357491,39.8563556],[32.8357634,39.85635],[32.8358015,39.856407],[32.8359053,39.8563661],[32.8358921,39.8563463],[32.835906,39.8563408],[32.8357915,39.8561697],[32.8357797,39.8561743],[32.8357646,39.8561516],[32.8356593,39.8561931]]]}},{"type":"Feature","properties":{"building":"yes","source":"Bing","osm_id":272807536},"geometry":{"type":"Polygon","coordinates":[[[32.8359326,39.8554569],[32.8359719,39.8555157],[32.835957,39.8555216],[32.8360225,39.8556194],[32.8360368,39.8556138],[32.8360749,39.8556708],[32.8361787,39.8556299],[32.8361654,39.8556101],[32.8361794,39.8556046],[32.8360649,39.8554334],[32.8360531,39.8554381],[32.836038,39.8554154],[32.8359326,39.8554569]]]}},{"type":"Feature","properties":{"building":"yes","source":"Bing","osm_id":272807537},"geometry":{"type":"Polygon","coordinates":[[[32.8339126,39.8602898],[32.8339135,39.8604497],[32.8340172,39.8604483],[32.834019,39.8604693],[32.8340594,39.8604672],[32.8340594,39.8604801],[32.8341992,39.860476],[32.8341992,39.8603289],[32.8341719,39.8603107],[32.8341895,39.8602911],[32.8341341,39.8602594],[32.8340155,39.8602621],[32.8340155,39.8602871],[32.8339126,39.8602898]]]}},{"type":"Feature","properties":{"building":"yes","source":"Bing","osm_id":272807538},"geometry":{"type":"Polygon","coordinates":[[[32.834693,39.8586458],[32.8347199,39.858718],[32.8347934,39.8587019],[32.8347987,39.8587159],[32.834869,39.8587005],[32.8348732,39.8587116],[32.8349861,39.8586868],[32.8349207,39.8585116],[32.8348156,39.8585347],[32.8348209,39.858549],[32.8347474,39.8585652],[32.834757,39.8585908],[32.8346986,39.8586037],[32.8347127,39.8586415],[32.834693,39.8586458]]]}},{"type":"Feature","properties":{"building":"yes","source":"Bing","osm_id":272807539},"geometry":{"type":"Polygon","coordinates":[[[32.8343069,39.8602243],[32.834369,39.8602844],[32.8344051,39.8602663],[32.8344361,39.8603025],[32.8345194,39.8602548],[32.8344697,39.8602119],[32.8344846,39.8602014],[32.8344598,39.8601804],[32.834471,39.8601718],[32.8344598,39.8600487],[32.8343106,39.8600659],[32.8343044,39.8600764],[32.8342696,39.8600621],[32.8342559,39.8600783],[32.8341838,39.8600516],[32.8341465,39.8601193],[32.834195,39.8601365],[32.8341788,39.8601661],[32.8342658,39.8601985],[32.8342932,39.8601584],[32.8343491,39.8602023],[32.8343069,39.8602243]]]}},{"type":"Feature","properties":{"building":"yes","source":"Bing","osm_id":272807540},"geometry":{"type":"Polygon","coordinates":[[[32.8344197,39.8607294],[32.8344395,39.8606874],[32.8344557,39.8606912],[32.8344793,39.8606407],[32.8346285,39.8606817],[32.8345962,39.8607514],[32.8346198,39.860758],[32.8346061,39.8607838],[32.8346571,39.8609136],[32.8344818,39.8609231],[32.8344545,39.8609393],[32.8344433,39.8609288],[32.8343674,39.8609785],[32.834263,39.8608773],[32.834319,39.8608449],[32.8343078,39.8608325],[32.8343476,39.8608057],[32.8343749,39.8608248],[32.8343998,39.8608048],[32.834457,39.860843],[32.8344992,39.8607848],[32.8344395,39.8607733],[32.8344545,39.8607418],[32.8344197,39.8607294]]]}},{"type":"Feature","properties":{"building":"yes","source":"Bing","osm_id":272807541},"geometry":{"type":"Polygon","coordinates":[[[32.8329389,39.8611301],[32.8331639,39.861384],[32.833342,39.861291],[32.833117,39.8610371],[32.8329389,39.8611301]]]}},{"type":"Feature","properties":{"building":"yes","source":"Bing","osm_id":272807542},"geometry":{"type":"Polygon","coordinates":[[[32.8349109,39.8596604],[32.8353423,39.8596566],[32.8353405,39.8595382],[32.8349091,39.859542],[32.8349109,39.8596604]]]}},{"type":"Feature","properties":{"building":"yes","source":"Bing","osm_id":272807543},"geometry":{"type":"Polygon","coordinates":[[[32.8343105,39.8593579],[32.8346511,39.859355],[32.8346493,39.8592271],[32.8343087,39.8592299],[32.8343105,39.8593579]]]}},{"type":"Feature","properties":{"building":"yes","source":"Bing","osm_id":272807544},"geometry":{"type":"Polygon","coordinates":[[[32.8343132,39.8586692],[32.8345393,39.8586715],[32.834543,39.8584597],[32.8343169,39.8584573],[32.8343132,39.8586692]]]}},{"type":"Feature","properties":{"building":"yes","source":"Bing","osm_id":272807545},"geometry":{"type":"Polygon","coordinates":[[[32.8281497,39.8664357],[32.8284028,39.8665099],[32.8284978,39.866319],[32.8282446,39.8662448],[32.8281497,39.8664357]]]}},{"type":"Feature","properties":{"building":"yes","source":"Bing","osm_id":272807546},"geometry":{"type":"Polygon","coordinates":[[[32.8333275,39.8594405],[32.8335935,39.8594396],[32.8335925,39.8592821],[32.8333265,39.859283],[32.8333275,39.8594405]]]}},{"type":"Feature","properties":{"building":"yes","source":"Bing","osm_id":272807547},"geometry":{"type":"Polygon","coordinates":[[[32.8348215,39.8603863],[32.8350606,39.8603607],[32.8350328,39.860208],[32.8347937,39.8602336],[32.8348215,39.8603863]]]}},{"type":"Feature","properties":{"building":"yes","source":"Bing","osm_id":272807548},"geometry":{"type":"Polygon","coordinates":[[[32.8300336,39.8673563],[32.8303519,39.8675089],[32.8304756,39.8673569],[32.8301574,39.8672043],[32.8300336,39.8673563]]]}},{"type":"Feature","properties":{"building":"yes","source":"Bing","osm_id":272807549},"geometry":{"type":"Polygon","coordinates":[[[32.8329713,39.8607504],[32.8330894,39.8609088],[32.8333038,39.8608146],[32.8331857,39.8606562],[32.8329713,39.8607504]]]}},{"type":"Feature","properties":{"building":"yes","source":"Bing","osm_id":272807550},"geometry":{"type":"Polygon","coordinates":[[[32.8349209,39.8595058],[32.8352801,39.8595039],[32.8352791,39.8593856],[32.8349198,39.8593875],[32.8349209,39.8595058]]]}},{"type":"Feature","properties":{"building":"yes","source":"Bing","osm_id":272807551},"geometry":{"type":"Polygon","coordinates":[[[32.830906,39.8660526],[32.831023,39.8661997],[32.8312878,39.8660756],[32.8311708,39.8659285],[32.830906,39.8660526]]]}},{"type":"Feature","properties":{"building":"yes","source":"Bing","osm_id":272807552},"geometry":{"type":"Polygon","coordinates":[[[32.8334977,39.8584659],[32.8336875,39.858469],[32.8336925,39.8582906],[32.8335027,39.8582875],[32.8334977,39.8584659]]]}},{"type":"Feature","properties":{"building":"yes","source":"Bing","osm_id":272807553},"geometry":{"type":"Polygon","coordinates":[[[32.8341777,39.8581978],[32.8342486,39.8583896],[32.8344812,39.8583389],[32.8344103,39.8581471],[32.8341777,39.8581978]]]}},{"type":"Feature","properties":{"building":"yes","source":"Bing","osm_id":272807554},"geometry":{"type":"Polygon","coordinates":[[[32.8329718,39.866688],[32.8331868,39.8666231],[32.8330264,39.8665121],[32.8328983,39.8665445],[32.8329718,39.866688]]]}},{"type":"Feature","properties":{"building":"yes","source":"Bing","osm_id":272807555},"geometry":{"type":"Polygon","coordinates":[[[32.8352786,39.8603796],[32.8355177,39.8603472],[32.8354851,39.8602056],[32.835246,39.860238],[32.8352786,39.8603796]]]}},{"type":"Feature","properties":{"building":"yes","source":"Bing","osm_id":272807556},"geometry":{"type":"Polygon","coordinates":[[[32.8305008,39.8668805],[32.8307619,39.8669769],[32.8308373,39.8668565],[32.8305763,39.8667601],[32.8305008,39.8668805]]]}},{"type":"Feature","properties":{"building":"yes","source":"Bing","osm_id":272807557},"geometry":{"type":"Polygon","coordinates":[[[32.8308862,39.8657053],[32.8310962,39.8658808],[32.8312481,39.8657738],[32.831038,39.8655982],[32.8308862,39.8657053]]]}},{"type":"Feature","properties":{"building":"yes","source":"Bing","osm_id":272807558},"geometry":{"type":"Polygon","coordinates":[[[32.8337874,39.8582684],[32.8338421,39.8584888],[32.8340615,39.8584567],[32.8340068,39.8582363],[32.8337874,39.8582684]]]}},{"type":"Feature","properties":{"building":"yes","source":"Bing","osm_id":272807559},"geometry":{"type":"Polygon","coordinates":[[[32.8327661,39.860257],[32.833016,39.860257],[32.833016,39.8600557],[32.8327661,39.8600557],[32.8327661,39.860257]]]}},{"type":"Feature","properties":{"building":"yes","source":"Bing","osm_id":272807560},"geometry":{"type":"Polygon","coordinates":[[[32.832032,39.8667825],[32.8322719,39.8667014],[32.8321899,39.8665585],[32.83195,39.8666396],[32.832032,39.8667825]]]}},{"type":"Feature","properties":{"building":"yes","source":"Bing","osm_id":272807561},"geometry":{"type":"Polygon","coordinates":[[[32.8337961,39.85964],[32.8340933,39.8596362],[32.8340898,39.8594777],[32.8337927,39.8594815],[32.8337961,39.85964]]]}},{"type":"Feature","properties":{"building":"yes","source":"Bing","osm_id":272807562},"geometry":{"type":"Polygon","coordinates":[[[32.8273497,39.8654061],[32.8275888,39.865487],[32.8276959,39.8653007],[32.8274568,39.8652198],[32.8273497,39.8654061]]]}},{"type":"Feature","properties":{"building":"yes","source":"Bing","osm_id":272807563},"geometry":{"type":"Polygon","coordinates":[[[32.8322483,39.8660735],[32.8325031,39.8660249],[32.8324465,39.8658503],[32.8321917,39.865899],[32.8322483,39.8660735]]]}},{"type":"Feature","properties":{"building":"yes","source":"Bing","osm_id":272807564},"geometry":{"type":"Polygon","coordinates":[[[32.8349024,39.8607237],[32.8351889,39.8606927],[32.8351673,39.860575],[32.8348807,39.860606],[32.8349024,39.8607237]]]}},{"type":"Feature","properties":{"building":"yes","source":"Bing","osm_id":272807565},"geometry":{"type":"Polygon","coordinates":[[[32.833489,39.8585814],[32.8334928,39.8587387],[32.8336942,39.8587358],[32.8336904,39.8585785],[32.833489,39.8585814]]]}},{"type":"Feature","properties":{"building":"yes","source":"Bing","osm_id":272807566},"geometry":{"type":"Polygon","coordinates":[[[32.8333305,39.8610958],[32.8334573,39.8612618],[32.8336593,39.8611709],[32.8335325,39.8610049],[32.8333305,39.8610958]]]}},{"type":"Feature","properties":{"building":"yes","source":"Bing","osm_id":272807567},"geometry":{"type":"Polygon","coordinates":[[[32.8339364,39.8607425],[32.83423,39.860729],[32.8342161,39.8605512],[32.8339225,39.8605647],[32.8339364,39.8607425]]]}},{"type":"Feature","properties":{"building":"yes","source":"Bing","osm_id":272807568},"geometry":{"type":"Polygon","coordinates":[[[32.8343751,39.8591899],[32.8347133,39.8591861],[32.8347103,39.8590306],[32.8343721,39.8590344],[32.8343751,39.8591899]]]}},{"type":"Feature","properties":{"building":"yes","source":"Bing","osm_id":272807569},"geometry":{"type":"Polygon","coordinates":[[[32.8323596,39.8602732],[32.8326182,39.8602694],[32.832613,39.8600623],[32.8323544,39.8600661],[32.8323596,39.8602732]]]}},{"type":"Feature","properties":{"building":"yes","source":"Bing","osm_id":272807570},"geometry":{"type":"Polygon","coordinates":[[[32.8318032,39.8664352],[32.8318908,39.8665953],[32.8321158,39.8665228],[32.8320282,39.8663626],[32.8318032,39.8664352]]]}},{"type":"Feature","properties":{"building":"yes","source":"Bing","osm_id":272807571},"geometry":{"type":"Polygon","coordinates":[[[32.8348848,39.8607602],[32.8349081,39.8608735],[32.8351981,39.8608385],[32.8351749,39.8607251],[32.8348848,39.8607602]]]}},{"type":"Feature","properties":{"building":"yes","source":"Bing","osm_id":272807572},"geometry":{"type":"Polygon","coordinates":[[[32.8306403,39.8673505],[32.8308566,39.8674479],[32.8309614,39.8673106],[32.8307451,39.8672133],[32.8306403,39.8673505]]]}},{"type":"Feature","properties":{"building":"yes","source":"Bing","osm_id":272807573},"geometry":{"type":"Polygon","coordinates":[[[32.832832,39.8605585],[32.8329626,39.860715],[32.8331744,39.8606109],[32.8330438,39.8604544],[32.832832,39.8605585]]]}},{"type":"Feature","properties":{"building":"yes","source":"Bing","osm_id":272807574},"geometry":{"type":"Polygon","coordinates":[[[32.8332858,39.8610681],[32.8334652,39.8609878],[32.8333558,39.8608437],[32.8331764,39.860924],[32.8332858,39.8610681]]]}},{"type":"Feature","properties":{"building":"yes","source":"Bing","osm_id":272807575},"geometry":{"type":"Polygon","coordinates":[[[32.8347978,39.859168],[32.8351397,39.859189],[32.8351535,39.8590565],[32.8348116,39.8590355],[32.8347978,39.859168]]]}},{"type":"Feature","properties":{"building":"yes","source":"Bing","osm_id":272807576},"geometry":{"type":"Polygon","coordinates":[[[32.8280002,39.8660659],[32.8282516,39.8661428],[32.8283492,39.8659549],[32.8280978,39.865878],[32.8280002,39.8660659]]]}},{"type":"Feature","properties":{"building":"yes","source":"Bing","osm_id":272807577},"geometry":{"type":"Polygon","coordinates":[[[32.8345432,39.8583352],[32.834803,39.8582741],[32.8347404,39.8581171],[32.8344806,39.8581781],[32.8345432,39.8583352]]]}},{"type":"Feature","properties":{"building":"yes","source":"Bing","osm_id":272807578},"geometry":{"type":"Polygon","coordinates":[[[32.8333175,39.8592449],[32.833601,39.8592392],[32.8335951,39.8590683],[32.8333117,39.859074],[32.8333175,39.8592449]]]}},{"type":"Feature","properties":{"building":"yes","source":"Bing","osm_id":272807579},"geometry":{"type":"Polygon","coordinates":[[[32.8325491,39.8665668],[32.8328848,39.8664552],[32.8328126,39.8663275],[32.832477,39.8664391],[32.8325491,39.8665668]]]}},{"type":"Feature","properties":{"building":"yes","source":"Bing","osm_id":272807580},"geometry":{"type":"Polygon","coordinates":[[[32.8348786,39.8593445],[32.8352242,39.8593464],[32.8352252,39.8592349],[32.8348796,39.8592329],[32.8348786,39.8593445]]]}},{"type":"Feature","properties":{"building":"yes","source":"Bing","osm_id":272807581},"geometry":{"type":"Polygon","coordinates":[[[32.8325349,39.860736],[32.8327587,39.8609899],[32.8329912,39.8608691],[32.8327674,39.8606153],[32.8325349,39.860736]]]}},{"type":"Feature","properties":{"building":"yes","source":"Bing","osm_id":272807582},"geometry":{"type":"Polygon","coordinates":[[[32.8293096,39.8654008],[32.8295636,39.8654812],[32.8296796,39.8652653],[32.8294256,39.8651849],[32.8293096,39.8654008]]]}},{"type":"Feature","properties":{"building":"yes","source":"Bing","osm_id":272807583},"geometry":{"type":"Polygon","coordinates":[[[32.8343194,39.8588562],[32.8346165,39.8588495],[32.8346108,39.8586982],[32.8343137,39.8587049],[32.8343194,39.8588562]]]}},{"type":"Feature","properties":{"building":"yes","source":"Bing","osm_id":272807584},"geometry":{"type":"Polygon","coordinates":[[[32.8338471,39.8594358],[32.8341094,39.8594291],[32.8341027,39.8592742],[32.8338404,39.8592809],[32.8338471,39.8594358]]]}},{"type":"Feature","properties":{"building":"yes","source":"Bing","osm_id":272807585},"geometry":{"type":"Polygon","coordinates":[[[32.8323813,39.8664352],[32.8326734,39.8663302],[32.8326024,39.8662137],[32.8323102,39.8663186],[32.8323813,39.8664352]]]}},{"type":"Feature","properties":{"building":"yes","source":"Bing","osm_id":272807586},"geometry":{"type":"Polygon","coordinates":[[[32.8343092,39.8596652],[32.8347257,39.8596614],[32.8347238,39.8595393],[32.8343073,39.8595431],[32.8343092,39.8596652]]]}},{"type":"Feature","properties":{"building":"yes","source":"Bing","osm_id":272807587},"geometry":{"type":"Polygon","coordinates":[[[32.8300279,39.8667162],[32.8302863,39.8668147],[32.8303786,39.8666721],[32.8301202,39.8665736],[32.8300279,39.8667162]]]}},{"type":"Feature","properties":{"building":"yes","source":"Bing","osm_id":272807588},"geometry":{"type":"Polygon","coordinates":[[[32.8342893,39.8595125],[32.8346175,39.8595077],[32.8346145,39.8593846],[32.8342863,39.8593894],[32.8342893,39.8595125]]]}},{"type":"Feature","properties":{"building":"yes","source":"Bing","osm_id":272807589},"geometry":{"type":"Polygon","coordinates":[[[32.8332093,39.8585279],[32.8332197,39.8586828],[32.8334061,39.8587067],[32.8333983,39.8585232],[32.8332093,39.8585279]]]}},{"type":"Feature","properties":{"building":"yes","source":"Bing","osm_id":272807590},"geometry":{"type":"Polygon","coordinates":[[[32.8316963,39.866231],[32.8317775,39.866391],[32.8320423,39.8663118],[32.8319611,39.8661518],[32.8316963,39.866231]]]}},{"type":"Feature","properties":{"building":"yes","source":"Bing","osm_id":272807591},"geometry":{"type":"Polygon","coordinates":[[[32.8352874,39.8607709],[32.8355986,39.8607318],[32.835562,39.8605604],[32.8352508,39.8605995],[32.8352874,39.8607709]]]}},{"type":"Feature","properties":{"building":"yes","source":"Bing","osm_id":272807592},"geometry":{"type":"Polygon","coordinates":[[[32.8338098,39.8592401],[32.8341069,39.8592287],[32.8340925,39.8590075],[32.8337954,39.859019],[32.8338098,39.8592401]]]}},{"type":"Feature","properties":{"building":"yes","source":"Bing","osm_id":272807593},"geometry":{"type":"Polygon","coordinates":[[[32.8348602,39.8605753],[32.8350975,39.8605469],[32.8350663,39.860393],[32.834829,39.8604214],[32.8348602,39.8605753]]]}},{"type":"Feature","properties":{"building":"yes","source":"Bing","osm_id":272807594},"geometry":{"type":"Polygon","coordinates":[[[32.8301331,39.8670948],[32.8303767,39.8672036],[32.8304668,39.8670847],[32.8302231,39.8669759],[32.8301331,39.8670948]]]}},{"type":"Feature","properties":{"building":"yes","source":"Bing","osm_id":272807595},"geometry":{"type":"Polygon","coordinates":[[[32.833944,39.8588123],[32.8340932,39.8588146],[32.8340994,39.8585722],[32.8339502,39.8585699],[32.833944,39.8588123]]]}},{"type":"Feature","properties":{"building":"yes","source":"Bing","osm_id":272807596},"geometry":{"type":"Polygon","coordinates":[[[32.8312247,39.8668892],[32.831383,39.8669613],[32.8314832,39.8668318],[32.8313249,39.8667596],[32.8312247,39.8668892]]]}},{"type":"Feature","properties":{"building":"yes","source":"Bing","osm_id":272807597},"geometry":{"type":"Polygon","coordinates":[[[32.8332292,39.8584525],[32.8334542,39.8584344],[32.833435,39.858294],[32.83321,39.8583121],[32.8332292,39.8584525]]]}},{"type":"Feature","properties":{"building":"yes","source":"Bing","osm_id":272807598},"geometry":{"type":"Polygon","coordinates":[[[32.8326443,39.8603228],[32.8323547,39.8603858],[32.8324193,39.8605609],[32.8327089,39.8604979],[32.8326443,39.8603228]]]}},{"type":"Feature","properties":{"building":"yes","source":"Bing","osm_id":272807599},"geometry":{"type":"Polygon","coordinates":[[[32.8320556,39.8668588],[32.8321565,39.8670108],[32.83242,39.8669078],[32.8323191,39.8667558],[32.8320556,39.8668588]]]}},{"type":"Feature","properties":{"building":"yes","source":"Bing","osm_id":272807600},"geometry":{"type":"Polygon","coordinates":[[[32.8280582,39.8654641],[32.8283009,39.8655437],[32.8284083,39.8653508],[32.8281657,39.8652711],[32.8280582,39.8654641]]]}},{"type":"Feature","properties":{"building":"yes","source":"Bing","osm_id":272807601},"geometry":{"type":"Polygon","coordinates":[[[32.8315546,39.8660668],[32.8316319,39.8662064],[32.8319066,39.8661167],[32.8318293,39.8659772],[32.8315546,39.8660668]]]}},{"type":"Feature","properties":{"building":"yes","source":"Bing","osm_id":272807602},"geometry":{"type":"Polygon","coordinates":[[[32.834624,39.8583619],[32.8346874,39.8585232],[32.8348927,39.8584756],[32.8348293,39.8583143],[32.834624,39.8583619]]]}},{"type":"Feature","properties":{"building":"yes","source":"Bing","osm_id":272807603},"geometry":{"type":"Polygon","coordinates":[[[32.8353208,39.8605577],[32.8355757,39.8605267],[32.8355462,39.8603839],[32.8352913,39.860415],[32.8353208,39.8605577]]]}},{"type":"Feature","properties":{"building":"yes","source":"Bing","osm_id":272807604},"geometry":{"type":"Polygon","coordinates":[[[32.8298745,39.8670299],[32.830061,39.8670929],[32.8301385,39.8669577],[32.829952,39.8668947],[32.8298745,39.8670299]]]}},{"type":"Feature","properties":{"building":"yes","source":"Bing","osm_id":272807605},"geometry":{"type":"Polygon","coordinates":[[[32.8337327,39.858777],[32.8339183,39.8587704],[32.8339071,39.8585853],[32.8337215,39.8585919],[32.8337327,39.858777]]]}},{"type":"Feature","properties":{"building":"yes","source":"Bing","osm_id":272807606},"geometry":{"type":"Polygon","coordinates":[[[32.8327599,39.8604488],[32.8330011,39.8604479],[32.8330001,39.8602951],[32.8327589,39.8602961],[32.8327599,39.8604488]]]}},{"type":"Feature","properties":{"building":"yes","source":"Bing","osm_id":272807607},"geometry":{"type":"Polygon","coordinates":[[[32.8333026,39.859661],[32.8335898,39.8596581],[32.8335867,39.8594749],[32.8332995,39.8594777],[32.8333026,39.859661]]]}},{"type":"Feature","properties":{"building":"yes","source":"Bing","osm_id":272807608},"geometry":{"type":"Polygon","coordinates":[[[32.8282903,39.8668121],[32.8285364,39.8668877],[32.8286315,39.8667053],[32.8283854,39.8666297],[32.8282903,39.8668121]]]}},{"type":"Feature","properties":{"building":"yes","source":"Bing","osm_id":272807609},"geometry":{"type":"Polygon","coordinates":[[[32.8277488,39.8652482],[32.8279826,39.8653116],[32.8280724,39.8651165],[32.8278386,39.8650531],[32.8277488,39.8652482]]]}},{"type":"Feature","properties":{"building":"yes","source":"Bing","osm_id":272807610},"geometry":{"type":"Polygon","coordinates":[[[32.8303966,39.8675394],[32.8305371,39.8676371],[32.8307037,39.8674958],[32.8305632,39.8673982],[32.8303966,39.8675394]]]}},{"type":"Feature","properties":{"building":"yes","source":"Bing","osm_id":272807611},"geometry":{"type":"Polygon","coordinates":[[[32.8321389,39.8658502],[32.8323771,39.8658173],[32.8323676,39.8657644],[32.8323465,39.8657672],[32.8323365,39.8656842],[32.8322602,39.8656169],[32.8320891,39.8656384],[32.8321389,39.8658502]]]}},{"type":"Feature","properties":{"building":"yes","source":"Bing","osm_id":272807612},"geometry":{"type":"Polygon","coordinates":[[[32.8347553,39.8600578],[32.8347789,39.8602037],[32.8349529,39.8601871],[32.8349417,39.8601173],[32.8350024,39.8601115],[32.8350076,39.8601432],[32.8350868,39.8601356],[32.8350694,39.8600279],[32.8347553,39.8600578]]]}},{"type":"Feature","properties":{"building":"yes","source":"Bing","osm_id":272807613},"geometry":{"type":"Polygon","coordinates":[[[32.8332293,39.8588365],[32.8337004,39.8589166],[32.8336669,39.8590226],[32.8335488,39.8590035],[32.8335401,39.8590264],[32.8333039,39.8589901],[32.8333126,39.8589596],[32.8332007,39.8589405],[32.8332293,39.8588365]]]}},{"type":"Feature","properties":{"building":"yes","source":"Bing","osm_id":272808381},"geometry":{"type":"Polygon","coordinates":[[[32.8291073,39.8567162],[32.8292403,39.8568756],[32.82938,39.8568069],[32.829247,39.8566475],[32.8291073,39.8567162]]]}},{"type":"Feature","properties":{"building":"yes","source":"Bing","osm_id":272808382},"geometry":{"type":"Polygon","coordinates":[[[32.8284257,39.8563075],[32.8285701,39.8564466],[32.8287417,39.8563416],[32.8285973,39.8562025],[32.8284257,39.8563075]]]}},{"type":"Feature","properties":{"building":"yes","source":"Bing","osm_id":272808383},"geometry":{"type":"Polygon","coordinates":[[[32.8302882,39.8551668],[32.8302907,39.85535],[32.8304536,39.8553487],[32.8304511,39.8551655],[32.8302882,39.8551668]]]}},{"type":"Feature","properties":{"building":"yes","source":"Bing","osm_id":272808384},"geometry":{"type":"Polygon","coordinates":[[[32.8269574,39.8563271],[32.8272159,39.8565304],[32.8273239,39.8564494],[32.8270654,39.8562462],[32.8269574,39.8563271]]]}},{"type":"Feature","properties":{"building":"yes","source":"Bing","osm_id":272808385},"geometry":{"type":"Polygon","coordinates":[[[32.827968,39.8566001],[32.828069,39.8566859],[32.8282866,39.8565351],[32.8281856,39.8564493],[32.827968,39.8566001]]]}},{"type":"Feature","properties":{"building":"yes","source":"Bing","osm_id":272808386},"geometry":{"type":"Polygon","coordinates":[[[32.8259598,39.8553626],[32.826102,39.855441],[32.8262735,39.8552578],[32.8261314,39.8551794],[32.8259598,39.8553626]]]}},{"type":"Feature","properties":{"building":"yes","source":"Bing","osm_id":272808387},"geometry":{"type":"Polygon","coordinates":[[[32.8298093,39.8565119],[32.8298751,39.8566317],[32.8301051,39.8565572],[32.8300393,39.8564374],[32.8298093,39.8565119]]]}},{"type":"Feature","properties":{"building":"yes","source":"Bing","osm_id":272808388},"geometry":{"type":"Polygon","coordinates":[[[32.8267256,39.8559524],[32.8269817,39.8560917],[32.8270916,39.8559726],[32.8268355,39.8558333],[32.8267256,39.8559524]]]}},{"type":"Feature","properties":{"building":"yes","source":"Bing","osm_id":272808389},"geometry":{"type":"Polygon","coordinates":[[[32.8304038,39.8567758],[32.8304995,39.8569533],[32.830681,39.8568956],[32.8305853,39.8567181],[32.8304038,39.8567758]]]}},{"type":"Feature","properties":{"building":"yes","source":"Bing","osm_id":272808390},"geometry":{"type":"Polygon","coordinates":[[[32.8297214,39.8569252],[32.829893,39.8571456],[32.8300637,39.8570673],[32.8298922,39.8568469],[32.8297214,39.8569252]]]}},{"type":"Feature","properties":{"building":"yes","source":"Bing","osm_id":272808391},"geometry":{"type":"Polygon","coordinates":[[[32.8283826,39.8557026],[32.8286075,39.8559362],[32.8288885,39.8557769],[32.8286635,39.8555432],[32.8283826,39.8557026]]]}},{"type":"Feature","properties":{"building":"yes","source":"Bing","osm_id":272808392},"geometry":{"type":"Polygon","coordinates":[[[32.8290175,39.8565671],[32.8292197,39.8564685],[32.8290792,39.8562987],[32.828877,39.8563972],[32.8290175,39.8565671]]]}},{"type":"Feature","properties":{"building":"yes","source":"Bing","osm_id":272808393},"geometry":{"type":"Polygon","coordinates":[[[32.8285243,39.8569748],[32.828661,39.8571132],[32.8288132,39.8570245],[32.8286765,39.8568862],[32.8285243,39.8569748]]]}},{"type":"Feature","properties":{"building":"yes","source":"Bing","osm_id":272808394},"geometry":{"type":"Polygon","coordinates":[[[32.8258855,39.8556166],[32.8260625,39.855727],[32.8262241,39.8555743],[32.8260471,39.8554639],[32.8258855,39.8556166]]]}},{"type":"Feature","properties":{"building":"yes","source":"Bing","osm_id":272808395},"geometry":{"type":"Polygon","coordinates":[[[32.8304113,39.8566622],[32.8305525,39.8566259],[32.8304655,39.8564264],[32.8303243,39.8564627],[32.8304113,39.8566622]]]}},{"type":"Feature","properties":{"building":"yes","source":"Bing","osm_id":272808396},"geometry":{"type":"Polygon","coordinates":[[[32.8290138,39.8559544],[32.8291778,39.8561605],[32.8293472,39.8560811],[32.8291831,39.855875],[32.8290138,39.8559544]]]}},{"type":"Feature","properties":{"building":"yes","source":"Bing","osm_id":272808397},"geometry":{"type":"Polygon","coordinates":[[[32.8274796,39.8555861],[32.8276282,39.8556809],[32.8278121,39.8555111],[32.8276636,39.8554162],[32.8274796,39.8555861]]]}},{"type":"Feature","properties":{"building":"yes","source":"Bing","osm_id":272808398},"geometry":{"type":"Polygon","coordinates":[[[32.8271768,39.8568699],[32.8270145,39.8569904],[32.8272668,39.8571908],[32.8274292,39.8570703],[32.8271768,39.8568699]]]}},{"type":"Feature","properties":{"building":"yes","source":"Bing","osm_id":272808399},"geometry":{"type":"Polygon","coordinates":[[[32.8299861,39.8558243],[32.8299874,39.8560009],[32.8302249,39.8559999],[32.8302237,39.8558233],[32.8299861,39.8558243]]]}},{"type":"Feature","properties":{"building":"yes","source":"Bing","osm_id":272808400},"geometry":{"type":"Polygon","coordinates":[[[32.8284509,39.857535],[32.8285684,39.8576308],[32.8287599,39.8574924],[32.8286424,39.8573966],[32.8284509,39.857535]]]}},{"type":"Feature","properties":{"building":"yes","source":"Bing","osm_id":272808401},"geometry":{"type":"Polygon","coordinates":[[[32.8291396,39.857096],[32.8292925,39.8572974],[32.8294429,39.8572301],[32.82929,39.8570287],[32.8291396,39.857096]]]}},{"type":"Feature","properties":{"building":"yes","source":"Bing","osm_id":272808402},"geometry":{"type":"Polygon","coordinates":[[[32.8274347,39.8566945],[32.8276339,39.8568626],[32.827854,39.856709],[32.8276548,39.8565409],[32.8274347,39.8566945]]]}},{"type":"Feature","properties":{"building":"yes","source":"Bing","osm_id":272808403},"geometry":{"type":"Polygon","coordinates":[[[32.8288922,39.8567963],[32.8290961,39.8570387],[32.8292584,39.8569583],[32.8290545,39.8567159],[32.8288922,39.8567963]]]}},{"type":"Feature","properties":{"building":"yes","source":"Bing","osm_id":272808404},"geometry":{"type":"Polygon","coordinates":[[[32.8262905,39.8567993],[32.8264245,39.856917],[32.8266209,39.8567854],[32.8264869,39.8566676],[32.8262905,39.8567993]]]}},{"type":"Feature","properties":{"building":"yes","source":"Bing","osm_id":272808405},"geometry":{"type":"Polygon","coordinates":[[[32.8303156,39.8554655],[32.8303168,39.8556468],[32.8304909,39.8556461],[32.8304896,39.8554648],[32.8303156,39.8554655]]]}},{"type":"Feature","properties":{"building":"yes","source":"Bing","osm_id":272808406},"geometry":{"type":"Polygon","coordinates":[[[32.82861,39.8576524],[32.8287223,39.857742],[32.828915,39.8575999],[32.8288027,39.8575102],[32.82861,39.8576524]]]}},{"type":"Feature","properties":{"building":"yes","source":"Bing","osm_id":272808407},"geometry":{"type":"Polygon","coordinates":[[[32.828111,39.8566964],[32.8282072,39.8567791],[32.8284285,39.8566274],[32.8283323,39.8565447],[32.828111,39.8566964]]]}},{"type":"Feature","properties":{"building":"yes","source":"Bing","osm_id":272808408},"geometry":{"type":"Polygon","coordinates":[[[32.8264938,39.8556224],[32.8266184,39.8556877],[32.8268061,39.8554768],[32.8266815,39.8554115],[32.8264938,39.8556224]]]}},{"type":"Feature","properties":{"building":"yes","source":"Bing","osm_id":272808409},"geometry":{"type":"Polygon","coordinates":[[[32.8301626,39.856833],[32.8302546,39.857042],[32.8304654,39.8569703],[32.8303461,39.8567689],[32.8301626,39.856833]]]}},{"type":"Feature","properties":{"building":"yes","source":"Bing","osm_id":272808410},"geometry":{"type":"Polygon","coordinates":[[[32.8296256,39.8551591],[32.8296256,39.8553643],[32.8297934,39.8553643],[32.8297934,39.8551591],[32.8296256,39.8551591]]]}},{"type":"Feature","properties":{"building":"yes","source":"Bing","osm_id":272808411},"geometry":{"type":"Polygon","coordinates":[[[32.8286159,39.8564907],[32.8287788,39.8566606],[32.828952,39.8565628],[32.8287891,39.8563929],[32.8286159,39.8564907]]]}},{"type":"Feature","properties":{"building":"yes","source":"Bing","osm_id":272808412},"geometry":{"type":"Polygon","coordinates":[[[32.8273987,39.856037],[32.827656,39.8562661],[32.827768,39.8561919],[32.8275107,39.8559629],[32.8273987,39.856037]]]}},{"type":"Feature","properties":{"building":"yes","source":"Bing","osm_id":272808413},"geometry":{"type":"Polygon","coordinates":[[[32.826288,39.855918],[32.8264375,39.8560172],[32.8266265,39.8558492],[32.826477,39.8557501],[32.826288,39.855918]]]}},{"type":"Feature","properties":{"building":"yes","source":"Bing","osm_id":272808414},"geometry":{"type":"Polygon","coordinates":[[[32.8306089,39.8565963],[32.8306677,39.8567176],[32.8308815,39.8566565],[32.8308228,39.8565353],[32.8306089,39.8565963]]]}},{"type":"Feature","properties":{"building":"yes","source":"Bing","osm_id":272808415},"geometry":{"type":"Polygon","coordinates":[[[32.8294778,39.8565721],[32.8296381,39.8567887],[32.8297848,39.8567247],[32.8296245,39.8565081],[32.8294778,39.8565721]]]}},{"type":"Feature","properties":{"building":"yes","source":"Bing","osm_id":272808416},"geometry":{"type":"Polygon","coordinates":[[[32.8266641,39.8557025],[32.826777,39.8557646],[32.8270244,39.85561],[32.8268555,39.8555107],[32.8266641,39.8557025]]]}},{"type":"Feature","properties":{"building":"yes","source":"Bing","osm_id":272808417},"geometry":{"type":"Polygon","coordinates":[[[32.8298332,39.855182],[32.8298345,39.8553624],[32.8300223,39.8553617],[32.8300211,39.8551813],[32.8298332,39.855182]]]}},{"type":"Feature","properties":{"building":"yes","source":"Bing","osm_id":272808418},"geometry":{"type":"Polygon","coordinates":[[[32.8288211,39.8560699],[32.8289802,39.8562378],[32.8291207,39.8561594],[32.8289616,39.8559914],[32.8288211,39.8560699]]]}},{"type":"Feature","properties":{"building":"yes","source":"Bing","osm_id":272808419},"geometry":{"type":"Polygon","coordinates":[[[32.8272875,39.8572468],[32.8273916,39.8573341],[32.8275843,39.8571986],[32.8274802,39.8571113],[32.8272875,39.8572468]]]}},{"type":"Feature","properties":{"building":"yes","source":"Bing","osm_id":272808420},"geometry":{"type":"Polygon","coordinates":[[[32.8276187,39.8563472],[32.827768,39.8564741],[32.8279855,39.8563233],[32.8278363,39.8561964],[32.8276187,39.8563472]]]}},{"type":"Feature","properties":{"building":"yes","source":"Bing","osm_id":272808421},"geometry":{"type":"Polygon","coordinates":[[[32.830512,39.8562394],[32.8307705,39.8562375],[32.8307682,39.8560496],[32.8305096,39.8560515],[32.830512,39.8562394]]]}},{"type":"Feature","properties":{"building":"yes","source":"Bing","osm_id":272808422},"geometry":{"type":"Polygon","coordinates":[[[32.8295362,39.8572716],[32.8296591,39.8572158],[32.8294863,39.8569915],[32.8293634,39.8570473],[32.8295362,39.8572716]]]}},{"type":"Feature","properties":{"building":"yes","source":"Bing","osm_id":272808423},"geometry":{"type":"Polygon","coordinates":[[[32.8265143,39.8560459],[32.8267803,39.8561986],[32.826889,39.856087],[32.826623,39.8559343],[32.8265143,39.8560459]]]}},{"type":"Feature","properties":{"building":"yes","source":"Bing","osm_id":272808424},"geometry":{"type":"Polygon","coordinates":[[[32.8292888,39.8566341],[32.8294579,39.8568441],[32.8295889,39.8567819],[32.8294198,39.856572],[32.8292888,39.8566341]]]}},{"type":"Feature","properties":{"building":"yes","source":"Bing","osm_id":272808425},"geometry":{"type":"Polygon","coordinates":[[[32.8272657,39.8565772],[32.827378,39.8566786],[32.8276105,39.8565268],[32.8274981,39.8564254],[32.8272657,39.8565772]]]}},{"type":"Feature","properties":{"building":"yes","source":"Bing","osm_id":272808426},"geometry":{"type":"Polygon","coordinates":[[[32.8274255,39.8573528],[32.8275326,39.8574399],[32.8277315,39.8572958],[32.8276244,39.8572087],[32.8274255,39.8573528]]]}},{"type":"Feature","properties":{"building":"yes","source":"Bing","osm_id":272808427},"geometry":{"type":"Polygon","coordinates":[[[32.829914,39.8554798],[32.8299148,39.8556467],[32.8302592,39.8556458],[32.8302584,39.8554788],[32.829914,39.8554798]]]}},{"type":"Feature","properties":{"building":"yes","source":"Bing","osm_id":272808428},"geometry":{"type":"Polygon","coordinates":[[[32.8255471,39.8562425],[32.8258206,39.8564467],[32.8259839,39.8563178],[32.8257104,39.8561136],[32.8255471,39.8562425]]]}},{"type":"Feature","properties":{"building":"yes","source":"Bing","osm_id":272808429},"geometry":{"type":"Polygon","coordinates":[[[32.8299302,39.8561316],[32.8299484,39.8563011],[32.8302343,39.856283],[32.8302161,39.8561135],[32.8299302,39.8561316]]]}},{"type":"Feature","properties":{"building":"yes","source":"Bing","osm_id":272808430},"geometry":{"type":"Polygon","coordinates":[[[32.8282291,39.8568157],[32.8283222,39.8569105],[32.8285746,39.8567645],[32.8284815,39.8566697],[32.8282291,39.8568157]]]}},{"type":"Feature","properties":{"building":"yes","source":"Bing","osm_id":272808432},"geometry":{"type":"Polygon","coordinates":[[[32.8276946,39.8569045],[32.8277968,39.8569903],[32.8280728,39.8567966],[32.8279705,39.8567108],[32.8276946,39.8569045]]]}},{"type":"Feature","properties":{"building":"yes","source":"Bing","osm_id":272808434},"geometry":{"type":"Polygon","coordinates":[[[32.8265776,39.8565903],[32.8266921,39.8566855],[32.8268524,39.8565719],[32.826738,39.8564767],[32.8265776,39.8565903]]]}},{"type":"Feature","properties":{"building":"yes","source":"Bing","osm_id":272808436},"geometry":{"type":"Polygon","coordinates":[[[32.8294192,39.8551687],[32.8294155,39.8553548],[32.8295671,39.8553566],[32.8295708,39.8551705],[32.8294192,39.8551687]]]}},{"type":"Feature","properties":{"building":"yes","source":"Bing","osm_id":272808439},"geometry":{"type":"Polygon","coordinates":[[[32.8280941,39.8572267],[32.8282271,39.8573517],[32.8283891,39.8572502],[32.8282561,39.8571252],[32.8280941,39.8572267]]]}},{"type":"Feature","properties":{"building":"yes","source":"Bing","osm_id":272808441},"geometry":{"type":"Polygon","coordinates":[[[32.8296853,39.8558291],[32.829689,39.8560037],[32.8299304,39.8560007],[32.8299267,39.855826],[32.8296853,39.8558291]]]}},{"type":"Feature","properties":{"building":"yes","source":"Bing","osm_id":272808443},"geometry":{"type":"Polygon","coordinates":[[[32.8283204,39.8570989],[32.8284385,39.8572057],[32.8285896,39.8571073],[32.8284715,39.8570004],[32.8283204,39.8570989]]]}},{"type":"Feature","properties":{"building":"yes","source":"Bing","osm_id":272808444},"geometry":{"type":"Polygon","coordinates":[[[32.8278425,39.8569885],[32.8279647,39.8571155],[32.8282357,39.8569619],[32.8281135,39.8568348],[32.8278425,39.8569885]]]}},{"type":"Feature","properties":{"building":"yes","source":"Bing","osm_id":272808445},"geometry":{"type":"Polygon","coordinates":[[[32.8269136,39.8553417],[32.8271324,39.8554314],[32.8272608,39.8552469],[32.827042,39.8551572],[32.8269136,39.8553417]]]}},{"type":"Feature","properties":{"building":"yes","source":"Bing","osm_id":272808447},"geometry":{"type":"Polygon","coordinates":[[[32.8267243,39.856764],[32.8269605,39.8569405],[32.8271212,39.8568138],[32.826885,39.8566373],[32.8267243,39.856764]]]}},{"type":"Feature","properties":{"building":"yes","source":"Bing","osm_id":272808448},"geometry":{"type":"Polygon","coordinates":[[[32.8300694,39.8551649],[32.8300694,39.8553462],[32.8302372,39.8553462],[32.8302372,39.8551649],[32.8300694,39.8551649]]]}},{"type":"Feature","properties":{"building":"yes","source":"Bing","osm_id":272808450},"geometry":{"type":"Polygon","coordinates":[[[32.8282992,39.8574023],[32.8284223,39.8575032],[32.8285976,39.8573772],[32.8284745,39.8572764],[32.8282992,39.8574023]]]}},{"type":"Feature","properties":{"building":"yes","source":"Bing","osm_id":272808452},"geometry":{"type":"Polygon","coordinates":[[[32.8278388,39.8564798],[32.8279521,39.8565732],[32.8281523,39.8564301],[32.8280389,39.8563367],[32.8278388,39.8564798]]]}},{"type":"Feature","properties":{"building":"yes","source":"Bing","osm_id":272808454},"geometry":{"type":"Polygon","coordinates":[[[32.8306574,39.8567681],[32.8307154,39.8568882],[32.8309802,39.8568128],[32.8309222,39.8566927],[32.8306574,39.8567681]]]}},{"type":"Feature","properties":{"building":"yes","source":"Bing","osm_id":272808456},"geometry":{"type":"Polygon","coordinates":[[[32.8295548,39.8570092],[32.8297202,39.8572153],[32.8298494,39.8571542],[32.8296841,39.8569481],[32.8295548,39.8570092]]]}},{"type":"Feature","properties":{"building":"yes","source":"Bing","osm_id":273513243},"geometry":{"type":"Polygon","coordinates":[[[32.8256529,39.8677355],[32.825688,39.8677452],[32.825683,39.8677559],[32.8257129,39.8677641],[32.8257087,39.8677732],[32.8258068,39.8678003],[32.8258115,39.8677904],[32.825834,39.8677966],[32.825838,39.8677881],[32.8258795,39.8677995],[32.825916,39.8677216],[32.8258738,39.86771],[32.8258926,39.8676699],[32.8259359,39.8676818],[32.8259515,39.8676486],[32.8259246,39.8676412],[32.8259486,39.86759],[32.8257608,39.8675382],[32.8257369,39.8675891],[32.8257192,39.8675842],[32.8257027,39.8676194],[32.8257476,39.8676318],[32.8257294,39.8676707],[32.8256885,39.8676594],[32.8256529,39.8677355]]]}},{"type":"Feature","properties":{"building":"yes","source":"Bing","osm_id":273513245},"geometry":{"type":"Polygon","coordinates":[[[32.824846,39.8680324],[32.8248792,39.8680456],[32.8248724,39.8680557],[32.8249006,39.8680669],[32.8248948,39.8680754],[32.8249874,39.8681122],[32.8249937,39.8681029],[32.825015,39.8681114],[32.8250204,39.8681033],[32.8250596,39.8681189],[32.8251092,39.8680454],[32.8250694,39.8680295],[32.8250949,39.8679917],[32.8251358,39.868008],[32.825157,39.8679766],[32.8251316,39.8679665],[32.8251642,39.8679183],[32.824987,39.8678478],[32.8249546,39.8678958],[32.8249378,39.8678892],[32.8249154,39.8679224],[32.8249578,39.8679393],[32.8249331,39.867976],[32.8248945,39.8679606],[32.824846,39.8680324]]]}},{"type":"Feature","properties":{"building":"yes","building:levels":"11","source":"Bing","osm_id":273513247},"geometry":{"type":"Polygon","coordinates":[[[32.8245293,39.8684764],[32.8245624,39.8684896],[32.8245556,39.8684997],[32.8245838,39.8685109],[32.824578,39.8685195],[32.8246706,39.8685563],[32.8246769,39.868547],[32.8246982,39.8685554],[32.8247037,39.8685474],[32.8247428,39.868563],[32.8247924,39.8684895],[32.8247526,39.8684736],[32.8247781,39.8684358],[32.824819,39.8684521],[32.8248402,39.8684207],[32.8248149,39.8684106],[32.8248475,39.8683624],[32.8246703,39.8682919],[32.8246378,39.8683399],[32.8246211,39.8683332],[32.8245986,39.8683665],[32.8246411,39.8683834],[32.8246163,39.86842],[32.8245777,39.8684047],[32.8245293,39.8684764]]]}},{"type":"Feature","properties":{"building":"yes","source":"Bing","osm_id":273513249},"geometry":{"type":"Polygon","coordinates":[[[32.8252724,39.8682037],[32.8253056,39.8682169],[32.8252987,39.868227],[32.8253269,39.8682382],[32.8253212,39.8682467],[32.8254138,39.8682835],[32.8254201,39.8682742],[32.8254414,39.8682827],[32.8254468,39.8682746],[32.8254859,39.8682902],[32.8255356,39.8682167],[32.8254957,39.8682008],[32.8255213,39.868163],[32.8255621,39.8681793],[32.8255833,39.8681479],[32.825558,39.8681378],[32.8255906,39.8680896],[32.8254134,39.8680191],[32.825381,39.8680671],[32.8253642,39.8680605],[32.8253418,39.8680937],[32.8253842,39.8681106],[32.8253594,39.8681473],[32.8253209,39.8681319],[32.8252724,39.8682037]]]}},{"type":"Feature","properties":{"source":"Bing","building:levels":"11","building":"yes","osm_id":273513255},"geometry":{"type":"Polygon","coordinates":[[[32.825015,39.8686704],[32.8252462,39.8687693],[32.8253686,39.8686008],[32.8251374,39.8685019],[32.825015,39.8686704]]]}},{"type":"Feature","properties":{"building":"yes","building:levels":"11","source":"Bing","osm_id":273513266},"geometry":{"type":"Polygon","coordinates":[[[32.8240901,39.8681703],[32.8243028,39.8683226],[32.8244714,39.8681838],[32.8242587,39.8680316],[32.8240901,39.8681703]]]}},{"type":"Feature","properties":{"source":"Bing","building":"yes","osm_id":273513267},"geometry":{"type":"Polygon","coordinates":[[[32.8279332,39.8678616],[32.8279173,39.8680963],[32.828195,39.8681074],[32.828211,39.8678727],[32.8279332,39.8678616]]]}},{"type":"Feature","properties":{"building":"yes","source":"Bing","osm_id":273513270},"geometry":{"type":"Polygon","coordinates":[[[32.8273362,39.8689034],[32.8276185,39.8689097],[32.8276277,39.8686655],[32.8273454,39.8686593],[32.8273362,39.8689034]]]}},{"type":"Feature","properties":{"building":"yes","source":"Bing","osm_id":273513272},"geometry":{"type":"Polygon","coordinates":[[[32.8267859,39.8682707],[32.8269332,39.8684575],[32.8270438,39.8684061],[32.8268965,39.8682193],[32.8267859,39.8682707]]]}},{"type":"Feature","properties":{"building":"yes","source":"Bing","osm_id":273513279},"geometry":{"type":"Polygon","coordinates":[[[32.8260782,39.8681247],[32.8263175,39.8682],[32.8264175,39.868013],[32.8261782,39.8679376],[32.8260782,39.8681247]]]}},{"type":"Feature","properties":{"building":"yes","source":"Bing","osm_id":273513281},"geometry":{"type":"Polygon","coordinates":[[[32.8259861,39.8668468],[32.8262295,39.8669174],[32.8263251,39.8667235],[32.8260816,39.8666528],[32.8259861,39.8668468]]]}},{"type":"Feature","properties":{"building":"yes","source":"Bing","osm_id":273513298},"geometry":{"type":"Polygon","coordinates":[[[32.8259963,39.8672346],[32.8262418,39.8673005],[32.8263319,39.8671028],[32.8260865,39.8670369],[32.8259963,39.8672346]]]}},{"type":"Feature","properties":{"building":"yes","source":"Bing","osm_id":273513305},"geometry":{"type":"Polygon","coordinates":[[[32.826518,39.8688029],[32.8266652,39.8689882],[32.8267677,39.8689402],[32.8266204,39.8687549],[32.826518,39.8688029]]]}},{"type":"Feature","properties":{"building":"yes","source":"Bing","osm_id":273513315},"geometry":{"type":"Polygon","coordinates":[[[32.8232548,39.8699655],[32.8234459,39.8700868],[32.8236325,39.8699136],[32.8234414,39.8697923],[32.8232548,39.8699655]]]}},{"type":"Feature","properties":{"building":"yes","source":"Bing","osm_id":273513317},"geometry":{"type":"Polygon","coordinates":[[[32.8234948,39.8686491],[32.8236523,39.8687529],[32.8238507,39.8685754],[32.8236933,39.8684717],[32.8234948,39.8686491]]]}},{"type":"Feature","properties":{"building":"yes","source":"Bing","osm_id":273513318},"geometry":{"type":"Polygon","coordinates":[[[32.8251354,39.8675564],[32.8253563,39.8676553],[32.8255036,39.8674615],[32.8252827,39.8673626],[32.8251354,39.8675564]]]}},{"type":"Feature","properties":{"building":"yes","source":"Bing","osm_id":273513326},"geometry":{"type":"Polygon","coordinates":[[[32.8269496,39.8691828],[32.8272171,39.8692583],[32.8273276,39.8690275],[32.82706,39.8689521],[32.8269496,39.8691828]]]}},{"type":"Feature","properties":{"building":"yes","source":"Bing","osm_id":273513335},"geometry":{"type":"Polygon","coordinates":[[[32.8266612,39.8685266],[32.8267982,39.868715],[32.826901,39.868671],[32.8267639,39.8684826],[32.8266612,39.8685266]]]}},{"type":"Feature","properties":{"building":"yes","source":"Bing","osm_id":273513340},"geometry":{"type":"Polygon","coordinates":[[[32.8263932,39.8678201],[32.8266407,39.8678954],[32.8267363,39.8677105],[32.8264888,39.8676351],[32.8263932,39.8678201]]]}},{"type":"Feature","properties":{"building":"yes","source":"Bing","osm_id":273513345},"geometry":{"type":"Polygon","coordinates":[[[32.8266223,39.8666411],[32.82688,39.8667023],[32.8269613,39.8665008],[32.8267035,39.8664396],[32.8266223,39.8666411]]]}},{"type":"Feature","properties":{"building":"yes","osm_id":281068587},"geometry":{"type":"Polygon","coordinates":[[[32.8524199,39.8533101],[32.8524381,39.8532655],[32.8525615,39.8532878],[32.8526499,39.8533018],[32.8526559,39.8532609],[32.8527891,39.8532841],[32.8527794,39.8533287],[32.8527407,39.8533213],[32.8527201,39.8533826],[32.8526983,39.853378],[32.8526584,39.8534867],[32.8526027,39.8534811],[32.8526099,39.8534476],[32.8525301,39.8534272],[32.8525385,39.8533919],[32.8524478,39.8533817],[32.8524599,39.8533176],[32.8524199,39.8533101]]]}},{"type":"Feature","properties":{"building":"yes","osm_id":281068588},"geometry":{"type":"Polygon","coordinates":[[[32.8523607,39.8529151],[32.8523195,39.8529096],[32.8523304,39.8528696],[32.8525471,39.8529003],[32.8525556,39.852864],[32.8526875,39.8528928],[32.8526742,39.85293],[32.8526366,39.8529263],[32.8526064,39.8529858],[32.8525882,39.8529793],[32.8525507,39.853088],[32.8525023,39.8530824],[32.8525023,39.8530462],[32.8524345,39.853035],[32.8524345,39.8529932],[32.8523425,39.8529774],[32.8523607,39.8529151]]]}},{"type":"Feature","properties":{"building":"yes","osm_id":281068589},"geometry":{"type":"Polygon","coordinates":[[[32.8522058,39.8525955],[32.8522203,39.852537],[32.8521791,39.8525295],[32.8521912,39.8524933],[32.8524043,39.852524],[32.8524079,39.8524859],[32.8525362,39.8525054],[32.8525301,39.8525565],[32.852495,39.85255],[32.8524708,39.8526048],[32.8524442,39.852602],[32.8524079,39.852707],[32.852351,39.8526977],[32.8523595,39.8526615],[32.8522844,39.8526503],[32.8522965,39.8526132],[32.8522058,39.8525955]]]}},{"type":"Feature","properties":{"addr:city":"Ankara","addr:housenumber":"9","addr:street":"578. Sokak","building":"yes","building:levels":"10","name":"Martı Apartmanı","osm_id":281068590},"geometry":{"type":"Polygon","coordinates":[[[32.8524219,39.8522406],[32.8524364,39.852183],[32.8523904,39.852183],[32.852394,39.8521319],[32.852618,39.8521635],[32.8526325,39.8521282],[32.8527632,39.8521468],[32.8527584,39.8521886],[32.8527769,39.8521807],[32.8526954,39.8522425],[32.8526664,39.8522378],[32.8526349,39.8523484],[32.852572,39.8523419],[32.8525925,39.8523122],[32.8525187,39.8522992],[32.8525248,39.8522555],[32.8524219,39.8522406]]]}},{"type":"Feature","properties":{"building":"yes","osm_id":281068769},"geometry":{"type":"Polygon","coordinates":[[[32.8515098,39.8527098],[32.8514336,39.8525286],[32.851459,39.8524784],[32.8516732,39.8524097],[32.8517361,39.8524338],[32.8517967,39.8525806],[32.8517567,39.8526596],[32.8515752,39.852733],[32.8515098,39.8527098]]]}},{"type":"Feature","properties":{"building":"yes","osm_id":281068771},"geometry":{"type":"Polygon","coordinates":[[[32.8516808,39.8535793],[32.8516594,39.8535154],[32.8518082,39.853397],[32.852118,39.8533785],[32.8521556,39.8534434],[32.8520858,39.8535031],[32.8520698,39.8535844],[32.8520188,39.8536029],[32.851874,39.8536452],[32.8517921,39.8535906],[32.8516808,39.8535793]]]}},{"type":"Feature","properties":{"building":"yes","osm_id":281069683},"geometry":{"type":"Polygon","coordinates":[[[32.8506877,39.8536799],[32.8506368,39.8535852],[32.8508943,39.8534781],[32.8509613,39.8535749],[32.8506877,39.8536799]]]}},{"type":"Feature","properties":{"building":"yes","osm_id":281069684},"geometry":{"type":"Polygon","coordinates":[[[32.8505563,39.854135],[32.8504383,39.8539249],[32.8505697,39.8538755],[32.8506904,39.8540938],[32.8505563,39.854135]]]}},{"type":"Feature","properties":{"building":"yes","osm_id":281069685},"geometry":{"type":"Polygon","coordinates":[[[32.8510364,39.8541082],[32.850964,39.8540114],[32.8512376,39.8538982],[32.8512993,39.8540073],[32.8510364,39.8541082]]]}},{"type":"Feature","properties":{"building":"yes","osm_id":281069686},"geometry":{"type":"Polygon","coordinates":[[[32.8501459,39.8535584],[32.8500172,39.8533381],[32.8503203,39.8532207],[32.850449,39.8534575],[32.8501459,39.8535584]]]}},{"type":"Feature","properties":{"building":"yes","osm_id":281069687},"geometry":{"type":"Polygon","coordinates":[[[32.8499448,39.8532537],[32.849816,39.8530416],[32.8501647,39.8529077],[32.8502908,39.8531281],[32.8499448,39.8532537]]]}},{"type":"Feature","properties":{"building":"yes","osm_id":281069689},"geometry":{"type":"Polygon","coordinates":[[[32.8541421,39.8525753],[32.8541636,39.8524497],[32.8543648,39.8524703],[32.8543326,39.8525938],[32.8541421,39.8525753]]]}},{"type":"Feature","properties":{"building":"yes","osm_id":281069690},"geometry":{"type":"Polygon","coordinates":[[[32.8543808,39.8526067],[32.8544063,39.8524821],[32.8546021,39.8525037],[32.8545713,39.8526314],[32.8543808,39.8526067]]]}},{"type":"Feature","properties":{"building":"yes","osm_id":281069691},"geometry":{"type":"Polygon","coordinates":[[[32.854173,39.8524224],[32.8541917,39.8522999],[32.8543929,39.8523225],[32.8543701,39.852443],[32.854173,39.8524224]]]}},{"type":"Feature","properties":{"building":"yes","osm_id":281069692},"geometry":{"type":"Polygon","coordinates":[[[32.8544238,39.8524523],[32.8544439,39.8523328],[32.854633,39.8523534],[32.8546102,39.8524718],[32.8544238,39.8524523]]]}},{"type":"Feature","properties":{"building":"yes","osm_id":281069693},"geometry":{"type":"Polygon","coordinates":[[[32.8542266,39.8522567],[32.8542508,39.8521465],[32.8544144,39.852166],[32.8543969,39.8522721],[32.8542266,39.8522567]]]}},{"type":"Feature","properties":{"building":"yes","osm_id":281069695},"geometry":{"type":"Polygon","coordinates":[[[32.8544613,39.8522834],[32.8544801,39.8521805],[32.8546437,39.8522031],[32.8546236,39.8522999],[32.8544613,39.8522834]]]}},{"type":"Feature","properties":{"building":"yes","osm_id":281069696},"geometry":{"type":"Polygon","coordinates":[[[32.8542588,39.8520991],[32.8542803,39.8519941],[32.8544479,39.8520168],[32.8544224,39.8521197],[32.8542588,39.8520991]]]}},{"type":"Feature","properties":{"building":"yes","osm_id":281069698},"geometry":{"type":"Polygon","coordinates":[[[32.8544774,39.8521321],[32.8544989,39.8520219],[32.8546853,39.8520446],[32.8546638,39.8521516],[32.8544774,39.8521321]]]}},{"type":"Feature","properties":{"building":"yes","osm_id":281069699},"geometry":{"type":"Polygon","coordinates":[[[32.8542803,39.8519395],[32.8543044,39.8518417],[32.8544787,39.8518654],[32.8544533,39.8519632],[32.8542803,39.8519395]]]}},{"type":"Feature","properties":{"building":"yes","osm_id":281069700},"geometry":{"type":"Polygon","coordinates":[[[32.8545163,39.8519725],[32.8545364,39.8518716],[32.8547027,39.8518922],[32.8546799,39.851991],[32.8545163,39.8519725]]]}},{"type":"Feature","properties":{"building":"yes","osm_id":281069701},"geometry":{"type":"Polygon","coordinates":[[[32.8543071,39.8517944],[32.8543259,39.8516904],[32.8545042,39.8517079],[32.8544828,39.8518119],[32.8543071,39.8517944]]]}},{"type":"Feature","properties":{"building":"yes","osm_id":281069702},"geometry":{"type":"Polygon","coordinates":[[[32.8545445,39.8518242],[32.8545646,39.8517275],[32.854747,39.851747],[32.8547268,39.8518417],[32.8545445,39.8518242]]]}},{"type":"Feature","properties":{"building":"yes","osm_id":281069703},"geometry":{"type":"Polygon","coordinates":[[[32.8548918,39.8520219],[32.8549052,39.8519138],[32.8550889,39.8519344],[32.8550715,39.8520404],[32.8548918,39.8520219]]]}},{"type":"Feature","properties":{"building":"yes","osm_id":281069704},"geometry":{"type":"Polygon","coordinates":[[[32.8548596,39.8521619],[32.8548811,39.8520631],[32.8550621,39.8520827],[32.8550407,39.8521825],[32.8548596,39.8521619]]]}},{"type":"Feature","properties":{"building":"yes","osm_id":281069705},"geometry":{"type":"Polygon","coordinates":[[[32.8548315,39.852305],[32.8548543,39.8522072],[32.8550326,39.8522258],[32.8550152,39.8523246],[32.8548315,39.852305]]]}},{"type":"Feature","properties":{"building":"yes","osm_id":281069706},"geometry":{"type":"Polygon","coordinates":[[[32.8548033,39.852444],[32.8548274,39.8523452],[32.8550071,39.8523648],[32.854987,39.8524657],[32.8548033,39.852444]]]}},{"type":"Feature","properties":{"building":"yes","osm_id":281069707},"geometry":{"type":"Polygon","coordinates":[[[32.8552083,39.8522762],[32.855219,39.8521599],[32.8554202,39.8521722],[32.8554068,39.8522855],[32.8552083,39.8522762]]]}},{"type":"Feature","properties":{"building":"yes","osm_id":281069708},"geometry":{"type":"Polygon","coordinates":[[[32.8554618,39.8522917],[32.8554698,39.8521897],[32.8556562,39.852198],[32.8556455,39.8522968],[32.8554618,39.8522917]]]}},{"type":"Feature","properties":{"building":"yes","osm_id":281069709},"geometry":{"type":"Polygon","coordinates":[[[32.8552043,39.8524306],[32.855211,39.8523308],[32.8553786,39.852338],[32.8553759,39.8524409],[32.8552043,39.8524306]]]}},{"type":"Feature","properties":{"building":"yes","osm_id":281069710},"geometry":{"type":"Polygon","coordinates":[[[32.8554524,39.8524471],[32.8554591,39.85234],[32.8556348,39.8523442],[32.8556281,39.8524512],[32.8554524,39.8524471]]]}},{"type":"Feature","properties":{"building":"yes","osm_id":281069711},"geometry":{"type":"Polygon","coordinates":[[[32.8552056,39.8525913],[32.8552123,39.8524914],[32.8553853,39.8524986],[32.8553786,39.8525985],[32.8552056,39.8525913]]]}},{"type":"Feature","properties":{"building":"yes","osm_id":281069712},"geometry":{"type":"Polygon","coordinates":[[[32.855443,39.8526077],[32.8554537,39.8525037],[32.855624,39.852512],[32.855616,39.8526129],[32.855443,39.8526077]]]}},{"type":"Feature","properties":{"building":"yes","osm_id":281069714},"geometry":{"type":"Polygon","coordinates":[[[32.8551775,39.8527622],[32.8551868,39.8526396],[32.8553813,39.8526489],[32.8553746,39.8527745],[32.8551775,39.8527622]]]}},{"type":"Feature","properties":{"building":"yes","osm_id":281069715},"geometry":{"type":"Polygon","coordinates":[[[32.8554122,39.8527817],[32.8554229,39.852651],[32.8556066,39.8526613],[32.8556012,39.85279],[32.8554122,39.8527817]]]}},{"type":"Feature","properties":{"building":"yes","osm_id":281069716},"geometry":{"type":"Polygon","coordinates":[[[32.8558507,39.8523575],[32.8558641,39.8522525],[32.8560237,39.8522608],[32.8560157,39.8523586],[32.8558507,39.8523575]]]}},{"type":"Feature","properties":{"building":"yes","osm_id":281069717},"geometry":{"type":"Polygon","coordinates":[[[32.8558306,39.8524976],[32.8558346,39.8523915],[32.8560103,39.8524028],[32.8560089,39.8525048],[32.8558306,39.8524976]]]}},{"type":"Feature","properties":{"building":"yes","osm_id":281069718},"geometry":{"type":"Polygon","coordinates":[[[32.8558198,39.8526294],[32.8558279,39.8525305],[32.856017,39.8525377],[32.8560036,39.8526355],[32.8558198,39.8526294]]]}},{"type":"Feature","properties":{"building":"yes","osm_id":281069719},"geometry":{"type":"Polygon","coordinates":[[[32.8560344,39.8527755],[32.8560411,39.8526654],[32.8562182,39.8526716],[32.8562115,39.8527797],[32.8560344,39.8527755]]]}},{"type":"Feature","properties":{"building":"yes","osm_id":281069720},"geometry":{"type":"Polygon","coordinates":[[[32.8558091,39.8527673],[32.8558131,39.8526633],[32.8559982,39.8526674],[32.8559969,39.8527673],[32.8558091,39.8527673]]]}},{"type":"Feature","properties":{"building":"yes","osm_id":281069721},"geometry":{"type":"Polygon","coordinates":[[[32.8557971,39.8529022],[32.8558078,39.8528023],[32.8560049,39.8528033],[32.8559982,39.8529084],[32.8557971,39.8529022]]]}},{"type":"Feature","properties":{"building":"yes","osm_id":281073037},"geometry":{"type":"Polygon","coordinates":[[[32.8534032,39.8523951],[32.85343,39.8522901],[32.8536714,39.8523169],[32.853658,39.852424],[32.8534032,39.8523951]]]}},{"type":"Feature","properties":{"building":"yes","osm_id":281073039},"geometry":{"type":"Polygon","coordinates":[[[32.8536929,39.852424],[32.853709,39.8523231],[32.8539772,39.8523436],[32.8539611,39.8524487],[32.8536929,39.852424]]]}},{"type":"Feature","properties":{"building":"yes","osm_id":281073040},"geometry":{"type":"Polygon","coordinates":[[[32.8534327,39.8522469],[32.8534568,39.8521439],[32.8537009,39.8521666],[32.8536794,39.8522736],[32.8534327,39.8522469]]]}},{"type":"Feature","properties":{"building":"yes","osm_id":281073042},"geometry":{"type":"Polygon","coordinates":[[[32.8537358,39.8522778],[32.8537572,39.8521851],[32.8539825,39.8522036],[32.8539718,39.8522963],[32.8537358,39.8522778]]]}},{"type":"Feature","properties":{"building":"yes","osm_id":281073043},"geometry":{"type":"Polygon","coordinates":[[[32.8537545,39.8521439],[32.8537787,39.8520471],[32.8539906,39.8520615],[32.8539745,39.8521604],[32.8537545,39.8521439]]]}},{"type":"Feature","properties":{"building":"yes","osm_id":281073972},"geometry":{"type":"Polygon","coordinates":[[[32.8522793,39.855979],[32.8521801,39.8557525],[32.8523705,39.8556989],[32.8524751,39.8559254],[32.8522793,39.855979]]]}},{"type":"Feature","properties":{"building":"yes","osm_id":281073973},"geometry":{"type":"Polygon","coordinates":[[[32.8526763,39.8557833],[32.8527246,39.8555939],[32.8530786,39.8556619],[32.853025,39.8558554],[32.8526763,39.8557833]]]}},{"type":"Feature","properties":{"building":"yes","osm_id":281073974},"geometry":{"type":"Polygon","coordinates":[[[32.852797,39.8554127],[32.8528506,39.8552336],[32.8532047,39.8552974],[32.8531484,39.8554786],[32.852797,39.8554127]]]}},{"type":"Feature","properties":{"building":"yes","osm_id":281073976},"geometry":{"type":"Polygon","coordinates":[[[32.8529257,39.8550421],[32.8529848,39.8548588],[32.8533334,39.8549268],[32.8532718,39.855108],[32.8529257,39.8550421]]]}},{"type":"Feature","properties":{"building":"yes","osm_id":281073977},"geometry":{"type":"Polygon","coordinates":[[[32.8531591,39.8537449],[32.8531725,39.8536502],[32.8534059,39.8536646],[32.8533951,39.8537572],[32.8531591,39.8537449]]]}},{"type":"Feature","properties":{"building":"yes","osm_id":281073978},"geometry":{"type":"Polygon","coordinates":[[[32.853438,39.8537716],[32.8534568,39.8536707],[32.8536875,39.8536955],[32.8536768,39.8537943],[32.853438,39.8537716]]]}},{"type":"Feature","properties":{"building":"yes","osm_id":281073979},"geometry":{"type":"Polygon","coordinates":[[[32.853135,39.8538849],[32.853143,39.8537799],[32.8533656,39.8537963],[32.8533469,39.8538931],[32.853135,39.8538849]]]}},{"type":"Feature","properties":{"building":"yes","osm_id":281073980},"geometry":{"type":"Polygon","coordinates":[[[32.8534112,39.8539755],[32.8534488,39.8538087],[32.8536446,39.8538314],[32.8536043,39.8539961],[32.8534112,39.8539755]]]}},{"type":"Feature","properties":{"building":"yes","osm_id":281073981},"geometry":{"type":"Polygon","coordinates":[[[32.8530947,39.8540023],[32.8531028,39.8539199],[32.8533469,39.8539405],[32.8533308,39.8540249],[32.8530947,39.8540023]]]}},{"type":"Feature","properties":{"building":"yes","osm_id":281073982},"geometry":{"type":"Polygon","coordinates":[[[32.8530652,39.8541835],[32.853092,39.8540558],[32.8533039,39.8540743],[32.8532852,39.854202],[32.8530652,39.8541835]]]}},{"type":"Feature","properties":{"building":"yes","osm_id":281073983},"geometry":{"type":"Polygon","coordinates":[[[32.8533737,39.8541814],[32.8534005,39.8540064],[32.8536097,39.8540249],[32.8535722,39.854204],[32.8533737,39.8541814]]]}},{"type":"Feature","properties":{"building":"yes","osm_id":281073984},"geometry":{"type":"Polygon","coordinates":[[[32.8525154,39.8540352],[32.8524456,39.8538005],[32.852738,39.8537408],[32.8528211,39.8539837],[32.8525154,39.8540352]]]}},{"type":"Feature","properties":{"building":"yes","osm_id":281073985},"geometry":{"type":"Polygon","coordinates":[[[32.8520057,39.8541443],[32.8518636,39.8539405],[32.8521372,39.8538272],[32.852282,39.854027],[32.8520057,39.8541443]]]}},{"type":"Feature","properties":{"building":"yes","osm_id":281073986},"geometry":{"type":"Polygon","coordinates":[[[32.8522445,39.854482],[32.8521077,39.8542864],[32.8523813,39.854167],[32.8525154,39.8543647],[32.8522445,39.854482]]]}},{"type":"Feature","properties":{"building":"yes","osm_id":281073987},"geometry":{"type":"Polygon","coordinates":[[[32.8512923,39.8543667],[32.8513513,39.8542143],[32.851641,39.8542843],[32.8515632,39.8544264],[32.8512923,39.8543667]]]}},{"type":"Feature","properties":{"building":"yes","osm_id":281073988},"geometry":{"type":"Polygon","coordinates":[[[32.85078,39.8545788],[32.8508283,39.8544223],[32.8511099,39.85448],[32.8510428,39.8546323],[32.85078,39.8545788]]]}},{"type":"Feature","properties":{"building":"yes","osm_id":281073989},"geometry":{"type":"Polygon","coordinates":[[[32.8515605,39.85476],[32.8516302,39.8545953],[32.8518958,39.8546817],[32.8518234,39.8548218],[32.8515605,39.85476]]]}},{"type":"Feature","properties":{"building":"yes","osm_id":281073990},"geometry":{"type":"Polygon","coordinates":[[[32.8510804,39.8548774],[32.8511287,39.8547332],[32.8514318,39.8547888],[32.8513567,39.854933],[32.8510804,39.8548774]]]}},{"type":"Feature","properties":{"building":"yes","osm_id":281073991},"geometry":{"type":"Polygon","coordinates":[[[32.8530974,39.8546282],[32.8531296,39.8544779],[32.8535266,39.854517],[32.8534997,39.8546694],[32.8530974,39.8546282]]]}},{"type":"Feature","properties":{"building":"yes","osm_id":281073992},"geometry":{"type":"Polygon","coordinates":[[[32.8533147,39.8544553],[32.8533522,39.8542452],[32.8535802,39.8542638],[32.8535373,39.8544738],[32.8533147,39.8544553]]]}},{"type":"Feature","properties":{"building":"yes","religion":"muslim","name":"Hüdaverdi Cami","amenity":"place_of_worship","osm_id":284963207},"geometry":{"type":"Polygon","coordinates":[[[32.8616872,39.8678418],[32.8617592,39.8676686],[32.8619849,39.8677387],[32.8619081,39.8679229],[32.8616872,39.8678418]]]}},{"type":"Feature","properties":{"building":"yes","osm_id":284965013},"geometry":{"type":"Polygon","coordinates":[[[32.8655375,39.8643872],[32.8655823,39.8643415],[32.8655936,39.864348],[32.8656415,39.8642991],[32.8656263,39.8642906],[32.8656715,39.8642445],[32.8657413,39.8642825],[32.8657566,39.864266],[32.8659163,39.864353],[32.8659157,39.8643543],[32.8659086,39.8643616],[32.865934,39.8643754],[32.8659274,39.8643825],[32.8659635,39.8644022],[32.8658289,39.8645421],[32.8657881,39.8645196],[32.8657799,39.8645282],[32.8657568,39.8645153],[32.865746,39.8645268],[32.8655846,39.8644372],[32.8655968,39.8644243],[32.8655697,39.8644093],[32.8655722,39.8644067],[32.8655375,39.8643872]]]}},{"type":"Feature","properties":{"building":"yes","osm_id":284965014},"geometry":{"type":"Polygon","coordinates":[[[32.8661605,39.8646876],[32.8662042,39.8646424],[32.8662147,39.8646484],[32.8662617,39.8645998],[32.8662506,39.8645934],[32.8662966,39.8645457],[32.8663596,39.8645817],[32.8663778,39.8645629],[32.8665679,39.8646712],[32.8665497,39.86469],[32.8665853,39.8647103],[32.866552,39.8647448],[32.8665424,39.8647393],[32.8664891,39.8647944],[32.8665079,39.8648051],[32.8664576,39.864857],[32.8663892,39.864818],[32.8663739,39.8648338],[32.8663393,39.864814],[32.8663466,39.8648064],[32.8662582,39.864756],[32.8662509,39.8647636],[32.8662113,39.8647411],[32.8662266,39.8647253],[32.8661605,39.8646876]]]}},{"type":"Feature","properties":{"building":"yes","osm_id":284965015},"geometry":{"type":"Polygon","coordinates":[[[32.8650914,39.8648835],[32.865129,39.864836],[32.8651387,39.8648413],[32.8651799,39.8647893],[32.8651687,39.8647832],[32.8652066,39.8647355],[32.8652788,39.8647748],[32.8652965,39.8647557],[32.8653337,39.864776],[32.8653272,39.864783],[32.8654235,39.8648355],[32.86543,39.8648284],[32.865461,39.8648453],[32.8654433,39.8648644],[32.8654965,39.8648934],[32.8655103,39.864901],[32.8654692,39.8649448],[32.8654555,39.8649371],[32.8654067,39.864989],[32.8654205,39.8649967],[32.8653778,39.8650421],[32.8653181,39.8650091],[32.8652971,39.8650314],[32.865262,39.865012],[32.8652738,39.8649995],[32.8651771,39.8649459],[32.8651653,39.8649584],[32.8651271,39.8649373],[32.8651482,39.8649149],[32.8650914,39.8648835]]]}},{"type":"Feature","properties":{"building":"yes","osm_id":284965016},"geometry":{"type":"Polygon","coordinates":[[[32.8654726,39.8651007],[32.8655162,39.8650555],[32.865531,39.8650639],[32.8655763,39.8650168],[32.8655615,39.8650084],[32.8656071,39.8649611],[32.865664,39.8649934],[32.8656825,39.8649742],[32.8658434,39.8650655],[32.8658249,39.8650847],[32.8658799,39.8651159],[32.8658957,39.8651244],[32.8658624,39.865161],[32.8658466,39.8651526],[32.8657994,39.8652046],[32.8658142,39.8652125],[32.8657721,39.8652589],[32.8657573,39.865251],[32.8657062,39.8652241],[32.8656925,39.8652394],[32.8655295,39.8651534],[32.8655433,39.8651381],[32.8654726,39.8651007]]]}},{"type":"Feature","properties":{"building":"yes","osm_id":284965017},"geometry":{"type":"Polygon","coordinates":[[[32.8658819,39.865318],[32.865922,39.8652772],[32.8659444,39.8652898],[32.8659886,39.8652447],[32.8659683,39.8652331],[32.8660132,39.8651872],[32.866089,39.8652304],[32.8660982,39.865221],[32.8661069,39.8652121],[32.8662752,39.8653079],[32.8662635,39.8653201],[32.8663196,39.865352],[32.8662724,39.8653959],[32.8662616,39.8653892],[32.8662126,39.8654352],[32.8662234,39.8654419],[32.8661804,39.8654823],[32.8661295,39.8654543],[32.8661102,39.865475],[32.8659431,39.865383],[32.8659625,39.8653624],[32.8658819,39.865318]]]}},{"type":"Feature","properties":{"building":"yes","amenity":"place_of_worship","name":"İlker Süleymaniye Camii","religion":"muslim","osm_id":285004508},"geometry":{"type":"Polygon","coordinates":[[[32.838998,39.8699993],[32.8390621,39.8698662],[32.8391831,39.8698885],[32.8391365,39.8700004],[32.8390855,39.8700261],[32.838998,39.8699993]]]}},{"type":"Feature","properties":{"building":"yes","amenity":"place_of_worship","religion":"muslim","osm_id":285004509},"geometry":{"type":"Polygon","coordinates":[[[32.8353155,39.8656429],[32.8353948,39.8658271],[32.8356636,39.8657497],[32.8355748,39.8655802],[32.8353155,39.8656429]]]}},{"type":"Feature","properties":{"building":"yes","amenity":"place_of_worship","religion":"muslim","osm_id":285004510},"geometry":{"type":"Polygon","coordinates":[[[32.8288853,39.8669053],[32.8289581,39.8667633],[32.829168,39.8668438],[32.8290937,39.8669769],[32.8288853,39.8669053]]]}},{"type":"Feature","properties":{"building":"yes","amenity":"place_of_worship","denomination":"sunni","name":"Hz. Yusuf Cami","name:tr":"Hz. Yusuf Cami","religion":"muslim","osm_id":288837189},"geometry":{"type":"Polygon","coordinates":[[[32.829869,39.8718258],[32.8299946,39.8715742],[32.8302979,39.8716624],[32.8301938,39.8718764],[32.8301264,39.8719128],[32.829869,39.8718258]]]}},{"type":"Feature","properties":{"building":"apartments","building:levels":"10","name":"Bayraktar Sitesi B Blok","osm_id":289784470},"geometry":{"type":"Polygon","coordinates":[[[32.8396123,39.8504178],[32.8393144,39.850359],[32.8393974,39.8501503],[32.8394582,39.8501646],[32.8394988,39.8501403],[32.8395482,39.850182],[32.8396125,39.85016],[32.8396372,39.8502018],[32.8397003,39.850214],[32.8396123,39.8504178]]]}},{"type":"Feature","properties":{"building":"yes","building:levels":"10","name":"Bayraktar Sitesi A Blok","osm_id":289784502},"geometry":{"type":"Polygon","coordinates":[[[32.8392795,39.8497525],[32.8395777,39.8498083],[32.8394983,39.8500174],[32.8394374,39.8500037],[32.8393972,39.8500283],[32.8393472,39.8499871],[32.8392833,39.8500098],[32.839258,39.8499683],[32.8392,39.8499559],[32.8392581,39.849804],[32.8392685,39.8497789],[32.8392795,39.8497525]]]}},{"type":"Feature","properties":{"building":"house","building:levels":"2","roof:colour":"red","roof:shape":"hipped","osm_id":289785025},"geometry":{"type":"Polygon","coordinates":[[[32.8399733,39.8501391],[32.8398642,39.8501267],[32.8398897,39.8499943],[32.8399988,39.8500067],[32.8399733,39.8501391]]]}},{"type":"Feature","properties":{"building":"yes","religion":"muslim","amenity":"place_of_worship","osm_id":289785446},"geometry":{"type":"Polygon","coordinates":[[[32.8403591,39.8496727],[32.8401924,39.849629],[32.8401841,39.8496268],[32.8400306,39.8495866],[32.8399654,39.8497333],[32.8400333,39.8497511],[32.8400156,39.8497907],[32.840045,39.8497984],[32.8400309,39.8498303],[32.8402348,39.8498837],[32.8402653,39.8498149],[32.8402928,39.8498221],[32.8403035,39.8497979],[32.8403591,39.8496727]]]}},{"type":"Feature","properties":{"building":"yes","denomination":"alevi","religion":"muslim","amenity":"place_of_worship","name":"Pir Sultan Abdal Cemevi","roof:shape":"flat","osm_id":289787881},"geometry":{"type":"Polygon","coordinates":[[[32.8394051,39.8510578],[32.838876,39.8509346],[32.839064,39.8504587],[32.8395931,39.8505819],[32.8394051,39.8510578]]]}},{"type":"Feature","properties":{"building":"school","building:levels":"3","roof:colour":"red","roof:shape":"hipped","osm_id":289800953},"geometry":{"type":"Polygon","coordinates":[[[32.8398598,39.8513091],[32.8400816,39.8513237],[32.8401169,39.8510083],[32.8398951,39.8509937],[32.8398598,39.8513091]]]}},{"type":"Feature","properties":{"building":"Kamu_Binası","name":"Metin Akkuş Mahallesi Muhtarlığı","osm_id":300630749},"geometry":{"type":"Polygon","coordinates":[[[32.8422667,39.8702527],[32.8421644,39.8702839],[32.8421277,39.8702215],[32.8422274,39.8701873],[32.8422667,39.8702527]]]}},{"type":"Feature","properties":{"name":"Camii","building":"mosque","amenity":"place_of_worship","denomination":"sunni","religion":"muslim","source":"mapbox","osm_id":305673494},"geometry":{"type":"Polygon","coordinates":[[[32.8535166,39.8620563],[32.8535713,39.8619253],[32.8537051,39.8619582],[32.8536504,39.8620892],[32.8535166,39.8620563]]]}},{"type":"Feature","properties":{"building":"yes","amenity":"place_of_worship","denomination":"sunni","name":"Orta Camii","religion":"muslim","osm_id":305673495},"geometry":{"type":"Polygon","coordinates":[[[32.8592395,39.8727388],[32.85931,39.8725883],[32.859487,39.8726372],[32.8594165,39.8727876],[32.8592395,39.8727388]]]}},{"type":"Feature","properties":{"building":"yes","osm_id":306540925},"geometry":{"type":"Polygon","coordinates":[[[32.8267323,39.8730036],[32.8270219,39.8731975],[32.8271641,39.8730755],[32.8268729,39.8728751],[32.8267323,39.8730036]]]}},{"type":"Feature","properties":{"building":"yes","osm_id":306542761},"geometry":{"type":"Polygon","coordinates":[[[32.8304195,39.8728254],[32.8305415,39.8726846],[32.8307715,39.8728019],[32.8307781,39.8728734],[32.8306971,39.872967],[32.8304195,39.8728254]]]}},{"type":"Feature","properties":{"name":"Onur Apt.","addr:housenumber":"2","addr:street":"680. Sk.","building":"yes","osm_id":310437099},"geometry":{"type":"Polygon","coordinates":[[[32.8515816,39.8682896],[32.8518424,39.8684049],[32.8519337,39.8682832],[32.8516729,39.8681679],[32.8515816,39.8682896]]]}},{"type":"Feature","properties":{"building":"yes","osm_id":320602861},"geometry":{"type":"Polygon","coordinates":[[[32.8615442,39.8674836],[32.8617424,39.8674611],[32.8617099,39.8672929],[32.8616983,39.8672942],[32.8616933,39.8672681],[32.8616824,39.8672693],[32.8616757,39.8672346],[32.8616576,39.8672367],[32.8616505,39.8672003],[32.861493,39.8672182],[32.8615442,39.8674836]]]}},{"type":"Feature","properties":{"building":"yes","osm_id":320602862},"geometry":{"type":"Polygon","coordinates":[[[32.8611007,39.8677266],[32.8613125,39.8677082],[32.861285,39.8675217],[32.8610547,39.8675417],[32.861062,39.8675907],[32.8610502,39.8675918],[32.8610638,39.8676842],[32.8610729,39.8676834],[32.8610771,39.867712],[32.8610983,39.8677101],[32.8611007,39.8677266]]]}},{"type":"Feature","properties":{"building":"yes","osm_id":320602863},"geometry":{"type":"Polygon","coordinates":[[[32.8610747,39.8684795],[32.8614332,39.8684434],[32.8614159,39.8683416],[32.8613774,39.8683455],[32.8613595,39.8682408],[32.861398,39.8682369],[32.8613837,39.8681528],[32.8610251,39.8681889],[32.8610406,39.8682792],[32.8610676,39.8682765],[32.8610838,39.8683718],[32.8610568,39.8683745],[32.8610747,39.8684795]]]}},{"type":"Feature","properties":{"building":"yes","osm_id":320602864},"geometry":{"type":"Polygon","coordinates":[[[32.8621271,39.8669418],[32.8619452,39.8668519],[32.8619156,39.8668872],[32.861897,39.866878],[32.8618369,39.8669496],[32.8618964,39.866979],[32.861838,39.8670487],[32.8619538,39.867106],[32.8620156,39.8670323],[32.8620642,39.8670563],[32.8621245,39.8669845],[32.8621011,39.8669729],[32.8621271,39.8669418]]]}},{"type":"Feature","properties":{"building":"yes","source":"bing","osm_id":320602865},"geometry":{"type":"Polygon","coordinates":[[[32.8624496,39.8670855],[32.8623066,39.8669921],[32.8622746,39.8670265],[32.8622362,39.8670085],[32.8621295,39.8671379],[32.8621764,39.8671805],[32.8622298,39.8671854],[32.8622682,39.867151],[32.8622981,39.8671625],[32.8623173,39.8671363],[32.862345,39.8671559],[32.8623899,39.8671543],[32.8624496,39.8670855]]]}},{"type":"Feature","properties":{"building":"yes","osm_id":320602866},"geometry":{"type":"Polygon","coordinates":[[[32.8633539,39.8668481],[32.8634891,39.8666806],[32.8634373,39.8666559],[32.8634249,39.8666712],[32.8634116,39.8666648],[32.8634239,39.8666496],[32.8632916,39.8665866],[32.8631563,39.866754],[32.8632492,39.8667982],[32.8632564,39.8667893],[32.8632711,39.8667963],[32.8632639,39.8668052],[32.8633539,39.8668481]]]}},{"type":"Feature","properties":{"building":"yes","osm_id":320602867},"geometry":{"type":"Polygon","coordinates":[[[32.8619342,39.8675124],[32.8619676,39.8674722],[32.8619749,39.8674758],[32.8619909,39.8674565],[32.8620083,39.867465],[32.8620808,39.8673779],[32.8618609,39.8672701],[32.8617936,39.8673509],[32.8618074,39.8673577],[32.8617887,39.8673801],[32.8617993,39.8673853],[32.8617633,39.8674286],[32.8619342,39.8675124]]]}},{"type":"Feature","properties":{"building":"yes","source":"bing","osm_id":320602868},"geometry":{"type":"Polygon","coordinates":[[[32.8635955,39.8669547],[32.863763,39.8669303],[32.8638023,39.8668342],[32.8637102,39.8667774],[32.863674,39.866796],[32.8636378,39.8667995],[32.8636121,39.8667867],[32.863594,39.8667971],[32.8635804,39.866789],[32.8635171,39.8668701],[32.8635789,39.8669141],[32.8635684,39.866928],[32.8635835,39.8669384],[32.8636031,39.8669338],[32.8635955,39.8669547]]]}},{"type":"Feature","properties":{"building":"school","osm_id":320602869},"geometry":{"type":"Polygon","coordinates":[[[32.864581,39.8674602],[32.8646462,39.8673812],[32.8645506,39.8673347],[32.8647766,39.8670611],[32.8648413,39.8670925],[32.8649324,39.8669823],[32.8646969,39.8668676],[32.8646431,39.8669327],[32.8646152,39.8669191],[32.8645856,39.866955],[32.8646006,39.8669623],[32.8643544,39.8672603],[32.8643412,39.8672539],[32.8642883,39.8673178],[32.864581,39.8674602]]]}},{"type":"Feature","properties":{"building":"yes","osm_id":320602870},"geometry":{"type":"Polygon","coordinates":[[[32.8618009,39.8663714],[32.8615939,39.8662698],[32.8615837,39.8662648],[32.8615254,39.8663348],[32.8615356,39.8663398],[32.8615475,39.8663457],[32.8615271,39.8663701],[32.8615778,39.866395],[32.8615426,39.8664373],[32.8616118,39.8664712],[32.8616457,39.8664305],[32.8617053,39.8664597],[32.8617242,39.8664369],[32.8617398,39.8664446],[32.8618009,39.8663714]]]}},{"type":"Feature","properties":{"building":"yes","osm_id":320602871},"geometry":{"type":"Polygon","coordinates":[[[32.8623265,39.8668446],[32.8623505,39.8668183],[32.8623688,39.8668281],[32.8624474,39.8667416],[32.8624298,39.8667321],[32.8624452,39.8667151],[32.862438,39.8667112],[32.8624557,39.8666918],[32.8623479,39.8666341],[32.8623222,39.8666624],[32.8622715,39.8666353],[32.8621992,39.8667149],[32.8622105,39.8667209],[32.8621922,39.8667411],[32.8622201,39.8667561],[32.8622008,39.8667773],[32.8623265,39.8668446]]]}},{"type":"Feature","properties":{"building":"yes","osm_id":320602872},"geometry":{"type":"Polygon","coordinates":[[[32.8621191,39.865856],[32.8621978,39.8657826],[32.8621888,39.8657769],[32.8622545,39.8657157],[32.8622435,39.8657087],[32.8622895,39.8656659],[32.8621308,39.8655657],[32.8620636,39.8656283],[32.8620541,39.8656223],[32.8620094,39.8656639],[32.8619952,39.865655],[32.8619144,39.8657302],[32.8619972,39.8657825],[32.8620079,39.8657725],[32.8620509,39.8657997],[32.8620425,39.8658076],[32.8621191,39.865856]]]}},{"type":"Feature","properties":{"building":"yes","osm_id":320602873},"geometry":{"type":"Polygon","coordinates":[[[32.8634435,39.8674146],[32.8634711,39.8673864],[32.863484,39.8673938],[32.8635085,39.8673687],[32.8635134,39.8673715],[32.8635462,39.8673379],[32.8635355,39.8673318],[32.863562,39.8673048],[32.8635726,39.8673109],[32.8636007,39.8672822],[32.8633805,39.8671554],[32.8632556,39.8672832],[32.8632845,39.8672998],[32.8632699,39.8673147],[32.8633407,39.8673555],[32.863391,39.8673041],[32.8634183,39.8673198],[32.863368,39.8673712],[32.8634435,39.8674146]]]}},{"type":"Feature","properties":{"building":"yes","osm_id":320602874},"geometry":{"type":"Polygon","coordinates":[[[32.8624297,39.8682104],[32.8624807,39.8681641],[32.8624914,39.8681711],[32.8625249,39.8681407],[32.8625134,39.8681332],[32.8625458,39.8681038],[32.8624698,39.8680546],[32.862439,39.8680825],[32.8624177,39.8680687],[32.8624484,39.8680407],[32.862378,39.8679951],[32.8623455,39.8680247],[32.8623327,39.8680164],[32.8622485,39.8680929],[32.8623375,39.8681506],[32.8623473,39.8681417],[32.8623671,39.8681545],[32.8623573,39.8681635],[32.8624297,39.8682104]]]}},{"type":"Feature","properties":{"building":"yes","osm_id":320602875},"geometry":{"type":"Polygon","coordinates":[[[32.8632922,39.8664659],[32.8634509,39.8662878],[32.8632216,39.8661674],[32.8630629,39.8663454],[32.8632922,39.8664659]]]}},{"type":"Feature","properties":{"building":"yes","osm_id":320602876},"geometry":{"type":"Polygon","coordinates":[[[32.8610619,39.8690788],[32.8610619,39.8689699],[32.8609684,39.8689699],[32.8609684,39.8690788],[32.8610619,39.8690788]]]}},{"type":"Feature","properties":{"building":"yes","osm_id":320602878},"geometry":{"type":"Polygon","coordinates":[[[32.8602561,39.8689954],[32.8601022,39.8687035],[32.8598663,39.8687768],[32.8600203,39.8690686],[32.8602561,39.8689954]]]}},{"type":"Feature","properties":{"building":"yes","osm_id":320602880},"geometry":{"type":"Polygon","coordinates":[[[32.8642089,39.8684597],[32.8643632,39.8683231],[32.8641821,39.8682026],[32.8640279,39.8683392],[32.8642089,39.8684597]]]}},{"type":"Feature","properties":{"building":"yes","osm_id":320602881},"geometry":{"type":"Polygon","coordinates":[[[32.8622613,39.8662912],[32.8624074,39.8661617],[32.8621514,39.8659913],[32.8620052,39.8661208],[32.8622613,39.8662912]]]}},{"type":"Feature","properties":{"building":"yes","osm_id":320602882},"geometry":{"type":"Polygon","coordinates":[[[32.8626584,39.8672743],[32.8627997,39.8671442],[32.8626729,39.8670631],[32.8625317,39.8671932],[32.8626584,39.8672743]]]}},{"type":"Feature","properties":{"building":"yes","osm_id":320602883},"geometry":{"type":"Polygon","coordinates":[[[32.8606394,39.8693753],[32.8605096,39.8691251],[32.860116,39.8692454],[32.8602458,39.8694955],[32.8606394,39.8693753]]]}},{"type":"Feature","properties":{"building":"yes","osm_id":320602885},"geometry":{"type":"Polygon","coordinates":[[[32.8632379,39.8680966],[32.8633546,39.8679559],[32.8631554,39.8678586],[32.8630387,39.8679993],[32.8632379,39.8680966]]]}},{"type":"Feature","properties":{"building":"yes","osm_id":320602887},"geometry":{"type":"Polygon","coordinates":[[[32.8626795,39.8647957],[32.8628521,39.8646207],[32.8626931,39.8645283],[32.8625205,39.8647033],[32.8626795,39.8647957]]]}},{"type":"Feature","properties":{"building":"yes","osm_id":320602888},"geometry":{"type":"Polygon","coordinates":[[[32.8628214,39.8689444],[32.8629948,39.8688375],[32.8628469,39.8686962],[32.8626735,39.8688031],[32.8628214,39.8689444]]]}},{"type":"Feature","properties":{"building":"yes","osm_id":320602891},"geometry":{"type":"Polygon","coordinates":[[[32.862018,39.8647203],[32.8621126,39.8646241],[32.8618864,39.8644931],[32.8617918,39.8645893],[32.862018,39.8647203]]]}},{"type":"Feature","properties":{"building":"yes","osm_id":320602892},"geometry":{"type":"Polygon","coordinates":[[[32.8618406,39.8692108],[32.8619355,39.8691755],[32.8618903,39.8691037],[32.8617953,39.869139],[32.8618406,39.8692108]]]}},{"type":"Feature","properties":{"building":"yes","osm_id":320602893},"geometry":{"type":"Polygon","coordinates":[[[32.8612098,39.8688379],[32.8612232,39.8689348],[32.8614224,39.8689186],[32.861409,39.8688216],[32.8612098,39.8688379]]]}},{"type":"Feature","properties":{"building":"yes","osm_id":320602894},"geometry":{"type":"Polygon","coordinates":[[[32.8623488,39.8654918],[32.8625511,39.8652977],[32.8624231,39.865219],[32.8622207,39.8654132],[32.8623488,39.8654918]]]}},{"type":"Feature","properties":{"building":"yes","osm_id":320602895},"geometry":{"type":"Polygon","coordinates":[[[32.8647627,39.8693712],[32.8646013,39.8692727],[32.8644505,39.8694184],[32.864612,39.8695168],[32.8647627,39.8693712]]]}},{"type":"Feature","properties":{"building":"yes","osm_id":320602897},"geometry":{"type":"Polygon","coordinates":[[[32.8644338,39.8688755],[32.8646213,39.8687055],[32.8644145,39.8685712],[32.864227,39.8687411],[32.8644338,39.8688755]]]}},{"type":"Feature","properties":{"building":"yes","osm_id":320602899},"geometry":{"type":"Polygon","coordinates":[[[32.8622021,39.8665859],[32.8619502,39.8664598],[32.8618667,39.8665581],[32.8621185,39.8666842],[32.8622021,39.8665859]]]}},{"type":"Feature","properties":{"building":"yes","osm_id":320602903},"geometry":{"type":"Polygon","coordinates":[[[32.8637713,39.8681655],[32.8639056,39.8680522],[32.8637261,39.8679269],[32.8635918,39.8680403],[32.8637713,39.8681655]]]}},{"type":"Feature","properties":{"building":"yes","osm_id":320602904},"geometry":{"type":"Polygon","coordinates":[[[32.863969,39.8686832],[32.8637819,39.8685593],[32.863643,39.8686828],[32.8638301,39.8688068],[32.863969,39.8686832]]]}},{"type":"Feature","properties":{"building":"yes","osm_id":320602909},"geometry":{"type":"Polygon","coordinates":[[[32.8631987,39.8693544],[32.863419,39.8691853],[32.8632258,39.8690371],[32.8630055,39.8692062],[32.8631987,39.8693544]]]}},{"type":"Feature","properties":{"building":"yes","osm_id":320602913},"geometry":{"type":"Polygon","coordinates":[[[32.8639557,39.8645123],[32.8640432,39.86442],[32.8639023,39.8643413],[32.8638149,39.8644337],[32.8639557,39.8645123]]]}},{"type":"Feature","properties":{"building":"yes","osm_id":320602914},"geometry":{"type":"Polygon","coordinates":[[[32.8622639,39.8678386],[32.8625175,39.8676245],[32.8624124,39.8675512],[32.8621588,39.8677653],[32.8622639,39.8678386]]]}},{"type":"Feature","properties":{"building":"yes","osm_id":320602915},"geometry":{"type":"Polygon","coordinates":[[[32.863582,39.8690023],[32.8637409,39.8688729],[32.8635296,39.8687201],[32.8633707,39.8688494],[32.863582,39.8690023]]]}},{"type":"Feature","properties":{"building":"yes","osm_id":320602916},"geometry":{"type":"Polygon","coordinates":[[[32.8642255,39.8678401],[32.8643619,39.8676916],[32.8641114,39.867556],[32.863975,39.8677046],[32.8642255,39.8678401]]]}},{"type":"Feature","properties":{"building":"yes","osm_id":320602918},"geometry":{"type":"Polygon","coordinates":[[[32.8626923,39.8656884],[32.8628467,39.865544],[32.8626802,39.8654392],[32.8625259,39.8655835],[32.8626923,39.8656884]]]}},{"type":"Feature","properties":{"building":"yes","osm_id":320602920},"geometry":{"type":"Polygon","coordinates":[[[32.8643953,39.8656032],[32.864564,39.8654414],[32.8643932,39.8653366],[32.8642246,39.8654984],[32.8643953,39.8656032]]]}},{"type":"Feature","properties":{"building":"yes","osm_id":320602922},"geometry":{"type":"Polygon","coordinates":[[[32.8610064,39.8674967],[32.8612796,39.867477],[32.86126,39.8673167],[32.8609869,39.8673364],[32.8610064,39.8674967]]]}},{"type":"Feature","properties":{"building":"yes","osm_id":320602923},"geometry":{"type":"Polygon","coordinates":[[[32.8652269,39.8627681],[32.8653207,39.8627282],[32.8652392,39.8626153],[32.8651455,39.8626551],[32.8652269,39.8627681]]]}},{"type":"Feature","properties":{"building":"yes","osm_id":320602924},"geometry":{"type":"Polygon","coordinates":[[[32.8651797,39.8684444],[32.8653557,39.8682919],[32.8651988,39.8681851],[32.8650227,39.8683376],[32.8651797,39.8684444]]]}},{"type":"Feature","properties":{"building":"yes","osm_id":320602925},"geometry":{"type":"Polygon","coordinates":[[[32.8635075,39.865672],[32.8636804,39.8655393],[32.8635268,39.8654214],[32.8633539,39.8655541],[32.8635075,39.865672]]]}},{"type":"Feature","properties":{"building":"yes","osm_id":320602926},"geometry":{"type":"Polygon","coordinates":[[[32.8644806,39.8692693],[32.864304,39.8691477],[32.8641664,39.8692653],[32.864343,39.8693869],[32.8644806,39.8692693]]]}},{"type":"Feature","properties":{"building":"yes","osm_id":320602927},"geometry":{"type":"Polygon","coordinates":[[[32.8618643,39.8660717],[32.8619959,39.8659217],[32.8617868,39.8658136],[32.8616552,39.8659636],[32.8618643,39.8660717]]]}},{"type":"Feature","properties":{"building":"yes","osm_id":320602929},"geometry":{"type":"Polygon","coordinates":[[[32.863196,39.8659636],[32.8633539,39.8658129],[32.8631632,39.8656951],[32.8630053,39.8658458],[32.863196,39.8659636]]]}},{"type":"Feature","properties":{"building":"yes","osm_id":320602931},"geometry":{"type":"Polygon","coordinates":[[[32.8609168,39.8670774],[32.8611729,39.8670577],[32.8611501,39.8668829],[32.860894,39.8669026],[32.8609168,39.8670774]]]}},{"type":"Feature","properties":{"building":"yes","osm_id":320602934},"geometry":{"type":"Polygon","coordinates":[[[32.8636815,39.8676635],[32.8639154,39.8674501],[32.8637253,39.8673273],[32.8634914,39.8675407],[32.8636815,39.8676635]]]}},{"type":"Feature","properties":{"building":"yes","osm_id":320602937},"geometry":{"type":"Polygon","coordinates":[[[32.8633556,39.8685182],[32.8635053,39.8683927],[32.8633272,39.8682676],[32.8631775,39.8683931],[32.8633556,39.8685182]]]}},{"type":"Feature","properties":{"building":"yes","osm_id":320602938},"geometry":{"type":"Polygon","coordinates":[[[32.864393,39.8682674],[32.8645191,39.8681248],[32.8643078,39.8680148],[32.8641818,39.8681574],[32.864393,39.8682674]]]}},{"type":"Feature","properties":{"building":"yes","osm_id":320602941},"geometry":{"type":"Polygon","coordinates":[[[32.8631896,39.8650496],[32.8633527,39.8648743],[32.8631734,39.864776],[32.8630103,39.8649513],[32.8631896,39.8650496]]]}},{"type":"Feature","properties":{"building":"yes","osm_id":320602942},"geometry":{"type":"Polygon","coordinates":[[[32.8636031,39.8665678],[32.8637398,39.8664271],[32.8635618,39.8663251],[32.863425,39.8664659],[32.8636031,39.8665678]]]}},{"type":"Feature","properties":{"building":"yes","osm_id":320602944},"geometry":{"type":"Polygon","coordinates":[[[32.860745,39.8690394],[32.8607058,39.8689861],[32.8606106,39.8690274],[32.8606499,39.8690807],[32.860745,39.8690394]]]}},{"type":"Feature","properties":{"building":"yes","osm_id":320602946},"geometry":{"type":"Polygon","coordinates":[[[32.860951,39.8679913],[32.8611864,39.8679655],[32.8611503,39.8677719],[32.8609149,39.8677977],[32.860951,39.8679913]]]}},{"type":"Feature","properties":{"building":"yes","osm_id":320602947},"geometry":{"type":"Polygon","coordinates":[[[32.8605639,39.8689375],[32.8604312,39.8686572],[32.8602373,39.8687113],[32.8603701,39.8689916],[32.8605639,39.8689375]]]}},{"type":"Feature","properties":{"building":"yes","osm_id":320602949},"geometry":{"type":"Polygon","coordinates":[[[32.8630236,39.8682819],[32.8631634,39.868121],[32.8629823,39.8680284],[32.8628425,39.8681893],[32.8630236,39.8682819]]]}},{"type":"Feature","properties":{"building":"yes","osm_id":320602950},"geometry":{"type":"Polygon","coordinates":[[[32.8629738,39.8648892],[32.8631278,39.8647197],[32.8629386,39.8646185],[32.8627847,39.864788],[32.8629738,39.8648892]]]}},{"type":"Feature","properties":{"building":"yes","osm_id":320602951},"geometry":{"type":"Polygon","coordinates":[[[32.8608235,39.8698293],[32.8606907,39.8695907],[32.8604163,39.8696806],[32.8605491,39.8699192],[32.8608235,39.8698293]]]}},{"type":"Feature","properties":{"building":"yes","osm_id":320602952},"geometry":{"type":"Polygon","coordinates":[[[32.8620609,39.8690371],[32.8621741,39.8689766],[32.8621258,39.8689234],[32.8620126,39.8689838],[32.8620609,39.8690371]]]}},{"type":"Feature","properties":{"building":"yes","osm_id":320602955},"geometry":{"type":"Polygon","coordinates":[[[32.8641667,39.8685026],[32.8639871,39.8683809],[32.8638391,39.8685096],[32.8640187,39.8686313],[32.8641667,39.8685026]]]}},{"type":"Feature","properties":{"building":"yes","osm_id":320602957},"geometry":{"type":"Polygon","coordinates":[[[32.8630338,39.8672346],[32.8631998,39.8671025],[32.8630802,39.8670141],[32.8629143,39.8671462],[32.8630338,39.8672346]]]}},{"type":"Feature","properties":{"building":"yes","osm_id":320602960},"geometry":{"type":"Polygon","coordinates":[[[32.8628456,39.867126],[32.8630215,39.8669985],[32.8629189,39.8669151],[32.8627429,39.8670427],[32.8628456,39.867126]]]}},{"type":"Feature","properties":{"building":"yes","osm_id":320602962},"geometry":{"type":"Polygon","coordinates":[[[32.8618942,39.864355],[32.8620498,39.8642083],[32.8618663,39.8640936],[32.8617107,39.8642404],[32.8618942,39.864355]]]}},{"type":"Feature","properties":{"building":"yes","osm_id":320602963},"geometry":{"type":"Polygon","coordinates":[[[32.862146,39.8676572],[32.8623134,39.8674954],[32.8621683,39.867407],[32.8620009,39.8675688],[32.862146,39.8676572]]]}},{"type":"Feature","properties":{"building":"yes","osm_id":320602965},"geometry":{"type":"Polygon","coordinates":[[[32.8620585,39.8644582],[32.8622293,39.8645593],[32.8623872,39.864402],[32.8622164,39.864301],[32.8620585,39.8644582]]]}},{"type":"Feature","properties":{"building":"yes","osm_id":320602966},"geometry":{"type":"Polygon","coordinates":[[[32.8636053,39.8683589],[32.8637464,39.8682398],[32.8635586,39.8681088],[32.8634175,39.8682279],[32.8636053,39.8683589]]]}},{"type":"Feature","properties":{"building":"yes","osm_id":320602969},"geometry":{"type":"Polygon","coordinates":[[[32.8647024,39.8685674],[32.8648526,39.8684329],[32.8646941,39.8683287],[32.8645439,39.8684632],[32.8647024,39.8685674]]]}},{"type":"Feature","properties":{"building":"yes","osm_id":320602970},"geometry":{"type":"Polygon","coordinates":[[[32.86326,39.8655344],[32.8634164,39.8653853],[32.8632628,39.8652903],[32.8631063,39.8654394],[32.86326,39.8655344]]]}},{"type":"Feature","properties":{"building":"yes","osm_id":320602972},"geometry":{"type":"Polygon","coordinates":[[[32.8629612,39.8658161],[32.8631122,39.8656814],[32.8629287,39.8655602],[32.8627777,39.8656949],[32.8629612,39.8658161]]]}},{"type":"Feature","properties":{"building":"yes","osm_id":320602973},"geometry":{"type":"Polygon","coordinates":[[[32.8619737,39.8667219],[32.8620181,39.8666634],[32.8619157,39.8666176],[32.8618713,39.866676],[32.8619737,39.8667219]]]}},{"type":"Feature","properties":{"building":"yes","osm_id":320602977},"geometry":{"type":"Polygon","coordinates":[[[32.8640384,39.8691951],[32.8642437,39.8690004],[32.8640777,39.8688973],[32.8638724,39.8690921],[32.8640384,39.8691951]]]}},{"type":"Feature","properties":{"building":"yes","osm_id":320602979},"geometry":{"type":"Polygon","coordinates":[[[32.8625216,39.8655016],[32.8626262,39.8654214],[32.8625664,39.8653755],[32.8624619,39.8654558],[32.8625216,39.8655016]]]}},{"type":"Feature","properties":{"building":"yes","osm_id":320602980},"geometry":{"type":"Polygon","coordinates":[[[32.8649499,39.8683381],[32.865124,39.8681934],[32.8649656,39.8680811],[32.8647914,39.8682257],[32.8649499,39.8683381]]]}},{"type":"Feature","properties":{"building":"yes","osm_id":320602986},"geometry":{"type":"Polygon","coordinates":[[[32.8646315,39.8680624],[32.8647706,39.8679008],[32.8645126,39.8677699],[32.8643734,39.8679316],[32.8646315,39.8680624]]]}},{"type":"Feature","properties":{"building":"yes","osm_id":320602987},"geometry":{"type":"Polygon","coordinates":[[[32.8647386,39.8690191],[32.8648992,39.8688724],[32.8647196,39.8687566],[32.864559,39.8689033],[32.8647386,39.8690191]]]}},{"type":"Feature","properties":{"building":"yes","osm_id":320602989},"geometry":{"type":"Polygon","coordinates":[[[32.8624917,39.8660749],[32.862689,39.8658541],[32.8625397,39.8657755],[32.8623424,39.8659963],[32.8624917,39.8660749]]]}},{"type":"Feature","properties":{"building":"yes","osm_id":320602991},"geometry":{"type":"Polygon","coordinates":[[[32.8634478,39.8652166],[32.8636367,39.8650127],[32.8634446,39.8649079],[32.8632557,39.8651118],[32.8634478,39.8652166]]]}},{"type":"Feature","properties":{"building":"yes","osm_id":320602993},"geometry":{"type":"Polygon","coordinates":[[[32.863966,39.8680034],[32.8641018,39.8678887],[32.8639192,39.8677613],[32.8637834,39.867876],[32.863966,39.8680034]]]}},{"type":"Feature","properties":{"building":"yes","osm_id":320602995},"geometry":{"type":"Polygon","coordinates":[[[32.8648829,39.8627107],[32.8649755,39.8626769],[32.8649302,39.8626039],[32.8648376,39.8626378],[32.8648829,39.8627107]]]}},{"type":"Feature","properties":{"building":"yes","osm_id":320602997},"geometry":{"type":"Polygon","coordinates":[[[32.863425,39.8679368],[32.8635463,39.8677915],[32.8633531,39.8676966],[32.8632319,39.8678418],[32.863425,39.8679368]]]}},{"type":"Feature","properties":{"building":"yes","osm_id":320602998},"geometry":{"type":"Polygon","coordinates":[[[32.8640923,39.8655262],[32.8642527,39.8653659],[32.8640137,39.865225],[32.8638533,39.8653853],[32.8640923,39.8655262]]]}},{"type":"Feature","properties":{"building":"yes","osm_id":320602999},"geometry":{"type":"Polygon","coordinates":[[[32.8628335,39.868458],[32.8629646,39.8683368],[32.8627865,39.8682233],[32.8626554,39.8683445],[32.8628335,39.868458]]]}},{"type":"Feature","properties":{"building":"yes","osm_id":320603000},"geometry":{"type":"Polygon","coordinates":[[[32.8630381,39.8653968],[32.8631951,39.8652612],[32.8630415,39.8651564],[32.8628844,39.865292],[32.8630381,39.8653968]]]}},{"type":"Feature","properties":{"building":"yes","osm_id":320603001},"geometry":{"type":"Polygon","coordinates":[[[32.8609766,39.8672838],[32.8612497,39.8672543],[32.8612232,39.8671093],[32.86095,39.8671388],[32.8609766,39.8672838]]]}},{"type":"Feature","properties":{"building":"yes","osm_id":320603002},"geometry":{"type":"Polygon","coordinates":[[[32.8627993,39.8679295],[32.8629302,39.8677754],[32.8627339,39.8676771],[32.862603,39.8678312],[32.8627993,39.8679295]]]}},{"type":"Feature","properties":{"building":"yes","osm_id":320603003},"geometry":{"type":"Polygon","coordinates":[[[32.8625371,39.8670053],[32.8627153,39.8668685],[32.8625894,39.8667718],[32.8624112,39.8669086],[32.8625371,39.8670053]]]}},{"type":"Feature","properties":{"building":"yes","osm_id":320603004},"geometry":{"type":"Polygon","coordinates":[[[32.8631746,39.8675982],[32.863286,39.8674819],[32.863256,39.867465],[32.8632705,39.8674498],[32.8630914,39.8673488],[32.8629655,39.8674803],[32.8631746,39.8675982]]]}},{"type":"Feature","properties":{"building":"yes","osm_id":320603006},"geometry":{"type":"Polygon","coordinates":[[[32.8630381,39.8667269],[32.8631802,39.8665814],[32.8630839,39.866526],[32.8631015,39.8665079],[32.8629247,39.8664061],[32.8627649,39.8665696],[32.8630381,39.8667269]]]}},{"type":"Feature","properties":{"building":"yes","osm_id":320603008},"geometry":{"type":"Polygon","coordinates":[[[32.8630082,39.8677522],[32.8631211,39.8676518],[32.8629333,39.8675273],[32.8628694,39.8675841],[32.8628804,39.8675914],[32.8628314,39.867635],[32.8630082,39.8677522]]]}},{"type":"Feature","properties":{"building":"yes","osm_id":320603009},"geometry":{"type":"Polygon","coordinates":[[[32.8627253,39.8674129],[32.8625382,39.8672646],[32.8624466,39.8673325],[32.8625843,39.8674415],[32.8626111,39.8674201],[32.8626606,39.8674593],[32.8627253,39.8674129]]]}},{"type":"Feature","properties":{"building":"yes","osm_id":320603011},"geometry":{"type":"Polygon","coordinates":[[[32.8617006,39.8666056],[32.8614743,39.8665188],[32.8614293,39.8665879],[32.8615093,39.8666187],[32.8614699,39.8666792],[32.861616,39.8667353],[32.8617006,39.8666056]]]}},{"type":"Feature","properties":{"building":"yes","osm_id":320603013},"geometry":{"type":"Polygon","coordinates":[[[32.8614845,39.8670053],[32.8617498,39.8669685],[32.8617214,39.8668479],[32.8616042,39.8668641],[32.8615771,39.8667489],[32.861429,39.8667694],[32.8614845,39.8670053]]]}},{"type":"Feature","properties":{"building":"yes","osm_id":320603015},"geometry":{"type":"Polygon","coordinates":[[[32.8645005,39.8667385],[32.8645539,39.8666783],[32.8646348,39.8667206],[32.8646713,39.8666794],[32.864429,39.8665527],[32.8643885,39.8665983],[32.8644591,39.8666352],[32.8644097,39.866691],[32.8645005,39.8667385]]]}},{"type":"Feature","properties":{"building":"yes","osm_id":320603016},"geometry":{"type":"Polygon","coordinates":[[[32.8628972,39.8662387],[32.8630495,39.8660633],[32.8629496,39.8660122],[32.8629115,39.8660561],[32.8628733,39.8660366],[32.8629115,39.8659927],[32.8627807,39.8659258],[32.8626283,39.8661011],[32.8628972,39.8662387]]]}},{"type":"Feature","properties":{"building":"yes","osm_id":320603017},"geometry":{"type":"Polygon","coordinates":[[[32.8626027,39.8664943],[32.8627477,39.8663194],[32.8626341,39.8662639],[32.8626076,39.8662959],[32.8625716,39.8662783],[32.8625982,39.8662463],[32.862466,39.8661818],[32.862321,39.8663567],[32.8626027,39.8664943]]]}},{"type":"Feature","properties":{"building":"yes","osm_id":320603018},"geometry":{"type":"Polygon","coordinates":[[[32.8626428,39.868061],[32.8627443,39.8679515],[32.8625379,39.8678388],[32.8624962,39.8678838],[32.8625268,39.8679005],[32.862515,39.8679133],[32.8624844,39.8678966],[32.8624364,39.8679484],[32.8626428,39.868061]]]}},{"type":"Feature","properties":{"building":"yes","osm_id":320603019},"geometry":{"type":"Polygon","coordinates":[[[32.8630974,39.8690963],[32.863259,39.8689722],[32.8631778,39.8689099],[32.8631622,39.8689219],[32.8631407,39.8689054],[32.8631563,39.8688934],[32.8630991,39.8688494],[32.8629374,39.8689735],[32.8630974,39.8690963]]]}},{"type":"Feature","properties":{"building":"yes","osm_id":320603020},"geometry":{"type":"Polygon","coordinates":[[[32.863236,39.8687159],[32.8633212,39.8686461],[32.863094,39.8684826],[32.8630066,39.8685542],[32.8630648,39.868596],[32.8630458,39.8686116],[32.8631784,39.8687071],[32.8631996,39.8686897],[32.863236,39.8687159]]]}},{"type":"Feature","properties":{"building":"yes","source":"bing","osm_id":320603079},"geometry":{"type":"Polygon","coordinates":[[[32.8655047,39.868017],[32.8656164,39.8679104],[32.8655711,39.8678734],[32.865553,39.867834],[32.8655892,39.8677946],[32.8654504,39.8677135],[32.8653357,39.867834],[32.8653206,39.8678734],[32.8653357,39.8679104],[32.8653628,39.867922],[32.8655047,39.868017]]]}},{"type":"Feature","properties":{"building":"yes","osm_id":320603080},"geometry":{"type":"Polygon","coordinates":[[[32.8668386,39.8659132],[32.8669856,39.8657749],[32.8668469,39.8656881],[32.8666999,39.8658264],[32.8668386,39.8659132]]]}},{"type":"Feature","properties":{"building":"yes","osm_id":320603081},"geometry":{"type":"Polygon","coordinates":[[[32.8663709,39.8670117],[32.8665186,39.8668477],[32.8663133,39.8667388],[32.8661656,39.8669028],[32.8663709,39.8670117]]]}},{"type":"Feature","properties":{"building":"yes","osm_id":320603082},"geometry":{"type":"Polygon","coordinates":[[[32.8658487,39.8675977],[32.8659861,39.867449],[32.8657476,39.8673193],[32.8656103,39.867468],[32.8658487,39.8675977]]]}},{"type":"Feature","properties":{"building":"yes","osm_id":320603083},"geometry":{"type":"Polygon","coordinates":[[[32.8660479,39.8681305],[32.8658397,39.8680077],[32.8657103,39.868137],[32.8659186,39.8682598],[32.8660479,39.8681305]]]}},{"type":"Feature","properties":{"building":"yes","osm_id":320603084},"geometry":{"type":"Polygon","coordinates":[[[32.8662803,39.867885],[32.8663965,39.8677586],[32.8661525,39.8676265],[32.8660363,39.8677528],[32.8662803,39.867885]]]}},{"type":"Feature","properties":{"building":"yes","osm_id":320603090},"geometry":{"type":"Polygon","coordinates":[[[32.8664779,39.8657085],[32.8666031,39.8655373],[32.8664281,39.8654619],[32.8663029,39.8656332],[32.8664779,39.8657085]]]}},{"type":"Feature","properties":{"building":"yes","osm_id":320603092},"geometry":{"type":"Polygon","coordinates":[[[32.8669359,39.8672298],[32.8666926,39.8671184],[32.8665974,39.8672409],[32.8668406,39.8673523],[32.8669359,39.8672298]]]}},{"type":"Feature","properties":{"building":"yes","osm_id":320603094},"geometry":{"type":"Polygon","coordinates":[[[32.8661415,39.8671785],[32.8662682,39.8670487],[32.8661147,39.8669603],[32.8659879,39.8670901],[32.8661415,39.8671785]]]}},{"type":"Feature","properties":{"building":"yes","osm_id":320603095},"geometry":{"type":"Polygon","coordinates":[[[32.8656586,39.8677552],[32.8657863,39.8676092],[32.8655479,39.8674864],[32.8654202,39.8676325],[32.8656586,39.8677552]]]}},{"type":"Feature","properties":{"building":"yes","osm_id":320603097},"geometry":{"type":"Polygon","coordinates":[[[32.8661777,39.8679452],[32.8660027,39.867834],[32.8658605,39.8679658],[32.8660356,39.868077],[32.8661777,39.8679452]]]}},{"type":"Feature","properties":{"building":"yes","osm_id":320603100},"geometry":{"type":"Polygon","coordinates":[[[32.866813,39.8656512],[32.8669177,39.8655608],[32.86686,39.8655215],[32.8667554,39.8656119],[32.866813,39.8656512]]]}},{"type":"Feature","properties":{"building":"yes","osm_id":320603101},"geometry":{"type":"Polygon","coordinates":[[[32.8666871,39.8654513],[32.8668474,39.8652679],[32.8666788,39.8651811],[32.8665185,39.8653645],[32.8666871,39.8654513]]]}},{"type":"Feature","properties":{"building":"yes","osm_id":320603102},"geometry":{"type":"Polygon","coordinates":[[[32.8660208,39.8673962],[32.8661373,39.867262],[32.8659291,39.8671555],[32.8658125,39.8672896],[32.8660208,39.8673962]]]}},{"type":"Feature","properties":{"building":"yes","osm_id":320603103},"geometry":{"type":"Polygon","coordinates":[[[32.8670767,39.8670529],[32.8668932,39.8669513],[32.8667663,39.8670865],[32.8669498,39.867188],[32.8670767,39.8670529]]]}},{"type":"Feature","properties":{"building":"yes","osm_id":320603106},"geometry":{"type":"Polygon","coordinates":[[[32.8667468,39.8657331],[32.8667805,39.8656788],[32.8666909,39.865646],[32.8666572,39.8657003],[32.8667468,39.8657331]]]}},{"type":"Feature","properties":{"building":"yes","osm_id":320603108},"geometry":{"type":"Polygon","coordinates":[[[32.8667225,39.8674034],[32.8665261,39.8672822],[32.8663853,39.8674165],[32.8665817,39.8675377],[32.8667225,39.8674034]]]}},{"type":"Feature","properties":{"building":"yes","osm_id":320603109},"geometry":{"type":"Polygon","coordinates":[[[32.8665645,39.8676032],[32.8663554,39.8674918],[32.8662449,39.8676141],[32.866454,39.8677255],[32.8665645,39.8676032]]]}},{"type":"Feature","properties":{"building":"yes","osm_id":320603110},"geometry":{"type":"Polygon","coordinates":[[[32.8665081,39.8667749],[32.8665829,39.8666979],[32.8667565,39.8667972],[32.8668739,39.8666763],[32.8665391,39.8664848],[32.8663469,39.8666827],[32.8665081,39.8667749]]]}},{"type":"Feature","properties":{"building":"yes","osm_id":320604360},"geometry":{"type":"Polygon","coordinates":[[[32.8660913,39.8637091],[32.866145,39.8636982],[32.8661322,39.8636611],[32.8660785,39.8636721],[32.8660913,39.8637091]]]}},{"type":"Feature","properties":{"building":"yes","osm_id":320604363},"geometry":{"type":"Polygon","coordinates":[[[32.8660165,39.8606719],[32.8662114,39.8605971],[32.8661646,39.8605253],[32.8659697,39.8606001],[32.8660165,39.8606719]]]}},{"type":"Feature","properties":{"building":"yes","osm_id":320604405},"geometry":{"type":"Polygon","coordinates":[[[32.8611203,39.8703237],[32.8610005,39.8700632],[32.8607511,39.8701307],[32.8608709,39.8703912],[32.8611203,39.8703237]]]}},{"type":"Feature","properties":{"building":"yes","osm_id":320604418},"geometry":{"type":"Polygon","coordinates":[[[32.8618232,39.8709903],[32.8621489,39.870885],[32.862004,39.870621],[32.8616783,39.8707262],[32.8618232,39.8709903]]]}},{"type":"Feature","properties":{"building":"yes","osm_id":320604430},"geometry":{"type":"Polygon","coordinates":[[[32.8659697,39.8605492],[32.8660503,39.8605151],[32.8659749,39.8604097],[32.8658942,39.8604437],[32.8659697,39.8605492]]]}},{"type":"Feature","properties":{"building":"yes","osm_id":320604437},"geometry":{"type":"Polygon","coordinates":[[[32.8663312,39.863869],[32.8664584,39.8638271],[32.8664033,39.8637286],[32.8662762,39.8637705],[32.8663312,39.863869]]]}},{"type":"Feature","properties":{"building":"yes","osm_id":320604442},"geometry":{"type":"Polygon","coordinates":[[[32.8663122,39.8603858],[32.8661628,39.8602167],[32.8660264,39.8602877],[32.8661758,39.8604568],[32.8663122,39.8603858]]]}},{"type":"Feature","properties":{"building":"yes","osm_id":320604471},"geometry":{"type":"Polygon","coordinates":[[[32.8662641,39.8637549],[32.8663862,39.8637141],[32.8663251,39.8636064],[32.866203,39.8636472],[32.8662641,39.8637549]]]}},{"type":"Feature","properties":{"building":"yes","osm_id":320604476},"geometry":{"type":"Polygon","coordinates":[[[32.8665893,39.8636802],[32.8667576,39.8636335],[32.8667063,39.8635246],[32.866538,39.8635713],[32.8665893,39.8636802]]]}},{"type":"Feature","properties":{"building":"yes","osm_id":320604484},"geometry":{"type":"Polygon","coordinates":[[[32.865941,39.8607044],[32.8659926,39.8606838],[32.8659533,39.8606259],[32.8659018,39.8606465],[32.865941,39.8607044]]]}},{"type":"Feature","properties":{"building":"yes","osm_id":320604487},"geometry":{"type":"Polygon","coordinates":[[[32.8612558,39.8710644],[32.8615328,39.8709523],[32.8613578,39.8706975],[32.8610807,39.8708096],[32.8612558,39.8710644]]]}},{"type":"Feature","properties":{"building":"yes","osm_id":382626466},"geometry":{"type":"Polygon","coordinates":[[[32.8316148,39.8621277],[32.8318234,39.8620276],[32.8319352,39.8621648],[32.8317267,39.8622649],[32.8316148,39.8621277]]]}},{"type":"Feature","properties":{"building":"yes","osm_id":387701126},"geometry":{"type":"Polygon","coordinates":[[[32.8246365,39.8730142],[32.8248329,39.8730983],[32.8248637,39.8730551],[32.8248731,39.8730592],[32.8249026,39.8730232],[32.8248932,39.873018],[32.8249375,39.8729686],[32.8249227,39.8729604],[32.8250233,39.8728287],[32.8250394,39.8728338],[32.8250743,39.8727865],[32.8250837,39.8727916],[32.8251199,39.8727494],[32.8251105,39.8727443],[32.82514,39.8727072],[32.8249388,39.8726207],[32.8249093,39.8726619],[32.8248973,39.8726564],[32.8248637,39.872699],[32.8248758,39.8727041],[32.8248436,39.8727443],[32.8248664,39.8727556],[32.8247527,39.8728984],[32.8247246,39.8728872],[32.8246934,39.8729352],[32.8246851,39.8729328],[32.8246622,39.8729679],[32.8246694,39.8729719],[32.8246365,39.8730142]]]}},{"type":"Feature","properties":{"building":"yes","osm_id":396082892},"geometry":{"type":"Polygon","coordinates":[[[32.8571364,39.8640335],[32.8571685,39.8640675],[32.8571075,39.8641015],[32.8571962,39.8641955],[32.8572554,39.8641626],[32.8572918,39.8642012],[32.8573551,39.864166],[32.8573386,39.8641485],[32.857381,39.8641249],[32.857253,39.8639892],[32.8572098,39.8640133],[32.857197,39.8639998],[32.8571364,39.8640335]]]}},{"type":"Feature","properties":{"building":"yes","osm_id":396082896},"geometry":{"type":"Polygon","coordinates":[[[32.8590367,39.8639238],[32.8592281,39.864052],[32.8593868,39.8639124],[32.8591955,39.8637842],[32.8590367,39.8639238]]]}},{"type":"Feature","properties":{"building":"yes","osm_id":396082897},"geometry":{"type":"Polygon","coordinates":[[[32.8593968,39.866156],[32.8596084,39.8663489],[32.8597075,39.8662849],[32.8594959,39.866092],[32.8593968,39.866156]]]}},{"type":"Feature","properties":{"building":"yes","osm_id":396082901},"geometry":{"type":"Polygon","coordinates":[[[32.8583144,39.8653872],[32.8584045,39.8655036],[32.8586079,39.865411],[32.8585178,39.8652945],[32.8583144,39.8653872]]]}},{"type":"Feature","properties":{"building":"yes","osm_id":396082903},"geometry":{"type":"Polygon","coordinates":[[[32.8595687,39.8643844],[32.8597506,39.8645265],[32.8598991,39.8644146],[32.8597172,39.8642724],[32.8595687,39.8643844]]]}},{"type":"Feature","properties":{"building":"yes","osm_id":396082906},"geometry":{"type":"Polygon","coordinates":[[[32.8610241,39.8639326],[32.8611553,39.8640034],[32.8614231,39.863841],[32.8612275,39.863727],[32.8610241,39.8639326]]]}},{"type":"Feature","properties":{"building":"yes","osm_id":396082907},"geometry":{"type":"Polygon","coordinates":[[[32.8588412,39.8662829],[32.858973,39.8663981],[32.8591913,39.8662509],[32.8590595,39.8661357],[32.8588412,39.8662829]]]}},{"type":"Feature","properties":{"building":"yes","osm_id":396082910},"geometry":{"type":"Polygon","coordinates":[[[32.8600978,39.8644605],[32.8602478,39.8645835],[32.8604032,39.8644718],[32.8602533,39.8643488],[32.8600978,39.8644605]]]}},{"type":"Feature","properties":{"building":"yes","osm_id":396082912},"geometry":{"type":"Polygon","coordinates":[[[32.8593406,39.8645519],[32.8595489,39.8646966],[32.8596737,39.8645907],[32.8594654,39.864446],[32.8593406,39.8645519]]]}},{"type":"Feature","properties":{"building":"yes","osm_id":396082914},"geometry":{"type":"Polygon","coordinates":[[[32.8584798,39.8645178],[32.8586107,39.8646541],[32.8588058,39.8645437],[32.8586749,39.8644074],[32.8584798,39.8645178]]]}},{"type":"Feature","properties":{"building":"yes","osm_id":396082916},"geometry":{"type":"Polygon","coordinates":[[[32.8607923,39.8652474],[32.8610105,39.8653946],[32.8611327,39.8652879],[32.8609144,39.8651407],[32.8607923,39.8652474]]]}},{"type":"Feature","properties":{"building":"yes","osm_id":396082918},"geometry":{"type":"Polygon","coordinates":[[[32.857992,39.8644214],[32.8581574,39.8646079],[32.8583279,39.8645189],[32.8581625,39.8643323],[32.857992,39.8644214]]]}},{"type":"Feature","properties":{"building":"yes","osm_id":396082920},"geometry":{"type":"Polygon","coordinates":[[[32.8580565,39.8650559],[32.8581582,39.8651783],[32.8583318,39.8650933],[32.8582301,39.8649709],[32.8580565,39.8650559]]]}},{"type":"Feature","properties":{"building":"yes","osm_id":396082922},"geometry":{"type":"Polygon","coordinates":[[[32.8594001,39.8657829],[32.8595362,39.8659087],[32.8597511,39.8657716],[32.859615,39.8656459],[32.8594001,39.8657829]]]}},{"type":"Feature","properties":{"building":"yes","osm_id":396082924},"geometry":{"type":"Polygon","coordinates":[[[32.8596514,39.8654276],[32.8597968,39.8655541],[32.8599655,39.8654399],[32.8598201,39.8653134],[32.8596514,39.8654276]]]}},{"type":"Feature","properties":{"building":"yes","osm_id":396082925},"geometry":{"type":"Polygon","coordinates":[[[32.8602698,39.8639122],[32.8604914,39.8641051],[32.8606485,39.8639988],[32.8604269,39.8638059],[32.8602698,39.8639122]]]}},{"type":"Feature","properties":{"building":"yes","osm_id":396082927},"geometry":{"type":"Polygon","coordinates":[[[32.8592947,39.8637626],[32.8594964,39.8639023],[32.859643,39.8637775],[32.8594412,39.8636379],[32.8592947,39.8637626]]]}},{"type":"Feature","properties":{"building":"yes","osm_id":396082929},"geometry":{"type":"Polygon","coordinates":[[[32.8594799,39.864217],[32.8596419,39.8640952],[32.8594905,39.8639766],[32.8593285,39.8640984],[32.8594799,39.864217]]]}},{"type":"Feature","properties":{"building":"yes","osm_id":396082931},"geometry":{"type":"Polygon","coordinates":[[[32.8584351,39.8655699],[32.8585529,39.8657075],[32.8587844,39.8655907],[32.8586666,39.8654532],[32.8584351,39.8655699]]]}},{"type":"Feature","properties":{"building":"yes","osm_id":396082933},"geometry":{"type":"Polygon","coordinates":[[[32.8598928,39.8646204],[32.8600449,39.8647321],[32.8601983,39.8646091],[32.8600461,39.8644974],[32.8598928,39.8646204]]]}},{"type":"Feature","properties":{"building":"yes","osm_id":396082935},"geometry":{"type":"Polygon","coordinates":[[[32.860877,39.8638057],[32.8610246,39.8638875],[32.8611883,39.8637137],[32.8610406,39.8636318],[32.860877,39.8638057]]]}},{"type":"Feature","properties":{"building":"yes","osm_id":396082937},"geometry":{"type":"Polygon","coordinates":[[[32.8585327,39.8650712],[32.8586539,39.8652007],[32.8588358,39.8651004],[32.8587146,39.8649709],[32.8585327,39.8650712]]]}},{"type":"Feature","properties":{"building":"yes","osm_id":396082939},"geometry":{"type":"Polygon","coordinates":[[[32.8602466,39.8656839],[32.8603955,39.8658083],[32.8605203,39.8657203],[32.8603715,39.865596],[32.8602466,39.8656839]]]}},{"type":"Feature","properties":{"building":"yes","osm_id":396082940},"geometry":{"type":"Polygon","coordinates":[[[32.860789,39.8647752],[32.8606297,39.8649396],[32.8608877,39.8650868],[32.8610469,39.8649225],[32.860789,39.8647752]]]}},{"type":"Feature","properties":{"building":"yes","osm_id":396082942},"geometry":{"type":"Polygon","coordinates":[[[32.8595691,39.8635405],[32.8597643,39.8637131],[32.859945,39.8635928],[32.8597498,39.8634202],[32.8595691,39.8635405]]]}},{"type":"Feature","properties":{"building":"yes","osm_id":396082944},"geometry":{"type":"Polygon","coordinates":[[[32.8581987,39.8646485],[32.8583624,39.8648161],[32.8585227,39.8647238],[32.858359,39.8645563],[32.8581987,39.8646485]]]}},{"type":"Feature","properties":{"building":"yes","osm_id":396082946},"geometry":{"type":"Polygon","coordinates":[[[32.8597671,39.8659707],[32.859949,39.8661357],[32.860082,39.8660494],[32.8599001,39.8658844],[32.8597671,39.8659707]]]}},{"type":"Feature","properties":{"building":"yes","osm_id":396082948},"geometry":{"type":"Polygon","coordinates":[[[32.8590385,39.8650703],[32.8591192,39.8651888],[32.8592545,39.8651345],[32.8591738,39.865016],[32.8590385,39.8650703]]]}},{"type":"Feature","properties":{"building":"yes","osm_id":396082949},"geometry":{"type":"Polygon","coordinates":[[[32.860035,39.8641026],[32.860207,39.8642397],[32.8603569,39.8641288],[32.860185,39.8639918],[32.860035,39.8641026]]]}},{"type":"Feature","properties":{"building":"yes","osm_id":396082951},"geometry":{"type":"Polygon","coordinates":[[[32.8606686,39.8637409],[32.8608174,39.8638196],[32.8609893,39.8636279],[32.8608406,39.8635493],[32.8606686,39.8637409]]]}},{"type":"Feature","properties":{"building":"yes","osm_id":396082953},"geometry":{"type":"Polygon","coordinates":[[[32.8591984,39.8659174],[32.8593472,39.8660494],[32.8594972,39.8659498],[32.8593484,39.8658178],[32.8591984,39.8659174]]]}},{"type":"Feature","properties":{"building":"yes","osm_id":396082955},"geometry":{"type":"Polygon","coordinates":[[[32.8589954,39.8642805],[32.8591684,39.8644416],[32.859347,39.8643286],[32.859174,39.8641675],[32.8589954,39.8642805]]]}},{"type":"Feature","properties":{"building":"yes","osm_id":396082956},"geometry":{"type":"Polygon","coordinates":[[[32.8605806,39.864161],[32.8607382,39.8642737],[32.8609201,39.864124],[32.8607625,39.8640112],[32.8605806,39.864161]]]}},{"type":"Feature","properties":{"building":"yes","osm_id":396082960},"geometry":{"type":"Polygon","coordinates":[[[32.8586031,39.8658794],[32.858754,39.8660202],[32.858959,39.8658907],[32.8588081,39.8657499],[32.8586031,39.8658794]]]}},{"type":"Feature","properties":{"building":"yes","osm_id":396082961},"geometry":{"type":"Polygon","coordinates":[[[32.8596283,39.8647575],[32.8598167,39.8648869],[32.859958,39.8647658],[32.8597695,39.8646363],[32.8596283,39.8647575]]]}},{"type":"Feature","properties":{"building":"yes","osm_id":396082965},"geometry":{"type":"Polygon","coordinates":[[[32.858908,39.8648541],[32.8590484,39.8649868],[32.8592683,39.8648497],[32.8591279,39.8647171],[32.858908,39.8648541]]]}},{"type":"Feature","properties":{"building":"yes","osm_id":396082967},"geometry":{"type":"Polygon","coordinates":[[[32.860283,39.8651636],[32.8604484,39.8653134],[32.8606515,39.8651812],[32.8604861,39.8650315],[32.860283,39.8651636]]]}},{"type":"Feature","properties":{"building":"yes","osm_id":396082970},"geometry":{"type":"Polygon","coordinates":[[[32.857663,39.8646384],[32.8578531,39.8648262],[32.858039,39.8647154],[32.8578488,39.8645275],[32.857663,39.8646384]]]}},{"type":"Feature","properties":{"building":"yes","osm_id":396082973},"geometry":{"type":"Polygon","coordinates":[[[32.8600185,39.8657525],[32.8602202,39.8659378],[32.8603365,39.8658631],[32.8601348,39.8656778],[32.8600185,39.8657525]]]}},{"type":"Feature","properties":{"building":"yes","osm_id":396082975},"geometry":{"type":"Polygon","coordinates":[[[32.8603425,39.8648057],[32.860516,39.8649095],[32.8606913,39.8647369],[32.8605178,39.8646331],[32.8603425,39.8648057]]]}},{"type":"Feature","properties":{"building":"yes","osm_id":396082978},"geometry":{"type":"Polygon","coordinates":[[[32.8598568,39.8637665],[32.8600329,39.8638849],[32.8602098,39.8637301],[32.8600338,39.8636116],[32.8598568,39.8637665]]]}},{"type":"Feature","properties":{"building":"yes","osm_id":396082980},"geometry":{"type":"Polygon","coordinates":[[[32.8583541,39.8648833],[32.8584813,39.8650222],[32.8586483,39.8649321],[32.8585211,39.8647932],[32.8583541,39.8648833]]]}},{"type":"Feature","properties":{"building":"yes","osm_id":396082983},"geometry":{"type":"Polygon","coordinates":[[[32.8596018,39.8660926],[32.8597638,39.8662626],[32.8598877,39.8661931],[32.8597256,39.8660231],[32.8596018,39.8660926]]]}},{"type":"Feature","properties":{"building":"yes","osm_id":396082984},"geometry":{"type":"Polygon","coordinates":[[[32.8605641,39.8653743],[32.8607592,39.865491],[32.8608655,39.8653864],[32.8606704,39.8652697],[32.8605641,39.8653743]]]}},{"type":"Feature","properties":{"building":"yes","osm_id":396082988},"geometry":{"type":"Polygon","coordinates":[[[32.8581656,39.8652184],[32.8582582,39.8653511],[32.8584682,39.8652648],[32.8583756,39.8651321],[32.8581656,39.8652184]]]}},{"type":"Feature","properties":{"building":"yes","osm_id":396082990},"geometry":{"type":"Polygon","coordinates":[[[32.8604652,39.8636597],[32.8606233,39.8637458],[32.8607887,39.8635668],[32.8606306,39.8634808],[32.8604652,39.8636597]]]}},{"type":"Feature","properties":{"building":"yes","osm_id":396082993},"geometry":{"type":"Polygon","coordinates":[[[32.8598267,39.8642524],[32.8599788,39.8643869],[32.86015,39.8642728],[32.8599979,39.8641383],[32.8598267,39.8642524]]]}},{"type":"Feature","properties":{"building":"yes","osm_id":396082995},"geometry":{"type":"Polygon","coordinates":[[[32.858759,39.8640825],[32.8589458,39.8642462],[32.8591532,39.8641067],[32.8589664,39.863943],[32.858759,39.8640825]]]}},{"type":"Feature","properties":{"addr:housenumber":"60","building":"yes","name":"Hürtan Apartmanı","osm_id":396082998},"geometry":{"type":"Polygon","coordinates":[[[32.8582367,39.8642716],[32.8584219,39.8644582],[32.8585753,39.8643685],[32.8583901,39.8641819],[32.8582367,39.8642716]]]}},{"type":"Feature","properties":{"building":"yes","osm_id":396083001},"geometry":{"type":"Polygon","coordinates":[[[32.8587189,39.8660799],[32.8588717,39.8662122],[32.8590768,39.8660726],[32.8589239,39.8659403],[32.8587189,39.8660799]]]}},{"type":"Feature","properties":{"building":"yes","osm_id":396083003},"geometry":{"type":"Polygon","coordinates":[[[32.8603425,39.8643412],[32.8604692,39.864454],[32.860661,39.8643271],[32.8605343,39.8642143],[32.8603425,39.8643412]]]}},{"type":"Feature","properties":{"building":"yes","osm_id":396083006},"geometry":{"type":"Polygon","coordinates":[[[32.8595224,39.8652702],[32.8596464,39.8653768],[32.8598316,39.8652499],[32.8597076,39.8651433],[32.8595224,39.8652702]]]}},{"type":"Feature","properties":{"building":"yes","osm_id":396083010},"geometry":{"type":"Polygon","coordinates":[[[32.8586914,39.8646815],[32.858832,39.8648097],[32.8590223,39.8646868],[32.8588818,39.8645586],[32.8586914,39.8646815]]]}},{"type":"Feature","properties":{"building":"yes","osm_id":396083012},"geometry":{"type":"Polygon","coordinates":[[[32.860994,39.86509],[32.8612189,39.8652271],[32.8613191,39.8651302],[32.8610942,39.8649931],[32.860994,39.86509]]]}},{"type":"Feature","properties":{"building":"yes","osm_id":396083015},"geometry":{"type":"Polygon","coordinates":[[[32.8578647,39.8648503],[32.8580218,39.8650229],[32.8582206,39.8649164],[32.8580635,39.8647438],[32.8578647,39.8648503]]]}},{"type":"Feature","properties":{"building":"yes","osm_id":396083017},"geometry":{"type":"Polygon","coordinates":[[[32.8599027,39.8655291],[32.860051,39.8656512],[32.8602461,39.8655116],[32.8600978,39.8653895],[32.8599027,39.8655291]]]}},{"type":"Feature","properties":{"building":"yes","osm_id":396083020},"geometry":{"type":"Polygon","coordinates":[[[32.8600085,39.8649732],[32.8602136,39.8651458],[32.8604097,39.8650086],[32.8602047,39.864836],[32.8600085,39.8649732]]]}},{"type":"Feature","properties":{"building":"yes","osm_id":396083024},"geometry":{"type":"Polygon","coordinates":[[[32.859584,39.8639581],[32.8597171,39.8640728],[32.8599287,39.8639281],[32.8597957,39.8638134],[32.859584,39.8639581]]]}},{"type":"Feature","properties":{"building":"yes","osm_id":396083025},"geometry":{"type":"Polygon","coordinates":[[[32.8588915,39.865109],[32.8586821,39.8652546],[32.858833,39.8653827],[32.8590037,39.8653892],[32.8591277,39.8653092],[32.8588915,39.865109]]]}},{"type":"Feature","properties":{"building":"yes","osm_id":396083028},"geometry":{"type":"Polygon","coordinates":[[[32.8593444,39.8648648],[32.8592627,39.8649215],[32.8593357,39.8649835],[32.8592475,39.8650447],[32.8593938,39.8651689],[32.8595637,39.865051],[32.8593444,39.8648648]]]}},{"type":"Feature","properties":{"building":"yes","osm_id":396083032},"geometry":{"type":"Polygon","coordinates":[[[32.8573042,39.8643307],[32.8574796,39.8645138],[32.8577228,39.8643936],[32.8575895,39.8642482],[32.8575743,39.8642545],[32.8575135,39.8642042],[32.8573042,39.8643307]]]}},{"type":"Feature","properties":{"building":"yes","osm_id":396083034},"geometry":{"type":"Polygon","coordinates":[[[32.8591025,39.8655672],[32.8591488,39.8655418],[32.8593273,39.8657347],[32.8591421,39.8658413],[32.8590991,39.8657931],[32.8591454,39.8657677],[32.8591355,39.8655849],[32.8591025,39.8655672]]]}},{"type":"Feature","properties":{"building":"yes","osm_id":396083037},"geometry":{"type":"Polygon","coordinates":[[[32.8573677,39.8637554],[32.8571984,39.8638936],[32.8572511,39.8639316],[32.8572653,39.8639201],[32.8573634,39.8639908],[32.8573914,39.8639679],[32.857439,39.8640023],[32.8575661,39.8638985],[32.8573677,39.8637554]]]}},{"type":"Feature","properties":{"building":"yes","osm_id":396083041},"geometry":{"type":"Polygon","coordinates":[[[32.8593672,39.865354],[32.8595888,39.8655619],[32.8594608,39.8656422],[32.859395,39.8655804],[32.8593145,39.865631],[32.8592239,39.865546],[32.8593041,39.8654956],[32.859239,39.8654345],[32.8593672,39.865354]]]}},{"type":"Feature","properties":{"building":"yes","osm_id":396083043},"geometry":{"type":"Polygon","coordinates":[[[32.8579912,39.8641884],[32.8577615,39.8640204],[32.8576584,39.8641034],[32.8576974,39.8641319],[32.8576286,39.8641873],[32.8576491,39.8642023],[32.8576012,39.8642408],[32.8577715,39.8643653],[32.8579912,39.8641884]]]}},{"type":"Feature","properties":{"building":"yes","osm_id":396083046},"geometry":{"type":"Polygon","coordinates":[[[32.8577433,39.8639846],[32.8580548,39.8641991],[32.8581323,39.8641328],[32.8580915,39.8641047],[32.8581713,39.8640364],[32.8579407,39.8638776],[32.8578597,39.8639469],[32.8578197,39.8639193],[32.8577433,39.8639846]]]}},{"type":"Feature","properties":{"website":"http://www.hotelmonec.com.tr/","tourism":"hotel","phone":"0312 491 30 30","addr:city":"Çankaya/Ankara","addr:housenumber":"5","addr:postcode":"06450","addr:street":"Esat Özoğuz Sokak","building":"yes","name":"Hotel Monec","osm_id":404297370},"geometry":{"type":"Polygon","coordinates":[[[32.8262335,39.8494683],[32.8263735,39.8495161],[32.8266557,39.8490284],[32.8265158,39.8489807],[32.8262335,39.8494683]]]}},{"type":"Feature","properties":{"building":"yes","name":"Türk Japon Kültür Vakfı","osm_id":404299632},"geometry":{"type":"Polygon","coordinates":[[[32.8279263,39.8480604],[32.8283019,39.847724],[32.8278513,39.8474274],[32.8274757,39.8477639],[32.8279263,39.8480604]]]}},{"type":"Feature","properties":{"building":"yes","name":"Park Oran A4 Blok","addr:housenumber":"A4","building:levels":"31","osm_id":404667282},"geometry":{"type":"Polygon","coordinates":[[[32.8346152,39.8474818],[32.8347718,39.8472304],[32.8344016,39.8470945],[32.834245,39.8473459],[32.8346152,39.8474818]]]}},{"type":"Feature","properties":{"building":"yes","name":"Park Oran B4 Blok","addr:housenumber":"B4","building:levels":"31","osm_id":404667283},"geometry":{"type":"Polygon","coordinates":[[[32.8307354,39.8458098],[32.8311216,39.8457233],[32.8310073,39.8454223],[32.8306211,39.8455088],[32.8307354,39.8458098]]]}},{"type":"Feature","properties":{"building":"yes","name":"Park Oran D1 Blok","addr:housenumber":"D1","building:levels":"7","osm_id":404667284},"geometry":{"type":"Polygon","coordinates":[[[32.830697,39.8467837],[32.8315607,39.8465654],[32.8314849,39.8463887],[32.8306212,39.846607],[32.830697,39.8467837]]]}},{"type":"Feature","properties":{"building":"yes","name":"Park Oran B8 Blok","addr:housenumber":"B8","building:levels":"31","osm_id":404667285},"geometry":{"type":"Polygon","coordinates":[[[32.8363372,39.8481573],[32.8364938,39.8479059],[32.8361236,39.84777],[32.835967,39.8480214],[32.8363372,39.8481573]]]}},{"type":"Feature","properties":{"building":"yes","name":"Park Oran Ofis","building:levels":"22","osm_id":404667286},"geometry":{"type":"Polygon","coordinates":[[[32.835753,39.8484125],[32.8344494,39.8479183],[32.8345516,39.8481551],[32.834595,39.8482824],[32.8346533,39.8484084],[32.8347042,39.8484846],[32.8347927,39.8485464],[32.8349456,39.8485979],[32.8350797,39.8485917],[32.8352836,39.8485588],[32.8354769,39.8485155],[32.835753,39.8484125]]]}},{"type":"Feature","properties":{"building":"yes","name":"Park Oran B2 Blok","addr:housenumber":"B2","building:levels":"31","osm_id":404667287},"geometry":{"type":"Polygon","coordinates":[[[32.829405,39.8468498],[32.8295953,39.8468071],[32.8297913,39.8467633],[32.8296769,39.8464623],[32.8292907,39.8465488],[32.829405,39.8468498]]]}},{"type":"Feature","properties":{"building":"yes","name":"Park Oran B7 Blok","name:tr":"Park Oran B7 Blok","addr:housenumber":"B7","building:levels":"31","osm_id":404667288},"geometry":{"type":"Polygon","coordinates":[[[32.8360475,39.8474324],[32.8362041,39.847181],[32.8358339,39.8470451],[32.8356773,39.8472965],[32.8360475,39.8474324]]]}},{"type":"Feature","properties":{"building":"yes","name":"Park Oran A1 Blok","addr:housenumber":"A1","building:levels":"31","osm_id":404667289},"geometry":{"type":"Polygon","coordinates":[[[32.8322929,39.8466478],[32.8324495,39.8463964],[32.8320793,39.8462605],[32.8319227,39.8465119],[32.8322929,39.8466478]]]}},{"type":"Feature","properties":{"building":"yes","name":"Park Oran B5 Blok","name:tr":"Park Oran B5 Blok","addr:housenumber":"B5","building:levels":"31","osm_id":404667290},"geometry":{"type":"Polygon","coordinates":[[[32.8316581,39.8457439],[32.8320443,39.8456574],[32.83193,39.8453564],[32.8315437,39.8454429],[32.8316581,39.8457439]]]}},{"type":"Feature","properties":{"building":"yes","name":"Park Oran C2 Blok","addr:housenumber":"C2","building:levels":"6","osm_id":404667291},"geometry":{"type":"Polygon","coordinates":[[[32.8336959,39.8465028],[32.8340839,39.8458957],[32.8338082,39.8457918],[32.8334202,39.846399],[32.8336959,39.8465028]]]}},{"type":"Feature","properties":{"building":"yes","name":"Park Oran D2 Blok","addr:housenumber":"D2","building:levels":"7","osm_id":404667292},"geometry":{"type":"Polygon","coordinates":[[[32.8355116,39.8480295],[32.8356033,39.8478823],[32.8347927,39.8475847],[32.834701,39.8477319],[32.8355116,39.8480295]]]}},{"type":"Feature","properties":{"building":"yes","name":"Park Oran B3 Blok","addr:housenumber":"B3","building:levels":"31","osm_id":404667293},"geometry":{"type":"Polygon","coordinates":[[[32.8299352,39.8461824],[32.8301365,39.8461373],[32.8303215,39.8460959],[32.8302071,39.8457949],[32.8298209,39.8458814],[32.8299352,39.8461824]]]}},{"type":"Feature","properties":{"building":"yes","name":"Park Oran C3 Blok","addr:housenumber":"C3","building:levels":"6","osm_id":404667294},"geometry":{"type":"Polygon","coordinates":[[[32.8345595,39.846717],[32.8349475,39.8461098],[32.8346719,39.846006],[32.8342839,39.8466132],[32.8345595,39.846717]]]}},{"type":"Feature","properties":{"building":"yes","name":"Park Oran A2 Blok","addr:housenumber":"A2","building:levels":"31","osm_id":404667295},"geometry":{"type":"Polygon","coordinates":[[[32.8330595,39.8469299],[32.8332161,39.8466786],[32.832846,39.8465426],[32.8326894,39.846794],[32.8330595,39.8469299]]]}},{"type":"Feature","properties":{"building":"yes","name":"Park Oran B6 Blok","addr:housenumber":"B6","building:levels":"31","osm_id":404667296},"geometry":{"type":"Polygon","coordinates":[[[32.8357685,39.8467405],[32.8359251,39.8464891],[32.835555,39.8463532],[32.8353984,39.8466046],[32.8357685,39.8467405]]]}},{"type":"Feature","properties":{"building":"yes","name":"Park Oran C1 Blok","name:tr":"Park Oran C1 Blok","addr:housenumber":"C1","building:levels":"6","osm_id":404667297},"geometry":{"type":"Polygon","coordinates":[[[32.8328884,39.8462544],[32.8332764,39.8456472],[32.8330007,39.8455434],[32.8326127,39.8461506],[32.8328884,39.8462544]]]}},{"type":"Feature","properties":{"building":"yes","name":"Park Oran B1 Blok","addr:housenumber":"B1","building:levels":"31","osm_id":404667298},"geometry":{"type":"Polygon","coordinates":[[[32.8302061,39.8473314],[32.8303698,39.8472847],[32.8305816,39.8472243],[32.8304402,39.846932],[32.8300647,39.8470391],[32.8302061,39.8473314]]]}},{"type":"Feature","properties":{"building":"yes","name":"Park Oran A3 Blok","addr:housenumber":"A3","building:levels":"31","osm_id":404667299},"geometry":{"type":"Polygon","coordinates":[[[32.8338481,39.8472141],[32.8340047,39.8469627],[32.8336345,39.8468268],[32.8334779,39.8470782],[32.8338481,39.8472141]]]}},{"type":"Feature","properties":{"building":"yes","osm_id":404668852},"geometry":{"type":"Polygon","coordinates":[[[32.8479409,39.8509742],[32.8480604,39.8508893],[32.8475937,39.8505022],[32.8474742,39.8505871],[32.8479409,39.8509742]]]}},{"type":"Feature","properties":{"building":"yes","osm_id":404668853},"geometry":{"type":"Polygon","coordinates":[[[32.8501403,39.8498911],[32.8502833,39.8498168],[32.8499132,39.8493967],[32.8497702,39.849471],[32.8501403,39.8498911]]]}},{"type":"Feature","properties":{"building":"yes","osm_id":404668860},"geometry":{"type":"Polygon","coordinates":[[[32.849225,39.8515232],[32.8493445,39.8514383],[32.8488778,39.8510512],[32.8487582,39.8511361],[32.849225,39.8515232]]]}},{"type":"Feature","properties":{"building":"yes","osm_id":404668861},"geometry":{"type":"Polygon","coordinates":[[[32.8507528,39.85027],[32.8508958,39.8501958],[32.8505256,39.8497757],[32.8503827,39.84985],[32.8507528,39.85027]]]}},{"type":"Feature","properties":{"building":"yes","osm_id":404668863},"geometry":{"type":"Polygon","coordinates":[[[32.8500071,39.8493969],[32.8501501,39.8493227],[32.84978,39.8489026],[32.849637,39.8489769],[32.8500071,39.8493969]]]}},{"type":"Feature","properties":{"building":"yes","osm_id":404668864},"geometry":{"type":"Polygon","coordinates":[[[32.8487207,39.851655],[32.8488402,39.8515701],[32.8483735,39.851183],[32.848254,39.8512679],[32.8487207,39.851655]]]}},{"type":"Feature","properties":{"building":"yes","osm_id":404668865},"geometry":{"type":"Polygon","coordinates":[[[32.8503719,39.8504883],[32.8505149,39.8504141],[32.8501448,39.849994],[32.8500018,39.8500682],[32.8503719,39.8504883]]]}},{"type":"Feature","properties":{"building":"yes","osm_id":404668866},"geometry":{"type":"Polygon","coordinates":[[[32.851198,39.8514067],[32.851341,39.8513324],[32.8509709,39.8509124],[32.8508279,39.8509866],[32.851198,39.8514067]]]}},{"type":"Feature","properties":{"building":"yes","osm_id":404668869},"geometry":{"type":"Polygon","coordinates":[[[32.8509835,39.8508343],[32.8511265,39.85076],[32.8507563,39.8503399],[32.8506133,39.8504142],[32.8509835,39.8508343]]]}},{"type":"Feature","properties":{"building":"yes","osm_id":404668870},"geometry":{"type":"Polygon","coordinates":[[[32.851536,39.851279],[32.851679,39.8512048],[32.8513089,39.8507847],[32.8511659,39.850859],[32.851536,39.851279]]]}},{"type":"Feature","properties":{"building":"yes","osm_id":404668872},"geometry":{"type":"Polygon","coordinates":[[[32.8485329,39.8510414],[32.8486525,39.8509565],[32.8481857,39.8505693],[32.8480662,39.8506543],[32.8485329,39.8510414]]]}},{"type":"Feature","properties":{"building":"yes","osm_id":418652077},"geometry":{"type":"Polygon","coordinates":[[[32.8583985,39.8638707],[32.858548,39.8639675],[32.8587208,39.8638671],[32.858576,39.8637273],[32.8583985,39.8638707]]]}},{"type":"Feature","properties":{"building":"yes","osm_id":418652082},"geometry":{"type":"Polygon","coordinates":[[[32.858151,39.8637166],[32.8583332,39.8638205],[32.8584919,39.8636951],[32.8583285,39.8635983],[32.858151,39.8637166]]]}},{"type":"Feature","properties":{"building":"yes","osm_id":418652088},"geometry":{"type":"Polygon","coordinates":[[[32.8583799,39.8635194],[32.8585573,39.863609],[32.8587068,39.8634621],[32.858548,39.8633653],[32.8583799,39.8635194]]]}},{"type":"Feature","properties":{"building":"yes","osm_id":418652093},"geometry":{"type":"Polygon","coordinates":[[[32.8586974,39.8636843],[32.8588048,39.8638098],[32.859015,39.8636664],[32.8588282,39.8635588],[32.8586974,39.8636843]]]}},{"type":"Feature","properties":{"building":"yes","osm_id":418652097},"geometry":{"type":"Polygon","coordinates":[[[32.858632,39.86329],[32.8588002,39.8634477],[32.858973,39.8632936],[32.8587955,39.863161],[32.858632,39.86329]]]}},{"type":"Feature","properties":{"building":"yes","osm_id":418652102},"geometry":{"type":"Polygon","coordinates":[[[32.8589449,39.8635445],[32.8590944,39.8636664],[32.8592765,39.8635158],[32.8590757,39.8634226],[32.8589449,39.8635445]]]}},{"type":"Feature","properties":{"building":"yes","osm_id":418652108},"geometry":{"type":"Polygon","coordinates":[[[32.8588683,39.8631856],[32.8590577,39.8632793],[32.8591904,39.8631462],[32.8589904,39.863028],[32.8588683,39.8631856]]]}},{"type":"Feature","properties":{"building":"yes","osm_id":418652111},"geometry":{"type":"Polygon","coordinates":[[[32.8591461,39.8633975],[32.8593231,39.8635034],[32.8595319,39.8633065],[32.8593302,39.8631937],[32.8591461,39.8633975]]]}},{"type":"Feature","properties":{"source":"mapbox","building":"yes","shop":"kiosk","osm_id":422418961},"geometry":{"type":"Polygon","coordinates":[[[32.8476494,39.8566851],[32.8476221,39.8567269],[32.847561,39.8568201],[32.8474812,39.8567894],[32.8474865,39.8567814],[32.8474589,39.8567707],[32.84744,39.8567997],[32.847378,39.8567758],[32.8474801,39.8566198],[32.8474999,39.8566275],[32.8476494,39.8566851]]]}},{"type":"Feature","properties":{"building":"university","source":"mapbox","osm_id":422418963},"geometry":{"type":"Polygon","coordinates":[[[32.8470907,39.8564467],[32.847133,39.856463],[32.847121,39.8564813],[32.8474309,39.8566008],[32.8474505,39.8565709],[32.8475196,39.8565975],[32.8474999,39.8566275],[32.8475865,39.8566609],[32.847689,39.8565043],[32.8472556,39.8563371],[32.8472506,39.8563448],[32.8471762,39.8563161],[32.8470907,39.8564467]]]}},{"type":"Feature","properties":{"building":"yes","source":"mapbox","osm_id":422418964},"geometry":{"type":"Polygon","coordinates":[[[32.8427357,39.8473907],[32.8429507,39.8473895],[32.8429502,39.847337],[32.8431941,39.8473357],[32.8431922,39.8471242],[32.8430506,39.847125],[32.8430503,39.8470959],[32.8430851,39.8470957],[32.843084,39.8469869],[32.8428002,39.8469885],[32.8428007,39.8470487],[32.8426635,39.8470495],[32.8426645,39.8471519],[32.8427335,39.8471515],[32.8427357,39.8473907]]]}},{"type":"Feature","properties":{"building":"yes","source":"mapbox","osm_id":422418967},"geometry":{"type":"Polygon","coordinates":[[[32.8390012,39.8439472],[32.8389925,39.8439472],[32.8389926,39.8440234],[32.8390704,39.8440233],[32.8390704,39.8440163],[32.8395017,39.8440158],[32.8395017,39.8440233],[32.8395796,39.8440232],[32.8395795,39.8439471],[32.8395711,39.8439471],[32.8395705,39.8436361],[32.8395788,39.8436361],[32.8395787,39.84356],[32.8395008,39.8435601],[32.8395008,39.8435676],[32.8390695,39.8435681],[32.8390694,39.8435611],[32.8389917,39.8435612],[32.8389919,39.8436374],[32.8390006,39.8436374],[32.8390012,39.8439472]]]}},{"type":"Feature","properties":{"building":"yes","source":"mapbox","osm_id":422418968},"geometry":{"type":"Polygon","coordinates":[[[32.840281,39.8439471],[32.8402722,39.8439471],[32.8402724,39.8440233],[32.8403501,39.8440232],[32.8403501,39.8440162],[32.8407814,39.8440157],[32.8407815,39.8440231],[32.8408593,39.8440231],[32.8408592,39.843947],[32.8408508,39.843947],[32.8408502,39.843636],[32.8408586,39.843636],[32.8408584,39.8435599],[32.8407805,39.84356],[32.8407805,39.8435674],[32.8403492,39.843568],[32.8403492,39.843561],[32.8402714,39.8435611],[32.8402716,39.8436373],[32.8402803,39.8436373],[32.840281,39.8439471]]]}},{"type":"Feature","properties":{"building":"yes","source":"mapbox","osm_id":422418969},"geometry":{"type":"Polygon","coordinates":[[[32.8409137,39.8439459],[32.8409049,39.8439459],[32.8409051,39.8440221],[32.8409828,39.844022],[32.8409828,39.844015],[32.8414141,39.8440145],[32.8414142,39.844022],[32.8414921,39.8440219],[32.8414919,39.8439458],[32.8414835,39.8439458],[32.8414829,39.8436348],[32.8414913,39.8436348],[32.8414911,39.8435587],[32.8414132,39.8435588],[32.8414132,39.8435663],[32.8409819,39.8435668],[32.8409819,39.8435598],[32.8409041,39.8435599],[32.8409043,39.8436361],[32.840913,39.8436361],[32.8409137,39.8439459]]]}},{"type":"Feature","properties":{"building":"yes","source":"mapbox","osm_id":422418971},"geometry":{"type":"Polygon","coordinates":[[[32.8427038,39.8463213],[32.842776,39.8463215],[32.842776,39.8463293],[32.8428033,39.8463294],[32.8428035,39.8462923],[32.8431003,39.8462933],[32.8431001,39.8463303],[32.8431274,39.8463304],[32.8431274,39.8463227],[32.8431991,39.8463229],[32.8431981,39.8464837],[32.8431972,39.8466453],[32.8431251,39.846645],[32.8431251,39.8466373],[32.8430979,39.8466372],[32.8430977,39.8466745],[32.8428008,39.8466735],[32.842801,39.8466368],[32.8427737,39.8466367],[32.8427737,39.8466445],[32.842702,39.8466442],[32.8427038,39.8463213]]]}},{"type":"Feature","properties":{"building":"yes","source":"mapbox","osm_id":422418972},"geometry":{"type":"Polygon","coordinates":[[[32.8415015,39.8460077],[32.8415015,39.8459924],[32.8415583,39.8459924],[32.8415583,39.8460072],[32.8420747,39.8460067],[32.8420746,39.8459901],[32.8421105,39.84599],[32.8421103,39.8458715],[32.8420754,39.8458716],[32.8420751,39.845708],[32.8421443,39.8457079],[32.8421441,39.8455826],[32.8402627,39.8455845],[32.8402629,39.8457106],[32.8403316,39.8457105],[32.8403319,39.8458741],[32.8402965,39.8458742],[32.8402967,39.8459927],[32.8403323,39.8459926],[32.8403324,39.8460098],[32.8408487,39.8460093],[32.8408487,39.845995],[32.8409055,39.845995],[32.8409055,39.8460083],[32.8415015,39.8460077]]]}},{"type":"Feature","properties":{"building":"dormitory","source":"mapbox","osm_id":422418974},"geometry":{"type":"Polygon","coordinates":[[[32.8482229,39.8573529],[32.8482655,39.8572911],[32.8482472,39.8572837],[32.8483121,39.8571896],[32.8482407,39.8571605],[32.8482244,39.8571841],[32.8481985,39.8571736],[32.8482054,39.8571637],[32.8480354,39.8570945],[32.8480286,39.8571044],[32.8479837,39.8570861],[32.8479905,39.8570762],[32.8478205,39.8570071],[32.8478137,39.857017],[32.8477878,39.8570065],[32.847804,39.8569829],[32.8477326,39.8569539],[32.8476677,39.857048],[32.8476494,39.8570405],[32.8476068,39.8571023],[32.8476713,39.8571285],[32.8476629,39.8571406],[32.8478827,39.8572299],[32.847891,39.8572178],[32.8479387,39.8572372],[32.8479303,39.8572494],[32.84815,39.8573387],[32.8481584,39.8573266],[32.8482229,39.8573529]]]}},{"type":"Feature","properties":{"building":"dormitory","source":"mapbox","osm_id":422418975},"geometry":{"type":"Polygon","coordinates":[[[32.8474077,39.8572966],[32.8474503,39.8572348],[32.847432,39.8572274],[32.8474969,39.8571333],[32.8474255,39.8571042],[32.8474092,39.8571278],[32.8473833,39.8571173],[32.8473902,39.8571074],[32.8472202,39.8570382],[32.8472134,39.8570481],[32.8471685,39.8570298],[32.8471753,39.8570199],[32.8470053,39.8569508],[32.8469985,39.8569607],[32.8469726,39.8569502],[32.8469889,39.8569266],[32.8469174,39.8568976],[32.8468525,39.8569917],[32.8468342,39.8569842],[32.8467916,39.857046],[32.8468561,39.8570722],[32.8468477,39.8570843],[32.8470675,39.8571736],[32.8470759,39.8571615],[32.8471235,39.8571809],[32.8471151,39.8571931],[32.8473349,39.8572824],[32.8473432,39.8572703],[32.8474077,39.8572966]]]}},{"type":"Feature","properties":{"building":"yes","source":"mapbox","osm_id":422418976},"geometry":{"type":"Polygon","coordinates":[[[32.8511291,39.8578433],[32.8515294,39.8584205],[32.8517627,39.8583251],[32.8513624,39.857748],[32.8511291,39.8578433]]]}},{"type":"Feature","properties":{"building":"yes","source":"mapbox","osm_id":422418984},"geometry":{"type":"Polygon","coordinates":[[[32.8420845,39.8437553],[32.8416062,39.8437549],[32.8416059,39.8439864],[32.8420843,39.8439867],[32.8420845,39.8437553]]]}},{"type":"Feature","properties":{"building":"yes","source":"mapbox","osm_id":422418986},"geometry":{"type":"Polygon","coordinates":[[[32.8430412,39.8437559],[32.8425629,39.8437556],[32.8425626,39.8439871],[32.8430409,39.8439874],[32.8430412,39.8437559]]]}},{"type":"Feature","properties":{"building":"yes","source":"mapbox","osm_id":422418989},"geometry":{"type":"Polygon","coordinates":[[[32.8482161,39.8590979],[32.8482065,39.8587441],[32.8484842,39.8587397],[32.8484938,39.8590935],[32.8482161,39.8590979]]]}},{"type":"Feature","properties":{"building":"yes","source":"mapbox","osm_id":422418990},"geometry":{"type":"Polygon","coordinates":[[[32.8425629,39.8437556],[32.8420845,39.8437553],[32.8420843,39.8439867],[32.8425626,39.8439871],[32.8425629,39.8437556]]]}},{"type":"Feature","properties":{"source":"mapbox","building":"university","osm_id":422418991},"geometry":{"type":"Polygon","coordinates":[[[32.8479194,39.8567893],[32.8476494,39.8566851],[32.8476221,39.8567269],[32.8476591,39.8567412],[32.8476376,39.8567741],[32.8478705,39.8568639],[32.8479194,39.8567893]]]}},{"type":"Feature","properties":{"source":"mapbox","building":"yes","leisure":"fitness_centre","osm_id":422418992},"geometry":{"type":"Polygon","coordinates":[[[32.8475865,39.8566609],[32.847689,39.8565043],[32.8477198,39.8564573],[32.8480963,39.8566026],[32.8479631,39.8568061],[32.8479194,39.8567893],[32.8475865,39.8566609]]]}},{"type":"Feature","properties":{"building":"yes","source":"mapbox","osm_id":422418994},"geometry":{"type":"Polygon","coordinates":[[[32.8421384,39.8479571],[32.8422202,39.8479561],[32.8422787,39.8479554],[32.8423428,39.8479547],[32.8424555,39.8479534],[32.8424542,39.8478858],[32.8423362,39.847888],[32.8422787,39.8478879],[32.8422253,39.8478885],[32.8421371,39.8478896],[32.8421384,39.8479571]]]}},{"type":"Feature","properties":{"building":"yes","source":"mapbox","osm_id":422418995},"geometry":{"type":"Polygon","coordinates":[[[32.8491901,39.856683],[32.8492132,39.8565684],[32.8489437,39.8565365],[32.8489206,39.8566514],[32.8490474,39.8566664],[32.8490542,39.8566327],[32.8490699,39.8566345],[32.8490632,39.856668],[32.8491901,39.856683]]]}},{"type":"Feature","properties":{"building":"yes","source":"mapbox","osm_id":422418996},"geometry":{"type":"Polygon","coordinates":[[[32.8495627,39.856811],[32.8495863,39.8566964],[32.849317,39.8566638],[32.8492933,39.8567786],[32.8494201,39.856794],[32.849427,39.8567603],[32.8494427,39.8567622],[32.8494358,39.8567956],[32.8495627,39.856811]]]}},{"type":"Feature","properties":{"building":"apartments","source":"mapbox","osm_id":422424086},"geometry":{"type":"Polygon","coordinates":[[[32.8530593,39.8505948],[32.8530454,39.8505986],[32.8530499,39.8506083],[32.8528824,39.8506536],[32.8528776,39.8506432],[32.8528647,39.8506467],[32.8528085,39.8505242],[32.8528221,39.8505206],[32.8528175,39.8505105],[32.852985,39.8504653],[32.85299,39.850476],[32.8530032,39.8504724],[32.8530593,39.8505948]]]}},{"type":"Feature","properties":{"building":"yes","source":"mapbox","osm_id":422424087},"geometry":{"type":"Polygon","coordinates":[[[32.8490513,39.8468934],[32.8490834,39.8468731],[32.8487841,39.8465939],[32.8487694,39.8466032],[32.848754,39.8465889],[32.848712,39.8466154],[32.8487274,39.8466297],[32.8486333,39.8466892],[32.8488825,39.8469216],[32.8489065,39.8469065],[32.8489283,39.8469269],[32.8488722,39.8469623],[32.8490459,39.8471243],[32.8491967,39.847029],[32.8490513,39.8468934]]]}},{"type":"Feature","properties":{"building":"apartments","source":"mapbox","osm_id":422424088},"geometry":{"type":"Polygon","coordinates":[[[32.8526611,39.850645],[32.852648,39.8506486],[32.8526713,39.8506994],[32.8526845,39.8506958],[32.8526891,39.8507059],[32.8528566,39.8506607],[32.8528518,39.8506501],[32.8528647,39.8506467],[32.8528085,39.8505242],[32.8527953,39.8505278],[32.8527908,39.8505179],[32.8526232,39.8505632],[32.852628,39.8505736],[32.8526151,39.8505771],[32.8526384,39.8506278],[32.8526515,39.8506243],[32.8526611,39.850645]]]}},{"type":"Feature","properties":{"building":"apartments","source":"mapbox","osm_id":422424089},"geometry":{"type":"Polygon","coordinates":[[[32.853207,39.8504744],[32.85322,39.8504709],[32.8531967,39.8504201],[32.8531837,39.8504236],[32.853179,39.8504134],[32.8530115,39.8504587],[32.8530162,39.8504689],[32.8530032,39.8504724],[32.8530593,39.8505948],[32.8530724,39.8505913],[32.8530771,39.8506015],[32.8532446,39.8505562],[32.8532399,39.8505459],[32.8532528,39.8505424],[32.8532295,39.8504916],[32.8532165,39.8504952],[32.853207,39.8504744]]]}},{"type":"Feature","properties":{"building":"apartments","source":"mapbox","osm_id":422424090},"geometry":{"type":"Polygon","coordinates":[[[32.8506768,39.8515528],[32.8506857,39.8515357],[32.8507141,39.8515444],[32.8507307,39.8515122],[32.8507522,39.8515188],[32.8508121,39.8514029],[32.8507906,39.8513963],[32.8508073,39.8513642],[32.8507788,39.8513555],[32.8507875,39.8513387],[32.8506113,39.851285],[32.8506025,39.8513019],[32.850574,39.8512933],[32.8505574,39.8513254],[32.8505359,39.8513189],[32.850476,39.8514348],[32.8504974,39.8514413],[32.8504808,39.8514735],[32.8505092,39.8514821],[32.8505004,39.8514991],[32.8506768,39.8515528]]]}},{"type":"Feature","properties":{"building":"apartments","source":"mapbox","osm_id":422424091},"geometry":{"type":"Polygon","coordinates":[[[32.8441234,39.8490628],[32.8441465,39.849058],[32.8441545,39.8490806],[32.844198,39.8490716],[32.8442041,39.8490887],[32.8443608,39.8490561],[32.8443548,39.849039],[32.8443983,39.8490299],[32.8443903,39.8490073],[32.8444131,39.8490025],[32.8443635,39.848862],[32.8443406,39.8488668],[32.8443326,39.8488441],[32.8442891,39.8488531],[32.844283,39.848836],[32.8441263,39.8488686],[32.8441323,39.8488857],[32.8440888,39.8488947],[32.8440967,39.8489173],[32.8440738,39.8489221],[32.8441234,39.8490628]]]}},{"type":"Feature","properties":{"building":"apartments","source":"mapbox","osm_id":422424092},"geometry":{"type":"Polygon","coordinates":[[[32.8462984,39.8491845],[32.8463216,39.8491799],[32.8463292,39.8492026],[32.8463729,39.8491939],[32.8463787,39.8492111],[32.8465359,39.8491799],[32.8465302,39.8491628],[32.8465738,39.8491542],[32.8465661,39.8491314],[32.846589,39.8491269],[32.8465416,39.8489859],[32.8465186,39.8489905],[32.8465109,39.8489677],[32.8464673,39.8489764],[32.8464615,39.8489592],[32.8463043,39.8489903],[32.84631,39.8490074],[32.8462664,39.8490161],[32.846274,39.8490388],[32.846251,39.8490434],[32.8462984,39.8491845]]]}},{"type":"Feature","properties":{"building":"apartments","source":"mapbox","osm_id":422424093},"geometry":{"type":"Polygon","coordinates":[[[32.8494732,39.8510965],[32.849482,39.8510794],[32.8495104,39.8510881],[32.849527,39.8510559],[32.8495485,39.8510624],[32.8496084,39.8509465],[32.849587,39.85094],[32.8496036,39.8509078],[32.8495752,39.8508992],[32.8495839,39.8508823],[32.8494076,39.8508286],[32.8493988,39.8508456],[32.8493704,39.8508369],[32.8493538,39.8508691],[32.8493323,39.8508625],[32.8492724,39.8509784],[32.8492938,39.8509849],[32.8492771,39.8510171],[32.8493055,39.8510258],[32.8492967,39.8510428],[32.8494732,39.8510965]]]}},{"type":"Feature","properties":{"building":"apartments","source":"mapbox","osm_id":422424094},"geometry":{"type":"Polygon","coordinates":[[[32.8445579,39.8492473],[32.844581,39.8492425],[32.8445889,39.8492652],[32.8446325,39.8492561],[32.8446385,39.8492732],[32.8447953,39.8492406],[32.8447892,39.8492235],[32.8448327,39.8492145],[32.8448247,39.8491918],[32.8448476,39.8491871],[32.844798,39.8490465],[32.844775,39.8490513],[32.844767,39.8490286],[32.8447235,39.8490377],[32.8447175,39.8490205],[32.8445607,39.8490531],[32.8445667,39.8490702],[32.8445232,39.8490793],[32.8445312,39.8491019],[32.8445082,39.8491067],[32.8445579,39.8492473]]]}},{"type":"Feature","properties":{"building":"apartments","source":"mapbox","osm_id":422424095},"geometry":{"type":"Polygon","coordinates":[[[32.8497852,39.85142],[32.8497941,39.8514029],[32.8498225,39.8514115],[32.8498391,39.8513793],[32.8498606,39.8513859],[32.8499205,39.85127],[32.849899,39.8512635],[32.8499157,39.8512313],[32.8498872,39.8512226],[32.8498959,39.8512058],[32.8497197,39.8511521],[32.8497109,39.8511691],[32.8496824,39.8511604],[32.8496658,39.8511925],[32.8496443,39.851186],[32.8495844,39.8513019],[32.8496058,39.8513084],[32.8495892,39.8513406],[32.8496176,39.8513492],[32.8496088,39.8513662],[32.8497852,39.85142]]]}},{"type":"Feature","properties":{"building":"apartments","source":"mapbox","osm_id":422424096},"geometry":{"type":"Polygon","coordinates":[[[32.8493683,39.8500812],[32.8493771,39.8500641],[32.8494055,39.8500727],[32.8494221,39.8500406],[32.8494436,39.8500471],[32.8495035,39.8499312],[32.8494821,39.8499247],[32.8494987,39.8498925],[32.8494703,39.8498839],[32.849479,39.849867],[32.8493027,39.8498133],[32.8492939,39.8498303],[32.8492655,39.8498216],[32.8492489,39.8498537],[32.8492274,39.8498472],[32.8491675,39.8499631],[32.8491889,39.8499696],[32.8491722,39.8500018],[32.8492006,39.8500104],[32.8491918,39.8500274],[32.8493683,39.8500812]]]}},{"type":"Feature","properties":{"building":"apartments","source":"mapbox","osm_id":422424097},"geometry":{"type":"Polygon","coordinates":[[[32.8466463,39.8489053],[32.8466695,39.8489007],[32.8466771,39.8489234],[32.8467208,39.8489148],[32.8467266,39.8489319],[32.8468838,39.8489008],[32.846878,39.8488836],[32.8469217,39.848875],[32.846914,39.8488522],[32.8469369,39.8488477],[32.8468895,39.8487067],[32.8468665,39.8487113],[32.8468588,39.8486885],[32.8468152,39.8486972],[32.8468094,39.84868],[32.8466522,39.8487112],[32.8466579,39.8487283],[32.8466143,39.8487369],[32.8466219,39.8487596],[32.8465989,39.8487642],[32.8466463,39.8489053]]]}},{"type":"Feature","properties":{"building":"apartments","source":"mapbox","osm_id":422424098},"geometry":{"type":"Polygon","coordinates":[[[32.8495543,39.8526331],[32.8495625,39.8526158],[32.8495912,39.8526239],[32.8496066,39.8525913],[32.8496283,39.8525974],[32.8496838,39.8524802],[32.8496621,39.8524741],[32.8496775,39.8524416],[32.8496488,39.8524336],[32.8496568,39.8524166],[32.8494786,39.8523668],[32.8494705,39.852384],[32.8494417,39.852376],[32.8494263,39.8524085],[32.8494046,39.8524024],[32.8493491,39.8525196],[32.8493707,39.8525256],[32.8493553,39.8525582],[32.849384,39.8525662],[32.8493759,39.8525833],[32.8495543,39.8526331]]]}},{"type":"Feature","properties":{"building":"apartments","source":"mapbox","osm_id":422424099},"geometry":{"type":"Polygon","coordinates":[[[32.8510149,39.8521231],[32.8510231,39.8521058],[32.8510518,39.8521138],[32.8510672,39.8520813],[32.8510889,39.8520874],[32.8511444,39.8519702],[32.8511228,39.8519641],[32.8511381,39.8519316],[32.8511094,39.8519236],[32.8511175,39.8519065],[32.8509392,39.8518568],[32.8509311,39.851874],[32.8509023,39.851866],[32.850887,39.8518985],[32.8508652,39.8518924],[32.8508097,39.8520096],[32.8508314,39.8520156],[32.850816,39.8520482],[32.8508447,39.8520562],[32.8508365,39.8520733],[32.8510149,39.8521231]]]}},{"type":"Feature","properties":{"building":"apartments","source":"mapbox","osm_id":422424100},"geometry":{"type":"Polygon","coordinates":[[[32.8505281,39.8522929],[32.8505362,39.8522756],[32.850565,39.8522836],[32.8505804,39.8522511],[32.8506021,39.8522572],[32.8506575,39.85214],[32.8506359,39.8521339],[32.8506513,39.8521014],[32.8506225,39.8520934],[32.8506306,39.8520763],[32.8504523,39.8520266],[32.8504442,39.8520438],[32.8504155,39.8520357],[32.8504001,39.8520682],[32.8503783,39.8520622],[32.8503229,39.8521794],[32.8503445,39.8521854],[32.8503291,39.8522179],[32.8503578,39.8522259],[32.8503497,39.8522431],[32.8505281,39.8522929]]]}},{"type":"Feature","properties":{"building":"apartments","source":"mapbox","osm_id":422424101},"geometry":{"type":"Polygon","coordinates":[[[32.8522053,39.8508351],[32.8521995,39.8508173],[32.8522291,39.8508116],[32.8522181,39.850778],[32.8522405,39.8507737],[32.8522009,39.8506527],[32.8521786,39.850657],[32.8521676,39.8506235],[32.8521379,39.8506292],[32.8521322,39.8506116],[32.8519482,39.8506471],[32.851954,39.8506648],[32.8519244,39.8506705],[32.8519353,39.8507041],[32.8519129,39.8507084],[32.8519525,39.8508293],[32.8519748,39.850825],[32.8519858,39.8508586],[32.8520154,39.8508529],[32.8520212,39.8508706],[32.8522053,39.8508351]]]}},{"type":"Feature","properties":{"building":"apartments","source":"mapbox","osm_id":422424104},"geometry":{"type":"Polygon","coordinates":[[[32.8516599,39.8502204],[32.851654,39.8502026],[32.8516836,39.8501968],[32.8516727,39.8501633],[32.8516951,39.850159],[32.8516555,39.850038],[32.8516331,39.8500423],[32.8516221,39.8500088],[32.8515925,39.8500145],[32.8515867,39.8499969],[32.8514028,39.8500324],[32.8514086,39.8500501],[32.8513789,39.8500558],[32.8513899,39.8500894],[32.8513674,39.8500937],[32.851407,39.8502146],[32.8514293,39.8502103],[32.8514403,39.8502439],[32.8514699,39.8502382],[32.8514757,39.8502559],[32.8516599,39.8502204]]]}},{"type":"Feature","properties":{"building":"apartments","source":"mapbox","osm_id":422424105},"geometry":{"type":"Polygon","coordinates":[[[32.8476673,39.8481201],[32.8476904,39.8481155],[32.8476981,39.8481382],[32.8477417,39.8481296],[32.8477475,39.8481468],[32.8479048,39.8481156],[32.847899,39.8480984],[32.8479427,39.8480898],[32.847935,39.8480671],[32.8479579,39.8480625],[32.8479105,39.8479215],[32.8478875,39.8479261],[32.8478798,39.8479034],[32.8478362,39.847912],[32.8478304,39.8478948],[32.8476731,39.847926],[32.8476789,39.8479431],[32.8476352,39.8479517],[32.8476429,39.8479744],[32.8476198,39.847979],[32.8476673,39.8481201]]]}},{"type":"Feature","properties":{"building":"apartments","source":"mapbox","osm_id":422424106},"geometry":{"type":"Polygon","coordinates":[[[32.8503202,39.8511462],[32.850329,39.8511291],[32.8503574,39.8511377],[32.8503741,39.8511056],[32.8503955,39.8511121],[32.8504554,39.8509962],[32.850434,39.8509897],[32.8504506,39.8509575],[32.8504222,39.8509488],[32.8504309,39.850932],[32.8502546,39.8508783],[32.8502458,39.8508953],[32.8502174,39.8508866],[32.8502008,39.8509187],[32.8501793,39.8509122],[32.8501194,39.8510281],[32.8501408,39.8510346],[32.8501241,39.8510668],[32.8501525,39.8510754],[32.8501437,39.8510924],[32.8503202,39.8511462]]]}},{"type":"Feature","properties":{"building":"apartments","source":"mapbox","osm_id":422424107},"geometry":{"type":"Polygon","coordinates":[[[32.8469741,39.8486503],[32.8469973,39.8486457],[32.8470049,39.8486684],[32.8470486,39.8486597],[32.8470543,39.8486769],[32.8472116,39.8486458],[32.8472058,39.8486286],[32.8472495,39.84862],[32.8472418,39.8485972],[32.8472647,39.8485927],[32.8472173,39.8484517],[32.8471943,39.8484563],[32.8471866,39.8484335],[32.847143,39.8484422],[32.8471372,39.848425],[32.84698,39.8484561],[32.8469857,39.8484733],[32.8469421,39.8484819],[32.8469497,39.8485046],[32.8469266,39.8485092],[32.8469741,39.8486503]]]}},{"type":"Feature","properties":{"building":"apartments","source":"mapbox","osm_id":422424108},"geometry":{"type":"Polygon","coordinates":[[[32.8485135,39.850147],[32.8485223,39.8501299],[32.8485507,39.8501386],[32.8485673,39.8501064],[32.8485888,39.8501129],[32.8486487,39.849997],[32.8486273,39.8499905],[32.8486439,39.8499583],[32.8486155,39.8499497],[32.8486242,39.8499328],[32.8484479,39.8498791],[32.8484391,39.8498961],[32.8484107,39.8498874],[32.8483941,39.8499196],[32.8483726,39.849913],[32.8483127,39.8500289],[32.8483341,39.8500354],[32.8483174,39.8500676],[32.8483458,39.8500763],[32.848337,39.8500933],[32.8485135,39.850147]]]}},{"type":"Feature","properties":{"building":"apartments","source":"mapbox","osm_id":422424109},"geometry":{"type":"Polygon","coordinates":[[[32.8488071,39.8505308],[32.8488159,39.8505137],[32.8488443,39.8505224],[32.848861,39.8504902],[32.8488824,39.8504967],[32.8489423,39.8503808],[32.8489209,39.8503743],[32.8489375,39.8503421],[32.8489091,39.8503335],[32.8489178,39.8503166],[32.8487415,39.8502629],[32.8487328,39.8502799],[32.8487043,39.8502712],[32.8486877,39.8503034],[32.8486662,39.8502968],[32.8486063,39.8504127],[32.8486277,39.8504192],[32.8486111,39.8504514],[32.8486394,39.8504601],[32.8486307,39.850477],[32.8488071,39.8505308]]]}},{"type":"Feature","properties":{"building":"apartments","source":"mapbox","osm_id":422424110},"geometry":{"type":"Polygon","coordinates":[[[32.8490466,39.8497309],[32.8490554,39.8497138],[32.8490838,39.8497224],[32.8491005,39.8496903],[32.8491219,39.8496968],[32.8491818,39.8495809],[32.8491604,39.8495744],[32.849177,39.8495422],[32.8491486,39.8495335],[32.8491573,39.8495167],[32.848981,39.849463],[32.8489723,39.84948],[32.8489438,39.8494713],[32.8489272,39.8495034],[32.8489057,39.8494969],[32.8488458,39.8496128],[32.8488672,39.8496193],[32.8488506,39.8496515],[32.8488789,39.8496601],[32.8488702,39.8496771],[32.8490466,39.8497309]]]}},{"type":"Feature","properties":{"building":"apartments","source":"mapbox","osm_id":422424111},"geometry":{"type":"Polygon","coordinates":[[[32.8519291,39.8505324],[32.8519233,39.8505146],[32.8519529,39.8505089],[32.8519419,39.8504753],[32.8519643,39.850471],[32.8519247,39.8503501],[32.8519024,39.8503544],[32.8518914,39.8503208],[32.8518617,39.8503266],[32.851856,39.850309],[32.851672,39.8503444],[32.8516778,39.8503621],[32.8516481,39.8503679],[32.8516591,39.8504014],[32.8516367,39.8504057],[32.8516763,39.8505267],[32.8516986,39.8505224],[32.8517096,39.850556],[32.8517392,39.8505502],[32.851745,39.850568],[32.8519291,39.8505324]]]}},{"type":"Feature","properties":{"building":"apartments","source":"mapbox","osm_id":422424112},"geometry":{"type":"Polygon","coordinates":[[[32.8500447,39.8524647],[32.8500529,39.8524474],[32.8500816,39.8524554],[32.850097,39.8524229],[32.8501187,39.8524289],[32.8501742,39.8523118],[32.8501525,39.8523057],[32.8501679,39.8522732],[32.8501391,39.8522652],[32.8501472,39.8522481],[32.849969,39.8521984],[32.8499608,39.8522155],[32.8499321,39.8522075],[32.8499167,39.85224],[32.8498949,39.852234],[32.8498395,39.8523511],[32.8498611,39.8523572],[32.8498457,39.8523897],[32.8498744,39.8523977],[32.8498663,39.8524149],[32.8500447,39.8524647]]]}},{"type":"Feature","properties":{"building":"apartments","source":"mapbox","osm_id":422424113},"geometry":{"type":"Polygon","coordinates":[[[32.8454103,39.849616],[32.8454335,39.8496114],[32.8454411,39.8496341],[32.8454848,39.8496254],[32.8454906,39.8496426],[32.8456478,39.8496114],[32.8456421,39.8495943],[32.8456857,39.8495857],[32.845678,39.8495629],[32.8457009,39.8495584],[32.8456535,39.8494174],[32.8456305,39.849422],[32.8456228,39.8493992],[32.8455792,39.8494079],[32.8455734,39.8493907],[32.8454162,39.8494218],[32.8454219,39.849439],[32.8453783,39.8494476],[32.8453859,39.8494703],[32.8453629,39.8494749],[32.8454103,39.849616]]]}},{"type":"Feature","properties":{"building":"apartments","source":"mapbox","osm_id":422424114},"geometry":{"type":"Polygon","coordinates":[[[32.85003,39.8517796],[32.8500388,39.8517626],[32.8500672,39.8517712],[32.8500838,39.851739],[32.8501053,39.8517456],[32.8501652,39.8516297],[32.8501438,39.8516232],[32.8501604,39.851591],[32.850132,39.8515823],[32.8501407,39.8515655],[32.8499644,39.8515118],[32.8499556,39.8515287],[32.8499272,39.8515201],[32.8499106,39.8515522],[32.8498891,39.8515457],[32.8498292,39.8516616],[32.8498506,39.8516681],[32.8498339,39.8517003],[32.8498623,39.8517089],[32.8498535,39.8517259],[32.85003,39.8517796]]]}},{"type":"Feature","properties":{"building":"apartments","source":"mapbox","osm_id":422424115},"geometry":{"type":"Polygon","coordinates":[[[32.8473539,39.8483575],[32.8473773,39.8483533],[32.8473842,39.8483761],[32.8474281,39.8483683],[32.8474334,39.8483856],[32.8475915,39.8483572],[32.8475863,39.84834],[32.8476302,39.8483321],[32.8476232,39.8483093],[32.8476463,39.8483052],[32.8476032,39.8481634],[32.84758,39.8481675],[32.8475731,39.8481446],[32.8475292,39.8481525],[32.847524,39.8481352],[32.8473658,39.8481635],[32.847371,39.8481807],[32.8473271,39.8481886],[32.847334,39.8482114],[32.8473108,39.8482155],[32.8473539,39.8483575]]]}},{"type":"Feature","properties":{"building":"apartments","source":"mapbox","osm_id":422424116},"geometry":{"type":"Polygon","coordinates":[[[32.8515018,39.8519513],[32.85151,39.851934],[32.8515387,39.8519421],[32.8515541,39.8519095],[32.8515758,39.8519156],[32.8516313,39.8517984],[32.8516096,39.8517923],[32.851625,39.8517598],[32.8515963,39.8517518],[32.8516044,39.8517348],[32.8514261,39.851685],[32.851418,39.8517022],[32.8513892,39.8516942],[32.8513738,39.8517267],[32.8513521,39.8517206],[32.8512966,39.8518378],[32.8513183,39.8518438],[32.8513029,39.8518764],[32.8513315,39.8518844],[32.8513234,39.8519015],[32.8515018,39.8519513]]]}},{"type":"Feature","properties":{"building":"apartments","source":"mapbox","osm_id":422424117},"geometry":{"type":"Polygon","coordinates":[[[32.8437197,39.8488797],[32.8437428,39.8488749],[32.8437508,39.8488975],[32.8437943,39.8488885],[32.8438003,39.8489056],[32.8439571,39.848873],[32.8439511,39.8488559],[32.8439946,39.8488468],[32.8439866,39.8488242],[32.8440094,39.8488194],[32.8439598,39.8486789],[32.8439368,39.8486837],[32.8439288,39.848661],[32.8438854,39.84867],[32.8438793,39.8486529],[32.8437226,39.8486855],[32.8437286,39.8487025],[32.843685,39.8487116],[32.843693,39.8487342],[32.84367,39.848739],[32.8437197,39.8488797]]]}},{"type":"Feature","properties":{"building":"apartments","source":"mapbox","osm_id":422424118},"geometry":{"type":"Polygon","coordinates":[[[32.8449884,39.8494224],[32.8450113,39.849417],[32.8450204,39.8494394],[32.8450634,39.8494291],[32.8450703,39.849446],[32.8452254,39.849409],[32.8452185,39.8493921],[32.8452616,39.8493819],[32.8452525,39.8493594],[32.8452751,39.8493541],[32.8452188,39.849215],[32.8451961,39.8492204],[32.845187,39.849198],[32.845144,39.8492083],[32.8451371,39.8491913],[32.844982,39.8492283],[32.8449888,39.8492452],[32.8449458,39.8492555],[32.8449548,39.8492778],[32.8449321,39.8492833],[32.8449884,39.8494224]]]}},{"type":"Feature","properties":{"building":"apartments","source":"mapbox","osm_id":422424120},"geometry":{"type":"Polygon","coordinates":[[[32.8496865,39.8504355],[32.8496953,39.8504184],[32.8497237,39.8504271],[32.8497403,39.8503949],[32.8497618,39.8504014],[32.8498217,39.8502855],[32.8498003,39.850279],[32.8498169,39.8502468],[32.8497885,39.8502382],[32.8497972,39.8502213],[32.8496209,39.8501676],[32.8496121,39.8501846],[32.8495837,39.8501759],[32.8495671,39.8502081],[32.8495455,39.8502015],[32.8494857,39.8503174],[32.8495071,39.8503239],[32.8494904,39.8503561],[32.8495188,39.8503648],[32.84951,39.8503817],[32.8496865,39.8504355]]]}},{"type":"Feature","properties":{"building":"apartments","source":"mapbox","osm_id":422424122},"geometry":{"type":"Polygon","coordinates":[[[32.8458828,39.845427],[32.8458701,39.845448],[32.8459253,39.8454676],[32.8459308,39.8454585],[32.8459675,39.8454715],[32.8459743,39.8454604],[32.8460255,39.8454786],[32.84609,39.8453719],[32.8460388,39.8453537],[32.8460438,39.8453455],[32.845952,39.8453128],[32.8459418,39.8453296],[32.8459016,39.8453153],[32.8459119,39.8452983],[32.84582,39.8452656],[32.845815,39.8452739],[32.8457639,39.8452558],[32.8456995,39.8453624],[32.8457508,39.8453807],[32.8457441,39.8453918],[32.8457808,39.8454049],[32.8457753,39.845414],[32.8458304,39.8454337],[32.845843,39.8454129],[32.8458413,39.845417],[32.8458411,39.8454214],[32.8458423,39.8454257],[32.845845,39.8454296],[32.8458489,39.8454328],[32.8458537,39.8454352],[32.8458591,39.8454365],[32.8458649,39.8454367],[32.8458704,39.8454357],[32.8458755,39.8454337],[32.8458797,39.8454307],[32.8458828,39.845427]]]}},{"type":"Feature","properties":{"building":"apartments","source":"mapbox","osm_id":422424124},"geometry":{"type":"Polygon","coordinates":[[[32.8463121,39.8455816],[32.8462995,39.8456025],[32.8463546,39.8456222],[32.8463602,39.845613],[32.8463969,39.8456261],[32.8464036,39.8456149],[32.8464549,39.8456332],[32.8465193,39.8455265],[32.8464682,39.8455083],[32.8464732,39.8455],[32.8463813,39.8454673],[32.8463711,39.8454841],[32.846331,39.8454698],[32.8463412,39.8454529],[32.8462493,39.8454202],[32.8462443,39.8454285],[32.8461932,39.8454103],[32.8461288,39.845517],[32.8461802,39.8455353],[32.8461734,39.8455464],[32.8462101,39.8455595],[32.8462046,39.8455686],[32.8462598,39.8455882],[32.8462724,39.8455674],[32.8462706,39.8455716],[32.8462704,39.845576],[32.8462717,39.8455803],[32.8462743,39.8455842],[32.8462782,39.8455874],[32.846283,39.8455897],[32.8462885,39.8455911],[32.8462942,39.8455912],[32.8462998,39.8455903],[32.8463048,39.8455882],[32.8463091,39.8455853],[32.8463121,39.8455816]]]}},{"type":"Feature","properties":{"building":"apartments","source":"mapbox","osm_id":422424126},"geometry":{"type":"Polygon","coordinates":[[[32.8498453,39.8481182],[32.8500965,39.8480464],[32.8500429,39.8479359],[32.8497918,39.8480077],[32.8498453,39.8481182]]]}},{"type":"Feature","properties":{"building":"apartments","source":"mapbox","osm_id":422424127},"geometry":{"type":"Polygon","coordinates":[[[32.8440992,39.8483865],[32.8442807,39.8484513],[32.8443485,39.8483393],[32.8441669,39.8482746],[32.8440992,39.8483865]]]}},{"type":"Feature","properties":{"building":"apartments","source":"mapbox","osm_id":422424128},"geometry":{"type":"Polygon","coordinates":[[[32.8453011,39.8488098],[32.8454826,39.8488746],[32.8455504,39.8487627],[32.8453688,39.8486979],[32.8453011,39.8488098]]]}},{"type":"Feature","properties":{"building":"apartments","source":"mapbox","osm_id":422424129},"geometry":{"type":"Polygon","coordinates":[[[32.8452616,39.8461002],[32.8454431,39.846165],[32.8455109,39.846053],[32.8453293,39.8459883],[32.8452616,39.8461002]]]}},{"type":"Feature","properties":{"building":"apartments","source":"mapbox","osm_id":422424130},"geometry":{"type":"Polygon","coordinates":[[[32.8452161,39.8482249],[32.8453977,39.8482897],[32.8454654,39.8481778],[32.8452839,39.848113],[32.8452161,39.8482249]]]}},{"type":"Feature","properties":{"building":"apartments","source":"mapbox","osm_id":422424131},"geometry":{"type":"Polygon","coordinates":[[[32.8443691,39.8475773],[32.8445507,39.8476421],[32.8446184,39.8475301],[32.8444369,39.8474654],[32.8443691,39.8475773]]]}},{"type":"Feature","properties":{"building":"apartments","source":"mapbox","osm_id":422424132},"geometry":{"type":"Polygon","coordinates":[[[32.8439176,39.8483217],[32.8440992,39.8483865],[32.8441669,39.8482746],[32.8439854,39.8482098],[32.8439176,39.8483217]]]}},{"type":"Feature","properties":{"building":"apartments","source":"mapbox","osm_id":422424133},"geometry":{"type":"Polygon","coordinates":[[[32.8460093,39.8476203],[32.8461908,39.847685],[32.8462585,39.8475731],[32.846077,39.8475083],[32.8460093,39.8476203]]]}},{"type":"Feature","properties":{"building":"apartments","source":"mapbox","osm_id":422424134},"geometry":{"type":"Polygon","coordinates":[[[32.8448123,39.8468431],[32.8449938,39.8469079],[32.8450616,39.846796],[32.84488,39.8467312],[32.8448123,39.8468431]]]}},{"type":"Feature","properties":{"building":"apartments","source":"mapbox","osm_id":422424135},"geometry":{"type":"Polygon","coordinates":[[[32.8441462,39.8479464],[32.8443278,39.8480112],[32.8443955,39.8478993],[32.844214,39.8478345],[32.8441462,39.8479464]]]}},{"type":"Feature","properties":{"building":"apartments","source":"mapbox","osm_id":422424136},"geometry":{"type":"Polygon","coordinates":[[[32.8447762,39.8472696],[32.8449577,39.8473344],[32.8450255,39.8472224],[32.8448439,39.8471577],[32.8447762,39.8472696]]]}},{"type":"Feature","properties":{"building":"yes","source":"mapbox","osm_id":422424137},"geometry":{"type":"Polygon","coordinates":[[[32.8482047,39.8464081],[32.8484175,39.8466112],[32.8487364,39.8464142],[32.8485235,39.8462111],[32.8482047,39.8464081]]]}},{"type":"Feature","properties":{"building":"apartments","source":"mapbox","osm_id":422424138},"geometry":{"type":"Polygon","coordinates":[[[32.8453569,39.8470374],[32.8455384,39.8471022],[32.8456062,39.8469902],[32.8454246,39.8469255],[32.8453569,39.8470374]]]}},{"type":"Feature","properties":{"building":"apartments","source":"mapbox","osm_id":422424139},"geometry":{"type":"Polygon","coordinates":[[[32.8522483,39.8487075],[32.8523093,39.8488523],[32.8525124,39.8488019],[32.8524514,39.848657],[32.8522483,39.8487075]]]}},{"type":"Feature","properties":{"building":"yes","source":"mapbox","osm_id":422424140},"geometry":{"type":"Polygon","coordinates":[[[32.8496296,39.847373],[32.849764,39.8475051],[32.8500243,39.8473489],[32.84989,39.8472168],[32.8496296,39.847373]]]}},{"type":"Feature","properties":{"building":"apartments","source":"mapbox","osm_id":422424141},"geometry":{"type":"Polygon","coordinates":[[[32.8451196,39.8487451],[32.8453011,39.8488098],[32.8453688,39.8486979],[32.8451873,39.8486331],[32.8451196,39.8487451]]]}},{"type":"Feature","properties":{"building":"apartments","source":"mapbox","osm_id":422424142},"geometry":{"type":"Polygon","coordinates":[[[32.8455842,39.8466643],[32.8457657,39.846729],[32.8458334,39.8466171],[32.8456519,39.8465523],[32.8455842,39.8466643]]]}},{"type":"Feature","properties":{"building":"apartments","source":"mapbox","osm_id":422424143},"geometry":{"type":"Polygon","coordinates":[[[32.8445946,39.8472049],[32.8447762,39.8472696],[32.8448439,39.8471577],[32.8446624,39.8470929],[32.8445946,39.8472049]]]}},{"type":"Feature","properties":{"building":"apartments","source":"mapbox","osm_id":422424144},"geometry":{"type":"Polygon","coordinates":[[[32.8458012,39.8480874],[32.8459828,39.8481521],[32.8460505,39.8480402],[32.845869,39.8479754],[32.8458012,39.8480874]]]}},{"type":"Feature","properties":{"building":"apartments","source":"mapbox","osm_id":422424145},"geometry":{"type":"Polygon","coordinates":[[[32.8458277,39.8475555],[32.8460093,39.8476203],[32.846077,39.8475083],[32.8458955,39.8474436],[32.8458277,39.8475555]]]}},{"type":"Feature","properties":{"building":"apartments","source":"mapbox","osm_id":422424146},"geometry":{"type":"Polygon","coordinates":[[[32.8451754,39.8469727],[32.8453569,39.8470374],[32.8454246,39.8469255],[32.8452431,39.8468607],[32.8451754,39.8469727]]]}},{"type":"Feature","properties":{"building":"apartments","source":"mapbox","osm_id":422424147},"geometry":{"type":"Polygon","coordinates":[[[32.8458062,39.8462945],[32.8459877,39.8463593],[32.8460555,39.8462473],[32.8458739,39.8461826],[32.8458062,39.8462945]]]}},{"type":"Feature","properties":{"building":"apartments","source":"mapbox","osm_id":422424148},"geometry":{"type":"Polygon","coordinates":[[[32.8518235,39.8484545],[32.8518845,39.8485993],[32.8520876,39.8485489],[32.8520266,39.848404],[32.8518235,39.8484545]]]}},{"type":"Feature","properties":{"building":"apartments","source":"mapbox","osm_id":422424149},"geometry":{"type":"Polygon","coordinates":[[[32.8457607,39.8484192],[32.8459423,39.848484],[32.84601,39.848372],[32.8458285,39.8483073],[32.8457607,39.8484192]]]}},{"type":"Feature","properties":{"building":"apartments","source":"mapbox","osm_id":422424150},"geometry":{"type":"Polygon","coordinates":[[[32.8524205,39.8490008],[32.8524815,39.8491456],[32.8526846,39.8490951],[32.8526236,39.8489503],[32.8524205,39.8490008]]]}},{"type":"Feature","properties":{"building":"apartments","source":"mapbox","osm_id":422424151},"geometry":{"type":"Polygon","coordinates":[[[32.8449137,39.8477716],[32.8450952,39.8478364],[32.845163,39.8477244],[32.8449815,39.8476597],[32.8449137,39.8477716]]]}},{"type":"Feature","properties":{"building":"apartments","source":"mapbox","osm_id":422424152},"geometry":{"type":"Polygon","coordinates":[[[32.8528383,39.8496477],[32.8528994,39.8497925],[32.8531025,39.8497421],[32.8530414,39.8495972],[32.8528383,39.8496477]]]}},{"type":"Feature","properties":{"building":"apartments","source":"mapbox","osm_id":422424153},"geometry":{"type":"Polygon","coordinates":[[[32.844938,39.8486803],[32.8451196,39.8487451],[32.8451873,39.8486331],[32.8450058,39.8485684],[32.844938,39.8486803]]]}},{"type":"Feature","properties":{"building":"apartments","source":"mapbox","osm_id":422424154},"geometry":{"type":"Polygon","coordinates":[[[32.8454026,39.8465995],[32.8455842,39.8466643],[32.8456519,39.8465523],[32.8454704,39.8464876],[32.8454026,39.8465995]]]}},{"type":"Feature","properties":{"building":"apartments","source":"mapbox","osm_id":422424155},"geometry":{"type":"Polygon","coordinates":[[[32.8446908,39.8481407],[32.8448723,39.8482055],[32.8449401,39.8480935],[32.8447586,39.8480288],[32.8446908,39.8481407]]]}},{"type":"Feature","properties":{"building":"yes","source":"mapbox","osm_id":422424156},"geometry":{"type":"Polygon","coordinates":[[[32.849182,39.8473903],[32.8495053,39.8477081],[32.8496592,39.8476157],[32.8493359,39.847298],[32.849182,39.8473903]]]}},{"type":"Feature","properties":{"building":"apartments","source":"mapbox","osm_id":422424157},"geometry":{"type":"Polygon","coordinates":[[[32.8456197,39.8480226],[32.8458012,39.8480874],[32.845869,39.8479754],[32.8456874,39.8479107],[32.8456197,39.8480226]]]}},{"type":"Feature","properties":{"building":"apartments","source":"mapbox","osm_id":422424158},"geometry":{"type":"Polygon","coordinates":[[[32.8456462,39.8474908],[32.8458277,39.8475555],[32.8458955,39.8474436],[32.8457139,39.8473788],[32.8456462,39.8474908]]]}},{"type":"Feature","properties":{"building":"apartments","source":"mapbox","osm_id":422424159},"geometry":{"type":"Polygon","coordinates":[[[32.8444622,39.848516],[32.8446438,39.8485808],[32.8447115,39.8484688],[32.84453,39.8484041],[32.8444622,39.848516]]]}},{"type":"Feature","properties":{"building":"apartments","source":"mapbox","osm_id":422424160},"geometry":{"type":"Polygon","coordinates":[[[32.8513877,39.8481999],[32.8514557,39.8483429],[32.8516562,39.8482866],[32.8515881,39.8481437],[32.8513877,39.8481999]]]}},{"type":"Feature","properties":{"building":"apartments","source":"mapbox","osm_id":422424161},"geometry":{"type":"Polygon","coordinates":[[[32.8449938,39.8469079],[32.8451754,39.8469727],[32.8452431,39.8468607],[32.8450616,39.846796],[32.8449938,39.8469079]]]}},{"type":"Feature","properties":{"building":"apartments","source":"mapbox","osm_id":422424163},"geometry":{"type":"Polygon","coordinates":[[[32.8456247,39.8462297],[32.8458062,39.8462945],[32.8458739,39.8461826],[32.8456924,39.8461178],[32.8456247,39.8462297]]]}},{"type":"Feature","properties":{"building":"apartments","source":"mapbox","osm_id":422424164},"geometry":{"type":"Polygon","coordinates":[[[32.8455792,39.8483545],[32.8457607,39.8484192],[32.8458285,39.8483073],[32.8456469,39.8482425],[32.8455792,39.8483545]]]}},{"type":"Feature","properties":{"building":"apartments","source":"mapbox","osm_id":422424165},"geometry":{"type":"Polygon","coordinates":[[[32.8447322,39.8477069],[32.8449137,39.8477716],[32.8449815,39.8476597],[32.8447999,39.8475949],[32.8447322,39.8477069]]]}},{"type":"Feature","properties":{"building":"apartments","source":"mapbox","osm_id":422424166},"geometry":{"type":"Polygon","coordinates":[[[32.8452211,39.8465348],[32.8454026,39.8465995],[32.8454704,39.8464876],[32.8452888,39.8464228],[32.8452211,39.8465348]]]}},{"type":"Feature","properties":{"building":"apartments","source":"mapbox","osm_id":422424167},"geometry":{"type":"Polygon","coordinates":[[[32.8445093,39.848076],[32.8446908,39.8481407],[32.8447586,39.8480288],[32.844577,39.847964],[32.8445093,39.848076]]]}},{"type":"Feature","properties":{"building":"apartments","source":"mapbox","osm_id":422424169},"geometry":{"type":"Polygon","coordinates":[[[32.8528039,39.8492786],[32.8528687,39.8494225],[32.8530705,39.8493689],[32.8530056,39.8492251],[32.8528039,39.8492786]]]}},{"type":"Feature","properties":{"building":"apartments","source":"mapbox","osm_id":422424170},"geometry":{"type":"Polygon","coordinates":[[[32.8451392,39.8473991],[32.8453208,39.8474639],[32.8453885,39.847352],[32.845207,39.8472872],[32.8451392,39.8473991]]]}},{"type":"Feature","properties":{"building":"apartments","source":"mapbox","osm_id":422424171},"geometry":{"type":"Polygon","coordinates":[[[32.8454382,39.8479578],[32.8456197,39.8480226],[32.8456874,39.8479107],[32.8455059,39.8478459],[32.8454382,39.8479578]]]}},{"type":"Feature","properties":{"building":"apartments","source":"mapbox","osm_id":422424172},"geometry":{"type":"Polygon","coordinates":[[[32.8510396,39.8479262],[32.8511028,39.8480704],[32.8513051,39.8480182],[32.8512419,39.8478739],[32.8510396,39.8479262]]]}},{"type":"Feature","properties":{"building":"apartments","source":"mapbox","osm_id":422424173},"geometry":{"type":"Polygon","coordinates":[[[32.8442807,39.8484513],[32.8444622,39.848516],[32.84453,39.8484041],[32.8443485,39.8483393],[32.8442807,39.8484513]]]}},{"type":"Feature","properties":{"building":"apartments","source":"mapbox","osm_id":422424174},"geometry":{"type":"Polygon","coordinates":[[[32.8454431,39.846165],[32.8456247,39.8462297],[32.8456924,39.8461178],[32.8455109,39.846053],[32.8454431,39.846165]]]}},{"type":"Feature","properties":{"building":"apartments","source":"mapbox","osm_id":422424175},"geometry":{"type":"Polygon","coordinates":[[[32.8453977,39.8482897],[32.8455792,39.8483545],[32.8456469,39.8482425],[32.8454654,39.8481778],[32.8453977,39.8482897]]]}},{"type":"Feature","properties":{"building":"apartments","source":"mapbox","osm_id":422424176},"geometry":{"type":"Polygon","coordinates":[[[32.8445507,39.8476421],[32.8447322,39.8477069],[32.8447999,39.8475949],[32.8446184,39.8475301],[32.8445507,39.8476421]]]}},{"type":"Feature","properties":{"building":"apartments","source":"mapbox","osm_id":422424177},"geometry":{"type":"Polygon","coordinates":[[[32.8450396,39.84647],[32.8452211,39.8465348],[32.8452888,39.8464228],[32.8451073,39.8463581],[32.8450396,39.84647]]]}},{"type":"Feature","properties":{"building":"apartments","source":"mapbox","osm_id":422424178},"geometry":{"type":"Polygon","coordinates":[[[32.8502883,39.8476419],[32.8505422,39.8475759],[32.8504929,39.8474642],[32.8502391,39.8475303],[32.8502883,39.8476419]]]}},{"type":"Feature","properties":{"building":"apartments","source":"mapbox","osm_id":422424179},"geometry":{"type":"Polygon","coordinates":[[[32.8461908,39.847685],[32.8463723,39.8477498],[32.8464401,39.8476379],[32.8462585,39.8475731],[32.8461908,39.847685]]]}},{"type":"Feature","properties":{"building":"apartments","source":"mapbox","osm_id":422424180},"geometry":{"type":"Polygon","coordinates":[[[32.8528141,39.8500837],[32.8528771,39.850228],[32.8530795,39.8501758],[32.8530164,39.8500315],[32.8528141,39.8500837]]]}},{"type":"Feature","properties":{"building":"apartments","source":"mapbox","osm_id":422424181},"geometry":{"type":"Polygon","coordinates":[[[32.8443278,39.8480112],[32.8445093,39.848076],[32.844577,39.847964],[32.8443955,39.8478993],[32.8443278,39.8480112]]]}},{"type":"Feature","properties":{"building":"apartments","source":"mapbox","osm_id":422424182},"geometry":{"type":"Polygon","coordinates":[[[32.8449577,39.8473344],[32.8451392,39.8473991],[32.845207,39.8472872],[32.8450255,39.8472224],[32.8449577,39.8473344]]]}},{"type":"Feature","properties":{"building":"apartments","source":"mapbox","osm_id":422424183},"geometry":{"type":"Polygon","coordinates":[[[32.8514438,39.8478218],[32.8514714,39.8478848],[32.8514627,39.847887],[32.8514707,39.8479052],[32.8514797,39.8479029],[32.8515073,39.8479659],[32.8513051,39.8480182],[32.8512419,39.8478739],[32.8514438,39.8478218]]]}},{"type":"Feature","properties":{"building":"apartments","source":"mapbox","osm_id":422424184},"geometry":{"type":"Polygon","coordinates":[[[32.8520453,39.848758],[32.852072,39.8488212],[32.8520807,39.8488191],[32.8520884,39.8488373],[32.8520795,39.8488396],[32.8521062,39.8489028],[32.8523093,39.8488523],[32.8522483,39.8487075],[32.8520453,39.848758]]]}},{"type":"Feature","properties":{"building":"apartments","source":"mapbox","osm_id":422424185},"geometry":{"type":"Polygon","coordinates":[[[32.8464413,39.8473993],[32.8465231,39.8472793],[32.8462997,39.8471895],[32.8462178,39.8473095],[32.8463126,39.8473476],[32.8463183,39.8473393],[32.8463522,39.8473529],[32.8463465,39.8473612],[32.8464413,39.8473993]]]}},{"type":"Feature","properties":{"building":"apartments","source":"mapbox","osm_id":422424186},"geometry":{"type":"Polygon","coordinates":[[[32.8517882,39.8480875],[32.8518179,39.8481499],[32.8518094,39.8481523],[32.851818,39.8481704],[32.8518269,39.8481679],[32.8518566,39.8482304],[32.8516562,39.8482866],[32.8515881,39.8481437],[32.8517882,39.8480875]]]}},{"type":"Feature","properties":{"building":"apartments","source":"mapbox","osm_id":422424187},"geometry":{"type":"Polygon","coordinates":[[[32.8460407,39.8458853],[32.8460361,39.8458927],[32.8461155,39.8459219],[32.846192,39.8457992],[32.845988,39.8457242],[32.8459114,39.8458471],[32.8459908,39.8458763],[32.8459956,39.8458687],[32.8460407,39.8458853]]]}},{"type":"Feature","properties":{"building":"apartments","source":"mapbox","osm_id":422424188},"geometry":{"type":"Polygon","coordinates":[[[32.8507715,39.847464],[32.8507751,39.847463],[32.8507958,39.8475099],[32.8505422,39.8475759],[32.8504929,39.8474642],[32.8507467,39.8473982],[32.8507674,39.847445],[32.8507636,39.847446],[32.8507715,39.847464]]]}},{"type":"Feature","properties":{"building":"apartments","source":"mapbox","osm_id":422424189},"geometry":{"type":"Polygon","coordinates":[[[32.8532184,39.8499795],[32.8532459,39.8500425],[32.8532373,39.8500447],[32.8532453,39.8500629],[32.8532542,39.8500606],[32.8532818,39.8501237],[32.8530795,39.8501758],[32.8530164,39.8500315],[32.8532184,39.8499795]]]}},{"type":"Feature","properties":{"building":"apartments","source":"mapbox","osm_id":422424190},"geometry":{"type":"Polygon","coordinates":[[[32.8526022,39.8493322],[32.8526306,39.8493951],[32.8526393,39.8493928],[32.8526475,39.8494109],[32.8526386,39.8494133],[32.8526669,39.8494761],[32.8528687,39.8494225],[32.8528039,39.8492786],[32.8526022,39.8493322]]]}},{"type":"Feature","properties":{"building":"apartments","source":"mapbox","osm_id":422424191},"geometry":{"type":"Polygon","coordinates":[[[32.8516205,39.8485049],[32.8516471,39.8485682],[32.8516559,39.8485661],[32.8516636,39.8485843],[32.8516547,39.8485866],[32.8516813,39.8486498],[32.8518845,39.8485993],[32.8518235,39.8484545],[32.8516205,39.8485049]]]}},{"type":"Feature","properties":{"building":"apartments","source":"mapbox","osm_id":422424192},"geometry":{"type":"Polygon","coordinates":[[[32.8522175,39.8490512],[32.8522442,39.8491145],[32.8522529,39.8491123],[32.8522606,39.8491306],[32.8522517,39.8491328],[32.8522784,39.8491961],[32.8524815,39.8491456],[32.8524205,39.8490008],[32.8522175,39.8490512]]]}},{"type":"Feature","properties":{"building":"apartments","source":"mapbox","osm_id":422424193},"geometry":{"type":"Polygon","coordinates":[[[32.8526353,39.8496981],[32.852662,39.8497614],[32.8526707,39.8497593],[32.8526784,39.8497775],[32.8526695,39.8497797],[32.8526962,39.849843],[32.8528994,39.8497925],[32.8528383,39.8496477],[32.8526353,39.8496981]]]}},{"type":"Feature","properties":{"building":"apartments","source":"mapbox","osm_id":422424194},"geometry":{"type":"Polygon","coordinates":[[[32.8456327,39.8457355],[32.845628,39.845743],[32.8457074,39.8457722],[32.845784,39.8456493],[32.8455801,39.8455744],[32.8455034,39.8456973],[32.8455828,39.8457265],[32.8455875,39.8457189],[32.8456327,39.8457355]]]}},{"type":"Feature","properties":{"building":"apartments","source":"mapbox","osm_id":422424195},"geometry":{"type":"Polygon","coordinates":[[[32.8511873,39.8482562],[32.851217,39.8483187],[32.8512257,39.8483162],[32.8512342,39.8483343],[32.8512254,39.8483368],[32.8512552,39.8483992],[32.8514557,39.8483429],[32.8513877,39.8481999],[32.8511873,39.8482562]]]}},{"type":"Feature","properties":{"building":"apartments","source":"mapbox","osm_id":422424197},"geometry":{"type":"Polygon","coordinates":[[[32.8458366,39.8458105],[32.845832,39.8458179],[32.8459114,39.8458471],[32.845988,39.8457242],[32.845784,39.8456493],[32.8457074,39.8457722],[32.8457868,39.8458013],[32.8457915,39.8457939],[32.8458366,39.8458105]]]}},{"type":"Feature","properties":{"building":"apartments","source":"mapbox","osm_id":422424198},"geometry":{"type":"Polygon","coordinates":[[[32.8526541,39.8486067],[32.8526807,39.8486699],[32.852672,39.8486721],[32.8526797,39.8486904],[32.8526888,39.8486881],[32.8527154,39.8487514],[32.8525124,39.8488019],[32.8524514,39.848657],[32.8526541,39.8486067]]]}},{"type":"Feature","properties":{"building":"apartments","source":"mapbox","osm_id":422424199},"geometry":{"type":"Polygon","coordinates":[[[32.8460527,39.8472443],[32.8461346,39.8471243],[32.8459111,39.8470345],[32.8458293,39.8471545],[32.8459241,39.8471926],[32.8459297,39.8471843],[32.8459636,39.8471979],[32.845958,39.8472062],[32.8460527,39.8472443]]]}},{"type":"Feature","properties":{"building":"apartments","source":"mapbox","osm_id":422424200},"geometry":{"type":"Polygon","coordinates":[[[32.8503214,39.8479293],[32.850325,39.8479283],[32.8503475,39.8479746],[32.8500965,39.8480464],[32.8500429,39.8479359],[32.8502941,39.8478641],[32.8503165,39.8479105],[32.8503128,39.8479115],[32.8503214,39.8479293]]]}},{"type":"Feature","properties":{"building":"apartments","source":"mapbox","osm_id":422424201},"geometry":{"type":"Polygon","coordinates":[[[32.8508373,39.8479784],[32.850865,39.8480415],[32.8508737,39.8480392],[32.8508817,39.8480574],[32.8508728,39.8480597],[32.8509004,39.8481227],[32.8511028,39.8480704],[32.8510396,39.8479262],[32.8508373,39.8479784]]]}},{"type":"Feature","properties":{"building":"apartments","source":"mapbox","osm_id":422424202},"geometry":{"type":"Polygon","coordinates":[[[32.8522292,39.8483537],[32.8522559,39.8484169],[32.8522472,39.8484191],[32.8522549,39.8484374],[32.8522639,39.8484351],[32.8522906,39.8484984],[32.8520876,39.8485489],[32.8520266,39.848404],[32.8522292,39.8483537]]]}},{"type":"Feature","properties":{"building":"apartments","source":"mapbox","osm_id":422424203},"geometry":{"type":"Polygon","coordinates":[[[32.8528263,39.8489],[32.8528529,39.8489632],[32.8528442,39.8489654],[32.8528519,39.8489836],[32.852861,39.8489814],[32.8528876,39.8490447],[32.8526846,39.8490951],[32.8526236,39.8489503],[32.8528263,39.8489]]]}},{"type":"Feature","properties":{"building":"apartments","source":"mapbox","osm_id":422424204},"geometry":{"type":"Polygon","coordinates":[[[32.8532441,39.8495469],[32.8532707,39.8496101],[32.8532621,39.8496123],[32.8532698,39.8496306],[32.8532788,39.8496283],[32.8533055,39.8496916],[32.8531025,39.8497421],[32.8530414,39.8495972],[32.8532441,39.8495469]]]}},{"type":"Feature","properties":{"building":"apartments","source":"mapbox","osm_id":422424205},"geometry":{"type":"Polygon","coordinates":[[[32.8500176,39.8476603],[32.850014,39.8476612],[32.8500346,39.8477079],[32.8502883,39.8476419],[32.8502391,39.8475303],[32.8499853,39.8475963],[32.850006,39.8476433],[32.8500097,39.8476423],[32.8500176,39.8476603]]]}},{"type":"Feature","properties":{"building":"apartments","source":"mapbox","osm_id":422424206},"geometry":{"type":"Polygon","coordinates":[[[32.8526118,39.8501358],[32.8526393,39.8501988],[32.8526481,39.8501966],[32.852656,39.8502148],[32.8526471,39.8502171],[32.8526747,39.8502801],[32.8528771,39.850228],[32.8528141,39.8500837],[32.8526118,39.8501358]]]}},{"type":"Feature","properties":{"building":"apartments","source":"mapbox","osm_id":422424208},"geometry":{"type":"Polygon","coordinates":[[[32.8495754,39.8481427],[32.8495718,39.8481437],[32.8495943,39.8481899],[32.8498453,39.8481182],[32.8497918,39.8480077],[32.8495406,39.8480795],[32.8495632,39.8481259],[32.8495668,39.8481249],[32.8495754,39.8481427]]]}},{"type":"Feature","properties":{"building":"apartments","source":"mapbox","osm_id":422424209},"geometry":{"type":"Polygon","coordinates":[[[32.8532069,39.8491716],[32.8532352,39.8492344],[32.8532266,39.8492367],[32.8532348,39.8492548],[32.8532438,39.8492525],[32.8532721,39.8493153],[32.8530705,39.8493689],[32.8530056,39.8492251],[32.8532069,39.8491716]]]}},{"type":"Feature","properties":{"building":"school","source":"mapbox","osm_id":422465568},"geometry":{"type":"Polygon","coordinates":[[[32.8534968,39.8484531],[32.853387,39.8485331],[32.8534053,39.8485479],[32.8533881,39.8485605],[32.8533054,39.8484935],[32.853176,39.8485877],[32.8533951,39.8487651],[32.8535246,39.8486709],[32.853442,39.8486039],[32.8534595,39.8485912],[32.8534778,39.8486061],[32.8535873,39.8485264],[32.8534968,39.8484531]]]}},{"type":"Feature","properties":{"building":"school","source":"mapbox","osm_id":422465569},"geometry":{"type":"Polygon","coordinates":[[[32.8537157,39.8486308],[32.8536059,39.8487107],[32.8536243,39.8487255],[32.8536073,39.8487379],[32.8535246,39.8486709],[32.8533951,39.8487651],[32.8536142,39.8489425],[32.8537437,39.8488483],[32.8536611,39.8487815],[32.8536784,39.8487689],[32.8536968,39.8487838],[32.8538062,39.8487041],[32.8537157,39.8486308]]]}},{"type":"Feature","properties":{"building":"yes","source":"mapbox","osm_id":422465572},"geometry":{"type":"Polygon","coordinates":[[[32.8466454,39.8468188],[32.8469736,39.8467534],[32.8469827,39.8467803],[32.847106,39.8467558],[32.8470967,39.8467282],[32.8471578,39.8466217],[32.8472169,39.84661],[32.8471848,39.846515],[32.8471499,39.846522],[32.8470647,39.8462699],[32.8468747,39.8463077],[32.8469727,39.8465978],[32.846596,39.8466728],[32.8466454,39.8468188]]]}},{"type":"Feature","properties":{"building":"yes","source":"mapbox","osm_id":422465575},"geometry":{"type":"Polygon","coordinates":[[[32.8480161,39.8470167],[32.8477373,39.8474452],[32.8475461,39.8473719],[32.8475116,39.8474249],[32.8474541,39.8474028],[32.8474186,39.8474573],[32.8473611,39.8474353],[32.8473966,39.8473808],[32.8471571,39.8472889],[32.847258,39.8471339],[32.8474253,39.8468767],[32.8476494,39.8469626],[32.847614,39.8470171],[32.8475776,39.8470031],[32.8474702,39.8471681],[32.847638,39.8472325],[32.8478259,39.8469437],[32.8480161,39.8470167]]]}},{"type":"Feature","properties":{"building":"yes","source":"mapbox","osm_id":422465576},"geometry":{"type":"Polygon","coordinates":[[[32.8479341,39.8474546],[32.8480281,39.8474907],[32.8480131,39.8475137],[32.8480765,39.847538],[32.8480915,39.8475149],[32.8481273,39.8475287],[32.8482932,39.8472737],[32.8483266,39.8472865],[32.8483182,39.8472994],[32.8484615,39.8473544],[32.8484979,39.8472985],[32.8483545,39.8472435],[32.8483617,39.8472325],[32.8481351,39.8471456],[32.8480918,39.8472121],[32.848161,39.8472387],[32.8481552,39.8472476],[32.848086,39.8472211],[32.8479341,39.8474546]]]}},{"type":"Feature","properties":{"building":"yes","source":"mapbox","osm_id":422465578},"geometry":{"type":"Polygon","coordinates":[[[32.8471571,39.8472889],[32.847258,39.8471339],[32.8470085,39.8470382],[32.8469077,39.8471933],[32.8471571,39.8472889]]]}},{"type":"Feature","properties":{"building":"yes","source":"mapbox","osm_id":422465579},"geometry":{"type":"Polygon","coordinates":[[[32.8483113,39.8476634],[32.8484266,39.8477365],[32.8486247,39.8475525],[32.8485095,39.8474793],[32.8483113,39.8476634]]]}},{"type":"Feature","properties":{"building":"apartments","source":"mapbox","osm_id":422465581},"geometry":{"type":"Polygon","coordinates":[[[32.8466441,39.8461697],[32.8467535,39.8459942],[32.8465957,39.8459362],[32.8464864,39.8461117],[32.8466441,39.8461697]]]}},{"type":"Feature","properties":{"source":"mapbox","building":"yes","osm_id":422465583},"geometry":{"type":"Polygon","coordinates":[[[32.8509586,39.8470164],[32.8513831,39.8466947],[32.8516164,39.8468761],[32.8511919,39.8471978],[32.8509586,39.8470164]]]}},{"type":"Feature","properties":{"amenity":"place_of_worship","building":"yes","name":"Nazlı Hanım Camii","religion":"muslim","osm_id":431115258},"geometry":{"type":"Polygon","coordinates":[[[32.8437667,39.8513784],[32.8439019,39.8510795],[32.8442894,39.8511977],[32.844156,39.851494],[32.8437667,39.8513784]]]}},{"type":"Feature","properties":{"building":"yes","osm_id":436502879},"geometry":{"type":"Polygon","coordinates":[[[32.8529597,39.8650552],[32.8530628,39.8649275],[32.8534928,39.8651322],[32.8533896,39.8652599],[32.8529597,39.8650552]]]}},{"type":"Feature","properties":{"building":"yes","osm_id":436502881},"geometry":{"type":"Polygon","coordinates":[[[32.8517249,39.8681063],[32.8518322,39.8679395],[32.852053,39.8680233],[32.8519457,39.86819],[32.8517249,39.8681063]]]}},{"type":"Feature","properties":{"building":"yes","osm_id":436502882},"geometry":{"type":"Polygon","coordinates":[[[32.852066,39.8685072],[32.8521675,39.8683675],[32.8523939,39.8684643],[32.8522925,39.8686041],[32.852066,39.8685072]]]}},{"type":"Feature","properties":{"building":"yes","osm_id":436502883},"geometry":{"type":"Polygon","coordinates":[[[32.8522228,39.8683202],[32.8523237,39.8681805],[32.8525247,39.868266],[32.8524237,39.8684058],[32.8522228,39.8683202]]]}},{"type":"Feature","properties":{"building":"yes","osm_id":436502884},"geometry":{"type":"Polygon","coordinates":[[[32.8519672,39.8677495],[32.852178,39.8678307],[32.8520937,39.8679598],[32.8518829,39.8678786],[32.8519672,39.8677495]]]}},{"type":"Feature","properties":{"building":"yes","osm_id":436502885},"geometry":{"type":"Polygon","coordinates":[[[32.8507343,39.867078],[32.8509246,39.8669153],[32.8511914,39.8670992],[32.851001,39.8672619],[32.8507343,39.867078]]]}},{"type":"Feature","properties":{"building":"yes","osm_id":436502886},"geometry":{"type":"Polygon","coordinates":[[[32.8503709,39.8677438],[32.850526,39.8675647],[32.850681,39.8676438],[32.8505258,39.8678229],[32.8503709,39.8677438]]]}},{"type":"Feature","properties":{"building":"yes","osm_id":436502887},"geometry":{"type":"Polygon","coordinates":[[[32.8506101,39.8678582],[32.8507487,39.8676853],[32.8509199,39.8677661],[32.8507812,39.867939],[32.8506101,39.8678582]]]}},{"type":"Feature","properties":{"building":"yes","osm_id":436502888},"geometry":{"type":"Polygon","coordinates":[[[32.8501596,39.8676377],[32.8502206,39.867555],[32.8501962,39.8675441],[32.8501983,39.8675129],[32.8502267,39.8674661],[32.8502491,39.8674521],[32.8502877,39.8674552],[32.8503609,39.8673569],[32.8505235,39.8674505],[32.850308,39.8677188],[32.8501596,39.8676377]]]}},{"type":"Feature","properties":{"building":"yes","osm_id":436502889},"geometry":{"type":"Polygon","coordinates":[[[32.8508535,39.8679686],[32.8509964,39.867794],[32.851162,39.8678739],[32.8510192,39.8680485],[32.8508535,39.8679686]]]}},{"type":"Feature","properties":{"building":"yes","osm_id":436502890},"geometry":{"type":"Polygon","coordinates":[[[32.8511197,39.8680822],[32.851273,39.8678615],[32.85146,39.867938],[32.8513067,39.8681587],[32.8511197,39.8680822]]]}},{"type":"Feature","properties":{"building":"yes","osm_id":436502891},"geometry":{"type":"Polygon","coordinates":[[[32.8512087,39.8676964],[32.8513077,39.8675697],[32.8515933,39.8677012],[32.8514943,39.8678279],[32.8512087,39.8676964]]]}},{"type":"Feature","properties":{"building":"yes","osm_id":436502892},"geometry":{"type":"Polygon","coordinates":[[[32.8513257,39.8675124],[32.8514216,39.8673849],[32.851722,39.867518],[32.8516261,39.8676455],[32.8513257,39.8675124]]]}},{"type":"Feature","properties":{"building":"yes","osm_id":436502893},"geometry":{"type":"Polygon","coordinates":[[[32.8517501,39.8669072],[32.8518627,39.8667577],[32.8521547,39.8668873],[32.8520421,39.8670368],[32.8517501,39.8669072]]]}},{"type":"Feature","properties":{"building":"yes","osm_id":436502894},"geometry":{"type":"Polygon","coordinates":[[[32.8512759,39.8643615],[32.8514254,39.8642594],[32.8516182,39.8644258],[32.8514688,39.8645279],[32.8512759,39.8643615]]]}},{"type":"Feature","properties":{"building":"yes","osm_id":436502895},"geometry":{"type":"Polygon","coordinates":[[[32.8515187,39.8641744],[32.8516706,39.8640769],[32.8518573,39.8642484],[32.8517054,39.8643459],[32.8515187,39.8641744]]]}},{"type":"Feature","properties":{"building":"yes","osm_id":436502896},"geometry":{"type":"Polygon","coordinates":[[[32.8524555,39.8640872],[32.8526837,39.8639313],[32.8528292,39.8640568],[32.8526011,39.8642127],[32.8524555,39.8640872]]]}},{"type":"Feature","properties":{"building":"yes","osm_id":436502897},"geometry":{"type":"Polygon","coordinates":[[[32.8527294,39.8636628],[32.8528909,39.8635907],[32.8530687,39.8638253],[32.8529071,39.8638974],[32.8527294,39.8636628]]]}},{"type":"Feature","properties":{"building":"yes","amenity":"place_of_worship","name":"Murat Cami","religion":"muslim","osm_id":436502898},"geometry":{"type":"Polygon","coordinates":[[[32.8554514,39.8672849],[32.855438,39.8672005],[32.8554649,39.8671284],[32.8555453,39.8671511],[32.8555775,39.867219],[32.855556,39.8673117],[32.8554514,39.8672849]]]}},{"type":"Feature","properties":{"building":"yes","osm_id":436502899},"geometry":{"type":"Polygon","coordinates":[[[32.8567674,39.8685897],[32.8569373,39.8684917],[32.8570846,39.8686423],[32.8569147,39.8687402],[32.8567674,39.8685897]]]}},{"type":"Feature","properties":{"building":"yes","osm_id":436502900},"geometry":{"type":"Polygon","coordinates":[[[32.8601346,39.8704875],[32.8600416,39.8703308],[32.8597847,39.8704207],[32.8598777,39.8705774],[32.8601346,39.8704875]]]}},{"type":"Feature","properties":{"building":"yes","osm_id":436502901},"geometry":{"type":"Polygon","coordinates":[[[32.8593029,39.8724035],[32.8592799,39.87221],[32.8595512,39.872191],[32.8595742,39.8723844],[32.8593029,39.8724035]]]}},{"type":"Feature","properties":{"building":"yes","osm_id":436502902},"geometry":{"type":"Polygon","coordinates":[[[32.8598263,39.872182],[32.8601429,39.8721075],[32.8601958,39.8722398],[32.8598793,39.8723144],[32.8598263,39.872182]]]}},{"type":"Feature","properties":{"building":"yes","osm_id":436502903},"geometry":{"type":"Polygon","coordinates":[[[32.8605407,39.8718513],[32.8604515,39.8716993],[32.8607566,39.8715938],[32.8608458,39.8717458],[32.8605407,39.8718513]]]}},{"type":"Feature","properties":{"building":"yes","osm_id":436502904},"geometry":{"type":"Polygon","coordinates":[[[32.8604488,39.8716646],[32.8603722,39.8715445],[32.8606375,39.8714449],[32.860714,39.871565],[32.8604488,39.8716646]]]}},{"type":"Feature","properties":{"building":"yes","osm_id":436502905},"geometry":{"type":"Polygon","coordinates":[[[32.8607643,39.8718665],[32.8609179,39.8718164],[32.8610284,39.8720159],[32.8608748,39.872066],[32.8607643,39.8718665]]]}},{"type":"Feature","properties":{"building":"yes","osm_id":436502906},"geometry":{"type":"Polygon","coordinates":[[[32.8605815,39.8721592],[32.860488,39.8719345],[32.8606689,39.8718987],[32.8606953,39.8719735],[32.8607197,39.8719689],[32.8607807,39.8721171],[32.8605815,39.8721592]]]}},{"type":"Feature","properties":{"building":"yes","osm_id":436502907},"geometry":{"type":"Polygon","coordinates":[[[32.8611577,39.8734839],[32.8611243,39.8733155],[32.8614742,39.8732747],[32.8615076,39.8734431],[32.8611577,39.8734839]]]}},{"type":"Feature","properties":{"building":"yes","osm_id":436502908},"geometry":{"type":"Polygon","coordinates":[[[32.8616005,39.8736095],[32.8618879,39.8735034],[32.8619514,39.8736047],[32.861664,39.8737108],[32.8616005,39.8736095]]]}},{"type":"Feature","properties":{"building":"yes","osm_id":436502909},"geometry":{"type":"Polygon","coordinates":[[[32.8625002,39.8734508],[32.8626484,39.8733963],[32.8627559,39.8735683],[32.8626077,39.8736229],[32.8625002,39.8734508]]]}},{"type":"Feature","properties":{"building":"yes","osm_id":436502910},"geometry":{"type":"Polygon","coordinates":[[[32.8627358,39.8733787],[32.8628527,39.8733329],[32.8630383,39.8736124],[32.8629214,39.8736581],[32.8627358,39.8733787]]]}},{"type":"Feature","properties":{"building":"yes","osm_id":438411956},"geometry":{"type":"Polygon","coordinates":[[[32.8237968,39.8729238],[32.8239339,39.8726787],[32.8240809,39.8727271],[32.8239438,39.8729722],[32.8237968,39.8729238]]]}},{"type":"Feature","properties":{"building":"yes","osm_id":438411957},"geometry":{"type":"Polygon","coordinates":[[[32.8240209,39.8723567],[32.8241151,39.872187],[32.8243401,39.8722606],[32.8242459,39.8724303],[32.8240209,39.8723567]]]}},{"type":"Feature","properties":{"building":"yes","osm_id":438411958},"geometry":{"type":"Polygon","coordinates":[[[32.8237023,39.8722522],[32.8237624,39.8720987],[32.8240188,39.8721579],[32.8239586,39.8723113],[32.8237023,39.8722522]]]}},{"type":"Feature","properties":{"building":"yes","osm_id":438411959},"geometry":{"type":"Polygon","coordinates":[[[32.8239395,39.8718514],[32.8241035,39.8717054],[32.8242954,39.8718323],[32.8241314,39.8719783],[32.8239395,39.8718514]]]}},{"type":"Feature","properties":{"building":"yes","osm_id":438411960},"geometry":{"type":"Polygon","coordinates":[[[32.8241989,39.8716341],[32.8243757,39.8714769],[32.8245702,39.8716056],[32.8243934,39.8717629],[32.8241989,39.8716341]]]}},{"type":"Feature","properties":{"building":"yes","osm_id":438411961},"geometry":{"type":"Polygon","coordinates":[[[32.8245324,39.8713423],[32.8246782,39.8712352],[32.8249055,39.8714173],[32.8247597,39.8715245],[32.8245324,39.8713423]]]}},{"type":"Feature","properties":{"building":"yes","osm_id":438411962},"geometry":{"type":"Polygon","coordinates":[[[32.8248954,39.8710215],[32.8249712,39.870968],[32.8249895,39.8709833],[32.8250242,39.8709588],[32.8250042,39.870942],[32.8250916,39.8708804],[32.8253444,39.8710916],[32.8252632,39.8711489],[32.8252477,39.871136],[32.8252257,39.8711515],[32.8252449,39.8711676],[32.8251502,39.8712344],[32.8248954,39.8710215]]]}},{"type":"Feature","properties":{"building":"yes","osm_id":438411963},"geometry":{"type":"Polygon","coordinates":[[[32.8253077,39.8707464],[32.8253835,39.8706929],[32.8254018,39.8707081],[32.8254365,39.8706836],[32.8254164,39.8706668],[32.8255039,39.8706052],[32.8257567,39.8708165],[32.8256755,39.8708738],[32.8256599,39.8708608],[32.825638,39.8708763],[32.8256572,39.8708924],[32.8255625,39.8709592],[32.8253077,39.8707464]]]}},{"type":"Feature","properties":{"building":"yes","osm_id":438411964},"geometry":{"type":"Polygon","coordinates":[[[32.8246673,39.8702165],[32.8247302,39.8701539],[32.8247515,39.8701666],[32.8247804,39.8701379],[32.8247568,39.870124],[32.8248293,39.8700518],[32.8251253,39.870227],[32.8250579,39.8702941],[32.8250398,39.8702834],[32.8250215,39.8703015],[32.8250441,39.8703149],[32.8249656,39.8703931],[32.8246673,39.8702165]]]}},{"type":"Feature","properties":{"building":"yes","osm_id":438411965},"geometry":{"type":"Polygon","coordinates":[[[32.8249584,39.8699465],[32.8250212,39.8698839],[32.8250426,39.8698966],[32.8250714,39.8698679],[32.8250479,39.869854],[32.8251204,39.8697818],[32.8254164,39.869957],[32.825349,39.8700241],[32.8253308,39.8700134],[32.8253126,39.8700315],[32.8253352,39.8700449],[32.8252566,39.870123],[32.8249584,39.8699465]]]}},{"type":"Feature","properties":{"building":"yes","osm_id":438411966},"geometry":{"type":"Polygon","coordinates":[[[32.8253167,39.8695216],[32.8253796,39.869459],[32.8254009,39.8694717],[32.8254297,39.869443],[32.8254062,39.8694291],[32.8254787,39.8693569],[32.8257747,39.8695321],[32.8257073,39.8695992],[32.8256892,39.8695885],[32.8256709,39.8696066],[32.8256935,39.86962],[32.825615,39.8696982],[32.8253167,39.8695216]]]}},{"type":"Feature","properties":{"building":"yes","osm_id":438411967},"geometry":{"type":"Polygon","coordinates":[[[32.8259583,39.8695474],[32.8260458,39.869589],[32.8260316,39.8696066],[32.8260717,39.8696257],[32.8260874,39.8696063],[32.8261882,39.8696543],[32.8259913,39.8698982],[32.8258975,39.8698535],[32.8259095,39.8698386],[32.8258842,39.8698265],[32.8258691,39.8698451],[32.8257598,39.8697931],[32.8259583,39.8695474]]]}},{"type":"Feature","properties":{"building":"yes","osm_id":438411968},"geometry":{"type":"Polygon","coordinates":[[[32.8261097,39.8699622],[32.8261646,39.8698953],[32.8261874,39.8699063],[32.8262126,39.8698756],[32.8261875,39.8698635],[32.8262507,39.8697864],[32.826567,39.8699393],[32.8265082,39.8700109],[32.8264888,39.8700016],[32.8264729,39.8700209],[32.826497,39.8700326],[32.8264284,39.8701162],[32.8261097,39.8699622]]]}},{"type":"Feature","properties":{"building":"yes","osm_id":438411969},"geometry":{"type":"Polygon","coordinates":[[[32.8257638,39.8705411],[32.8259395,39.8703569],[32.8260953,39.8704445],[32.8259196,39.8706287],[32.8257638,39.8705411]]]}},{"type":"Feature","properties":{"building":"yes","osm_id":438416646},"geometry":{"type":"Polygon","coordinates":[[[32.8233263,39.8733696],[32.8233851,39.8732197],[32.8236241,39.8732749],[32.8235653,39.8734248],[32.8233263,39.8733696]]]}},{"type":"Feature","properties":{"building":"yes","osm_id":438416647},"geometry":{"type":"Polygon","coordinates":[[[32.8233935,39.8730668],[32.8234306,39.8729722],[32.8235666,39.8730036],[32.8235968,39.8729266],[32.8238288,39.8729802],[32.8237245,39.873246],[32.8234891,39.8731916],[32.8235261,39.8730974],[32.8233935,39.8730668]]]}},{"type":"Feature","properties":{"building":"yes","osm_id":438416648},"geometry":{"type":"Polygon","coordinates":[[[32.8236124,39.8725169],[32.8236871,39.8723431],[32.8238833,39.8724219],[32.8238156,39.8725671],[32.8236124,39.8725169]]]}},{"type":"Feature","properties":{"building":"yes","osm_id":438416690},"geometry":{"type":"Polygon","coordinates":[[[32.8237856,39.8712139],[32.8239849,39.8710445],[32.8240596,39.8710963],[32.8239968,39.8711496],[32.8240941,39.8712171],[32.8239575,39.8713331],[32.8237856,39.8712139]]]}},{"type":"Feature","properties":{"building":"yes","amenity":"place_of_worship","religion":"muslim","osm_id":438499382},"geometry":{"type":"Polygon","coordinates":[[[32.8278375,39.8630436],[32.8279004,39.8628925],[32.8281121,39.8629445],[32.8280492,39.8630955],[32.8278375,39.8630436]]]}},{"type":"Feature","properties":{"building":"yes","addr:city":"Çankaya/Ankara","amenity":"place_of_worship","name":"Yeşilova Cami","religion":"muslim","osm_id":438512009},"geometry":{"type":"Polygon","coordinates":[[[32.8243259,39.867226],[32.8243446,39.8671971],[32.8243151,39.8671848],[32.8243983,39.8670736],[32.8246129,39.867191],[32.8245431,39.8672857],[32.8244975,39.8672857],[32.8243259,39.867226]]]}},{"type":"Feature","properties":{"building":"yes","osm_id":438516076},"geometry":{"type":"Polygon","coordinates":[[[32.8237986,39.8687041],[32.8239075,39.8685995],[32.8241087,39.8687229],[32.8239998,39.8688275],[32.8237986,39.8687041]]]}},{"type":"Feature","properties":{"building":"yes","osm_id":438516077},"geometry":{"type":"Polygon","coordinates":[[[32.8236956,39.8687942],[32.8237986,39.8687041],[32.8239998,39.8688275],[32.8238995,39.8689229],[32.8236956,39.8687942]]]}},{"type":"Feature","properties":{"building":"yes","osm_id":438516078},"geometry":{"type":"Polygon","coordinates":[[[32.8236956,39.8687942],[32.8238995,39.8689229],[32.823811,39.8689949],[32.8236246,39.8688642],[32.8236956,39.8687942]]]}},{"type":"Feature","properties":{"building":"yes","building:levels":"11","osm_id":438516080},"geometry":{"type":"Polygon","coordinates":[[[32.8232455,39.8676881],[32.8233368,39.8676152],[32.8233672,39.8676376],[32.8233928,39.8676171],[32.823357,39.8675907],[32.8234486,39.8675175],[32.8236299,39.8676512],[32.8235479,39.8677168],[32.8235036,39.867684],[32.8234818,39.8677014],[32.8235352,39.8677408],[32.8234305,39.8678245],[32.8232455,39.8676881]]]}},{"type":"Feature","properties":{"building":"yes","building:levels":"11","osm_id":438516081},"geometry":{"type":"Polygon","coordinates":[[[32.8236426,39.8679808],[32.8237339,39.8679079],[32.8237643,39.8679303],[32.8237899,39.8679098],[32.8237541,39.8678834],[32.8238457,39.8678102],[32.8240271,39.8679439],[32.823945,39.8680094],[32.8239007,39.8679767],[32.8238789,39.8679941],[32.8239323,39.8680335],[32.8238276,39.8681172],[32.8236426,39.8679808]]]}},{"type":"Feature","properties":{"building":"yes","name":"Yön Tıp Merkezi","amenity":"clinic","osm_id":438516082},"geometry":{"type":"Polygon","coordinates":[[[32.8267481,39.8694197],[32.8267923,39.8694414],[32.8268065,39.8694944],[32.826856,39.8695419],[32.8269357,39.8695745],[32.8269976,39.8695826],[32.8270471,39.8695596],[32.8271215,39.8695826],[32.8271834,39.8694862],[32.8268065,39.8693273],[32.8267481,39.8694197]]]}},{"type":"Feature","properties":{"amenity":"fuel","name":"BP","building":"roof","osm_id":438516083},"geometry":{"type":"Polygon","coordinates":[[[32.827253,39.8702283],[32.8273395,39.8701069],[32.8275016,39.8701749],[32.827415,39.8702964],[32.827253,39.8702283]]]}},{"type":"Feature","properties":{"building":"commercial","osm_id":438516084},"geometry":{"type":"Polygon","coordinates":[[[32.8267622,39.870293],[32.8269038,39.8701083],[32.8269516,39.870096],[32.8270171,39.8701069],[32.827253,39.8702283],[32.827415,39.8702964],[32.8275125,39.8703391],[32.827332,39.8705945],[32.8267622,39.870293]]]}},{"type":"Feature","properties":{"building":"yes","osm_id":438522819},"geometry":{"type":"Polygon","coordinates":[[[32.823575,39.8728648],[32.8235181,39.8727602],[32.8235364,39.872662],[32.8237254,39.8725917],[32.8237396,39.8726229],[32.8237661,39.8726183],[32.8237844,39.8726604],[32.8237518,39.8726651],[32.8237518,39.87269],[32.8237295,39.8726994],[32.8237356,39.8727244],[32.8236929,39.8727384],[32.8237071,39.8727743],[32.8236787,39.872779],[32.823701,39.8728336],[32.8236787,39.872857],[32.8236177,39.8728694],[32.823575,39.8728648]]]}},{"type":"Feature","properties":{"building":"yes","osm_id":438540333},"geometry":{"type":"Polygon","coordinates":[[[32.8249043,39.8660513],[32.8251513,39.8658644],[32.8252939,39.8659754],[32.825047,39.8661624],[32.8249043,39.8660513]]]}},{"type":"Feature","properties":{"building":"yes","osm_id":438540334},"geometry":{"type":"Polygon","coordinates":[[[32.8250747,39.8662616],[32.8252504,39.8661279],[32.8253886,39.8662348],[32.8252129,39.8663686],[32.8250747,39.8662616]]]}},{"type":"Feature","properties":{"building":"yes","osm_id":438540335},"geometry":{"type":"Polygon","coordinates":[[[32.8251969,39.8658088],[32.8252962,39.8657326],[32.8254356,39.8658395],[32.8253363,39.8659158],[32.8251969,39.8658088]]]}},{"type":"Feature","properties":{"building":"yes","osm_id":438540336},"geometry":{"type":"Polygon","coordinates":[[[32.8253345,39.8656976],[32.8254436,39.8656147],[32.825593,39.8657305],[32.8254838,39.8658134],[32.8253345,39.8656976]]]}},{"type":"Feature","properties":{"building":"yes","osm_id":438540337},"geometry":{"type":"Polygon","coordinates":[[[32.8254954,39.865581],[32.8256234,39.8654828],[32.8257595,39.8655873],[32.8256315,39.8656855],[32.8254954,39.865581]]]}},{"type":"Feature","properties":{"building":"yes","osm_id":438540338},"geometry":{"type":"Polygon","coordinates":[[[32.8256691,39.8654236],[32.8257981,39.8653354],[32.8259495,39.8654657],[32.8258205,39.8655539],[32.8256691,39.8654236]]]}},{"type":"Feature","properties":{"building":"yes","osm_id":438540339},"geometry":{"type":"Polygon","coordinates":[[[32.8258814,39.865631],[32.8259851,39.8655592],[32.8260237,39.8655561],[32.8261131,39.8656216],[32.8261213,39.8656544],[32.8260115,39.8657402],[32.8258814,39.865631]]]}},{"type":"Feature","properties":{"building":"yes","osm_id":438540340},"geometry":{"type":"Polygon","coordinates":[[[32.8258448,39.8656684],[32.8259689,39.8657651],[32.8258388,39.8658634],[32.8257148,39.8657667],[32.8258448,39.8656684]]]}},{"type":"Feature","properties":{"building":"yes","osm_id":438540341},"geometry":{"type":"Polygon","coordinates":[[[32.8251792,39.8651939],[32.8252712,39.865043],[32.8255634,39.8651479],[32.8254715,39.8652989],[32.8251792,39.8651939]]]}},{"type":"Feature","properties":{"building":"yes","osm_id":438540342},"geometry":{"type":"Polygon","coordinates":[[[32.8250216,39.865322],[32.8251232,39.8652378],[32.825233,39.8652877],[32.8253346,39.8653704],[32.8252025,39.8654952],[32.825048,39.8653735],[32.8250216,39.865322]]]}},{"type":"Feature","properties":{"building":"yes","osm_id":438540343},"geometry":{"type":"Polygon","coordinates":[[[32.824819,39.8654983],[32.8249587,39.8653788],[32.8251587,39.8655165],[32.825019,39.865636],[32.824819,39.8654983]]]}},{"type":"Feature","properties":{"building":"yes","osm_id":438540344},"geometry":{"type":"Polygon","coordinates":[[[32.824859,39.8650708],[32.8248833,39.8649975],[32.8249321,39.8649086],[32.8251435,39.8649959],[32.8250907,39.8650864],[32.8250317,39.8651395],[32.824859,39.8650708]]]}},{"type":"Feature","properties":{"building":"yes","osm_id":438540345},"geometry":{"type":"Polygon","coordinates":[[[32.8246087,39.8650123],[32.8246857,39.8648563],[32.8248552,39.8649056],[32.8247782,39.8650615],[32.8246087,39.8650123]]]}},{"type":"Feature","properties":{"building":"yes","osm_id":438540346},"geometry":{"type":"Polygon","coordinates":[[[32.8240995,39.8648763],[32.8241802,39.8647011],[32.8243859,39.864757],[32.8243053,39.8649321],[32.8240995,39.8648763]]]}},{"type":"Feature","properties":{"building":"yes","osm_id":438540347},"geometry":{"type":"Polygon","coordinates":[[[32.8243848,39.8649314],[32.8244498,39.8647906],[32.8246278,39.8648389],[32.8245629,39.8649798],[32.8243848,39.8649314]]]}},{"type":"Feature","properties":{"building":"yes","osm_id":438540348},"geometry":{"type":"Polygon","coordinates":[[[32.8249269,39.864653],[32.825041,39.8644744],[32.8252352,39.8645475],[32.8251211,39.8647261],[32.8249269,39.864653]]]}},{"type":"Feature","properties":{"building":"yes","osm_id":438540349},"geometry":{"type":"Polygon","coordinates":[[[32.8247174,39.8645903],[32.8248123,39.864411],[32.8249617,39.8644575],[32.8248668,39.8646369],[32.8247174,39.8645903]]]}},{"type":"Feature","properties":{"building":"yes","osm_id":438540350},"geometry":{"type":"Polygon","coordinates":[[[32.8248732,39.864297],[32.8248549,39.8642501],[32.8248244,39.8642611],[32.824802,39.8642127],[32.8247776,39.8642158],[32.8247654,39.864169],[32.8251212,39.8641082],[32.8251415,39.8641737],[32.8251862,39.8641753],[32.8252208,39.8642548],[32.8248732,39.864297]]]}},{"type":"Feature","properties":{"building":"yes","osm_id":438540351},"geometry":{"type":"Polygon","coordinates":[[[32.8253062,39.8636869],[32.8254037,39.8636323],[32.8255785,39.8637306],[32.8256416,39.8638273],[32.8254627,39.8639006],[32.8253062,39.8636869]]]}},{"type":"Feature","properties":{"building":"yes","osm_id":438540352},"geometry":{"type":"Polygon","coordinates":[[[32.8253428,39.8642397],[32.8253137,39.864088],[32.8255783,39.864058],[32.8256074,39.8642098],[32.8253428,39.8642397]]]}},{"type":"Feature","properties":{"building":"yes","osm_id":438540353},"geometry":{"type":"Polygon","coordinates":[[[32.8250683,39.8637555],[32.825237,39.8636978],[32.8253326,39.8638679],[32.8251191,39.8639412],[32.8250683,39.8637555]]]}},{"type":"Feature","properties":{"building":"yes","osm_id":438540354},"geometry":{"type":"Polygon","coordinates":[[[32.8256916,39.8640598],[32.8257861,39.8639814],[32.8260081,39.864139],[32.8259136,39.8642173],[32.8256916,39.8640598]]]}},{"type":"Feature","properties":{"building":"yes","osm_id":438540355},"geometry":{"type":"Polygon","coordinates":[[[32.8258521,39.8639725],[32.8259505,39.8638786],[32.8261199,39.8639833],[32.8260215,39.8640771],[32.8258521,39.8639725]]]}},{"type":"Feature","properties":{"building":"yes","osm_id":438540356},"geometry":{"type":"Polygon","coordinates":[[[32.8263357,39.8634856],[32.82654,39.8633297],[32.8266975,39.8634513],[32.8264932,39.8636072],[32.8263357,39.8634856]]]}},{"type":"Feature","properties":{"building":"yes","osm_id":438540358},"geometry":{"type":"Polygon","coordinates":[[[32.826074,39.8627982],[32.8262332,39.8626447],[32.8263978,39.8627696],[32.8262332,39.8629028],[32.826074,39.8627982]]]}},{"type":"Feature","properties":{"building":"yes","osm_id":438540359},"geometry":{"type":"Polygon","coordinates":[[[32.8264782,39.8630554],[32.8266392,39.8628878],[32.826758,39.862955],[32.826597,39.8631226],[32.8264782,39.8630554]]]}},{"type":"Feature","properties":{"building":"yes","osm_id":438540360},"geometry":{"type":"Polygon","coordinates":[[[32.8260003,39.8632192],[32.8261472,39.8630786],[32.8262773,39.8631587],[32.8261304,39.8632993],[32.8260003,39.8632192]]]}},{"type":"Feature","properties":{"building":"yes","osm_id":438540361},"geometry":{"type":"Polygon","coordinates":[[[32.8262014,39.8633035],[32.826327,39.8631663],[32.8264774,39.8632695],[32.82635,39.863404],[32.8262014,39.8633035]]]}},{"type":"Feature","properties":{"building":"yes","osm_id":438540362},"geometry":{"type":"Polygon","coordinates":[[[32.8255725,39.8629665],[32.8257742,39.8628435],[32.8259014,39.8629663],[32.8256997,39.8630894],[32.8255725,39.8629665]]]}},{"type":"Feature","properties":{"building":"yes","osm_id":438540363},"geometry":{"type":"Polygon","coordinates":[[[32.8251874,39.8631201],[32.8254192,39.8629965],[32.8255413,39.8631187],[32.8253821,39.8632926],[32.8251874,39.8631201]]]}},{"type":"Feature","properties":{"building":"yes","osm_id":438542229},"geometry":{"type":"Polygon","coordinates":[[[32.8254351,39.8633374],[32.8255997,39.8631717],[32.82572,39.8632464],[32.8255696,39.8634203],[32.8254351,39.8633374]]]}},{"type":"Feature","properties":{"building":"yes","osm_id":438542230},"geometry":{"type":"Polygon","coordinates":[[[32.8256687,39.8634004],[32.8258182,39.8632552],[32.8259502,39.8633353],[32.8258007,39.8634805],[32.8256687,39.8634004]]]}},{"type":"Feature","properties":{"building":"yes","osm_id":438542231},"geometry":{"type":"Polygon","coordinates":[[[32.8257981,39.8635603],[32.8258866,39.8634663],[32.8259614,39.8635078],[32.8260314,39.8634335],[32.8261481,39.8634982],[32.8260799,39.8635706],[32.8261397,39.8636039],[32.8260494,39.8636997],[32.8257981,39.8635603]]]}},{"type":"Feature","properties":{"building":"yes","osm_id":438542232},"geometry":{"type":"Polygon","coordinates":[[[32.8262505,39.8635878],[32.8264118,39.8636917],[32.8262616,39.8638292],[32.8261002,39.8637252],[32.8262505,39.8635878]]]}},{"type":"Feature","properties":{"building":"yes","osm_id":438542233},"geometry":{"type":"Polygon","coordinates":[[[32.8264658,39.86394],[32.8265907,39.8638153],[32.8268075,39.8639433],[32.8266825,39.864068],[32.8264658,39.86394]]]}},{"type":"Feature","properties":{"building":"yes","osm_id":438542234},"geometry":{"type":"Polygon","coordinates":[[[32.8267505,39.8641067],[32.8268718,39.8639659],[32.8271325,39.8640982],[32.8270112,39.864239],[32.8267505,39.8641067]]]}},{"type":"Feature","properties":{"building":"yes","osm_id":438542236},"geometry":{"type":"Polygon","coordinates":[[[32.8269631,39.8639504],[32.8270649,39.8638392],[32.8272482,39.8639381],[32.8271464,39.8640493],[32.8269631,39.8639504]]]}},{"type":"Feature","properties":{"building":"yes","osm_id":438542237},"geometry":{"type":"Polygon","coordinates":[[[32.8270914,39.863782],[32.8271802,39.8636898],[32.8273567,39.86379],[32.8272679,39.8638822],[32.8270914,39.863782]]]}},{"type":"Feature","properties":{"building":"yes","osm_id":438542238},"geometry":{"type":"Polygon","coordinates":[[[32.8272358,39.863656],[32.8273187,39.8635616],[32.827521,39.8636665],[32.8274381,39.8637608],[32.8272358,39.863656]]]}},{"type":"Feature","properties":{"building":"yes","osm_id":438542239},"geometry":{"type":"Polygon","coordinates":[[[32.8273726,39.8635178],[32.827471,39.8634263],[32.8276646,39.8635488],[32.8275662,39.8636404],[32.8273726,39.8635178]]]}},{"type":"Feature","properties":{"building":"yes","osm_id":438542240},"geometry":{"type":"Polygon","coordinates":[[[32.8276606,39.8639421],[32.8277761,39.8638428],[32.8279517,39.8639632],[32.8278362,39.8640625],[32.8276606,39.8639421]]]}},{"type":"Feature","properties":{"building":"yes","osm_id":438542241},"geometry":{"type":"Polygon","coordinates":[[[32.8278268,39.8637984],[32.827959,39.8636976],[32.8281133,39.863817],[32.8279811,39.8639177],[32.8278268,39.8637984]]]}},{"type":"Feature","properties":{"building":"yes","osm_id":438542242},"geometry":{"type":"Polygon","coordinates":[[[32.8280411,39.8636667],[32.8281562,39.8635873],[32.8283043,39.8637139],[32.8281893,39.8637932],[32.8280411,39.8636667]]]}},{"type":"Feature","properties":{"building":"yes","osm_id":438542243},"geometry":{"type":"Polygon","coordinates":[[[32.8282749,39.8638612],[32.8284005,39.8637807],[32.8285325,39.8639019],[32.8284069,39.8639824],[32.8282749,39.8638612]]]}},{"type":"Feature","properties":{"building":"yes","osm_id":438542244},"geometry":{"type":"Polygon","coordinates":[[[32.828073,39.8640043],[32.8281927,39.8639104],[32.8283569,39.8640338],[32.8282372,39.8641276],[32.828073,39.8640043]]]}},{"type":"Feature","properties":{"building":"yes","osm_id":438542245},"geometry":{"type":"Polygon","coordinates":[[[32.8279007,39.8641201],[32.8279983,39.8640254],[32.8281676,39.8641282],[32.8280699,39.8642229],[32.8279007,39.8641201]]]}},{"type":"Feature","properties":{"building":"yes","osm_id":438542246},"geometry":{"type":"Polygon","coordinates":[[[32.8274309,39.8643108],[32.8274871,39.8641707],[32.8278157,39.8642484],[32.8277595,39.8643885],[32.8274309,39.8643108]]]}},{"type":"Feature","properties":{"building":"yes","osm_id":438542247},"geometry":{"type":"Polygon","coordinates":[[[32.8273362,39.8645017],[32.827385,39.8643723],[32.827634,39.8644276],[32.8275852,39.864557],[32.8273362,39.8645017]]]}},{"type":"Feature","properties":{"building":"yes","osm_id":438542248},"geometry":{"type":"Polygon","coordinates":[[[32.8272176,39.8647374],[32.8272791,39.8645943],[32.8275205,39.8646555],[32.8274589,39.8647985],[32.8272176,39.8647374]]]}},{"type":"Feature","properties":{"building":"yes","osm_id":438545191},"geometry":{"type":"Polygon","coordinates":[[[32.8282738,39.864315],[32.8284787,39.8642395],[32.8285712,39.8643872],[32.8283664,39.8644628],[32.8282738,39.864315]]]}},{"type":"Feature","properties":{"building":"yes","osm_id":438545192},"geometry":{"type":"Polygon","coordinates":[[[32.828411,39.8645375],[32.8286207,39.8644542],[32.8287105,39.8645874],[32.8285009,39.8646707],[32.828411,39.8645375]]]}},{"type":"Feature","properties":{"building":"yes","osm_id":438545193},"geometry":{"type":"Polygon","coordinates":[[[32.8285091,39.864183],[32.828663,39.8640912],[32.8287792,39.864206],[32.8286252,39.8642977],[32.8285091,39.864183]]]}},{"type":"Feature","properties":{"building":"yes","osm_id":438545194},"geometry":{"type":"Polygon","coordinates":[[[32.8286817,39.8643175],[32.828864,39.8642414],[32.8289558,39.8643709],[32.8287734,39.864447],[32.8286817,39.8643175]]]}},{"type":"Feature","properties":{"building":"yes","osm_id":438545195},"geometry":{"type":"Polygon","coordinates":[[[32.8288938,39.8646147],[32.8288073,39.8644926],[32.8289994,39.8644124],[32.8290859,39.8645346],[32.8288938,39.8646147]]]}},{"type":"Feature","properties":{"building":"yes","osm_id":438545196},"geometry":{"type":"Polygon","coordinates":[[[32.8287906,39.8650968],[32.8291178,39.8651133],[32.8290722,39.8652656],[32.8288013,39.8652492],[32.8287718,39.8652203],[32.8287906,39.8650968]]]}},{"type":"Feature","properties":{"building":"yes","osm_id":438545197},"geometry":{"type":"Polygon","coordinates":[[[32.8286896,39.8650548],[32.8286989,39.8649233],[32.8288906,39.8649313],[32.8288813,39.8650628],[32.8286896,39.8650548]]]}},{"type":"Feature","properties":{"building":"yes","osm_id":438545198},"geometry":{"type":"Polygon","coordinates":[[[32.8289545,39.8650557],[32.8289679,39.8649089],[32.8291608,39.8649193],[32.8291474,39.8650661],[32.8289545,39.8650557]]]}},{"type":"Feature","properties":{"building":"school","osm_id":438545199},"geometry":{"type":"Polygon","coordinates":[[[32.8301012,39.8640316],[32.8304072,39.8639374],[32.8304749,39.8640669],[32.8301689,39.8641612],[32.8301012,39.8640316]]]}},{"type":"Feature","properties":{"building":"yes","osm_id":438545200},"geometry":{"type":"Polygon","coordinates":[[[32.8322283,39.8637439],[32.8321612,39.8635756],[32.8324059,39.8635181],[32.8324731,39.8636864],[32.8322283,39.8637439]]]}},{"type":"Feature","properties":{"building":"yes","osm_id":438545201},"geometry":{"type":"Polygon","coordinates":[[[32.8324559,39.8640739],[32.8323757,39.8638607],[32.8325391,39.8638245],[32.8326193,39.8640377],[32.8324559,39.8640739]]]}},{"type":"Feature","properties":{"building":"yes","osm_id":438545202},"geometry":{"type":"Polygon","coordinates":[[[32.832105,39.8639716],[32.8322525,39.8639008],[32.8323842,39.8640625],[32.8322368,39.8641333],[32.832105,39.8639716]]]}},{"type":"Feature","properties":{"building":"yes","osm_id":438545203},"geometry":{"type":"Polygon","coordinates":[[[32.8323461,39.8633429],[32.8323166,39.8632358],[32.8325848,39.8631658],[32.8326652,39.8633655],[32.8325177,39.8634067],[32.8324748,39.8633182],[32.8323461,39.8633429]]]}},{"type":"Feature","properties":{"building":"yes","osm_id":438545204},"geometry":{"type":"Polygon","coordinates":[[[32.8325555,39.8636656],[32.8324748,39.8634818],[32.8326805,39.8634286],[32.8327613,39.8636124],[32.8325555,39.8636656]]]}},{"type":"Feature","properties":{"building":"yes","osm_id":438545205},"geometry":{"type":"Polygon","coordinates":[[[32.832158,39.8634834],[32.8320753,39.8632843],[32.8322449,39.8632428],[32.8323276,39.8634419],[32.832158,39.8634834]]]}},{"type":"Feature","properties":{"building":"yes","osm_id":438545206},"geometry":{"type":"Polygon","coordinates":[[[32.8318659,39.863555],[32.8317962,39.8633594],[32.8319679,39.8633058],[32.8320403,39.8635055],[32.8318659,39.863555]]]}},{"type":"Feature","properties":{"building":"yes","osm_id":438545207},"geometry":{"type":"Polygon","coordinates":[[[32.8319866,39.8637979],[32.8318955,39.8636085],[32.832102,39.8635611],[32.8321798,39.8637444],[32.8319866,39.8637979]]]}},{"type":"Feature","properties":{"building":"yes","osm_id":438545208},"geometry":{"type":"Polygon","coordinates":[[[32.8326311,39.8638183],[32.8327957,39.8637754],[32.8328963,39.8640027],[32.8327082,39.8640517],[32.8326648,39.8639536],[32.8327489,39.8639317],[32.8327243,39.863876],[32.8326636,39.8638918],[32.8326311,39.8638183]]]}},{"type":"Feature","properties":{"building":"yes","osm_id":438545209},"geometry":{"type":"Polygon","coordinates":[[[32.8337266,39.8639857],[32.8336443,39.8637683],[32.8337997,39.8637337],[32.8338819,39.863951],[32.8337266,39.8639857]]]}},{"type":"Feature","properties":{"building":"yes","osm_id":438545212},"geometry":{"type":"Polygon","coordinates":[[[32.8311905,39.8635194],[32.8314708,39.8634241],[32.8315394,39.863543],[32.8312592,39.8636383],[32.8311905,39.8635194]]]}},{"type":"Feature","properties":{"building":"yes","osm_id":438545213},"geometry":{"type":"Polygon","coordinates":[[[32.8311239,39.8633603],[32.8310281,39.8631766],[32.8311843,39.8631286],[32.8312801,39.8633122],[32.8311239,39.8633603]]]}},{"type":"Feature","properties":{"building":"yes","osm_id":438545214},"geometry":{"type":"Polygon","coordinates":[[[32.8317261,39.8632085],[32.8316606,39.8630515],[32.8318959,39.8629938],[32.8319613,39.8631507],[32.8317261,39.8632085]]]}},{"type":"Feature","properties":{"building":"yes","osm_id":438545215},"geometry":{"type":"Polygon","coordinates":[[[32.832009,39.8631309],[32.8319618,39.8629986],[32.8321546,39.8629581],[32.8322018,39.8630904],[32.832009,39.8631309]]]}},{"type":"Feature","properties":{"building":"yes","osm_id":438545216},"geometry":{"type":"Polygon","coordinates":[[[32.8316169,39.8629984],[32.8315579,39.8628716],[32.8318307,39.8627967],[32.8318898,39.8629235],[32.8316169,39.8629984]]]}},{"type":"Feature","properties":{"building":"yes","osm_id":438545217},"geometry":{"type":"Polygon","coordinates":[[[32.8322612,39.8630864],[32.8321995,39.8629426],[32.8324394,39.862882],[32.832501,39.8630258],[32.8322612,39.8630864]]]}},{"type":"Feature","properties":{"building":"yes","osm_id":438545218},"geometry":{"type":"Polygon","coordinates":[[[32.8321111,39.8629064],[32.8320502,39.8627759],[32.83231,39.8627045],[32.8323709,39.862835],[32.8321111,39.8629064]]]}},{"type":"Feature","properties":{"building":"yes","osm_id":438545219},"geometry":{"type":"Polygon","coordinates":[[[32.8314915,39.8626916],[32.8317275,39.8626162],[32.8317947,39.86274],[32.8315587,39.8628154],[32.8314915,39.8626916]]]}},{"type":"Feature","properties":{"building":"yes","osm_id":438545220},"geometry":{"type":"Polygon","coordinates":[[[32.831444,39.8626532],[32.8313595,39.8625247],[32.8316141,39.8624259],[32.8316987,39.8625544],[32.831444,39.8626532]]]}},{"type":"Feature","properties":{"building":"yes","osm_id":438545221},"geometry":{"type":"Polygon","coordinates":[[[32.8313293,39.8624295],[32.8312247,39.8622793],[32.8314812,39.8621742],[32.8315857,39.8623244],[32.8313293,39.8624295]]]}},{"type":"Feature","properties":{"building":"yes","osm_id":438545223},"geometry":{"type":"Polygon","coordinates":[[[32.8316518,39.8605232],[32.8316264,39.8604511],[32.8317035,39.8604351],[32.8316845,39.8603813],[32.831942,39.8603279],[32.831959,39.8603764],[32.8320396,39.8603597],[32.832118,39.8605824],[32.8320535,39.8605957],[32.8320724,39.8606494],[32.8319348,39.860678],[32.8319231,39.8606449],[32.8319078,39.8606481],[32.83188,39.8605693],[32.8319562,39.8605535],[32.8319185,39.8604462],[32.8318004,39.8604707],[32.831823,39.8605348],[32.8317012,39.8605601],[32.8316857,39.8605161],[32.8316518,39.8605232]]]}},{"type":"Feature","properties":{"building":"yes","osm_id":438545224},"geometry":{"type":"Polygon","coordinates":[[[32.8306548,39.8610085],[32.8309025,39.8608925],[32.8310022,39.8610179],[32.8307546,39.861134],[32.8306548,39.8610085]]]}},{"type":"Feature","properties":{"building":"yes","osm_id":438545225},"geometry":{"type":"Polygon","coordinates":[[[32.8302547,39.8605558],[32.8301996,39.8604404],[32.830495,39.8603573],[32.8305501,39.8604727],[32.8302547,39.8605558]]]}},{"type":"Feature","properties":{"building":"yes","osm_id":438545226},"geometry":{"type":"Polygon","coordinates":[[[32.8299826,39.8608417],[32.830306,39.8606845],[32.8303755,39.8607687],[32.8300521,39.860926],[32.8299826,39.8608417]]]}},{"type":"Feature","properties":{"building":"yes","osm_id":438545227},"geometry":{"type":"Polygon","coordinates":[[[32.8299273,39.8608025],[32.8298695,39.8607272],[32.8301289,39.8606098],[32.8301867,39.860685],[32.8299273,39.8608025]]]}},{"type":"Feature","properties":{"building":"yes","osm_id":438545228},"geometry":{"type":"Polygon","coordinates":[[[32.8305526,39.8608796],[32.8307872,39.8607577],[32.8308584,39.8608385],[32.8306238,39.8609604],[32.8305526,39.8608796]]]}},{"type":"Feature","properties":{"building":"yes","osm_id":438545229},"geometry":{"type":"Polygon","coordinates":[[[32.8304574,39.8607535],[32.8306684,39.8606544],[32.8307356,39.8607387],[32.8305245,39.8608378],[32.8304574,39.8607535]]]}},{"type":"Feature","properties":{"building":"yes","osm_id":438545230},"geometry":{"type":"Polygon","coordinates":[[[32.830435,39.8607001],[32.8303741,39.8606079],[32.8305855,39.8605256],[32.8306464,39.8606178],[32.830435,39.8607001]]]}},{"type":"Feature","properties":{"building":"yes","osm_id":438545231},"geometry":{"type":"Polygon","coordinates":[[[32.829782,39.8605789],[32.8301008,39.8604572],[32.8301501,39.8605333],[32.8298313,39.860655],[32.829782,39.8605789]]]}},{"type":"Feature","properties":{"building":"yes","osm_id":438545232},"geometry":{"type":"Polygon","coordinates":[[[32.8302895,39.8611361],[32.8305268,39.8610361],[32.8306183,39.8611639],[32.830381,39.861264],[32.8302895,39.8611361]]]}},{"type":"Feature","properties":{"building":"yes","osm_id":438545233},"geometry":{"type":"Polygon","coordinates":[[[32.8305223,39.8613907],[32.8307469,39.8613047],[32.8308229,39.8614218],[32.8305983,39.8615077],[32.8305223,39.8613907]]]}},{"type":"Feature","properties":{"building":"yes","osm_id":438545234},"geometry":{"type":"Polygon","coordinates":[[[32.8308841,39.861283],[32.8311272,39.8611737],[32.8311995,39.8612684],[32.8309564,39.8613777],[32.8308841,39.861283]]]}},{"type":"Feature","properties":{"building":"yes","osm_id":438545235},"geometry":{"type":"Polygon","coordinates":[[[32.8306868,39.8615595],[32.8308629,39.8614702],[32.8309602,39.8615833],[32.8307841,39.8616726],[32.8306868,39.8615595]]]}},{"type":"Feature","properties":{"building":"yes","osm_id":438545236},"geometry":{"type":"Polygon","coordinates":[[[32.8310953,39.8615374],[32.8310055,39.8614175],[32.8312111,39.8613268],[32.8313009,39.8614468],[32.8310953,39.8615374]]]}},{"type":"Feature","properties":{"building":"yes","osm_id":438545237},"geometry":{"type":"Polygon","coordinates":[[[32.8306765,39.8592719],[32.8306027,39.8592233],[32.8306546,39.8591768],[32.8305995,39.8591404],[32.8307732,39.8589851],[32.8308228,39.8590178],[32.8308772,39.8589692],[32.8311052,39.8591195],[32.8310617,39.8591583],[32.8311167,39.8591946],[32.8310238,39.8592776],[32.83099,39.8592553],[32.8309796,39.8592646],[32.8308989,39.8592114],[32.8309504,39.8591654],[32.8308405,39.859093],[32.8307608,39.8591643],[32.8308265,39.8592075],[32.8307443,39.859281],[32.8306994,39.8592514],[32.8306765,39.8592719]]]}},{"type":"Feature","properties":{"building":"yes","osm_id":438545238},"geometry":{"type":"Polygon","coordinates":[[[32.8314066,39.8590956],[32.8314757,39.859043],[32.8315319,39.8590865],[32.8315835,39.8590472],[32.8317714,39.8591925],[32.8317249,39.8592279],[32.8317837,39.8592734],[32.8315704,39.8594359],[32.8315234,39.8593995],[32.831472,39.8594387],[32.8313715,39.859361],[32.8314032,39.8593369],[32.831392,39.8593282],[32.8314674,39.8592707],[32.8315231,39.8593137],[32.8316258,39.8592354],[32.8315397,39.8591688],[32.8314782,39.8592156],[32.8313894,39.8591468],[32.8314314,39.8591148],[32.8314066,39.8590956]]]}},{"type":"Feature","properties":{"building":"yes","osm_id":438545239},"geometry":{"type":"Polygon","coordinates":[[[32.8308319,39.8587422],[32.830761,39.8586911],[32.8308157,39.8586464],[32.8307628,39.8586082],[32.8309454,39.8584591],[32.8309931,39.8584935],[32.8310503,39.8584468],[32.8312692,39.8586048],[32.8312235,39.8586421],[32.8312763,39.8586802],[32.8311786,39.85876],[32.8311461,39.8587365],[32.8311352,39.8587454],[32.8310577,39.8586895],[32.8311118,39.8586454],[32.8310063,39.8585692],[32.8309225,39.8586377],[32.8309856,39.8586831],[32.8308992,39.8587537],[32.830856,39.8587225],[32.8308319,39.8587422]]]}},{"type":"Feature","properties":{"building":"yes","osm_id":438545240},"geometry":{"type":"Polygon","coordinates":[[[32.8285873,39.8572062],[32.828822,39.8570927],[32.829054,39.8573754],[32.8288191,39.857489],[32.8287227,39.8573716],[32.8288163,39.8573263],[32.8287845,39.8572876],[32.8286912,39.8573328],[32.8285873,39.8572062]]]}},{"type":"Feature","properties":{"building":"yes","osm_id":438545241},"geometry":{"type":"Polygon","coordinates":[[[32.8289002,39.8578927],[32.829045,39.8577923],[32.8291898,39.8579214],[32.8290543,39.8580307],[32.8289002,39.8578927]]]}},{"type":"Feature","properties":{"building":"yes","osm_id":438545242},"geometry":{"type":"Polygon","coordinates":[[[32.8290911,39.8577636],[32.8292268,39.8576649],[32.8293511,39.8577656],[32.8292154,39.8578643],[32.8290911,39.8577636]]]}},{"type":"Feature","properties":{"building":"yes","osm_id":438545243},"geometry":{"type":"Polygon","coordinates":[[[32.8292736,39.8576084],[32.8293972,39.8575361],[32.8295422,39.8576821],[32.8294186,39.8577544],[32.8292736,39.8576084]]]}},{"type":"Feature","properties":{"building":"yes","osm_id":438545244},"geometry":{"type":"Polygon","coordinates":[[[32.8295071,39.8575324],[32.8296638,39.8574479],[32.8297955,39.857592],[32.8296387,39.8576764],[32.8295071,39.8575324]]]}},{"type":"Feature","properties":{"building":"yes","osm_id":438545245},"geometry":{"type":"Polygon","coordinates":[[[32.8296661,39.857993],[32.8295116,39.857847],[32.8296447,39.857764],[32.8297992,39.85791],[32.8296661,39.857993]]]}},{"type":"Feature","properties":{"building":"yes","osm_id":438545246},"geometry":{"type":"Polygon","coordinates":[[[32.8297581,39.8577926],[32.8298994,39.8577036],[32.8300391,39.8578343],[32.8298978,39.8579233],[32.8297581,39.8577926]]]}},{"type":"Feature","properties":{"building":"yes","osm_id":438545247},"geometry":{"type":"Polygon","coordinates":[[[32.8293427,39.8580328],[32.8295278,39.8579177],[32.8296662,39.8580489],[32.8294811,39.858164],[32.8293427,39.8580328]]]}},{"type":"Feature","properties":{"building":"yes","osm_id":438545248},"geometry":{"type":"Polygon","coordinates":[[[32.8291088,39.8580673],[32.8292305,39.857995],[32.8294154,39.8581784],[32.8292937,39.8582507],[32.8291088,39.8580673]]]}},{"type":"Feature","properties":{"building":"yes","amenity":"place_of_worship","religion":"muslim","osm_id":438545249},"geometry":{"type":"Polygon","coordinates":[[[32.8304533,39.8559559],[32.8305185,39.8558236],[32.8306913,39.8558738],[32.8306261,39.8560061],[32.8304533,39.8559559]]]}},{"type":"Feature","properties":{"building":"yes","osm_id":438545250},"geometry":{"type":"Polygon","coordinates":[[[32.83136,39.8562462],[32.8313569,39.8561685],[32.8316382,39.8561619],[32.8316413,39.8562397],[32.83136,39.8562462]]]}},{"type":"Feature","properties":{"building":"school","osm_id":438757473},"geometry":{"type":"Polygon","coordinates":[[[32.8233326,39.8703303],[32.8235769,39.8701256],[32.8236324,39.8701646],[32.8236642,39.8701379],[32.8236363,39.8701183],[32.8237719,39.8700046],[32.823906,39.8700989],[32.8237299,39.8702465],[32.823681,39.8702122],[32.8236689,39.8702223],[32.8236942,39.8702401],[32.8234894,39.8704118],[32.82341,39.870356],[32.8233914,39.8703716],[32.8233326,39.8703303]]]}},{"type":"Feature","properties":{"building":"yes","osm_id":438757488},"geometry":{"type":"Polygon","coordinates":[[[32.8241299,39.8661069],[32.8242911,39.8659794],[32.8244844,39.8661232],[32.8243231,39.8662508],[32.8241299,39.8661069]]]}},{"type":"Feature","properties":{"building":"yes","osm_id":438757489},"geometry":{"type":"Polygon","coordinates":[[[32.8239128,39.8658988],[32.8239852,39.8657691],[32.8241917,39.8658659],[32.8240978,39.8659956],[32.8239208,39.865938],[32.8239128,39.8658988]]]}},{"type":"Feature","properties":{"building":"yes","osm_id":438757490},"geometry":{"type":"Polygon","coordinates":[[[32.8309892,39.8671125],[32.8311004,39.8669671],[32.8312422,39.867031],[32.831131,39.8671764],[32.8309892,39.8671125]]]}},{"type":"Feature","properties":{"building":"yes","osm_id":438757491},"geometry":{"type":"Polygon","coordinates":[[[32.8303901,39.8672459],[32.8304928,39.8671133],[32.8306446,39.8671826],[32.8305418,39.8673152],[32.8303901,39.8672459]]]}},{"type":"Feature","properties":{"building":"yes","osm_id":438757492},"geometry":{"type":"Polygon","coordinates":[[[32.8301032,39.8665002],[32.8301788,39.8663841],[32.8304727,39.8664969],[32.8303971,39.866613],[32.8301032,39.8665002]]]}},{"type":"Feature","properties":{"building":"yes","osm_id":438757494},"geometry":{"type":"Polygon","coordinates":[[[32.8305713,39.8667207],[32.8306417,39.866612],[32.830894,39.8667082],[32.8308237,39.8668169],[32.8305713,39.8667207]]]}},{"type":"Feature","properties":{"building":"yes","osm_id":438757495},"geometry":{"type":"Polygon","coordinates":[[[32.8312466,39.8671464],[32.8313539,39.8670332],[32.8315229,39.8671217],[32.8314907,39.8671588],[32.8313914,39.8672123],[32.8312466,39.8671464]]]}},{"type":"Feature","properties":{"building":"yes","osm_id":438757496},"geometry":{"type":"Polygon","coordinates":[[[32.8322779,39.8675703],[32.8322355,39.8674547],[32.8325512,39.8673864],[32.8325936,39.867502],[32.8322779,39.8675703]]]}},{"type":"Feature","properties":{"building":"yes","osm_id":438757497},"geometry":{"type":"Polygon","coordinates":[[[32.8324681,39.867713],[32.8324208,39.867599],[32.8327483,39.867519],[32.8327956,39.867633],[32.8324681,39.867713]]]}},{"type":"Feature","properties":{"building":"yes","osm_id":438757498},"geometry":{"type":"Polygon","coordinates":[[[32.8317509,39.8677475],[32.8317214,39.8676199],[32.8320003,39.867554],[32.8320405,39.8677249],[32.8317509,39.8677475]]]}},{"type":"Feature","properties":{"building":"yes","osm_id":438757499},"geometry":{"type":"Polygon","coordinates":[[[32.8324321,39.8680234],[32.8323544,39.8678155],[32.8325287,39.8677764],[32.8325528,39.867834],[32.8325877,39.8678258],[32.8326574,39.8679761],[32.8324321,39.8680234]]]}},{"type":"Feature","properties":{"building":"yes","osm_id":438757500},"geometry":{"type":"Polygon","coordinates":[[[32.8327397,39.86788],[32.8326351,39.8677458],[32.8328008,39.8676697],[32.8329054,39.8678039],[32.8327397,39.86788]]]}},{"type":"Feature","properties":{"building":"yes","osm_id":438757501},"geometry":{"type":"Polygon","coordinates":[[[32.831691,39.8686283],[32.8317474,39.8684787],[32.8318999,39.8685126],[32.8318435,39.8686621],[32.831691,39.8686283]]]}},{"type":"Feature","properties":{"building":"yes","osm_id":438757502},"geometry":{"type":"Polygon","coordinates":[[[32.8319224,39.8686504],[32.831989,39.8684835],[32.832139,39.8685188],[32.8320723,39.8686857],[32.8319224,39.8686504]]]}},{"type":"Feature","properties":{"building":"yes","osm_id":438757503},"geometry":{"type":"Polygon","coordinates":[[[32.8319407,39.8683827],[32.8319891,39.8682378],[32.8322398,39.8682871],[32.8321915,39.868432],[32.8319407,39.8683827]]]}},{"type":"Feature","properties":{"building":"yes","osm_id":438757504},"geometry":{"type":"Polygon","coordinates":[[[32.8319252,39.8681716],[32.831952,39.8680419],[32.832172,39.8680666],[32.8322068,39.868149],[32.83218,39.8682005],[32.8321371,39.8682087],[32.8319252,39.8681716]]]}},{"type":"Feature","properties":{"building":"yes","osm_id":438757505},"geometry":{"type":"Polygon","coordinates":[[[32.8319628,39.8679781],[32.8319628,39.8678031],[32.832113,39.8678072],[32.8321451,39.8678464],[32.8321478,39.8679575],[32.8321156,39.8679987],[32.8319628,39.8679781]]]}},{"type":"Feature","properties":{"building":"yes","osm_id":438757506},"geometry":{"type":"Polygon","coordinates":[[[32.8316901,39.8679602],[32.8317124,39.8678039],[32.8318762,39.8678176],[32.8318539,39.8679739],[32.8316901,39.8679602]]]}},{"type":"Feature","properties":{"building":"yes","osm_id":438757507},"geometry":{"type":"Polygon","coordinates":[[[32.8308999,39.8689695],[32.8309518,39.8687389],[32.831086,39.8687567],[32.8310341,39.8689873],[32.8308999,39.8689695]]]}},{"type":"Feature","properties":{"building":"yes","osm_id":438757508},"geometry":{"type":"Polygon","coordinates":[[[32.8316277,39.8694443],[32.8316658,39.8692064],[32.8318145,39.8692204],[32.8317764,39.8694583],[32.8316277,39.8694443]]]}},{"type":"Feature","properties":{"building":"yes","osm_id":438757509},"geometry":{"type":"Polygon","coordinates":[[[32.8318962,39.8706609],[32.8320056,39.8705701],[32.8322838,39.8707678],[32.8321743,39.8708585],[32.8318962,39.8706609]]]}},{"type":"Feature","properties":{"building":"yes","osm_id":438757510},"geometry":{"type":"Polygon","coordinates":[[[32.8330376,39.8710023],[32.8331938,39.8708906],[32.8333044,39.8709817],[32.8331483,39.8710934],[32.8330376,39.8710023]]]}},{"type":"Feature","properties":{"building":"yes","osm_id":438757511},"geometry":{"type":"Polygon","coordinates":[[[32.8327964,39.8712986],[32.8329121,39.8712157],[32.833146,39.8714079],[32.8330304,39.8714908],[32.8327964,39.8712986]]]}},{"type":"Feature","properties":{"building":"yes","osm_id":438757512},"geometry":{"type":"Polygon","coordinates":[[[32.8340744,39.8718191],[32.8342479,39.8716912],[32.8343441,39.8717681],[32.8341707,39.871896],[32.8340744,39.8718191]]]}},{"type":"Feature","properties":{"building":"yes","osm_id":438757513},"geometry":{"type":"Polygon","coordinates":[[[32.8347261,39.8723547],[32.8349103,39.8722204],[32.8350411,39.872326],[32.8348568,39.8724603],[32.8347261,39.8723547]]]}},{"type":"Feature","properties":{"building":"yes","osm_id":438757514},"geometry":{"type":"Polygon","coordinates":[[[32.8348925,39.8724823],[32.8350767,39.8723479],[32.8352075,39.8724535],[32.8350232,39.8725879],[32.8348925,39.8724823]]]}},{"type":"Feature","properties":{"building":"yes","osm_id":438757515},"geometry":{"type":"Polygon","coordinates":[[[32.8356857,39.8727108],[32.8358949,39.8726141],[32.8360585,39.8727561],[32.8358493,39.872859],[32.8356857,39.8727108]]]}},{"type":"Feature","properties":{"building":"yes","osm_id":438757517},"geometry":{"type":"Polygon","coordinates":[[[32.8361175,39.8725029],[32.8364099,39.8723423],[32.8365332,39.8725153],[32.8362409,39.8726614],[32.8361175,39.8725029]]]}},{"type":"Feature","properties":{"building":"yes","osm_id":438757518},"geometry":{"type":"Polygon","coordinates":[[[32.836316,39.8707675],[32.8364608,39.8705102],[32.8366808,39.8705617],[32.8366539,39.8706379],[32.8366486,39.8706914],[32.8366244,39.8707325],[32.8365896,39.8707573],[32.8365413,39.8708231],[32.8364957,39.8708478],[32.836316,39.8707675]]]}},{"type":"Feature","properties":{"building":"yes","osm_id":438805194},"geometry":{"type":"Polygon","coordinates":[[[32.8571339,39.8714957],[32.8571379,39.8714423],[32.8571677,39.8714436],[32.8571729,39.8713738],[32.8574163,39.8713844],[32.8574107,39.8714594],[32.8574361,39.8714605],[32.8574325,39.8715087],[32.8571339,39.8714957]]]}},{"type":"Feature","properties":{"building":"yes","osm_id":438805195},"geometry":{"type":"Polygon","coordinates":[[[32.8580705,39.8715618],[32.8582559,39.871517],[32.8583293,39.8716959],[32.8581439,39.8717407],[32.8580705,39.8715618]]]}},{"type":"Feature","properties":{"building":"yes","osm_id":438805196},"geometry":{"type":"Polygon","coordinates":[[[32.8563205,39.8720366],[32.856331,39.8718676],[32.856623,39.8718783],[32.8566125,39.8720473],[32.8563205,39.8720366]]]}},{"type":"Feature","properties":{"building":"yes","osm_id":438805205},"geometry":{"type":"Polygon","coordinates":[[[32.8600873,39.873414],[32.8600656,39.8732698],[32.8604236,39.8732381],[32.8604453,39.8733823],[32.8600873,39.873414]]]}},{"type":"Feature","properties":{"building":"yes","osm_id":438805206},"geometry":{"type":"Polygon","coordinates":[[[32.860044,39.8732143],[32.8600312,39.8731075],[32.8603145,39.8730875],[32.8603273,39.8731942],[32.860044,39.8732143]]]}},{"type":"Feature","properties":{"building":"yes","osm_id":438805207},"geometry":{"type":"Polygon","coordinates":[[[32.860016,39.8730548],[32.8600044,39.8729407],[32.8602836,39.872924],[32.8602952,39.873038],[32.860016,39.8730548]]]}},{"type":"Feature","properties":{"building":"yes","osm_id":438805208},"geometry":{"type":"Polygon","coordinates":[[[32.8599761,39.8729057],[32.8599541,39.8727773],[32.8602656,39.8727458],[32.8602876,39.8728742],[32.8599761,39.8729057]]]}},{"type":"Feature","properties":{"building":"yes","osm_id":438805209},"geometry":{"type":"Polygon","coordinates":[[[32.8599639,39.8727327],[32.8599371,39.8725906],[32.8602295,39.8725453],[32.8602455,39.8726956],[32.8599639,39.8727327]]]}},{"type":"Feature","properties":{"building":"yes","osm_id":438805216},"geometry":{"type":"Polygon","coordinates":[[[32.8650417,39.8719177],[32.8651677,39.8718317],[32.8653347,39.8719758],[32.8652087,39.8720618],[32.8650417,39.8719177]]]}},{"type":"Feature","properties":{"building":"yes","osm_id":438805217},"geometry":{"type":"Polygon","coordinates":[[[32.8648245,39.8720533],[32.8649628,39.8719562],[32.8651363,39.8721018],[32.864998,39.8721989],[32.8648245,39.8720533]]]}},{"type":"Feature","properties":{"building":"yes","osm_id":438805218},"geometry":{"type":"Polygon","coordinates":[[[32.8642699,39.8718507],[32.8643744,39.8717733],[32.864535,39.871901],[32.8644305,39.8719784],[32.8642699,39.8718507]]]}},{"type":"Feature","properties":{"building":"yes","osm_id":438805219},"geometry":{"type":"Polygon","coordinates":[[[32.8644448,39.8717378],[32.8645845,39.8716364],[32.8647383,39.8717613],[32.8645987,39.8718627],[32.8644448,39.8717378]]]}},{"type":"Feature","properties":{"building":"yes","osm_id":438805220},"geometry":{"type":"Polygon","coordinates":[[[32.864114,39.8719752],[32.8642251,39.8719056],[32.8643722,39.872044],[32.8642611,39.8721136],[32.864114,39.8719752]]]}},{"type":"Feature","properties":{"building":"yes","osm_id":438805221},"geometry":{"type":"Polygon","coordinates":[[[32.8639199,39.8721093],[32.8640679,39.8720146],[32.8642137,39.8721488],[32.8640658,39.8722435],[32.8639199,39.8721093]]]}},{"type":"Feature","properties":{"building":"yes","osm_id":438805222},"geometry":{"type":"Polygon","coordinates":[[[32.8646415,39.8715997],[32.864783,39.8714989],[32.8649248,39.871616],[32.8647833,39.8717169],[32.8646415,39.8715997]]]}},{"type":"Feature","properties":{"building":"yes","osm_id":438805223},"geometry":{"type":"Polygon","coordinates":[[[32.8661225,39.8690318],[32.8662619,39.8689127],[32.8664523,39.869044],[32.8663129,39.8691631],[32.8661225,39.8690318]]]}},{"type":"Feature","properties":{"building":"yes","osm_id":438805224},"geometry":{"type":"Polygon","coordinates":[[[32.8664477,39.8692592],[32.8665772,39.8691395],[32.8667784,39.8692678],[32.866649,39.8693875],[32.8664477,39.8692592]]]}},{"type":"Feature","properties":{"building":"yes","osm_id":438805225},"geometry":{"type":"Polygon","coordinates":[[[32.8663166,39.8694492],[32.8664388,39.8693384],[32.8666281,39.8694613],[32.866506,39.8695722],[32.8663166,39.8694492]]]}},{"type":"Feature","properties":{"building":"yes","osm_id":438805226},"geometry":{"type":"Polygon","coordinates":[[[32.8661378,39.8696176],[32.8662522,39.8695106],[32.8664501,39.8696352],[32.8663358,39.8697422],[32.8661378,39.8696176]]]}},{"type":"Feature","properties":{"building":"yes","osm_id":438805227},"geometry":{"type":"Polygon","coordinates":[[[32.8659748,39.869836],[32.866113,39.8696983],[32.8662988,39.8698081],[32.8661606,39.8699458],[32.8659748,39.869836]]]}},{"type":"Feature","properties":{"building":"yes","osm_id":438805228},"geometry":{"type":"Polygon","coordinates":[[[32.865807,39.8700244],[32.8658375,39.8699939],[32.8657979,39.8699706],[32.8658536,39.869915],[32.8658856,39.8699339],[32.8659323,39.8698873],[32.8661179,39.8699968],[32.8659851,39.8701294],[32.865807,39.8700244]]]}},{"type":"Feature","properties":{"building":"yes","osm_id":438805229},"geometry":{"type":"Polygon","coordinates":[[[32.8652577,39.8697002],[32.865384,39.8695825],[32.8656148,39.8697284],[32.8654884,39.8698461],[32.8652577,39.8697002]]]}},{"type":"Feature","properties":{"building":"yes","osm_id":438805230},"geometry":{"type":"Polygon","coordinates":[[[32.8654678,39.8695248],[32.8656152,39.8693873],[32.8657921,39.869499],[32.8656447,39.8696365],[32.8654678,39.8695248]]]}},{"type":"Feature","properties":{"building":"yes","osm_id":438805231},"geometry":{"type":"Polygon","coordinates":[[[32.8651405,39.8692575],[32.8652575,39.869151],[32.8654468,39.8692735],[32.8653297,39.86938],[32.8651405,39.8692575]]]}},{"type":"Feature","properties":{"building":"yes","osm_id":438805232},"geometry":{"type":"Polygon","coordinates":[[[32.8656812,39.869322],[32.8657995,39.8692156],[32.8659947,39.8693434],[32.8658764,39.8694498],[32.8656812,39.869322]]]}},{"type":"Feature","properties":{"building":"yes","osm_id":438805233},"geometry":{"type":"Polygon","coordinates":[[[32.8652886,39.8684366],[32.8654048,39.8683373],[32.8655509,39.868438],[32.8654347,39.8685373],[32.8652886,39.8684366]]]}},{"type":"Feature","properties":{"building":"yes","osm_id":438805234},"geometry":{"type":"Polygon","coordinates":[[[32.8654867,39.8685871],[32.8656127,39.8684723],[32.8657901,39.8685871],[32.8656641,39.8687019],[32.8654867,39.8685871]]]}},{"type":"Feature","properties":{"building":"yes","osm_id":438805235},"geometry":{"type":"Polygon","coordinates":[[[32.8657323,39.868736],[32.8658581,39.8686212],[32.866032,39.8687335],[32.8659062,39.8688482],[32.8657323,39.868736]]]}},{"type":"Feature","properties":{"building":"yes","osm_id":438805236},"geometry":{"type":"Polygon","coordinates":[[[32.8665691,39.8684551],[32.8667123,39.8683091],[32.8668898,39.8684116],[32.8667466,39.8685576],[32.8665691,39.8684551]]]}},{"type":"Feature","properties":{"building":"yes","osm_id":438805237},"geometry":{"type":"Polygon","coordinates":[[[32.8663322,39.8685813],[32.8664306,39.8684873],[32.8666872,39.8686455],[32.8665888,39.8687395],[32.8663322,39.8685813]]]}},{"type":"Feature","properties":{"building":"yes","osm_id":438805241},"geometry":{"type":"Polygon","coordinates":[[[32.8667698,39.8682665],[32.8669481,39.8680887],[32.8671215,39.8681911],[32.8669433,39.8683689],[32.8667698,39.8682665]]]}},{"type":"Feature","properties":{"building":"yes","osm_id":438805243},"geometry":{"type":"Polygon","coordinates":[[[32.8666172,39.8678264],[32.8667205,39.8677157],[32.8669136,39.8678218],[32.8668103,39.8679325],[32.8666172,39.8678264]]]}},{"type":"Feature","properties":{"building":"yes","osm_id":438805249},"geometry":{"type":"Polygon","coordinates":[[[32.856189,39.873466],[32.8562059,39.8732332],[32.8564268,39.8732427],[32.8564099,39.8734754],[32.856189,39.873466]]]}},{"type":"Feature","properties":{"building":"yes","osm_id":438805250},"geometry":{"type":"Polygon","coordinates":[[[32.8559047,39.8729133],[32.855919,39.8727028],[32.8561595,39.8727124],[32.8561452,39.8729229],[32.8559047,39.8729133]]]}},{"type":"Feature","properties":{"building":"yes","osm_id":438805251},"geometry":{"type":"Polygon","coordinates":[[[32.8596874,39.8717924],[32.85962,39.871609],[32.8598199,39.8715657],[32.8598873,39.8717492],[32.8596874,39.8717924]]]}},{"type":"Feature","properties":{"building":"yes","osm_id":438805252},"geometry":{"type":"Polygon","coordinates":[[[32.8597712,39.8719363],[32.8597331,39.8718336],[32.8599752,39.8717807],[32.8600133,39.8718834],[32.8597712,39.8719363]]]}},{"type":"Feature","properties":{"building":"yes","osm_id":438805253},"geometry":{"type":"Polygon","coordinates":[[[32.8598392,39.8721331],[32.8597891,39.8720018],[32.8600203,39.8719499],[32.8600704,39.8720811],[32.8598392,39.8721331]]]}},{"type":"Feature","properties":{"building":"yes","osm_id":438805254},"geometry":{"type":"Polygon","coordinates":[[[32.8603234,39.8713164],[32.8602337,39.871164],[32.860465,39.8710838],[32.8605546,39.8712363],[32.8603234,39.8713164]]]}},{"type":"Feature","properties":{"building":"yes","osm_id":438805255},"geometry":{"type":"Polygon","coordinates":[[[32.8601303,39.8711377],[32.8600569,39.871012],[32.8603424,39.8709139],[32.8604158,39.8710395],[32.8601303,39.8711377]]]}},{"type":"Feature","properties":{"building":"yes","osm_id":438805256},"geometry":{"type":"Polygon","coordinates":[[[32.8602945,39.871375],[32.8605837,39.8712677],[32.8606512,39.8713749],[32.860362,39.8714822],[32.8602945,39.871375]]]}},{"type":"Feature","properties":{"building":"yes","osm_id":438805257},"geometry":{"type":"Polygon","coordinates":[[[32.8592597,39.8708398],[32.8595209,39.8707577],[32.8595937,39.8708941],[32.8593325,39.8709762],[32.8592597,39.8708398]]]}},{"type":"Feature","properties":{"building":"yes","osm_id":438805258},"geometry":{"type":"Polygon","coordinates":[[[32.8590196,39.8703569],[32.8589175,39.8701757],[32.8591834,39.8700875],[32.8592855,39.8702686],[32.8590196,39.8703569]]]}},{"type":"Feature","properties":{"building":"yes","osm_id":438805259},"geometry":{"type":"Polygon","coordinates":[[[32.8597561,39.8672904],[32.8597578,39.8672048],[32.8598622,39.8672021],[32.8598622,39.8671342],[32.8599507,39.8671382],[32.859949,39.8670703],[32.8600392,39.8670703],[32.8600445,39.8670024],[32.8601489,39.8670011],[32.8601472,39.8669399],[32.860064,39.8669359],[32.8600622,39.8668639],[32.8600817,39.8668652],[32.8600799,39.8668163],[32.8601418,39.8668136],[32.8601666,39.8668503],[32.8601719,39.8669359],[32.860248,39.8669345],[32.860248,39.8669617],[32.8603064,39.8669562],[32.8603046,39.8669983],[32.8602799,39.8670228],[32.8602056,39.8670228],[32.860202,39.8670717],[32.8601755,39.8670893],[32.8601118,39.8670907],[32.8601153,39.8671342],[32.8600728,39.8671627],[32.8600144,39.86716],[32.8600162,39.8672102],[32.8599844,39.8672265],[32.8599224,39.8672197],[32.8599277,39.86727],[32.8599029,39.8672931],[32.8597561,39.8672904]]]}},{"type":"Feature","properties":{"building":"yes","osm_id":438805260},"geometry":{"type":"Polygon","coordinates":[[[32.8600012,39.8664574],[32.8601488,39.8663663],[32.8603465,39.866555],[32.8601989,39.866646],[32.8600012,39.8664574]]]}},{"type":"Feature","properties":{"building":"yes","osm_id":438805261},"geometry":{"type":"Polygon","coordinates":[[[32.8607735,39.8661814],[32.860978,39.8660473],[32.8610905,39.8661484],[32.860886,39.8662825],[32.8607735,39.8661814]]]}},{"type":"Feature","properties":{"building":"yes","osm_id":438805262},"geometry":{"type":"Polygon","coordinates":[[[32.8602996,39.8667794],[32.8604773,39.866675],[32.8606532,39.8668515],[32.8604748,39.8669563],[32.8603944,39.8668756],[32.8604535,39.8668409],[32.860436,39.8668233],[32.8603776,39.8668576],[32.8602996,39.8667794]]]}},{"type":"Feature","properties":{"building":"yes","osm_id":438805264},"geometry":{"type":"Polygon","coordinates":[[[32.8580302,39.8668232],[32.858014,39.8667545],[32.8582132,39.8667218],[32.8582762,39.8667124],[32.8583229,39.8667296],[32.8583433,39.866767],[32.8583392,39.8667935],[32.8583087,39.8668372],[32.8582803,39.8668513],[32.8581034,39.8668419],[32.8580749,39.8668263],[32.8580302,39.8668232]]]}},{"type":"Feature","properties":{"building":"yes","osm_id":438805265},"geometry":{"type":"Polygon","coordinates":[[[32.8580156,39.868732],[32.8581566,39.8686767],[32.8582723,39.8688504],[32.8581312,39.8689057],[32.8580156,39.868732]]]}},{"type":"Feature","properties":{"building":"yes","osm_id":438805266},"geometry":{"type":"Polygon","coordinates":[[[32.8583539,39.8688126],[32.8582654,39.8686481],[32.8584117,39.8686017],[32.8585002,39.8687663],[32.8583539,39.8688126]]]}},{"type":"Feature","properties":{"building":"yes","osm_id":438805267},"geometry":{"type":"Polygon","coordinates":[[[32.8582395,39.868971],[32.8584672,39.8689034],[32.8585467,39.869061],[32.858319,39.8691286],[32.8582395,39.868971]]]}},{"type":"Feature","properties":{"building":"yes","osm_id":438805268},"geometry":{"type":"Polygon","coordinates":[[[32.858418,39.869374],[32.858338,39.8692057],[32.8585747,39.8691395],[32.8586547,39.8693077],[32.858418,39.869374]]]}},{"type":"Feature","properties":{"building":"yes","osm_id":438805269},"geometry":{"type":"Polygon","coordinates":[[[32.8585406,39.8695503],[32.8584874,39.8694435],[32.8587475,39.8693672],[32.8588007,39.869474],[32.8585406,39.8695503]]]}},{"type":"Feature","properties":{"building":"yes","osm_id":438805270},"geometry":{"type":"Polygon","coordinates":[[[32.8592138,39.8718269],[32.8591637,39.8716651],[32.8593662,39.8716282],[32.8594162,39.87179],[32.8592138,39.8718269]]]}},{"type":"Feature","properties":{"building":"yes","osm_id":438805271},"geometry":{"type":"Polygon","coordinates":[[[32.8591886,39.871933],[32.8594016,39.8718731],[32.8594799,39.8720373],[32.8592669,39.8720971],[32.8591886,39.871933]]]}},{"type":"Feature","properties":{"building":"yes","osm_id":438805272},"geometry":{"type":"Polygon","coordinates":[[[32.8589344,39.872784],[32.8589195,39.8726247],[32.8591638,39.8726132],[32.8591734,39.8727766],[32.8589344,39.872784]]]}},{"type":"Feature","properties":{"building":"yes","osm_id":438805273},"geometry":{"type":"Polygon","coordinates":[[[32.858618,39.872877],[32.8586105,39.8726332],[32.8588357,39.8726291],[32.8588432,39.8728729],[32.858618,39.872877]]]}},{"type":"Feature","properties":{"building":"yes","osm_id":438807330},"geometry":{"type":"Polygon","coordinates":[[[32.8587875,39.8724153],[32.8587782,39.8722361],[32.859035,39.8722326],[32.8590444,39.8724136],[32.8587875,39.8724153]]]}},{"type":"Feature","properties":{"building":"yes","osm_id":438807331},"geometry":{"type":"Polygon","coordinates":[[[32.8583369,39.8724207],[32.8583275,39.8722541],[32.8585027,39.8722505],[32.8585143,39.8724153],[32.8583369,39.8724207]]]}},{"type":"Feature","properties":{"building":"yes","osm_id":438807332},"geometry":{"type":"Polygon","coordinates":[[[32.8587175,39.8721394],[32.8586708,39.8719727],[32.8588949,39.8719207],[32.858944,39.8721017],[32.8587175,39.8721394]]]}},{"type":"Feature","properties":{"building":"yes","osm_id":438807334},"geometry":{"type":"Polygon","coordinates":[[[32.8582426,39.872158],[32.8582302,39.8720235],[32.8584691,39.8720099],[32.8584815,39.8721444],[32.8582426,39.872158]]]}},{"type":"Feature","properties":{"building":"yes","osm_id":438807336},"geometry":{"type":"Polygon","coordinates":[[[32.8581807,39.8719637],[32.8581612,39.8718157],[32.8583577,39.8717899],[32.8583824,39.8719488],[32.8581807,39.8719637]]]}},{"type":"Feature","properties":{"building":"yes","osm_id":438807337},"geometry":{"type":"Polygon","coordinates":[[[32.8586638,39.8718836],[32.8586319,39.8717478],[32.8588514,39.8717125],[32.8588815,39.8718402],[32.8586638,39.8718836]]]}},{"type":"Feature","properties":{"building":"yes","osm_id":438807339},"geometry":{"type":"Polygon","coordinates":[[[32.8567845,39.8724798],[32.8567809,39.8723074],[32.8570021,39.8723101],[32.8570057,39.8724826],[32.8567845,39.8724798]]]}},{"type":"Feature","properties":{"building":"yes","osm_id":438807340},"geometry":{"type":"Polygon","coordinates":[[[32.8564996,39.8734645],[32.8565173,39.8732472],[32.856696,39.8732526],[32.8566889,39.8734726],[32.8564996,39.8734645]]]}},{"type":"Feature","properties":{"building":"yes","osm_id":439010473},"geometry":{"type":"Polygon","coordinates":[[[32.8665072,39.870512],[32.8666827,39.8703559],[32.8668365,39.8704577],[32.866661,39.8706138],[32.8665072,39.870512]]]}},{"type":"Feature","properties":{"building":"yes","osm_id":439010474},"geometry":{"type":"Polygon","coordinates":[[[32.8662142,39.8702516],[32.8662389,39.8702268],[32.8662343,39.8702043],[32.8662358,39.8701677],[32.866282,39.870131],[32.8663329,39.8701369],[32.8663929,39.8701724],[32.866413,39.8701582],[32.8664761,39.8701996],[32.8664592,39.8702185],[32.8665131,39.8702528],[32.8665208,39.8702788],[32.8665146,39.8703107],[32.8665023,39.870332],[32.8664807,39.8703391],[32.8664499,39.8703391],[32.866433,39.8703367],[32.8664037,39.8703698],[32.8662142,39.8702516]]]}},{"type":"Feature","properties":{"building":"yes","osm_id":439010475},"geometry":{"type":"Polygon","coordinates":[[[32.8660495,39.8704185],[32.8661691,39.8703034],[32.8663309,39.8704024],[32.8662113,39.8705175],[32.8660495,39.8704185]]]}},{"type":"Feature","properties":{"building":"yes","osm_id":439010476},"geometry":{"type":"Polygon","coordinates":[[[32.8664334,39.87101],[32.8665969,39.8708383],[32.8667398,39.8709185],[32.8665762,39.8710902],[32.8664334,39.87101]]]}},{"type":"Feature","properties":{"building":"yes","osm_id":439010478},"geometry":{"type":"Polygon","coordinates":[[[32.8667607,39.8710749],[32.8668671,39.8709689],[32.867024,39.8710617],[32.8669177,39.8711677],[32.8667607,39.8710749]]]}},{"type":"Feature","properties":{"building":"yes","osm_id":439010479},"geometry":{"type":"Polygon","coordinates":[[[32.8666518,39.8712052],[32.8667396,39.8711378],[32.8669136,39.8712631],[32.8668335,39.8713459],[32.8666518,39.8712052]]]}},{"type":"Feature","properties":{"building":"yes","osm_id":439010480},"geometry":{"type":"Polygon","coordinates":[[[32.8664292,39.8714795],[32.866567,39.8713759],[32.8667217,39.8714972],[32.866584,39.8716008],[32.8664292,39.8714795]]]}},{"type":"Feature","properties":{"building":"yes","osm_id":439010481},"geometry":{"type":"Polygon","coordinates":[[[32.8659102,39.8718259],[32.8660729,39.8717138],[32.8661971,39.87182],[32.8660344,39.8719321],[32.8659102,39.8718259]]]}},{"type":"Feature","properties":{"building":"yes","osm_id":439010483},"geometry":{"type":"Polygon","coordinates":[[[32.8661264,39.871645],[32.8662744,39.8715328],[32.8663838,39.8716178],[32.8662358,39.87173],[32.8661264,39.871645]]]}},{"type":"Feature","properties":{"building":"yes","osm_id":439010485},"geometry":{"type":"Polygon","coordinates":[[[32.8663401,39.8718042],[32.8664407,39.8716592],[32.8665743,39.8717138],[32.8664737,39.8718588],[32.8663401,39.8718042]]]}},{"type":"Feature","properties":{"building":"yes","osm_id":439010487},"geometry":{"type":"Polygon","coordinates":[[[32.8661332,39.8720407],[32.8661533,39.8720094],[32.8661316,39.8720012],[32.8661856,39.8719171],[32.8662169,39.871929],[32.8662411,39.8718913],[32.8664131,39.8719564],[32.8663148,39.8721094],[32.8661332,39.8720407]]]}},{"type":"Feature","properties":{"building":"yes","osm_id":439010489},"geometry":{"type":"Polygon","coordinates":[[[32.8654739,39.8714924],[32.865641,39.8713691],[32.8657467,39.8714535],[32.8655796,39.8715768],[32.8654739,39.8714924]]]}},{"type":"Feature","properties":{"building":"yes","osm_id":439010491},"geometry":{"type":"Polygon","coordinates":[[[32.8656309,39.8716202],[32.8657964,39.871504],[32.8659085,39.8715981],[32.865743,39.8717142],[32.8656309,39.8716202]]]}},{"type":"Feature","properties":{"building":"yes","osm_id":439010493},"geometry":{"type":"Polygon","coordinates":[[[32.8651775,39.8712336],[32.865236,39.8711827],[32.8652622,39.8711827],[32.8653069,39.8711733],[32.8654686,39.8713069],[32.8654501,39.8713423],[32.8654424,39.8713695],[32.8653885,39.8714121],[32.8651775,39.8712336]]]}},{"type":"Feature","properties":{"building":"yes","osm_id":439010495},"geometry":{"type":"Polygon","coordinates":[[[32.8653552,39.8711059],[32.8654734,39.8710157],[32.8656392,39.8711437],[32.8655211,39.8712339],[32.8653552,39.8711059]]]}},{"type":"Feature","properties":{"building":"yes","osm_id":439010497},"geometry":{"type":"Polygon","coordinates":[[[32.8655176,39.8709581],[32.8656212,39.8708804],[32.8657895,39.8710125],[32.8656859,39.8710902],[32.8655176,39.8709581]]]}},{"type":"Feature","properties":{"building":"yes","osm_id":439010499},"geometry":{"type":"Polygon","coordinates":[[[32.8657051,39.870841],[32.8657983,39.8707692],[32.8660441,39.8709569],[32.8659508,39.8710288],[32.8657051,39.870841]]]}},{"type":"Feature","properties":{"building":"yes","osm_id":439010501},"geometry":{"type":"Polygon","coordinates":[[[32.8648501,39.8700755],[32.8649482,39.8699747],[32.8651705,39.8701022],[32.8650724,39.870203],[32.8648501,39.8700755]]]}},{"type":"Feature","properties":{"building":"yes","osm_id":439010503},"geometry":{"type":"Polygon","coordinates":[[[32.8650467,39.8707305],[32.8651672,39.8706196],[32.8653896,39.8707619],[32.8652691,39.8708728],[32.8650467,39.8707305]]]}},{"type":"Feature","properties":{"building":"yes","osm_id":439010505},"geometry":{"type":"Polygon","coordinates":[[[32.8652388,39.870577],[32.8653468,39.8704782],[32.8655457,39.8706063],[32.8654378,39.8707051],[32.8652388,39.870577]]]}},{"type":"Feature","properties":{"building":"yes","osm_id":439010507},"geometry":{"type":"Polygon","coordinates":[[[32.8647507,39.8702455],[32.8648535,39.8701505],[32.865079,39.8702944],[32.8649762,39.8703894],[32.8647507,39.8702455]]]}},{"type":"Feature","properties":{"building":"yes","osm_id":439010509},"geometry":{"type":"Polygon","coordinates":[[[32.8645524,39.8703448],[32.8646547,39.87026],[32.8648461,39.870396],[32.8647438,39.8704808],[32.8645524,39.8703448]]]}},{"type":"Feature","properties":{"building":"yes","osm_id":439010511},"geometry":{"type":"Polygon","coordinates":[[[32.8640803,39.870908],[32.8642623,39.8707701],[32.8643955,39.8708736],[32.8642135,39.8710115],[32.8640803,39.870908]]]}},{"type":"Feature","properties":{"building":"yes","osm_id":439010513},"geometry":{"type":"Polygon","coordinates":[[[32.8641765,39.8712509],[32.8642824,39.8711781],[32.86447,39.8713386],[32.8643641,39.8714115],[32.8641765,39.8712509]]]}},{"type":"Feature","properties":{"building":"yes","osm_id":439010515},"geometry":{"type":"Polygon","coordinates":[[[32.8643536,39.8711201],[32.8645225,39.8709916],[32.8646161,39.871064],[32.8644472,39.8711926],[32.8643536,39.8711201]]]}},{"type":"Feature","properties":{"building":"yes","osm_id":439010517},"geometry":{"type":"Polygon","coordinates":[[[32.8632314,39.872],[32.8633691,39.8719458],[32.8634927,39.8721311],[32.8633549,39.8721852],[32.8632314,39.872]]]}},{"type":"Feature","properties":{"building":"yes","osm_id":439010519},"geometry":{"type":"Polygon","coordinates":[[[32.8642339,39.8724349],[32.8643394,39.8723634],[32.8644901,39.8724945],[32.8643845,39.8725659],[32.8642339,39.8724349]]]}},{"type":"Feature","properties":{"building":"yes","osm_id":439010521},"geometry":{"type":"Polygon","coordinates":[[[32.8646558,39.8729075],[32.8649149,39.8728081],[32.8650095,39.8729532],[32.8647504,39.8730527],[32.8646558,39.8729075]]]}},{"type":"Feature","properties":{"building":"yes","osm_id":439010522},"geometry":{"type":"Polygon","coordinates":[[[32.8648534,39.8732127],[32.8647931,39.8731045],[32.8650561,39.8730182],[32.8651164,39.8731264],[32.8648534,39.8732127]]]}},{"type":"Feature","properties":{"building":"yes","osm_id":439010524},"geometry":{"type":"Polygon","coordinates":[[[32.8649651,39.8733666],[32.8649087,39.8732655],[32.86514,39.8731896],[32.8651964,39.8732907],[32.8649651,39.8733666]]]}},{"type":"Feature","properties":{"building":"yes","osm_id":439010526},"geometry":{"type":"Polygon","coordinates":[[[32.8650238,39.8734127],[32.8652447,39.8733515],[32.8652863,39.8734399],[32.8650654,39.8735011],[32.8650238,39.8734127]]]}},{"type":"Feature","properties":{"building":"yes","osm_id":439010528},"geometry":{"type":"Polygon","coordinates":[[[32.8651514,39.8736669],[32.8654363,39.873588],[32.8654806,39.8736794],[32.8652168,39.8737869],[32.8651514,39.8736669]]]}},{"type":"Feature","properties":{"building":"yes","osm_id":439010927},"geometry":{"type":"Polygon","coordinates":[[[32.8571787,39.8710663],[32.8571695,39.8709516],[32.8573605,39.8709386],[32.8574237,39.8709776],[32.8574468,39.8709989],[32.8574499,39.871142],[32.8574083,39.871155],[32.8573128,39.8711562],[32.8571787,39.8710663]]]}},{"type":"Feature","properties":{"building":"yes","osm_id":439010929},"geometry":{"type":"Polygon","coordinates":[[[32.8571067,39.8712941],[32.8571123,39.8712103],[32.8574351,39.8712231],[32.8574295,39.8713069],[32.8571067,39.8712941]]]}},{"type":"Feature","properties":{"building":"yes","osm_id":439010930},"geometry":{"type":"Polygon","coordinates":[[[32.8566319,39.8713512],[32.8569461,39.8713619],[32.8569477,39.871447],[32.8569384,39.871473],[32.8569215,39.8714789],[32.8566688,39.871473],[32.8566426,39.8714624],[32.8566288,39.8714458],[32.8566319,39.8713512]]]}},{"type":"Feature","properties":{"building":"yes","osm_id":439010932},"geometry":{"type":"Polygon","coordinates":[[[32.8566538,39.8712873],[32.8566646,39.8711204],[32.8568972,39.8711293],[32.8568864,39.8712962],[32.8566538,39.8712873]]]}},{"type":"Feature","properties":{"building":"yes","osm_id":439010934},"geometry":{"type":"Polygon","coordinates":[[[32.8566543,39.8710598],[32.8566601,39.8709357],[32.8569504,39.8709436],[32.8569447,39.8710677],[32.8566543,39.8710598]]]}},{"type":"Feature","properties":{"building":"yes","osm_id":439010935},"geometry":{"type":"Polygon","coordinates":[[[32.8561589,39.871246],[32.8561605,39.8712188],[32.8561481,39.8712082],[32.8561481,39.8711455],[32.8561666,39.8711396],[32.8561712,39.8711112],[32.856427,39.8711302],[32.8564208,39.8712578],[32.8561589,39.871246]]]}},{"type":"Feature","properties":{"building":"yes","osm_id":439010937},"geometry":{"type":"Polygon","coordinates":[[[32.856094,39.8714353],[32.8560988,39.8713171],[32.8563914,39.871324],[32.8563866,39.8714423],[32.856094,39.8714353]]]}},{"type":"Feature","properties":{"building":"yes","osm_id":439010939},"geometry":{"type":"Polygon","coordinates":[[[32.8561382,39.8710362],[32.8561578,39.870899],[32.8564094,39.8709201],[32.8563899,39.8710573],[32.8561382,39.8710362]]]}},{"type":"Feature","properties":{"building":"yes","osm_id":439010940},"geometry":{"type":"Polygon","coordinates":[[[32.8556202,39.8714289],[32.855623,39.8713159],[32.8559173,39.8713203],[32.8559144,39.8714332],[32.8556202,39.8714289]]]}},{"type":"Feature","properties":{"building":"yes","osm_id":439010942},"geometry":{"type":"Polygon","coordinates":[[[32.8556685,39.8712217],[32.855677,39.871086],[32.8559303,39.8710954],[32.8559217,39.8712311],[32.8556685,39.8712217]]]}},{"type":"Feature","properties":{"building":"yes","osm_id":439010944},"geometry":{"type":"Polygon","coordinates":[[[32.8557497,39.8710106],[32.8557628,39.870857],[32.8559992,39.8708688],[32.8559861,39.8710225],[32.8557497,39.8710106]]]}},{"type":"Feature","properties":{"building":"yes","osm_id":439369491},"geometry":{"type":"Polygon","coordinates":[[[32.8609344,39.8724125],[32.8610771,39.8723558],[32.8612281,39.8725796],[32.8610854,39.8726363],[32.8609344,39.8724125]]]}},{"type":"Feature","properties":{"building":"yes","osm_id":439369492},"geometry":{"type":"Polygon","coordinates":[[[32.8611834,39.8726611],[32.8613395,39.8725929],[32.8614226,39.872705],[32.8612665,39.8727732],[32.8611834,39.8726611]]]}},{"type":"Feature","properties":{"building":"yes","osm_id":439369493},"geometry":{"type":"Polygon","coordinates":[[[32.8606392,39.8726356],[32.8605961,39.8724464],[32.860784,39.8724086],[32.8608364,39.8725056],[32.8607902,39.8725268],[32.8607933,39.8725978],[32.8606392,39.8726356]]]}},{"type":"Feature","properties":{"building":"yes","osm_id":439369494},"geometry":{"type":"Polygon","coordinates":[[[32.860727,39.8727173],[32.8608999,39.872648],[32.8609914,39.8727825],[32.8608185,39.8728518],[32.860727,39.8727173]]]}},{"type":"Feature","properties":{"building":"yes","osm_id":439369495},"geometry":{"type":"Polygon","coordinates":[[[32.8608401,39.8729013],[32.8610132,39.8728363],[32.861144,39.8730414],[32.8609709,39.8731064],[32.8608401,39.8729013]]]}},{"type":"Feature","properties":{"building":"yes","osm_id":439369496},"geometry":{"type":"Polygon","coordinates":[[[32.8612201,39.8728686],[32.8614419,39.872781],[32.8615172,39.8728933],[32.8612954,39.8729809],[32.8612201,39.8728686]]]}},{"type":"Feature","properties":{"building":"yes","osm_id":439369497},"geometry":{"type":"Polygon","coordinates":[[[32.8613527,39.8730266],[32.8615465,39.8729576],[32.8616059,39.8730558],[32.8614121,39.8731248],[32.8613527,39.8730266]]]}},{"type":"Feature","properties":{"building":"yes","osm_id":439369498},"geometry":{"type":"Polygon","coordinates":[[[32.861014,39.8731674],[32.8611931,39.8730983],[32.861271,39.8732174],[32.8610919,39.8732864],[32.861014,39.8731674]]]}},{"type":"Feature","properties":{"building":"yes","osm_id":439369504},"geometry":{"type":"Polygon","coordinates":[[[32.8652985,39.8722219],[32.8654495,39.872129],[32.8655888,39.8722625],[32.8654378,39.8723553],[32.8652985,39.8722219]]]}},{"type":"Feature","properties":{"building":"yes","osm_id":439369505},"geometry":{"type":"Polygon","coordinates":[[[32.8646107,39.8706375],[32.8646138,39.8704554],[32.8644967,39.8704578],[32.864472,39.8704389],[32.864432,39.8704436],[32.8643549,39.8705051],[32.8643488,39.8705665],[32.8644566,39.8706588],[32.8644813,39.8706375],[32.8646107,39.8706375]]]}},{"type":"Feature","properties":{"building":"yes","osm_id":439369506},"geometry":{"type":"Polygon","coordinates":[[[32.8625253,39.8701785],[32.8626263,39.8701099],[32.8627958,39.870257],[32.8626947,39.8703255],[32.8625253,39.8701785]]]}},{"type":"Feature","properties":{"building":"yes","osm_id":439369507},"geometry":{"type":"Polygon","coordinates":[[[32.8646828,39.8696131],[32.8647871,39.8695071],[32.86501,39.8696362],[32.8649057,39.8697422],[32.8646828,39.8696131]]]}},{"type":"Feature","properties":{"building":"yes","osm_id":439369508},"geometry":{"type":"Polygon","coordinates":[[[32.8649432,39.8694724],[32.8650656,39.8693438],[32.8652391,39.869441],[32.8651167,39.8695696],[32.8649432,39.8694724]]]}},{"type":"Feature","properties":{"building":"yes","osm_id":439369509},"geometry":{"type":"Polygon","coordinates":[[[32.865528,39.870124],[32.8656121,39.8700355],[32.8658774,39.8701842],[32.8657933,39.8702726],[32.865528,39.870124]]]}},{"type":"Feature","properties":{"building":"yes","osm_id":439468824},"geometry":{"type":"Polygon","coordinates":[[[32.8532712,39.8690941],[32.853237,39.8688979],[32.8534651,39.8688744],[32.8534993,39.8690706],[32.8532712,39.8690941]]]}},{"type":"Feature","properties":{"building":"yes","osm_id":439468825},"geometry":{"type":"Polygon","coordinates":[[[32.8532295,39.869192],[32.853518,39.8691592],[32.8535508,39.8693291],[32.8532622,39.8693619],[32.8532295,39.869192]]]}},{"type":"Feature","properties":{"building":"yes","osm_id":439468826},"geometry":{"type":"Polygon","coordinates":[[[32.8537725,39.869189],[32.8536646,39.8690694],[32.853849,39.8689714],[32.8539569,39.869091],[32.8537725,39.869189]]]}},{"type":"Feature","properties":{"building":"yes","osm_id":439468827},"geometry":{"type":"Polygon","coordinates":[[[32.8537055,39.8693088],[32.8539396,39.8691763],[32.8540136,39.8692449],[32.8538533,39.8694199],[32.8537732,39.8693797],[32.8537055,39.8693088]]]}},{"type":"Feature","properties":{"building":"yes","osm_id":439468828},"geometry":{"type":"Polygon","coordinates":[[[32.8539599,39.8689613],[32.8541393,39.8688512],[32.8542793,39.8689854],[32.8540999,39.8690956],[32.8539599,39.8689613]]]}},{"type":"Feature","properties":{"building":"yes","osm_id":439468829},"geometry":{"type":"Polygon","coordinates":[[[32.8538054,39.8687265],[32.8539492,39.8686509],[32.8540985,39.8688181],[32.8539547,39.8688938],[32.8538054,39.8687265]]]}},{"type":"Feature","properties":{"building":"yes","osm_id":439468830},"geometry":{"type":"Polygon","coordinates":[[[32.853689,39.8689918],[32.85365,39.8689565],[32.8536129,39.868875],[32.8536111,39.8687351],[32.853735,39.8687351],[32.8537792,39.8689171],[32.8537598,39.8689483],[32.853689,39.8689918]]]}},{"type":"Feature","properties":{"building":"yes","osm_id":439468831},"geometry":{"type":"Polygon","coordinates":[[[32.8565774,39.8681472],[32.8566968,39.8680494],[32.8568671,39.8681718],[32.8567477,39.8682696],[32.8565774,39.8681472]]]}},{"type":"Feature","properties":{"building":"yes","osm_id":439468832},"geometry":{"type":"Polygon","coordinates":[[[32.8561082,39.8692183],[32.8560963,39.8690867],[32.8564264,39.8690691],[32.8564383,39.8692007],[32.8561082,39.8692183]]]}},{"type":"Feature","properties":{"building":"yes","osm_id":439468835},"geometry":{"type":"Polygon","coordinates":[[[32.8571819,39.872027],[32.8571776,39.8718654],[32.8574837,39.8718605],[32.857488,39.8720222],[32.8571819,39.872027]]]}},{"type":"Feature","properties":{"building":"yes","osm_id":439468836},"geometry":{"type":"Polygon","coordinates":[[[32.8577461,39.87217],[32.8577391,39.87206],[32.8580311,39.872049],[32.8580381,39.872159],[32.8577461,39.87217]]]}},{"type":"Feature","properties":{"building":"yes","osm_id":439468837},"geometry":{"type":"Polygon","coordinates":[[[32.8577319,39.8718243],[32.8579639,39.8718158],[32.8579741,39.8719825],[32.8577422,39.8719909],[32.8577319,39.8718243]]]}},{"type":"Feature","properties":{"building":"yes","osm_id":439468838},"geometry":{"type":"Polygon","coordinates":[[[32.8577288,39.8717483],[32.8577257,39.8716343],[32.857993,39.8716299],[32.8579961,39.8717439],[32.8577288,39.8717483]]]}},{"type":"Feature","properties":{"building":"yes","osm_id":439468839},"geometry":{"type":"Polygon","coordinates":[[[32.8577388,39.8722473],[32.8579494,39.8722473],[32.8579494,39.8724197],[32.8577388,39.8724197],[32.8577388,39.8722473]]]}},{"type":"Feature","properties":{"building":"yes","osm_id":439468840},"geometry":{"type":"Polygon","coordinates":[[[32.8590315,39.87043],[32.8592393,39.87036],[32.8593195,39.8705003],[32.8591118,39.8705703],[32.8590315,39.87043]]]}},{"type":"Feature","properties":{"building":"yes","osm_id":439468841},"geometry":{"type":"Polygon","coordinates":[[[32.855059,39.8681772],[32.855012,39.8679867],[32.8553052,39.867944],[32.8553523,39.8681345],[32.855059,39.8681772]]]}},{"type":"Feature","properties":{"building":"yes","osm_id":439468842},"geometry":{"type":"Polygon","coordinates":[[[32.8551093,39.8683504],[32.8551062,39.8683221],[32.8551432,39.8683244],[32.855137,39.8682464],[32.8554082,39.8682346],[32.8554266,39.8684379],[32.8553311,39.8684474],[32.8553342,39.8684758],[32.8553003,39.8684781],[32.8551093,39.8683504]]]}},{"type":"Feature","properties":{"building":"yes","osm_id":439468843},"geometry":{"type":"Polygon","coordinates":[[[32.8553589,39.8692018],[32.8554359,39.8690481],[32.8556824,39.8691308],[32.8556485,39.8692349],[32.8556146,39.8692467],[32.8555129,39.8692183],[32.855479,39.8692349],[32.855439,39.8692443],[32.8553589,39.8692018]]]}},{"type":"Feature","properties":{"building":"yes","osm_id":439468844},"geometry":{"type":"Polygon","coordinates":[[[32.8570275,39.8700541],[32.8570255,39.869866],[32.8573428,39.8698641],[32.8573449,39.8700521],[32.8570275,39.8700541]]]}},{"type":"Feature","properties":{"building":"yes","osm_id":439468846},"geometry":{"type":"Polygon","coordinates":[[[32.8647473,39.8686071],[32.8648608,39.8684923],[32.8650024,39.8685747],[32.864889,39.8686895],[32.8647473,39.8686071]]]}},{"type":"Feature","properties":{"building":"yes","osm_id":439468847},"geometry":{"type":"Polygon","coordinates":[[[32.8650937,39.8686087],[32.865269,39.868719],[32.8651324,39.8688469],[32.8649571,39.8687366],[32.8650937,39.8686087]]]}},{"type":"Feature","properties":{"building":"yes","osm_id":439468848},"geometry":{"type":"Polygon","coordinates":[[[32.8652043,39.8688959],[32.8653269,39.868778],[32.8654907,39.8688782],[32.8653681,39.8689962],[32.8652043,39.8688959]]]}},{"type":"Feature","properties":{"building":"yes","osm_id":439468850},"geometry":{"type":"Polygon","coordinates":[[[32.8654399,39.8690453],[32.8655795,39.8689164],[32.8657133,39.8690017],[32.8655737,39.8691306],[32.8654399,39.8690453]]]}},{"type":"Feature","properties":{"building":"yes","osm_id":439468851},"geometry":{"type":"Polygon","coordinates":[[[32.8647595,39.8690975],[32.8649218,39.8689463],[32.8650909,39.8690533],[32.8649286,39.8692045],[32.8647595,39.8690975]]]}},{"type":"Feature","properties":{"building":"yes","osm_id":439653005},"geometry":{"type":"Polygon","coordinates":[[[32.8555117,39.8724989],[32.8555175,39.8723188],[32.8558503,39.8723252],[32.8558445,39.8725052],[32.8555117,39.8724989]]]}},{"type":"Feature","properties":{"building":"yes","osm_id":439653006},"geometry":{"type":"Polygon","coordinates":[[[32.8559391,39.8724895],[32.8559717,39.8722545],[32.856115,39.8722662],[32.8560823,39.8725012],[32.8559391,39.8724895]]]}},{"type":"Feature","properties":{"building":"yes","osm_id":439653007},"geometry":{"type":"Polygon","coordinates":[[[32.8555546,39.8721938],[32.8555707,39.8720311],[32.8557753,39.872043],[32.8557593,39.8722057],[32.8555546,39.8721938]]]}},{"type":"Feature","properties":{"building":"yes","osm_id":439653008},"geometry":{"type":"Polygon","coordinates":[[[32.8555534,39.8719706],[32.8555644,39.871812],[32.8557966,39.8718215],[32.8557856,39.8719801],[32.8555534,39.8719706]]]}},{"type":"Feature","properties":{"building":"yes","osm_id":439653009},"geometry":{"type":"Polygon","coordinates":[[[32.8555887,39.8717332],[32.8556055,39.871575],[32.8557987,39.8715871],[32.8557818,39.8717453],[32.8555887,39.8717332]]]}},{"type":"Feature","properties":{"building":"yes","osm_id":439653010},"geometry":{"type":"Polygon","coordinates":[[[32.8558852,39.8719326],[32.8558876,39.8718538],[32.8559179,39.8718484],[32.8559249,39.8718287],[32.8561327,39.8718269],[32.8561304,39.8719685],[32.8559272,39.8719703],[32.8559249,39.8719398],[32.8558852,39.8719326]]]}},{"type":"Feature","properties":{"building":"yes","osm_id":439653011},"geometry":{"type":"Polygon","coordinates":[[[32.8558913,39.8721824],[32.8558976,39.872046],[32.8561168,39.872052],[32.8561106,39.8721883],[32.8558913,39.8721824]]]}},{"type":"Feature","properties":{"building":"yes","osm_id":439653012},"geometry":{"type":"Polygon","coordinates":[[[32.855893,39.8717],[32.8559076,39.871584],[32.8561671,39.8716033],[32.8561525,39.8717192],[32.855893,39.8717]]]}},{"type":"Feature","properties":{"building":"yes","osm_id":439653013},"geometry":{"type":"Polygon","coordinates":[[[32.8563643,39.8717835],[32.8563714,39.8716197],[32.8566144,39.8716259],[32.8566073,39.8717897],[32.8563643,39.8717835]]]}},{"type":"Feature","properties":{"building":"yes","osm_id":439653014},"geometry":{"type":"Polygon","coordinates":[[[32.8563223,39.8722172],[32.8563237,39.872099],[32.8565607,39.8721006],[32.8565593,39.8722188],[32.8563223,39.8722172]]]}},{"type":"Feature","properties":{"building":"yes","osm_id":439653015},"geometry":{"type":"Polygon","coordinates":[[[32.8567235,39.8721423],[32.8567328,39.8719756],[32.85702,39.8719255],[32.85702,39.8721943],[32.8567235,39.8721423]]]}},{"type":"Feature","properties":{"building":"yes","osm_id":439653016},"geometry":{"type":"Polygon","coordinates":[[[32.8568099,39.8729215],[32.8568248,39.872677],[32.8570527,39.8726852],[32.8570377,39.8729297],[32.8568099,39.8729215]]]}},{"type":"Feature","properties":{"building":"yes","osm_id":439653017},"geometry":{"type":"Polygon","coordinates":[[[32.8572635,39.8728157],[32.8572635,39.8726499],[32.8574981,39.8726499],[32.8574981,39.8728157],[32.8572635,39.8728157]]]}},{"type":"Feature","properties":{"building":"yes","osm_id":439653018},"geometry":{"type":"Polygon","coordinates":[[[32.8567903,39.8734797],[32.8567956,39.8732692],[32.8570093,39.8732723],[32.857004,39.8734828],[32.8567903,39.8734797]]]}},{"type":"Feature","properties":{"building":"yes","osm_id":439653019},"geometry":{"type":"Polygon","coordinates":[[[32.8571858,39.8733663],[32.8575291,39.8733322],[32.8575174,39.8735043],[32.8571858,39.8734756],[32.8571858,39.8733663]]]}},{"type":"Feature","properties":{"building":"yes","osm_id":439653020},"geometry":{"type":"Polygon","coordinates":[[[32.8572442,39.8732157],[32.8572465,39.8731028],[32.8575384,39.8731011],[32.8575501,39.8732659],[32.8573212,39.8732641],[32.8573212,39.873214],[32.8572442,39.8732157]]]}},{"type":"Feature","properties":{"building":"yes","osm_id":439653024},"geometry":{"type":"Polygon","coordinates":[[[32.8534096,39.872977],[32.8534121,39.8727752],[32.8535771,39.8727764],[32.8535746,39.8729781],[32.8534096,39.872977]]]}},{"type":"Feature","properties":{"building":"yes","osm_id":439653025},"geometry":{"type":"Polygon","coordinates":[[[32.8536375,39.8729832],[32.8536348,39.8727671],[32.8538306,39.8727733],[32.8538253,39.8730182],[32.8537046,39.8730121],[32.8536858,39.8729832],[32.8536375,39.8729832]]]}},{"type":"Feature","properties":{"building":"yes","osm_id":439653026},"geometry":{"type":"Polygon","coordinates":[[[32.8538769,39.8729846],[32.8538821,39.8727717],[32.8540364,39.8727739],[32.8540312,39.8729868],[32.8538769,39.8729846]]]}},{"type":"Feature","properties":{"building":"yes","osm_id":439653027},"geometry":{"type":"Polygon","coordinates":[[[32.8540804,39.8729624],[32.8540811,39.8727535],[32.8543145,39.872754],[32.8543138,39.8729629],[32.8540804,39.8729624]]]}},{"type":"Feature","properties":{"building":"yes","osm_id":439653028},"geometry":{"type":"Polygon","coordinates":[[[32.8543587,39.872969],[32.854362,39.8727549],[32.854547,39.8727566],[32.8545438,39.8729706],[32.8543587,39.872969]]]}},{"type":"Feature","properties":{"building":"yes","osm_id":439653029},"geometry":{"type":"Polygon","coordinates":[[[32.8530884,39.8704698],[32.8532087,39.8703224],[32.8535106,39.8704675],[32.8533904,39.870615],[32.8530884,39.8704698]]]}},{"type":"Feature","properties":{"building":"yes","osm_id":439653030},"geometry":{"type":"Polygon","coordinates":[[[32.8528181,39.8708172],[32.852917,39.8706319],[32.8530772,39.8706823],[32.8529783,39.8708676],[32.8528181,39.8708172]]]}},{"type":"Feature","properties":{"building":"yes","osm_id":439653031},"geometry":{"type":"Polygon","coordinates":[[[32.8530703,39.8708694],[32.8531524,39.8707108],[32.8532864,39.8707516],[32.8532042,39.8709102],[32.8530703,39.8708694]]]}},{"type":"Feature","properties":{"building":"yes","osm_id":439653032},"geometry":{"type":"Polygon","coordinates":[[[32.8532703,39.870916],[32.8533287,39.8707938],[32.8534915,39.870825],[32.8533924,39.8709921],[32.8532703,39.870916]]]}},{"type":"Feature","properties":{"building":"yes","osm_id":439653033},"geometry":{"type":"Polygon","coordinates":[[[32.8534702,39.8710117],[32.8535689,39.8708439],[32.8537307,39.8708999],[32.8536321,39.8710677],[32.8534702,39.8710117]]]}},{"type":"Feature","properties":{"building":"yes","osm_id":439653034},"geometry":{"type":"Polygon","coordinates":[[[32.8538127,39.8713345],[32.8539154,39.8710872],[32.8540789,39.8711272],[32.8539761,39.8713745],[32.8538127,39.8713345]]]}},{"type":"Feature","properties":{"building":"yes","osm_id":439653035},"geometry":{"type":"Polygon","coordinates":[[[32.8539716,39.8709701],[32.8540803,39.8707283],[32.8542677,39.870778],[32.854159,39.8710197],[32.8539716,39.8709701]]]}},{"type":"Feature","properties":{"building":"yes","osm_id":439653036},"geometry":{"type":"Polygon","coordinates":[[[32.8541227,39.8713455],[32.8541758,39.8712024],[32.8543802,39.8712471],[32.8543271,39.8713902],[32.8541227,39.8713455]]]}},{"type":"Feature","properties":{"building":"yes","osm_id":439653037},"geometry":{"type":"Polygon","coordinates":[[[32.8542839,39.8711397],[32.8543563,39.8709626],[32.8544919,39.8709953],[32.8544194,39.8711723],[32.8542839,39.8711397]]]}},{"type":"Feature","properties":{"building":"yes","osm_id":439653038},"geometry":{"type":"Polygon","coordinates":[[[32.8543527,39.8708952],[32.8544014,39.8707765],[32.8545591,39.8708146],[32.8545104,39.8709332],[32.8543527,39.8708952]]]}},{"type":"Feature","properties":{"building":"yes","osm_id":439653039},"geometry":{"type":"Polygon","coordinates":[[[32.8543971,39.8707104],[32.8544508,39.8705836],[32.8546367,39.8706299],[32.854583,39.8707568],[32.8543971,39.8707104]]]}},{"type":"Feature","properties":{"building":"yes","osm_id":439653040},"geometry":{"type":"Polygon","coordinates":[[[32.8541586,39.8706091],[32.8541799,39.8706403],[32.8542418,39.8706878],[32.8542931,39.8706933],[32.8543515,39.8705602],[32.8543568,39.8705276],[32.8543232,39.870514],[32.8542684,39.8705221],[32.8542117,39.8705208],[32.8541799,39.8705425],[32.8541622,39.870571],[32.8541586,39.8706091]]]}},{"type":"Feature","properties":{"building":"yes","building:levels":"2","osm_id":439653041},"geometry":{"type":"Polygon","coordinates":[[[32.8545324,39.8713457],[32.8545955,39.8712034],[32.854748,39.8712433],[32.8546849,39.8713855],[32.8545324,39.8713457]]]}},{"type":"Feature","properties":{"building":"yes","building:levels":"2","osm_id":439653042},"geometry":{"type":"Polygon","coordinates":[[[32.8548221,39.8714102],[32.8548283,39.871286],[32.8550363,39.8712922],[32.8550301,39.8714164],[32.8548221,39.8714102]]]}},{"type":"Feature","properties":{"building":"yes","building:levels":"2","osm_id":439653043},"geometry":{"type":"Polygon","coordinates":[[[32.8551302,39.8713991],[32.8551493,39.8712361],[32.85532,39.8712479],[32.8553009,39.8714109],[32.8551302,39.8713991]]]}},{"type":"Feature","properties":{"building":"yes","building:levels":"9","name":"Vadi Sitesi","osm_id":439653044},"geometry":{"type":"Polygon","coordinates":[[[32.8548329,39.8709079],[32.8548435,39.8708576],[32.85487,39.8708073],[32.8549072,39.8707802],[32.8549585,39.8707924],[32.8549974,39.8708236],[32.8551071,39.870859],[32.8551585,39.8708427],[32.8552062,39.8708657],[32.8552381,39.8708997],[32.8552416,39.8709377],[32.8552239,39.8709826],[32.8551355,39.8710233],[32.8550771,39.8710722],[32.8550328,39.8710858],[32.8549762,39.8710722],[32.8549302,39.8710735],[32.854909,39.871064],[32.8548753,39.8709921],[32.8548683,39.8709513],[32.8548329,39.8709079]]]}},{"type":"Feature","properties":{"building":"yes","osm_id":439653045},"geometry":{"type":"Polygon","coordinates":[[[32.8561731,39.8705291],[32.8564444,39.8705567],[32.8564168,39.8707163],[32.8561455,39.8706887],[32.8561731,39.8705291]]]}},{"type":"Feature","properties":{"building":"yes","osm_id":439653046},"geometry":{"type":"Polygon","coordinates":[[[32.8557533,39.8706442],[32.8557769,39.870495],[32.8560497,39.8705204],[32.8560261,39.8706695],[32.8557533,39.8706442]]]}},{"type":"Feature","properties":{"building":"yes","osm_id":439653047},"geometry":{"type":"Polygon","coordinates":[[[32.8557865,39.8704223],[32.8558091,39.8702701],[32.8560219,39.8702888],[32.8559993,39.8704409],[32.8557865,39.8704223]]]}},{"type":"Feature","properties":{"building":"yes","osm_id":439653048},"geometry":{"type":"Polygon","coordinates":[[[32.8558678,39.8698499],[32.8560549,39.8698646],[32.8560387,39.8699858],[32.8558516,39.8699711],[32.8558678,39.8698499]]]}},{"type":"Feature","properties":{"building":"yes","osm_id":439653049},"geometry":{"type":"Polygon","coordinates":[[[32.8562652,39.8701684],[32.8562682,39.8699803],[32.8564602,39.8699821],[32.8564572,39.8701702],[32.8562652,39.8701684]]]}},{"type":"Feature","properties":{"building":"yes","osm_id":439653050},"geometry":{"type":"Polygon","coordinates":[[[32.8558847,39.8697747],[32.8558996,39.8696573],[32.8561446,39.8696757],[32.8561297,39.8697931],[32.8558847,39.8697747]]]}},{"type":"Feature","properties":{"building":"yes","osm_id":439653051},"geometry":{"type":"Polygon","coordinates":[[[32.8562722,39.8695462],[32.8562868,39.869367],[32.856478,39.8693761],[32.8564634,39.8695553],[32.8562722,39.8695462]]]}},{"type":"Feature","properties":{"building":"yes","osm_id":439653052},"geometry":{"type":"Polygon","coordinates":[[[32.8566878,39.8694979],[32.8566775,39.8693438],[32.8569076,39.8693347],[32.8569179,39.8694888],[32.8566878,39.8694979]]]}},{"type":"Feature","properties":{"building":"yes","osm_id":439653053},"geometry":{"type":"Polygon","coordinates":[[[32.8570144,39.8695403],[32.8569961,39.8693498],[32.8572256,39.8693367],[32.857244,39.8695272],[32.8570144,39.8695403]]]}},{"type":"Feature","properties":{"building":"yes","osm_id":439653054},"geometry":{"type":"Polygon","coordinates":[[[32.8566736,39.8697857],[32.8566772,39.8696166],[32.8568992,39.8696193],[32.8568957,39.8697884],[32.8566736,39.8697857]]]}},{"type":"Feature","properties":{"building":"yes","osm_id":439653055},"geometry":{"type":"Polygon","coordinates":[[[32.8566857,39.8698432],[32.8569193,39.869847],[32.8569155,39.8699855],[32.8566819,39.8699817],[32.8566857,39.8698432]]]}},{"type":"Feature","properties":{"building":"yes","osm_id":439653056},"geometry":{"type":"Polygon","coordinates":[[[32.856667,39.8701684],[32.8566723,39.8700421],[32.8569191,39.8700482],[32.8569138,39.8701745],[32.856667,39.8701684]]]}},{"type":"Feature","properties":{"building":"yes","osm_id":439653057},"geometry":{"type":"Polygon","coordinates":[[[32.8566601,39.8703651],[32.8566643,39.8702341],[32.8568908,39.8702384],[32.8568867,39.8703694],[32.8566601,39.8703651]]]}},{"type":"Feature","properties":{"building":"yes","osm_id":439653058},"geometry":{"type":"Polygon","coordinates":[[[32.8566693,39.870574],[32.8566693,39.8704322],[32.8568984,39.8704322],[32.8568984,39.870574],[32.8566693,39.870574]]]}},{"type":"Feature","properties":{"building":"yes","osm_id":439653059},"geometry":{"type":"Polygon","coordinates":[[[32.8571641,39.870242],[32.8571649,39.8701143],[32.85737,39.870115],[32.8573692,39.8702428],[32.8571641,39.870242]]]}},{"type":"Feature","properties":{"building":"yes","osm_id":439653060},"geometry":{"type":"Polygon","coordinates":[[[32.857131,39.87046],[32.8571314,39.8703251],[32.857363,39.8703255],[32.8573627,39.8704604],[32.857131,39.87046]]]}},{"type":"Feature","properties":{"building":"yes","osm_id":439653061},"geometry":{"type":"Polygon","coordinates":[[[32.8570775,39.8707497],[32.8570811,39.8706384],[32.8572552,39.8706417],[32.8572575,39.8705698],[32.8573956,39.8705724],[32.8573897,39.8707557],[32.8570775,39.8707497]]]}},{"type":"Feature","properties":{"building":"yes","osm_id":439653062},"geometry":{"type":"Polygon","coordinates":[[[32.8566732,39.8706362],[32.8569581,39.8706444],[32.8569599,39.870753],[32.856721,39.8707517],[32.856698,39.8707449],[32.856675,39.8707259],[32.8566732,39.8706362]]]}},{"type":"Feature","properties":{"building":"yes","osm_id":439653063},"geometry":{"type":"Polygon","coordinates":[[[32.8562468,39.8703972],[32.8562521,39.8702587],[32.856337,39.8702559],[32.8563565,39.8702396],[32.8564697,39.8702369],[32.8564556,39.8704298],[32.856337,39.8704339],[32.8563211,39.8704013],[32.8562468,39.8703972]]]}},{"type":"Feature","properties":{"building":"yes","osm_id":439653064},"geometry":{"type":"Polygon","coordinates":[[[32.856291,39.8698865],[32.8562875,39.8697059],[32.8564644,39.8697032],[32.8564733,39.869911],[32.8563866,39.8699178],[32.8563618,39.869896],[32.856291,39.8698865]]]}},{"type":"Feature","properties":{"building":"yes","osm_id":439653065},"geometry":{"type":"Polygon","coordinates":[[[32.8559548,39.8693908],[32.8562025,39.8694044],[32.8561937,39.8695171],[32.8561707,39.869532],[32.8561654,39.8695728],[32.8559707,39.8695565],[32.8559743,39.8695171],[32.855953,39.8695049],[32.8559548,39.8693908]]]}},{"type":"Feature","properties":{"building":"yes","osm_id":439653066},"geometry":{"type":"Polygon","coordinates":[[[32.8562078,39.8689697],[32.856376,39.8688543],[32.8565034,39.8690023],[32.8564857,39.8690105],[32.8563529,39.8690023],[32.8562273,39.8689942],[32.8562043,39.8689888],[32.8562078,39.8689697]]]}},{"type":"Feature","properties":{"building":"yes","osm_id":439653067},"geometry":{"type":"Polygon","coordinates":[[[32.857012,39.8689575],[32.8571533,39.8689359],[32.8572039,39.8691308],[32.8570626,39.8691524],[32.857012,39.8689575]]]}},{"type":"Feature","properties":{"building":"yes","osm_id":439653068},"geometry":{"type":"Polygon","coordinates":[[[32.8572944,39.8691395],[32.8572289,39.8689426],[32.8573103,39.8689263],[32.8574749,39.8691259],[32.8572944,39.8691395]]]}},{"type":"Feature","properties":{"building":"yes","osm_id":439653069},"geometry":{"type":"Polygon","coordinates":[[[32.8575457,39.8690118],[32.8578111,39.8689059],[32.8578341,39.8689534],[32.8578164,39.8690105],[32.8577562,39.8690431],[32.8576837,39.8690567],[32.8576642,39.869058],[32.8576023,39.8690743],[32.8575687,39.8690635],[32.8575457,39.8690118]]]}},{"type":"Feature","properties":{"building":"yes","osm_id":439653070},"geometry":{"type":"Polygon","coordinates":[[[32.8571475,39.8686057],[32.8574218,39.8684563],[32.8574837,39.8685175],[32.8574896,39.8685374],[32.8574837,39.8685555],[32.8572607,39.8686777],[32.8572307,39.8686845],[32.857197,39.8686669],[32.8571475,39.8686057]]]}},{"type":"Feature","properties":{"building":"yes","osm_id":439653071},"geometry":{"type":"Polygon","coordinates":[[[32.85735,39.8687003],[32.8575565,39.8685965],[32.8576365,39.8686902],[32.8574301,39.8687941],[32.85735,39.8687003]]]}},{"type":"Feature","properties":{"building":"yes","osm_id":439653072},"geometry":{"type":"Polygon","coordinates":[[[32.85598,39.8677024],[32.8559309,39.8675699],[32.8562054,39.8675099],[32.8562545,39.8676424],[32.85598,39.8677024]]]}},{"type":"Feature","properties":{"building":"yes","osm_id":439653073},"geometry":{"type":"Polygon","coordinates":[[[32.855951,39.8677668],[32.8562273,39.8677071],[32.8562639,39.8678068],[32.8559875,39.8678666],[32.855951,39.8677668]]]}},{"type":"Feature","properties":{"building":"college","osm_id":439653074},"geometry":{"type":"Polygon","coordinates":[[[32.8558321,39.8673707],[32.8557713,39.867179],[32.8559908,39.8671379],[32.8560517,39.8673296],[32.8558321,39.8673707]]]}},{"type":"Feature","properties":{"building":"yes","osm_id":439653075},"geometry":{"type":"Polygon","coordinates":[[[32.8558445,39.8674135],[32.8561761,39.8673364],[32.8562065,39.8674206],[32.8561785,39.8674314],[32.8561855,39.8674636],[32.8559379,39.867521],[32.8559146,39.8675013],[32.8558842,39.8675067],[32.8558445,39.8674135]]]}},{"type":"Feature","properties":{"building":"yes","osm_id":439654423},"geometry":{"type":"Polygon","coordinates":[[[32.8556651,39.8643329],[32.8559975,39.8640884],[32.8562487,39.8642897],[32.8559163,39.8645342],[32.8556651,39.8643329]]]}},{"type":"Feature","properties":{"building":"yes","osm_id":439654424},"geometry":{"type":"Polygon","coordinates":[[[32.8552497,39.8639239],[32.8551612,39.8637908],[32.8552603,39.8637582],[32.8553647,39.8637433],[32.855439,39.8637528],[32.855508,39.8637922],[32.8555629,39.8638397],[32.855439,39.8639389],[32.8552497,39.8639239]]]}},{"type":"Feature","properties":{"building":"yes","osm_id":439654425},"geometry":{"type":"Polygon","coordinates":[[[32.8555288,39.8639717],[32.8556904,39.8638675],[32.8558148,39.8639811],[32.8556532,39.8640853],[32.8555288,39.8639717]]]}},{"type":"Feature","properties":{"building":"yes","osm_id":439654426},"geometry":{"type":"Polygon","coordinates":[[[32.8544622,39.8643319],[32.8545706,39.8642284],[32.8547507,39.8643394],[32.8546423,39.8644429],[32.8544622,39.8643319]]]}},{"type":"Feature","properties":{"building":"yes","osm_id":439654427},"geometry":{"type":"Polygon","coordinates":[[[32.8542986,39.8645162],[32.8544011,39.8644068],[32.8545857,39.8645087],[32.8544832,39.8646181],[32.8542986,39.8645162]]]}},{"type":"Feature","properties":{"building":"yes","osm_id":439654428},"geometry":{"type":"Polygon","coordinates":[[[32.8549572,39.8643642],[32.8551273,39.8642291],[32.8552705,39.8643352],[32.8551003,39.8644704],[32.8549572,39.8643642]]]}},{"type":"Feature","properties":{"building":"yes","osm_id":439654429},"geometry":{"type":"Polygon","coordinates":[[[32.8525993,39.8668727],[32.8527334,39.8667025],[32.8529766,39.8668154],[32.8528426,39.8669856],[32.8525993,39.8668727]]]}},{"type":"Feature","properties":{"building":"yes","osm_id":439654430},"geometry":{"type":"Polygon","coordinates":[[[32.8527303,39.8666346],[32.8528463,39.8664846],[32.8530771,39.8665897],[32.8529611,39.8667397],[32.8527303,39.8666346]]]}},{"type":"Feature","properties":{"building":"yes","osm_id":439654431},"geometry":{"type":"Polygon","coordinates":[[[32.8518337,39.86358],[32.8520614,39.8634751],[32.8521882,39.8636373],[32.8519605,39.8637421],[32.8518337,39.86358]]]}},{"type":"Feature","properties":{"building":"yes","osm_id":439654432},"geometry":{"type":"Polygon","coordinates":[[[32.8523376,39.8631631],[32.8525205,39.863089],[32.8527059,39.8633588],[32.8525229,39.8634329],[32.8523376,39.8631631]]]}},{"type":"Feature","properties":{"building":"yes","osm_id":439654433},"geometry":{"type":"Polygon","coordinates":[[[32.8531,39.8648413],[32.8533615,39.8645688],[32.853553,39.8646441],[32.8535109,39.8646853],[32.8535319,39.864723],[32.8535553,39.8647767],[32.8535646,39.8648305],[32.8535646,39.8648753],[32.8536487,39.8649147],[32.8535623,39.8650563],[32.8531,39.8648413]]]}},{"type":"Feature","properties":{"building":"yes","osm_id":439654434},"geometry":{"type":"Polygon","coordinates":[[[32.8535014,39.8645635],[32.8535713,39.8644543],[32.8536513,39.8644845],[32.8536975,39.8644124],[32.8539518,39.8645084],[32.8538357,39.8646897],[32.8535014,39.8645635]]]}},{"type":"Feature","properties":{"building":"yes","osm_id":439654436},"geometry":{"type":"Polygon","coordinates":[[[32.8554334,39.8676144],[32.8556295,39.8675753],[32.8556834,39.8677346],[32.8554872,39.8677736],[32.8554334,39.8676144]]]}},{"type":"Feature","properties":{"building":"yes","osm_id":439654437},"geometry":{"type":"Polygon","coordinates":[[[32.8513942,39.868593],[32.8514893,39.8684438],[32.8517199,39.8685303],[32.8516248,39.8686796],[32.8513942,39.868593]]]}},{"type":"Feature","properties":{"building":"yes","osm_id":439654438},"geometry":{"type":"Polygon","coordinates":[[[32.85182,39.8688676],[32.8518694,39.8686997],[32.8522082,39.8687584],[32.8521587,39.8689264],[32.85182,39.8688676]]]}},{"type":"Feature","properties":{"building":"yes","osm_id":439654439},"geometry":{"type":"Polygon","coordinates":[[[32.851121,39.8690658],[32.851209,39.8689077],[32.8514689,39.8689928],[32.851381,39.869151],[32.851121,39.8690658]]]}},{"type":"Feature","properties":{"building":"yes","osm_id":439654440},"geometry":{"type":"Polygon","coordinates":[[[32.8509848,39.8692299],[32.8510421,39.8691087],[32.8513643,39.8691985],[32.8513069,39.8693197],[32.8509848,39.8692299]]]}},{"type":"Feature","properties":{"building":"yes","osm_id":439654441},"geometry":{"type":"Polygon","coordinates":[[[32.8517535,39.8691201],[32.851783,39.8690171],[32.8518796,39.8690233],[32.8519279,39.8690027],[32.8521183,39.8690419],[32.8520593,39.869221],[32.8518554,39.869186],[32.8518393,39.8691551],[32.8517535,39.8691201]]]}},{"type":"Feature","properties":{"building":"yes","osm_id":439654442},"geometry":{"type":"Polygon","coordinates":[[[32.8516435,39.8693774],[32.8516784,39.8692807],[32.8517374,39.8692601],[32.8520164,39.8693095],[32.8519815,39.8694392],[32.8519439,39.8694659],[32.8516811,39.8694186],[32.8516435,39.8693774]]]}},{"type":"Feature","properties":{"building":"yes","osm_id":439656392},"geometry":{"type":"Polygon","coordinates":[[[32.8514428,39.8666349],[32.8515552,39.8665197],[32.8517683,39.8666422],[32.8516559,39.8667574],[32.8514428,39.8666349]]]}},{"type":"Feature","properties":{"building":"yes","osm_id":439656393},"geometry":{"type":"Polygon","coordinates":[[[32.8519933,39.86655],[32.852116,39.8664089],[32.8523185,39.8665127],[32.8521958,39.8666538],[32.8519933,39.86655]]]}},{"type":"Feature","properties":{"building":"yes","osm_id":439656394},"geometry":{"type":"Polygon","coordinates":[[[32.8521785,39.8663367],[32.8522876,39.8662126],[32.8525254,39.8663357],[32.8524163,39.8664598],[32.8521785,39.8663367]]]}},{"type":"Feature","properties":{"building":"yes","osm_id":439656395},"geometry":{"type":"Polygon","coordinates":[[[32.8523608,39.8661361],[32.8524782,39.8660262],[32.8526319,39.8661228],[32.8525145,39.8662328],[32.8523608,39.8661361]]]}},{"type":"Feature","properties":{"building":"yes","osm_id":439656396},"geometry":{"type":"Polygon","coordinates":[[[32.8517923,39.8661161],[32.851914,39.866],[32.8520862,39.8661064],[32.8519645,39.8662225],[32.8517923,39.8661161]]]}},{"type":"Feature","properties":{"building":"yes","osm_id":439656397},"geometry":{"type":"Polygon","coordinates":[[[32.8516164,39.8663301],[32.8517495,39.8661724],[32.8519129,39.866262],[32.8518545,39.8663319],[32.8518872,39.8663606],[32.8518125,39.8664484],[32.8516164,39.8663301]]]}},{"type":"Feature","properties":{"building":"yes","osm_id":439656398},"geometry":{"type":"Polygon","coordinates":[[[32.8525574,39.8653974],[32.8527088,39.8652591],[32.8528748,39.8653662],[32.8527235,39.8655045],[32.8525574,39.8653974]]]}},{"type":"Feature","properties":{"building":"yes","osm_id":439656399},"geometry":{"type":"Polygon","coordinates":[[[32.8520901,39.8642948],[32.8522408,39.8641873],[32.8524212,39.8643362],[32.8522706,39.8644437],[32.8520901,39.8642948]]]}},{"type":"Feature","properties":{"building":"yes","osm_id":439656400},"geometry":{"type":"Polygon","coordinates":[[[32.8518662,39.8644738],[32.8519972,39.8643865],[32.8521314,39.8645052],[32.8520004,39.8645925],[32.8518662,39.8644738]]]}},{"type":"Feature","properties":{"building":"yes","osm_id":439656401},"geometry":{"type":"Polygon","coordinates":[[[32.8516616,39.8646202],[32.8517823,39.8645275],[32.8518949,39.8645769],[32.8519915,39.8646449],[32.8518091,39.864789],[32.8516938,39.864684],[32.8516616,39.8646202]]]}},{"type":"Feature","properties":{"building":"yes","osm_id":439656402},"geometry":{"type":"Polygon","coordinates":[[[32.8514094,39.8647828],[32.8515545,39.8646552],[32.8517477,39.8647847],[32.8516026,39.8649123],[32.8514094,39.8647828]]]}},{"type":"Feature","properties":{"building":"yes","building:levels":"3","name":"Yıldız Kule","osm_id":439656403},"geometry":{"type":"Polygon","coordinates":[[[32.8540139,39.8634693],[32.85403,39.8633623],[32.8536786,39.8628064],[32.8541131,39.8625964],[32.8543143,39.8629196],[32.8543787,39.863109],[32.8544269,39.863387],[32.8544243,39.8636114],[32.8540139,39.8634693]]]}},{"type":"Feature","properties":{"building":"yes","building:levels":"25","osm_id":439656404},"geometry":{"type":"Polygon","coordinates":[[[32.8537289,39.8628507],[32.8539209,39.8627624],[32.8539418,39.8627891],[32.854097,39.8627177],[32.8542255,39.8628824],[32.8540327,39.8629711],[32.8540032,39.8629505],[32.8539008,39.8629976],[32.8538416,39.8629218],[32.8537995,39.8629412],[32.8537289,39.8628507]]]}},{"type":"Feature","properties":{"building":"yes","osm_id":439656405},"geometry":{"type":"Polygon","coordinates":[[[32.8587088,39.8686123],[32.8586621,39.8685262],[32.8589076,39.8684478],[32.8589543,39.868534],[32.8587088,39.8686123]]]}},{"type":"Feature","properties":{"building":"yes","osm_id":439656406},"geometry":{"type":"Polygon","coordinates":[[[32.8587378,39.8686844],[32.8589771,39.8686121],[32.8590237,39.8687033],[32.8587845,39.8687755],[32.8587378,39.8686844]]]}},{"type":"Feature","properties":{"building":"yes","osm_id":439656407},"geometry":{"type":"Polygon","coordinates":[[[32.8591718,39.8694766],[32.859094,39.8693243],[32.8593059,39.8692378],[32.8594024,39.8694354],[32.8591718,39.8694766]]]}},{"type":"Feature","properties":{"building":"yes","osm_id":439656408},"geometry":{"type":"Polygon","coordinates":[[[32.8578511,39.8732897],[32.8578448,39.8731644],[32.8581026,39.8731568],[32.8581088,39.8732822],[32.8578511,39.8732897]]]}},{"type":"Feature","properties":{"building":"yes","osm_id":439656409},"geometry":{"type":"Polygon","coordinates":[[[32.8578536,39.8735086],[32.857846,39.8733708],[32.8581676,39.8733603],[32.8581753,39.8734981],[32.8578536,39.8735086]]]}},{"type":"Feature","properties":{"building":"yes","osm_id":439656410},"geometry":{"type":"Polygon","coordinates":[[[32.8585164,39.8733947],[32.8585156,39.8731642],[32.8586912,39.8731638],[32.8586921,39.8733943],[32.8585164,39.8733947]]]}},{"type":"Feature","properties":{"building":"yes","osm_id":439656411},"geometry":{"type":"Polygon","coordinates":[[[32.8582685,39.8735192],[32.8582588,39.873332],[32.8584533,39.873326],[32.858463,39.8735133],[32.8582685,39.8735192]]]}},{"type":"Feature","properties":{"building":"yes","osm_id":439656412},"geometry":{"type":"Polygon","coordinates":[[[32.8587692,39.8734127],[32.8587657,39.8731606],[32.8589359,39.8731592],[32.8589394,39.8734113],[32.8587692,39.8734127]]]}},{"type":"Feature","properties":{"building":"yes","osm_id":439673538},"geometry":{"type":"Polygon","coordinates":[[[32.8587825,39.8737861],[32.8587669,39.8736197],[32.8590727,39.8736029],[32.8590882,39.8737692],[32.8587825,39.8737861]]]}},{"type":"Feature","properties":{"building":"yes","osm_id":439673539},"geometry":{"type":"Polygon","coordinates":[[[32.8604724,39.8736035],[32.8607111,39.8735603],[32.8607701,39.8738567],[32.8605046,39.8738876],[32.8604697,39.8737249],[32.8604912,39.8737208],[32.8604724,39.8736035]]]}},{"type":"Feature","properties":{"building":"yes","osm_id":439673540},"geometry":{"type":"Polygon","coordinates":[[[32.8590401,39.8733936],[32.8590246,39.8731382],[32.8592404,39.8731306],[32.8592558,39.8733859],[32.8590401,39.8733936]]]}},{"type":"Feature","properties":{"building":"yes","osm_id":439689216},"geometry":{"type":"Polygon","coordinates":[[[32.8645789,39.8734928],[32.8647693,39.8734269],[32.8648525,39.8735607],[32.8646433,39.8736204],[32.8645789,39.8734928]]]}},{"type":"Feature","properties":{"building":"yes","osm_id":439689217},"geometry":{"type":"Polygon","coordinates":[[[32.8642946,39.8735463],[32.8644716,39.8734928],[32.8645494,39.8736389],[32.8643831,39.8736945],[32.8642946,39.8735463]]]}},{"type":"Feature","properties":{"building":"yes","osm_id":439701343},"geometry":{"type":"Polygon","coordinates":[[[32.8645983,39.8721725],[32.8647263,39.8720743],[32.8647792,39.8721195],[32.8648056,39.8721242],[32.8649011,39.8722037],[32.8647507,39.8723239],[32.8646613,39.8722443],[32.8646592,39.8722271],[32.8645983,39.8721725]]]}},{"type":"Feature","properties":{"building":"yes","osm_id":439701345},"geometry":{"type":"Polygon","coordinates":[[[32.8644259,39.8723316],[32.8645514,39.8722408],[32.8647034,39.8723645],[32.864578,39.8724553],[32.8644259,39.8723316]]]}},{"type":"Feature","properties":{"building":"yes","osm_id":439701346},"geometry":{"type":"Polygon","coordinates":[[[32.8632414,39.872925],[32.8634171,39.8728555],[32.8634929,39.8729683],[32.8633172,39.8730379],[32.8632414,39.872925]]]}},{"type":"Feature","properties":{"building":"yes","osm_id":439701347},"geometry":{"type":"Polygon","coordinates":[[[32.8636347,39.8736109],[32.8638888,39.8734939],[32.8639376,39.8735719],[32.8636652,39.873664],[32.8636347,39.8736109]]]}},{"type":"Feature","properties":{"building":"yes","osm_id":439701350},"geometry":{"type":"Polygon","coordinates":[[[32.8638909,39.873809],[32.8638218,39.873692],[32.8639945,39.8736359],[32.8640555,39.8737638],[32.8638909,39.873809]]]}},{"type":"Feature","properties":{"building":"yes","osm_id":439701351},"geometry":{"type":"Polygon","coordinates":[[[32.8638886,39.8730231],[32.8640824,39.872937],[32.8641413,39.8730151],[32.8639474,39.8731012],[32.8638886,39.8730231]]]}},{"type":"Feature","properties":{"building":"yes","osm_id":439701352},"geometry":{"type":"Polygon","coordinates":[[[32.8639834,39.8731712],[32.8641952,39.8730878],[32.864245,39.8731623],[32.8640332,39.8732458],[32.8639834,39.8731712]]]}},{"type":"Feature","properties":{"building":"yes","osm_id":439701354},"geometry":{"type":"Polygon","coordinates":[[[32.8641691,39.8733836],[32.8643473,39.8733211],[32.8644182,39.8734402],[32.86424,39.8735027],[32.8641691,39.8733836]]]}},{"type":"Feature","properties":{"building":"yes","osm_id":439701355},"geometry":{"type":"Polygon","coordinates":[[[32.8643006,39.8730436],[32.864468,39.8729725],[32.8645339,39.873064],[32.8643666,39.873135],[32.8643006,39.8730436]]]}},{"type":"Feature","properties":{"building":"yes","osm_id":439701356},"geometry":{"type":"Polygon","coordinates":[[[32.8642463,39.872996],[32.8641727,39.8728909],[32.8643734,39.8728081],[32.8644469,39.8729132],[32.8642463,39.872996]]]}},{"type":"Feature","properties":{"building":"yes","osm_id":439701358},"geometry":{"type":"Polygon","coordinates":[[[32.8653809,39.8732225],[32.8655516,39.8731632],[32.8656715,39.8733566],[32.8654845,39.873405],[32.8653809,39.8732225]]]}},{"type":"Feature","properties":{"building":"yes","osm_id":439701359},"geometry":{"type":"Polygon","coordinates":[[[32.8656024,39.873547],[32.8657996,39.873497],[32.8658647,39.873653],[32.8656817,39.8737076],[32.8656024,39.873547]]]}},{"type":"Feature","properties":{"building":"yes","osm_id":439701360},"geometry":{"type":"Polygon","coordinates":[[[32.865761,39.872898],[32.8659724,39.8728169],[32.8660151,39.8728761],[32.8660232,39.8730103],[32.8658403,39.8730415],[32.8657833,39.8729963],[32.865761,39.872898]]]}},{"type":"Feature","properties":{"building":"yes","osm_id":439701362},"geometry":{"type":"Polygon","coordinates":[[[32.8655028,39.8729916],[32.8656248,39.8729167],[32.865763,39.8730587],[32.8656411,39.8731351],[32.8655028,39.8729916]]]}},{"type":"Feature","properties":{"building":"yes","osm_id":439701363},"geometry":{"type":"Polygon","coordinates":[[[32.865263,39.8730602],[32.8654358,39.8730009],[32.8655211,39.8730992],[32.8653321,39.8731725],[32.865263,39.8730602]]]}},{"type":"Feature","properties":{"building":"yes","osm_id":439701364},"geometry":{"type":"Polygon","coordinates":[[[32.8652437,39.8717993],[32.865385,39.8716985],[32.8655451,39.8718308],[32.8654038,39.8719316],[32.8652437,39.8717993]]]}},{"type":"Feature","properties":{"building":"yes","osm_id":439701365},"geometry":{"type":"Polygon","coordinates":[[[32.8648756,39.8709592],[32.8650135,39.8708367],[32.865169,39.8709399],[32.865031,39.8710624],[32.8648756,39.8709592]]]}},{"type":"Feature","properties":{"building":"yes","osm_id":439701367},"geometry":{"type":"Polygon","coordinates":[[[32.8646073,39.8707542],[32.8647345,39.8706504],[32.8649426,39.8708007],[32.8648154,39.8709045],[32.8646073,39.8707542]]]}},{"type":"Feature","properties":{"building":"yes","osm_id":439701368},"geometry":{"type":"Polygon","coordinates":[[[32.8648834,39.8714572],[32.8650255,39.8713632],[32.8652219,39.8715379],[32.8650798,39.871632],[32.8648834,39.8714572]]]}},{"type":"Feature","properties":{"building":"yes","osm_id":439706835},"geometry":{"type":"Polygon","coordinates":[[[32.8655496,39.8721289],[32.8657488,39.8719885],[32.8659419,39.8721523],[32.8657894,39.8722396],[32.8657386,39.8721913],[32.8656858,39.8722381],[32.8655496,39.8721289]]]}},{"type":"Feature","properties":{"addr:city":"Çankaya/Ankara","building":"yes","osm_id":439706837},"geometry":{"type":"Polygon","coordinates":[[[32.8616185,39.873395],[32.8614927,39.8731678],[32.8616554,39.8731147],[32.8617812,39.8733419],[32.8616185,39.873395]]]}},{"type":"Feature","properties":{"building":"roof","osm_id":439706838},"geometry":{"type":"Polygon","coordinates":[[[32.8613448,39.8715259],[32.8614988,39.8714791],[32.861551,39.8715851],[32.861593,39.8715763],[32.8616322,39.8716504],[32.8615974,39.8716613],[32.8616141,39.8717023],[32.8614601,39.8717491],[32.8613448,39.8715259]]]}},{"type":"Feature","properties":{"building":"yes","osm_id":439706839},"geometry":{"type":"Polygon","coordinates":[[[32.8614658,39.871336],[32.8616,39.8712942],[32.8618099,39.8716909],[32.8616758,39.8717327],[32.8616322,39.8716504],[32.861593,39.8715763],[32.8614658,39.871336]]]}},{"type":"Feature","properties":{"country":"uz","name":"Özbekistan Büyükelçiliği","building:levels":"5","amenity":"embassy","building":"yes","addr:street":"549. Sokak","addr:city":"Çankaya/Ankara","phone":"(0312 441 38 71","osm_id":439706840},"geometry":{"type":"Polygon","coordinates":[[[32.8638244,39.8723844],[32.8637081,39.872232],[32.8638789,39.8721552],[32.8639953,39.8723076],[32.8638244,39.8723844]]]}},{"type":"Feature","properties":{"building":"yes","osm_id":439706841},"geometry":{"type":"Polygon","coordinates":[[[32.8634038,39.8723246],[32.8636239,39.8722494],[32.8636658,39.8723215],[32.8634457,39.8723968],[32.8634038,39.8723246]]]}},{"type":"Feature","properties":{"building":"yes","osm_id":439706842},"geometry":{"type":"Polygon","coordinates":[[[32.8634457,39.8723968],[32.8636658,39.8723215],[32.863711,39.8723964],[32.8634909,39.8724717],[32.8634457,39.8723968]]]}},{"type":"Feature","properties":{"amenity":"embassy","name":"Birleşmiş Milletler Mülteciler Yüksek Komserliği","country":"UN","building":"yes","addr:street":"549. Sokak","addr:city":"Çankaya/Ankara","phone":"0312 409 70 00","osm_id":439706843},"geometry":{"type":"Polygon","coordinates":[[[32.8634476,39.8718986],[32.8635589,39.8718171],[32.8637528,39.8719729],[32.8636415,39.8720545],[32.8634476,39.8718986]]]}},{"type":"Feature","properties":{"building":"school","osm_id":439706844},"geometry":{"type":"Polygon","coordinates":[[[32.8636632,39.8717885],[32.8638011,39.8716895],[32.8639816,39.8718375],[32.8638437,39.8719366],[32.8636632,39.8717885]]]}},{"type":"Feature","properties":{"building":"yes","osm_id":439706845},"geometry":{"type":"Polygon","coordinates":[[[32.8637968,39.8715625],[32.8639594,39.8714287],[32.8640418,39.8714938],[32.8640348,39.8715137],[32.8641479,39.8716222],[32.8640159,39.8717144],[32.8638981,39.8716258],[32.8638722,39.8716258],[32.8637968,39.8715625]]]}},{"type":"Feature","properties":{"building":"yes","osm_id":439706846},"geometry":{"type":"Polygon","coordinates":[[[32.8640771,39.8714359],[32.8641786,39.8713592],[32.8643861,39.8715209],[32.8642846,39.8715976],[32.8640771,39.8714359]]]}},{"type":"Feature","properties":{"building":"yes","osm_id":439706847},"geometry":{"type":"Polygon","coordinates":[[[32.8615699,39.8704261],[32.8618956,39.8703208],[32.8617507,39.8700568],[32.861425,39.870162],[32.8615699,39.8704261]]]}},{"type":"Feature","properties":{"building":"yes","building:levels":"11","osm_id":439706848},"geometry":{"type":"Polygon","coordinates":[[[32.8620251,39.8693801],[32.8624682,39.8690584],[32.8625688,39.86914],[32.8621256,39.8694617],[32.8620251,39.8693801]]]}},{"type":"Feature","properties":{"building":"yes","building:levels":"11","osm_id":439706849},"geometry":{"type":"Polygon","coordinates":[[[32.8622213,39.8697935],[32.8626645,39.8694718],[32.862765,39.8695534],[32.8623218,39.8698751],[32.8622213,39.8697935]]]}},{"type":"Feature","properties":{"building":"yes","osm_id":439706855},"geometry":{"type":"Polygon","coordinates":[[[32.8623687,39.8703384],[32.8624576,39.8702701],[32.8624834,39.8702773],[32.8625115,39.8702701],[32.86268,39.8704265],[32.8626683,39.8704498],[32.8625723,39.8705271],[32.8623687,39.8703384]]]}},{"type":"Feature","properties":{"building":"yes","osm_id":439706857},"geometry":{"type":"Polygon","coordinates":[[[32.8640631,39.869642],[32.8641947,39.869526],[32.8643339,39.8696189],[32.8642023,39.869735],[32.8640631,39.869642]]]}},{"type":"Feature","properties":{"building":"yes","osm_id":439706858},"geometry":{"type":"Polygon","coordinates":[[[32.8642484,39.8697883],[32.8643989,39.8696631],[32.8645141,39.8697447],[32.8643636,39.8698699],[32.8642484,39.8697883]]]}},{"type":"Feature","properties":{"building":"yes","osm_id":439706859},"geometry":{"type":"Polygon","coordinates":[[[32.8640369,39.8702761],[32.8641491,39.8701736],[32.8643354,39.8702937],[32.8642232,39.8703963],[32.8640369,39.8702761]]]}},{"type":"Feature","properties":{"building":"yes","osm_id":439706860},"geometry":{"type":"Polygon","coordinates":[[[32.8633087,39.8711223],[32.8634846,39.8710456],[32.8635649,39.8711542],[32.863389,39.8712308],[32.8633087,39.8711223]]]}},{"type":"Feature","properties":{"building":"yes","osm_id":439706861},"geometry":{"type":"Polygon","coordinates":[[[32.8632843,39.8714466],[32.8634606,39.8713782],[32.8635528,39.8715181],[32.8633765,39.8715866],[32.8632843,39.8714466]]]}},{"type":"Feature","properties":{"building":"yes","osm_id":439706862},"geometry":{"type":"Polygon","coordinates":[[[32.8629619,39.8702051],[32.8630944,39.8701077],[32.8632135,39.8702031],[32.863081,39.8703005],[32.8629619,39.8702051]]]}},{"type":"Feature","properties":{"building":"yes","osm_id":439706863},"geometry":{"type":"Polygon","coordinates":[[[32.8638114,39.8695136],[32.8639389,39.8694069],[32.864093,39.8695154],[32.8639655,39.8696221],[32.8638114,39.8695136]]]}},{"type":"Feature","properties":{"building":"yes","osm_id":439706864},"geometry":{"type":"Polygon","coordinates":[[[32.8643003,39.8700966],[32.8644023,39.8700002],[32.8645631,39.8701004],[32.864461,39.8701968],[32.8643003,39.8700966]]]}},{"type":"Feature","properties":{"building":"yes","osm_id":439706865},"geometry":{"type":"Polygon","coordinates":[[[32.8631933,39.8709341],[32.8633549,39.8708669],[32.8634486,39.8709994],[32.8632869,39.8710667],[32.8631933,39.8709341]]]}},{"type":"Feature","properties":{"building":"yes","osm_id":439706866},"geometry":{"type":"Polygon","coordinates":[[[32.8630199,39.8707948],[32.863199,39.8706958],[32.8632986,39.8708019],[32.8631195,39.8709009],[32.8630199,39.8707948]]]}},{"type":"Feature","properties":{"building":"yes","osm_id":439706867},"geometry":{"type":"Polygon","coordinates":[[[32.8630159,39.8716374],[32.8632298,39.8715564],[32.8633205,39.8716974],[32.8631066,39.8717784],[32.8630159,39.8716374]]]}},{"type":"Feature","properties":{"building":"yes","osm_id":439706868},"geometry":{"type":"Polygon","coordinates":[[[32.8629409,39.8714246],[32.8627848,39.8712123],[32.8629273,39.8711506],[32.8630834,39.8713629],[32.8629409,39.8714246]]]}},{"type":"Feature","properties":{"building":"yes","osm_id":439706869},"geometry":{"type":"Polygon","coordinates":[[[32.8631597,39.8703308],[32.8632818,39.8702456],[32.8633756,39.8703247],[32.8632535,39.8704099],[32.8631597,39.8703308]]]}},{"type":"Feature","properties":{"building":"yes","osm_id":439706870},"geometry":{"type":"Polygon","coordinates":[[[32.8628599,39.8704592],[32.8629597,39.8703841],[32.8630922,39.8704905],[32.8630922,39.8705343],[32.8630351,39.8705797],[32.8629516,39.8705077],[32.8629292,39.8705187],[32.8628599,39.8704592]]]}},{"type":"Feature","properties":{"building":"yes","osm_id":439706871},"geometry":{"type":"Polygon","coordinates":[[[32.8628701,39.8701041],[32.8630148,39.8700087],[32.8629271,39.8699227],[32.8628925,39.8699086],[32.8628456,39.8699211],[32.8627946,39.8699727],[32.8627865,39.8700025],[32.8628048,39.8700322],[32.8628701,39.8701041]]]}},{"type":"Feature","properties":{"building":"yes","osm_id":439706872},"geometry":{"type":"Polygon","coordinates":[[[32.863027,39.869893],[32.8630555,39.8698742],[32.8630514,39.8698554],[32.8631228,39.8698007],[32.863294,39.8699446],[32.8632308,39.8699993],[32.8632104,39.8699962],[32.8631676,39.8700275],[32.863027,39.869893]]]}},{"type":"Feature","properties":{"building":"yes","osm_id":439706873},"geometry":{"type":"Polygon","coordinates":[[[32.8632777,39.8700963],[32.8634591,39.8702668],[32.8635549,39.8702011],[32.8635243,39.8701651],[32.8633775,39.8700369],[32.8633449,39.8700337],[32.8632777,39.8700963]]]}},{"type":"Feature","properties":{"building":"yes","osm_id":439706874},"geometry":{"type":"Polygon","coordinates":[[[32.8627169,39.8705384],[32.8627896,39.8704921],[32.8629386,39.870631],[32.862818,39.870714],[32.8627186,39.8706146],[32.8627541,39.8705833],[32.8627169,39.8705384]]]}},{"type":"Feature","properties":{"building":"yes","osm_id":439706875},"geometry":{"type":"Polygon","coordinates":[[[32.8636732,39.8709619],[32.8638205,39.8708543],[32.8639535,39.8709605],[32.8638116,39.8710763],[32.8637619,39.871064],[32.8637069,39.8710259],[32.8636767,39.8709891],[32.8636732,39.8709619]]]}},{"type":"Feature","properties":{"building":"yes","osm_id":439706876},"geometry":{"type":"Polygon","coordinates":[[[32.8628987,39.8714997],[32.8631468,39.8714],[32.8631959,39.8714718],[32.8629478,39.8715716],[32.8628987,39.8714997]]]}},{"type":"Feature","properties":{"building":"yes","osm_id":439706877},"geometry":{"type":"Polygon","coordinates":[[[32.8627278,39.8710024],[32.8628949,39.8708851],[32.8629479,39.8709273],[32.8629214,39.8709492],[32.8629459,39.8709774],[32.8629622,39.8709633],[32.8630152,39.8710087],[32.8628501,39.871115],[32.8627278,39.8710024]]]}},{"type":"Feature","properties":{"addr:city":"Çankaya/Ankara","addr:street":"516. Sokak","amenity":"dentist","building":"yes","name":"Prof. Dr. Nusret Fişek Diş Polikinliği","osm_id":439706878},"geometry":{"type":"Polygon","coordinates":[[[32.8620074,39.8714911],[32.8621235,39.8714583],[32.8621317,39.8714739],[32.8621684,39.8714645],[32.8621643,39.8714411],[32.8622784,39.8714067],[32.8623294,39.871513],[32.8622642,39.8715443],[32.8622886,39.8715818],[32.8623722,39.8715521],[32.8624313,39.871671],[32.8623273,39.8717101],[32.862311,39.8716773],[32.8622682,39.8716945],[32.8622805,39.8717211],[32.8621378,39.8717649],[32.8620848,39.8716585],[32.86215,39.8716272],[32.8621358,39.8715912],[32.8620502,39.87161],[32.8619931,39.8715115],[32.8620074,39.8714911]]]}},{"type":"Feature","properties":{"building":"yes","osm_id":439706879},"geometry":{"type":"Polygon","coordinates":[[[32.8633476,39.8705955],[32.8634974,39.8704989],[32.8635928,39.870586],[32.8634429,39.8706826],[32.8633476,39.8705955]]]}},{"type":"Feature","properties":{"building":"yes","osm_id":439706880},"geometry":{"type":"Polygon","coordinates":[[[32.8626011,39.870828],[32.8625257,39.8706403],[32.862593,39.87062],[32.8626032,39.870645],[32.8626358,39.8706387],[32.862646,39.8706716],[32.8626745,39.8706653],[32.8626888,39.8707029],[32.8627071,39.8706997],[32.8627356,39.8707811],[32.8626011,39.870828]]]}},{"type":"Feature","properties":{"building":"yes","osm_id":439706881},"geometry":{"type":"Polygon","coordinates":[[[32.8634857,39.8707686],[32.8636222,39.8706825],[32.8637547,39.8707826],[32.8636426,39.870889],[32.8634857,39.8707686]]]}},{"type":"Feature","properties":{"building":"yes","osm_id":439978577},"geometry":{"type":"Polygon","coordinates":[[[32.8659298,39.8736347],[32.8658761,39.8734842],[32.8660138,39.8734573],[32.8660138,39.8736258],[32.8659298,39.8736347]]]}},{"type":"Feature","properties":{"building":"yes","osm_id":439978578},"geometry":{"type":"Polygon","coordinates":[[[32.8658083,39.8733337],[32.8657733,39.8732727],[32.865778,39.87321],[32.8660092,39.8731545],[32.8660185,39.8732906],[32.8658083,39.8733337]]]}},{"type":"Feature","properties":{"building":"yes","osm_id":439978579},"geometry":{"type":"Polygon","coordinates":[[[32.8660092,39.8731545],[32.8660115,39.8730577],[32.8658177,39.8731079],[32.8657546,39.8731383],[32.86575,39.8731975],[32.865778,39.87321],[32.8660092,39.8731545]]]}},{"type":"Feature","properties":{"building":"yes","osm_id":439978580},"geometry":{"type":"Polygon","coordinates":[[[32.8651038,39.8727434],[32.8653226,39.8726667],[32.8654071,39.8728087],[32.8651883,39.8728854],[32.8651038,39.8727434]]]}},{"type":"Feature","properties":{"building":"yes","osm_id":439978581},"geometry":{"type":"Polygon","coordinates":[[[32.8651206,39.8723404],[32.8652375,39.8722698],[32.8653696,39.8723987],[32.8652527,39.8724693],[32.8651206,39.8723404]]]}},{"type":"Feature","properties":{"website":"http://turkey.mfa.gov.ua/tr","country":"ua","amenity":"embassy","name":"Ukrayna Büyükelçiliği","building":"yes","addr:street":"512. Sokak","addr:postcode":"06550","addr:housenumber":"17","phone":"0312 440 52 89","addr:city":"Çankaya/Ankara","name:uk":"Посольство України в Турецькій Республіці","name:en":"Embassy of Ukraine in the Republic of Turkey","osm_id":439978582},"geometry":{"type":"Polygon","coordinates":[[[32.8650736,39.8726351],[32.8649267,39.8724979],[32.8649197,39.8724694],[32.864932,39.8724273],[32.8649657,39.8724205],[32.8650011,39.8724192],[32.8650453,39.8723907],[32.8650771,39.8724015],[32.8651656,39.8724898],[32.8651338,39.8725115],[32.8651886,39.8725659],[32.8651762,39.8725754],[32.8651762,39.8725971],[32.8651674,39.8726188],[32.8651409,39.8726338],[32.8651214,39.8726365],[32.8650736,39.8726351]]]}},{"type":"Feature","properties":{"building":"yes","osm_id":439978583},"geometry":{"type":"Polygon","coordinates":[[[32.8646736,39.8726113],[32.8647977,39.8725682],[32.8648919,39.8727281],[32.8647678,39.8727711],[32.8646736,39.8726113]]]}},{"type":"Feature","properties":{"building":"yes","osm_id":439978584},"geometry":{"type":"Polygon","coordinates":[[[32.8655443,39.8725251],[32.8655779,39.87254],[32.8655974,39.8725305],[32.8656045,39.8724939],[32.8656664,39.8724735],[32.8657903,39.8726813],[32.8655939,39.8727506],[32.8654948,39.8725455],[32.8655443,39.8725251]]]}},{"type":"Feature","properties":{"country":"hu","name":"Macaristan Büyükelçiliği","amenity":"embassy","building":"yes","addr:street":"Layoş Koşut Caddesi","addr:postcode":"06550","addr:housenumber":"2","phone":"0312 442 22 73","addr:city":"Çankaya/Ankara","osm_id":439978585},"geometry":{"type":"Polygon","coordinates":[[[32.8658504,39.8725324],[32.8659414,39.8722902],[32.8661499,39.8723363],[32.8660588,39.8725786],[32.8658504,39.8725324]]]}},{"type":"Feature","properties":{"building":"yes","osm_id":439987056},"geometry":{"type":"Polygon","coordinates":[[[32.8645339,39.873064],[32.8643666,39.873135],[32.8644362,39.8732308],[32.864624,39.873165],[32.8645569,39.8730559],[32.8645339,39.873064]]]}},{"type":"Feature","properties":{"building":"yes","osm_id":439987057},"geometry":{"type":"Polygon","coordinates":[[[32.8645167,39.87271],[32.8646159,39.8726586],[32.8647071,39.8728047],[32.8646401,39.8728336],[32.8646052,39.8728294],[32.8645167,39.87271]]]}},{"type":"Feature","properties":{"building":"yes","osm_id":439987059},"geometry":{"type":"Polygon","coordinates":[[[32.8667857,39.870619],[32.8668982,39.8705086],[32.8670649,39.8706086],[32.8669524,39.870719],[32.8667857,39.870619]]]}},{"type":"Feature","properties":{"building":"yes","osm_id":439987060},"geometry":{"type":"Polygon","coordinates":[[[32.8658792,39.8705624],[32.8659329,39.8704997],[32.8659633,39.870505],[32.8660053,39.8704782],[32.8661874,39.8705893],[32.8661501,39.8706287],[32.8661688,39.8706538],[32.866108,39.8707093],[32.8658792,39.8705624]]]}},{"type":"Feature","properties":{"building":"yes","osm_id":439987062},"geometry":{"type":"Polygon","coordinates":[[[32.8661618,39.8707721],[32.8661991,39.8708097],[32.8662038,39.8708294],[32.8662855,39.8708903],[32.8663159,39.8708868],[32.8663789,39.8709136],[32.8664536,39.8708671],[32.8664746,39.8708223],[32.866498,39.8707685],[32.866442,39.8707326],[32.8663859,39.8707721],[32.8663369,39.8707398],[32.8663882,39.870695],[32.8663252,39.8706502],[32.8662808,39.8706663],[32.8662341,39.8706663],[32.8662085,39.8706932],[32.8661594,39.8707344],[32.8661618,39.8707721]]]}},{"type":"Feature","properties":{"building":"yes","osm_id":439987063},"geometry":{"type":"Polygon","coordinates":[[[32.8651015,39.8698732],[32.8652112,39.869767],[32.8654437,39.8699084],[32.865334,39.8700146],[32.8651015,39.8698732]]]}},{"type":"Feature","properties":{"building":"yes","osm_id":439987064},"geometry":{"type":"Polygon","coordinates":[[[32.8653679,39.8703904],[32.8655476,39.8705122],[32.8656014,39.8704495],[32.8656481,39.8704835],[32.8656807,39.8704674],[32.8656877,39.8704298],[32.865613,39.8703975],[32.8655967,39.8703527],[32.8655523,39.8703312],[32.8655033,39.8703205],[32.8654146,39.8702667],[32.8653749,39.8702631],[32.8653585,39.8702792],[32.8653725,39.8703097],[32.8654146,39.870333],[32.8653679,39.8703904]]]}},{"type":"Feature","properties":{"building":"yes","osm_id":439987076},"geometry":{"type":"Polygon","coordinates":[[[32.8638051,39.8705531],[32.8639301,39.8704643],[32.8640476,39.8705617],[32.8639226,39.8706505],[32.8638051,39.8705531]]]}},{"type":"Feature","properties":{"building":"yes","osm_id":439987077},"geometry":{"type":"Polygon","coordinates":[[[32.8638963,39.8707548],[32.8640935,39.8706124],[32.8642109,39.8707081],[32.8640138,39.8708506],[32.8638963,39.8707548]]]}},{"type":"Feature","properties":{"building":"yes","osm_id":440035510},"geometry":{"type":"Polygon","coordinates":[[[32.8521193,39.867493],[32.8521984,39.8673782],[32.8524462,39.8674787],[32.8523671,39.8675935],[32.8521193,39.867493]]]}},{"type":"Feature","properties":{"building":"yes","osm_id":440035511},"geometry":{"type":"Polygon","coordinates":[[[32.8522371,39.8673119],[32.8523106,39.8672037],[32.8525517,39.8673001],[32.8524782,39.8674084],[32.8522371,39.8673119]]]}},{"type":"Feature","properties":{"building":"yes","osm_id":440035512},"geometry":{"type":"Polygon","coordinates":[[[32.8523586,39.8671285],[32.852446,39.8670177],[32.8526737,39.8671285],[32.8527449,39.8671847],[32.852694,39.867283],[32.8523586,39.8671285]]]}},{"type":"Feature","properties":{"building":"yes","osm_id":440035513},"geometry":{"type":"Polygon","coordinates":[[[32.8527373,39.8675032],[32.852842,39.8673477],[32.8530601,39.8674342],[32.8529554,39.8675897],[32.8527373,39.8675032]]]}},{"type":"Feature","properties":{"building":"yes","osm_id":440035514},"geometry":{"type":"Polygon","coordinates":[[[32.8526442,39.8677259],[32.8527362,39.8675936],[32.8529517,39.8676819],[32.8528596,39.8678142],[32.8526442,39.8677259]]]}},{"type":"Feature","properties":{"building":"yes","osm_id":440035515},"geometry":{"type":"Polygon","coordinates":[[[32.852493,39.8678975],[32.8525739,39.8677821],[32.8527843,39.867869],[32.8527034,39.8679844],[32.852493,39.8678975]]]}},{"type":"Feature","properties":{"building":"yes","osm_id":440035516},"geometry":{"type":"Polygon","coordinates":[[[32.8523728,39.8681142],[32.8524799,39.8679717],[32.8526732,39.8680572],[32.8525662,39.8681998],[32.8523728,39.8681142]]]}},{"type":"Feature","properties":{"building":"yes","osm_id":440035517},"geometry":{"type":"Polygon","coordinates":[[[32.8556318,39.8658631],[32.8556885,39.8659631],[32.8554054,39.8660576],[32.8553487,39.8659577],[32.8556318,39.8658631]]]}},{"type":"Feature","properties":{"building":"yes","osm_id":440035518},"geometry":{"type":"Polygon","coordinates":[[[32.8555191,39.8663267],[32.8554175,39.866113],[32.8555354,39.8660787],[32.8555557,39.8661114],[32.8556391,39.8660927],[32.8556899,39.8662019],[32.8556289,39.8662394],[32.8556248,39.8662706],[32.8556045,39.8663049],[32.8555191,39.8663267]]]}},{"type":"Feature","properties":{"building":"school","osm_id":440035519},"geometry":{"type":"Polygon","coordinates":[[[32.8557224,39.865829],[32.8558058,39.8656668],[32.8560131,39.865751],[32.8560009,39.8658259],[32.8559643,39.8658478],[32.8558444,39.865879],[32.8557224,39.865829]]]}},{"type":"Feature","properties":{"building":"yes","osm_id":440035520},"geometry":{"type":"Polygon","coordinates":[[[32.8558433,39.8659475],[32.8560336,39.8658844],[32.8561119,39.8660236],[32.8559216,39.8660866],[32.8558433,39.8659475]]]}},{"type":"Feature","properties":{"building":"yes","osm_id":440035521},"geometry":{"type":"Polygon","coordinates":[[[32.8560842,39.8665545],[32.8562814,39.8664796],[32.8563973,39.866528],[32.8564013,39.8665499],[32.8563709,39.8665811],[32.8563444,39.8665764],[32.8563241,39.8665857],[32.8562977,39.8666076],[32.856257,39.8666294],[32.8562164,39.8666419],[32.8561594,39.8666372],[32.8561412,39.8666637],[32.8560598,39.8666544],[32.8560842,39.8665545]]]}},{"type":"Feature","properties":{"building":"yes","osm_id":440035522},"geometry":{"type":"Polygon","coordinates":[[[32.8556065,39.8665842],[32.855822,39.8665046],[32.8558566,39.8665218],[32.8559013,39.8665264],[32.8559948,39.8667215],[32.8557,39.8668135],[32.8556065,39.8665842]]]}},{"type":"Feature","properties":{"building":"yes","osm_id":440035523},"geometry":{"type":"Polygon","coordinates":[[[32.856271,39.8680574],[32.8564302,39.8679283],[32.8565651,39.8680263],[32.8564059,39.8681554],[32.856271,39.8680574]]]}},{"type":"Feature","properties":{"building":"yes","osm_id":440035524},"geometry":{"type":"Polygon","coordinates":[[[32.8561944,39.8684649],[32.8563785,39.8683025],[32.8565167,39.8683948],[32.8563327,39.8685572],[32.8561944,39.8684649]]]}},{"type":"Feature","properties":{"building":"yes","osm_id":440035525},"geometry":{"type":"Polygon","coordinates":[[[32.8575277,39.8697386],[32.8577628,39.8697133],[32.8577862,39.8698416],[32.8575511,39.8698668],[32.8575277,39.8697386]]]}},{"type":"Feature","properties":{"building":"yes","osm_id":440035526},"geometry":{"type":"Polygon","coordinates":[[[32.8548044,39.869132],[32.85485,39.8689599],[32.8550603,39.8689928],[32.8550147,39.8691649],[32.8548044,39.869132]]]}},{"type":"Feature","properties":{"building":"yes","osm_id":440035527},"geometry":{"type":"Polygon","coordinates":[[[32.8539171,39.8656875],[32.8541911,39.8658438],[32.8540689,39.86597],[32.8537949,39.8658137],[32.8539171,39.8656875]]]}},{"type":"Feature","properties":{"building":"yes","osm_id":440035528},"geometry":{"type":"Polygon","coordinates":[[[32.8524628,39.8637469],[32.8526308,39.8636695],[32.8527471,39.8638184],[32.8525791,39.8638958],[32.8524628,39.8637469]]]}},{"type":"Feature","properties":{"building":"yes","osm_id":440035529},"geometry":{"type":"Polygon","coordinates":[[[32.8521843,39.8638434],[32.8523511,39.8637547],[32.8524993,39.8639188],[32.8523326,39.8640075],[32.8521843,39.8638434]]]}},{"type":"Feature","properties":{"building":"yes","osm_id":440035530},"geometry":{"type":"Polygon","coordinates":[[[32.8530863,39.8618305],[32.8530396,39.8616479],[32.8532387,39.8616179],[32.8532854,39.8618005],[32.8530863,39.8618305]]]}},{"type":"Feature","properties":{"building":"yes","osm_id":440035531},"geometry":{"type":"Polygon","coordinates":[[[32.8527873,39.8618536],[32.8527374,39.8616731],[32.8529448,39.8616394],[32.8529947,39.8618199],[32.8527873,39.8618536]]]}},{"type":"Feature","properties":{"building":"yes","osm_id":440035532},"geometry":{"type":"Polygon","coordinates":[[[32.8525335,39.8619307],[32.8524825,39.8617362],[32.8526622,39.8617084],[32.8527131,39.861903],[32.8525335,39.8619307]]]}},{"type":"Feature","properties":{"building":"yes","osm_id":440035533},"geometry":{"type":"Polygon","coordinates":[[[32.8534576,39.8618467],[32.8533369,39.8616244],[32.8535032,39.8615688],[32.8536239,39.861822],[32.8535434,39.8618364],[32.8535273,39.8618241],[32.8534576,39.8618467]]]}},{"type":"Feature","properties":{"building":"yes","osm_id":440035534},"geometry":{"type":"Polygon","coordinates":[[[32.8519688,39.8620143],[32.8519298,39.8617985],[32.8521031,39.8617801],[32.8521421,39.8619959],[32.8519688,39.8620143]]]}},{"type":"Feature","properties":{"building":"yes","osm_id":440035535},"geometry":{"type":"Polygon","coordinates":[[[32.8522455,39.8619514],[32.8522008,39.8617787],[32.8523943,39.8617492],[32.852439,39.8619219],[32.8522455,39.8619514]]]}},{"type":"Feature","properties":{"building":"yes","osm_id":441119851},"geometry":{"type":"Polygon","coordinates":[[[32.8578721,39.8694573],[32.8581095,39.8693828],[32.8582015,39.8695556],[32.8579641,39.8696301],[32.8578721,39.8694573]]]}},{"type":"Feature","properties":{"building":"yes","osm_id":441119852},"geometry":{"type":"Polygon","coordinates":[[[32.859184,39.8690099],[32.8592694,39.8691868],[32.8590654,39.8692448],[32.8589801,39.8690679],[32.859184,39.8690099]]]}},{"type":"Feature","properties":{"building":"house","osm_id":442881873},"geometry":{"type":"Polygon","coordinates":[[[32.8576,39.863322],[32.8577648,39.863411],[32.8578815,39.8632784],[32.8577028,39.8631678],[32.8576012,39.8632808],[32.8576,39.863322]]]}},{"type":"Feature","properties":{"building":"house","osm_id":442881874},"geometry":{"type":"Polygon","coordinates":[[[32.8581032,39.8633054],[32.8582246,39.8633843],[32.8583927,39.8632553],[32.8582666,39.8631441],[32.8581032,39.8633054]]]}},{"type":"Feature","properties":{"addr:city":"Çankaya/Ankara","building":"commercial","name":"Kartal İş Merkezi","osm_id":442949209},"geometry":{"type":"Polygon","coordinates":[[[32.8293041,39.8712385],[32.8293572,39.8711978],[32.8297111,39.8714015],[32.8296474,39.8714803],[32.8294315,39.8713499],[32.8293041,39.8712385]]]}},{"type":"Feature","properties":{"building":"apartments","building:levels":"10","osm_id":442949211},"geometry":{"type":"Polygon","coordinates":[[[32.8285263,39.8709196],[32.8285365,39.8709399],[32.8285385,39.8709602],[32.828567,39.8709649],[32.8285975,39.870968],[32.8286239,39.8709742],[32.8286462,39.8709898],[32.8286625,39.8710195],[32.8286747,39.8710397],[32.8286991,39.8710397],[32.8287276,39.8710366],[32.8288062,39.8709681],[32.8287882,39.8709423],[32.828767,39.8709185],[32.8287219,39.8709159],[32.828681,39.8708991],[32.8286606,39.8708625],[32.8286443,39.8708474],[32.8286016,39.8708507],[32.8285639,39.8708524],[32.8285065,39.870911],[32.8285263,39.8709196]]]}},{"type":"Feature","properties":{"building":"apartments","building:levels":"10","osm_id":442949212},"geometry":{"type":"Polygon","coordinates":[[[32.8281259,39.8706866],[32.8281361,39.8707069],[32.8281381,39.8707272],[32.8281666,39.8707319],[32.8281971,39.870735],[32.8282235,39.8707412],[32.8282459,39.8707568],[32.8282621,39.8707865],[32.8282743,39.8708067],[32.8282987,39.8708067],[32.8283272,39.8708036],[32.8284058,39.8707351],[32.8283878,39.8707093],[32.8283667,39.8706855],[32.8283215,39.8706829],[32.8282806,39.870666],[32.8282602,39.8706295],[32.8282439,39.8706144],[32.8282012,39.8706177],[32.8281636,39.8706194],[32.8281061,39.870678],[32.8281259,39.8706866]]]}},{"type":"Feature","properties":{"building":"apartments","building:levels":"10","osm_id":442949213},"geometry":{"type":"Polygon","coordinates":[[[32.8277113,39.8704666],[32.8277214,39.8704869],[32.8277235,39.8705072],[32.8277519,39.8705119],[32.8277824,39.870515],[32.8278088,39.8705212],[32.8278312,39.8705368],[32.8278474,39.8705665],[32.8278596,39.8705868],[32.827884,39.8705868],[32.8279125,39.8705836],[32.8279911,39.8705151],[32.8279732,39.8704893],[32.827952,39.8704655],[32.8279068,39.8704629],[32.827866,39.8704461],[32.8278455,39.8704096],[32.8278292,39.8703944],[32.8277865,39.8703978],[32.8277489,39.8703994],[32.8276914,39.870458],[32.8277113,39.8704666]]]}},{"type":"Feature","properties":{"building":"school","osm_id":442951130},"geometry":{"type":"Polygon","coordinates":[[[32.831355,39.871552],[32.8314476,39.8714394],[32.8316437,39.8715345],[32.8316596,39.8715152],[32.8318472,39.871606],[32.831716,39.8717655],[32.8315495,39.8716848],[32.8315721,39.8716572],[32.831355,39.871552]]]}},{"type":"Feature","properties":{"building":"school","osm_id":442951131},"geometry":{"type":"Polygon","coordinates":[[[32.8318904,39.871908],[32.8320254,39.8717931],[32.8323544,39.872021],[32.8322194,39.8721358],[32.8318904,39.871908]]]}},{"type":"Feature","properties":{"building":"school","osm_id":442951132},"geometry":{"type":"Polygon","coordinates":[[[32.8320486,39.8717146],[32.8322078,39.8715852],[32.8323298,39.8716736],[32.8321706,39.871803],[32.8320486,39.8717146]]]}},{"type":"Feature","properties":{"building":"school","osm_id":442951133},"geometry":{"type":"Polygon","coordinates":[[[32.8311399,39.8727472],[32.8312628,39.8726171],[32.8316293,39.872821],[32.8315064,39.8729511],[32.8311399,39.8727472]]]}},{"type":"Feature","properties":{"amenity":"fire_station","building":"yes","osm_id":442951134},"geometry":{"type":"Polygon","coordinates":[[[32.8316413,39.8730943],[32.8318301,39.8728283],[32.8320247,39.8729096],[32.8318359,39.8731756],[32.8316413,39.8730943]]]}},{"type":"Feature","properties":{"building":"yes","osm_id":442951139},"geometry":{"type":"Polygon","coordinates":[[[32.8390988,39.8693933],[32.8392473,39.869326],[32.8393965,39.8695202],[32.839248,39.8695874],[32.8390988,39.8693933]]]}},{"type":"Feature","properties":{"building":"yes","osm_id":442951140},"geometry":{"type":"Polygon","coordinates":[[[32.8396535,39.8691475],[32.8397943,39.8690837],[32.8399489,39.8692845],[32.8398082,39.8693484],[32.8396535,39.8691475]]]}},{"type":"Feature","properties":{"building":"yes","osm_id":442951141},"geometry":{"type":"Polygon","coordinates":[[[32.8398529,39.8690817],[32.8399973,39.8690173],[32.8401411,39.8692075],[32.8399967,39.8692719],[32.8398529,39.8690817]]]}},{"type":"Feature","properties":{"building":"yes","osm_id":442951142},"geometry":{"type":"Polygon","coordinates":[[[32.8400294,39.8689798],[32.8401708,39.8689194],[32.8403238,39.8691306],[32.8401824,39.869191],[32.8400294,39.8689798]]]}},{"type":"Feature","properties":{"building":"yes","osm_id":442951143},"geometry":{"type":"Polygon","coordinates":[[[32.8402271,39.8689028],[32.840381,39.8688341],[32.8405343,39.8690365],[32.8403804,39.8691052],[32.8402271,39.8689028]]]}},{"type":"Feature","properties":{"building":"yes","osm_id":442951149},"geometry":{"type":"Polygon","coordinates":[[[32.838717,39.8651953],[32.8389266,39.8651007],[32.8390159,39.8652402],[32.8388249,39.8653348],[32.838717,39.8651953]]]}},{"type":"Feature","properties":{"building":"yes","osm_id":443134656},"geometry":{"type":"Polygon","coordinates":[[[32.835749,39.8736641],[32.8359403,39.8735018],[32.8360667,39.8735896],[32.8358754,39.8737518],[32.835749,39.8736641]]]}},{"type":"Feature","properties":{"building":"yes","osm_id":443134657},"geometry":{"type":"Polygon","coordinates":[[[32.8362093,39.8718648],[32.8364129,39.8717671],[32.8365,39.871874],[32.8362963,39.8719717],[32.8362093,39.8718648]]]}},{"type":"Feature","properties":{"building":"yes","osm_id":443134658},"geometry":{"type":"Polygon","coordinates":[[[32.8363366,39.8720299],[32.8365416,39.8719294],[32.8367605,39.8721927],[32.8365555,39.8722932],[32.8363366,39.8720299]]]}},{"type":"Feature","properties":{"building":"yes","osm_id":443134659},"geometry":{"type":"Polygon","coordinates":[[[32.8365446,39.8723526],[32.836778,39.8722326],[32.8368723,39.8723406],[32.8366389,39.8724606],[32.8365446,39.8723526]]]}},{"type":"Feature","properties":{"building":"yes","osm_id":443155913},"geometry":{"type":"Polygon","coordinates":[[[32.8347693,39.8709119],[32.834865,39.870842],[32.8350541,39.8709549],[32.8349561,39.8710481],[32.8347693,39.8709119]]]}},{"type":"Feature","properties":{"building":"yes","osm_id":443155914},"geometry":{"type":"Polygon","coordinates":[[[32.8351123,39.8706748],[32.8352665,39.8705155],[32.8354314,39.8706094],[32.8352771,39.8707688],[32.8351123,39.8706748]]]}},{"type":"Feature","properties":{"building":"yes","osm_id":443155915},"geometry":{"type":"Polygon","coordinates":[[[32.8352943,39.8704391],[32.8353865,39.8703443],[32.8355571,39.870442],[32.835465,39.8705368],[32.8352943,39.8704391]]]}},{"type":"Feature","properties":{"building":"yes","osm_id":443155916},"geometry":{"type":"Polygon","coordinates":[[[32.835443,39.8703096],[32.8355448,39.8702043],[32.835697,39.8702909],[32.8355952,39.8703963],[32.835443,39.8703096]]]}},{"type":"Feature","properties":{"building":"yes","osm_id":443155917},"geometry":{"type":"Polygon","coordinates":[[[32.8355748,39.8701682],[32.8356846,39.8700463],[32.835834,39.8701431],[32.8357453,39.8702471],[32.8355748,39.8701682]]]}},{"type":"Feature","properties":{"building":"yes","osm_id":443155918},"geometry":{"type":"Polygon","coordinates":[[[32.8357313,39.8700159],[32.8358387,39.8698904],[32.8360021,39.8699764],[32.8358947,39.8700965],[32.8357313,39.8700159]]]}},{"type":"Feature","properties":{"building":"yes","osm_id":443155919},"geometry":{"type":"Polygon","coordinates":[[[32.8358007,39.8703101],[32.8359097,39.8701878],[32.8360898,39.8702823],[32.8359808,39.8704046],[32.8358007,39.8703101]]]}},{"type":"Feature","properties":{"building":"yes","osm_id":443155920},"geometry":{"type":"Polygon","coordinates":[[[32.8359435,39.8701401],[32.8360622,39.8700097],[32.8362329,39.8701012],[32.8361142,39.8702316],[32.8359435,39.8701401]]]}},{"type":"Feature","properties":{"building":"yes","osm_id":443155921},"geometry":{"type":"Polygon","coordinates":[[[32.8356822,39.8709979],[32.8358457,39.8708295],[32.8360138,39.870928],[32.8358457,39.8710965],[32.8356822,39.8709979]]]}},{"type":"Feature","properties":{"building":"yes","osm_id":443155922},"geometry":{"type":"Polygon","coordinates":[[[32.8359356,39.8707559],[32.8360129,39.8706543],[32.8361945,39.8707356],[32.8361173,39.8708372],[32.8359356,39.8707559]]]}},{"type":"Feature","properties":{"building":"yes","osm_id":443155923},"geometry":{"type":"Polygon","coordinates":[[[32.8360838,39.8705896],[32.8362457,39.87039],[32.8364058,39.8704664],[32.8362439,39.8706661],[32.8360838,39.8705896]]]}},{"type":"Feature","properties":{"building":"yes","osm_id":443155924},"geometry":{"type":"Polygon","coordinates":[[[32.8362887,39.8703529],[32.8363918,39.8701909],[32.8365368,39.8702453],[32.8364337,39.8704073],[32.8362887,39.8703529]]]}},{"type":"Feature","properties":{"building":"yes","osm_id":443155925},"geometry":{"type":"Polygon","coordinates":[[[32.8365026,39.8704495],[32.8365937,39.870268],[32.8367483,39.8703137],[32.8366572,39.8704952],[32.8365026,39.8704495]]]}},{"type":"Feature","properties":{"building":"yes","osm_id":443155926},"geometry":{"type":"Polygon","coordinates":[[[32.8359013,39.8711326],[32.8360493,39.870987],[32.8361888,39.8710705],[32.8360409,39.8712161],[32.8359013,39.8711326]]]}},{"type":"Feature","properties":{"building":"yes","osm_id":443155927},"geometry":{"type":"Polygon","coordinates":[[[32.8361189,39.8712219],[32.8362987,39.8710625],[32.8364668,39.8711574],[32.8363104,39.8713259],[32.8361189,39.8712219]]]}},{"type":"Feature","properties":{"building":"yes","osm_id":443155928},"geometry":{"type":"Polygon","coordinates":[[[32.8363851,39.8708564],[32.8365812,39.8709585],[32.8364972,39.8710732],[32.8362893,39.8709639],[32.8363851,39.8708564]]]}},{"type":"Feature","properties":{"building":"yes","osm_id":443155929},"geometry":{"type":"Polygon","coordinates":[[[32.8365294,39.8714427],[32.8367616,39.8713336],[32.8368674,39.8714662],[32.8366351,39.8715753],[32.8365294,39.8714427]]]}},{"type":"Feature","properties":{"building":"yes","osm_id":443155930},"geometry":{"type":"Polygon","coordinates":[[[32.8367142,39.8716057],[32.8369753,39.8714952],[32.8370547,39.8716058],[32.8367937,39.8717163],[32.8367142,39.8716057]]]}},{"type":"Feature","properties":{"building":"yes","osm_id":443172970},"geometry":{"type":"Polygon","coordinates":[[[32.836958,39.871888],[32.8371855,39.8717946],[32.8372623,39.8719049],[32.8370348,39.8719983],[32.836958,39.871888]]]}},{"type":"Feature","properties":{"building":"yes","osm_id":443172971},"geometry":{"type":"Polygon","coordinates":[[[32.8370466,39.8720593],[32.837245,39.8719518],[32.8373361,39.8720593],[32.8373361,39.8721113],[32.8372124,39.8721722],[32.8371657,39.8721758],[32.83714,39.8721669],[32.8370466,39.8720593]]]}},{"type":"Feature","properties":{"building":"yes","osm_id":443172972},"geometry":{"type":"Polygon","coordinates":[[[32.8372649,39.8715664],[32.8374871,39.8714801],[32.8375563,39.8715851],[32.8373341,39.8716714],[32.8372649,39.8715664]]]}},{"type":"Feature","properties":{"building":"yes","osm_id":443172973},"geometry":{"type":"Polygon","coordinates":[[[32.8373688,39.8717529],[32.8375836,39.8716113],[32.8377517,39.8718228],[32.8376,39.8719088],[32.8374902,39.8717959],[32.8374318,39.8718264],[32.8373688,39.8717529]]]}},{"type":"Feature","properties":{"building":"yes","osm_id":443172974},"geometry":{"type":"Polygon","coordinates":[[[32.8373314,39.8719568],[32.837475,39.8718891],[32.8375725,39.8720109],[32.8374289,39.8720786],[32.8373314,39.8719568]]]}},{"type":"Feature","properties":{"building":"yes","osm_id":443172975},"geometry":{"type":"Polygon","coordinates":[[[32.8371175,39.8711803],[32.837303,39.8711053],[32.8373898,39.8712318],[32.8372043,39.8713068],[32.8371175,39.8711803]]]}},{"type":"Feature","properties":{"building":"yes","osm_id":443172976},"geometry":{"type":"Polygon","coordinates":[[[32.8375411,39.8688541],[32.8375821,39.8686687],[32.8377828,39.8686948],[32.8377418,39.8688803],[32.8375411,39.8688541]]]}},{"type":"Feature","properties":{"building":"yes","osm_id":443172978},"geometry":{"type":"Polygon","coordinates":[[[32.8379007,39.8685203],[32.8378839,39.8683177],[32.8381068,39.8683069],[32.8381235,39.8685094],[32.8379007,39.8685203]]]}},{"type":"Feature","properties":{"building":"yes","osm_id":443172979},"geometry":{"type":"Polygon","coordinates":[[[32.8378285,39.8687894],[32.8378419,39.8686762],[32.8381048,39.8686989],[32.8380673,39.8689088],[32.837909,39.8688862],[32.8379197,39.8687956],[32.8378285,39.8687894]]]}},{"type":"Feature","properties":{"building":"yes","osm_id":443172980},"geometry":{"type":"Polygon","coordinates":[[[32.8379856,39.8673919],[32.8383097,39.8673156],[32.838355,39.867429],[32.8380309,39.8675053],[32.8379856,39.8673919]]]}},{"type":"Feature","properties":{"building":"yes","osm_id":443172981},"geometry":{"type":"Polygon","coordinates":[[[32.8378894,39.8672432],[32.8380699,39.8671943],[32.8381202,39.8673038],[32.8379397,39.8673527],[32.8378894,39.8672432]]]}},{"type":"Feature","properties":{"building":"yes","osm_id":443172982},"geometry":{"type":"Polygon","coordinates":[[[32.8381767,39.867302],[32.8381149,39.8671753],[32.8382795,39.867128],[32.8383412,39.8672547],[32.8381767,39.867302]]]}},{"type":"Feature","properties":{"building":"school","osm_id":443172983},"geometry":{"type":"Polygon","coordinates":[[[32.8388228,39.8664445],[32.8389989,39.8663549],[32.8393099,39.8667148],[32.8391338,39.8668044],[32.8388228,39.8664445]]]}},{"type":"Feature","properties":{"building":"school","osm_id":443172984},"geometry":{"type":"Polygon","coordinates":[[[32.8393069,39.8666178],[32.8395659,39.8665425],[32.8396314,39.8666751],[32.8393723,39.8667504],[32.8393069,39.8666178]]]}},{"type":"Feature","properties":{"building":"school","osm_id":443172985},"geometry":{"type":"Polygon","coordinates":[[[32.8398244,39.8660484],[32.8399833,39.8660018],[32.8401106,39.8662575],[32.8400637,39.8662713],[32.8401531,39.8664508],[32.8399817,39.8665011],[32.8398851,39.866307],[32.839971,39.8662818],[32.8399609,39.8662616],[32.8399345,39.8662694],[32.8398244,39.8660484]]]}},{"type":"Feature","properties":{"building":"yes","osm_id":443172986},"geometry":{"type":"Polygon","coordinates":[[[32.8383474,39.8671136],[32.8385245,39.8670548],[32.8385953,39.8671803],[32.8384182,39.8672391],[32.8383474,39.8671136]]]}},{"type":"Feature","properties":{"building":"yes","osm_id":443172987},"geometry":{"type":"Polygon","coordinates":[[[32.8384462,39.8673056],[32.8386371,39.8672541],[32.8386948,39.8673803],[32.8385039,39.8674317],[32.8384462,39.8673056]]]}},{"type":"Feature","properties":{"building":"yes","osm_id":443172988},"geometry":{"type":"Polygon","coordinates":[[[32.8385769,39.8670293],[32.8387807,39.8669346],[32.8388665,39.8671013],[32.8387968,39.8671302],[32.8387754,39.8671199],[32.8386868,39.8671507],[32.8386533,39.8671477],[32.8385769,39.8670293]]]}},{"type":"Feature","properties":{"building":"yes","osm_id":443172989},"geometry":{"type":"Polygon","coordinates":[[[32.8387056,39.8672249],[32.8388907,39.8671631],[32.8389014,39.8671857],[32.8389658,39.8671713],[32.8390409,39.8673422],[32.8387834,39.867406],[32.8387056,39.8672249]]]}},{"type":"Feature","properties":{"building":"school","osm_id":443172990},"geometry":{"type":"Polygon","coordinates":[[[32.8396057,39.8673616],[32.8397624,39.8672649],[32.8401563,39.8676405],[32.8399997,39.8677372],[32.8396057,39.8673616]]]}},{"type":"Feature","properties":{"building":"school","osm_id":443172991},"geometry":{"type":"Polygon","coordinates":[[[32.8398885,39.8668584],[32.840205,39.8666773],[32.8404008,39.8668667],[32.8405349,39.8667802],[32.8406502,39.8669161],[32.8404598,39.8670334],[32.8407548,39.8672866],[32.8405885,39.8673916],[32.8402264,39.8670705],[32.8402559,39.8670458],[32.8402264,39.867019],[32.8401326,39.8670849],[32.8398885,39.8668584]]]}},{"type":"Feature","properties":{"building":"school","osm_id":443172992},"geometry":{"type":"Polygon","coordinates":[[[32.8403895,39.8664947],[32.8408814,39.8661959],[32.8410266,39.866329],[32.8409805,39.8663561],[32.8413097,39.8666875],[32.8410903,39.8668207],[32.8407257,39.8664811],[32.8405028,39.8666088],[32.8403895,39.8664947]]]}},{"type":"Feature","properties":{"building":"school","osm_id":443172993},"geometry":{"type":"Polygon","coordinates":[[[32.8410938,39.8660573],[32.841469,39.865821],[32.8416494,39.8659948],[32.8417025,39.8659541],[32.8415327,39.8657694],[32.8416919,39.8656689],[32.8420918,39.8660736],[32.841922,39.866185],[32.8417415,39.8659976],[32.8416884,39.8660302],[32.8418653,39.8662067],[32.8414937,39.8664566],[32.8410938,39.8660573]]]}},{"type":"Feature","properties":{"building":"yes","osm_id":443172994},"geometry":{"type":"Polygon","coordinates":[[[32.8383493,39.8676195],[32.838581,39.8675804],[32.8386343,39.8677667],[32.8384025,39.8678058],[32.8383493,39.8676195]]]}},{"type":"Feature","properties":{"building":"yes","osm_id":443172995},"geometry":{"type":"Polygon","coordinates":[[[32.838149,39.8678642],[32.8380885,39.8676771],[32.8382919,39.8676384],[32.8383524,39.8678255],[32.838149,39.8678642]]]}},{"type":"Feature","properties":{"building":"yes","osm_id":443172996},"geometry":{"type":"Polygon","coordinates":[[[32.8382041,39.8679462],[32.8383878,39.8679148],[32.8384217,39.8680319],[32.838238,39.8680633],[32.8382041,39.8679462]]]}},{"type":"Feature","properties":{"building":"yes","osm_id":443172997},"geometry":{"type":"Polygon","coordinates":[[[32.8384908,39.8680401],[32.8384605,39.867879],[32.8386461,39.8678584],[32.8386765,39.8680195],[32.8384908,39.8680401]]]}},{"type":"Feature","properties":{"building":"yes","osm_id":443172998},"geometry":{"type":"Polygon","coordinates":[[[32.838289,39.8681361],[32.8384688,39.8681164],[32.8384711,39.8681451],[32.8384875,39.8681773],[32.8384922,39.8682114],[32.8384922,39.868249],[32.8384828,39.8682974],[32.8383147,39.8683153],[32.838289,39.8681361]]]}},{"type":"Feature","properties":{"building":"yes","osm_id":443172999},"geometry":{"type":"Polygon","coordinates":[[[32.8385276,39.8681999],[32.838515,39.8680854],[32.8387276,39.8680717],[32.8387401,39.8681862],[32.8385276,39.8681999]]]}},{"type":"Feature","properties":{"building":"yes","osm_id":443173000},"geometry":{"type":"Polygon","coordinates":[[[32.8385792,39.8683453],[32.8385768,39.8682263],[32.8388102,39.8682236],[32.8388126,39.8683427],[32.8385792,39.8683453]]]}},{"type":"Feature","properties":{"building":"yes","osm_id":443173001},"geometry":{"type":"Polygon","coordinates":[[[32.8390371,39.8685883],[32.8390338,39.8684537],[32.8394292,39.868448],[32.8394325,39.8685826],[32.8390371,39.8685883]]]}},{"type":"Feature","properties":{"building":"yes","osm_id":443173002},"geometry":{"type":"Polygon","coordinates":[[[32.8395377,39.8686246],[32.8395033,39.8684208],[32.8396722,39.868404],[32.8397067,39.8686078],[32.8395377,39.8686246]]]}},{"type":"Feature","properties":{"building":"yes","osm_id":443173003},"geometry":{"type":"Polygon","coordinates":[[[32.839025,39.868309],[32.8390008,39.8681242],[32.8392132,39.8681078],[32.8392374,39.8682926],[32.839025,39.868309]]]}},{"type":"Feature","properties":{"building":"yes","osm_id":443173004},"geometry":{"type":"Polygon","coordinates":[[[32.8389295,39.8680913],[32.8388947,39.8679688],[32.8391228,39.8679307],[32.8391575,39.8680531],[32.8389295,39.8680913]]]}},{"type":"Feature","properties":{"building":"yes","osm_id":443173005},"geometry":{"type":"Polygon","coordinates":[[[32.8393082,39.868035],[32.8392683,39.867912],[32.8395115,39.8678655],[32.8395514,39.8679885],[32.8393082,39.868035]]]}},{"type":"Feature","properties":{"building":"yes","osm_id":443173006},"geometry":{"type":"Polygon","coordinates":[[[32.8390936,39.8676328],[32.8392599,39.8675504],[32.8394423,39.8677727],[32.839276,39.867851],[32.8390936,39.8676328]]]}},{"type":"Feature","properties":{"building":"yes","osm_id":443173007},"geometry":{"type":"Polygon","coordinates":[[[32.8398015,39.8685656],[32.8397151,39.8683788],[32.8399289,39.8683205],[32.8400153,39.8685073],[32.8398015,39.8685656]]]}},{"type":"Feature","properties":{"building":"yes","osm_id":443173008},"geometry":{"type":"Polygon","coordinates":[[[32.8390326,39.8691855],[32.8390689,39.8689847],[32.8392618,39.8690052],[32.8392255,39.869206],[32.8390326,39.8691855]]]}},{"type":"Feature","properties":{"building":"yes","osm_id":443173009},"geometry":{"type":"Polygon","coordinates":[[[32.8390981,39.8689323],[32.8391204,39.8687748],[32.8393336,39.8687927],[32.8393112,39.8689501],[32.8390981,39.8689323]]]}},{"type":"Feature","properties":{"building":"yes","osm_id":443173010},"geometry":{"type":"Polygon","coordinates":[[[32.8393772,39.8690127],[32.8393909,39.868777],[32.8395331,39.8687819],[32.8395193,39.8690176],[32.8393772,39.8690127]]]}},{"type":"Feature","properties":{"building":"yes","osm_id":443173011},"geometry":{"type":"Polygon","coordinates":[[[32.8396153,39.868953],[32.8395781,39.868796],[32.8397866,39.8687669],[32.8398238,39.8689239],[32.8396153,39.868953]]]}},{"type":"Feature","properties":{"building":"yes","osm_id":443173012},"geometry":{"type":"Polygon","coordinates":[[[32.8398806,39.8688822],[32.8398158,39.8687574],[32.8399831,39.8687063],[32.8400478,39.868831],[32.8398806,39.8688822]]]}},{"type":"Feature","properties":{"building":"yes","osm_id":443173013},"geometry":{"type":"Polygon","coordinates":[[[32.8401075,39.8688165],[32.8400377,39.8687033],[32.8401879,39.8686641],[32.8402443,39.868763],[32.8401075,39.8688165]]]}},{"type":"Feature","properties":{"building":"yes","osm_id":443173962},"geometry":{"type":"Polygon","coordinates":[[[32.8354157,39.8677214],[32.8355814,39.8676329],[32.8357272,39.8677936],[32.8355616,39.8678821],[32.8354157,39.8677214]]]}},{"type":"Feature","properties":{"building":"yes","osm_id":443173963},"geometry":{"type":"Polygon","coordinates":[[[32.8352809,39.867591],[32.8354275,39.867496],[32.8355261,39.8675855],[32.8353796,39.8676806],[32.8352809,39.867591]]]}},{"type":"Feature","properties":{"building":"yes","osm_id":443173964},"geometry":{"type":"Polygon","coordinates":[[[32.8356293,39.868032],[32.8358974,39.8679323],[32.8360083,39.868108],[32.8357402,39.8682077],[32.8356293,39.868032]]]}},{"type":"Feature","properties":{"building":"yes","osm_id":443173965},"geometry":{"type":"Polygon","coordinates":[[[32.8364368,39.868156],[32.8365018,39.8680967],[32.8366624,39.8680639],[32.8367112,39.8682231],[32.8365283,39.868273],[32.8365201,39.8682558],[32.8364856,39.8682714],[32.8364368,39.868156]]]}},{"type":"Feature","properties":{"building":"yes","osm_id":443173966},"geometry":{"type":"Polygon","coordinates":[[[32.8367661,39.8680421],[32.8370466,39.8679438],[32.8371523,39.8681482],[32.836886,39.8682465],[32.8367661,39.8680421]]]}},{"type":"Feature","properties":{"building":"yes","osm_id":443173967},"geometry":{"type":"Polygon","coordinates":[[[32.8366848,39.8683791],[32.8366787,39.8683401],[32.8368494,39.8683058],[32.8369104,39.8684992],[32.836758,39.8685398],[32.8367519,39.8685101],[32.8366645,39.868532],[32.8366197,39.8683885],[32.8366848,39.8683791]]]}},{"type":"Feature","properties":{"building":"yes","osm_id":443173968},"geometry":{"type":"Polygon","coordinates":[[[32.8370102,39.8684484],[32.8369716,39.8683038],[32.8372049,39.8682672],[32.8372435,39.8684117],[32.8370102,39.8684484]]]}},{"type":"Feature","properties":{"building":"yes","osm_id":443173969},"geometry":{"type":"Polygon","coordinates":[[[32.8370283,39.8686662],[32.8370182,39.8685164],[32.8371991,39.8684711],[32.8372519,39.8684696],[32.837256,39.8686771],[32.8372133,39.868688],[32.8370283,39.8686662]]]}},{"type":"Feature","properties":{"building":"yes","osm_id":443173970},"geometry":{"type":"Polygon","coordinates":[[[32.8366912,39.8686397],[32.8368893,39.8685863],[32.8369507,39.8687205],[32.8367526,39.8687739],[32.8366912,39.8686397]]]}},{"type":"Feature","properties":{"building":"yes","osm_id":443173971},"geometry":{"type":"Polygon","coordinates":[[[32.836327,39.8686303],[32.8363616,39.868429],[32.8364165,39.868429],[32.8364998,39.8686568],[32.836327,39.8686303]]]}},{"type":"Feature","properties":{"building":"yes","osm_id":443173972},"geometry":{"type":"Polygon","coordinates":[[[32.8370182,39.8689173],[32.8370304,39.868741],[32.837256,39.8687504],[32.8372296,39.8689439],[32.8370182,39.8689173]]]}},{"type":"Feature","properties":{"building":"yes","osm_id":443173973},"geometry":{"type":"Polygon","coordinates":[[[32.8368169,39.8691529],[32.8368149,39.8689766],[32.8369795,39.8689766],[32.8369816,39.8691529],[32.8368169,39.8691529]]]}},{"type":"Feature","properties":{"building":"yes","osm_id":443173974},"geometry":{"type":"Polygon","coordinates":[[[32.8370324,39.8691701],[32.8370344,39.8689922],[32.8372255,39.8689876],[32.8372113,39.8691732],[32.8370324,39.8691701]]]}},{"type":"Feature","properties":{"building":"yes","osm_id":443177718},"geometry":{"type":"Polygon","coordinates":[[[32.8373647,39.8680411],[32.8372951,39.8678461],[32.8374332,39.8678171],[32.8375027,39.8680121],[32.8373647,39.8680411]]]}},{"type":"Feature","properties":{"building":"yes","osm_id":443177719},"geometry":{"type":"Polygon","coordinates":[[[32.8375485,39.8680144],[32.8374995,39.8678459],[32.8376793,39.8678047],[32.8377283,39.8679767],[32.8375485,39.8680144]]]}},{"type":"Feature","properties":{"building":"yes","osm_id":443177720},"geometry":{"type":"Polygon","coordinates":[[[32.8377633,39.8679373],[32.837712,39.8677796],[32.8378918,39.8677312],[32.8379455,39.8678961],[32.8377633,39.8679373]]]}},{"type":"Feature","properties":{"building":"yes","osm_id":443177721},"geometry":{"type":"Polygon","coordinates":[[[32.8374738,39.8682581],[32.8374364,39.8680879],[32.8376629,39.8680628],[32.8376863,39.8682061],[32.8374738,39.8682581]]]}},{"type":"Feature","properties":{"building":"yes","osm_id":443177722},"geometry":{"type":"Polygon","coordinates":[[[32.837775,39.8681363],[32.837754,39.8680341],[32.8380108,39.8679947],[32.8380295,39.8680879],[32.837775,39.8681363]]]}},{"type":"Feature","properties":{"building":"yes","osm_id":443177723},"geometry":{"type":"Polygon","coordinates":[[[32.8375345,39.8683316],[32.8377563,39.868328],[32.8377937,39.8684732],[32.8376909,39.8684929],[32.8376676,39.8684839],[32.8376372,39.8685054],[32.8375835,39.8684911],[32.8375438,39.8684642],[32.8375578,39.8684212],[32.8375415,39.8684105],[32.8375345,39.8683316]]]}},{"type":"Feature","properties":{"building":"yes","osm_id":443177724},"geometry":{"type":"Polygon","coordinates":[[[32.837817,39.8682599],[32.8378147,39.8681936],[32.8380645,39.8681524],[32.8380692,39.8682492],[32.837817,39.8682599]]]}},{"type":"Feature","properties":{"building":"yes","osm_id":443177725},"geometry":{"type":"Polygon","coordinates":[[[32.8366352,39.8668607],[32.836878,39.8667173],[32.8370018,39.8668732],[32.8367869,39.8670058],[32.8367472,39.8670005],[32.8366352,39.8668607]]]}},{"type":"Feature","properties":{"building":"yes","osm_id":443177726},"geometry":{"type":"Polygon","coordinates":[[[32.8369411,39.8666599],[32.8371675,39.8665309],[32.8372936,39.8666797],[32.8370671,39.8668177],[32.8369411,39.8666599]]]}},{"type":"Feature","properties":{"building":"yes","osm_id":443177727},"geometry":{"type":"Polygon","coordinates":[[[32.8368243,39.8664879],[32.8369784,39.8663893],[32.8370858,39.8664986],[32.836913,39.8665972],[32.8368243,39.8664879]]]}},{"type":"Feature","properties":{"building":"yes","osm_id":443177728},"geometry":{"type":"Polygon","coordinates":[[[32.8365114,39.8666779],[32.8366935,39.8665775],[32.8367683,39.8667065],[32.8365955,39.8668033],[32.8365114,39.8666779]]]}},{"type":"Feature","properties":{"building":"yes","osm_id":443177729},"geometry":{"type":"Polygon","coordinates":[[[32.8376904,39.8632483],[32.8377499,39.863088],[32.8380359,39.8631504],[32.8379765,39.8633108],[32.8376904,39.8632483]]]}},{"type":"Feature","properties":{"building":"yes","osm_id":443182638},"geometry":{"type":"Polygon","coordinates":[[[32.8377807,39.8624629],[32.8376975,39.8623208],[32.8380006,39.8622261],[32.8380596,39.862362],[32.8377807,39.8624629]]]}},{"type":"Feature","properties":{"building":"yes","osm_id":443182639},"geometry":{"type":"Polygon","coordinates":[[[32.8377334,39.8625622],[32.8377263,39.8625078],[32.8379564,39.862482],[32.8379564,39.8625051],[32.8380272,39.8625024],[32.838036,39.8626301],[32.8379546,39.8626369],[32.8379564,39.8626817],[32.8377529,39.8627075],[32.8377476,39.862645],[32.837767,39.8626409],[32.83776,39.8625635],[32.8377334,39.8625622]]]}},{"type":"Feature","properties":{"building":"yes","osm_id":443182640},"geometry":{"type":"Polygon","coordinates":[[[32.8378468,39.8628474],[32.8378448,39.8627265],[32.8381191,39.8627239],[32.8381211,39.8628448],[32.8378468,39.8628474]]]}},{"type":"Feature","properties":{"building":"yes","osm_id":443182641},"geometry":{"type":"Polygon","coordinates":[[[32.8378449,39.8630091],[32.8378803,39.8628814],[32.8381245,39.8629262],[32.8380767,39.8630579],[32.8378449,39.8630091]]]}},{"type":"Feature","properties":{"building":"yes","osm_id":443182642},"geometry":{"type":"Polygon","coordinates":[[[32.8381015,39.8631979],[32.8381652,39.862986],[32.83819,39.8629615],[32.8382112,39.8629534],[32.8384554,39.8629914],[32.8384554,39.8630172],[32.8381546,39.863206],[32.8381015,39.8631979]]]}},{"type":"Feature","properties":{"building":"yes","osm_id":443182643},"geometry":{"type":"Polygon","coordinates":[[[32.8382208,39.8628954],[32.8382529,39.8627745],[32.8385503,39.8628211],[32.8385182,39.8629419],[32.8382208,39.8628954]]]}},{"type":"Feature","properties":{"building":"yes","osm_id":443182644},"geometry":{"type":"Polygon","coordinates":[[[32.8383351,39.862736],[32.8383085,39.8626518],[32.8382891,39.8626518],[32.8382732,39.8625744],[32.8385457,39.8625323],[32.8385899,39.8626926],[32.8383351,39.862736]]]}},{"type":"Feature","properties":{"building":"yes","osm_id":443182645},"geometry":{"type":"Polygon","coordinates":[[[32.8382236,39.862501],[32.8382077,39.8623992],[32.838505,39.8623476],[32.8385297,39.8624943],[32.8383333,39.8625255],[32.8383209,39.8625119],[32.8382555,39.8625228],[32.8382236,39.862501]]]}},{"type":"Feature","properties":{"building":"yes","osm_id":443182646},"geometry":{"type":"Polygon","coordinates":[[[32.8381918,39.8623571],[32.8381605,39.8622233],[32.8384543,39.8621828],[32.8384856,39.8623166],[32.8381918,39.8623571]]]}},{"type":"Feature","properties":{"building":"yes","osm_id":443182647},"geometry":{"type":"Polygon","coordinates":[[[32.8381546,39.8621846],[32.8380803,39.8620691],[32.8383209,39.8619278],[32.8384147,39.862099],[32.8381546,39.8621846]]]}},{"type":"Feature","properties":{"building":"yes","osm_id":443182648},"geometry":{"type":"Polygon","coordinates":[[[32.8375665,39.8620235],[32.8377342,39.8618908],[32.8379772,39.8620718],[32.8378096,39.8622045],[32.8375665,39.8620235]]]}},{"type":"Feature","properties":{"building":"yes","osm_id":443182649},"geometry":{"type":"Polygon","coordinates":[[[32.8378179,39.861827],[32.8380343,39.8616771],[32.8382142,39.8618302],[32.8379977,39.8619801],[32.8378179,39.861827]]]}},{"type":"Feature","properties":{"building":"yes","osm_id":443182651},"geometry":{"type":"Polygon","coordinates":[[[32.8357641,39.8603699],[32.8358318,39.860221],[32.8361938,39.8603181],[32.8361261,39.8604669],[32.8357641,39.8603699]]]}},{"type":"Feature","properties":{"building":"yes","osm_id":443182652},"geometry":{"type":"Polygon","coordinates":[[[32.8361663,39.8604714],[32.8362343,39.8603287],[32.8364874,39.8603997],[32.8364194,39.8605424],[32.8361663,39.8604714]]]}},{"type":"Feature","properties":{"building":"yes","osm_id":443182653},"geometry":{"type":"Polygon","coordinates":[[[32.8358955,39.8605215],[32.8361781,39.8605793],[32.8361293,39.8607181],[32.8360541,39.8606994],[32.836052,39.8607166],[32.8359626,39.8606979],[32.8359606,39.8607166],[32.8359118,39.8607057],[32.8358874,39.8606947],[32.835865,39.8606713],[32.8358508,39.8606323],[32.8358955,39.8605215]]]}},{"type":"Feature","properties":{"building":"yes","osm_id":443182654},"geometry":{"type":"Polygon","coordinates":[[[32.8361781,39.8607806],[32.8362309,39.8606511],[32.8363021,39.8606245],[32.8364301,39.8606542],[32.8364606,39.8607103],[32.8364037,39.8608414],[32.8361781,39.8607806]]]}},{"type":"Feature","properties":{"building":"yes","osm_id":443182655},"geometry":{"type":"Polygon","coordinates":[[[32.8364678,39.8605812],[32.8365259,39.8604439],[32.8367654,39.8605037],[32.8367072,39.8606409],[32.8364678,39.8605812]]]}},{"type":"Feature","properties":{"building":"yes","osm_id":443182656},"geometry":{"type":"Polygon","coordinates":[[[32.8365216,39.8608555],[32.836548,39.860804],[32.8365094,39.8607868],[32.8365866,39.8606667],[32.8368062,39.8607712],[32.8366944,39.860935],[32.8365216,39.8608555]]]}},{"type":"Feature","properties":{"building":"yes","osm_id":443182657},"geometry":{"type":"Polygon","coordinates":[[[32.8367777,39.8606994],[32.8368082,39.8606433],[32.8367757,39.8606261],[32.8368245,39.8605075],[32.837046,39.860573],[32.8369993,39.8606901],[32.836979,39.8606823],[32.8369505,39.8607306],[32.8369159,39.860715],[32.8368977,39.8607338],[32.8367777,39.8606994]]]}},{"type":"Feature","properties":{"building":"yes","osm_id":443182658},"geometry":{"type":"Polygon","coordinates":[[[32.8368101,39.8610008],[32.8370294,39.8608717],[32.8371556,39.860998],[32.8369363,39.8611271],[32.8368101,39.8610008]]]}},{"type":"Feature","properties":{"building":"yes","osm_id":443182659},"geometry":{"type":"Polygon","coordinates":[[[32.8370101,39.8608271],[32.8371848,39.8606314],[32.8373954,39.8607422],[32.8372206,39.8609379],[32.8370101,39.8608271]]]}},{"type":"Feature","properties":{"building":"yes","osm_id":443182660},"geometry":{"type":"Polygon","coordinates":[[[32.8375989,39.8611457],[32.8378591,39.8609787],[32.8380035,39.8611348],[32.8377351,39.8613048],[32.8375989,39.8611457]]]}},{"type":"Feature","properties":{"building":"yes","osm_id":443182661},"geometry":{"type":"Polygon","coordinates":[[[32.8373652,39.861331],[32.8375045,39.8612437],[32.8376429,39.8613739],[32.8375036,39.8614612],[32.8373652,39.861331]]]}},{"type":"Feature","properties":{"building":"yes","osm_id":443182662},"geometry":{"type":"Polygon","coordinates":[[[32.8373127,39.8613462],[32.8374699,39.8614932],[32.8373224,39.861586],[32.8371653,39.861439],[32.8373127,39.8613462]]]}},{"type":"Feature","properties":{"building":"yes","osm_id":443182663},"geometry":{"type":"Polygon","coordinates":[[[32.8376478,39.8614654],[32.8377697,39.8613737],[32.8379446,39.8615108],[32.8378227,39.8616025],[32.8376478,39.8614654]]]}},{"type":"Feature","properties":{"building":"yes","osm_id":443182664},"geometry":{"type":"Polygon","coordinates":[[[32.8373286,39.861698],[32.8374465,39.8616138],[32.8376416,39.8617573],[32.8374932,39.8618712],[32.8373997,39.8617948],[32.8374119,39.8617776],[32.8373286,39.861698]]]}},{"type":"Feature","properties":{"building":"yes","amenity":"place_of_worship","religion":"muslim","osm_id":443182666},"geometry":{"type":"Polygon","coordinates":[[[32.8348324,39.8588963],[32.8347917,39.8587715],[32.8349653,39.8587382],[32.8350059,39.858863],[32.8348324,39.8588963]]]}},{"type":"Feature","properties":{"building":"yes","osm_id":443194733},"geometry":{"type":"Polygon","coordinates":[[[32.8344512,39.866318],[32.8346022,39.8662423],[32.8347193,39.8663511],[32.8345745,39.8664315],[32.8344512,39.866318]]]}},{"type":"Feature","properties":{"building":"yes","osm_id":443194734},"geometry":{"type":"Polygon","coordinates":[[[32.8346807,39.8662596],[32.8348244,39.8661762],[32.8349223,39.8662756],[32.8347787,39.866359],[32.8346807,39.8662596]]]}},{"type":"Feature","properties":{"building":"yes","osm_id":443194735},"geometry":{"type":"Polygon","coordinates":[[[32.8348494,39.8663841],[32.8349522,39.8663151],[32.8350596,39.8664486],[32.8349487,39.866506],[32.8348494,39.8663841]]]}},{"type":"Feature","properties":{"building":"yes","osm_id":443194736},"geometry":{"type":"Polygon","coordinates":[[[32.8346658,39.8664646],[32.8347717,39.8664045],[32.8348949,39.8665325],[32.834789,39.8665925],[32.8346658,39.8664646]]]}},{"type":"Feature","properties":{"building":"yes","osm_id":443194737},"geometry":{"type":"Polygon","coordinates":[[[32.8348501,39.8666306],[32.8350731,39.8664961],[32.83522,39.8666849],[32.8350147,39.8668003],[32.8348501,39.8666306]]]}},{"type":"Feature","properties":{"building":"yes","osm_id":443194738},"geometry":{"type":"Polygon","coordinates":[[[32.8351017,39.8668392],[32.8353028,39.866717],[32.8354187,39.8668294],[32.8352176,39.8669516],[32.8351017,39.8668392]]]}},{"type":"Feature","properties":{"building":"yes","osm_id":443194739},"geometry":{"type":"Polygon","coordinates":[[[32.8353194,39.866982],[32.8355027,39.866877],[32.8356419,39.8670202],[32.8354587,39.8671252],[32.8353194,39.866982]]]}},{"type":"Feature","properties":{"building":"yes","osm_id":443194740},"geometry":{"type":"Polygon","coordinates":[[[32.831512,39.8653384],[32.8314771,39.8650501],[32.8315656,39.8650378],[32.8315656,39.8650069],[32.8317561,39.8649946],[32.8317856,39.8653301],[32.831512,39.8653384]]]}},{"type":"Feature","properties":{"building":"yes","osm_id":443194741},"geometry":{"type":"Polygon","coordinates":[[[32.8312171,39.86484],[32.8311398,39.8646854],[32.8313126,39.8646345],[32.8313898,39.8647891],[32.8312171,39.86484]]]}},{"type":"Feature","properties":{"building":"yes","osm_id":443194742},"geometry":{"type":"Polygon","coordinates":[[[32.8315423,39.8645656],[32.8316083,39.8646991],[32.8314323,39.8647504],[32.8313663,39.8646168],[32.8315423,39.8645656]]]}},{"type":"Feature","properties":{"building":"yes","osm_id":443194743},"geometry":{"type":"Polygon","coordinates":[[[32.8313055,39.8650666],[32.8312277,39.8649019],[32.8314074,39.8648463],[32.8314637,39.865009],[32.8313055,39.8650666]]]}},{"type":"Feature","properties":{"building":"yes","osm_id":443194744},"geometry":{"type":"Polygon","coordinates":[[[32.831493,39.8648267],[32.8316728,39.8647807],[32.8317322,39.8649174],[32.8315524,39.8649634],[32.831493,39.8648267]]]}},{"type":"Feature","properties":{"building":"yes","osm_id":443194745},"geometry":{"type":"Polygon","coordinates":[[[32.830965,39.864296],[32.831122,39.8642492],[32.8312058,39.8644147],[32.8310487,39.8644616],[32.830965,39.864296]]]}},{"type":"Feature","properties":{"building":"yes","osm_id":443194746},"geometry":{"type":"Polygon","coordinates":[[[32.831173,39.8642388],[32.8313333,39.8641925],[32.8314138,39.8643567],[32.8312535,39.864403],[32.831173,39.8642388]]]}},{"type":"Feature","properties":{"building":"yes","osm_id":443194747},"geometry":{"type":"Polygon","coordinates":[[[32.8308722,39.8641179],[32.8311545,39.8640364],[32.8312133,39.8641563],[32.8309309,39.8642378],[32.8308722,39.8641179]]]}},{"type":"Feature","properties":{"building":"yes","osm_id":443194748},"geometry":{"type":"Polygon","coordinates":[[[32.8308392,39.8640633],[32.8307939,39.8639583],[32.8310781,39.863886],[32.8311234,39.863991],[32.8308392,39.8640633]]]}},{"type":"Feature","properties":{"building":"yes","osm_id":443194749},"geometry":{"type":"Polygon","coordinates":[[[32.8307636,39.8639158],[32.8307207,39.863819],[32.8310426,39.8637305],[32.8310802,39.8638252],[32.8307636,39.8639158]]]}},{"type":"Feature","properties":{"building":"yes","osm_id":443194750},"geometry":{"type":"Polygon","coordinates":[[[32.8317507,39.8640928],[32.831917,39.864029],[32.8320055,39.8641916],[32.8318312,39.8642472],[32.8317507,39.8640928]]]}},{"type":"Feature","properties":{"building":"yes","osm_id":443194751},"geometry":{"type":"Polygon","coordinates":[[[32.8316096,39.8643035],[32.8315284,39.8641442],[32.8316909,39.8640954],[32.8317721,39.8642547],[32.8316096,39.8643035]]]}},{"type":"Feature","properties":{"building":"yes","osm_id":443194752},"geometry":{"type":"Polygon","coordinates":[[[32.8318362,39.8646266],[32.8317701,39.8644853],[32.8319334,39.8644403],[32.8319995,39.8645816],[32.8318362,39.8646266]]]}},{"type":"Feature","properties":{"building":"yes","osm_id":443194753},"geometry":{"type":"Polygon","coordinates":[[[32.832053,39.864578],[32.8319723,39.8644231],[32.8321862,39.8643574],[32.8322669,39.8645123],[32.832053,39.864578]]]}},{"type":"Feature","properties":{"building":"yes","osm_id":443194754},"geometry":{"type":"Polygon","coordinates":[[[32.831925,39.8647969],[32.8318741,39.8646755],[32.8320484,39.8646178],[32.8320994,39.8647516],[32.831925,39.8647969]]]}},{"type":"Feature","properties":{"building":"yes","osm_id":443194755},"geometry":{"type":"Polygon","coordinates":[[[32.8321208,39.8646363],[32.8323542,39.8645416],[32.832432,39.8646816],[32.832255,39.8647413],[32.8322335,39.8647269],[32.8321986,39.8647372],[32.8321745,39.8647063],[32.832153,39.8647105],[32.8321208,39.8646363]]]}},{"type":"Feature","properties":{"building":"yes","osm_id":443194756},"geometry":{"type":"Polygon","coordinates":[[[32.8319483,39.8648315],[32.8321588,39.8647935],[32.8321992,39.8649253],[32.8319887,39.8649633],[32.8319483,39.8648315]]]}},{"type":"Feature","properties":{"building":"yes","osm_id":443194757},"geometry":{"type":"Polygon","coordinates":[[[32.8319899,39.8650207],[32.832232,39.8649539],[32.8322953,39.8650892],[32.8320532,39.865156],[32.8319899,39.8650207]]]}},{"type":"Feature","properties":{"building":"yes","osm_id":443194758},"geometry":{"type":"Polygon","coordinates":[[[32.8320209,39.8652219],[32.8322395,39.8651585],[32.8323018,39.8652851],[32.8320832,39.8653485],[32.8320209,39.8652219]]]}},{"type":"Feature","properties":{"building":"yes","osm_id":443194759},"geometry":{"type":"Polygon","coordinates":[[[32.8327909,39.8655446],[32.8327097,39.8653692],[32.8328473,39.8653317],[32.8329285,39.8655071],[32.8327909,39.8655446]]]}},{"type":"Feature","properties":{"building":"yes","osm_id":443194760},"geometry":{"type":"Polygon","coordinates":[[[32.8327786,39.8655975],[32.8329254,39.8655694],[32.8329772,39.8657283],[32.8328303,39.8657565],[32.8327786,39.8655975]]]}},{"type":"Feature","properties":{"building":"yes","osm_id":443194761},"geometry":{"type":"Polygon","coordinates":[[[32.8329025,39.8660019],[32.8328666,39.8658155],[32.8330046,39.8657999],[32.8330405,39.8659863],[32.8329025,39.8660019]]]}},{"type":"Feature","properties":{"building":"yes","osm_id":443194762},"geometry":{"type":"Polygon","coordinates":[[[32.8329345,39.8660941],[32.8330928,39.8660776],[32.8331357,39.866302],[32.8330713,39.8663061],[32.832964,39.8662567],[32.8329345,39.8660941]]]}},{"type":"Feature","properties":{"building":"yes","osm_id":443194763},"geometry":{"type":"Polygon","coordinates":[[[32.8318508,39.856192],[32.8319983,39.8561591],[32.83206,39.8563959],[32.8318829,39.8564412],[32.8318588,39.8563156],[32.8318776,39.856297],[32.8318508,39.856192]]]}},{"type":"Feature","properties":{"building":"yes","osm_id":443194764},"geometry":{"type":"Polygon","coordinates":[[[32.8321032,39.856347],[32.8320388,39.8561497],[32.8322364,39.8561117],[32.8323008,39.856309],[32.8321032,39.856347]]]}},{"type":"Feature","properties":{"building":"yes","osm_id":443194765},"geometry":{"type":"Polygon","coordinates":[[[32.8323244,39.8562683],[32.8322724,39.8560839],[32.832484,39.8560487],[32.8325361,39.8562331],[32.8323244,39.8562683]]]}},{"type":"Feature","properties":{"building":"yes","osm_id":443194766},"geometry":{"type":"Polygon","coordinates":[[[32.8325882,39.856195],[32.8325286,39.8560122],[32.8326659,39.8559858],[32.8327255,39.8561687],[32.8325882,39.856195]]]}},{"type":"Feature","properties":{"building":"yes","osm_id":443194767},"geometry":{"type":"Polygon","coordinates":[[[32.8327739,39.8561565],[32.8327282,39.8559837],[32.8328865,39.855959],[32.8329322,39.8561319],[32.8327739,39.8561565]]]}},{"type":"Feature","properties":{"building":"yes","osm_id":443194768},"geometry":{"type":"Polygon","coordinates":[[[32.8331753,39.856101],[32.8331135,39.8559159],[32.8332545,39.8558881],[32.8333163,39.8560733],[32.8331753,39.856101]]]}},{"type":"Feature","properties":{"building":"yes","osm_id":443194769},"geometry":{"type":"Polygon","coordinates":[[[32.8334817,39.8558226],[32.8334512,39.8556541],[32.8336181,39.8556364],[32.8336485,39.8558048],[32.8334817,39.8558226]]]}},{"type":"Feature","properties":{"building":"yes","osm_id":443194770},"geometry":{"type":"Polygon","coordinates":[[[32.8335631,39.8560211],[32.8335154,39.8558691],[32.8336849,39.8558378],[32.8337326,39.8559897],[32.8335631,39.8560211]]]}},{"type":"Feature","properties":{"building":"yes","osm_id":443194771},"geometry":{"type":"Polygon","coordinates":[[[32.8337857,39.8559732],[32.8337412,39.8558543],[32.8338667,39.8558267],[32.8339112,39.8559455],[32.8337857,39.8559732]]]}},{"type":"Feature","properties":{"building":"yes","osm_id":443194772},"geometry":{"type":"Polygon","coordinates":[[[32.833973,39.8559386],[32.8339319,39.8558271],[32.8340804,39.8557948],[32.8341215,39.8559063],[32.833973,39.8559386]]]}},{"type":"Feature","properties":{"building":"yes","osm_id":443194773},"geometry":{"type":"Polygon","coordinates":[[[32.8341724,39.8558853],[32.8341288,39.8557537],[32.8342804,39.8557241],[32.834324,39.8558556],[32.8341724,39.8558853]]]}},{"type":"Feature","properties":{"building":"yes","osm_id":443194774},"geometry":{"type":"Polygon","coordinates":[[[32.8309596,39.8563057],[32.8309496,39.8561887],[32.8312189,39.8561751],[32.8312289,39.8562921],[32.8309596,39.8563057]]]}},{"type":"Feature","properties":{"building":"yes","osm_id":443194776},"geometry":{"type":"Polygon","coordinates":[[[32.8309413,39.8561296],[32.8309402,39.856009],[32.831202,39.8560075],[32.8312031,39.8561282],[32.8309413,39.8561296]]]}},{"type":"Feature","properties":{"building":"yes","osm_id":443194777},"geometry":{"type":"Polygon","coordinates":[[[32.8310193,39.8565617],[32.8312781,39.856486],[32.8313274,39.8566374],[32.8310933,39.8567178],[32.8310193,39.8565617]]]}},{"type":"Feature","properties":{"building":"yes","osm_id":443194778},"geometry":{"type":"Polygon","coordinates":[[[32.8313767,39.856609],[32.8313706,39.8564695],[32.8316633,39.8564387],[32.8316694,39.8565404],[32.8315154,39.8565712],[32.8315185,39.8565995],[32.8313767,39.856609]]]}},{"type":"Feature","properties":{"building":"yes","osm_id":443194779},"geometry":{"type":"Polygon","coordinates":[[[32.8303816,39.8571979],[32.8305757,39.8571293],[32.8306465,39.8572547],[32.8306404,39.8572783],[32.8306743,39.8573848],[32.8305294,39.8574321],[32.8304894,39.8573327],[32.8304586,39.8573375],[32.8303816,39.8571979]]]}},{"type":"Feature","properties":{"building":"yes","osm_id":443194780},"geometry":{"type":"Polygon","coordinates":[[[32.8297369,39.8574556],[32.8299053,39.8573758],[32.83,39.8574936],[32.8298316,39.8575734],[32.8297369,39.8574556]]]}},{"type":"Feature","properties":{"building":"yes","osm_id":443194781},"geometry":{"type":"Polygon","coordinates":[[[32.8299964,39.8573304],[32.830172,39.8572689],[32.8302768,39.8574132],[32.8301012,39.8574888],[32.8299964,39.8573304]]]}},{"type":"Feature","properties":{"building":"yes","osm_id":443194782},"geometry":{"type":"Polygon","coordinates":[[[32.8300272,39.8576],[32.830286,39.8574628],[32.8303846,39.8576307],[32.8301505,39.8577514],[32.8300272,39.8576]]]}},{"type":"Feature","properties":{"building":"yes","osm_id":443194783},"geometry":{"type":"Polygon","coordinates":[[[32.8306895,39.8571013],[32.8310076,39.8570068],[32.8310769,39.8571443],[32.8307588,39.8572388],[32.8306895,39.8571013]]]}},{"type":"Feature","properties":{"building":"yes","osm_id":443194784},"geometry":{"type":"Polygon","coordinates":[[[32.8309339,39.8573901],[32.8308711,39.8572581],[32.8311797,39.8571716],[32.8312426,39.8573036],[32.8309339,39.8573901]]]}},{"type":"Feature","properties":{"building":"yes","osm_id":443194785},"geometry":{"type":"Polygon","coordinates":[[[32.8296822,39.8563228],[32.8295651,39.8561312],[32.8295866,39.8561005],[32.8296175,39.8560721],[32.829716,39.8560697],[32.82983,39.8562424],[32.829827,39.8562684],[32.8297838,39.8563134],[32.8297315,39.8563299],[32.8296822,39.8563228]]]}},{"type":"Feature","properties":{"building":"yes","osm_id":443194786},"geometry":{"type":"Polygon","coordinates":[[[32.8300312,39.8567798],[32.830162,39.8567476],[32.8301807,39.8566992],[32.8301737,39.8566633],[32.8301503,39.8566454],[32.8301363,39.8566042],[32.8300943,39.8566042],[32.8300569,39.8566024],[32.8300266,39.8566078],[32.8300102,39.8566329],[32.8299775,39.8566508],[32.8299658,39.8566795],[32.8299915,39.8567081],[32.8300312,39.8567798]]]}},{"type":"Feature","properties":{"building":"yes","osm_id":443194787},"geometry":{"type":"Polygon","coordinates":[[[32.8271937,39.8554709],[32.8273588,39.8553145],[32.8275188,39.855414],[32.8273537,39.8555704],[32.8271937,39.8554709]]]}},{"type":"Feature","properties":{"building":"yes","osm_id":443194788},"geometry":{"type":"Polygon","coordinates":[[[32.8256457,39.8555374],[32.8258067,39.8553792],[32.8259673,39.8554755],[32.8258063,39.8556337],[32.8256457,39.8555374]]]}},{"type":"Feature","properties":{"building":"yes","osm_id":443194789},"geometry":{"type":"Polygon","coordinates":[[[32.8260614,39.8557984],[32.8262228,39.8556404],[32.8263882,39.85574],[32.8262268,39.855898],[32.8260614,39.8557984]]]}},{"type":"Feature","properties":{"building":"yes","osm_id":443194790},"geometry":{"type":"Polygon","coordinates":[[[32.8269887,39.855703],[32.8270657,39.8556273],[32.8273461,39.8557905],[32.8272753,39.8558685],[32.8269887,39.855703]]]}},{"type":"Feature","properties":{"building":"yes","osm_id":443194792},"geometry":{"type":"Polygon","coordinates":[[[32.8268593,39.8557976],[32.8269333,39.8557195],[32.8272075,39.855878],[32.8271305,39.8559631],[32.8268593,39.8557976]]]}},{"type":"Feature","properties":{"building":"yes","osm_id":443194793},"geometry":{"type":"Polygon","coordinates":[[[32.8282643,39.8553955],[32.8284337,39.8552985],[32.8285447,39.8554664],[32.8284368,39.8555421],[32.8282643,39.8553955]]]}},{"type":"Feature","properties":{"building":"yes","osm_id":443194794},"geometry":{"type":"Polygon","coordinates":[[[32.8282396,39.8559064],[32.8283906,39.8558165],[32.8285138,39.8559702],[32.8283844,39.8560506],[32.8282396,39.8559064]]]}},{"type":"Feature","properties":{"building":"yes","osm_id":443194795},"geometry":{"type":"Polygon","coordinates":[[[32.8286186,39.8555019],[32.8285909,39.8553931],[32.828557,39.8553908],[32.8285354,39.85536],[32.8285077,39.8553316],[32.8285385,39.8552938],[32.8286094,39.8552725],[32.8289267,39.8551897],[32.828976,39.8554191],[32.8286186,39.8555019]]]}},{"type":"Feature","properties":{"building":"yes","osm_id":443194796},"geometry":{"type":"Polygon","coordinates":[[[32.8289141,39.8557006],[32.8288528,39.8555061],[32.8290262,39.8554739],[32.8290875,39.8556684],[32.8289141,39.8557006]]]}},{"type":"Feature","properties":{"building":"yes","osm_id":443546173},"geometry":{"type":"Polygon","coordinates":[[[32.8503433,39.8686107],[32.8505025,39.8684266],[32.8506538,39.8685037],[32.8505926,39.8685745],[32.8505508,39.8685532],[32.8505233,39.868585],[32.850559,39.8686031],[32.8504885,39.8686847],[32.8503433,39.8686107]]]}},{"type":"Feature","properties":{"building":"yes","osm_id":443546174},"geometry":{"type":"Polygon","coordinates":[[[32.850166,39.8688341],[32.8502655,39.8687043],[32.8504591,39.8687917],[32.8503596,39.8689215],[32.850166,39.8688341]]]}},{"type":"Feature","properties":{"building":"yes","osm_id":443546175},"geometry":{"type":"Polygon","coordinates":[[[32.8502035,39.8693563],[32.8503364,39.8691987],[32.8505081,39.869284],[32.8503752,39.8694416],[32.8502035,39.8693563]]]}},{"type":"Feature","properties":{"building":"yes","building:levels":"11","name":"Vadi Sitesi","osm_id":443546176},"geometry":{"type":"Polygon","coordinates":[[[32.849738,39.8696458],[32.8498961,39.8694582],[32.8502203,39.8696192],[32.8500622,39.8698067],[32.849738,39.8696458]]]}},{"type":"Feature","properties":{"building":"yes","osm_id":443546177},"geometry":{"type":"Polygon","coordinates":[[[32.8505352,39.8698733],[32.850596,39.8697498],[32.8508741,39.8698304],[32.8508133,39.8699539],[32.8505352,39.8698733]]]}},{"type":"Feature","properties":{"building":"yes","osm_id":443546178},"geometry":{"type":"Polygon","coordinates":[[[32.8504491,39.8701225],[32.8504888,39.8700401],[32.8504071,39.8700132],[32.8504328,39.8699576],[32.8504725,39.8699343],[32.8505589,39.8699451],[32.8508064,39.8700239],[32.8508367,39.8700616],[32.850818,39.8701099],[32.8507877,39.8701368],[32.8507246,39.8701153],[32.8506779,39.8701924],[32.8504491,39.8701225]]]}},{"type":"Feature","properties":{"building":"yes","osm_id":443546179},"geometry":{"type":"Polygon","coordinates":[[[32.8515582,39.8701494],[32.8515699,39.8699881],[32.8516283,39.86992],[32.8518174,39.8699325],[32.8518571,39.8699863],[32.8518524,39.8701458],[32.8517964,39.8702175],[32.8516189,39.8702103],[32.8515582,39.8701494]]]}},{"type":"Feature","properties":{"building":"yes","osm_id":443546180},"geometry":{"type":"Polygon","coordinates":[[[32.851236,39.8699755],[32.851264,39.8699558],[32.8514835,39.8699791],[32.8514742,39.8701996],[32.8512967,39.8701996],[32.8512313,39.8701673],[32.851236,39.8699755]]]}},{"type":"Feature","properties":{"building":"yes","osm_id":443546181},"geometry":{"type":"Polygon","coordinates":[[[32.8509488,39.8701834],[32.8509581,39.8700311],[32.8509932,39.8700347],[32.8509908,39.8699845],[32.8510142,39.8699791],[32.8510165,39.8699576],[32.8511589,39.8699594],[32.8511356,39.870196],[32.8509488,39.8701834]]]}},{"type":"Feature","properties":{"building":"yes","osm_id":443546182},"geometry":{"type":"Polygon","coordinates":[[[32.8506514,39.8696906],[32.8507214,39.8695594],[32.8509812,39.869641],[32.8509113,39.8697722],[32.8506514,39.8696906]]]}},{"type":"Feature","properties":{"building":"yes","osm_id":443546183},"geometry":{"type":"Polygon","coordinates":[[[32.8508048,39.8695189],[32.8508712,39.8693814],[32.8511262,39.869454],[32.8510597,39.8695915],[32.8508048,39.8695189]]]}},{"type":"Feature","properties":{"building":"yes","osm_id":443546184},"geometry":{"type":"Polygon","coordinates":[[[32.851153,39.8697181],[32.851245,39.8694985],[32.8514306,39.8695443],[32.8513386,39.8697639],[32.851153,39.8697181]]]}},{"type":"Feature","properties":{"building":"yes","osm_id":443546185},"geometry":{"type":"Polygon","coordinates":[[[32.8514585,39.8697293],[32.8515207,39.8695546],[32.8517074,39.8695938],[32.8516452,39.8697684],[32.8514585,39.8697293]]]}},{"type":"Feature","properties":{"building":"yes","osm_id":443546186},"geometry":{"type":"Polygon","coordinates":[[[32.8517264,39.8698304],[32.8517567,39.8696314],[32.8518034,39.8696135],[32.8518898,39.8696243],[32.8519248,39.8696619],[32.8519318,39.8697067],[32.8519038,39.869816],[32.8518758,39.8698555],[32.8518198,39.8698752],[32.8517567,39.8698573],[32.8517264,39.8698304]]]}},{"type":"Feature","properties":{"building":"yes","osm_id":443546187},"geometry":{"type":"Polygon","coordinates":[[[32.8513537,39.8706171],[32.8513584,39.8705454],[32.8514308,39.8705544],[32.8514214,39.870497],[32.8513887,39.8704916],[32.8513747,39.8704612],[32.8513747,39.8704128],[32.8514191,39.8703734],[32.8514331,39.8703931],[32.8514635,39.8703752],[32.8515125,39.8704038],[32.8515966,39.8704002],[32.8515942,39.8703572],[32.8516876,39.8703608],[32.851697,39.8704379],[32.8517367,39.8704612],[32.8517647,39.8704934],[32.8517577,39.8705329],[32.85169,39.8705759],[32.8516106,39.8706601],[32.8515592,39.8706816],[32.8515148,39.870678],[32.8514494,39.8706332],[32.8513537,39.8706171]]]}},{"type":"Feature","properties":{"building":"yes","osm_id":443546188},"geometry":{"type":"Polygon","coordinates":[[[32.8506538,39.8706429],[32.8506881,39.8705761],[32.8507529,39.8706024],[32.8507679,39.8705457],[32.8507392,39.8705326],[32.8507386,39.8705003],[32.8507587,39.8704545],[32.8508172,39.870428],[32.8508223,39.8704501],[32.8508585,39.8704405],[32.850893,39.8704797],[32.8509742,39.8704969],[32.8509898,39.8704556],[32.8510769,39.8704819],[32.8510537,39.8705572],[32.8510816,39.870589],[32.8510947,39.8706264],[32.8510717,39.8706621],[32.8509896,39.8706863],[32.8508793,39.8707466],[32.8508217,39.8707544],[32.8507812,39.8707401],[32.8507378,39.8706817],[32.8506538,39.8706429]]]}},{"type":"Feature","properties":{"building":"yes","osm_id":443546189},"geometry":{"type":"Polygon","coordinates":[[[32.8500551,39.8705324],[32.8501151,39.8704774],[32.8501658,39.8705181],[32.8502034,39.870468],[32.8501816,39.8704486],[32.8501944,39.8704178],[32.8502324,39.8703792],[32.8502988,39.8703683],[32.8502945,39.8703905],[32.8503328,39.8703903],[32.8503493,39.8704359],[32.8504192,39.8704719],[32.8504511,39.8704365],[32.8505228,39.8704826],[32.8504697,39.8705484],[32.850483,39.8705854],[32.85048,39.8706241],[32.8504434,39.8706523],[32.8503556,39.8706552],[32.8502261,39.8706856],[32.8501682,39.870679],[32.8501357,39.8706556],[32.8501187,39.8705896],[32.8500551,39.8705324]]]}},{"type":"Feature","properties":{"building":"yes","osm_id":443546190},"geometry":{"type":"Polygon","coordinates":[[[32.8501302,39.8710965],[32.8501348,39.8710248],[32.8502072,39.8710337],[32.8501979,39.8709764],[32.8501652,39.870971],[32.8501512,39.8709406],[32.8501512,39.8708922],[32.8501956,39.8708527],[32.8502096,39.8708725],[32.8502399,39.8708545],[32.850289,39.8708832],[32.850373,39.8708796],[32.8503707,39.8708366],[32.8504641,39.8708402],[32.8504734,39.8709173],[32.8505131,39.8709406],[32.8505411,39.8709728],[32.8505341,39.8710122],[32.8504664,39.8710553],[32.850387,39.8711395],[32.8503357,39.871161],[32.8502913,39.8711574],[32.8502259,39.8711126],[32.8501302,39.8710965]]]}},{"type":"Feature","properties":{"building":"yes","osm_id":443546191},"geometry":{"type":"Polygon","coordinates":[[[32.8533404,39.8712538],[32.8533688,39.8711832],[32.8534413,39.8711927],[32.8534714,39.8711737],[32.8535032,39.8711574],[32.8535369,39.8711506],[32.8535439,39.8711126],[32.8536501,39.8711302],[32.8536165,39.8712565],[32.8535846,39.8712891],[32.8535546,39.8713081],[32.8534785,39.8713],[32.8533404,39.8712538]]]}},{"type":"Feature","properties":{"building":"yes","osm_id":443546192},"geometry":{"type":"Polygon","coordinates":[[[32.8532233,39.8715797],[32.853293,39.8714426],[32.8535293,39.8715134],[32.8534596,39.8716505],[32.8532233,39.8715797]]]}},{"type":"Feature","properties":{"building":"yes","osm_id":443546193},"geometry":{"type":"Polygon","coordinates":[[[32.8528546,39.871852],[32.8529426,39.8716855],[32.8531576,39.8717524],[32.8530696,39.8719189],[32.8528546,39.871852]]]}},{"type":"Feature","properties":{"building":"yes","osm_id":443546194},"geometry":{"type":"Polygon","coordinates":[[[32.8528741,39.871481],[32.8529441,39.8713468],[32.8532093,39.8714283],[32.8531392,39.8715625],[32.8528741,39.871481]]]}},{"type":"Feature","properties":{"building":"yes","osm_id":443546198},"geometry":{"type":"Polygon","coordinates":[[[32.8544842,39.871671],[32.8544887,39.8715563],[32.8548425,39.8715645],[32.854838,39.8716792],[32.8544842,39.871671]]]}},{"type":"Feature","properties":{"building":"yes","osm_id":443546199},"geometry":{"type":"Polygon","coordinates":[[[32.8544406,39.8718332],[32.8544457,39.8717169],[32.8547459,39.8717246],[32.8547408,39.8718409],[32.8544406,39.8718332]]]}},{"type":"Feature","properties":{"building":"yes","osm_id":443546200},"geometry":{"type":"Polygon","coordinates":[[[32.8549561,39.8718599],[32.854987,39.871645],[32.8552474,39.871667],[32.8552166,39.8718819],[32.8549561,39.8718599]]]}},{"type":"Feature","properties":{"building":"yes","osm_id":443546201},"geometry":{"type":"Polygon","coordinates":[[[32.8544327,39.8719166],[32.8545214,39.8718664],[32.8545541,39.8718987],[32.854769,39.8719184],[32.854762,39.8721066],[32.8546756,39.8721048],[32.8546732,39.8721442],[32.8545401,39.872137],[32.8544958,39.8721657],[32.8544257,39.8720904],[32.8544771,39.8720725],[32.8544911,39.8719596],[32.8544327,39.8719166]]]}},{"type":"Feature","properties":{"building":"yes","osm_id":443546202},"geometry":{"type":"Polygon","coordinates":[[[32.8544284,39.8722142],[32.8547155,39.8722227],[32.8547102,39.8723285],[32.8544231,39.87232],[32.8544284,39.8722142]]]}},{"type":"Feature","properties":{"building":"yes","osm_id":443546203},"geometry":{"type":"Polygon","coordinates":[[[32.8544827,39.8725072],[32.8544831,39.8723979],[32.8547785,39.8723985],[32.8547781,39.8725078],[32.8544827,39.8725072]]]}},{"type":"Feature","properties":{"building":"yes","osm_id":443546204},"geometry":{"type":"Polygon","coordinates":[[[32.8548851,39.8725065],[32.854892,39.8723426],[32.8551079,39.872348],[32.855101,39.8725119],[32.8548851,39.8725065]]]}},{"type":"Feature","properties":{"building":"yes","osm_id":443546205},"geometry":{"type":"Polygon","coordinates":[[[32.8549637,39.8722883],[32.8549757,39.8721072],[32.8551974,39.8721159],[32.8551854,39.872297],[32.8549637,39.8722883]]]}},{"type":"Feature","properties":{"building":"yes","osm_id":443546206},"geometry":{"type":"Polygon","coordinates":[[[32.8549339,39.8720603],[32.854937,39.8719576],[32.8552089,39.8719624],[32.8552058,39.8720651],[32.8549339,39.8720603]]]}},{"type":"Feature","properties":{"building":"yes","osm_id":443546207},"geometry":{"type":"Polygon","coordinates":[[[32.8537398,39.8720451],[32.8537386,39.8718928],[32.8539207,39.871892],[32.853922,39.8720443],[32.8537398,39.8720451]]]}},{"type":"Feature","properties":{"building":"yes","osm_id":443546208},"geometry":{"type":"Polygon","coordinates":[[[32.8536909,39.8718321],[32.8537138,39.8716915],[32.853904,39.8717097],[32.8538811,39.8718503],[32.8536909,39.8718321]]]}},{"type":"Feature","properties":{"building":"yes","osm_id":443546209},"geometry":{"type":"Polygon","coordinates":[[[32.8537379,39.8716394],[32.8537496,39.8715248],[32.853966,39.8715378],[32.8539577,39.8716196],[32.8538678,39.8716142],[32.8538644,39.871647],[32.8537379,39.8716394]]]}},{"type":"Feature","properties":{"building":"yes","osm_id":443546210},"geometry":{"type":"Polygon","coordinates":[[[32.8541019,39.8717589],[32.8541324,39.8715368],[32.8542972,39.8715501],[32.8542667,39.8717722],[32.8541019,39.8717589]]]}},{"type":"Feature","properties":{"building":"yes","osm_id":443546211},"geometry":{"type":"Polygon","coordinates":[[[32.8539977,39.8720229],[32.8540124,39.8718764],[32.8542439,39.8718901],[32.8542292,39.8720366],[32.8539977,39.8720229]]]}},{"type":"Feature","properties":{"building":"yes","leisure":"sports_centre","osm_id":443546214},"geometry":{"type":"Polygon","coordinates":[[[32.8536703,39.8737932],[32.8536622,39.873328],[32.8543274,39.8733259],[32.8543247,39.8735874],[32.8546037,39.8735853],[32.8546037,39.8737788],[32.8544696,39.8737788],[32.8544669,39.8739949],[32.8543194,39.8739867],[32.8543113,39.8739517],[32.8537641,39.873857],[32.8537722,39.8738158],[32.8536703,39.8737932]]]}},{"type":"Feature","properties":{"building":"school","osm_id":443547681},"geometry":{"type":"Polygon","coordinates":[[[32.8550853,39.8704025],[32.8551851,39.87011],[32.8552205,39.8701195],[32.8552276,39.870095],[32.855155,39.8700787],[32.8552187,39.8698832],[32.8554116,39.8699266],[32.8553798,39.8700611],[32.8553355,39.870057],[32.8553267,39.8700842],[32.8553921,39.8700978],[32.8552559,39.8704617],[32.8551869,39.8704468],[32.8551975,39.8704224],[32.8550853,39.8704025]]]}},{"type":"Feature","properties":{"building":"yes","building:levels":"9","osm_id":443547682},"geometry":{"type":"Polygon","coordinates":[[[32.8548436,39.8695368],[32.8548737,39.8693657],[32.8555054,39.8694648],[32.8554612,39.8696373],[32.8548436,39.8695368]]]}},{"type":"Feature","properties":{"building":"yes","osm_id":443547684},"geometry":{"type":"Polygon","coordinates":[[[32.8533193,39.8696017],[32.8535759,39.8694034],[32.8537246,39.8695393],[32.8534697,39.8697267],[32.8533193,39.8696017]]]}},{"type":"Feature","properties":{"building":"yes","osm_id":443547685},"geometry":{"type":"Polygon","coordinates":[[[32.8536838,39.8681951],[32.8537642,39.8678946],[32.8539064,39.8679296],[32.8538232,39.868224],[32.8536838,39.8681951]]]}},{"type":"Feature","properties":{"building":"yes","osm_id":443560422},"geometry":{"type":"Polygon","coordinates":[[[32.8570805,39.8698009],[32.8570752,39.8696424],[32.8573219,39.8696279],[32.85733,39.8698091],[32.8571959,39.8698173],[32.8571851,39.8697988],[32.8570805,39.8698009]]]}},{"type":"Feature","properties":{"building":"yes","osm_id":443560423},"geometry":{"type":"Polygon","coordinates":[[[32.8574319,39.8693027],[32.8576304,39.8692553],[32.8576626,39.8693809],[32.8574641,39.86942],[32.8574319,39.8693027]]]}},{"type":"Feature","properties":{"building":"yes","osm_id":443560424},"geometry":{"type":"Polygon","coordinates":[[[32.8574694,39.8694921],[32.8576921,39.8694591],[32.8577296,39.8696485],[32.8574989,39.869665],[32.8574694,39.8694921]]]}},{"type":"Feature","properties":{"building":"yes","osm_id":443560425},"geometry":{"type":"Polygon","coordinates":[[[32.857853,39.8693789],[32.8577859,39.8692533],[32.8578208,39.8692389],[32.8578101,39.86921],[32.8579898,39.8691545],[32.8580649,39.8693192],[32.857912,39.869385],[32.8578986,39.8693665],[32.857853,39.8693789]]]}},{"type":"Feature","properties":{"building":"yes","osm_id":443560426},"geometry":{"type":"Polygon","coordinates":[[[32.8580515,39.869842],[32.8579817,39.8696794],[32.8582285,39.8696094],[32.8583036,39.8697638],[32.8580515,39.869842]]]}},{"type":"Feature","properties":{"building":"yes","osm_id":443560427},"geometry":{"type":"Polygon","coordinates":[[[32.8576196,39.8700788],[32.8575982,39.8699388],[32.8579013,39.8699161],[32.8579174,39.8700602],[32.8576196,39.8700788]]]}},{"type":"Feature","properties":{"building":"yes","osm_id":443560428},"geometry":{"type":"Polygon","coordinates":[[[32.8567293,39.8717765],[32.8567385,39.8716323],[32.8569881,39.8716489],[32.856985,39.8717884],[32.8567293,39.8717765]]]}},{"type":"Feature","properties":{"building":"yes","osm_id":443560429},"geometry":{"type":"Polygon","coordinates":[[[32.8565752,39.8724765],[32.8565721,39.8722802],[32.8566954,39.8722873],[32.8566923,39.8724788],[32.8565752,39.8724765]]]}},{"type":"Feature","properties":{"building":"yes","osm_id":443560430},"geometry":{"type":"Polygon","coordinates":[[[32.8563041,39.8724717],[32.8563041,39.8722873],[32.8564797,39.8722897],[32.856489,39.8724765],[32.8563041,39.8724717]]]}},{"type":"Feature","properties":{"building":"yes","osm_id":443560431},"geometry":{"type":"Polygon","coordinates":[[[32.8571976,39.872214],[32.8571976,39.872091],[32.8574718,39.8720839],[32.8574718,39.8722069],[32.8571976,39.872214]]]}},{"type":"Feature","properties":{"building":"yes","osm_id":443560432},"geometry":{"type":"Polygon","coordinates":[[[32.8572038,39.8724363],[32.8572099,39.8723062],[32.8574841,39.8723133],[32.857481,39.8724386],[32.8572038,39.8724363]]]}},{"type":"Feature","properties":{"building":"yes","osm_id":443560433},"geometry":{"type":"Polygon","coordinates":[[[32.8580418,39.8722849],[32.8582544,39.8722778],[32.8582544,39.8724315],[32.8580449,39.8724363],[32.8580418,39.8722849]]]}},{"type":"Feature","properties":{"building":"yes","osm_id":443560434},"geometry":{"type":"Polygon","coordinates":[[[32.8553459,39.8734365],[32.855352,39.8732261],[32.8555739,39.8732284],[32.8555585,39.8734531],[32.8553459,39.8734365]]]}},{"type":"Feature","properties":{"building":"yes","osm_id":443560660},"geometry":{"type":"Polygon","coordinates":[[[32.855395,39.8731347],[32.8554073,39.8729573],[32.8556754,39.8729833],[32.85566,39.873163],[32.855395,39.8731347]]]}},{"type":"Feature","properties":{"building":"yes","osm_id":443585384},"geometry":{"type":"Polygon","coordinates":[[[32.8578147,39.873012],[32.8578097,39.8728714],[32.8580969,39.8728654],[32.8581019,39.873006],[32.8578147,39.873012]]]}},{"type":"Feature","properties":{"building":"yes","osm_id":443585385},"geometry":{"type":"Polygon","coordinates":[[[32.8578396,39.8727992],[32.8578372,39.8726684],[32.8578699,39.8726245],[32.858038,39.8726151],[32.8580941,39.8726451],[32.8581011,39.8727867],[32.8578396,39.8727992]]]}},{"type":"Feature","properties":{"building":"yes","osm_id":443585386},"geometry":{"type":"Polygon","coordinates":[[[32.8571731,39.8717489],[32.8571727,39.8716719],[32.8574797,39.8716711],[32.8574801,39.8717489],[32.857459,39.871749],[32.8574593,39.8718103],[32.8573636,39.8718105],[32.8573635,39.8717875],[32.8572953,39.8717877],[32.8572954,39.8718136],[32.8572055,39.8718138],[32.8572052,39.8717489],[32.8571731,39.8717489]]]}},{"type":"Feature","properties":{"building":"yes","osm_id":443585387},"geometry":{"type":"Polygon","coordinates":[[[32.8533158,39.87022],[32.8534842,39.8700916],[32.8536527,39.8702218],[32.8534842,39.8703502],[32.8533158,39.87022]]]}},{"type":"Feature","properties":{"building":"yes","osm_id":443585388},"geometry":{"type":"Polygon","coordinates":[[[32.8536394,39.8699058],[32.8537765,39.8697638],[32.8538795,39.8698224],[32.8537424,39.8699644],[32.8536394,39.8699058]]]}},{"type":"Feature","properties":{"building":"yes","osm_id":443585389},"geometry":{"type":"Polygon","coordinates":[[[32.8537773,39.870027],[32.8539359,39.8698867],[32.8540374,39.8699544],[32.8538788,39.8700946],[32.8537773,39.870027]]]}},{"type":"Feature","properties":{"building":"yes","osm_id":443585390},"geometry":{"type":"Polygon","coordinates":[[[32.8539372,39.8701284],[32.8540983,39.8699528],[32.8541964,39.8700137],[32.8541357,39.8700961],[32.8540353,39.8701857],[32.8539372,39.8701284]]]}},{"type":"Feature","properties":{"building":"yes","osm_id":443585391},"geometry":{"type":"Polygon","coordinates":[[[32.8538268,39.8696864],[32.8539542,39.8695508],[32.8541126,39.8696385],[32.8539852,39.8697741],[32.8538268,39.8696864]]]}},{"type":"Feature","properties":{"building":"yes","osm_id":443585392},"geometry":{"type":"Polygon","coordinates":[[[32.85406,39.8698401],[32.8541474,39.8697142],[32.8542948,39.8697746],[32.8542075,39.8699004],[32.85406,39.8698401]]]}},{"type":"Feature","properties":{"building":"yes","osm_id":443585393},"geometry":{"type":"Polygon","coordinates":[[[32.854146,39.8693536],[32.8542755,39.8694115],[32.8541723,39.8695476],[32.8540428,39.8694898],[32.854146,39.8693536]]]}},{"type":"Feature","properties":{"building":"yes","osm_id":443585394},"geometry":{"type":"Polygon","coordinates":[[[32.8542032,39.869674],[32.854296,39.8694878],[32.8544316,39.8695277],[32.8543388,39.8697139],[32.8542032,39.869674]]]}},{"type":"Feature","properties":{"building":"yes","osm_id":443585395},"geometry":{"type":"Polygon","coordinates":[[[32.8542544,39.8693059],[32.8543327,39.8691726],[32.8545159,39.869236],[32.8544376,39.8693693],[32.8542544,39.8693059]]]}},{"type":"Feature","properties":{"building":"yes","osm_id":443585396},"geometry":{"type":"Polygon","coordinates":[[[32.8551094,39.8691853],[32.8551573,39.8690112],[32.8553246,39.8690382],[32.8552768,39.8692124],[32.8551094,39.8691853]]]}},{"type":"Feature","properties":{"building":"yes","osm_id":443585397},"geometry":{"type":"Polygon","coordinates":[[[32.8554645,39.8678317],[32.8557285,39.8677829],[32.8557816,39.8679519],[32.8555176,39.8680007],[32.8554645,39.8678317]]]}},{"type":"Feature","properties":{"building":"yes","osm_id":443585398},"geometry":{"type":"Polygon","coordinates":[[[32.8554581,39.8680911],[32.8554742,39.8681282],[32.8554983,39.8682002],[32.8555037,39.8682414],[32.8555413,39.8682579],[32.8556083,39.868229],[32.8556083,39.868194],[32.8556968,39.8681858],[32.8557263,39.8681529],[32.8556968,39.8680499],[32.85567,39.8680335],[32.8555627,39.8680602],[32.8555198,39.868052],[32.8554769,39.8680643],[32.8554581,39.8680911]]]}},{"type":"Feature","properties":{"building":"yes","osm_id":443585399},"geometry":{"type":"Polygon","coordinates":[[[32.8556872,39.8682869],[32.8558392,39.8681519],[32.8559798,39.8682451],[32.8558277,39.8683802],[32.8556872,39.8682869]]]}},{"type":"Feature","properties":{"building":"yes","osm_id":443585400},"geometry":{"type":"Polygon","coordinates":[[[32.8555627,39.8684061],[32.8557719,39.8684843],[32.8556861,39.8685996],[32.8554796,39.8685214],[32.8555627,39.8684061]]]}},{"type":"Feature","properties":{"building":"yes","osm_id":443585401},"geometry":{"type":"Polygon","coordinates":[[[32.8559516,39.8683484],[32.856075,39.8682414],[32.8561072,39.8682455],[32.8561769,39.8682784],[32.8561984,39.8682661],[32.8562842,39.868332],[32.8561608,39.8684534],[32.8561206,39.8684617],[32.8560133,39.868402],[32.8559624,39.8683793],[32.8559489,39.8683649],[32.8559516,39.8683484]]]}},{"type":"Feature","properties":{"building":"yes","osm_id":443585402},"geometry":{"type":"Polygon","coordinates":[[[32.8558524,39.8685872],[32.8559168,39.8684596],[32.8561877,39.868579],[32.8561528,39.8686428],[32.8561152,39.8686655],[32.8560857,39.8686655],[32.8558524,39.8685872]]]}},{"type":"Feature","properties":{"building":"yes","osm_id":443585403},"geometry":{"type":"Polygon","coordinates":[[[32.8560241,39.8679161],[32.8562467,39.8678523],[32.8563218,39.8678523],[32.856362,39.8679058],[32.8563137,39.8679594],[32.8561957,39.868052],[32.8561474,39.8680726],[32.8561045,39.8680582],[32.8560643,39.8680191],[32.8560267,39.8679738],[32.8560241,39.8679161]]]}},{"type":"Feature","properties":{"phone":"0312 409 63 00","addr:city":"Çankaya/Ankara","addr:housenumber":"74","addr:street":"Rabindranath Tagore Caddesi","building":"commercial","name":"Gülsan Grup","osm_id":443585405},"geometry":{"type":"Polygon","coordinates":[[[32.8563923,39.8671724],[32.8563451,39.8670408],[32.8565732,39.8669926],[32.8566204,39.8671242],[32.8563923,39.8671724]]]}},{"type":"Feature","properties":{"addr:postcode":"06550 Çankaya/Ankara","addr:city":"Çankaya/Ankara","addr:housenumber":"80","addr:street":"Rabindranath Tagore Caddesi","building":"yes","name":"Rescate Boutique Hotel","phone":"+90 312 442 65 06","tourism":"hotel","website":"http://www.rescatehotels.com/","osm_id":443585406},"geometry":{"type":"Polygon","coordinates":[[[32.8560205,39.8663418],[32.8562432,39.8662944],[32.8562955,39.8664394],[32.8560728,39.8664868],[32.8560205,39.8663418]]]}},{"type":"Feature","properties":{"website":"http://www.vivaldicegoldhotel.com/","addr:city":"Çankaya/Ankara","addr:housenumber":"3","addr:street":"697. Sokak","building":"yes","name":"Vivaldi Ce Gold Hotel","phone":"+90 312 440 63 55","tourism":"hotel","osm_id":443585407},"geometry":{"type":"Polygon","coordinates":[[[32.8571983,39.867042],[32.8572948,39.8669617],[32.8575693,39.8671559],[32.8573714,39.8673206],[32.8572593,39.8672413],[32.8573361,39.8671773],[32.8573101,39.8671589],[32.8573346,39.8671385],[32.8571983,39.867042]]]}},{"type":"Feature","properties":{"addr:city":"Çankaya/Ankara","addr:housenumber":"92","addr:street":"Turan Güneş Bulvarı","building":"yes","building:levels":"9","name":"Sadıkoğlu Apt.","osm_id":443585409},"geometry":{"type":"Polygon","coordinates":[[[32.8571587,39.8654655],[32.8573924,39.8653625],[32.8574084,39.8653839],[32.8574489,39.865366],[32.8574799,39.8654074],[32.8574636,39.8654218],[32.8574985,39.8654685],[32.8575265,39.8654562],[32.8575598,39.8655007],[32.8575245,39.8655163],[32.8575449,39.8655435],[32.8572985,39.8656522],[32.8571587,39.8654655]]]}},{"type":"Feature","properties":{"building":"yes","osm_id":443585410},"geometry":{"type":"Polygon","coordinates":[[[32.8565179,39.8661835],[32.8564362,39.865972],[32.8565202,39.8659218],[32.8566043,39.8659218],[32.8566487,39.8659379],[32.8566673,39.865972],[32.856665,39.8660132],[32.8566603,39.8660419],[32.856693,39.8660562],[32.856721,39.8660813],[32.8567304,39.8661118],[32.8567187,39.8661476],[32.8566463,39.8661871],[32.8565623,39.8661942],[32.8565179,39.8661835]]]}},{"type":"Feature","properties":{"building":"yes","osm_id":443585411},"geometry":{"type":"Polygon","coordinates":[[[32.8566427,39.8664092],[32.8566261,39.8662537],[32.8567214,39.8662477],[32.8567258,39.8662888],[32.856775,39.8662857],[32.8567708,39.8662467],[32.8568906,39.8662392],[32.856907,39.8663926],[32.8566427,39.8664092]]]}},{"type":"Feature","properties":{"building":"yes","osm_id":443585412},"geometry":{"type":"Polygon","coordinates":[[[32.8573557,39.8665201],[32.8573426,39.8664743],[32.8573206,39.8664779],[32.8573043,39.8664207],[32.8572815,39.8664245],[32.8572558,39.866334],[32.8572604,39.8663161],[32.8572441,39.8662767],[32.8572698,39.8662623],[32.8572552,39.8662112],[32.8574597,39.8661769],[32.8575482,39.8664878],[32.8573557,39.8665201]]]}},{"type":"Feature","properties":{"building":"yes","osm_id":443585413},"geometry":{"type":"Polygon","coordinates":[[[32.8569849,39.8671979],[32.85709,39.8671262],[32.8572347,39.8673072],[32.8570876,39.8673896],[32.8569849,39.8671979]]]}},{"type":"Feature","properties":{"building":"yes","osm_id":443585414},"geometry":{"type":"Polygon","coordinates":[[[32.8565164,39.8673825],[32.8567401,39.8673379],[32.8568033,39.8675246],[32.8565796,39.8675693],[32.8565164,39.8673825]]]}},{"type":"Feature","properties":{"building":"yes","osm_id":443585415},"geometry":{"type":"Polygon","coordinates":[[[32.8565829,39.8676193],[32.8568165,39.8675735],[32.8568513,39.867678],[32.8566177,39.8677238],[32.8565829,39.8676193]]]}},{"type":"Feature","properties":{"building":"yes","osm_id":443585416},"geometry":{"type":"Polygon","coordinates":[[[32.8566159,39.8679117],[32.8565926,39.867843],[32.8565646,39.8678412],[32.8565449,39.867783],[32.8569114,39.8677099],[32.8569567,39.8678438],[32.8566159,39.8679117]]]}},{"type":"Feature","properties":{"building":"yes","osm_id":443585417},"geometry":{"type":"Polygon","coordinates":[[[32.8568355,39.8680706],[32.8568588,39.8679147],[32.8570339,39.8679255],[32.8570199,39.8680509],[32.8569896,39.8681172],[32.8569195,39.8681441],[32.8568355,39.8680706]]]}},{"type":"Feature","properties":{"addr:city":"Çankaya/Ankara","addr:street":"Hollanda Caddesi","amenity":"bank","atm":"yes","building":"yes","name":"Fibabanka","osm_id":443585418},"geometry":{"type":"Polygon","coordinates":[[[32.8578748,39.8672446],[32.8579499,39.8671396],[32.8581672,39.8672364],[32.8581297,39.8672755],[32.8580948,39.867327],[32.858076,39.867399],[32.8578748,39.8672446]]]}},{"type":"Feature","properties":{"building":"yes","name:en":"Embassy of Netherlands","name":"Hollanda Büyükelçiliği","amenity":"embassy","country":"NL","addr:city":"Çankaya/Ankara","osm_id":443585419},"geometry":{"type":"Polygon","coordinates":[[[32.8576563,39.8673846],[32.8577703,39.8672992],[32.8579836,39.8674669],[32.8578696,39.8675523],[32.8576563,39.8673846]]]}},{"type":"Feature","properties":{"building":"yes","osm_id":443585420},"geometry":{"type":"Polygon","coordinates":[[[32.8575657,39.8674166],[32.8577566,39.8675868],[32.857631,39.8676698],[32.8574401,39.8674996],[32.8575657,39.8674166]]]}},{"type":"Feature","properties":{"building":"yes","osm_id":443585421},"geometry":{"type":"Polygon","coordinates":[[[32.857507,39.8668067],[32.8574592,39.8666719],[32.8577069,39.8666201],[32.8577547,39.8667549],[32.857507,39.8668067]]]}},{"type":"Feature","properties":{"building":"yes","osm_id":443585422},"geometry":{"type":"Polygon","coordinates":[[[32.8579634,39.8666641],[32.8579419,39.8665714],[32.8581082,39.8665323],[32.858135,39.8665035],[32.8581806,39.8664911],[32.8582396,39.8664973],[32.8582557,39.8665241],[32.8582718,39.8665838],[32.8582396,39.8666229],[32.8581699,39.8666208],[32.8579634,39.8666641]]]}},{"type":"Feature","properties":{"building":"yes","osm_id":443585423},"geometry":{"type":"Polygon","coordinates":[[[32.8579929,39.8670346],[32.8580224,39.8669214],[32.8583335,39.8669729],[32.8582799,39.8671437],[32.858194,39.8671293],[32.8582101,39.8670799],[32.8579929,39.8670346]]]}},{"type":"Feature","properties":{"building":"yes","osm_id":443585424},"geometry":{"type":"Polygon","coordinates":[[[32.8570523,39.8684036],[32.8572671,39.8682853],[32.8572858,39.8683086],[32.8573185,39.8683194],[32.8573559,39.8683552],[32.8573675,39.8683982],[32.8573489,39.8684233],[32.8573138,39.8684233],[32.8572344,39.8684717],[32.8571877,39.8684986],[32.8571714,39.8685219],[32.8571317,39.8685147],[32.8570897,39.8685004],[32.8570546,39.8684484],[32.8570593,39.8684287],[32.8570523,39.8684036]]]}},{"type":"Feature","properties":{"building":"yes","osm_id":443585425},"geometry":{"type":"Polygon","coordinates":[[[32.856441,39.8688183],[32.8565363,39.8687623],[32.8566907,39.8689173],[32.8565954,39.8689733],[32.856441,39.8688183]]]}},{"type":"Feature","properties":{"building":"yes","osm_id":443585426},"geometry":{"type":"Polygon","coordinates":[[[32.8565384,39.869187],[32.8565298,39.8690651],[32.8567189,39.8690573],[32.8567274,39.8691792],[32.8565384,39.869187]]]}},{"type":"Feature","properties":{"building":"yes","osm_id":443585428},"geometry":{"type":"Polygon","coordinates":[[[32.8534973,39.8680066],[32.8535914,39.8677697],[32.8537173,39.8677992],[32.8536232,39.868036],[32.8534973,39.8680066]]]}},{"type":"Feature","properties":{"building":"yes","osm_id":443585429},"geometry":{"type":"Polygon","coordinates":[[[32.8538186,39.8676574],[32.8539665,39.8674139],[32.8538279,39.8673571],[32.853794,39.8673689],[32.8536861,39.8675392],[32.85368,39.8675889],[32.8537077,39.8676125],[32.8538186,39.8676574]]]}},{"type":"Feature","properties":{"building":"yes","osm_id":443585430},"geometry":{"type":"Polygon","coordinates":[[[32.8538969,39.867646],[32.8540219,39.8674857],[32.8541735,39.8675553],[32.8540485,39.8677156],[32.8538969,39.867646]]]}},{"type":"Feature","properties":{"building":"yes","osm_id":443585431},"geometry":{"type":"Polygon","coordinates":[[[32.854104,39.8680135],[32.8541369,39.8678855],[32.8544152,39.8679276],[32.8543823,39.8680557],[32.854104,39.8680135]]]}},{"type":"Feature","properties":{"building":"yes","osm_id":443585432},"geometry":{"type":"Polygon","coordinates":[[[32.8537051,39.8685572],[32.8536536,39.8683873],[32.8538497,39.8683523],[32.8539012,39.8685222],[32.8537051,39.8685572]]]}},{"type":"Feature","properties":{"building":"yes","osm_id":443585433},"geometry":{"type":"Polygon","coordinates":[[[32.8540651,39.8683054],[32.8540713,39.868076],[32.8541668,39.8680807],[32.8541822,39.8680997],[32.8542746,39.8681067],[32.8542715,39.8682605],[32.8541668,39.8682841],[32.8541452,39.8683078],[32.8540651,39.8683054]]]}},{"type":"Feature","properties":{"building":"yes","osm_id":443585434},"geometry":{"type":"Polygon","coordinates":[[[32.8540912,39.8685025],[32.8540572,39.8683666],[32.8542727,39.8683348],[32.8543067,39.8684708],[32.8540912,39.8685025]]]}},{"type":"Feature","properties":{"building":"yes","osm_id":443585435},"geometry":{"type":"Polygon","coordinates":[[[32.8542161,39.8685773],[32.8544225,39.8684756],[32.854478,39.8684827],[32.8545488,39.8685892],[32.8545365,39.8686341],[32.8544872,39.8686672],[32.8543116,39.8687381],[32.8542161,39.8685773]]]}},{"type":"Feature","properties":{"building":"yes","osm_id":443585436},"geometry":{"type":"Polygon","coordinates":[[[32.8543824,39.8688138],[32.8545766,39.868705],[32.8546721,39.8688375],[32.8546536,39.8689037],[32.8546197,39.8689533],[32.8545334,39.8689935],[32.8543824,39.8688138]]]}},{"type":"Feature","properties":{"building":"yes","osm_id":443585437},"geometry":{"type":"Polygon","coordinates":[[[32.8505188,39.8689415],[32.8505589,39.8688729],[32.8506359,39.8688989],[32.8506913,39.8688824],[32.8507283,39.8688942],[32.8508331,39.8689084],[32.8507068,39.8690928],[32.8506451,39.8690716],[32.8506205,39.8690172],[32.8505619,39.8689935],[32.8505619,39.8689533],[32.8505188,39.8689415]]]}},{"type":"Feature","properties":{"building":"yes","osm_id":443585438},"geometry":{"type":"Polygon","coordinates":[[[32.8497933,39.8699263],[32.8500187,39.8700403],[32.8499115,39.8701652],[32.8496861,39.8700512],[32.8497933,39.8699263]]]}},{"type":"Feature","properties":{"building":"yes","osm_id":443585439},"geometry":{"type":"Polygon","coordinates":[[[32.8494928,39.8702185],[32.8496007,39.8700813],[32.8498256,39.8702019],[32.8497578,39.8702894],[32.8497054,39.8703178],[32.8496746,39.8703201],[32.8494928,39.8702185]]]}},{"type":"Feature","properties":{"building":"yes","osm_id":443585440},"geometry":{"type":"Polygon","coordinates":[[[32.8499199,39.8691651],[32.8500175,39.8690488],[32.8502033,39.8691406],[32.8501058,39.8692569],[32.8499199,39.8691651]]]}},{"type":"Feature","properties":{"building":"yes","osm_id":443585441},"geometry":{"type":"Polygon","coordinates":[[[32.852916,39.8664313],[32.8530361,39.8662871],[32.8533103,39.8664242],[32.8532364,39.8665472],[32.8531378,39.866507],[32.8530823,39.8665283],[32.852916,39.8664313]]]}},{"type":"Feature","properties":{"building":"yes","osm_id":443590093},"geometry":{"type":"Polygon","coordinates":[[[32.8544597,39.865172],[32.8546238,39.8650118],[32.8546919,39.8650529],[32.8546654,39.8650788],[32.8547818,39.8651491],[32.8548073,39.8651242],[32.8548859,39.8651717],[32.8547229,39.8653308],[32.8544597,39.865172]]]}},{"type":"Feature","properties":{"building":"yes","osm_id":443590094},"geometry":{"type":"Polygon","coordinates":[[[32.8550695,39.8653273],[32.8552275,39.8654527],[32.8550395,39.8655922],[32.8548815,39.8654668],[32.8550695,39.8653273]]]}},{"type":"Feature","properties":{"building":"yes","osm_id":443590095},"geometry":{"type":"Polygon","coordinates":[[[32.85467,39.8656747],[32.8548478,39.8655372],[32.8549744,39.8656336],[32.8547965,39.8657711],[32.85467,39.8656747]]]}},{"type":"Feature","properties":{"building":"yes","osm_id":443590096},"geometry":{"type":"Polygon","coordinates":[[[32.8545327,39.8659346],[32.8547124,39.8657993],[32.8548899,39.8659383],[32.8547102,39.8660736],[32.8545327,39.8659346]]]}},{"type":"Feature","properties":{"building":"yes","osm_id":443590097},"geometry":{"type":"Polygon","coordinates":[[[32.8551257,39.8656121],[32.8552949,39.8655127],[32.8554138,39.8656318],[32.8552447,39.8657313],[32.8551257,39.8656121]]]}},{"type":"Feature","properties":{"building":"yes","osm_id":443590098},"geometry":{"type":"Polygon","coordinates":[[[32.8552676,39.8651727],[32.8554082,39.8650825],[32.8555639,39.8652255],[32.8554233,39.8653157],[32.8552676,39.8651727]]]}},{"type":"Feature","properties":{"building":"yes","osm_id":443590099},"geometry":{"type":"Polygon","coordinates":[[[32.855506,39.8650457],[32.8556865,39.8649381],[32.8557892,39.8650397],[32.8556087,39.8651472],[32.855506,39.8650457]]]}},{"type":"Feature","properties":{"building":"yes","osm_id":443590100},"geometry":{"type":"Polygon","coordinates":[[[32.8554719,39.8654329],[32.8556715,39.8653145],[32.8557788,39.8654211],[32.8555792,39.8655395],[32.8554719,39.8654329]]]}},{"type":"Feature","properties":{"building":"yes","osm_id":443590101},"geometry":{"type":"Polygon","coordinates":[[[32.8557098,39.8652218],[32.8558844,39.865116],[32.8560092,39.8652373],[32.8558346,39.8653431],[32.8557098,39.8652218]]]}},{"type":"Feature","properties":{"building":"yes","osm_id":443590102},"geometry":{"type":"Polygon","coordinates":[[[32.8559007,39.8647744],[32.8560207,39.8648831],[32.8558717,39.86498],[32.8557517,39.8648713],[32.8559007,39.8647744]]]}},{"type":"Feature","properties":{"building":"yes","osm_id":443590103},"geometry":{"type":"Polygon","coordinates":[[[32.8559571,39.8647069],[32.8561602,39.8645671],[32.8563097,39.8647213],[32.8561345,39.8648432],[32.8560435,39.8647518],[32.8559968,39.8647482],[32.8559571,39.8647069]]]}},{"type":"Feature","properties":{"building":"yes","osm_id":443590104},"geometry":{"type":"Polygon","coordinates":[[[32.8562673,39.8645167],[32.856435,39.8644046],[32.856603,39.8645528],[32.8564353,39.8646648],[32.8562673,39.8645167]]]}},{"type":"Feature","properties":{"building":"yes","osm_id":443590105},"geometry":{"type":"Polygon","coordinates":[[[32.8559744,39.8650899],[32.8561382,39.8649866],[32.8562501,39.8650911],[32.8560862,39.8651944],[32.8559744,39.8650899]]]}},{"type":"Feature","properties":{"building":"yes","osm_id":443590106},"geometry":{"type":"Polygon","coordinates":[[[32.8564573,39.8647309],[32.8566565,39.8646034],[32.8568068,39.8647416],[32.8566075,39.8648692],[32.8564573,39.8647309]]]}},{"type":"Feature","properties":{"building":"yes","osm_id":443590107},"geometry":{"type":"Polygon","coordinates":[[[32.8548546,39.863951],[32.8550719,39.8638315],[32.8551496,39.8639798],[32.8550102,39.8640539],[32.8548546,39.863951]]]}},{"type":"Feature","properties":{"building":"yes","addr:city":"Çankaya/Ankara","addr:housenumber":"5","addr:street":"676. Sokak","name":"Elbey Apt.","osm_id":443590109},"geometry":{"type":"Polygon","coordinates":[[[32.8553937,39.8645315],[32.8555171,39.8644492],[32.8555868,39.864513],[32.8555573,39.8645377],[32.8556163,39.8645871],[32.8556593,39.8645562],[32.8557344,39.8646221],[32.8556244,39.8647127],[32.8555627,39.8647168],[32.8555091,39.8646839],[32.8554098,39.864618],[32.8553937,39.8645315]]]}},{"type":"Feature","properties":{"building":"yes","osm_id":443590110},"geometry":{"type":"Polygon","coordinates":[[[32.8551096,39.8647129],[32.8552384,39.8646109],[32.8554554,39.8647723],[32.8553266,39.8648744],[32.8551096,39.8647129]]]}},{"type":"Feature","properties":{"building":"yes","osm_id":443590111},"geometry":{"type":"Polygon","coordinates":[[[32.8548959,39.8648998],[32.855061,39.8647809],[32.8552293,39.8649187],[32.8550642,39.8650376],[32.8548959,39.8648998]]]}},{"type":"Feature","properties":{"building":"yes","osm_id":443590112},"geometry":{"type":"Polygon","coordinates":[[[32.8545676,39.8647127],[32.8546883,39.8645974],[32.8548305,39.8647168],[32.8547473,39.8648074],[32.8547178,39.8648074],[32.8545676,39.8647127]]]}},{"type":"Feature","properties":{"building":"yes","osm_id":443590113},"geometry":{"type":"Polygon","coordinates":[[[32.8547892,39.8645482],[32.8549167,39.8644421],[32.8550573,39.8645417],[32.8549297,39.8646478],[32.8547892,39.8645482]]]}},{"type":"Feature","properties":{"building":"yes","osm_id":443590114},"geometry":{"type":"Polygon","coordinates":[[[32.8551631,39.8641239],[32.8552596,39.8640374],[32.8553267,39.8640951],[32.8553589,39.8640765],[32.8555091,39.8641898],[32.8554179,39.8642598],[32.8553186,39.8641754],[32.8552677,39.8642165],[32.8551631,39.8641239]]]}},{"type":"Feature","properties":{"building":"yes","osm_id":443590115},"geometry":{"type":"Polygon","coordinates":[[[32.8540862,39.8655514],[32.854395,39.8652738],[32.854619,39.8654206],[32.8543103,39.8656982],[32.8540862,39.8655514]]]}},{"type":"Feature","properties":{"building":"yes","osm_id":443590116},"geometry":{"type":"Polygon","coordinates":[[[32.8542306,39.8661181],[32.8544195,39.8662372],[32.8543038,39.8663454],[32.8541149,39.8662263],[32.8542306,39.8661181]]]}},{"type":"Feature","properties":{"building":"yes","osm_id":443590117},"geometry":{"type":"Polygon","coordinates":[[[32.8539467,39.8663644],[32.8540558,39.8662666],[32.8542448,39.8663908],[32.8541357,39.8664886],[32.8539467,39.8663644]]]}},{"type":"Feature","properties":{"building":"yes","osm_id":443590118},"geometry":{"type":"Polygon","coordinates":[[[32.8535019,39.8661663],[32.8536097,39.866046],[32.8538483,39.8661721],[32.8537404,39.8662923],[32.8535019,39.8661663]]]}},{"type":"Feature","properties":{"building":"yes","osm_id":443590119},"geometry":{"type":"Polygon","coordinates":[[[32.8533094,39.8659469],[32.8534674,39.8657516],[32.8536515,39.8658393],[32.8534935,39.8660346],[32.8533094,39.8659469]]]}},{"type":"Feature","properties":{"building":"yes","osm_id":443590120},"geometry":{"type":"Polygon","coordinates":[[[32.853453,39.8656518],[32.8535798,39.865498],[32.8537523,39.8655818],[32.8536254,39.8657356],[32.853453,39.8656518]]]}},{"type":"Feature","properties":{"building":"yes","osm_id":443590122},"geometry":{"type":"Polygon","coordinates":[[[32.8551884,39.8668054],[32.8554083,39.8667231],[32.8554942,39.8668898],[32.8553171,39.8669598],[32.8552608,39.8669516],[32.8551884,39.8668054]]]}},{"type":"Feature","properties":{"building":"yes","osm_id":443590123},"geometry":{"type":"Polygon","coordinates":[[[32.8551321,39.866579],[32.8553547,39.8665213],[32.8553869,39.8666366],[32.8551642,39.8666716],[32.8551321,39.866579]]]}},{"type":"Feature","properties":{"building":"yes","osm_id":443590124},"geometry":{"type":"Polygon","coordinates":[[[32.8551186,39.866511],[32.8550221,39.8663628],[32.8552554,39.8662846],[32.8553091,39.866439],[32.8551186,39.866511]]]}},{"type":"Feature","properties":{"building":"yes","osm_id":443590125},"geometry":{"type":"Polygon","coordinates":[[[32.854955,39.8663278],[32.8552125,39.8662352],[32.8551669,39.8661487],[32.8550945,39.8661487],[32.8549899,39.8661672],[32.8549497,39.8661878],[32.8549175,39.866229],[32.854955,39.8663278]]]}},{"type":"Feature","properties":{"building":"yes","osm_id":443590126},"geometry":{"type":"Polygon","coordinates":[[[32.8545876,39.8666243],[32.8547995,39.8665749],[32.854837,39.8667046],[32.8547673,39.8667354],[32.8547485,39.8667581],[32.8546358,39.8667787],[32.8545876,39.8666243]]]}},{"type":"Feature","properties":{"building":"yes","osm_id":443590127},"geometry":{"type":"Polygon","coordinates":[[[32.8546545,39.8668363],[32.8548982,39.8667559],[32.8549691,39.8668826],[32.8547254,39.866963],[32.8546545,39.8668363]]]}},{"type":"Feature","properties":{"building":"yes","osm_id":443590128},"geometry":{"type":"Polygon","coordinates":[[[32.8547226,39.8670256],[32.854967,39.8669458],[32.8550318,39.8670626],[32.8547874,39.8671424],[32.8547226,39.8670256]]]}},{"type":"Feature","properties":{"building":"yes","osm_id":443590129},"geometry":{"type":"Polygon","coordinates":[[[32.853951,39.8671903],[32.8540558,39.8670082],[32.8541081,39.8670011],[32.8542221,39.8670342],[32.8540866,39.867247],[32.853951,39.8671903]]]}},{"type":"Feature","properties":{"building":"yes","osm_id":443590130},"geometry":{"type":"Polygon","coordinates":[[[32.8541389,39.8673085],[32.8542437,39.8671288],[32.854293,39.8671122],[32.8544039,39.8671501],[32.8544286,39.8672021],[32.8543854,39.8672659],[32.854293,39.8673818],[32.8542499,39.8674055],[32.8541451,39.8673511],[32.8541389,39.8673085]]]}},{"type":"Feature","properties":{"building":"yes","osm_id":443590131},"geometry":{"type":"Polygon","coordinates":[[[32.8543116,39.8660843],[32.8543069,39.8660359],[32.854342,39.8660252],[32.8543536,39.8659965],[32.8543606,39.8659606],[32.8544144,39.8659571],[32.85444,39.8659355],[32.8546362,39.8660915],[32.8546198,39.8661219],[32.8546222,39.8661488],[32.8545778,39.8661614],[32.8545545,39.8662044],[32.8544727,39.8661972],[32.854447,39.8661775],[32.8544447,39.8661542],[32.8543747,39.866113],[32.8543443,39.8661112],[32.8543116,39.8660843]]]}},{"type":"Feature","properties":{"building":"yes","osm_id":443590132},"geometry":{"type":"Polygon","coordinates":[[[32.8529316,39.8653029],[32.8532025,39.8654337],[32.8532492,39.8654033],[32.8532889,39.8653316],[32.8532749,39.8652921],[32.853039,39.8651685],[32.852997,39.86519],[32.8529596,39.8651882],[32.852927,39.8651989],[32.8529129,39.865233],[32.8529316,39.8652581],[32.8529316,39.8653029]]]}},{"type":"Feature","properties":{"building":"yes","osm_id":443590133},"geometry":{"type":"Polygon","coordinates":[[[32.8536175,39.865416],[32.8537416,39.8652564],[32.853991,39.8653707],[32.8538669,39.8655303],[32.8536175,39.865416]]]}},{"type":"Feature","properties":{"building":"yes","osm_id":443590134},"geometry":{"type":"Polygon","coordinates":[[[32.8537998,39.8652013],[32.8539031,39.8650645],[32.8541578,39.8651778],[32.8540545,39.8653146],[32.8537998,39.8652013]]]}},{"type":"Feature","properties":{"name":"Hasanbey Apartmanı","building":"apartments","addr:street":"Aleksander Dubçek Caddesi","addr:housenumber":"14","osm_id":443590135},"geometry":{"type":"Polygon","coordinates":[[[32.8539644,39.8650085],[32.854055,39.8648874],[32.8542747,39.8649842],[32.8541842,39.8651054],[32.8539644,39.8650085]]]}},{"type":"Feature","properties":{"name":"Altınçatı Gordion Huzurevi Yaşlı Bakım Merkezi","phone":"0312 235 81 35","website":"http://www.altincatihuzurevi.com/","addr:city":"Çankaya/Ankara","addr:housenumber":"12","addr:street":"Aleksander Dubçek Caddesi","building":"yes","osm_id":443590136},"geometry":{"type":"Polygon","coordinates":[[[32.8541131,39.8647885],[32.8542384,39.8646781],[32.8545663,39.8648974],[32.854441,39.8650078],[32.8541131,39.8647885]]]}},{"type":"Feature","properties":{"building":"yes","osm_id":443590137},"geometry":{"type":"Polygon","coordinates":[[[32.8517441,39.8634452],[32.851661,39.8633093],[32.8519158,39.8632105],[32.8519936,39.8633587],[32.8519641,39.8633731],[32.8519882,39.8634184],[32.8519024,39.8634575],[32.8518729,39.863404],[32.8517441,39.8634452]]]}},{"type":"Feature","properties":{"building":"yes","osm_id":443590138},"geometry":{"type":"Polygon","coordinates":[[[32.8518095,39.8640422],[32.851954,39.8639606],[32.8521121,39.8641254],[32.8519676,39.8642071],[32.8518095,39.8640422]]]}},{"type":"Feature","properties":{"building":"yes","osm_id":443592875},"geometry":{"type":"Polygon","coordinates":[[[32.8635683,39.8693861],[32.8637119,39.8692568],[32.8638519,39.8693483],[32.8637083,39.8694776],[32.8635683,39.8693861]]]}},{"type":"Feature","properties":{"building":"yes","osm_id":443592876},"geometry":{"type":"Polygon","coordinates":[[[32.8644678,39.8699136],[32.8645979,39.8697891],[32.8647481,39.8698816],[32.864618,39.8700061],[32.8644678,39.8699136]]]}},{"type":"Feature","properties":{"building":"yes","osm_id":443592877},"geometry":{"type":"Polygon","coordinates":[[[32.863589,39.8704119],[32.8637215,39.8703197],[32.8637539,39.8703138],[32.8638679,39.8704178],[32.8637878,39.8704757],[32.8637523,39.8704497],[32.8637338,39.8704545],[32.8636707,39.8704899],[32.863589,39.8704119]]]}},{"type":"Feature","properties":{"building":"yes","osm_id":443592878},"geometry":{"type":"Polygon","coordinates":[[[32.8638124,39.8711575],[32.8639921,39.8710208],[32.8640925,39.8710984],[32.8639128,39.8712352],[32.8638124,39.8711575]]]}},{"type":"Feature","properties":{"building":"yes","osm_id":443592879},"geometry":{"type":"Polygon","coordinates":[[[32.8636046,39.8714335],[32.8635369,39.8713349],[32.8635695,39.871317],[32.8635415,39.8712722],[32.8636209,39.8712076],[32.8637353,39.8713851],[32.8636046,39.8714335]]]}},{"type":"Feature","properties":{"building":"yes","osm_id":443592880},"geometry":{"type":"Polygon","coordinates":[[[32.8645176,39.8712525],[32.86466,39.8711378],[32.8648001,39.8712292],[32.864618,39.8713671],[32.8645456,39.871308],[32.8645573,39.8712937],[32.8645176,39.8712525]]]}},{"type":"Feature","properties":{"building":"yes","osm_id":443592881},"geometry":{"type":"Polygon","coordinates":[[[32.8663898,39.8680295],[32.8665416,39.867861],[32.8666023,39.8678968],[32.8666023,39.8679201],[32.8666887,39.8679721],[32.8665603,39.8681155],[32.8664739,39.8680581],[32.8664342,39.8680635],[32.8663898,39.8680295]]]}},{"type":"Feature","properties":{"building":"yes","osm_id":443592882},"geometry":{"type":"Polygon","coordinates":[[[32.8668125,39.8676459],[32.8669502,39.86749],[32.8670927,39.8675975],[32.8671043,39.867637],[32.867067,39.8677051],[32.8669853,39.8677409],[32.8669409,39.8677266],[32.8668125,39.8676459]]]}},{"type":"Feature","properties":{"building":"yes","osm_id":444381255},"geometry":{"type":"Polygon","coordinates":[[[32.8492507,39.8647028],[32.8493977,39.8645936],[32.8495771,39.8647359],[32.8494301,39.8648451],[32.8492507,39.8647028]]]}},{"type":"Feature","properties":{"building":"yes","osm_id":444381256},"geometry":{"type":"Polygon","coordinates":[[[32.8497401,39.8649601],[32.8499179,39.8648421],[32.8500725,39.8649793],[32.8498947,39.8650973],[32.8497401,39.8649601]]]}},{"type":"Feature","properties":{"building":"yes","osm_id":444381257},"geometry":{"type":"Polygon","coordinates":[[[32.8494566,39.8651765],[32.849596,39.865065],[32.8496549,39.8651084],[32.8497038,39.8650693],[32.8498354,39.8651663],[32.849647,39.8653168],[32.8494566,39.8651765]]]}},{"type":"Feature","properties":{"building":"yes","osm_id":444381258},"geometry":{"type":"Polygon","coordinates":[[[32.8496566,39.8656345],[32.8498064,39.8655123],[32.8500092,39.8656587],[32.8498594,39.865781],[32.8496566,39.8656345]]]}},{"type":"Feature","properties":{"building":"yes","osm_id":444381259},"geometry":{"type":"Polygon","coordinates":[[[32.8503641,39.8655438],[32.8504741,39.8654553],[32.8506699,39.8655932],[32.8505304,39.8657003],[32.8503641,39.8655438]]]}},{"type":"Feature","properties":{"building":"yes","osm_id":444381260},"geometry":{"type":"Polygon","coordinates":[[[32.8499359,39.8658772],[32.8500745,39.8657758],[32.8502667,39.8659307],[32.8501281,39.8660321],[32.8499359,39.8658772]]]}},{"type":"Feature","properties":{"building":"yes","osm_id":444381261},"geometry":{"type":"Polygon","coordinates":[[[32.8492457,39.8658813],[32.8494306,39.8657485],[32.8496103,39.8658959],[32.8494254,39.8660287],[32.8492457,39.8658813]]]}},{"type":"Feature","properties":{"building":"yes","osm_id":444381262},"geometry":{"type":"Polygon","coordinates":[[[32.8494846,39.8661425],[32.8497331,39.8659759],[32.8499237,39.8661433],[32.8496751,39.86631],[32.8494846,39.8661425]]]}},{"type":"Feature","properties":{"building":"yes","osm_id":444381263},"geometry":{"type":"Polygon","coordinates":[[[32.8490027,39.8660273],[32.849175,39.8659175],[32.8493215,39.8660528],[32.8491492,39.8661627],[32.8490027,39.8660273]]]}},{"type":"Feature","properties":{"building":"yes","osm_id":444381264},"geometry":{"type":"Polygon","coordinates":[[[32.8488371,39.8661799],[32.8489703,39.8660971],[32.8491143,39.8662335],[32.8489811,39.8663163],[32.8488371,39.8661799]]]}},{"type":"Feature","properties":{"building":"yes","osm_id":444381265},"geometry":{"type":"Polygon","coordinates":[[[32.8492134,39.8663714],[32.8492832,39.8663117],[32.8493341,39.8663549],[32.8493985,39.8663117],[32.8493449,39.8662623],[32.8494146,39.8662005],[32.8496185,39.8663529],[32.8493797,39.8665382],[32.8492134,39.8663714]]]}},{"type":"Feature","properties":{"building":"yes","osm_id":444381266},"geometry":{"type":"Polygon","coordinates":[[[32.8485079,39.8663505],[32.8487034,39.8662119],[32.8488461,39.8663305],[32.8486506,39.8664691],[32.8485079,39.8663505]]]}},{"type":"Feature","properties":{"building":"yes","osm_id":444381267},"geometry":{"type":"Polygon","coordinates":[[[32.8481964,39.8665834],[32.8483898,39.8664397],[32.8485271,39.8665486],[32.8483338,39.8666923],[32.8481964,39.8665834]]]}},{"type":"Feature","properties":{"building":"yes","osm_id":444381268},"geometry":{"type":"Polygon","coordinates":[[[32.8484425,39.8667413],[32.848524,39.8666887],[32.8485958,39.8667544],[32.8486725,39.866705],[32.8485978,39.8666367],[32.848688,39.8665785],[32.8488599,39.8667357],[32.8486114,39.8668958],[32.8484425,39.8667413]]]}},{"type":"Feature","properties":{"building":"yes","osm_id":444381269},"geometry":{"type":"Polygon","coordinates":[[[32.8488674,39.8665581],[32.8489571,39.866514],[32.8490174,39.8665862],[32.8491016,39.8665447],[32.8490389,39.8664696],[32.8491381,39.8664208],[32.8492824,39.8665935],[32.8490093,39.8667279],[32.8488674,39.8665581]]]}},{"type":"Feature","properties":{"building":"yes","osm_id":444381270},"geometry":{"type":"Polygon","coordinates":[[[32.8479221,39.866772],[32.8481082,39.866642],[32.8482098,39.8667277],[32.8480237,39.8668577],[32.8479221,39.866772]]]}},{"type":"Feature","properties":{"building":"yes","osm_id":444381271},"geometry":{"type":"Polygon","coordinates":[[[32.8477302,39.8663694],[32.8479313,39.8664846],[32.8478214,39.8666452],[32.8477651,39.866672],[32.8476926,39.8666329],[32.8476953,39.8665402],[32.8477007,39.8664167],[32.8477302,39.8663694]]]}},{"type":"Feature","properties":{"building":"yes","osm_id":444381272},"geometry":{"type":"Polygon","coordinates":[[[32.8477438,39.8662172],[32.8479022,39.8660808],[32.8480195,39.866161],[32.8478612,39.8662974],[32.8477438,39.8662172]]]}},{"type":"Feature","properties":{"building":"yes","osm_id":444381273},"geometry":{"type":"Polygon","coordinates":[[[32.8483119,39.8660526],[32.8484395,39.8659431],[32.8485852,39.8660431],[32.8484575,39.8661526],[32.8483119,39.8660526]]]}},{"type":"Feature","properties":{"building":"yes","osm_id":444381274},"geometry":{"type":"Polygon","coordinates":[[[32.8485256,39.865909],[32.848682,39.8657871],[32.8488267,39.8658964],[32.8486703,39.8660183],[32.8485256,39.865909]]]}},{"type":"Feature","properties":{"building":"yes","osm_id":444381275},"geometry":{"type":"Polygon","coordinates":[[[32.8489374,39.8655398],[32.8490647,39.8654468],[32.8492646,39.865608],[32.8491373,39.865701],[32.8489374,39.8655398]]]}},{"type":"Feature","properties":{"building":"yes","osm_id":444381276},"geometry":{"type":"Polygon","coordinates":[[[32.8481718,39.8669964],[32.8482103,39.8669917],[32.848218,39.8670071],[32.8484522,39.8669586],[32.8484476,39.8669432],[32.8484845,39.8669338],[32.8484784,39.8668948],[32.8484491,39.8668723],[32.8483952,39.8668687],[32.8483551,39.8668557],[32.848349,39.8668392],[32.8482257,39.8668605],[32.8482288,39.8668829],[32.8482088,39.8668912],[32.8482026,39.8669054],[32.8481703,39.866916],[32.8481533,39.8669326],[32.8481564,39.8669633],[32.8481718,39.8669964]]]}},{"type":"Feature","properties":{"building":"yes","osm_id":444381277},"geometry":{"type":"Polygon","coordinates":[[[32.8527737,39.8621731],[32.852963,39.8621381],[32.8530221,39.8623263],[32.8528328,39.8623613],[32.8527737,39.8621731]]]}},{"type":"Feature","properties":{"building":"yes","osm_id":444381278},"geometry":{"type":"Polygon","coordinates":[[[32.8525058,39.8622228],[32.8526863,39.8621821],[32.8527627,39.8623817],[32.8525822,39.8624224],[32.8525058,39.8622228]]]}},{"type":"Feature","properties":{"building":"yes","osm_id":444381279},"geometry":{"type":"Polygon","coordinates":[[[32.8522261,39.862263],[32.8524156,39.8622193],[32.8525003,39.8624357],[32.8523109,39.8624794],[32.8522261,39.862263]]]}},{"type":"Feature","properties":{"building":"yes","osm_id":444381280},"geometry":{"type":"Polygon","coordinates":[[[32.8516639,39.86206],[32.8516094,39.8618623],[32.8518325,39.8618261],[32.851887,39.8620238],[32.8516639,39.86206]]]}},{"type":"Feature","properties":{"building":"yes","osm_id":444381281},"geometry":{"type":"Polygon","coordinates":[[[32.8517117,39.8623489],[32.8518145,39.8623278],[32.8518224,39.8623506],[32.8518754,39.8623398],[32.8519549,39.8625687],[32.8517736,39.8626058],[32.8517084,39.862418],[32.8517299,39.8624014],[32.8517117,39.8623489]]]}},{"type":"Feature","properties":{"building":"yes","osm_id":444381282},"geometry":{"type":"Polygon","coordinates":[[[32.8520387,39.862525],[32.8519675,39.8623193],[32.8521393,39.8622842],[32.8522106,39.8624899],[32.8520387,39.862525]]]}},{"type":"Feature","properties":{"building":"yes","osm_id":444381283},"geometry":{"type":"Polygon","coordinates":[[[32.8514934,39.8626593],[32.8513892,39.8622862],[32.85155,39.8622597],[32.8516542,39.8626329],[32.8514934,39.8626593]]]}},{"type":"Feature","properties":{"building":"yes","osm_id":444381284},"geometry":{"type":"Polygon","coordinates":[[[32.8514342,39.8622042],[32.8513572,39.8619553],[32.8515259,39.8619246],[32.8516029,39.8621735],[32.8514342,39.8622042]]]}},{"type":"Feature","properties":{"building":"yes","osm_id":444381286},"geometry":{"type":"Polygon","coordinates":[[[32.8508065,39.8606606],[32.850698,39.8603839],[32.8509852,39.8603175],[32.8510937,39.8605943],[32.8508065,39.8606606]]]}},{"type":"Feature","properties":{"building":"yes","osm_id":444381287},"geometry":{"type":"Polygon","coordinates":[[[32.8472306,39.8531769],[32.8471963,39.8529135],[32.847497,39.8528904],[32.8475313,39.8531538],[32.8472306,39.8531769]]]}},{"type":"Feature","properties":{"building":"yes","osm_id":444381288},"geometry":{"type":"Polygon","coordinates":[[[32.8473057,39.8535368],[32.8472714,39.8532734],[32.847572,39.8532503],[32.8476063,39.8535137],[32.8473057,39.8535368]]]}},{"type":"Feature","properties":{"building":"yes","osm_id":444381289},"geometry":{"type":"Polygon","coordinates":[[[32.8489229,39.8516791],[32.8490395,39.8516231],[32.849397,39.8520616],[32.8492804,39.8521176],[32.8489229,39.8516791]]]}},{"type":"Feature","properties":{"building":"yes","osm_id":444381290},"geometry":{"type":"Polygon","coordinates":[[[32.8466285,39.8496811],[32.8465811,39.8495333],[32.8466298,39.8495241],[32.8466212,39.8494972],[32.8467686,39.8494694],[32.8467746,39.8494882],[32.8468375,39.8494764],[32.8468863,39.8496287],[32.8468478,39.8496359],[32.846857,39.8496645],[32.8466892,39.8496962],[32.8466812,39.8496712],[32.8466285,39.8496811]]]}},{"type":"Feature","properties":{"building":"yes","osm_id":444381291},"geometry":{"type":"Polygon","coordinates":[[[32.8462636,39.8499862],[32.8462162,39.8498384],[32.8462649,39.8498292],[32.8462563,39.8498023],[32.8464037,39.8497745],[32.8464097,39.8497933],[32.8464726,39.8497815],[32.8465214,39.8499338],[32.846483,39.849941],[32.8464921,39.8499696],[32.8463244,39.8500013],[32.8463163,39.8499763],[32.8462636,39.8499862]]]}},{"type":"Feature","properties":{"building":"yes","osm_id":444381292},"geometry":{"type":"Polygon","coordinates":[[[32.8469691,39.8494398],[32.8469217,39.849292],[32.8469705,39.8492828],[32.8469618,39.8492559],[32.8471093,39.849228],[32.8471153,39.8492469],[32.8471782,39.849235],[32.847227,39.8493874],[32.8471885,39.8493946],[32.8471977,39.8494232],[32.8470299,39.8494549],[32.8470219,39.8494298],[32.8469691,39.8494398]]]}},{"type":"Feature","properties":{"building":"yes","osm_id":444381293},"geometry":{"type":"Polygon","coordinates":[[[32.8473019,39.8491749],[32.8472545,39.849027],[32.8473032,39.8490178],[32.8472946,39.848991],[32.847442,39.8489631],[32.8474481,39.848982],[32.8475109,39.8489701],[32.8475598,39.8491224],[32.8475213,39.8491297],[32.8475304,39.8491582],[32.8473627,39.8491899],[32.8473547,39.8491649],[32.8473019,39.8491749]]]}},{"type":"Feature","properties":{"building":"yes","osm_id":444381294},"geometry":{"type":"Polygon","coordinates":[[[32.8484111,39.8493357],[32.8483637,39.8491879],[32.8484124,39.8491787],[32.8484038,39.8491518],[32.8485512,39.849124],[32.8485572,39.8491428],[32.8486201,39.849131],[32.8486689,39.8492833],[32.8486304,39.8492906],[32.8486396,39.8493191],[32.8484719,39.8493508],[32.8484638,39.8493258],[32.8484111,39.8493357]]]}},{"type":"Feature","properties":{"building":"yes","osm_id":444381295},"geometry":{"type":"Polygon","coordinates":[[[32.8487685,39.8490566],[32.8487211,39.8489088],[32.8487698,39.8488996],[32.8487612,39.8488727],[32.8489086,39.8488448],[32.8489146,39.8488637],[32.8489775,39.8488518],[32.8490263,39.8490042],[32.8489878,39.8490114],[32.848997,39.84904],[32.8488293,39.8490717],[32.8488212,39.8490466],[32.8487685,39.8490566]]]}},{"type":"Feature","properties":{"building":"yes","osm_id":444381296},"geometry":{"type":"Polygon","coordinates":[[[32.8491382,39.8487562],[32.8490908,39.8486084],[32.8491395,39.8485992],[32.8491309,39.8485723],[32.8492783,39.8485444],[32.8492844,39.8485633],[32.8493472,39.8485514],[32.8493961,39.8487037],[32.8493576,39.848711],[32.8493667,39.8487395],[32.849199,39.8487712],[32.849191,39.8487462],[32.8491382,39.8487562]]]}},{"type":"Feature","properties":{"building":"yes","osm_id":444381297},"geometry":{"type":"Polygon","coordinates":[[[32.8478133,39.8497828],[32.8477659,39.849635],[32.8478147,39.8496258],[32.847806,39.8495989],[32.8479535,39.849571],[32.8479595,39.8495899],[32.8480224,39.849578],[32.8480712,39.8497303],[32.8480327,39.8497376],[32.8480419,39.8497661],[32.8478741,39.8497978],[32.8478661,39.8497728],[32.8478133,39.8497828]]]}},{"type":"Feature","properties":{"building":"yes","osm_id":444381298},"geometry":{"type":"Polygon","coordinates":[[[32.8474652,39.8500619],[32.8474178,39.8499141],[32.8474665,39.8499049],[32.8474579,39.849878],[32.8476053,39.8498502],[32.8476114,39.849869],[32.8476742,39.8498571],[32.8477231,39.8500095],[32.8476846,39.8500167],[32.8476937,39.8500453],[32.847526,39.850077],[32.847518,39.8500519],[32.8474652,39.8500619]]]}},{"type":"Feature","properties":{"building":"yes","osm_id":444381299},"geometry":{"type":"Polygon","coordinates":[[[32.8471016,39.8503458],[32.8470542,39.8501979],[32.8471029,39.8501887],[32.8470943,39.8501619],[32.8472417,39.850134],[32.8472478,39.8501529],[32.8473107,39.850141],[32.8473595,39.8502933],[32.847321,39.8503006],[32.8473301,39.8503291],[32.8471624,39.8503608],[32.8471544,39.8503358],[32.8471016,39.8503458]]]}},{"type":"Feature","properties":{"building":"yes","osm_id":444398287},"geometry":{"type":"Polygon","coordinates":[[[32.848355,39.8483968],[32.8483286,39.8482966],[32.8483347,39.8482824],[32.8483211,39.8482389],[32.8483481,39.8482339],[32.8483452,39.8482247],[32.8484038,39.8482138],[32.8484069,39.8482237],[32.8484648,39.848213],[32.8484607,39.8481999],[32.8485131,39.8481903],[32.8485174,39.8482041],[32.8485536,39.8481974],[32.8485658,39.8482363],[32.8485828,39.848241],[32.8486167,39.8483297],[32.848612,39.8483428],[32.8486239,39.8483882],[32.8485889,39.8483936],[32.8485874,39.8484102],[32.8485458,39.8484173],[32.8485319,39.8484078],[32.8484872,39.8484185],[32.8484857,39.8484291],[32.8484441,39.8484386],[32.8484302,39.8484303],[32.8483919,39.8484362],[32.8483805,39.8483929],[32.848355,39.8483968]]]}},{"type":"Feature","properties":{"building":"yes","osm_id":444398288},"geometry":{"type":"Polygon","coordinates":[[[32.8479807,39.8486866],[32.8479543,39.8485864],[32.8479604,39.8485722],[32.8479468,39.8485286],[32.8479738,39.8485236],[32.8479709,39.8485144],[32.8480295,39.8485036],[32.8480326,39.8485134],[32.8480905,39.8485028],[32.8480864,39.8484897],[32.8481388,39.84848],[32.8481431,39.8484938],[32.8481793,39.8484871],[32.8481915,39.8485261],[32.8482085,39.8485308],[32.8482424,39.8486195],[32.8482377,39.8486325],[32.8482496,39.848678],[32.8482146,39.8486834],[32.8482131,39.8486999],[32.8481715,39.848707],[32.8481576,39.8486975],[32.848113,39.8487082],[32.8481114,39.8487188],[32.8480698,39.8487283],[32.848056,39.84872],[32.8480176,39.848726],[32.8480062,39.8486826],[32.8479807,39.8486866]]]}},{"type":"Feature","properties":{"building":"yes","osm_id":444398290},"geometry":{"type":"Polygon","coordinates":[[[32.8492541,39.8492167],[32.8493597,39.8491573],[32.8496362,39.8494468],[32.8495306,39.8495062],[32.8492541,39.8492167]]]}},{"type":"Feature","properties":{"building":"yes","osm_id":444398291},"geometry":{"type":"Polygon","coordinates":[[[32.8594874,39.850533],[32.8596563,39.8502434],[32.8597869,39.8502883],[32.859764,39.8503274],[32.8598243,39.8503482],[32.8598519,39.8503009],[32.8599504,39.8503348],[32.8597791,39.8506285],[32.8596638,39.8505889],[32.8596964,39.8505332],[32.8596596,39.8505205],[32.8596248,39.8505802],[32.8594874,39.850533]]]}},{"type":"Feature","properties":{"building":"yes","osm_id":444398292},"geometry":{"type":"Polygon","coordinates":[[[32.8589419,39.8503929],[32.8591108,39.8501033],[32.8592413,39.8501482],[32.8592185,39.8501873],[32.8592787,39.8502081],[32.8593063,39.8501608],[32.8594049,39.8501947],[32.8592336,39.8504884],[32.8591183,39.8504488],[32.8591508,39.8503931],[32.8591141,39.8503804],[32.8590793,39.8504401],[32.8589419,39.8503929]]]}},{"type":"Feature","properties":{"building":"yes","osm_id":444398293},"geometry":{"type":"Polygon","coordinates":[[[32.8590946,39.8510068],[32.8592635,39.8507172],[32.859394,39.850762],[32.8593712,39.8508012],[32.8594315,39.8508219],[32.859459,39.8507746],[32.8595576,39.8508085],[32.8593863,39.8511023],[32.859271,39.8510627],[32.8593035,39.8510069],[32.8592668,39.8509943],[32.859232,39.851054],[32.8590946,39.8510068]]]}},{"type":"Feature","properties":{"building":"yes","osm_id":444398294},"geometry":{"type":"Polygon","coordinates":[[[32.8594804,39.8514018],[32.8596493,39.8511121],[32.8597798,39.851157],[32.859757,39.8511962],[32.8598172,39.8512169],[32.8598448,39.8511696],[32.8599434,39.8512035],[32.8597721,39.8514973],[32.8596568,39.8514576],[32.8596893,39.8514019],[32.8596526,39.8513893],[32.8596178,39.851449],[32.8594804,39.8514018]]]}},{"type":"Feature","properties":{"building":"yes","osm_id":444398295},"geometry":{"type":"Polygon","coordinates":[[[32.8599234,39.850813],[32.8600923,39.8505234],[32.8602229,39.8505683],[32.8602,39.8506075],[32.8602603,39.8506282],[32.8602879,39.8505809],[32.8603864,39.8506148],[32.8602151,39.8509085],[32.8600998,39.8508689],[32.8601323,39.8508132],[32.8600956,39.8508006],[32.8600608,39.8508602],[32.8599234,39.850813]]]}},{"type":"Feature","properties":{"building":"yes","osm_id":444398296},"geometry":{"type":"Polygon","coordinates":[[[32.8598523,39.8518345],[32.8600212,39.8515449],[32.8601518,39.8515898],[32.8601289,39.851629],[32.8601892,39.8516497],[32.8602168,39.8516024],[32.8603153,39.8516363],[32.860144,39.85193],[32.8600288,39.8518904],[32.8600613,39.8518347],[32.8600245,39.851822],[32.8599897,39.8518817],[32.8598523,39.8518345]]]}},{"type":"Feature","properties":{"building":"yes","osm_id":444398297},"geometry":{"type":"Polygon","coordinates":[[[32.8602187,39.8522513],[32.8603876,39.8519617],[32.8605182,39.8520065],[32.8604953,39.8520457],[32.8605556,39.8520664],[32.8605832,39.8520191],[32.8606817,39.852053],[32.8605104,39.8523468],[32.8603952,39.8523072],[32.8604277,39.8522514],[32.8603909,39.8522388],[32.8603561,39.8522985],[32.8602187,39.8522513]]]}},{"type":"Feature","properties":{"building":"yes","osm_id":444398298},"geometry":{"type":"Polygon","coordinates":[[[32.8603882,39.8511085],[32.8605571,39.8508189],[32.8606876,39.8508638],[32.8606648,39.850903],[32.860725,39.8509237],[32.8607526,39.8508764],[32.8608512,39.8509103],[32.8606799,39.851204],[32.8605646,39.8511644],[32.8605971,39.8511087],[32.8605604,39.8510961],[32.8605256,39.8511557],[32.8603882,39.8511085]]]}},{"type":"Feature","properties":{"building":"yes","osm_id":444398299},"geometry":{"type":"Polygon","coordinates":[[[32.860857,39.8514489],[32.8610259,39.8511593],[32.8611565,39.8512041],[32.8611336,39.8512433],[32.8611939,39.851264],[32.8612215,39.8512167],[32.86132,39.8512506],[32.8611487,39.8515444],[32.8610335,39.8515048],[32.861066,39.851449],[32.8610292,39.8514364],[32.8609944,39.8514961],[32.860857,39.8514489]]]}},{"type":"Feature","properties":{"building":"yes","osm_id":444398300},"geometry":{"type":"Polygon","coordinates":[[[32.8607161,39.8525869],[32.860885,39.8522973],[32.8610155,39.8523421],[32.8609927,39.8523813],[32.861053,39.852402],[32.8610805,39.8523547],[32.8611791,39.8523886],[32.8610078,39.8526824],[32.8608925,39.8526428],[32.860925,39.852587],[32.8608883,39.8525744],[32.8608535,39.8526341],[32.8607161,39.8525869]]]}},{"type":"Feature","properties":{"building":"yes","osm_id":444398302},"geometry":{"type":"Polygon","coordinates":[[[32.8612313,39.8528172],[32.8614002,39.8525276],[32.8615307,39.8525724],[32.8615079,39.8526116],[32.8615682,39.8526323],[32.8615957,39.852585],[32.8616943,39.8526189],[32.861523,39.8529127],[32.8614077,39.852873],[32.8614402,39.8528173],[32.8614035,39.8528047],[32.8613687,39.8528644],[32.8612313,39.8528172]]]}},{"type":"Feature","properties":{"building":"yes","osm_id":444398303},"geometry":{"type":"Polygon","coordinates":[[[32.861816,39.8521135],[32.8619849,39.8518239],[32.8621155,39.8518687],[32.8620926,39.8519079],[32.8621529,39.8519286],[32.8621805,39.8518813],[32.862279,39.8519152],[32.8621077,39.852209],[32.8619924,39.8521694],[32.862025,39.8521136],[32.8619882,39.852101],[32.8619534,39.8521607],[32.861816,39.8521135]]]}},{"type":"Feature","properties":{"building":"yes","osm_id":444407969},"geometry":{"type":"Polygon","coordinates":[[[32.826662,39.8499475],[32.8267163,39.8499037],[32.8267431,39.8499233],[32.8267748,39.8498977],[32.8270564,39.8501035],[32.8270382,39.8501182],[32.8270711,39.8501422],[32.8269951,39.8502037],[32.8269683,39.8501842],[32.8269494,39.8501995],[32.8266705,39.8499965],[32.8266882,39.8499666],[32.826662,39.8499475]]]}},{"type":"Feature","properties":{"building":"yes","osm_id":444407970},"geometry":{"type":"Polygon","coordinates":[[[32.824863,39.8487583],[32.8250585,39.8486502],[32.8252219,39.8488244],[32.8250265,39.8489325],[32.824863,39.8487583]]]}},{"type":"Feature","properties":{"building":"yes","osm_id":444407971},"geometry":{"type":"Polygon","coordinates":[[[32.824955,39.8491802],[32.8251279,39.849079],[32.8252883,39.8492405],[32.8251154,39.8493417],[32.824955,39.8491802]]]}},{"type":"Feature","properties":{"phone":"0312 490 47 32","addr:city":"Çankaya/Ankara","addr:street":"Kudüs Caddesi","amenity":"bank","building":"yes","name":"İslam Kalkınma Bankası","website":"http://www.isdb-pilot.org/","osm_id":444407972},"geometry":{"type":"Polygon","coordinates":[[[32.830394,39.8486039],[32.8304001,39.8483885],[32.8306725,39.8483963],[32.8306827,39.8485446],[32.8307111,39.8485555],[32.8307416,39.8485774],[32.8307498,39.8486023],[32.8309612,39.8486164],[32.8309632,39.8488271],[32.8306685,39.8488208],[32.8306705,39.8486663],[32.8306319,39.8486585],[32.8306034,39.8486382],[32.8305953,39.8486086],[32.830394,39.8486039]]]}},{"type":"Feature","properties":{"building":"yes","osm_id":444407975},"geometry":{"type":"Polygon","coordinates":[[[32.8393827,39.8485362],[32.8392701,39.8481882],[32.8393264,39.8481738],[32.8394793,39.8482396],[32.8395866,39.84853],[32.8395007,39.8485568],[32.8394122,39.8485588],[32.8393827,39.8485362]]]}},{"type":"Feature","properties":{"building":"yes","building:levels":"11","osm_id":444410140},"geometry":{"type":"Polygon","coordinates":[[[32.8399406,39.848355],[32.8400425,39.8482623],[32.840241,39.848355],[32.8400452,39.8485115],[32.8399406,39.848355]]]}},{"type":"Feature","properties":{"building":"yes","building:levels":"11","osm_id":444410141},"geometry":{"type":"Polygon","coordinates":[[[32.840344,39.8481453],[32.8404368,39.8480472],[32.8406436,39.8481285],[32.8404632,39.8482955],[32.840344,39.8481453]]]}},{"type":"Feature","properties":{"building":"yes","osm_id":444410142},"geometry":{"type":"Polygon","coordinates":[[[32.8449986,39.8520725],[32.8449381,39.8518911],[32.8452248,39.8518347],[32.8452853,39.852016],[32.8449986,39.8520725]]]}},{"type":"Feature","properties":{"building":"yes","osm_id":444410143},"geometry":{"type":"Polygon","coordinates":[[[32.8455091,39.8519788],[32.8454463,39.851763],[32.8457593,39.8517093],[32.8458222,39.8519251],[32.8455091,39.8519788]]]}},{"type":"Feature","properties":{"building":"yes","osm_id":444410144},"geometry":{"type":"Polygon","coordinates":[[[32.8427235,39.8524097],[32.8426721,39.8522896],[32.8427702,39.8522609],[32.8428099,39.8521677],[32.8429804,39.852191],[32.8429687,39.8522717],[32.8430457,39.8523398],[32.842943,39.8524545],[32.8428543,39.8523882],[32.8427235,39.8524097]]]}},{"type":"Feature","properties":{"building":"yes","building:levels":"9","osm_id":444410146},"geometry":{"type":"Polygon","coordinates":[[[32.8431357,39.8519843],[32.8432184,39.8518183],[32.8434143,39.8518759],[32.8433316,39.8520418],[32.8431357,39.8519843]]]}},{"type":"Feature","properties":{"building":"yes","building:levels":"9","osm_id":444410147},"geometry":{"type":"Polygon","coordinates":[[[32.8427593,39.8518778],[32.842842,39.8517118],[32.8430379,39.8517693],[32.8429553,39.8519353],[32.8427593,39.8518778]]]}},{"type":"Feature","properties":{"building":"yes","osm_id":444410148},"geometry":{"type":"Polygon","coordinates":[[[32.8424174,39.8517707],[32.8424643,39.8516712],[32.842455,39.8516479],[32.8424726,39.85161],[32.8427269,39.8516796],[32.8427025,39.8517321],[32.8426791,39.8517411],[32.8426365,39.8518315],[32.8424174,39.8517707]]]}},{"type":"Feature","properties":{"building":"yes","osm_id":444410149},"geometry":{"type":"Polygon","coordinates":[[[32.8422355,39.8520745],[32.8423079,39.8518863],[32.8423873,39.8519006],[32.8423919,39.851915],[32.8425087,39.851949],[32.8424363,39.8521175],[32.8423359,39.8520906],[32.8423055,39.8520978],[32.8422355,39.8520745]]]}},{"type":"Feature","properties":{"amenity":"place_of_worship","building":"yes","religion":"muslim","osm_id":444410151},"geometry":{"type":"Polygon","coordinates":[[[32.8413312,39.8535958],[32.8413358,39.8535036],[32.841553,39.8535107],[32.8415561,39.8536029],[32.8413312,39.8535958]]]}},{"type":"Feature","properties":{"building":"yes","osm_id":444412549},"geometry":{"type":"Polygon","coordinates":[[[32.8414991,39.8525775],[32.84159,39.8524129],[32.8418621,39.8525015],[32.8417712,39.8526661],[32.8414991,39.8525775]]]}},{"type":"Feature","properties":{"building":"yes","osm_id":444412550},"geometry":{"type":"Polygon","coordinates":[[[32.8435061,39.8522354],[32.8436309,39.852205],[32.8436593,39.8522737],[32.8436948,39.852265],[32.8436641,39.8521908],[32.8437818,39.8521621],[32.8438318,39.852283],[32.8438094,39.8522885],[32.843819,39.8523117],[32.8439108,39.8522893],[32.8439579,39.852403],[32.8435596,39.8525001],[32.8435174,39.8523981],[32.8436107,39.8523754],[32.8436015,39.8523532],[32.8435591,39.8523635],[32.8435061,39.8522354]]]}},{"type":"Feature","properties":{"building":"yes","osm_id":444412551},"geometry":{"type":"Polygon","coordinates":[[[32.8442781,39.8520378],[32.8444029,39.8520074],[32.8444312,39.852076],[32.8444667,39.8520673],[32.844436,39.8519931],[32.8445537,39.8519644],[32.8446037,39.8520853],[32.8445813,39.8520908],[32.844591,39.852114],[32.8446828,39.8520916],[32.8447298,39.8522054],[32.8443315,39.8523024],[32.8442894,39.8522005],[32.8443826,39.8521777],[32.8443734,39.8521555],[32.844331,39.8521658],[32.8442781,39.8520378]]]}},{"type":"Feature","properties":{"building":"yes","osm_id":444412554},"geometry":{"type":"Polygon","coordinates":[[[32.854542,39.8608326],[32.8546798,39.8607287],[32.8548393,39.8608533],[32.8547014,39.8609572],[32.854542,39.8608326]]]}},{"type":"Feature","properties":{"building":"yes","osm_id":444412555},"geometry":{"type":"Polygon","coordinates":[[[32.8548714,39.8610764],[32.8549895,39.8609644],[32.8552379,39.8611188],[32.8551198,39.8612307],[32.8548714,39.8610764]]]}},{"type":"Feature","properties":{"building":"yes","osm_id":444412556},"geometry":{"type":"Polygon","coordinates":[[[32.857909,39.8633683],[32.8580004,39.8633527],[32.8581305,39.8634432],[32.8580736,39.8635056],[32.8580391,39.8635306],[32.8580086,39.8635368],[32.8579618,39.86354],[32.8579069,39.8635306],[32.85785,39.863501],[32.8577992,39.8634635],[32.857909,39.8633683]]]}},{"type":"Feature","properties":{"building":"yes","osm_id":444412557},"geometry":{"type":"Polygon","coordinates":[[[32.8602617,39.8635637],[32.8604416,39.8633596],[32.8605819,39.8634324],[32.8604019,39.8636366],[32.8602617,39.8635637]]]}},{"type":"Feature","properties":{"building":"yes","osm_id":444412558},"geometry":{"type":"Polygon","coordinates":[[[32.8600904,39.8634744],[32.8602742,39.8632649],[32.8604036,39.8633317],[32.8602198,39.8635413],[32.8600904,39.8634744]]]}},{"type":"Feature","properties":{"building":"yes","osm_id":444412559},"geometry":{"type":"Polygon","coordinates":[[[32.8599045,39.8633375],[32.8600724,39.8631663],[32.8602177,39.8632502],[32.8600497,39.8634214],[32.8599045,39.8633375]]]}},{"type":"Feature","properties":{"building":"no","amenity":"fire_station","name":"Dikmen İtfaiye Amirliği","osm_id":444597117},"geometry":{"type":"Polygon","coordinates":[[[32.8323249,39.8727173],[32.8323152,39.8726713],[32.8320175,39.872444],[32.8315466,39.8730991],[32.8317006,39.8731828],[32.8319925,39.8732923],[32.8322503,39.8729214],[32.8322876,39.8728405],[32.8323249,39.8727173]]]}},{"type":"Feature","properties":{"building":"house","osm_id":446574685},"geometry":{"type":"Polygon","coordinates":[[[32.8573373,39.8636883],[32.8575626,39.8638612],[32.8577128,39.86375],[32.8575036,39.8635771],[32.8573373,39.8636883]]]}},{"type":"Feature","properties":{"building":"yes","osm_id":447140427},"geometry":{"type":"Polygon","coordinates":[[[32.8288321,39.8510347],[32.8288831,39.8509945],[32.8288818,39.85094],[32.8289931,39.8509379],[32.8290977,39.8510059],[32.8291017,39.8510913],[32.8290387,39.8510954],[32.8289864,39.8511346],[32.8289394,39.8511047],[32.8288992,39.8511428],[32.8288375,39.8511006],[32.8288697,39.8510625],[32.8288321,39.8510347]]]}},{"type":"Feature","properties":{"building":"yes","osm_id":447140430},"geometry":{"type":"Polygon","coordinates":[[[32.8284379,39.8523057],[32.8284487,39.8519426],[32.828937,39.8519213],[32.8289293,39.8521023],[32.82884,39.8521259],[32.8288277,39.8522111],[32.8287245,39.8522288],[32.8286767,39.8523081],[32.8284379,39.8523057]]]}},{"type":"Feature","properties":{"building":"house","osm_id":448361151},"geometry":{"type":"Polygon","coordinates":[[[32.8501751,39.8655631],[32.8502706,39.8654976],[32.8502198,39.8654414],[32.8501345,39.865496],[32.8501751,39.8655631]]]}},{"type":"Feature","properties":{"building":"yes","osm_id":448361152},"geometry":{"type":"Polygon","coordinates":[[[32.8502788,39.865471],[32.8503824,39.865418],[32.8503398,39.8653961],[32.8502483,39.865432],[32.8502788,39.865471]]]}},{"type":"Feature","properties":{"building":"house","osm_id":448361153},"geometry":{"type":"Polygon","coordinates":[[[32.8500288,39.8653837],[32.8501121,39.8653337],[32.8500105,39.8652479],[32.8499271,39.8653025],[32.8500288,39.8653837]]]}},{"type":"Feature","properties":{"building":"house","osm_id":448361154},"geometry":{"type":"Polygon","coordinates":[[[32.8501771,39.8652339],[32.850295,39.8653088],[32.8503682,39.8652417],[32.8502645,39.8651699],[32.8501771,39.8652339]]]}},{"type":"Feature","properties":{"building":"house","osm_id":448361155},"geometry":{"type":"Polygon","coordinates":[[[32.8504211,39.8652729],[32.8505003,39.8652183],[32.850417,39.8651449],[32.8503316,39.8651949],[32.8504211,39.8652729]]]}},{"type":"Feature","properties":{"building":"house","osm_id":448361156},"geometry":{"type":"Polygon","coordinates":[[[32.8506569,39.8652542],[32.8506894,39.8653166],[32.8505756,39.8653634],[32.8505268,39.8653088],[32.8506569,39.8652542]]]}},{"type":"Feature","properties":{"building":"house","osm_id":448361157},"geometry":{"type":"Polygon","coordinates":[[[32.8504211,39.8653837],[32.8504678,39.8653774],[32.8505044,39.8654336],[32.8505512,39.8654164],[32.8505003,39.865301],[32.8503885,39.8653353],[32.8504211,39.8653837]]]}},{"type":"Feature","properties":{"building":"house","osm_id":448361158},"geometry":{"type":"Polygon","coordinates":[[[32.8505024,39.8648844],[32.8506243,39.864978],[32.8507016,39.864925],[32.8506243,39.8648345],[32.8505024,39.8648844]]]}},{"type":"Feature","properties":{"building":"house","osm_id":448361159},"geometry":{"type":"Polygon","coordinates":[[[32.8506203,39.864783],[32.850543,39.8648126],[32.8505776,39.8648454],[32.8506426,39.8647986],[32.8506203,39.864783]]]}},{"type":"Feature","properties":{"building":"house","osm_id":448361160},"geometry":{"type":"Polygon","coordinates":[[[32.8495348,39.8644678],[32.8495612,39.8645037],[32.8496852,39.8646488],[32.8497686,39.8646067],[32.8496242,39.864421],[32.8495348,39.8644678]]]}},{"type":"Feature","properties":{"building":"house","osm_id":448361161},"geometry":{"type":"Polygon","coordinates":[[[32.8498133,39.8646581],[32.8498478,39.8647018],[32.8499474,39.8646566],[32.8499088,39.8646129],[32.8498543,39.8646387],[32.8498133,39.8646581]]]}},{"type":"Feature","properties":{"building":"house","osm_id":448361162},"geometry":{"type":"Polygon","coordinates":[[[32.8498092,39.8645879],[32.8498543,39.8646387],[32.8499413,39.8645957],[32.8498844,39.8645443],[32.8498092,39.8645879]]]}},{"type":"Feature","properties":{"building":"house","osm_id":448361163},"geometry":{"type":"Polygon","coordinates":[[[32.8498844,39.8645443],[32.8499556,39.8645193],[32.8498702,39.8644101],[32.8497767,39.8644428],[32.8498844,39.8645443]]]}},{"type":"Feature","properties":{"building":"house","osm_id":448361164},"geometry":{"type":"Polygon","coordinates":[[[32.8496324,39.8643258],[32.8496873,39.8644054],[32.8497157,39.8644163],[32.8497767,39.8644007],[32.8498072,39.8643617],[32.8497604,39.8642774],[32.8496324,39.8643258]]]}},{"type":"Feature","properties":{"building":"house","osm_id":448361165},"geometry":{"type":"Polygon","coordinates":[[[32.8499312,39.8643477],[32.849982,39.8644241],[32.8500877,39.8643789],[32.8500409,39.8643009],[32.8499312,39.8643477]]]}},{"type":"Feature","properties":{"building":"house","osm_id":448361166},"geometry":{"type":"Polygon","coordinates":[[[32.8501893,39.8643445],[32.8503418,39.8642821],[32.8502381,39.8641417],[32.8500877,39.8642041],[32.8501893,39.8643445]]]}},{"type":"Feature","properties":{"building":"house","osm_id":448361167},"geometry":{"type":"Polygon","coordinates":[[[32.8500938,39.8641854],[32.8501934,39.8641417],[32.8501731,39.8640918],[32.8501324,39.8640715],[32.8501284,39.8640512],[32.850171,39.8640325],[32.8501527,39.8639997],[32.8501019,39.8640216],[32.850047,39.8640637],[32.8500836,39.864098],[32.8500552,39.8641058],[32.8500755,39.8641339],[32.8500552,39.8641433],[32.8500938,39.8641854]]]}},{"type":"Feature","properties":{"building":"house","osm_id":448361168},"geometry":{"type":"Polygon","coordinates":[[[32.8503215,39.86446],[32.8504272,39.8645786],[32.8505064,39.8645427],[32.8504983,39.864499],[32.8504516,39.8644569],[32.8503743,39.8644241],[32.8503215,39.86446]]]}},{"type":"Feature","properties":{"building":"house","osm_id":448361169},"geometry":{"type":"Polygon","coordinates":[[[32.8502991,39.8646909],[32.8503438,39.864744],[32.8503763,39.8647705],[32.8504312,39.8647408],[32.8504678,39.864719],[32.8503703,39.8646379],[32.8502991,39.8646909]]]}},{"type":"Feature","properties":{"building":"house","osm_id":448361170},"geometry":{"type":"Polygon","coordinates":[[[32.850108,39.8644616],[32.850167,39.8645333],[32.8502706,39.8644834],[32.8502117,39.8644054],[32.850108,39.8644616]]]}},{"type":"Feature","properties":{"building":"house","osm_id":448361171},"geometry":{"type":"Polygon","coordinates":[[[32.8507605,39.8641589],[32.8507666,39.8642868],[32.8509557,39.8642806],[32.8509435,39.8642244],[32.8508906,39.8642182],[32.8508845,39.8641573],[32.8507605,39.8641589]]]}},{"type":"Feature","properties":{"building":"house","osm_id":448361172},"geometry":{"type":"Polygon","coordinates":[[[32.8512153,39.86466],[32.851323,39.8645913],[32.8512478,39.8645117],[32.8511523,39.8645539],[32.8512153,39.86466]]]}},{"type":"Feature","properties":{"building":"house","osm_id":448361173},"geometry":{"type":"Polygon","coordinates":[[[32.8511523,39.8645539],[32.8512478,39.8645117],[32.8510974,39.8643698],[32.8510222,39.8644103],[32.8511523,39.8645539]]]}},{"type":"Feature","properties":{"building":"house","osm_id":448361174},"geometry":{"type":"Polygon","coordinates":[[[32.8510567,39.8638471],[32.8511157,39.8639126],[32.8512499,39.863844],[32.8511889,39.8637893],[32.8510567,39.8638471]]]}},{"type":"Feature","properties":{"building":"house","osm_id":448361175},"geometry":{"type":"Polygon","coordinates":[[[32.8512214,39.8637441],[32.8512844,39.8638486],[32.851386,39.8638003],[32.851319,39.8637051],[32.8512214,39.8637441]]]}},{"type":"Feature","properties":{"building":"house","osm_id":448361176},"geometry":{"type":"Polygon","coordinates":[[[32.8516666,39.8638705],[32.8517702,39.8638034],[32.8517194,39.8637488],[32.8516727,39.8637691],[32.8515792,39.8637145],[32.8515243,39.8637472],[32.8516666,39.8638705]]]}},{"type":"Feature","properties":{"building":"house","osm_id":448361177},"geometry":{"type":"Polygon","coordinates":[[[32.8514856,39.8638939],[32.8515893,39.8638299],[32.8515182,39.8637613],[32.8514165,39.8638112],[32.8514856,39.8638939]]]}},{"type":"Feature","properties":{"building":"yes","osm_id":448361178},"geometry":{"type":"Polygon","coordinates":[[[32.8503189,39.8642091],[32.8503758,39.8642793],[32.8504551,39.8642184],[32.8504042,39.8641638],[32.8503189,39.8642091]]]}},{"type":"Feature","properties":{"building":"house","osm_id":448361179},"geometry":{"type":"Polygon","coordinates":[[[32.8503758,39.8642793],[32.8504307,39.8643651],[32.8505323,39.8643105],[32.8504591,39.8642605],[32.8503758,39.8642793]]]}},{"type":"Feature","properties":{"building":"house","osm_id":448361180},"geometry":{"type":"Polygon","coordinates":[[[32.8504388,39.8641357],[32.8504916,39.8642075],[32.8506278,39.8641529],[32.8505547,39.8640811],[32.8504388,39.8641357]]]}},{"type":"Feature","properties":{"building":"house","osm_id":448361181},"geometry":{"type":"Polygon","coordinates":[[[32.8509612,39.8641232],[32.8510364,39.8642184],[32.8511055,39.8641825],[32.851008,39.8640811],[32.8509612,39.8641232]]]}},{"type":"Feature","properties":{"building":"house","osm_id":448361182},"geometry":{"type":"Polygon","coordinates":[[[32.8509815,39.8640187],[32.8510323,39.8640874],[32.8511584,39.8640359],[32.8510893,39.8639657],[32.8509815,39.8640187]]]}},{"type":"Feature","properties":{"building":"house","osm_id":449860627},"geometry":{"type":"Polygon","coordinates":[[[32.8255131,39.8458263],[32.8254702,39.8458346],[32.82543,39.8458716],[32.8254434,39.845921],[32.8254649,39.8459766],[32.8255212,39.8459766],[32.8256902,39.8460158],[32.825725,39.8459869],[32.825784,39.8458531],[32.8257519,39.8458181],[32.8257304,39.8457645],[32.8256848,39.8457625],[32.8256258,39.8457687],[32.8255802,39.8457913],[32.8255775,39.8458201],[32.8255131,39.8458263]]]}},{"type":"Feature","properties":{"building":"house","osm_id":449860628},"geometry":{"type":"Polygon","coordinates":[[[32.8259557,39.8454392],[32.8259477,39.8454165],[32.8259101,39.8454042],[32.8258538,39.8454103],[32.8257975,39.8454495],[32.8258028,39.8454906],[32.8258136,39.845538],[32.8258511,39.8455565],[32.8259235,39.8456018],[32.8259879,39.8456369],[32.8260201,39.8456369],[32.8261381,39.8455133],[32.8261408,39.8454598],[32.8261247,39.8454206],[32.8261032,39.8453959],[32.8260684,39.8453836],[32.8259906,39.8453877],[32.8259557,39.8454392]]]}},{"type":"Feature","properties":{"building":"house","osm_id":449860629},"geometry":{"type":"Polygon","coordinates":[[[32.8263634,39.8457851],[32.8263688,39.8457522],[32.8264036,39.8457151],[32.8264439,39.8457131],[32.8264975,39.8457481],[32.8265297,39.8457522],[32.826578,39.8457378],[32.8266289,39.8457563],[32.8266584,39.8457975],[32.8266531,39.8458469],[32.8266424,39.8458943],[32.826578,39.8459684],[32.8265404,39.8459725],[32.826468,39.8459663],[32.8264036,39.8459952],[32.8263741,39.8459787],[32.8263446,39.8459581],[32.826291,39.8459478],[32.8262964,39.8459066],[32.8262427,39.8458799],[32.8262293,39.8458448],[32.8262481,39.8458016],[32.8262642,39.845781],[32.8263098,39.8457728],[32.8263634,39.8457851]]]}},{"type":"Feature","properties":{"building":"house","osm_id":449860631},"geometry":{"type":"Polygon","coordinates":[[[32.8254894,39.8462493],[32.8254661,39.8462224],[32.82541,39.8461919],[32.8253423,39.8462045],[32.8252933,39.8462493],[32.8252793,39.8462959],[32.8253096,39.846321],[32.8253003,39.8463479],[32.8252302,39.8463676],[32.8252115,39.8463999],[32.8252139,39.8464393],[32.8252979,39.8464429],[32.825417,39.8464841],[32.8254544,39.8464859],[32.8255221,39.8464823],[32.8255548,39.8464716],[32.8256248,39.8462959],[32.8256435,39.8462726],[32.8256318,39.8462439],[32.8255991,39.8462206],[32.8255454,39.8462081],[32.8254894,39.8462493]]]}},{"type":"Feature","properties":{"building":"house","osm_id":449860633},"geometry":{"type":"Polygon","coordinates":[[[32.8260265,39.8464357],[32.8262319,39.8462134],[32.8263837,39.8462923],[32.8262062,39.8465146],[32.8260265,39.8464357]]]}},{"type":"Feature","properties":{"building":"house","osm_id":449860634},"geometry":{"type":"Polygon","coordinates":[[[32.8278711,39.8466813],[32.8280229,39.8467441],[32.8280906,39.8467853],[32.8279715,39.8469018],[32.8279015,39.846866],[32.8278221,39.8468337],[32.8277637,39.8467961],[32.8277684,39.8467459],[32.8278711,39.8466813]]]}},{"type":"Feature","properties":{"building":"house","osm_id":449860635},"geometry":{"type":"Polygon","coordinates":[[[32.8250585,39.8469678],[32.8250815,39.847014],[32.8250496,39.8470303],[32.8250726,39.8470534],[32.8251151,39.8470643],[32.8251381,39.8471091],[32.8251101,39.8471205],[32.8250779,39.8471335],[32.8249877,39.8471498],[32.8249169,39.8470276],[32.8250585,39.8469678]]]}},{"type":"Feature","properties":{"building":"house","osm_id":449860636},"geometry":{"type":"Polygon","coordinates":[[[32.8251101,39.8471205],[32.8251346,39.8471716],[32.825108,39.8472028],[32.825062,39.8472219],[32.8250762,39.8472436],[32.8251151,39.8472205],[32.8251328,39.8472314],[32.8251664,39.8472205],[32.8251912,39.8472721],[32.8251523,39.8472898],[32.8251204,39.8473102],[32.8250797,39.8473074],[32.8250567,39.8472898],[32.8250332,39.8472953],[32.8249735,39.8472123],[32.8249749,39.8471671],[32.8251101,39.8471205]]]}},{"type":"Feature","properties":{"building":"house","osm_id":449860637},"geometry":{"type":"Polygon","coordinates":[[[32.8253991,39.8472754],[32.8254581,39.8473824],[32.8256512,39.8473062],[32.8255922,39.8472053],[32.8253991,39.8472754]]]}},{"type":"Feature","properties":{"building":"house","osm_id":449860638},"geometry":{"type":"Polygon","coordinates":[[[32.825273,39.8470694],[32.8253213,39.8471724],[32.8255144,39.8471003],[32.8254581,39.8469912],[32.825273,39.8470694]]]}},{"type":"Feature","properties":{"building":"house","osm_id":449860639},"geometry":{"type":"Polygon","coordinates":[[[32.8251219,39.847795],[32.8251756,39.84789],[32.8253741,39.8478273],[32.825359,39.8478044],[32.8253087,39.8477287],[32.8251219,39.847795]]]}},{"type":"Feature","properties":{"building":"house","osm_id":449860640},"geometry":{"type":"Polygon","coordinates":[[[32.8253017,39.8476946],[32.825359,39.8478044],[32.8255632,39.8477305],[32.8254955,39.8476229],[32.8253017,39.8476946]]]}},{"type":"Feature","properties":{"building":"house","osm_id":449860641},"geometry":{"type":"Polygon","coordinates":[[[32.8246876,39.8479725],[32.8247787,39.8481231],[32.8249258,39.8480729],[32.8248324,39.8479115],[32.8246876,39.8479725]]]}},{"type":"Feature","properties":{"building":"house","osm_id":449860642},"geometry":{"type":"Polygon","coordinates":[[[32.8249655,39.8481015],[32.8250332,39.8482127],[32.825227,39.8481338],[32.8252139,39.8481137],[32.8251686,39.8480442],[32.8249655,39.8481015]]]}},{"type":"Feature","properties":{"building":"house","osm_id":449860643},"geometry":{"type":"Polygon","coordinates":[[[32.8251593,39.8479994],[32.8252139,39.8481137],[32.8254185,39.8480352],[32.8253554,39.8479133],[32.8251593,39.8479994]]]}},{"type":"Feature","properties":{"building":"house","osm_id":449860644},"geometry":{"type":"Polygon","coordinates":[[[32.8246806,39.8482378],[32.8247763,39.848392],[32.8248954,39.8483328],[32.8248044,39.8481768],[32.8246806,39.8482378]]]}},{"type":"Feature","properties":{"building":"yes","osm_id":454879635},"geometry":{"type":"Polygon","coordinates":[[[32.8274379,39.8727241],[32.8275892,39.872574],[32.8277056,39.872643],[32.8275543,39.8727932],[32.8274379,39.8727241]]]}},{"type":"Feature","properties":{"building":"yes","osm_id":454879636},"geometry":{"type":"Polygon","coordinates":[[[32.8310037,39.8662462],[32.8312704,39.8661317],[32.8313445,39.8662332],[32.8310778,39.8663478],[32.8310037,39.8662462]]]}},{"type":"Feature","properties":{"building":"yes","osm_id":454879637},"geometry":{"type":"Polygon","coordinates":[[[32.8311304,39.8663841],[32.8313755,39.8662897],[32.8314666,39.8664292],[32.8312216,39.8665236],[32.8311304,39.8663841]]]}},{"type":"Feature","properties":{"building":"yes","osm_id":454879638},"geometry":{"type":"Polygon","coordinates":[[[32.8290642,39.8658208],[32.8291202,39.865707],[32.8293868,39.8657844],[32.8293308,39.8658981],[32.8290642,39.8658208]]]}},{"type":"Feature","properties":{"building":"yes","osm_id":454879639},"geometry":{"type":"Polygon","coordinates":[[[32.8294079,39.8661609],[32.8294886,39.8660199],[32.8296922,39.8660886],[32.8296115,39.8662295],[32.8294079,39.8661609]]]}},{"type":"Feature","properties":{"building":"yes","osm_id":454879640},"geometry":{"type":"Polygon","coordinates":[[[32.8294636,39.8659499],[32.8295271,39.8658349],[32.8297822,39.8659179],[32.8297187,39.8660329],[32.8294636,39.8659499]]]}},{"type":"Feature","properties":{"building":"yes","osm_id":454879641},"geometry":{"type":"Polygon","coordinates":[[[32.8293202,39.8661935],[32.829567,39.8662718],[32.8294114,39.8665538],[32.8292961,39.8665044],[32.8292693,39.8664818],[32.8292505,39.8664097],[32.8292827,39.8663541],[32.8292156,39.8663212],[32.8291808,39.86628],[32.8291754,39.8662347],[32.8292022,39.8662018],[32.8292398,39.8662224],[32.8292773,39.8661812],[32.8293202,39.8661935]]]}},{"type":"Feature","properties":{"building":"yes","osm_id":454879643},"geometry":{"type":"Polygon","coordinates":[[[32.8294228,39.8669095],[32.8294674,39.8667998],[32.8297843,39.8668757],[32.8297398,39.8669854],[32.8294228,39.8669095]]]}},{"type":"Feature","properties":{"building":"school","osm_id":454879644},"geometry":{"type":"Polygon","coordinates":[[[32.8270998,39.865797],[32.8272224,39.8656264],[32.8273761,39.8656914],[32.8272536,39.8658621],[32.8270998,39.865797]]]}},{"type":"Feature","properties":{"building":"yes","osm_id":454879646},"geometry":{"type":"Polygon","coordinates":[[[32.8265629,39.864532],[32.8267304,39.8643482],[32.8268412,39.8644077],[32.8266736,39.8645915],[32.8265629,39.864532]]]}},{"type":"Feature","properties":{"building":"yes","osm_id":454879647},"geometry":{"type":"Polygon","coordinates":[[[32.8263203,39.8643363],[32.8264579,39.8641915],[32.8265797,39.8642597],[32.8264421,39.8644045],[32.8263203,39.8643363]]]}},{"type":"Feature","properties":{"building":"yes","osm_id":454879648},"geometry":{"type":"Polygon","coordinates":[[[32.8261492,39.8642362],[32.8262729,39.8640993],[32.8263923,39.864163],[32.8262686,39.8642998],[32.8261492,39.8642362]]]}},{"type":"Feature","properties":{"building":"yes","osm_id":454879649},"geometry":{"type":"Polygon","coordinates":[[[32.8260343,39.8646707],[32.826143,39.8645584],[32.8262603,39.8646253],[32.8261515,39.8647376],[32.8260343,39.8646707]]]}},{"type":"Feature","properties":{"building":"yes","osm_id":454879650},"geometry":{"type":"Polygon","coordinates":[[[32.8259808,39.8646147],[32.8261886,39.8643961],[32.8261139,39.8643477],[32.8260719,39.8643495],[32.8260462,39.8643638],[32.8259061,39.8645],[32.8258897,39.8645395],[32.8258944,39.8645628],[32.8259808,39.8646147]]]}},{"type":"Feature","properties":{"building":"yes","osm_id":454879651},"geometry":{"type":"Polygon","coordinates":[[[32.8244685,39.863493],[32.8245742,39.8634311],[32.8248214,39.8636797],[32.8247158,39.8637416],[32.8244685,39.863493]]]}},{"type":"Feature","properties":{"building":"yes","osm_id":454879652},"geometry":{"type":"Polygon","coordinates":[[[32.823922,39.8631353],[32.8238143,39.8628647],[32.8240471,39.8628102],[32.8241548,39.8630808],[32.823922,39.8631353]]]}},{"type":"Feature","properties":{"building":"yes","osm_id":454879653},"geometry":{"type":"Polygon","coordinates":[[[32.8237667,39.8638395],[32.8239737,39.8637059],[32.8241077,39.8638284],[32.8239007,39.863962],[32.8237667,39.8638395]]]}},{"type":"Feature","properties":{"building":"yes","osm_id":454879654},"geometry":{"type":"Polygon","coordinates":[[[32.8242298,39.8635718],[32.8243411,39.8635029],[32.8245343,39.8636866],[32.824423,39.8637555],[32.8242298,39.8635718]]]}},{"type":"Feature","properties":{"building":"yes","osm_id":454879655},"geometry":{"type":"Polygon","coordinates":[[[32.8246404,39.8633669],[32.8247832,39.8632746],[32.8249585,39.8634345],[32.8248158,39.8635268],[32.8246404,39.8633669]]]}},{"type":"Feature","properties":{"building":"yes","osm_id":454879656},"geometry":{"type":"Polygon","coordinates":[[[32.8248954,39.8635398],[32.8250741,39.8634405],[32.8252251,39.8635658],[32.8250464,39.8636794],[32.8248954,39.8635398]]]}},{"type":"Feature","properties":{"building":"yes","osm_id":454879657},"geometry":{"type":"Polygon","coordinates":[[[32.8240273,39.8639357],[32.8242072,39.8638352],[32.8243071,39.8639406],[32.8241272,39.8640411],[32.8240273,39.8639357]]]}},{"type":"Feature","properties":{"building":"yes","osm_id":454879658},"geometry":{"type":"Polygon","coordinates":[[[32.8236812,39.8642327],[32.8238517,39.8640588],[32.8239825,39.8641484],[32.8239451,39.8641879],[32.8239801,39.8642058],[32.8238564,39.8643384],[32.8236812,39.8642327]]]}},{"type":"Feature","properties":{"building":"yes","osm_id":454879659},"geometry":{"type":"Polygon","coordinates":[[[32.823972,39.8642884],[32.8241003,39.8641639],[32.8242626,39.8642624],[32.8241342,39.8643869],[32.823972,39.8642884]]]}},{"type":"Feature","properties":{"building":"yes","osm_id":454879660},"geometry":{"type":"Polygon","coordinates":[[[32.8233897,39.8640984],[32.8236505,39.863929],[32.8237904,39.8640558],[32.8235297,39.8642253],[32.8233897,39.8640984]]]}},{"type":"Feature","properties":{"building":"yes","osm_id":454879661},"geometry":{"type":"Polygon","coordinates":[[[32.823353,39.8631896],[32.8232826,39.863033],[32.8236167,39.8629446],[32.823687,39.8631012],[32.823353,39.8631896]]]}},{"type":"Feature","properties":{"building":"yes","osm_id":454879662},"geometry":{"type":"Polygon","coordinates":[[[32.824286,39.8630256],[32.8245585,39.8629636],[32.8246213,39.8631263],[32.8243488,39.8631883],[32.824286,39.8630256]]]}},{"type":"Feature","properties":{"building":"yes","osm_id":454879663},"geometry":{"type":"Polygon","coordinates":[[[32.8234155,39.8632328],[32.8236558,39.8631713],[32.8237274,39.8633364],[32.8234872,39.8633978],[32.8234155,39.8632328]]]}},{"type":"Feature","properties":{"building":"yes","osm_id":454879664},"geometry":{"type":"Polygon","coordinates":[[[32.8234944,39.8634477],[32.8237816,39.8633652],[32.8238447,39.8635301],[32.8236836,39.8635767],[32.8236626,39.8636215],[32.8235855,39.8636448],[32.8234944,39.8634477]]]}},{"type":"Feature","properties":{"building":"yes","osm_id":454879672},"geometry":{"type":"Polygon","coordinates":[[[32.8233677,39.864876],[32.8234336,39.8647558],[32.8236335,39.8648204],[32.8235676,39.8649406],[32.8233677,39.864876]]]}},{"type":"Feature","properties":{"building":"yes","osm_id":454879673},"geometry":{"type":"Polygon","coordinates":[[[32.8236257,39.8649543],[32.8236917,39.8648341],[32.8238915,39.8648987],[32.8238256,39.8650189],[32.8236257,39.8649543]]]}},{"type":"Feature","properties":{"building":"yes","osm_id":454879674},"geometry":{"type":"Polygon","coordinates":[[[32.8237698,39.8647625],[32.823861,39.8645949],[32.8240154,39.8646443],[32.8239242,39.864812],[32.8237698,39.8647625]]]}},{"type":"Feature","properties":{"building":"yes","osm_id":454879676},"geometry":{"type":"Polygon","coordinates":[[[32.8240097,39.8650967],[32.8240764,39.8649388],[32.8242596,39.8649844],[32.8241929,39.8651423],[32.8240097,39.8650967]]]}},{"type":"Feature","properties":{"building":"yes","osm_id":454879677},"geometry":{"type":"Polygon","coordinates":[[[32.8243176,39.8639699],[32.8244998,39.8641169],[32.8243573,39.8642047],[32.8243246,39.8641832],[32.8242896,39.864176],[32.8242593,39.864151],[32.8242102,39.8641151],[32.8242172,39.8640524],[32.8243176,39.8639699]]]}},{"type":"Feature","properties":{"building":"yes","osm_id":454879678},"geometry":{"type":"Polygon","coordinates":[[[32.8245138,39.8638767],[32.8246282,39.8637925],[32.8246609,39.8638194],[32.8246936,39.8638122],[32.8247426,39.8638391],[32.8247823,39.8638911],[32.8247613,39.8639108],[32.824794,39.8639431],[32.8246726,39.8640291],[32.8245138,39.8638767]]]}},{"type":"Feature","properties":{"building":"yes","osm_id":454879679},"geometry":{"type":"Polygon","coordinates":[[[32.8248242,39.8638111],[32.824994,39.8637803],[32.8250391,39.8639269],[32.8248693,39.8639577],[32.8248242,39.8638111]]]}},{"type":"Feature","properties":{"building":"yes","osm_id":454879685},"geometry":{"type":"Polygon","coordinates":[[[32.8240421,39.8633713],[32.8239814,39.8632172],[32.8242079,39.8631634],[32.8242569,39.8632907],[32.8241915,39.8633175],[32.8241518,39.863357],[32.8240421,39.8633713]]]}},{"type":"Feature","properties":{"building":"yes","osm_id":454879686},"geometry":{"type":"Polygon","coordinates":[[[32.8252216,39.8616346],[32.8254019,39.8615438],[32.8255824,39.8617549],[32.8254022,39.8618457],[32.8252216,39.8616346]]]}},{"type":"Feature","properties":{"building":"yes","osm_id":454879687},"geometry":{"type":"Polygon","coordinates":[[[32.8254301,39.8614842],[32.8255832,39.8613516],[32.8258226,39.8615145],[32.8256695,39.8616471],[32.8254301,39.8614842]]]}},{"type":"Feature","properties":{"building":"yes","osm_id":454879688},"geometry":{"type":"Polygon","coordinates":[[[32.8256969,39.8617144],[32.8259094,39.8615922],[32.8260151,39.8617006],[32.8258027,39.8618228],[32.8256969,39.8617144]]]}},{"type":"Feature","properties":{"building":"yes","osm_id":454879689},"geometry":{"type":"Polygon","coordinates":[[[32.8258553,39.8618713],[32.8260818,39.8617459],[32.8261845,39.8618552],[32.8259581,39.8619806],[32.8258553,39.8618713]]]}},{"type":"Feature","properties":{"building":"yes","amenity":"place_of_worship","religion":"muslim","osm_id":454879690},"geometry":{"type":"Polygon","coordinates":[[[32.8238831,39.862061],[32.8239591,39.8619107],[32.8240584,39.8619403],[32.8240147,39.8620266],[32.8240561,39.8620389],[32.8240237,39.8621029],[32.8238831,39.862061]]]}},{"type":"Feature","properties":{"building":"yes","osm_id":454879691},"geometry":{"type":"Polygon","coordinates":[[[32.8241482,39.8623144],[32.8242099,39.8622567],[32.8242448,39.8622444],[32.8243333,39.8622258],[32.8244298,39.8624235],[32.8242287,39.8624955],[32.8241482,39.8623144]]]}},{"type":"Feature","properties":{"building":"yes","osm_id":454879692},"geometry":{"type":"Polygon","coordinates":[[[32.8245923,39.8619898],[32.8247623,39.8619444],[32.8248264,39.8620857],[32.8246565,39.8621311],[32.8245923,39.8619898]]]}},{"type":"Feature","properties":{"building":"yes","osm_id":454879693},"geometry":{"type":"Polygon","coordinates":[[[32.8246667,39.8621872],[32.8248371,39.8621384],[32.8248996,39.862267],[32.8247292,39.8623158],[32.8246667,39.8621872]]]}},{"type":"Feature","properties":{"building":"yes","osm_id":454879694},"geometry":{"type":"Polygon","coordinates":[[[32.8247483,39.862511],[32.8246935,39.8623838],[32.8248877,39.8623345],[32.8249426,39.8624617],[32.8247483,39.862511]]]}},{"type":"Feature","properties":{"building":"yes","osm_id":454879695},"geometry":{"type":"Polygon","coordinates":[[[32.8247298,39.8625881],[32.8249585,39.8625125],[32.8250263,39.8626334],[32.8247976,39.862709],[32.8247298,39.8625881]]]}},{"type":"Feature","properties":{"building":"yes","osm_id":454879696},"geometry":{"type":"Polygon","coordinates":[[[32.824829,39.8618639],[32.8250574,39.8617772],[32.8251255,39.8618829],[32.8248971,39.8619696],[32.824829,39.8618639]]]}},{"type":"Feature","properties":{"building":"yes","osm_id":454879697},"geometry":{"type":"Polygon","coordinates":[[[32.8249521,39.8620027],[32.8251528,39.861938],[32.82522,39.8620608],[32.8250192,39.8621255],[32.8249521,39.8620027]]]}},{"type":"Feature","properties":{"building":"yes","osm_id":454879698},"geometry":{"type":"Polygon","coordinates":[[[32.8250371,39.8621953],[32.8252435,39.8621242],[32.8253146,39.8622458],[32.8251082,39.8623169],[32.8250371,39.8621953]]]}},{"type":"Feature","properties":{"building":"yes","osm_id":454879699},"geometry":{"type":"Polygon","coordinates":[[[32.8251331,39.8623927],[32.8253659,39.8623039],[32.8254618,39.862452],[32.8252289,39.8625408],[32.8251331,39.8623927]]]}},{"type":"Feature","properties":{"building":"yes","osm_id":454879700},"geometry":{"type":"Polygon","coordinates":[[[32.825374,39.8625573],[32.8255295,39.8625017],[32.8256234,39.8626788],[32.8253364,39.8627879],[32.8252721,39.8626891],[32.825323,39.8626582],[32.825323,39.8626252],[32.825382,39.8625923],[32.825374,39.8625573]]]}},{"type":"Feature","properties":{"building":"yes","amenity":"place_of_worship","name":"Yıldızevler Güneytepe Cami","religion":"muslim","osm_id":458451789},"geometry":{"type":"Polygon","coordinates":[[[32.8523614,39.8574538],[32.85247,39.8574217],[32.8525782,39.8576377],[32.8525121,39.8576572],[32.8524529,39.8575391],[32.8524104,39.8575516],[32.8523614,39.8574538]]]}},{"type":"Feature","properties":{"building":"yes","osm_id":458465552},"geometry":{"type":"Polygon","coordinates":[[[32.8539567,39.859976],[32.85418,39.8598067],[32.8543952,39.8599739],[32.8541719,39.8601433],[32.8539567,39.859976]]]}},{"type":"Feature","properties":{"building":"yes","osm_id":458465553},"geometry":{"type":"Polygon","coordinates":[[[32.8546997,39.8605421],[32.8549444,39.8603491],[32.8550926,39.8604598],[32.8548479,39.8606528],[32.8546997,39.8605421]]]}},{"type":"Feature","properties":{"building":"yes","osm_id":458465554},"geometry":{"type":"Polygon","coordinates":[[[32.8546029,39.8603939],[32.8548023,39.8602423],[32.8548971,39.8603157],[32.8546977,39.8604673],[32.8546029,39.8603939]]]}},{"type":"Feature","properties":{"building":"yes","osm_id":458465555},"geometry":{"type":"Polygon","coordinates":[[[32.8542441,39.8601923],[32.8545209,39.8599683],[32.8546474,39.8600604],[32.8543705,39.8602844],[32.8542441,39.8601923]]]}},{"type":"Feature","properties":{"building":"yes","osm_id":458465556},"geometry":{"type":"Polygon","coordinates":[[[32.8544348,39.8602807],[32.8545877,39.8601572],[32.8546923,39.8602539],[32.854526,39.8603877],[32.8544402,39.860328],[32.8544482,39.8603054],[32.8544348,39.8602807]]]}},{"type":"Feature","properties":{"building":"yes","osm_id":458465557},"geometry":{"type":"Polygon","coordinates":[[[32.8554744,39.86101],[32.855641,39.8608323],[32.8557917,39.8609154],[32.8556251,39.8610932],[32.8554744,39.86101]]]}},{"type":"Feature","properties":{"building":"yes","osm_id":458465558},"geometry":{"type":"Polygon","coordinates":[[[32.8562683,39.8614044],[32.8564281,39.8612294],[32.8565767,39.8613093],[32.8564168,39.8614843],[32.8562683,39.8614044]]]}},{"type":"Feature","properties":{"building":"yes","osm_id":458465559},"geometry":{"type":"Polygon","coordinates":[[[32.8564343,39.8615244],[32.8566207,39.8613301],[32.8567443,39.8614001],[32.8565579,39.8615943],[32.8564343,39.8615244]]]}},{"type":"Feature","properties":{"building":"yes","osm_id":458466498},"geometry":{"type":"Polygon","coordinates":[[[32.8637871,39.8657802],[32.863819,39.8657394],[32.8638437,39.8657517],[32.8638544,39.8657381],[32.8639216,39.8657449],[32.8639588,39.8657625],[32.8639747,39.8657517],[32.8640419,39.8657951],[32.8640402,39.8658087],[32.8640172,39.8658101],[32.8640207,39.8658522],[32.8640649,39.8658671],[32.8640596,39.8659024],[32.8640189,39.8659377],[32.864003,39.8659255],[32.8639552,39.865954],[32.8639039,39.8660084],[32.8638809,39.8660369],[32.8638815,39.866065],[32.8638923,39.8660757],[32.8638523,39.8661171],[32.8638369,39.86611],[32.8638184,39.8661277],[32.8638076,39.8661206],[32.8638014,39.8661088],[32.8637429,39.8661112],[32.8637198,39.8661384],[32.8636551,39.8661052],[32.8636551,39.8660946],[32.8636243,39.8660721],[32.8635934,39.8660438],[32.8636027,39.8660331],[32.8635888,39.8660189],[32.8635965,39.8660083],[32.8635904,39.866],[32.8636258,39.8659527],[32.8636458,39.8659657],[32.8636597,39.8659563],[32.8636751,39.8659527],[32.8637059,39.8659539],[32.8637444,39.8659539],[32.863766,39.8659492],[32.8638014,39.8659314],[32.8638214,39.8659125],[32.8638322,39.865883],[32.8638338,39.8658676],[32.8638214,39.8658534],[32.8638014,39.8658321],[32.8638091,39.8658037],[32.8637871,39.8657802]]]}},{"type":"Feature","properties":{"building":"yes","osm_id":458466499},"geometry":{"type":"Polygon","coordinates":[[[32.8642325,39.8660243],[32.8642643,39.8659836],[32.8642891,39.8659958],[32.8642997,39.8659822],[32.864367,39.865989],[32.8644041,39.8660067],[32.8644201,39.8659958],[32.8644873,39.8660393],[32.8644855,39.8660528],[32.8644625,39.8660542],[32.8644661,39.8660963],[32.8645103,39.8661112],[32.864505,39.8661466],[32.8644643,39.8661819],[32.8644484,39.8661696],[32.8644006,39.8661982],[32.8643493,39.8662525],[32.8643263,39.866281],[32.8643269,39.8663092],[32.8643377,39.8663198],[32.8642976,39.8663612],[32.8642822,39.8663541],[32.8642637,39.8663718],[32.864253,39.8663647],[32.8642468,39.8663529],[32.8641883,39.8663553],[32.8641651,39.8663825],[32.8641004,39.8663494],[32.8641004,39.8663387],[32.8640696,39.8663163],[32.8640388,39.8662879],[32.8640481,39.8662772],[32.8640342,39.8662631],[32.8640419,39.8662524],[32.8640357,39.8662441],[32.8640712,39.8661968],[32.8640912,39.8662099],[32.8641051,39.8662004],[32.8641205,39.8661968],[32.8641513,39.866198],[32.8641898,39.866198],[32.8642114,39.8661933],[32.8642468,39.8661756],[32.8642668,39.8661566],[32.8642776,39.8661271],[32.8642791,39.8661117],[32.8642668,39.8660975],[32.8642468,39.8660762],[32.8642545,39.8660479],[32.8642325,39.8660243]]]}},{"type":"Feature","properties":{"building":"yes","osm_id":458467544},"geometry":{"type":"Polygon","coordinates":[[[32.8630058,39.873323],[32.8631547,39.8732646],[32.8632717,39.8734404],[32.8631227,39.8734987],[32.8630058,39.873323]]]}},{"type":"Feature","properties":{"building":"yes","osm_id":458467546},"geometry":{"type":"Polygon","coordinates":[[[32.8600208,39.873613],[32.8603195,39.8735604],[32.8603651,39.873713],[32.8600663,39.8737655],[32.8600208,39.873613]]]}},{"type":"Feature","properties":{"building":"yes","osm_id":458889295},"geometry":{"type":"Polygon","coordinates":[[[32.8233922,39.8667375],[32.8233708,39.8666551],[32.8235719,39.8665357],[32.8237195,39.8666448],[32.8237114,39.8666716],[32.8233922,39.8667375]]]}},{"type":"Feature","properties":{"building":"yes","osm_id":458889296},"geometry":{"type":"Polygon","coordinates":[[[32.8239282,39.8663875],[32.824068,39.866264],[32.8241939,39.866348],[32.8240541,39.8664715],[32.8239282,39.8663875]]]}},{"type":"Feature","properties":{"building":"yes","osm_id":458895596},"geometry":{"type":"Polygon","coordinates":[[[32.8257113,39.8649073],[32.825903,39.8647115],[32.8260819,39.8648147],[32.8258901,39.8650105],[32.8257113,39.8649073]]]}},{"type":"Feature","properties":{"building":"yes","osm_id":458895597},"geometry":{"type":"Polygon","coordinates":[[[32.8253336,39.8647755],[32.8254271,39.864674],[32.8257259,39.8646257],[32.8257584,39.8647208],[32.8256588,39.86488],[32.8253336,39.8647755]]]}},{"type":"Feature","properties":{"building":"school","osm_id":458895598},"geometry":{"type":"Polygon","coordinates":[[[32.8303248,39.8643226],[32.8303779,39.8641411],[32.8305465,39.8641701],[32.8304935,39.8643517],[32.8303248,39.8643226]]]}},{"type":"Feature","properties":{"building":"yes","osm_id":458895599},"geometry":{"type":"Polygon","coordinates":[[[32.8308182,39.8624668],[32.8309205,39.8626465],[32.8307402,39.862707],[32.8306379,39.8625273],[32.8308182,39.8624668]]]}},{"type":"Feature","properties":{"building":"yes","osm_id":458895600},"geometry":{"type":"Polygon","coordinates":[[[32.8308541,39.8624491],[32.8310266,39.8623691],[32.8311476,39.8625229],[32.8309752,39.8626029],[32.8308541,39.8624491]]]}},{"type":"Feature","properties":{"building":"yes","osm_id":458895601},"geometry":{"type":"Polygon","coordinates":[[[32.8311296,39.8628414],[32.8310412,39.8626753],[32.8312192,39.8626195],[32.8313075,39.8627856],[32.8311296,39.8628414]]]}},{"type":"Feature","properties":{"building":"yes","osm_id":458895602},"geometry":{"type":"Polygon","coordinates":[[[32.8312422,39.8630377],[32.8311563,39.8628808],[32.8313126,39.8628304],[32.8313984,39.8629873],[32.8312422,39.8630377]]]}},{"type":"Feature","properties":{"building":"yes","osm_id":458895603},"geometry":{"type":"Polygon","coordinates":[[[32.8312619,39.8631162],[32.8314512,39.8630735],[32.8315135,39.8632366],[32.8313242,39.8632793],[32.8312619,39.8631162]]]}},{"type":"Feature","properties":{"building":"yes","osm_id":458895604},"geometry":{"type":"Polygon","coordinates":[[[32.8302881,39.8631343],[32.8304566,39.8630754],[32.8305435,39.863222],[32.830375,39.8632808],[32.8302881,39.8631343]]]}},{"type":"Feature","properties":{"building":"yes","osm_id":458895605},"geometry":{"type":"Polygon","coordinates":[[[32.8301497,39.8629728],[32.8303435,39.862899],[32.8304244,39.8630241],[32.8302306,39.8630979],[32.8301497,39.8629728]]]}},{"type":"Feature","properties":{"building":"yes","osm_id":458895606},"geometry":{"type":"Polygon","coordinates":[[[32.8298241,39.8624364],[32.8300109,39.8623723],[32.8301138,39.8625491],[32.8299271,39.8626132],[32.8298241,39.8624364]]]}},{"type":"Feature","properties":{"building":"yes","osm_id":458895607},"geometry":{"type":"Polygon","coordinates":[[[32.8300373,39.8623552],[32.8302063,39.8622687],[32.830327,39.862454],[32.8302144,39.8625158],[32.8301956,39.8625034],[32.8301473,39.862522],[32.8300373,39.8623552]]]}},{"type":"Feature","properties":{"building":"yes","osm_id":459125393},"geometry":{"type":"Polygon","coordinates":[[[32.8339513,39.8699984],[32.8340947,39.8698752],[32.8342189,39.8699604],[32.8340755,39.8700836],[32.8339513,39.8699984]]]}},{"type":"Feature","properties":{"building":"yes","osm_id":459125394},"geometry":{"type":"Polygon","coordinates":[[[32.8341351,39.8701002],[32.8342816,39.869977],[32.8344139,39.8700696],[32.8342674,39.8701929],[32.8341351,39.8701002]]]}},{"type":"Feature","properties":{"building":"yes","osm_id":459125395},"geometry":{"type":"Polygon","coordinates":[[[32.8337245,39.8698536],[32.8338917,39.8696978],[32.8339951,39.8697632],[32.8339281,39.8698257],[32.833993,39.8698667],[32.8338929,39.86996],[32.8337245,39.8698536]]]}},{"type":"Feature","properties":{"building":"yes","osm_id":459128811},"geometry":{"type":"Polygon","coordinates":[[[32.8283994,39.8616207],[32.8283968,39.8615795],[32.8286623,39.8614601],[32.8287562,39.8616207],[32.8283994,39.8616207]]]}},{"type":"Feature","properties":{"building":"yes","osm_id":459153419},"geometry":{"type":"Polygon","coordinates":[[[32.8416599,39.8693522],[32.8419396,39.8692513],[32.8420022,39.8693535],[32.8417225,39.8694544],[32.8416599,39.8693522]]]}},{"type":"Feature","properties":{"building":"yes","osm_id":459578866},"geometry":{"type":"Polygon","coordinates":[[[32.8472198,39.8553526],[32.8472134,39.8551951],[32.8474301,39.8551899],[32.8474365,39.8553474],[32.8472198,39.8553526]]]}},{"type":"Feature","properties":{"building":"yes","osm_id":459578867},"geometry":{"type":"Polygon","coordinates":[[[32.8585608,39.8625865],[32.8587178,39.8624183],[32.8588687,39.8625013],[32.8587118,39.8626695],[32.8585608,39.8625865]]]}},{"type":"Feature","properties":{"building":"yes","osm_id":459578868},"geometry":{"type":"Polygon","coordinates":[[[32.8583286,39.8625176],[32.8585099,39.8623322],[32.8586617,39.8624197],[32.8584804,39.8626051],[32.8583286,39.8625176]]]}},{"type":"Feature","properties":{"building":"yes","osm_id":459578869},"geometry":{"type":"Polygon","coordinates":[[[32.8587607,39.8627053],[32.8589244,39.8625257],[32.859071,39.8626044],[32.8589073,39.862784],[32.8587607,39.8627053]]]}},{"type":"Feature","properties":{"building":"yes","osm_id":459578870},"geometry":{"type":"Polygon","coordinates":[[[32.8589442,39.8628178],[32.8590948,39.8626551],[32.8592706,39.862751],[32.85912,39.8629136],[32.8589442,39.8628178]]]}},{"type":"Feature","properties":{"building":"yes","osm_id":459578871},"geometry":{"type":"Polygon","coordinates":[[[32.8593267,39.8630357],[32.8594935,39.8628489],[32.8596367,39.8629243],[32.8594698,39.863111],[32.8593267,39.8630357]]]}},{"type":"Feature","properties":{"building":"yes","osm_id":459578872},"geometry":{"type":"Polygon","coordinates":[[[32.8595244,39.8631421],[32.8596999,39.8629538],[32.8598411,39.8630314],[32.8596655,39.8632196],[32.8595244,39.8631421]]]}},{"type":"Feature","properties":{"building":"yes","osm_id":459578873},"geometry":{"type":"Polygon","coordinates":[[[32.859722,39.8632544],[32.8598995,39.8630737],[32.8600248,39.8631462],[32.8598473,39.8633269],[32.859722,39.8632544]]]}},{"type":"Feature","properties":{"building":"yes","osm_id":459578874},"geometry":{"type":"Polygon","coordinates":[[[32.8584058,39.8629439],[32.8585568,39.8628165],[32.8587282,39.8629362],[32.8585772,39.8630636],[32.8584058,39.8629439]]]}},{"type":"Feature","properties":{"building":"yes","osm_id":459578875},"geometry":{"type":"Polygon","coordinates":[[[32.858278,39.8631158],[32.8583816,39.8630189],[32.8585286,39.8631115],[32.8584251,39.8632084],[32.858278,39.8631158]]]}},{"type":"Feature","properties":{"building":"yes","osm_id":459578876},"geometry":{"type":"Polygon","coordinates":[[[32.8581219,39.8627665],[32.8582183,39.8626596],[32.858413,39.862763],[32.8583165,39.8628699],[32.8581219,39.8627665]]]}},{"type":"Feature","properties":{"building":"yes","osm_id":459578877},"geometry":{"type":"Polygon","coordinates":[[[32.8579403,39.8629441],[32.8580386,39.8628411],[32.8582266,39.8629467],[32.8581283,39.8630497],[32.8579403,39.8629441]]]}},{"type":"Feature","properties":{"building":"yes","osm_id":459578878},"geometry":{"type":"Polygon","coordinates":[[[32.857776,39.8631465],[32.8578953,39.8630166],[32.8580507,39.8631007],[32.8579313,39.8632306],[32.857776,39.8631465]]]}},{"type":"Feature","properties":{"building":"yes","osm_id":459578879},"geometry":{"type":"Polygon","coordinates":[[[32.8578496,39.8622489],[32.8579905,39.8621016],[32.8581149,39.8621717],[32.857974,39.862319],[32.8578496,39.8622489]]]}},{"type":"Feature","properties":{"building":"yes","osm_id":459578880},"geometry":{"type":"Polygon","coordinates":[[[32.85802,39.8623315],[32.8581872,39.8621523],[32.8582991,39.8622138],[32.8581319,39.862393],[32.85802,39.8623315]]]}},{"type":"Feature","properties":{"building":"yes","osm_id":459578881},"geometry":{"type":"Polygon","coordinates":[[[32.8576538,39.8621346],[32.8577899,39.8619779],[32.85795,39.8620599],[32.8578139,39.8622165],[32.8576538,39.8621346]]]}},{"type":"Feature","properties":{"building":"yes","osm_id":459578882},"geometry":{"type":"Polygon","coordinates":[[[32.8576263,39.8618469],[32.8577614,39.8619191],[32.8575709,39.8621289],[32.8574358,39.8620566],[32.8576263,39.8618469]]]}},{"type":"Feature","properties":{"building":"apartments","building:levels":"4","osm_id":462875515},"geometry":{"type":"Polygon","coordinates":[[[32.8234579,39.8469695],[32.8233352,39.8467681],[32.8235008,39.8467086],[32.8236235,39.8469101],[32.8234579,39.8469695]]]}},{"type":"Feature","properties":{"building":"apartments","building:levels":"4","osm_id":462875516},"geometry":{"type":"Polygon","coordinates":[[[32.8236463,39.8467365],[32.8237286,39.8468665],[32.8240425,39.8467495],[32.8239602,39.8466194],[32.8236463,39.8467365]]]}},{"type":"Feature","properties":{"building":"yes","osm_id":463585634},"geometry":{"type":"Polygon","coordinates":[[[32.8232291,39.8513774],[32.8233149,39.8513301],[32.823331,39.8513486],[32.8233739,39.8513198],[32.8233552,39.8512971],[32.8234571,39.8512498],[32.8234973,39.8513157],[32.8235563,39.8513507],[32.8236448,39.851431],[32.8235241,39.8515072],[32.823492,39.851466],[32.8234625,39.8514804],[32.8235027,39.8515278],[32.8233632,39.8516039],[32.8232801,39.8515072],[32.8232747,39.8514454],[32.8232291,39.8513774]]]}},{"type":"Feature","properties":{"building":"yes","osm_id":463585635},"geometry":{"type":"Polygon","coordinates":[[[32.8241714,39.850799],[32.8242251,39.8508689],[32.8241996,39.8508795],[32.8242332,39.8509149],[32.8242642,39.8509026],[32.8243165,39.8509848],[32.8242274,39.8510096],[32.8241767,39.8510516],[32.8240646,39.8511121],[32.8239766,39.8510129],[32.8240329,39.850992],[32.8240169,39.8509682],[32.8239518,39.8509947],[32.8238655,39.8508812],[32.8239985,39.8508263],[32.8240791,39.8508278],[32.8241714,39.850799]]]}},{"type":"Feature","properties":{"building":"yes","osm_id":463585636},"geometry":{"type":"Polygon","coordinates":[[[32.8244858,39.8501006],[32.8244964,39.8498167],[32.824684,39.8498208],[32.8246735,39.8501047],[32.8244858,39.8501006]]]}},{"type":"Feature","properties":{"building":"yes","osm_id":463585637},"geometry":{"type":"Polygon","coordinates":[[[32.8242423,39.8494945],[32.8243814,39.8494101],[32.8246042,39.8496266],[32.8244651,39.849711],[32.8242423,39.8494945]]]}},{"type":"Feature","properties":{"building":"yes","osm_id":463585638},"geometry":{"type":"Polygon","coordinates":[[[32.8242168,39.8491836],[32.8243977,39.8490681],[32.8244465,39.8490759],[32.8245095,39.8491134],[32.8244993,39.849207],[32.8244526,39.8492039],[32.8243713,39.8492585],[32.8243611,39.8493131],[32.8242147,39.8492991],[32.8242168,39.8491836]]]}},{"type":"Feature","properties":{"building":"yes","osm_id":463585639},"geometry":{"type":"Polygon","coordinates":[[[32.8236975,39.8495037],[32.8237436,39.8494761],[32.823718,39.8494509],[32.8238684,39.8493608],[32.8239009,39.8493928],[32.8239394,39.8493698],[32.8240604,39.8494889],[32.8240233,39.8495111],[32.8240532,39.8495405],[32.8239949,39.8495754],[32.8239691,39.84955],[32.8239405,39.8495672],[32.8239738,39.8496],[32.8239011,39.8496435],[32.8238744,39.8496173],[32.8238361,39.8496402],[32.8236975,39.8495037]]]}},{"type":"Feature","properties":{"building":"yes","osm_id":463585640},"geometry":{"type":"Polygon","coordinates":[[[32.8237105,39.8498176],[32.823851,39.8497247],[32.8238833,39.8497534],[32.8239153,39.8497323],[32.8240486,39.8498511],[32.8240134,39.8498744],[32.8240413,39.8498993],[32.8239882,39.8499343],[32.8239579,39.8499073],[32.8239147,39.8499358],[32.8239419,39.8499601],[32.823895,39.8499911],[32.8238694,39.8499682],[32.8238389,39.8500041],[32.823689,39.8498705],[32.8237354,39.8498398],[32.8237105,39.8498176]]]}},{"type":"Feature","properties":{"building":"yes","osm_id":463585644},"geometry":{"type":"Polygon","coordinates":[[[32.8236783,39.8502481],[32.8238333,39.8501142],[32.8240263,39.850246],[32.8239922,39.8502755],[32.8240106,39.8502881],[32.8239303,39.8503574],[32.823914,39.8503463],[32.8238734,39.8503813],[32.8236783,39.8502481]]]}},{"type":"Feature","properties":{"building":"yes","osm_id":463585645},"geometry":{"type":"Polygon","coordinates":[[[32.824034,39.850118],[32.8241584,39.8500149],[32.8241827,39.8500328],[32.8242111,39.85001],[32.8243453,39.8501088],[32.8243314,39.8501199],[32.8243798,39.8501555],[32.8242392,39.8502679],[32.8242148,39.8502499],[32.8241803,39.8502775],[32.824034,39.8501695],[32.8240557,39.850138],[32.824034,39.850118]]]}},{"type":"Feature","properties":{"building":"yes","osm_id":463585646},"geometry":{"type":"Polygon","coordinates":[[[32.8249167,39.8498931],[32.8251764,39.8498053],[32.8251877,39.8498251],[32.8252464,39.8498053],[32.8252801,39.849864],[32.8252511,39.8498738],[32.8252873,39.849937],[32.8251999,39.8499665],[32.825172,39.8499178],[32.8251365,39.8499298],[32.8251681,39.8499849],[32.8251176,39.850002],[32.8250956,39.8499636],[32.8250843,39.8499674],[32.8251139,39.850019],[32.8250116,39.8500536],[32.8249816,39.8500012],[32.8249382,39.8500159],[32.8248919,39.8499351],[32.8249328,39.8499213],[32.8249167,39.8498931]]]}},{"type":"Feature","properties":{"building":"yes","osm_id":463585647},"geometry":{"type":"Polygon","coordinates":[[[32.8271719,39.8497896],[32.8272411,39.8497308],[32.8272627,39.8497331],[32.827289,39.8497112],[32.8273512,39.8497551],[32.8273835,39.8497282],[32.8275281,39.8498304],[32.8274959,39.8498573],[32.8275462,39.8498928],[32.82754,39.8499165],[32.8275446,39.8499437],[32.8274769,39.8500012],[32.8271719,39.8497896]]]}},{"type":"Feature","properties":{"building":"yes","osm_id":463585648},"geometry":{"type":"Polygon","coordinates":[[[32.8269186,39.8496252],[32.8270134,39.8495494],[32.8270425,39.849571],[32.827064,39.8495538],[32.8271982,39.8496527],[32.8271348,39.8497034],[32.8271577,39.8497203],[32.8270968,39.8497689],[32.827031,39.8497204],[32.8269977,39.849747],[32.8269266,39.8496946],[32.8269679,39.8496615],[32.8269186,39.8496252]]]}},{"type":"Feature","properties":{"building":"yes","osm_id":463585649},"geometry":{"type":"Polygon","coordinates":[[[32.8281695,39.850822],[32.8282834,39.8507361],[32.8282569,39.8507143],[32.8282895,39.8506893],[32.8282569,39.8506659],[32.8282732,39.8506409],[32.8282447,39.8506253],[32.8282082,39.8506191],[32.8281716,39.8506066],[32.8281411,39.8506175],[32.8279968,39.8505379],[32.8279541,39.8504974],[32.8279154,39.8505223],[32.8278748,39.8504942],[32.8278423,39.8505333],[32.8278585,39.8505567],[32.8278463,39.8505769],[32.8280029,39.8506924],[32.828015,39.8507158],[32.8281695,39.850822]]]}},{"type":"Feature","properties":{"building":"yes","osm_id":463585650},"geometry":{"type":"Polygon","coordinates":[[[32.8280637,39.851763],[32.8281621,39.8516815],[32.8283598,39.8518222],[32.8282615,39.8519037],[32.8280637,39.851763]]]}},{"type":"Feature","properties":{"building":"yes","osm_id":463585651},"geometry":{"type":"Polygon","coordinates":[[[32.8282247,39.8516822],[32.828329,39.8515989],[32.8284639,39.8516985],[32.8283596,39.8517818],[32.8282247,39.8516822]]]}},{"type":"Feature","properties":{"building":"yes","osm_id":463585652},"geometry":{"type":"Polygon","coordinates":[[[32.8268029,39.8513376],[32.8268214,39.8513163],[32.826806,39.8512985],[32.8268614,39.85125],[32.82694,39.8512193],[32.8270217,39.8512051],[32.8271233,39.851224],[32.8272081,39.851269],[32.8272235,39.8512808],[32.8272096,39.8512938],[32.8272312,39.8513092],[32.8272142,39.8513281],[32.8272281,39.8513376],[32.8271603,39.8513955],[32.827282,39.8514854],[32.8272589,39.8515031],[32.8273128,39.8515433],[32.827339,39.8515221],[32.8274006,39.8515658],[32.8273652,39.8515954],[32.8273806,39.851606],[32.8273267,39.8516498],[32.8273128,39.8516415],[32.8272342,39.8517148],[32.8271726,39.851664],[32.8272173,39.8516202],[32.8271618,39.85158],[32.8271742,39.8515611],[32.8270709,39.8514771],[32.8270371,39.8515043],[32.8270062,39.8514759],[32.8269908,39.8514901],[32.8268029,39.8513588],[32.8268029,39.8513376]]]}},{"type":"Feature","properties":{"building":"yes","osm_id":463585653},"geometry":{"type":"Polygon","coordinates":[[[32.8314872,39.8521578],[32.8315688,39.8520873],[32.8316112,39.8521162],[32.8316616,39.8520727],[32.8316106,39.8520379],[32.8316938,39.851966],[32.8320667,39.8522204],[32.8319788,39.8522963],[32.8319368,39.8522676],[32.831902,39.8522977],[32.8319357,39.8523207],[32.8318432,39.8524006],[32.8314872,39.8521578]]]}},{"type":"Feature","properties":{"building":"yes","osm_id":463585654},"geometry":{"type":"Polygon","coordinates":[[[32.8266409,39.8568114],[32.826802,39.8569763],[32.8267507,39.8570121],[32.8267273,39.857005],[32.8266036,39.8571],[32.8265312,39.8570408],[32.8265709,39.8570068],[32.8265499,39.8569817],[32.8265055,39.8570193],[32.8264448,39.8569584],[32.8265358,39.8568759],[32.8266409,39.8568114]]]}},{"type":"Feature","properties":{"building":"yes","osm_id":463585655},"geometry":{"type":"Polygon","coordinates":[[[32.8268873,39.8570202],[32.8270484,39.8571851],[32.826997,39.857221],[32.8269737,39.8572138],[32.8268499,39.8573088],[32.8267775,39.8572496],[32.8268172,39.8572156],[32.8267962,39.8571905],[32.8267518,39.8572281],[32.8266911,39.8571672],[32.8267822,39.8570847],[32.8268873,39.8570202]]]}},{"type":"Feature","properties":{"building":"yes","osm_id":463585656},"geometry":{"type":"Polygon","coordinates":[[[32.8258799,39.8562073],[32.8260221,39.8560951],[32.8261315,39.8561768],[32.8259893,39.856289],[32.8258799,39.8562073]]]}},{"type":"Feature","properties":{"building":"yes","osm_id":463585657},"geometry":{"type":"Polygon","coordinates":[[[32.8257139,39.8560962],[32.8258307,39.8559671],[32.8259731,39.8560514],[32.8259054,39.8561302],[32.8258704,39.8561069],[32.8258517,39.8561338],[32.825833,39.8561231],[32.8258003,39.8561571],[32.8257139,39.8560962]]]}},{"type":"Feature","properties":{"building":"yes","osm_id":463585658},"geometry":{"type":"Polygon","coordinates":[[[32.8281761,39.858514],[32.8283146,39.8584587],[32.8284397,39.8586433],[32.8283013,39.8586986],[32.8281761,39.858514]]]}},{"type":"Feature","properties":{"building":"yes","osm_id":463585659},"geometry":{"type":"Polygon","coordinates":[[[32.8288366,39.8584567],[32.8286828,39.8582536],[32.8288157,39.8581943],[32.8289695,39.8583974],[32.8288366,39.8584567]]]}},{"type":"Feature","properties":{"building":"yes","osm_id":463585660},"geometry":{"type":"Polygon","coordinates":[[[32.8289892,39.8586667],[32.8291525,39.8585626],[32.829325,39.8588062],[32.8291432,39.8588772],[32.8289892,39.8586667]]]}},{"type":"Feature","properties":{"building":"yes","osm_id":463585661},"geometry":{"type":"Polygon","coordinates":[[[32.8287106,39.8587783],[32.8289102,39.8586949],[32.8290431,39.8588823],[32.8288434,39.8589657],[32.8287106,39.8587783]]]}},{"type":"Feature","properties":{"building":"yes","osm_id":463585662},"geometry":{"type":"Polygon","coordinates":[[[32.8284531,39.8588677],[32.8286379,39.8587755],[32.8287889,39.8589954],[32.8286472,39.859064],[32.8286287,39.8590285],[32.8285856,39.8590498],[32.828564,39.8590049],[32.8285424,39.8590191],[32.8284531,39.8588677]]]}},{"type":"Feature","properties":{"building":"yes","osm_id":463585663},"geometry":{"type":"Polygon","coordinates":[[[32.8292383,39.8589807],[32.8294185,39.8588915],[32.8295765,39.8590795],[32.8293963,39.8591687],[32.8292383,39.8589807]]]}},{"type":"Feature","properties":{"building":"yes","osm_id":463585664},"geometry":{"type":"Polygon","coordinates":[[[32.8289472,39.8590897],[32.8291438,39.8590223],[32.8292499,39.8592047],[32.8290534,39.8592721],[32.8289472,39.8590897]]]}},{"type":"Feature","properties":{"building":"yes","osm_id":463588016},"geometry":{"type":"Polygon","coordinates":[[[32.8295355,39.85929],[32.8296772,39.8592283],[32.8298388,39.8594471],[32.829697,39.8595087],[32.8295355,39.85929]]]}},{"type":"Feature","properties":{"building":"yes","osm_id":463588018},"geometry":{"type":"Polygon","coordinates":[[[32.8292122,39.8593818],[32.8294077,39.8593234],[32.8294749,39.8594559],[32.8292793,39.8595144],[32.8292122,39.8593818]]]}},{"type":"Feature","properties":{"building":"yes","osm_id":463588020},"geometry":{"type":"Polygon","coordinates":[[[32.8285327,39.8591461],[32.8287753,39.8590665],[32.8288303,39.8591651],[32.8285877,39.8592447],[32.8285327,39.8591461]]]}},{"type":"Feature","properties":{"building":"yes","osm_id":463588022},"geometry":{"type":"Polygon","coordinates":[[[32.8285658,39.8593023],[32.8288317,39.8592092],[32.8288986,39.8593216],[32.8286326,39.8594148],[32.8285658,39.8593023]]]}},{"type":"Feature","properties":{"building":"yes","osm_id":463588023},"geometry":{"type":"Polygon","coordinates":[[[32.8288531,39.8595332],[32.8290381,39.8594855],[32.8291099,39.8596496],[32.8289249,39.8596973],[32.8288531,39.8595332]]]}},{"type":"Feature","properties":{"building":"yes","osm_id":463588026},"geometry":{"type":"Polygon","coordinates":[[[32.8293914,39.8596572],[32.8293438,39.8595721],[32.8295352,39.8595091],[32.8295828,39.8595942],[32.8293914,39.8596572]]]}},{"type":"Feature","properties":{"building":"yes","osm_id":463588027},"geometry":{"type":"Polygon","coordinates":[[[32.8294497,39.8598311],[32.8294684,39.8597809],[32.8294264,39.859763],[32.8294427,39.8597092],[32.8294871,39.8597128],[32.8295268,39.8596429],[32.8296809,39.8596877],[32.8296622,39.8597343],[32.8296996,39.8597522],[32.8297252,39.8597827],[32.8296972,39.8598454],[32.8296785,39.8598777],[32.8296342,39.8598705],[32.8296202,39.8599028],[32.8294497,39.8598311]]]}},{"type":"Feature","properties":{"building":"yes","osm_id":463588028},"geometry":{"type":"Polygon","coordinates":[[[32.8295383,39.859982],[32.8297633,39.8598989],[32.8298196,39.8599887],[32.8295946,39.8600718],[32.8295383,39.859982]]]}},{"type":"Feature","properties":{"building":"yes","osm_id":463588030},"geometry":{"type":"Polygon","coordinates":[[[32.8296077,39.8601215],[32.8298697,39.8600437],[32.8299259,39.8601553],[32.8296639,39.8602331],[32.8296077,39.8601215]]]}},{"type":"Feature","properties":{"building":"yes","osm_id":463588031},"geometry":{"type":"Polygon","coordinates":[[[32.8297215,39.8596359],[32.8298758,39.8595665],[32.8299365,39.8596459],[32.8297822,39.8597154],[32.8297215,39.8596359]]]}},{"type":"Feature","properties":{"building":"yes","osm_id":463588032},"geometry":{"type":"Polygon","coordinates":[[[32.829852,39.8597664],[32.8300088,39.859702],[32.8301502,39.8599051],[32.8299934,39.8599695],[32.829852,39.8597664]]]}},{"type":"Feature","properties":{"building":"yes","osm_id":463588033},"geometry":{"type":"Polygon","coordinates":[[[32.8299282,39.8600422],[32.8301448,39.8599634],[32.8302124,39.8600729],[32.8299958,39.8601517],[32.8299282,39.8600422]]]}},{"type":"Feature","properties":{"building":"yes","osm_id":463588035},"geometry":{"type":"Polygon","coordinates":[[[32.8289562,39.8597412],[32.8291564,39.8596879],[32.8292084,39.859803],[32.8290082,39.8598563],[32.8289562,39.8597412]]]}},{"type":"Feature","properties":{"building":"yes","osm_id":463588036},"geometry":{"type":"Polygon","coordinates":[[[32.8290504,39.8599064],[32.8292496,39.8598534],[32.8292984,39.8599612],[32.8290992,39.8600143],[32.8290504,39.8599064]]]}},{"type":"Feature","properties":{"building":"yes","osm_id":463588037},"geometry":{"type":"Polygon","coordinates":[[[32.8291484,39.8600641],[32.8293203,39.8600222],[32.829372,39.8601474],[32.8292001,39.8601892],[32.8291484,39.8600641]]]}},{"type":"Feature","properties":{"building":"yes","osm_id":463588038},"geometry":{"type":"Polygon","coordinates":[[[32.8291748,39.8602399],[32.829373,39.8601909],[32.8294235,39.8603113],[32.8292254,39.8603603],[32.8291748,39.8602399]]]}},{"type":"Feature","properties":{"building":"yes","osm_id":463588040},"geometry":{"type":"Polygon","coordinates":[[[32.8288701,39.8603058],[32.8291056,39.8602482],[32.8291637,39.8603881],[32.8289281,39.8604456],[32.8288701,39.8603058]]]}},{"type":"Feature","properties":{"building":"yes","osm_id":463588041},"geometry":{"type":"Polygon","coordinates":[[[32.8288379,39.8602272],[32.8287842,39.8601179],[32.8290364,39.8600426],[32.8290901,39.860195],[32.8288893,39.8602523],[32.8288823,39.8602218],[32.8288379,39.8602272]]]}},{"type":"Feature","properties":{"building":"yes","osm_id":463588042},"geometry":{"type":"Polygon","coordinates":[[[32.8287609,39.8600605],[32.8287445,39.8600229],[32.8287445,39.860005],[32.8287445,39.8599655],[32.8287212,39.8599512],[32.8287002,39.8599064],[32.828908,39.859849],[32.828964,39.8600032],[32.8287609,39.8600605]]]}},{"type":"Feature","properties":{"building":"yes","osm_id":463588043},"geometry":{"type":"Polygon","coordinates":[[[32.8287044,39.8598461],[32.8286605,39.8597288],[32.8288742,39.8596818],[32.828918,39.8597991],[32.8287044,39.8598461]]]}},{"type":"Feature","properties":{"building":"yes","osm_id":463588045},"geometry":{"type":"Polygon","coordinates":[[[32.828651,39.8596865],[32.828611,39.8595897],[32.8288094,39.8595415],[32.8288494,39.8596383],[32.828651,39.8596865]]]}},{"type":"Feature","properties":{"building":"yes","osm_id":463588046},"geometry":{"type":"Polygon","coordinates":[[[32.8298255,39.8613228],[32.8300898,39.8612286],[32.8301735,39.8613669],[32.8299092,39.8614611],[32.8298255,39.8613228]]]}},{"type":"Feature","properties":{"building":"yes","osm_id":463588047},"geometry":{"type":"Polygon","coordinates":[[[32.8296046,39.8610581],[32.8295138,39.8608833],[32.8296667,39.8608365],[32.8297575,39.8610113],[32.8296046,39.8610581]]]}},{"type":"Feature","properties":{"building":"yes","osm_id":463588048},"geometry":{"type":"Polygon","coordinates":[[[32.829325,39.8611232],[32.829241,39.8609422],[32.8294161,39.8608687],[32.8295188,39.8610784],[32.8294301,39.8611071],[32.8293928,39.8610999],[32.829325,39.8611232]]]}},{"type":"Feature","properties":{"building":"yes","osm_id":463588050},"geometry":{"type":"Polygon","coordinates":[[[32.8292219,39.8608858],[32.8291502,39.8607538],[32.8293295,39.8606964],[32.8294012,39.8608284],[32.8292219,39.8608858]]]}},{"type":"Feature","properties":{"building":"yes","osm_id":463588051},"geometry":{"type":"Polygon","coordinates":[[[32.8294677,39.8608322],[32.8293966,39.8606794],[32.8295863,39.8606273],[32.8296574,39.8607801],[32.8294677,39.8608322]]]}},{"type":"Feature","properties":{"building":"yes","osm_id":463588052},"geometry":{"type":"Polygon","coordinates":[[[32.8294905,39.8614304],[32.8295808,39.8613955],[32.8295649,39.8613713],[32.8297402,39.8613034],[32.8298588,39.8614839],[32.8295932,39.8615867],[32.8294905,39.8614304]]]}},{"type":"Feature","properties":{"building":"yes","osm_id":463588053},"geometry":{"type":"Polygon","coordinates":[[[32.8296706,39.8619011],[32.8295959,39.8617452],[32.8298037,39.8616556],[32.8298504,39.8616807],[32.8299135,39.8618061],[32.8296706,39.8619011]]]}},{"type":"Feature","properties":{"building":"yes","osm_id":463588055},"geometry":{"type":"Polygon","coordinates":[[[32.830301,39.8616657],[32.8301964,39.8615197],[32.8303212,39.8614671],[32.8304258,39.8616131],[32.830301,39.8616657]]]}},{"type":"Feature","properties":{"building":"yes","osm_id":463588056},"geometry":{"type":"Polygon","coordinates":[[[32.8307947,39.8617732],[32.8310452,39.8616542],[32.8311785,39.8618194],[32.830928,39.8619385],[32.8307947,39.8617732]]]}},{"type":"Feature","properties":{"building":"yes","osm_id":463588057},"geometry":{"type":"Polygon","coordinates":[[[32.8304711,39.8619105],[32.8306119,39.8618451],[32.8307274,39.8619914],[32.8305866,39.8620569],[32.8304711,39.8619105]]]}},{"type":"Feature","properties":{"building":"yes","osm_id":463588058},"geometry":{"type":"Polygon","coordinates":[[[32.8310187,39.8620517],[32.8312599,39.8619323],[32.8313596,39.862051],[32.8311184,39.8621704],[32.8310187,39.8620517]]]}},{"type":"Feature","properties":{"building":"yes","osm_id":463588060},"geometry":{"type":"Polygon","coordinates":[[[32.8313035,39.8617461],[32.8314844,39.8616683],[32.8315734,39.8617902],[32.8313924,39.861868],[32.8313035,39.8617461]]]}},{"type":"Feature","properties":{"building":"yes","osm_id":463588061},"geometry":{"type":"Polygon","coordinates":[[[32.8313779,39.8619276],[32.8315893,39.8618446],[32.8316573,39.8619465],[32.8314459,39.8620295],[32.8313779,39.8619276]]]}},{"type":"Feature","properties":{"building":"yes","osm_id":463588062},"geometry":{"type":"Polygon","coordinates":[[[32.8317695,39.862346],[32.8319511,39.8622698],[32.8320457,39.8624029],[32.8318641,39.862479],[32.8317695,39.862346]]]}},{"type":"Feature","properties":{"building":"yes","osm_id":463588063},"geometry":{"type":"Polygon","coordinates":[[[32.8319122,39.8625679],[32.8320827,39.8624657],[32.8322088,39.8626485],[32.832015,39.8627292],[32.8319122,39.8625679]]]}},{"type":"Feature","properties":{"building":"yes","osm_id":463588065},"geometry":{"type":"Polygon","coordinates":[[[32.83064,39.8632947],[32.8308092,39.863245],[32.8308892,39.8634054],[32.83072,39.8634551],[32.83064,39.8632947]]]}},{"type":"Feature","properties":{"building":"yes","osm_id":463588066},"geometry":{"type":"Polygon","coordinates":[[[32.8304079,39.8633455],[32.8305614,39.8632811],[32.8306718,39.863436],[32.8305183,39.8635005],[32.8304079,39.8633455]]]}},{"type":"Feature","properties":{"building":"yes","osm_id":463588067},"geometry":{"type":"Polygon","coordinates":[[[32.8300934,39.8629138],[32.8299939,39.8627564],[32.8301897,39.8626835],[32.8302892,39.8628409],[32.8300934,39.8629138]]]}},{"type":"Feature","properties":{"building":"yes","osm_id":463588068},"geometry":{"type":"Polygon","coordinates":[[[32.8298142,39.8623366],[32.8297444,39.8621758],[32.8298688,39.862144],[32.8299386,39.8623048],[32.8298142,39.8623366]]]}},{"type":"Feature","properties":{"building":"yes","osm_id":463588070},"geometry":{"type":"Polygon","coordinates":[[[32.8364678,39.8691905],[32.8364759,39.8689424],[32.8366192,39.8689451],[32.8366111,39.8691932],[32.8364678,39.8691905]]]}},{"type":"Feature","properties":{"building":"yes","osm_id":463588072},"geometry":{"type":"Polygon","coordinates":[[[32.8362174,39.8690959],[32.8362619,39.8688985],[32.8364219,39.8689197],[32.8363773,39.8691171],[32.8362174,39.8690959]]]}},{"type":"Feature","properties":{"building":"yes","osm_id":463588074},"geometry":{"type":"Polygon","coordinates":[[[32.8374285,39.8692917],[32.8374707,39.8691133],[32.8375775,39.8691282],[32.8375715,39.8691533],[32.8376613,39.8691658],[32.8376302,39.8692972],[32.8375462,39.8692855],[32.8375251,39.8693052],[32.8374285,39.8692917]]]}},{"type":"Feature","properties":{"building":"yes","osm_id":463588076},"geometry":{"type":"Polygon","coordinates":[[[32.8375065,39.8690919],[32.8375298,39.8689074],[32.837726,39.8689396],[32.8376979,39.8691009],[32.8375065,39.8690919]]]}},{"type":"Feature","properties":{"building":"yes","osm_id":463588078},"geometry":{"type":"Polygon","coordinates":[[[32.8377773,39.8691099],[32.8378053,39.8689611],[32.8379104,39.8689755],[32.8379174,39.8689557],[32.8380132,39.8689665],[32.8379805,39.8691457],[32.8378847,39.8691385],[32.8378777,39.8691188],[32.8377773,39.8691099]]]}},{"type":"Feature","properties":{"building":"yes","osm_id":463588079},"geometry":{"type":"Polygon","coordinates":[[[32.8377143,39.8692891],[32.837733,39.8692048],[32.8377913,39.8692102],[32.8378007,39.8691744],[32.8379992,39.8692048],[32.8379921,39.8692425],[32.8379711,39.8692353],[32.8379548,39.8692855],[32.8379781,39.8692891],[32.8379711,39.869341],[32.8379478,39.869359],[32.837775,39.8693375],[32.837782,39.869298],[32.8377143,39.8692891]]]}},{"type":"Feature","properties":{"building":"yes","osm_id":463588081},"geometry":{"type":"Polygon","coordinates":[[[32.8376489,39.8695364],[32.8376606,39.8694593],[32.8377166,39.8694414],[32.837782,39.8694468],[32.837789,39.8694271],[32.837803,39.8693993],[32.8379151,39.8694177],[32.8379431,39.8694555],[32.8379058,39.8695981],[32.8378731,39.8696264],[32.837761,39.8696172],[32.8377493,39.8695643],[32.8376489,39.8695364]]]}},{"type":"Feature","properties":{"building":"yes","osm_id":463588083},"geometry":{"type":"Polygon","coordinates":[[[32.8373827,39.8695149],[32.8374458,39.8693303],[32.8375555,39.8693446],[32.8376092,39.8693876],[32.8375742,39.8695203],[32.8375205,39.8695436],[32.8373827,39.8695149]]]}},{"type":"Feature","properties":{"building":"yes","osm_id":463588084},"geometry":{"type":"Polygon","coordinates":[[[32.8419991,39.868838],[32.8420878,39.8687914],[32.8421228,39.8688434],[32.8421602,39.8688255],[32.8421345,39.868786],[32.8422629,39.8687412],[32.8423143,39.8688488],[32.8422653,39.8688954],[32.8423143,39.8689921],[32.8422839,39.8690065],[32.8422606,39.8689921],[32.8422139,39.8690101],[32.8422139,39.8690316],[32.8421719,39.8690459],[32.8421088,39.8689258],[32.8420458,39.8689438],[32.8419991,39.868838]]]}},{"type":"Feature","properties":{"building":"yes","osm_id":463588085},"geometry":{"type":"Polygon","coordinates":[[[32.8428295,39.8689494],[32.842894,39.8690154],[32.8428279,39.8690445],[32.8428528,39.8690724],[32.842903,39.869051],[32.842967,39.8691475],[32.8428292,39.8691916],[32.8427664,39.869156],[32.8426426,39.8691978],[32.8426226,39.8691752],[32.8426403,39.8691566],[32.8426149,39.8691216],[32.8425869,39.8691225],[32.8425664,39.8690909],[32.84272,39.8690374],[32.8426939,39.8689898],[32.8428295,39.8689494]]]}},{"type":"Feature","properties":{"building":"yes","osm_id":463588087},"geometry":{"type":"Polygon","coordinates":[[[32.8425553,39.8692751],[32.8424727,39.869328],[32.8424315,39.8692788],[32.8423965,39.8692993],[32.8424269,39.8693367],[32.8423046,39.8693907],[32.8422402,39.8692874],[32.8422832,39.8692374],[32.8422225,39.8691446],[32.8422509,39.8691282],[32.8422759,39.8691407],[32.8423202,39.8691195],[32.8423176,39.8690981],[32.8423576,39.8690808],[32.8424352,39.8691957],[32.8424958,39.8691733],[32.8425553,39.8692751]]]}},{"type":"Feature","properties":{"building":"yes","osm_id":463588088},"geometry":{"type":"Polygon","coordinates":[[[32.8440389,39.8703464],[32.8440024,39.8701545],[32.8441365,39.8701295],[32.8442158,39.8701561],[32.844293,39.870206],[32.8442869,39.8703183],[32.8440389,39.8703464]]]}},{"type":"Feature","properties":{"building":"yes","osm_id":463588090},"geometry":{"type":"Polygon","coordinates":[[[32.8441548,39.8699688],[32.8441487,39.8698674],[32.8444231,39.8698409],[32.8444333,39.87005],[32.844291,39.8700609],[32.8441548,39.8699688]]]}},{"type":"Feature","properties":{"building":"yes","osm_id":463588091},"geometry":{"type":"Polygon","coordinates":[[[32.8437401,39.8699018],[32.8435003,39.8699345],[32.8435389,39.8700453],[32.8436731,39.8700968],[32.8438133,39.8700874],[32.8437401,39.8699018]]]}},{"type":"Feature","properties":{"building":"yes","osm_id":463588117},"geometry":{"type":"Polygon","coordinates":[[[32.8559271,39.8738023],[32.8559607,39.8737344],[32.8559978,39.8737439],[32.8560173,39.8737073],[32.8559819,39.8736937],[32.8560279,39.8736054],[32.8563801,39.8737277],[32.856327,39.8738159],[32.8563057,39.8738078],[32.8562916,39.8738377],[32.8563128,39.8738417],[32.8562721,39.8739191],[32.8561111,39.8738798],[32.856127,39.8738309],[32.8560987,39.8738254],[32.8560757,39.8738675],[32.8559271,39.8738023]]]}},{"type":"Feature","properties":{"building":"yes","osm_id":463588118},"geometry":{"type":"Polygon","coordinates":[[[32.8556102,39.87381],[32.8556493,39.8736205],[32.8558265,39.8736421],[32.8557874,39.8738316],[32.8556102,39.87381]]]}},{"type":"Feature","properties":{"building":"yes","osm_id":463588119},"geometry":{"type":"Polygon","coordinates":[[[32.8552694,39.8737228],[32.855275,39.8736048],[32.8555068,39.8736113],[32.8555011,39.8737294],[32.8552694,39.8737228]]]}},{"type":"Feature","properties":{"building":"yes","osm_id":463588121},"geometry":{"type":"Polygon","coordinates":[[[32.8557147,39.8733175],[32.8557875,39.873427],[32.8558032,39.8734506],[32.8556811,39.8735063],[32.8555926,39.8733773],[32.8557147,39.8733175]]]}},{"type":"Feature","properties":{"building":"yes","osm_id":463588122},"geometry":{"type":"Polygon","coordinates":[[[32.8558568,39.8734531],[32.8558673,39.8732744],[32.8561052,39.8732826],[32.8560947,39.8734613],[32.8558568,39.8734531]]]}},{"type":"Feature","properties":{"building":"yes","osm_id":463588128},"geometry":{"type":"Polygon","coordinates":[[[32.8585258,39.8738195],[32.8585187,39.8736383],[32.8586929,39.8736342],[32.8587,39.8738155],[32.8585258,39.8738195]]]}},{"type":"Feature","properties":{"building":"yes","osm_id":463588129},"geometry":{"type":"Polygon","coordinates":[[[32.8591558,39.8735915],[32.859313,39.8735839],[32.8593279,39.8737648],[32.8591706,39.8737724],[32.8591558,39.8735915]]]}},{"type":"Feature","properties":{"building":"yes","osm_id":463588130},"geometry":{"type":"Polygon","coordinates":[[[32.8594666,39.8736773],[32.8594489,39.8735714],[32.859771,39.8735415],[32.859801,39.873551],[32.8598134,39.8735727],[32.8598258,39.8737778],[32.8596913,39.8737941],[32.8596878,39.873661],[32.8594666,39.8736773]]]}},{"type":"Feature","properties":{"building":"yes","osm_id":463591819},"geometry":{"type":"Polygon","coordinates":[[[32.8607076,39.8645116],[32.860831,39.8643798],[32.8610268,39.8644972],[32.8608819,39.8646413],[32.8608202,39.8646248],[32.8607478,39.864594],[32.8607076,39.8645425],[32.8607076,39.8645116]]]}},{"type":"Feature","properties":{"building":"yes","osm_id":463591820},"geometry":{"type":"Polygon","coordinates":[[[32.8609517,39.8643222],[32.8611421,39.864209],[32.8612896,39.864349],[32.8610992,39.8644643],[32.8609517,39.8643222]]]}},{"type":"Feature","properties":{"building":"yes","osm_id":463591821},"geometry":{"type":"Polygon","coordinates":[[[32.8612869,39.8645157],[32.8613889,39.8643922],[32.861464,39.8643675],[32.8614827,39.8643922],[32.8615954,39.8644663],[32.8616276,39.8644663],[32.8616437,39.8645322],[32.8616088,39.8645425],[32.8614935,39.8646557],[32.8612869,39.8645157]]]}},{"type":"Feature","properties":{"building":"yes","osm_id":463591822},"geometry":{"type":"Polygon","coordinates":[[[32.8615659,39.864734],[32.8616812,39.8646434],[32.8617295,39.8646948],[32.861759,39.8646743],[32.861877,39.864771],[32.8617107,39.8649234],[32.8615874,39.8647998],[32.8616061,39.8647751],[32.8615659,39.864734]]]}},{"type":"Feature","properties":{"building":"yes","osm_id":463591823},"geometry":{"type":"Polygon","coordinates":[[[32.8614264,39.8641534],[32.8614774,39.8641678],[32.8615042,39.8641493],[32.8616034,39.8642028],[32.8616464,39.8641616],[32.8616866,39.8641637],[32.8617376,39.8641534],[32.8617697,39.8641081],[32.8617563,39.8640443],[32.8617215,39.8640257],[32.8616571,39.8640093],[32.8616249,39.8639681],[32.8615525,39.8639557],[32.8614908,39.8639722],[32.8614693,39.8640216],[32.8614103,39.8640319],[32.8613808,39.8640649],[32.8613728,39.8640937],[32.8613942,39.864139],[32.8614264,39.8641534]]]}},{"type":"Feature","properties":{"building":"yes","osm_id":463591824},"geometry":{"type":"Polygon","coordinates":[[[32.8612869,39.8648842],[32.8613594,39.8647978],[32.8614318,39.8648369],[32.8614559,39.8648101],[32.8616195,39.8649172],[32.8615149,39.8650263],[32.8614264,39.8649687],[32.8614211,39.8649398],[32.8614023,39.8649213],[32.8613755,39.8649316],[32.8612869,39.8648842]]]}},{"type":"Feature","properties":{"building":"yes","osm_id":463591825},"geometry":{"type":"Polygon","coordinates":[[[32.8625315,39.8652054],[32.8627032,39.8649995],[32.8628212,39.8650613],[32.8628024,39.8650819],[32.862856,39.8651189],[32.8627246,39.8652898],[32.8626683,39.8652569],[32.8626576,39.8652775],[32.8625315,39.8652054]]]}},{"type":"Feature","properties":{"building":"yes","osm_id":463591826},"geometry":{"type":"Polygon","coordinates":[[[32.8602775,39.866232],[32.860484,39.8661229],[32.8605645,39.8662156],[32.8605001,39.8662609],[32.8605645,39.8663597],[32.8604599,39.8664153],[32.8602775,39.866232]]]}},{"type":"Feature","properties":{"building":"yes","osm_id":463591827},"geometry":{"type":"Polygon","coordinates":[[[32.8606289,39.8666067],[32.8606691,39.8665511],[32.8608166,39.8664956],[32.8608622,39.8665347],[32.8608971,39.8665429],[32.8609293,39.8665882],[32.8609212,39.8666253],[32.8609239,39.8666561],[32.8608139,39.8667303],[32.8607791,39.8667241],[32.8607254,39.8667282],[32.8606289,39.8666067]]]}},{"type":"Feature","properties":{"building":"yes","osm_id":463591828},"geometry":{"type":"Polygon","coordinates":[[[32.8608756,39.8663926],[32.8609185,39.8663515],[32.8609749,39.8663679],[32.8609963,39.8663535],[32.8609507,39.8663226],[32.861058,39.8662465],[32.8611519,39.8663082],[32.8611653,39.8663412],[32.8610821,39.8664873],[32.8610419,39.8665223],[32.8609802,39.8665203],[32.8608756,39.8663926]]]}},{"type":"Feature","properties":{"building":"yes","osm_id":463591829},"geometry":{"type":"Polygon","coordinates":[[[32.8605591,39.8660509],[32.8607093,39.8659335],[32.8607469,39.8659274],[32.8608381,39.8659953],[32.8606396,39.8661435],[32.8605833,39.8661085],[32.8605591,39.8660509]]]}},{"type":"Feature","properties":{"building":"yes","osm_id":463591830},"geometry":{"type":"Polygon","coordinates":[[[32.8596364,39.8667158],[32.8596525,39.8667776],[32.859741,39.866825],[32.8597813,39.866827],[32.8598188,39.8668723],[32.8598591,39.8668702],[32.8598537,39.8669073],[32.859902,39.8669176],[32.8599342,39.8668826],[32.8599717,39.8667797],[32.8599261,39.8667591],[32.8599207,39.8667261],[32.8599449,39.8667179],[32.8599342,39.8666726],[32.8599637,39.8666623],[32.8599449,39.8666294],[32.8599154,39.8666314],[32.8599073,39.8666108],[32.8597813,39.8666479],[32.8597571,39.8666788],[32.859733,39.866687],[32.8597089,39.8667138],[32.8596713,39.8666911],[32.8596364,39.8667158]]]}},{"type":"Feature","properties":{"building":"yes","osm_id":463591831},"geometry":{"type":"Polygon","coordinates":[[[32.8593009,39.8670222],[32.8593374,39.8670787],[32.8594389,39.8671067],[32.8594785,39.8671006],[32.8595301,39.8671369],[32.8595682,39.8671268],[32.8595756,39.8671637],[32.8596257,39.867164],[32.8596449,39.8671237],[32.8596463,39.8670169],[32.8595953,39.8670061],[32.8595789,39.8669754],[32.8595994,39.8669626],[32.8595737,39.866921],[32.8595987,39.8669052],[32.8595694,39.8668771],[32.8595416,39.866885],[32.8595269,39.8668667],[32.8594177,39.8669277],[32.8594049,39.8669623],[32.8593844,39.8669751],[32.8593701,39.8670058],[32.8593262,39.8669914],[32.8593009,39.8670222]]]}},{"type":"Feature","properties":{"building":"yes","osm_id":463591832},"geometry":{"type":"Polygon","coordinates":[[[32.8593443,39.8675005],[32.8594246,39.8675135],[32.8595162,39.8674697],[32.8595345,39.8674421],[32.8596035,39.8674335],[32.8596169,39.8674043],[32.8596591,39.8674226],[32.8596905,39.8673926],[32.8596612,39.8673562],[32.8595527,39.8672891],[32.8595101,39.8673132],[32.8594686,39.867304],[32.8594682,39.8672837],[32.8594098,39.8672735],[32.859409,39.8672486],[32.8593622,39.8672489],[32.859353,39.8672705],[32.8593252,39.8672681],[32.85932,39.8673716],[32.8593474,39.8674008],[32.8593478,39.8674211],[32.8593704,39.8674486],[32.8593284,39.8674662],[32.8593443,39.8675005]]]}},{"type":"Feature","properties":{"building":"yes","osm_id":463591833},"geometry":{"type":"Polygon","coordinates":[[[32.8594306,39.8678703],[32.8595065,39.8678942],[32.8596069,39.8678638],[32.8596314,39.8678392],[32.8597013,39.8678402],[32.8597213,39.8678133],[32.8597586,39.8678373],[32.8597965,39.8678121],[32.8597763,39.8677721],[32.8596853,39.8676912],[32.8596377,39.867709],[32.859599,39.8676942],[32.8596034,39.8676742],[32.8595483,39.867656],[32.8595535,39.8676314],[32.8595073,39.8676252],[32.8594932,39.8676452],[32.8594664,39.867639],[32.859437,39.8677401],[32.8594571,39.8677726],[32.8594527,39.8677926],[32.8594684,39.8678229],[32.8594231,39.8678343],[32.8594306,39.8678703]]]}},{"type":"Feature","properties":{"building":"yes","osm_id":463591834},"geometry":{"type":"Polygon","coordinates":[[[32.8597715,39.8676706],[32.8598193,39.8676328],[32.8597469,39.8675796],[32.8597946,39.8675299],[32.8597376,39.8674767],[32.8598085,39.8674117],[32.8598948,39.867485],[32.8598963,39.8675204],[32.8598701,39.8675358],[32.8599086,39.8675772],[32.8599102,39.8676209],[32.8598886,39.8676446],[32.8599333,39.8676871],[32.8599348,39.8677179],[32.8598886,39.8677498],[32.8598486,39.867712],[32.859827,39.8677297],[32.8597715,39.8676706]]]}},{"type":"Feature","properties":{"building":"yes","osm_id":463591835},"geometry":{"type":"Polygon","coordinates":[[[32.8588957,39.8690024],[32.8588266,39.8688417],[32.8589547,39.8687996],[32.8589466,39.8687824],[32.8590645,39.8687434],[32.859097,39.8688276],[32.8590238,39.8688573],[32.859038,39.8688838],[32.8591173,39.8688588],[32.8591519,39.8689556],[32.8590502,39.8689821],[32.859034,39.8689665],[32.8588957,39.8690024]]]}},{"type":"Feature","properties":{"building":"yes","osm_id":463591836},"geometry":{"type":"Polygon","coordinates":[[[32.8586163,39.8697423],[32.8585634,39.8696346],[32.8585899,39.8696268],[32.8585756,39.8696066],[32.8587403,39.8695473],[32.8587464,39.8695644],[32.8587952,39.8695457],[32.8588443,39.8696608],[32.8588135,39.8696939],[32.8586732,39.8697423],[32.8586569,39.8697314],[32.8586163,39.8697423]]]}},{"type":"Feature","properties":{"building":"yes","osm_id":463591837},"geometry":{"type":"Polygon","coordinates":[[[32.8597211,39.870344],[32.8596276,39.8701786],[32.8596967,39.8701599],[32.8597394,39.8702348],[32.8597659,39.8702176],[32.8597211,39.8701443],[32.8598756,39.8700835],[32.8599691,39.8702488],[32.8598268,39.8703066],[32.8597943,39.8702566],[32.8597537,39.870266],[32.859774,39.8702972],[32.8597618,39.8703253],[32.8597211,39.870344]]]}},{"type":"Feature","properties":{"building":"yes","osm_id":463591838},"geometry":{"type":"Polygon","coordinates":[[[32.8594386,39.8699633],[32.859715,39.8698557],[32.8598126,39.8700242],[32.8596825,39.8700819],[32.859648,39.8700351],[32.8595036,39.870071],[32.8594386,39.8699633]]]}},{"type":"Feature","properties":{"building":"yes","osm_id":463591839},"geometry":{"type":"Polygon","coordinates":[[[32.8598944,39.8707151],[32.8599575,39.8708181],[32.8600733,39.8707807],[32.8600876,39.87079],[32.8602542,39.8707292],[32.8601445,39.8705903],[32.8600164,39.8706215],[32.8600306,39.8706699],[32.8598944,39.8707151]]]}},{"type":"Feature","properties":{"building":"yes","osm_id":463591840},"geometry":{"type":"Polygon","coordinates":[[[32.859431,39.871191],[32.8594901,39.8711739],[32.8594761,39.8711453],[32.8596125,39.871106],[32.8596217,39.8711246],[32.859709,39.8710994],[32.8597722,39.8712283],[32.8594892,39.8713099],[32.859431,39.871191]]]}},{"type":"Feature","properties":{"building":"yes","osm_id":463591841},"geometry":{"type":"Polygon","coordinates":[[[32.8595306,39.8713688],[32.8597765,39.8712908],[32.8597664,39.8713704],[32.8597989,39.8713626],[32.859866,39.8714999],[32.8596099,39.8715623],[32.8595814,39.8714858],[32.8595977,39.8714515],[32.8596383,39.871439],[32.8596078,39.8714063],[32.8595306,39.8713688]]]}},{"type":"Feature","properties":{"building":"yes","osm_id":463591842},"geometry":{"type":"Polygon","coordinates":[[[32.858775,39.8711898],[32.8587401,39.8710745],[32.8588018,39.8710622],[32.8587911,39.871021],[32.8588447,39.8710086],[32.8588259,39.8709345],[32.8588876,39.8709407],[32.858952,39.8709613],[32.8589976,39.8710169],[32.8590217,39.8711486],[32.858775,39.8711898]]]}},{"type":"Feature","properties":{"building":"yes","osm_id":463591843},"geometry":{"type":"Polygon","coordinates":[[[32.8583821,39.8712663],[32.8583488,39.8711377],[32.8586373,39.8710937],[32.8586985,39.8710843],[32.8587319,39.8712128],[32.8583821,39.8712663]]]}},{"type":"Feature","properties":{"building":"yes","osm_id":463591844},"geometry":{"type":"Polygon","coordinates":[[[32.8582412,39.8711466],[32.8581956,39.8709592],[32.8586006,39.8709531],[32.8586319,39.8710793],[32.8582412,39.8711466]]]}},{"type":"Feature","properties":{"building":"yes","osm_id":463591845},"geometry":{"type":"Polygon","coordinates":[[[32.8584826,39.8714595],[32.8587857,39.8713895],[32.8587991,39.8714698],[32.8587777,39.8714842],[32.8587803,39.871513],[32.8587455,39.8715336],[32.8587401,39.8715747],[32.8586355,39.8715974],[32.8586167,39.8715603],[32.8585818,39.8715624],[32.8585523,39.8715336],[32.8585014,39.871515],[32.8584826,39.8714595]]]}},{"type":"Feature","properties":{"building":"yes","osm_id":463591846},"geometry":{"type":"Polygon","coordinates":[[[32.8589815,39.8715274],[32.8589439,39.8714059],[32.8589922,39.8713915],[32.8589788,39.8713689],[32.8591183,39.8713401],[32.8591263,39.8713627],[32.8591666,39.8713565],[32.8591988,39.871478],[32.8591746,39.8714924],[32.8591773,39.8715233],[32.8590593,39.8715521],[32.8590432,39.8715253],[32.8589815,39.8715274]]]}},{"type":"Feature","properties":{"building":"yes","osm_id":463591847},"geometry":{"type":"Polygon","coordinates":[[[32.8592175,39.8707987],[32.8591263,39.8706319],[32.8593168,39.8705558],[32.8593275,39.8705784],[32.859416,39.8705722],[32.8594536,39.8706772],[32.8594214,39.8706916],[32.8594053,39.8707307],[32.8592175,39.8707987]]]}},{"type":"Feature","properties":{"building":"yes","osm_id":463591848},"geometry":{"type":"Polygon","coordinates":[[[32.8581076,39.8700807],[32.8580528,39.8699558],[32.8581076,39.8699436],[32.8580953,39.869911],[32.8583766,39.86982],[32.8584651,39.8700196],[32.8583961,39.8700386],[32.8583695,39.8700291],[32.8583395,39.8700223],[32.8583288,39.870006],[32.858182,39.8700413],[32.8581908,39.8700522],[32.8581076,39.8700807]]]}},{"type":"Feature","properties":{"building":"yes","osm_id":463591849},"geometry":{"type":"Polygon","coordinates":[[[32.8591977,39.8696054],[32.8592101,39.869623],[32.8591889,39.8696475],[32.859249,39.8697792],[32.8592915,39.8698064],[32.8593304,39.8698172],[32.8595251,39.8697507],[32.8595286,39.8696964],[32.8594401,39.8695361],[32.859403,39.8695252],[32.8593287,39.8695388],[32.8593021,39.869532],[32.8592685,39.8695442],[32.8591977,39.8696054]]]}},{"type":"Feature","properties":{"building":"yes","osm_id":463591850},"geometry":{"type":"Polygon","coordinates":[[[32.85691,39.8617701],[32.8570755,39.861593],[32.8571961,39.8616595],[32.8570306,39.8618365],[32.85691,39.8617701]]]}},{"type":"Feature","properties":{"building":"yes","osm_id":463591851},"geometry":{"type":"Polygon","coordinates":[[[32.8570865,39.8618629],[32.8572429,39.8616874],[32.8573709,39.8617547],[32.8572145,39.8619302],[32.8570865,39.8618629]]]}},{"type":"Feature","properties":{"building":"yes","osm_id":463591852},"geometry":{"type":"Polygon","coordinates":[[[32.857274,39.8619474],[32.8574139,39.8617874],[32.8575312,39.8618478],[32.8573914,39.8620079],[32.857274,39.8619474]]]}},{"type":"Feature","properties":{"building":"yes","osm_id":463591853},"geometry":{"type":"Polygon","coordinates":[[[32.8567479,39.8616787],[32.8569415,39.8614721],[32.8570546,39.8615345],[32.856861,39.8617411],[32.8567479,39.8616787]]]}},{"type":"Feature","properties":{"building":"yes","osm_id":463591854},"geometry":{"type":"Polygon","coordinates":[[[32.8565053,39.8619379],[32.8566219,39.8618198],[32.8568673,39.8619626],[32.8567506,39.8620807],[32.8565053,39.8619379]]]}},{"type":"Feature","properties":{"building":"yes","osm_id":463591855},"geometry":{"type":"Polygon","coordinates":[[[32.8568002,39.8621253],[32.8569262,39.8619897],[32.8571143,39.8620927],[32.8569883,39.8622283],[32.8568002,39.8621253]]]}},{"type":"Feature","properties":{"building":"yes","osm_id":463591856},"geometry":{"type":"Polygon","coordinates":[[[32.8570584,39.8622721],[32.8572051,39.8621126],[32.8573712,39.8622026],[32.8572244,39.8623621],[32.8570584,39.8622721]]]}},{"type":"Feature","properties":{"building":"yes","osm_id":463591857},"geometry":{"type":"Polygon","coordinates":[[[32.8572904,39.8623818],[32.8574335,39.8622451],[32.8575826,39.862337],[32.8574395,39.8624737],[32.8572904,39.8623818]]]}},{"type":"Feature","properties":{"building":"yes","osm_id":463591858},"geometry":{"type":"Polygon","coordinates":[[[32.8574838,39.8624857],[32.8576227,39.8623421],[32.8577896,39.8624372],[32.8576507,39.8625808],[32.8574838,39.8624857]]]}},{"type":"Feature","properties":{"building":"yes","name":"Kuanta A.Ş","osm_id":463591859},"geometry":{"type":"Polygon","coordinates":[[[32.8570206,39.862559],[32.8571479,39.8624309],[32.8573082,39.8625247],[32.8571809,39.8626528],[32.8570206,39.862559]]]}},{"type":"Feature","properties":{"building":"yes","osm_id":463591860},"geometry":{"type":"Polygon","coordinates":[[[32.8572184,39.8627036],[32.8573597,39.8625542],[32.8575469,39.8626586],[32.8574055,39.862808],[32.8572184,39.8627036]]]}},{"type":"Feature","properties":{"building":"yes","osm_id":463591861},"geometry":{"type":"Polygon","coordinates":[[[32.8574473,39.8628313],[32.8576007,39.8626753],[32.8577582,39.8627665],[32.8576048,39.8629225],[32.8574473,39.8628313]]]}},{"type":"Feature","properties":{"building":"yes","osm_id":463591862},"geometry":{"type":"Polygon","coordinates":[[[32.8563453,39.862122],[32.8564698,39.8620036],[32.8566494,39.8621148],[32.8565249,39.8622332],[32.8563453,39.862122]]]}},{"type":"Feature","properties":{"building":"yes","osm_id":463591863},"geometry":{"type":"Polygon","coordinates":[[[32.8565756,39.8622688],[32.8566915,39.8621343],[32.856881,39.8622305],[32.8567651,39.862365],[32.8565756,39.8622688]]]}},{"type":"Feature","properties":{"building":"yes","osm_id":463591864},"geometry":{"type":"Polygon","coordinates":[[[32.8559022,39.862061],[32.8560772,39.8618886],[32.8562053,39.8619653],[32.8560303,39.8621377],[32.8559022,39.862061]]]}},{"type":"Feature","properties":{"building":"yes","osm_id":463591865},"geometry":{"type":"Polygon","coordinates":[[[32.8561048,39.8618354],[32.8562714,39.8616739],[32.8563947,39.8617488],[32.8562282,39.8619104],[32.8561048,39.8618354]]]}},{"type":"Feature","properties":{"building":"yes","osm_id":463591866},"geometry":{"type":"Polygon","coordinates":[[[32.8559478,39.8616626],[32.8560775,39.8615443],[32.8562277,39.8616412],[32.8560979,39.8617596],[32.8559478,39.8616626]]]}},{"type":"Feature","properties":{"building":"yes","osm_id":463591867},"geometry":{"type":"Polygon","coordinates":[[[32.8557062,39.861927],[32.8558529,39.8617892],[32.8560113,39.8618886],[32.8558646,39.8620264],[32.8557062,39.861927]]]}},{"type":"Feature","properties":{"building":"yes","osm_id":463591868},"geometry":{"type":"Polygon","coordinates":[[[32.8554874,39.8617861],[32.855638,39.8616266],[32.8558298,39.8617334],[32.8556793,39.8618928],[32.8554874,39.8617861]]]}},{"type":"Feature","properties":{"building":"yes","osm_id":463591869},"geometry":{"type":"Polygon","coordinates":[[[32.8557181,39.8615635],[32.8558464,39.8614434],[32.8559874,39.8615321],[32.8558591,39.8616522],[32.8557181,39.8615635]]]}},{"type":"Feature","properties":{"building":"yes","osm_id":463591870},"geometry":{"type":"Polygon","coordinates":[[[32.8552672,39.8616029],[32.8553933,39.8614711],[32.855581,39.8615864],[32.8554496,39.8617202],[32.8552672,39.8616029]]]}},{"type":"Feature","properties":{"building":"yes","osm_id":463591871},"geometry":{"type":"Polygon","coordinates":[[[32.8554731,39.8614251],[32.8556006,39.8612783],[32.8557875,39.8613739],[32.85566,39.8615207],[32.8554731,39.8614251]]]}},{"type":"Feature","properties":{"building":"yes","osm_id":463591872},"geometry":{"type":"Polygon","coordinates":[[[32.8559013,39.8612078],[32.8560569,39.8610444],[32.8561926,39.8611205],[32.856037,39.8612839],[32.8559013,39.8612078]]]}},{"type":"Feature","properties":{"building":"yes","osm_id":463591873},"geometry":{"type":"Polygon","coordinates":[[[32.8560617,39.8613244],[32.8562304,39.8611489],[32.8563598,39.8612222],[32.8561911,39.8613977],[32.8560617,39.8613244]]]}},{"type":"Feature","properties":{"building":"yes","osm_id":463591874},"geometry":{"type":"Polygon","coordinates":[[[32.8556588,39.8611146],[32.8558358,39.8612084],[32.8558446,39.8611812],[32.8558995,39.8610766],[32.855949,39.8610603],[32.855972,39.8610318],[32.8560092,39.8610263],[32.8560216,39.8610087],[32.855965,39.860972],[32.8559384,39.8609734],[32.8559225,39.8609598],[32.8558995,39.8609367],[32.8558659,39.8609217],[32.855834,39.8609217],[32.8558252,39.860953],[32.8558128,39.8609747],[32.8558163,39.8610236],[32.8557862,39.8610277],[32.8557862,39.8610521],[32.8557225,39.8610549],[32.8556995,39.8610875],[32.8556659,39.861097],[32.8556588,39.8611146]]]}},{"type":"Feature","properties":{"building":"yes","osm_id":463591875},"geometry":{"type":"Polygon","coordinates":[[[32.8552159,39.8612365],[32.8553093,39.8611439],[32.8555084,39.8612621],[32.855415,39.8613548],[32.8552159,39.8612365]]]}},{"type":"Feature","properties":{"building":"yes","osm_id":463591876},"geometry":{"type":"Polygon","coordinates":[[[32.8553179,39.8608636],[32.8554534,39.8607148],[32.8555888,39.860799],[32.8555374,39.8608564],[32.8555538,39.8608761],[32.8554907,39.8609478],[32.8554674,39.8609442],[32.8554347,39.8609783],[32.8553997,39.8609765],[32.8553016,39.8609209],[32.8553179,39.8608636]]]}},{"type":"Feature","properties":{"building":"yes","osm_id":463591877},"geometry":{"type":"Polygon","coordinates":[[[32.8550774,39.8608098],[32.8551778,39.8606933],[32.8552035,39.8606969],[32.8552549,39.8606305],[32.8553623,39.8607202],[32.8551989,39.8608976],[32.8550774,39.8608098]]]}},{"type":"Feature","properties":{"building":"yes","osm_id":463591878},"geometry":{"type":"Polygon","coordinates":[[[32.8550434,39.8614463],[32.8551562,39.8613269],[32.8553427,39.8614307],[32.8552202,39.8615604],[32.8551277,39.8615089],[32.8551568,39.861478],[32.8551316,39.861464],[32.8551122,39.8614846],[32.8550434,39.8614463]]]}},{"type":"Feature","properties":{"building":"yes","osm_id":463591879},"geometry":{"type":"Polygon","coordinates":[[[32.8547431,39.8612282],[32.8548469,39.8611229],[32.8550925,39.8612654],[32.8549887,39.8613708],[32.8547431,39.8612282]]]}},{"type":"Feature","properties":{"building":"yes","osm_id":463591880},"geometry":{"type":"Polygon","coordinates":[[[32.8540328,39.8604802],[32.8541695,39.86037],[32.8543153,39.8604764],[32.8541785,39.8605867],[32.8540328,39.8604802]]]}},{"type":"Feature","properties":{"building":"yes","osm_id":463591881},"geometry":{"type":"Polygon","coordinates":[[[32.8542825,39.8606253],[32.8543981,39.8605327],[32.8545576,39.86065],[32.854442,39.8607426],[32.8542825,39.8606253]]]}},{"type":"Feature","properties":{"building":"yes","osm_id":463591882},"geometry":{"type":"Polygon","coordinates":[[[32.8541014,39.8607435],[32.8541528,39.8606915],[32.8542158,39.8606592],[32.8543676,39.8607775],[32.8542695,39.8608671],[32.8541014,39.8607435]]]}},{"type":"Feature","properties":{"building":"yes","osm_id":463591883},"geometry":{"type":"Polygon","coordinates":[[[32.8544166,39.8608869],[32.8544657,39.8608456],[32.8546595,39.8610051],[32.8545661,39.861084],[32.854419,39.8609568],[32.8544283,39.8609227],[32.8544166,39.8608869]]]}},{"type":"Feature","properties":{"building":"yes","osm_id":463591884},"geometry":{"type":"Polygon","coordinates":[[[32.8537627,39.8598287],[32.8539133,39.8597064],[32.8540516,39.8598067],[32.8539009,39.8599291],[32.8537627,39.8598287]]]}},{"type":"Feature","properties":{"building":"yes","osm_id":463598526},"geometry":{"type":"Polygon","coordinates":[[[32.8532473,39.8534099],[32.8532683,39.8532908],[32.8536987,39.8533354],[32.8536777,39.8534545],[32.8532473,39.8534099]]]}},{"type":"Feature","properties":{"building":"yes","osm_id":463598527},"geometry":{"type":"Polygon","coordinates":[[[32.8546378,39.8531585],[32.854653,39.8530746],[32.854861,39.8530968],[32.8548458,39.8531807],[32.8546378,39.8531585]]]}},{"type":"Feature","properties":{"building":"yes","osm_id":463598528},"geometry":{"type":"Polygon","coordinates":[[[32.8546314,39.8532186],[32.8548393,39.8532418],[32.8548212,39.8533373],[32.8546134,39.8533141],[32.8546314,39.8532186]]]}},{"type":"Feature","properties":{"building":"yes","osm_id":463598529},"geometry":{"type":"Polygon","coordinates":[[[32.8545637,39.8534414],[32.8545823,39.8533514],[32.8548114,39.8533793],[32.8547928,39.8534693],[32.8545637,39.8534414]]]}},{"type":"Feature","properties":{"building":"yes","osm_id":463598530},"geometry":{"type":"Polygon","coordinates":[[[32.8545308,39.853616],[32.854563,39.8534945],[32.8547883,39.8535233],[32.8547669,39.8536345],[32.8545308,39.853616]]]}},{"type":"Feature","properties":{"building":"yes","osm_id":463598531},"geometry":{"type":"Polygon","coordinates":[[[32.8559575,39.8534226],[32.8559766,39.8532351],[32.8561427,39.8532451],[32.8561236,39.8534326],[32.8559575,39.8534226]]]}},{"type":"Feature","properties":{"building":"yes","osm_id":463598532},"geometry":{"type":"Polygon","coordinates":[[[32.8557527,39.853019],[32.8557593,39.8529527],[32.8559333,39.8529629],[32.8559267,39.8530293],[32.8557527,39.853019]]]}},{"type":"Feature","properties":{"building":"yes","osm_id":463598533},"geometry":{"type":"Polygon","coordinates":[[[32.8557574,39.8531601],[32.8557625,39.853085],[32.8559193,39.8530913],[32.8559142,39.8531665],[32.8557574,39.8531601]]]}},{"type":"Feature","properties":{"building":"yes","osm_id":463598534},"geometry":{"type":"Polygon","coordinates":[[[32.855729,39.8534311],[32.8557388,39.8533324],[32.8559092,39.8533423],[32.8558993,39.8534411],[32.855729,39.8534311]]]}},{"type":"Feature","properties":{"building":"yes","osm_id":463598535},"geometry":{"type":"Polygon","coordinates":[[[32.8557229,39.8535676],[32.8557302,39.8534884],[32.8558898,39.8534971],[32.8558824,39.8535763],[32.8557229,39.8535676]]]}},{"type":"Feature","properties":{"building":"yes","osm_id":463598536},"geometry":{"type":"Polygon","coordinates":[[[32.8557105,39.8537025],[32.8557179,39.8536132],[32.8558765,39.8536209],[32.8558691,39.8537102],[32.8557105,39.8537025]]]}},{"type":"Feature","properties":{"building":"yes","osm_id":463598537},"geometry":{"type":"Polygon","coordinates":[[[32.8549761,39.8542508],[32.8550208,39.8540837],[32.8551554,39.854105],[32.8551397,39.8541637],[32.85519,39.8541716],[32.855161,39.85428],[32.8549761,39.8542508]]]}},{"type":"Feature","properties":{"building":"yes","osm_id":463598538},"geometry":{"type":"Polygon","coordinates":[[[32.8547159,39.8539804],[32.8547025,39.8538507],[32.8549198,39.8538569],[32.8549117,39.8539907],[32.8547159,39.8539804]]]}},{"type":"Feature","properties":{"building":"yes","osm_id":463598539},"geometry":{"type":"Polygon","coordinates":[[[32.8548557,39.8543679],[32.855049,39.8544023],[32.855008,39.8545381],[32.8548147,39.8545036],[32.8548557,39.8543679]]]}},{"type":"Feature","properties":{"building":"yes","osm_id":463598540},"geometry":{"type":"Polygon","coordinates":[[[32.855068,39.8545443],[32.8551042,39.8544122],[32.8553839,39.8544575],[32.8553477,39.8545895],[32.855068,39.8545443]]]}},{"type":"Feature","properties":{"building":"yes","osm_id":463598541},"geometry":{"type":"Polygon","coordinates":[[[32.8550308,39.8547063],[32.8550528,39.8546129],[32.8553367,39.8546524],[32.8553146,39.8547458],[32.8550308,39.8547063]]]}},{"type":"Feature","properties":{"building":"yes","osm_id":463598542},"geometry":{"type":"Polygon","coordinates":[[[32.8545787,39.8543323],[32.8547777,39.854367],[32.854741,39.8544911],[32.854542,39.8544564],[32.8545787,39.8543323]]]}},{"type":"Feature","properties":{"building":"yes","osm_id":463598543},"geometry":{"type":"Polygon","coordinates":[[[32.853765,39.8545285],[32.8537875,39.8544393],[32.8539915,39.8544696],[32.8539691,39.8545588],[32.853765,39.8545285]]]}},{"type":"Feature","properties":{"building":"yes","osm_id":463598544},"geometry":{"type":"Polygon","coordinates":[[[32.8537808,39.8543746],[32.8538138,39.8542396],[32.8539815,39.8542638],[32.8539486,39.8543987],[32.8537808,39.8543746]]]}},{"type":"Feature","properties":{"building":"yes","osm_id":463598545},"geometry":{"type":"Polygon","coordinates":[[[32.8540484,39.8542642],[32.8542419,39.8542934],[32.8542107,39.8544156],[32.8540171,39.8543864],[32.8540484,39.8542642]]]}},{"type":"Feature","properties":{"building":"yes","osm_id":463598546},"geometry":{"type":"Polygon","coordinates":[[[32.8542694,39.854411],[32.854296,39.8543069],[32.8544977,39.8543373],[32.854471,39.8544414],[32.8542694,39.854411]]]}},{"type":"Feature","properties":{"building":"yes","osm_id":463598547},"geometry":{"type":"Polygon","coordinates":[[[32.8542822,39.8546142],[32.8543046,39.8545178],[32.8544902,39.8545432],[32.8544678,39.8546396],[32.8542822,39.8546142]]]}},{"type":"Feature","properties":{"building":"yes","osm_id":463598548},"geometry":{"type":"Polygon","coordinates":[[[32.8545436,39.8546396],[32.8545667,39.8545489],[32.8547549,39.8545772],[32.8547317,39.854668],[32.8545436,39.8546396]]]}},{"type":"Feature","properties":{"amenity":"embassy","country":"KE","name":"Kenya Büyükelçiliği","name:en":"Embassy of Kenya","building":"yes","osm_id":463598549},"geometry":{"type":"Polygon","coordinates":[[[32.8547777,39.8546879],[32.8548051,39.8545726],[32.8550015,39.8546001],[32.8549742,39.8547153],[32.8547777,39.8546879]]]}},{"type":"Feature","properties":{"building":"yes","osm_id":463598550},"geometry":{"type":"Polygon","coordinates":[[[32.8538412,39.8541021],[32.853879,39.8539541],[32.8540958,39.8539866],[32.8540581,39.8541347],[32.8538412,39.8541021]]]}},{"type":"Feature","properties":{"building":"yes","osm_id":463598551},"geometry":{"type":"Polygon","coordinates":[[[32.8538871,39.8538892],[32.8539055,39.8537804],[32.8539487,39.8537521],[32.8542229,39.8537899],[32.8542106,39.8539389],[32.8538871,39.8538892]]]}},{"type":"Feature","properties":{"building":"yes","osm_id":463598552},"geometry":{"type":"Polygon","coordinates":[[[32.8542409,39.8539303],[32.8542663,39.8538106],[32.8544118,39.8538289],[32.8543864,39.8539485],[32.8542409,39.8539303]]]}},{"type":"Feature","properties":{"building":"yes","osm_id":463598553},"geometry":{"type":"Polygon","coordinates":[[[32.8544298,39.8539529],[32.85446,39.8538229],[32.8546353,39.8538469],[32.8546051,39.8539769],[32.8544298,39.8539529]]]}},{"type":"Feature","properties":{"building":"yes","osm_id":463598554},"geometry":{"type":"Polygon","coordinates":[[[32.8541077,39.8541229],[32.8541354,39.8539989],[32.8542527,39.8540143],[32.8542251,39.8541383],[32.8541077,39.8541229]]]}},{"type":"Feature","properties":{"building":"yes","osm_id":463598555},"geometry":{"type":"Polygon","coordinates":[[[32.8542767,39.8541422],[32.8543044,39.8540182],[32.8544217,39.8540336],[32.8543941,39.8541576],[32.8542767,39.8541422]]]}},{"type":"Feature","properties":{"building":"yes","osm_id":463598556},"geometry":{"type":"Polygon","coordinates":[[[32.8544616,39.8541611],[32.8544892,39.8540371],[32.8546066,39.8540526],[32.8545789,39.8541765],[32.8544616,39.8541611]]]}},{"type":"Feature","properties":{"building":"yes","osm_id":463598557},"geometry":{"type":"Polygon","coordinates":[[[32.8546403,39.8541848],[32.8546679,39.8540608],[32.8547853,39.8540762],[32.8547576,39.8542002],[32.8546403,39.8541848]]]}},{"type":"Feature","properties":{"building":"yes","osm_id":463598558},"geometry":{"type":"Polygon","coordinates":[[[32.8548128,39.8542084],[32.8548405,39.8540845],[32.8549578,39.8540999],[32.8549302,39.8542238],[32.8548128,39.8542084]]]}},{"type":"Feature","properties":{"building":"yes","osm_id":463598559},"geometry":{"type":"Polygon","coordinates":[[[32.8549659,39.8539738],[32.8549713,39.8538699],[32.8551468,39.8538752],[32.8551414,39.8539792],[32.8549659,39.8539738]]]}},{"type":"Feature","properties":{"building":"yes","osm_id":463598560},"geometry":{"type":"Polygon","coordinates":[[[32.855215,39.8539768],[32.8552273,39.8538656],[32.8553352,39.8538656],[32.8553906,39.8539082],[32.8553906,39.8539909],[32.855292,39.853998],[32.855215,39.8539768]]]}},{"type":"Feature","properties":{"building":"yes","osm_id":463598561},"geometry":{"type":"Polygon","coordinates":[[[32.8554789,39.8551967],[32.8555023,39.855106],[32.8558049,39.855152],[32.8557815,39.8552427],[32.8554789,39.8551967]]]}},{"type":"Feature","properties":{"building":"yes","osm_id":463598562},"geometry":{"type":"Polygon","coordinates":[[[32.8554059,39.8554707],[32.8554402,39.8553303],[32.8556251,39.855357],[32.8555908,39.8554974],[32.8554059,39.8554707]]]}},{"type":"Feature","properties":{"building":"yes","osm_id":463598563},"geometry":{"type":"Polygon","coordinates":[[[32.8557975,39.8551121],[32.8558194,39.8550241],[32.8559757,39.855047],[32.8559538,39.855135],[32.8557975,39.8551121]]]}},{"type":"Feature","properties":{"building":"yes","osm_id":463598564},"geometry":{"type":"Polygon","coordinates":[[[32.8560259,39.8550309],[32.8561898,39.855062],[32.8561562,39.8551664],[32.8559923,39.8551352],[32.8560259,39.8550309]]]}},{"type":"Feature","properties":{"building":"yes","osm_id":463598565},"geometry":{"type":"Polygon","coordinates":[[[32.8561205,39.8552928],[32.856342,39.8553255],[32.8563725,39.8553146],[32.8563929,39.8552756],[32.8563949,39.8552444],[32.856151,39.8552116],[32.8561266,39.8552304],[32.8561123,39.8552584],[32.8561205,39.8552928]]]}},{"type":"Feature","properties":{"building":"yes","osm_id":463598566},"geometry":{"type":"Polygon","coordinates":[[[32.8558237,39.8556876],[32.8558054,39.8556829],[32.8558176,39.8555877],[32.8560737,39.8556252],[32.8560473,39.8557125],[32.8560229,39.8557125],[32.8560005,39.8557718],[32.8558095,39.8557391],[32.8558237,39.8556876]]]}},{"type":"Feature","properties":{"building":"yes","osm_id":463598567},"geometry":{"type":"Polygon","coordinates":[[[32.8560819,39.8557848],[32.8561132,39.8556473],[32.8562247,39.8556623],[32.8561934,39.8557998],[32.8560819,39.8557848]]]}},{"type":"Feature","properties":{"building":"yes","osm_id":463598568},"geometry":{"type":"Polygon","coordinates":[[[32.8560724,39.8555755],[32.8561055,39.8554368],[32.8562856,39.8554621],[32.8562525,39.8556008],[32.8560724,39.8555755]]]}},{"type":"Feature","properties":{"building":"yes","osm_id":463598569},"geometry":{"type":"Polygon","coordinates":[[[32.8563127,39.8555949],[32.8563481,39.8554496],[32.8564637,39.8554662],[32.8564284,39.8556114],[32.8563127,39.8555949]]]}},{"type":"Feature","properties":{"building":"yes","osm_id":463598570},"geometry":{"type":"Polygon","coordinates":[[[32.8559853,39.8561866],[32.856002,39.8560841],[32.856219,39.8561048],[32.8562024,39.8562073],[32.8559853,39.8561866]]]}},{"type":"Feature","properties":{"building":"yes","osm_id":463598571},"geometry":{"type":"Polygon","coordinates":[[[32.8562876,39.8560556],[32.8563106,39.8559626],[32.8565155,39.8559925],[32.8564925,39.8560855],[32.8562876,39.8560556]]]}},{"type":"Feature","properties":{"building":"yes","osm_id":463598572},"geometry":{"type":"Polygon","coordinates":[[[32.8565545,39.8560838],[32.8565763,39.8559932],[32.8567394,39.8560162],[32.8567176,39.8561069],[32.8565545,39.8560838]]]}},{"type":"Feature","properties":{"building":"yes","osm_id":463598573},"geometry":{"type":"Polygon","coordinates":[[[32.856861,39.8562865],[32.8568842,39.8561644],[32.8571345,39.8561926],[32.8571112,39.8563146],[32.856861,39.8562865]]]}},{"type":"Feature","properties":{"building":"yes","osm_id":463598574},"geometry":{"type":"Polygon","coordinates":[[[32.8559854,39.8566618],[32.8560112,39.8565224],[32.8561731,39.8565401],[32.8561473,39.8566794],[32.8559854,39.8566618]]]}},{"type":"Feature","properties":{"building":"yes","osm_id":463598575},"geometry":{"type":"Polygon","coordinates":[[[32.8562037,39.8566922],[32.8562351,39.8565294],[32.8563595,39.8565436],[32.8563281,39.8567063],[32.8562037,39.8566922]]]}},{"type":"Feature","properties":{"building":"yes","osm_id":463598576},"geometry":{"type":"Polygon","coordinates":[[[32.8555655,39.8566365],[32.8555937,39.8564704],[32.8557275,39.8564838],[32.8556993,39.8566499],[32.8555655,39.8566365]]]}},{"type":"Feature","properties":{"building":"yes","osm_id":463598577},"geometry":{"type":"Polygon","coordinates":[[[32.8556203,39.8564025],[32.855647,39.8562755],[32.8558036,39.8562948],[32.8557769,39.8564218],[32.8556203,39.8564025]]]}},{"type":"Feature","properties":{"building":"yes","osm_id":463598578},"geometry":{"type":"Polygon","coordinates":[[[32.8563142,39.8564734],[32.8563418,39.8563473],[32.8565583,39.8563752],[32.8565307,39.8565013],[32.8563142,39.8564734]]]}},{"type":"Feature","properties":{"building":"yes","osm_id":463598579},"geometry":{"type":"Polygon","coordinates":[[[32.8563827,39.8567147],[32.8564059,39.856572],[32.8566031,39.8565909],[32.8565799,39.8567335],[32.8563827,39.8567147]]]}},{"type":"Feature","properties":{"building":"yes","osm_id":463598580},"geometry":{"type":"Polygon","coordinates":[[[32.8566249,39.8567398],[32.856648,39.8565916],[32.8569052,39.8566152],[32.8568821,39.8567634],[32.8566249,39.8567398]]]}},{"type":"Feature","properties":{"building":"yes","osm_id":463598581},"geometry":{"type":"Polygon","coordinates":[[[32.8565938,39.8565127],[32.8566102,39.8563996],[32.8568563,39.8564206],[32.85684,39.8565337],[32.8565938,39.8565127]]]}},{"type":"Feature","properties":{"building":"yes","osm_id":463598582},"geometry":{"type":"Polygon","coordinates":[[[32.8569063,39.8565312],[32.8569348,39.8564145],[32.8571405,39.8564441],[32.857112,39.8565608],[32.8569063,39.8565312]]]}},{"type":"Feature","properties":{"building":"yes","osm_id":463598583},"geometry":{"type":"Polygon","coordinates":[[[32.8562819,39.8558052],[32.8562953,39.8557484],[32.856275,39.8557391],[32.8562884,39.8556818],[32.8565139,39.8557131],[32.8564856,39.8558334],[32.8562819,39.8558052]]]}},{"type":"Feature","properties":{"building":"yes","osm_id":463598584},"geometry":{"type":"Polygon","coordinates":[[[32.8565272,39.8558267],[32.8565683,39.8556956],[32.8567269,39.855725],[32.8566858,39.855856],[32.8565272,39.8558267]]]}},{"type":"Feature","properties":{"building":"yes","osm_id":463598585},"geometry":{"type":"Polygon","coordinates":[[[32.8564782,39.8556314],[32.856523,39.8554597],[32.8566917,39.8554863],[32.856649,39.8556579],[32.8564782,39.8556314]]]}},{"type":"Feature","properties":{"building":"yes","osm_id":463598586},"geometry":{"type":"Polygon","coordinates":[[[32.8562352,39.8551628],[32.8562608,39.855077],[32.8564416,39.8551088],[32.856416,39.8551946],[32.8562352,39.8551628]]]}},{"type":"Feature","properties":{"building":"yes","osm_id":463598587},"geometry":{"type":"Polygon","coordinates":[[[32.8546143,39.8560406],[32.8546397,39.8559219],[32.8548182,39.8559445],[32.8547927,39.8560632],[32.8546143,39.8560406]]]}},{"type":"Feature","properties":{"building":"yes","osm_id":463598588},"geometry":{"type":"Polygon","coordinates":[[[32.8548524,39.8560677],[32.8548754,39.8559632],[32.8550523,39.8559861],[32.8550294,39.8560906],[32.8548524,39.8560677]]]}},{"type":"Feature","properties":{"building":"yes","osm_id":463598589},"geometry":{"type":"Polygon","coordinates":[[[32.8548608,39.8558912],[32.8548996,39.8557368],[32.8551191,39.8557694],[32.8550803,39.8559238],[32.8548608,39.8558912]]]}},{"type":"Feature","properties":{"building":"yes","osm_id":463598590},"geometry":{"type":"Polygon","coordinates":[[[32.8546448,39.8558592],[32.8546838,39.8557138],[32.85484,39.8557385],[32.854801,39.8558839],[32.8546448,39.8558592]]]}},{"type":"Feature","properties":{"building":"yes","osm_id":463598591},"geometry":{"type":"Polygon","coordinates":[[[32.8538211,39.8557418],[32.8538373,39.8556761],[32.8539071,39.8556862],[32.8539126,39.8556638],[32.8538606,39.8556562],[32.8538749,39.8555981],[32.8541855,39.8556431],[32.8541496,39.8557894],[32.8538211,39.8557418]]]}},{"type":"Feature","properties":{"building":"yes","osm_id":463598592},"geometry":{"type":"Polygon","coordinates":[[[32.854141,39.8559902],[32.8541643,39.8558628],[32.8544262,39.855891],[32.8544029,39.8560184],[32.854141,39.8559902]]]}},{"type":"Feature","properties":{"building":"yes","osm_id":463598593},"geometry":{"type":"Polygon","coordinates":[[[32.8543017,39.8558002],[32.8543321,39.8556692],[32.8544702,39.855688],[32.8544399,39.8558191],[32.8543017,39.8558002]]]}},{"type":"Feature","properties":{"building":"yes","osm_id":463598594},"geometry":{"type":"Polygon","coordinates":[[[32.8538611,39.8558177],[32.8541128,39.8558461],[32.8540847,39.8559928],[32.8538331,39.8559645],[32.8538611,39.8558177]]]}},{"type":"Feature","properties":{"building":"yes","osm_id":463598595},"geometry":{"type":"Polygon","coordinates":[[[32.8536449,39.8559342],[32.8536759,39.8557965],[32.8538082,39.855814],[32.8537772,39.8559517],[32.8536449,39.8559342]]]}},{"type":"Feature","properties":{"building":"yes","osm_id":463598596},"geometry":{"type":"Polygon","coordinates":[[[32.8536088,39.8557121],[32.853641,39.8555585],[32.8538068,39.855579],[32.8537746,39.8557326],[32.8536088,39.8557121]]]}},{"type":"Feature","properties":{"building":"yes","osm_id":463598597},"geometry":{"type":"Polygon","coordinates":[[[32.8533596,39.8559079],[32.8533977,39.855725],[32.8536046,39.8557504],[32.8535666,39.8559332],[32.8533596,39.8559079]]]}},{"type":"Feature","properties":{"building":"yes","osm_id":463598598},"geometry":{"type":"Polygon","coordinates":[[[32.8534341,39.8556658],[32.8534675,39.8555375],[32.8536104,39.8555595],[32.853577,39.8556877],[32.8534341,39.8556658]]]}},{"type":"Feature","properties":{"building":"yes","osm_id":463598599},"geometry":{"type":"Polygon","coordinates":[[[32.8524759,39.85644],[32.8524247,39.8561602],[32.852784,39.8561215],[32.8528352,39.8564013],[32.8524759,39.85644]]]}},{"type":"Feature","properties":{"building":"yes","osm_id":463598600},"geometry":{"type":"Polygon","coordinates":[[[32.851844,39.8562799],[32.8517273,39.8560756],[32.851816,39.8560362],[32.851795,39.8559931],[32.8519281,39.8559394],[32.8519818,39.8560469],[32.8519258,39.8560595],[32.8519678,39.8561509],[32.8520192,39.8561437],[32.8521663,39.8563839],[32.8521523,39.8564215],[32.8521312,39.8564646],[32.8520145,39.8564879],[32.8520005,39.856461],[32.8519491,39.8564681],[32.8519258,39.8564],[32.8520215,39.856357],[32.8519374,39.8562459],[32.851844,39.8562799]]]}},{"type":"Feature","properties":{"building":"yes","osm_id":463598601},"geometry":{"type":"Polygon","coordinates":[[[32.8542958,39.8574403],[32.8542931,39.8573539],[32.8545479,39.8573703],[32.8545452,39.8574053],[32.8545801,39.8574136],[32.8545747,39.8574548],[32.8545157,39.8574939],[32.8542958,39.8574403]]]}},{"type":"Feature","properties":{"building":"yes","osm_id":463598602},"geometry":{"type":"Polygon","coordinates":[[[32.8540495,39.8571595],[32.8540642,39.8570736],[32.85427,39.8570942],[32.8542554,39.8571802],[32.8540495,39.8571595]]]}},{"type":"Feature","properties":{"building":"yes","osm_id":463598603},"geometry":{"type":"Polygon","coordinates":[[[32.8535421,39.85708],[32.8535501,39.8570141],[32.8537942,39.8570285],[32.8537888,39.8571315],[32.8535421,39.85708]]]}},{"type":"Feature","properties":{"building":"yes","osm_id":463598604},"geometry":{"type":"Polygon","coordinates":[[[32.8538291,39.8571348],[32.8538395,39.8570489],[32.8540022,39.8570604],[32.8539919,39.8571464],[32.8538291,39.8571348]]]}},{"type":"Feature","properties":{"building":"yes","osm_id":463598605},"geometry":{"type":"Polygon","coordinates":[[[32.8539664,39.8568466],[32.8539809,39.8567356],[32.8541434,39.8567482],[32.8541289,39.8568592],[32.8539664,39.8568466]]]}},{"type":"Feature","properties":{"building":"yes","osm_id":463598606},"geometry":{"type":"Polygon","coordinates":[[[32.8542005,39.8568626],[32.8542142,39.8567557],[32.8544436,39.856773],[32.8544299,39.8568799],[32.8542005,39.8568626]]]}},{"type":"Feature","properties":{"building":"yes","osm_id":463598607},"geometry":{"type":"Polygon","coordinates":[[[32.8551948,39.85658],[32.85523,39.8564007],[32.8555558,39.8564385],[32.8555205,39.8566177],[32.8551948,39.85658]]]}},{"type":"Feature","properties":{"building":"yes","osm_id":463598608},"geometry":{"type":"Polygon","coordinates":[[[32.8552228,39.8563579],[32.855244,39.8562387],[32.8555984,39.8562759],[32.8555772,39.8563951],[32.8552228,39.8563579]]]}},{"type":"Feature","properties":{"building":"yes","osm_id":463598609},"geometry":{"type":"Polygon","coordinates":[[[32.8551541,39.8572303],[32.8552587,39.8571706],[32.855323,39.8572221],[32.855366,39.8572097],[32.8554276,39.8571809],[32.8555322,39.8572736],[32.8554384,39.8573333],[32.8553606,39.8572736],[32.8553204,39.8572983],[32.8552962,39.8572818],[32.8552453,39.8573127],[32.8551541,39.8572303]]]}},{"type":"Feature","properties":{"building":"yes","osm_id":463598610},"geometry":{"type":"Polygon","coordinates":[[[32.8558371,39.8573422],[32.8558581,39.8572165],[32.8561426,39.8572446],[32.8561216,39.8573702],[32.8558371,39.8573422]]]}},{"type":"Feature","properties":{"building":"yes","osm_id":463598611},"geometry":{"type":"Polygon","coordinates":[[[32.8551326,39.8568556],[32.8553043,39.8568741],[32.8552882,39.8570121],[32.8551916,39.8569956],[32.8551192,39.8569359],[32.8551326,39.8568556]]]}},{"type":"Feature","properties":{"building":"yes","osm_id":463598612},"geometry":{"type":"Polygon","coordinates":[[[32.855363,39.856988],[32.8553777,39.8568814],[32.855566,39.8568968],[32.8555512,39.8570034],[32.855363,39.856988]]]}},{"type":"Feature","properties":{"building":"yes","osm_id":463598613},"geometry":{"type":"Polygon","coordinates":[[[32.8554875,39.8568263],[32.8555021,39.8567479],[32.8557004,39.8567696],[32.8556858,39.856848],[32.8554875,39.8568263]]]}},{"type":"Feature","properties":{"building":"yes","osm_id":463598614},"geometry":{"type":"Polygon","coordinates":[[[32.8556258,39.8570119],[32.8556446,39.8569004],[32.8558195,39.8569178],[32.8558007,39.8570293],[32.8556258,39.8570119]]]}},{"type":"Feature","properties":{"building":"yes","osm_id":463598615},"geometry":{"type":"Polygon","coordinates":[[[32.8558541,39.8570471],[32.8558729,39.8569235],[32.8560258,39.856938],[32.8560043,39.8570615],[32.8558541,39.8570471]]]}},{"type":"Feature","properties":{"building":"yes","osm_id":463598616},"geometry":{"type":"Polygon","coordinates":[[[32.8566454,39.8570183],[32.8566695,39.8568597],[32.8569431,39.8568844],[32.856927,39.8569524],[32.8566454,39.8570183]]]}},{"type":"Feature","properties":{"building":"yes","osm_id":463598617},"geometry":{"type":"Polygon","coordinates":[[[32.8547198,39.8567408],[32.8547395,39.856622],[32.8549104,39.8566387],[32.8548906,39.8567575],[32.8547198,39.8567408]]]}},{"type":"Feature","properties":{"building":"yes","osm_id":463598618},"geometry":{"type":"Polygon","coordinates":[[[32.8551702,39.8568026],[32.8551878,39.8567198],[32.8554259,39.8567495],[32.8554083,39.8568323],[32.8551702,39.8568026]]]}},{"type":"Feature","properties":{"building":"yes","osm_id":463598619},"geometry":{"type":"Polygon","coordinates":[[[32.8536101,39.8561698],[32.8536291,39.856058],[32.8539245,39.8560876],[32.8539055,39.8561994],[32.8536101,39.8561698]]]}},{"type":"Feature","properties":{"building":"yes","osm_id":463598620},"geometry":{"type":"Polygon","coordinates":[[[32.8532602,39.8561432],[32.8532842,39.856024],[32.8535206,39.856052],[32.8535077,39.8561161],[32.8535425,39.8561203],[32.8535314,39.8561754],[32.8532602,39.8561432]]]}},{"type":"Feature","properties":{"building":"yes","osm_id":463598621},"geometry":{"type":"Polygon","coordinates":[[[32.8531987,39.8562338],[32.8532294,39.8562442],[32.8532497,39.8562091],[32.8534642,39.856222],[32.8534974,39.8562244],[32.8534902,39.8562831],[32.8534476,39.85628],[32.8534396,39.8563456],[32.8531872,39.8563273],[32.8531987,39.8562338]]]}},{"type":"Feature","properties":{"building":"yes","osm_id":463598622},"geometry":{"type":"Polygon","coordinates":[[[32.8535649,39.8563627],[32.8535889,39.8562446],[32.8538897,39.8562807],[32.8538656,39.8563988],[32.8535649,39.8563627]]]}},{"type":"Feature","properties":{"building":"yes","osm_id":463598623},"geometry":{"type":"Polygon","coordinates":[[[32.8543142,39.8572303],[32.854588,39.8572532],[32.854577,39.8573302],[32.8543033,39.8573073],[32.8543142,39.8572303]]]}},{"type":"Feature","properties":{"building":"yes","osm_id":463598624},"geometry":{"type":"Polygon","coordinates":[[[32.854314,39.8571754],[32.8543249,39.857087],[32.8546427,39.85711],[32.8546319,39.8571984],[32.854314,39.8571754]]]}},{"type":"Feature","properties":{"building":"yes","osm_id":463598625},"geometry":{"type":"Polygon","coordinates":[[[32.8542325,39.8566908],[32.8542568,39.8565612],[32.8544208,39.8565793],[32.8543965,39.8567089],[32.8542325,39.8566908]]]}},{"type":"Feature","properties":{"building":"yes","osm_id":463598626},"geometry":{"type":"Polygon","coordinates":[[[32.8544519,39.8567156],[32.8544701,39.8565984],[32.8546797,39.8566175],[32.8546615,39.8567348],[32.8544519,39.8567156]]]}},{"type":"Feature","properties":{"building":"yes","osm_id":463598627},"geometry":{"type":"Polygon","coordinates":[[[32.8546821,39.8569226],[32.8547074,39.8567954],[32.8548778,39.8568154],[32.8548525,39.8569426],[32.8546821,39.8569226]]]}},{"type":"Feature","properties":{"building":"yes","osm_id":463598628},"geometry":{"type":"Polygon","coordinates":[[[32.8539101,39.856659],[32.8539223,39.8565358],[32.8542048,39.8565592],[32.8541723,39.8566902],[32.8540605,39.8566762],[32.8540686,39.85662],[32.85403,39.8566185],[32.8540219,39.85667],[32.8539101,39.856659]]]}},{"type":"Feature","properties":{"building":"yes","osm_id":463598629},"geometry":{"type":"Polygon","coordinates":[[[32.8536646,39.8568344],[32.8536835,39.8567182],[32.8538989,39.8567388],[32.8538801,39.8568551],[32.8536646,39.8568344]]]}},{"type":"Feature","properties":{"building":"yes","osm_id":463598630},"geometry":{"type":"Polygon","coordinates":[[[32.8534145,39.8567954],[32.8534336,39.8567033],[32.8536126,39.8567252],[32.8535935,39.8568173],[32.8534145,39.8567954]]]}},{"type":"Feature","properties":{"building":"yes","osm_id":463598631},"geometry":{"type":"Polygon","coordinates":[[[32.8536953,39.8566368],[32.8537195,39.8565035],[32.8538669,39.8565192],[32.8538428,39.8566526],[32.8536953,39.8566368]]]}},{"type":"Feature","properties":{"building":"yes","osm_id":463598632},"geometry":{"type":"Polygon","coordinates":[[[32.8534907,39.8566243],[32.8535133,39.8565046],[32.8536521,39.85652],[32.8536295,39.8566397],[32.8534907,39.8566243]]]}},{"type":"Feature","properties":{"building":"yes","osm_id":463598633},"geometry":{"type":"Polygon","coordinates":[[[32.8529974,39.8567074],[32.8530114,39.8566289],[32.853158,39.8566372],[32.8531458,39.8567573],[32.8530421,39.8567511],[32.8529974,39.8567074]]]}},{"type":"Feature","properties":{"building":"yes","osm_id":463598634},"geometry":{"type":"Polygon","coordinates":[[[32.8530807,39.8565919],[32.8531071,39.8564546],[32.8533409,39.8564749],[32.8533349,39.8565106],[32.8533186,39.8566075],[32.8532616,39.8566044],[32.8532494,39.856581],[32.8531803,39.8565732],[32.8531539,39.8565982],[32.8530807,39.8565919]]]}},{"type":"Feature","properties":{"building":"yes","osm_id":463598635},"geometry":{"type":"Polygon","coordinates":[[[32.8533349,39.8565106],[32.8534608,39.8565248],[32.8534344,39.8566388],[32.8533145,39.8566231],[32.8533186,39.8566075],[32.8533349,39.8565106]]]}},{"type":"Feature","properties":{"building":"yes","osm_id":463598636},"geometry":{"type":"Polygon","coordinates":[[[32.8528632,39.8569571],[32.8531437,39.8569758],[32.8531397,39.8570913],[32.8528632,39.8570117],[32.852847,39.8569945],[32.852851,39.8569774],[32.8528632,39.8569571]]]}},{"type":"Feature","properties":{"building":"yes","osm_id":463598637},"geometry":{"type":"Polygon","coordinates":[[[32.8531925,39.8571131],[32.8532027,39.8569883],[32.8533165,39.8570008],[32.8533165,39.857032],[32.8533429,39.8570304],[32.853345,39.8570008],[32.8534771,39.8570226],[32.8534588,39.8571677],[32.8533897,39.8571553],[32.8533246,39.85711],[32.8533206,39.8571631],[32.8531925,39.8571131]]]}},{"type":"Feature","properties":{"building":"yes","osm_id":463598638},"geometry":{"type":"Polygon","coordinates":[[[32.8535412,39.8530913],[32.8535571,39.8530039],[32.853772,39.8530269],[32.8537561,39.8531143],[32.8535412,39.8530913]]]}},{"type":"Feature","properties":{"building":"yes","osm_id":463598639},"geometry":{"type":"Polygon","coordinates":[[[32.8550046,39.8511657],[32.8550466,39.8510762],[32.8552357,39.8511284],[32.8551937,39.8512179],[32.8550046,39.8511657]]]}},{"type":"Feature","properties":{"building":"yes","osm_id":463598640},"geometry":{"type":"Polygon","coordinates":[[[32.854865,39.8514141],[32.8549071,39.8513394],[32.8550785,39.8513964],[32.8550365,39.851471],[32.854865,39.8514141]]]}},{"type":"Feature","properties":{"building":"yes","osm_id":463598641},"geometry":{"type":"Polygon","coordinates":[[[32.8547756,39.8515606],[32.8548172,39.8514809],[32.8550039,39.8515383],[32.8549623,39.8516181],[32.8547756,39.8515606]]]}},{"type":"Feature","properties":{"building":"yes","osm_id":463601146},"geometry":{"type":"Polygon","coordinates":[[[32.8550837,39.8510187],[32.8551262,39.8509499],[32.8552768,39.8510048],[32.8552343,39.8510735],[32.8550837,39.8510187]]]}},{"type":"Feature","properties":{"building":"yes","osm_id":463601147},"geometry":{"type":"Polygon","coordinates":[[[32.8553313,39.8517679],[32.8553793,39.8516896],[32.8554998,39.8517331],[32.8554519,39.8518114],[32.8553313,39.8517679]]]}},{"type":"Feature","properties":{"building":"yes","osm_id":463601148},"geometry":{"type":"Polygon","coordinates":[[[32.8551157,39.8517136],[32.8551702,39.8516217],[32.8553005,39.8516672],[32.855246,39.8517591],[32.8551157,39.8517136]]]}},{"type":"Feature","properties":{"building":"yes","osm_id":463601149},"geometry":{"type":"Polygon","coordinates":[[[32.8552434,39.8514535],[32.855291,39.8513705],[32.8554441,39.8514222],[32.8553965,39.8515052],[32.8552434,39.8514535]]]}},{"type":"Feature","properties":{"building":"yes","osm_id":463601150},"geometry":{"type":"Polygon","coordinates":[[[32.855335,39.8513181],[32.8553735,39.8512423],[32.8555142,39.8512844],[32.8554757,39.8513602],[32.855335,39.8513181]]]}},{"type":"Feature","properties":{"building":"yes","osm_id":463601151},"geometry":{"type":"Polygon","coordinates":[[[32.8554057,39.8512049],[32.855446,39.8511355],[32.8555902,39.8511849],[32.8555499,39.8512543],[32.8554057,39.8512049]]]}},{"type":"Feature","properties":{"building":"yes","osm_id":463601152},"geometry":{"type":"Polygon","coordinates":[[[32.8554755,39.8510726],[32.8555151,39.8510008],[32.8556543,39.8510461],[32.8556147,39.8511179],[32.8554755,39.8510726]]]}},{"type":"Feature","properties":{"building":"yes","osm_id":463601153},"geometry":{"type":"Polygon","coordinates":[[[32.8556759,39.8511382],[32.855717,39.851071],[32.855867,39.8511252],[32.8558259,39.8511924],[32.8556759,39.8511382]]]}},{"type":"Feature","properties":{"building":"yes","osm_id":463601154},"geometry":{"type":"Polygon","coordinates":[[[32.8555513,39.8513777],[32.8556486,39.8512071],[32.8558024,39.8512588],[32.8557051,39.8514294],[32.8555513,39.8513777]]]}},{"type":"Feature","properties":{"building":"yes","osm_id":463601155},"geometry":{"type":"Polygon","coordinates":[[[32.8556919,39.8508258],[32.855763,39.8507728],[32.855891,39.8508741],[32.8558199,39.8509271],[32.8556919,39.8508258]]]}},{"type":"Feature","properties":{"building":"yes","osm_id":463601156},"geometry":{"type":"Polygon","coordinates":[[[32.8558117,39.8510287],[32.8559622,39.8509319],[32.8560211,39.8509803],[32.8560232,39.8510131],[32.8559337,39.8510911],[32.8558565,39.8510692],[32.8558117,39.8510287]]]}},{"type":"Feature","properties":{"building":"yes","osm_id":463601157},"geometry":{"type":"Polygon","coordinates":[[[32.8554703,39.8515134],[32.8555185,39.8514364],[32.8556529,39.851486],[32.8556047,39.851563],[32.8554703,39.8515134]]]}},{"type":"Feature","properties":{"building":"yes","osm_id":463601158},"geometry":{"type":"Polygon","coordinates":[[[32.8553932,39.8516487],[32.855443,39.8515601],[32.8555841,39.8516068],[32.8555343,39.8516954],[32.8553932,39.8516487]]]}},{"type":"Feature","properties":{"building":"yes","osm_id":463601159},"geometry":{"type":"Polygon","coordinates":[[[32.8559154,39.8513142],[32.8559825,39.8511832],[32.856137,39.8512893],[32.8560232,39.8513845],[32.8559154,39.8513142]]]}},{"type":"Feature","properties":{"building":"yes","osm_id":463601160},"geometry":{"type":"Polygon","coordinates":[[[32.8560581,39.8514031],[32.8561634,39.8513249],[32.8562465,39.8513907],[32.8561412,39.851469],[32.8560581,39.8514031]]]}},{"type":"Feature","properties":{"building":"yes","osm_id":463601161},"geometry":{"type":"Polygon","coordinates":[[[32.8560099,39.8511395],[32.8561186,39.8510577],[32.8562132,39.8511318],[32.8561045,39.8512136],[32.8560099,39.8511395]]]}},{"type":"Feature","properties":{"building":"yes","osm_id":463601162},"geometry":{"type":"Polygon","coordinates":[[[32.8561738,39.8515062],[32.8562753,39.8514241],[32.8563665,39.8514905],[32.8562649,39.8515727],[32.8561738,39.8515062]]]}},{"type":"Feature","properties":{"building":"yes","osm_id":463601163},"geometry":{"type":"Polygon","coordinates":[[[32.8562932,39.8516061],[32.8563891,39.8515299],[32.8564646,39.8515858],[32.8563687,39.851662],[32.8562932,39.8516061]]]}},{"type":"Feature","properties":{"building":"yes","osm_id":463601164},"geometry":{"type":"Polygon","coordinates":[[[32.8564167,39.8516935],[32.8565191,39.8516193],[32.8565951,39.8516811],[32.8564928,39.8517553],[32.8564167,39.8516935]]]}},{"type":"Feature","properties":{"building":"yes","osm_id":463601165},"geometry":{"type":"Polygon","coordinates":[[[32.8565431,39.8517901],[32.8566635,39.8516969],[32.8567758,39.8517824],[32.8566555,39.8518756],[32.8565431,39.8517901]]]}},{"type":"Feature","properties":{"building":"yes","osm_id":463601166},"geometry":{"type":"Polygon","coordinates":[[[32.8566386,39.8516123],[32.8567509,39.8515253],[32.8568428,39.8515951],[32.8567305,39.8516822],[32.8566386,39.8516123]]]}},{"type":"Feature","properties":{"building":"yes","osm_id":463601167},"geometry":{"type":"Polygon","coordinates":[[[32.8567915,39.8517137],[32.8568993,39.8516217],[32.8569643,39.8516794],[32.8569643,39.8517028],[32.8568708,39.8517746],[32.8568464,39.851773],[32.8567915,39.8517137]]]}},{"type":"Feature","properties":{"building":"yes","osm_id":463601168},"geometry":{"type":"Polygon","coordinates":[[[32.856373,39.8510692],[32.8564925,39.8509856],[32.8565735,39.8510538],[32.856454,39.8511375],[32.856373,39.8510692]]]}},{"type":"Feature","properties":{"building":"yes","osm_id":463601169},"geometry":{"type":"Polygon","coordinates":[[[32.8565268,39.851155],[32.8566228,39.8510837],[32.8567088,39.851152],[32.8566128,39.8512232],[32.8565268,39.851155]]]}},{"type":"Feature","properties":{"building":"yes","osm_id":463601170},"geometry":{"type":"Polygon","coordinates":[[[32.8565426,39.8509459],[32.8566533,39.8508648],[32.8567213,39.8509194],[32.8566106,39.8510006],[32.8565426,39.8509459]]]}},{"type":"Feature","properties":{"building":"yes","osm_id":463601171},"geometry":{"type":"Polygon","coordinates":[[[32.8566694,39.8510411],[32.8567912,39.8509531],[32.8568707,39.851018],[32.8567489,39.851106],[32.8566694,39.8510411]]]}},{"type":"Feature","properties":{"building":"yes","osm_id":463601172},"geometry":{"type":"Polygon","coordinates":[[[32.8572149,39.8518294],[32.8573905,39.8518344],[32.8573807,39.8520397],[32.8572051,39.8520348],[32.8572149,39.8518294]]]}},{"type":"Feature","properties":{"building":"yes","osm_id":463601173},"geometry":{"type":"Polygon","coordinates":[[[32.8574352,39.8520045],[32.8574335,39.8519133],[32.8576012,39.8519115],[32.8576029,39.8520027],[32.8574352,39.8520045]]]}},{"type":"Feature","properties":{"building":"yes","osm_id":463601174},"geometry":{"type":"Polygon","coordinates":[[[32.8574074,39.8521086],[32.8574074,39.8520493],[32.8576046,39.8520524],[32.8575884,39.8521585],[32.8575497,39.8521507],[32.8575274,39.8521335],[32.8574074,39.8521086]]]}},{"type":"Feature","properties":{"building":"yes","osm_id":463601175},"geometry":{"type":"Polygon","coordinates":[[[32.8562943,39.8507422],[32.856404,39.8506674],[32.8564852,39.8507375],[32.8563755,39.8508124],[32.8562943,39.8507422]]]}},{"type":"Feature","properties":{"building":"yes","osm_id":463601176},"geometry":{"type":"Polygon","coordinates":[[[32.8561415,39.8508654],[32.8561781,39.8508529],[32.8562452,39.8507905],[32.8563265,39.8508545],[32.8562696,39.850906],[32.8562492,39.8509013],[32.8562472,39.8509325],[32.8562228,39.8509387],[32.8561456,39.8508951],[32.8561415,39.8508654]]]}},{"type":"Feature","properties":{"building":"yes","osm_id":463601177},"geometry":{"type":"Polygon","coordinates":[[[32.8560104,39.8507887],[32.8561231,39.8507078],[32.8561935,39.8507656],[32.8560808,39.8508464],[32.8560104,39.8507887]]]}},{"type":"Feature","properties":{"building":"yes","osm_id":463601178},"geometry":{"type":"Polygon","coordinates":[[[32.8560206,39.8505548],[32.8561273,39.8504721],[32.8562217,39.8505439],[32.8561151,39.8506266],[32.8560206,39.8505548]]]}},{"type":"Feature","properties":{"building":"yes","osm_id":463601179},"geometry":{"type":"Polygon","coordinates":[[[32.8558945,39.8506797],[32.8559972,39.8506018],[32.8560815,39.8506672],[32.8559789,39.8507452],[32.8558945,39.8506797]]]}},{"type":"Feature","properties":{"building":"yes","osm_id":463601180},"geometry":{"type":"Polygon","coordinates":[[[32.8558671,39.8504269],[32.8559504,39.8503629],[32.855987,39.8503785],[32.8560561,39.8504316],[32.8559748,39.8505065],[32.8558671,39.8504269]]]}},{"type":"Feature","properties":{"building":"yes","osm_id":463601181},"geometry":{"type":"Polygon","coordinates":[[[32.8557553,39.8505564],[32.8558468,39.8504831],[32.8559606,39.8505705],[32.8558529,39.8506578],[32.8557594,39.8505907],[32.8557776,39.8505751],[32.8557553,39.8505564]]]}},{"type":"Feature","properties":{"building":"yes","building:levels":"10","osm_id":463601182},"geometry":{"type":"Polygon","coordinates":[[[32.8545861,39.8505886],[32.8546088,39.8505406],[32.8546424,39.8505499],[32.8546665,39.8504987],[32.8546411,39.8504916],[32.8546639,39.8504434],[32.8546999,39.8504534],[32.854708,39.8504082],[32.8548286,39.8504505],[32.8548137,39.8504754],[32.8548359,39.8504832],[32.8548504,39.8504589],[32.8549459,39.8504924],[32.8549413,39.8505114],[32.8549595,39.8505139],[32.8549424,39.8505857],[32.8549131,39.8505816],[32.8548916,39.8506166],[32.854909,39.8506279],[32.85488,39.8506904],[32.8548515,39.8506826],[32.8548401,39.8507071],[32.8547823,39.8506913],[32.8547925,39.8506693],[32.8547593,39.8506601],[32.8547711,39.8506349],[32.8547264,39.8506226],[32.8547147,39.8506476],[32.8546748,39.8506366],[32.8546686,39.8506499],[32.8546111,39.8506339],[32.8546271,39.8505999],[32.8545861,39.8505886]]]}},{"type":"Feature","properties":{"building":"yes","osm_id":463601183},"geometry":{"type":"Polygon","coordinates":[[[32.8547007,39.8501596],[32.8548411,39.849995],[32.8549047,39.850027],[32.8549266,39.8500012],[32.8551189,39.8500978],[32.8550982,39.8501221],[32.8551208,39.8501334],[32.8550842,39.8501765],[32.855064,39.8501664],[32.8550462,39.8501873],[32.8550121,39.8501703],[32.855002,39.8501821],[32.8550239,39.850193],[32.8550108,39.8502084],[32.8550249,39.850222],[32.8550007,39.8502504],[32.8549757,39.8502379],[32.8549399,39.8502799],[32.8547007,39.8501596]]]}},{"type":"Feature","properties":{"building":"yes","osm_id":463601184},"geometry":{"type":"Polygon","coordinates":[[[32.8555811,39.8500001],[32.8556129,39.8499304],[32.8556322,39.8499356],[32.8556553,39.8498847],[32.85571,39.8498993],[32.8557198,39.8498776],[32.8556786,39.8498665],[32.8556992,39.8498212],[32.8556815,39.849809],[32.8557112,39.8497447],[32.8558661,39.8497869],[32.8558584,39.8498036],[32.8559041,39.849816],[32.8558938,39.8498383],[32.8559963,39.8498662],[32.8559145,39.8500435],[32.85582,39.8500179],[32.8558137,39.8500314],[32.8557623,39.8500175],[32.8557495,39.8500455],[32.8555811,39.8500001]]]}},{"type":"Feature","properties":{"building":"yes","osm_id":463601185},"geometry":{"type":"Polygon","coordinates":[[[32.8550113,39.8497836],[32.8551517,39.849619],[32.8552153,39.849651],[32.8552372,39.8496253],[32.8554295,39.8497218],[32.8554088,39.8497461],[32.8554314,39.8497575],[32.8553948,39.8498006],[32.8553746,39.8497904],[32.8553568,39.8498114],[32.8553226,39.8497943],[32.8553126,39.8498061],[32.8553344,39.8498171],[32.8553214,39.8498325],[32.8553355,39.8498461],[32.8553113,39.8498745],[32.8552863,39.8498619],[32.8552505,39.8499039],[32.8550113,39.8497836]]]}},{"type":"Feature","properties":{"building":"yes","osm_id":463601186},"geometry":{"type":"Polygon","coordinates":[[[32.8558951,39.8490493],[32.8559068,39.8489579],[32.8560002,39.8489435],[32.8559815,39.8489113],[32.8560749,39.8488378],[32.8561777,39.8489346],[32.8561426,39.8489525],[32.8561566,39.8489632],[32.8561123,39.8489848],[32.8561169,39.8490224],[32.8561053,39.8490511],[32.8563738,39.8493433],[32.8563971,39.8493433],[32.8564252,39.8493666],[32.8564952,39.8493684],[32.8565536,39.8493558],[32.856591,39.8493254],[32.8567054,39.8494311],[32.8565933,39.8494867],[32.8565653,39.8494634],[32.8565186,39.8494831],[32.8565256,39.8495136],[32.8563738,39.8495028],[32.8563808,39.8494759],[32.8563364,39.8494383],[32.8562897,39.8494652],[32.8559465,39.8491461],[32.8559418,39.8491228],[32.8559792,39.8490995],[32.8559488,39.8490654],[32.8558951,39.8490493]]]}},{"type":"Feature","properties":{"building":"yes","osm_id":463601187},"geometry":{"type":"Polygon","coordinates":[[[32.8570233,39.8495381],[32.8571447,39.8494648],[32.8573508,39.8496659],[32.8572374,39.8497344],[32.8571969,39.8496949],[32.8571301,39.8497352],[32.8569999,39.8496082],[32.8570587,39.8495726],[32.8570233,39.8495381]]]}},{"type":"Feature","properties":{"building":"yes","osm_id":463601188},"geometry":{"type":"Polygon","coordinates":[[[32.857471,39.8499576],[32.8574597,39.8499123],[32.8574252,39.8498993],[32.8573981,39.8499216],[32.8573035,39.8498476],[32.8574347,39.8497588],[32.8574755,39.8497651],[32.8575067,39.8497973],[32.8575326,39.8497915],[32.8575899,39.8498046],[32.8579613,39.8496147],[32.8579632,39.8495968],[32.8579958,39.8495773],[32.858004,39.8495239],[32.8579926,39.8494782],[32.8579562,39.849447],[32.858103,39.8493684],[32.8581658,39.8494587],[32.8581332,39.8494782],[32.8581549,39.8495156],[32.858195,39.8495128],[32.8581684,39.849628],[32.8581341,39.8496204],[32.8580815,39.8496512],[32.8581125,39.8496892],[32.8576859,39.8499376],[32.8576389,39.8499267],[32.8576072,39.8499428],[32.8576071,39.8499739],[32.857471,39.8499576]]]}},{"type":"Feature","properties":{"building":"yes","osm_id":463601189},"geometry":{"type":"Polygon","coordinates":[[[32.857613,39.849172],[32.8577785,39.8490704],[32.8579615,39.8492463],[32.8577959,39.8493478],[32.857613,39.849172]]]}},{"type":"Feature","properties":{"building":"yes","osm_id":463601190},"geometry":{"type":"Polygon","coordinates":[[[32.8584327,39.8494163],[32.8584981,39.8494306],[32.8585798,39.849479],[32.8586102,39.8495005],[32.8586359,39.8495561],[32.8586709,39.8495651],[32.8586732,39.8495417],[32.8587853,39.8495077],[32.858811,39.8494808],[32.858804,39.849436],[32.8587806,39.849384],[32.8587456,39.8493356],[32.8586943,39.8492997],[32.8586662,39.8492836],[32.8586452,39.8492926],[32.8585985,39.849289],[32.8585378,39.84928],[32.8585051,39.8492926],[32.8584841,39.8492926],[32.8584561,39.8493768],[32.8584281,39.8493858],[32.8584327,39.8494163]]]}},{"type":"Feature","properties":{"building":"yes","osm_id":463601191},"geometry":{"type":"Polygon","coordinates":[[[32.8580406,39.8490202],[32.8581014,39.8490434],[32.8581702,39.8491025],[32.858195,39.8491279],[32.858207,39.8491862],[32.8582393,39.8491999],[32.8582471,39.8491773],[32.8583654,39.8491595],[32.8583971,39.8491367],[32.8584009,39.8490917],[32.8583903,39.8490373],[32.8583674,39.8489848],[32.8583254,39.8489423],[32.8583017,39.8489225],[32.8582789,39.8489284],[32.8582339,39.8489183],[32.8581763,39.848901],[32.8581412,39.8489087],[32.8581205,39.8489058],[32.8580729,39.8489847],[32.8580432,39.8489896],[32.8580406,39.8490202]]]}},{"type":"Feature","properties":{"building":"yes","osm_id":463601192},"geometry":{"type":"Polygon","coordinates":[[[32.8576683,39.8486683],[32.8577292,39.8486916],[32.857798,39.8487506],[32.8578227,39.848776],[32.8578348,39.8488343],[32.8578671,39.848848],[32.8578749,39.8488254],[32.8579932,39.8488077],[32.8580249,39.8487848],[32.8580286,39.8487398],[32.8580181,39.8486854],[32.8579952,39.8486329],[32.8579532,39.8485904],[32.8579295,39.8485706],[32.8579067,39.8485765],[32.8578616,39.8485664],[32.8578041,39.8485491],[32.8577689,39.8485568],[32.8577483,39.8485539],[32.8577007,39.8486328],[32.857671,39.8486377],[32.8576683,39.8486683]]]}},{"type":"Feature","properties":{"building":"yes","osm_id":463601195},"geometry":{"type":"Polygon","coordinates":[[[32.8573146,39.8482461],[32.8573755,39.8482693],[32.8574443,39.8483284],[32.8574691,39.8483538],[32.8574811,39.848412],[32.8575134,39.8484258],[32.8575212,39.8484032],[32.8576395,39.8483854],[32.8576712,39.8483626],[32.857675,39.8483176],[32.8576644,39.8482632],[32.8576415,39.8482107],[32.8575995,39.8481682],[32.8575758,39.8481484],[32.857553,39.8481543],[32.8575079,39.8481442],[32.8574504,39.8481269],[32.8574153,39.8481346],[32.8573946,39.8481317],[32.857347,39.8482106],[32.8573173,39.8482154],[32.8573146,39.8482461]]]}},{"type":"Feature","properties":{"building":"yes","osm_id":463606713},"geometry":{"type":"Polygon","coordinates":[[[32.8542942,39.8481387],[32.854476,39.8472895],[32.8547256,39.8474976],[32.8546752,39.8477656],[32.8546671,39.8479755],[32.8546917,39.8481174],[32.8547164,39.8482025],[32.8542942,39.8481387]]]}},{"type":"Feature","properties":{"building":"yes","osm_id":463606714},"geometry":{"type":"Polygon","coordinates":[[[32.8561132,39.8470929],[32.8561239,39.8469425],[32.8562543,39.846948],[32.8562561,39.8469228],[32.8564067,39.8469292],[32.8564045,39.8469597],[32.8565196,39.8469646],[32.8565096,39.8471035],[32.8563994,39.8470989],[32.8563965,39.8471397],[32.8562455,39.8471333],[32.8562479,39.8470986],[32.8561132,39.8470929]]]}},{"type":"Feature","properties":{"building":"yes","osm_id":463606715},"geometry":{"type":"Polygon","coordinates":[[[32.8555194,39.8471407],[32.8557205,39.8470378],[32.8558305,39.8471881],[32.8560236,39.8472849],[32.8562913,39.847344],[32.8562409,39.847499],[32.855911,39.847429],[32.8558064,39.8473755],[32.8556991,39.8473261],[32.8555865,39.8472375],[32.8555194,39.8471407]]]}},{"type":"Feature","properties":{"building":"yes","osm_id":463606718},"geometry":{"type":"Polygon","coordinates":[[[32.8557302,39.8467329],[32.8557929,39.8467532],[32.8558663,39.8468088],[32.8558932,39.846833],[32.8559099,39.8468905],[32.8559432,39.8469027],[32.8559492,39.8468798],[32.8560658,39.8468564],[32.8560956,39.8468321],[32.8560957,39.846787],[32.8560807,39.8467332],[32.8560536,39.8466819],[32.8560082,39.8466415],[32.8559829,39.8466229],[32.8559606,39.8466299],[32.8559148,39.8466219],[32.855856,39.8466074],[32.8558216,39.8466168],[32.8558007,39.8466149],[32.8557596,39.846696],[32.8557304,39.8467022],[32.8557302,39.8467329]]]}},{"type":"Feature","properties":{"building":"yes","osm_id":463606719},"geometry":{"type":"Polygon","coordinates":[[[32.8553757,39.8464004],[32.8554383,39.8464206],[32.8555118,39.8464763],[32.8555386,39.8465005],[32.8555554,39.846558],[32.8555887,39.8465702],[32.8555947,39.8465473],[32.8557113,39.8465238],[32.8557411,39.8464995],[32.8557412,39.8464545],[32.8557262,39.8464007],[32.855699,39.8463494],[32.8556536,39.846309],[32.8556284,39.8462903],[32.8556061,39.8462973],[32.8555603,39.8462894],[32.8555015,39.8462749],[32.8554671,39.8462843],[32.8554462,39.8462824],[32.8554051,39.8463634],[32.8553758,39.8463696],[32.8553757,39.8464004]]]}},{"type":"Feature","properties":{"building":"yes","osm_id":463606720},"geometry":{"type":"Polygon","coordinates":[[[32.8547866,39.845677],[32.8548681,39.845575],[32.8549108,39.8455951],[32.8549548,39.8455401],[32.8551188,39.8456174],[32.8550768,39.8456699],[32.8550949,39.8456971],[32.8550294,39.845779],[32.8549863,39.8457587],[32.8549227,39.8458383],[32.854779,39.8457706],[32.8548354,39.8457],[32.8547866,39.845677]]]}},{"type":"Feature","properties":{"building":"yes","osm_id":463606721},"geometry":{"type":"Polygon","coordinates":[[[32.8538905,39.8495901],[32.8539354,39.8493721],[32.854161,39.8493994],[32.8541161,39.8496175],[32.8538905,39.8495901]]]}},{"type":"Feature","properties":{"building":"yes","osm_id":463606722},"geometry":{"type":"Polygon","coordinates":[[[32.8538328,39.8499786],[32.8538776,39.8497606],[32.8541032,39.8497879],[32.8540584,39.850006],[32.8538328,39.8499786]]]}},{"type":"Feature","properties":{"building":"yes","osm_id":463606723},"geometry":{"type":"Polygon","coordinates":[[[32.853763,39.8503637],[32.8538079,39.8501457],[32.8540335,39.850173],[32.8539887,39.850391],[32.853763,39.8503637]]]}},{"type":"Feature","properties":{"building":"yes","osm_id":463606724},"geometry":{"type":"Polygon","coordinates":[[[32.8537358,39.85096],[32.8538223,39.8504973],[32.8538538,39.8505008],[32.8538602,39.8504662],[32.8539698,39.8504783],[32.8539655,39.8505009],[32.8540478,39.85051],[32.8539576,39.8509928],[32.8538753,39.8509838],[32.8538694,39.8510152],[32.8537634,39.8510035],[32.8537708,39.8509639],[32.8537358,39.85096]]]}},{"type":"Feature","properties":{"building":"yes","osm_id":463606725},"geometry":{"type":"Polygon","coordinates":[[[32.8533931,39.8512921],[32.8532958,39.8511104],[32.8535632,39.851026],[32.8536605,39.8512077],[32.8533931,39.8512921]]]}},{"type":"Feature","properties":{"building":"yes","osm_id":463606726},"geometry":{"type":"Polygon","coordinates":[[[32.8529289,39.8514397],[32.8528316,39.851258],[32.853099,39.8511736],[32.8531963,39.8513553],[32.8529289,39.8514397]]]}},{"type":"Feature","properties":{"building":"yes","osm_id":463606727},"geometry":{"type":"Polygon","coordinates":[[[32.8523263,39.8513818],[32.8522491,39.8511866],[32.852517,39.8511241],[32.8525943,39.8513193],[32.8523263,39.8513818]]]}},{"type":"Feature","properties":{"building":"yes","osm_id":463606728},"geometry":{"type":"Polygon","coordinates":[[[32.8486579,39.8532029],[32.8489318,39.8531256],[32.8489705,39.8532255],[32.8489956,39.8532589],[32.8487217,39.8533362],[32.8486579,39.8532029]]]}},{"type":"Feature","properties":{"building":"yes","osm_id":463606729},"geometry":{"type":"Polygon","coordinates":[[[32.8480757,39.8556698],[32.8481294,39.8555484],[32.8482259,39.8555813],[32.8482206,39.8556101],[32.8487597,39.8558284],[32.8487114,39.8559355],[32.8480757,39.8556698]]]}},{"type":"Feature","properties":{"building":"yes","osm_id":463606730},"geometry":{"type":"Polygon","coordinates":[[[32.850926,39.8568406],[32.8510547,39.8566429],[32.8511996,39.856717],[32.8511513,39.8568014],[32.8513015,39.8568817],[32.8513068,39.8569085],[32.8513739,39.8569662],[32.8513954,39.8569991],[32.8513658,39.8570609],[32.850926,39.8568406]]]}},{"type":"Feature","properties":{"building":"yes","osm_id":463606731},"geometry":{"type":"Polygon","coordinates":[[[32.843718,39.8499481],[32.8438908,39.8497149],[32.8440441,39.8497818],[32.8438712,39.8500151],[32.843718,39.8499481]]]}},{"type":"Feature","properties":{"building":"yes","osm_id":463606732},"geometry":{"type":"Polygon","coordinates":[[[32.8433818,39.8504015],[32.8435604,39.8501699],[32.8437192,39.8502421],[32.8435407,39.8504737],[32.8433818,39.8504015]]]}},{"type":"Feature","properties":{"building":"yes","osm_id":463606733},"geometry":{"type":"Polygon","coordinates":[[[32.843358,39.8496881],[32.8434611,39.8495642],[32.8436828,39.8496729],[32.8435797,39.8497968],[32.843358,39.8496881]]]}},{"type":"Feature","properties":{"building":"yes","osm_id":463606734},"geometry":{"type":"Polygon","coordinates":[[[32.8429712,39.849553],[32.8431037,39.8493591],[32.8433132,39.8494608],[32.84323,39.8495885],[32.8431499,39.8495554],[32.843076,39.8496524],[32.8430144,39.849624],[32.8429959,39.849579],[32.8429712,39.849553]]]}},{"type":"Feature","properties":{"building":"yes","osm_id":463606735},"geometry":{"type":"Polygon","coordinates":[[[32.8432516,39.8497659],[32.8434488,39.8498582],[32.8433995,39.8499338],[32.8434272,39.8499433],[32.8433194,39.8500876],[32.8432824,39.8500758],[32.843227,39.8501633],[32.8430575,39.8500758],[32.8432516,39.8497659]]]}},{"type":"Feature","properties":{"building":"yes","osm_id":463606736},"geometry":{"type":"Polygon","coordinates":[[[32.8425738,39.8500261],[32.8426231,39.8499433],[32.842657,39.8499504],[32.8427063,39.8498558],[32.8427402,39.8498676],[32.8427648,39.8498416],[32.8428388,39.8498794],[32.8428418,39.8499197],[32.8427987,39.849967],[32.8428542,39.8500095],[32.8427741,39.8501349],[32.8425738,39.8500261]]]}},{"type":"Feature","properties":{"building":"yes","osm_id":463606738},"geometry":{"type":"Polygon","coordinates":[[[32.8363378,39.850075],[32.8363409,39.8499851],[32.8364425,39.8499875],[32.8364395,39.8499425],[32.8363409,39.8499425],[32.8363501,39.8498479],[32.8367075,39.8498692],[32.8366921,39.8499354],[32.836652,39.8499378],[32.836649,39.8499827],[32.8367137,39.8499875],[32.8366983,39.8500963],[32.8366058,39.8501365],[32.8364148,39.8501175],[32.8363871,39.8500821],[32.8363378,39.850075]]]}},{"type":"Feature","properties":{"building":"yes","osm_id":463606739},"geometry":{"type":"Polygon","coordinates":[[[32.8367599,39.8495782],[32.836763,39.8494884],[32.8368646,39.8494907],[32.8368616,39.8494458],[32.836763,39.8494458],[32.8367722,39.8493512],[32.8371296,39.8493724],[32.8371142,39.8494387],[32.8370741,39.849441],[32.8370711,39.849486],[32.8371358,39.8494907],[32.8371204,39.8495995],[32.8370279,39.8496397],[32.8368369,39.8496208],[32.8368092,39.8495853],[32.8367599,39.8495782]]]}},{"type":"Feature","properties":{"building":"yes","name":"Usluel Grubu","osm_id":463606740},"geometry":{"type":"Polygon","coordinates":[[[32.8374012,39.8496304],[32.8373722,39.8494227],[32.8375607,39.8494071],[32.8375898,39.8496148],[32.8374012,39.8496304]]]}},{"type":"Feature","properties":{"building":"yes","osm_id":463606741},"geometry":{"type":"Polygon","coordinates":[[[32.8386772,39.849111],[32.8386138,39.8489254],[32.8388063,39.8488866],[32.8388698,39.8490722],[32.8386772,39.849111]]]}},{"type":"Feature","properties":{"building":"yes","osm_id":463606742},"geometry":{"type":"Polygon","coordinates":[[[32.838025,39.8489057],[32.8382507,39.848841],[32.8382979,39.8489382],[32.8383376,39.8489269],[32.8383767,39.8490073],[32.8380807,39.8490921],[32.8380491,39.8490271],[32.8380737,39.8490058],[32.838025,39.8489057]]]}},{"type":"Feature","properties":{"building":"yes","osm_id":463606743},"geometry":{"type":"Polygon","coordinates":[[[32.83757,39.8485273],[32.8377956,39.8484626],[32.8378428,39.8485598],[32.8378825,39.8485484],[32.8379216,39.8486288],[32.8376256,39.8487136],[32.837594,39.8486487],[32.8376186,39.8486274],[32.83757,39.8485273]]]}},{"type":"Feature","properties":{"building":"yes","osm_id":463606744},"geometry":{"type":"Polygon","coordinates":[[[32.8363915,39.8465108],[32.8365704,39.8463906],[32.8366294,39.8464296],[32.8366233,39.8464608],[32.8366497,39.8464967],[32.8364667,39.8466216],[32.8364403,39.8466216],[32.8363936,39.8465826],[32.8364037,39.8465436],[32.8363915,39.8465108]]]}},{"type":"Feature","properties":{"building":"yes","osm_id":463606745},"geometry":{"type":"Polygon","coordinates":[[[32.8364576,39.8466684],[32.8366365,39.8465482],[32.8366954,39.8465873],[32.8366893,39.8466185],[32.8367157,39.8466544],[32.8365328,39.8467792],[32.8365064,39.8467792],[32.8364596,39.8467402],[32.8364698,39.8467012],[32.8364576,39.8466684]]]}},{"type":"Feature","properties":{"building":"yes","osm_id":463606746},"geometry":{"type":"Polygon","coordinates":[[[32.8365247,39.846826],[32.8367036,39.8467059],[32.8367625,39.8467449],[32.8367564,39.8467761],[32.8367828,39.846812],[32.8365999,39.8469368],[32.8365735,39.8469368],[32.8365267,39.8468978],[32.8365369,39.8468588],[32.8365247,39.846826]]]}},{"type":"Feature","properties":{"building":"yes","osm_id":463606747},"geometry":{"type":"Polygon","coordinates":[[[32.8365918,39.8469977],[32.8367706,39.8468775],[32.8368296,39.8469166],[32.8368235,39.8469478],[32.8368499,39.8469837],[32.836667,39.8471085],[32.8366405,39.8471085],[32.8365938,39.8470695],[32.8366039,39.8470305],[32.8365918,39.8469977]]]}},{"type":"Feature","properties":{"building":"yes","osm_id":463606748},"geometry":{"type":"Polygon","coordinates":[[[32.8366609,39.8471522],[32.8368397,39.847032],[32.8368987,39.8470711],[32.8368926,39.8471023],[32.836919,39.8471382],[32.8367361,39.847263],[32.8367097,39.847263],[32.8366629,39.847224],[32.8366731,39.847185],[32.8366609,39.8471522]]]}},{"type":"Feature","properties":{"building":"yes","osm_id":463606749},"geometry":{"type":"Polygon","coordinates":[[[32.8367198,39.8473176],[32.8368987,39.8471975],[32.8369576,39.8472365],[32.8369515,39.8472677],[32.836978,39.8473036],[32.836795,39.8474284],[32.8367686,39.8474284],[32.8367218,39.8473894],[32.836732,39.8473504],[32.8367198,39.8473176]]]}},{"type":"Feature","properties":{"building":"yes","osm_id":463606750},"geometry":{"type":"Polygon","coordinates":[[[32.8368052,39.8474706],[32.8369841,39.8473504],[32.837043,39.8473894],[32.8370369,39.8474206],[32.8370633,39.8474565],[32.8368804,39.8475814],[32.836854,39.8475814],[32.8368072,39.8475424],[32.8368174,39.8475034],[32.8368052,39.8474706]]]}},{"type":"Feature","properties":{"building":"yes","osm_id":463606751},"geometry":{"type":"Polygon","coordinates":[[[32.8368824,39.8476391],[32.8370613,39.847519],[32.8371203,39.847558],[32.8371142,39.8475892],[32.8371406,39.8476251],[32.8369576,39.8477499],[32.8369312,39.8477499],[32.8368845,39.8477109],[32.8368946,39.8476719],[32.8368824,39.8476391]]]}},{"type":"Feature","properties":{"building":"yes","osm_id":463606752},"geometry":{"type":"Polygon","coordinates":[[[32.8369739,39.8477811],[32.8371528,39.847661],[32.8372117,39.8477],[32.8372056,39.8477312],[32.8372321,39.8477671],[32.8370491,39.847892],[32.8370227,39.847892],[32.8369759,39.8478529],[32.8369861,39.8478139],[32.8369739,39.8477811]]]}},{"type":"Feature","properties":{"building":"yes","osm_id":463606753},"geometry":{"type":"Polygon","coordinates":[[[32.8370735,39.8479357],[32.8372524,39.8478155],[32.8373113,39.8478545],[32.8373052,39.8478857],[32.8373317,39.8479216],[32.8371487,39.8480465],[32.8371223,39.8480465],[32.8370755,39.8480074],[32.8370857,39.8479684],[32.8370735,39.8479357]]]}},{"type":"Feature","properties":{"building":"yes","osm_id":463606754},"geometry":{"type":"Polygon","coordinates":[[[32.8374668,39.8477827],[32.8376152,39.847931],[32.8376417,39.8479325],[32.8376945,39.8479029],[32.8376986,39.847867],[32.837727,39.8478529],[32.8375786,39.8476906],[32.8375075,39.847739],[32.8374994,39.8477609],[32.8374668,39.8477827]]]}},{"type":"Feature","properties":{"building":"yes","osm_id":463606755},"geometry":{"type":"Polygon","coordinates":[[[32.8375929,39.8476602],[32.8377413,39.8478085],[32.8377677,39.84781],[32.8378205,39.8477804],[32.8378246,39.8477445],[32.8378531,39.8477304],[32.8377047,39.8475681],[32.8376335,39.8476165],[32.8376254,39.8476384],[32.8375929,39.8476602]]]}},{"type":"Feature","properties":{"building":"yes","osm_id":463606756},"geometry":{"type":"Polygon","coordinates":[[[32.83774,39.8475363],[32.8379043,39.8476743],[32.8379308,39.8476742],[32.8379801,39.8476412],[32.8379802,39.8476052],[32.838007,39.8475893],[32.8378413,39.8474373],[32.8377757,39.8474901],[32.83777,39.8475124],[32.83774,39.8475363]]]}},{"type":"Feature","properties":{"building":"yes","osm_id":463606757},"geometry":{"type":"Polygon","coordinates":[[[32.83787,39.8473871],[32.8380342,39.8475251],[32.8380607,39.847525],[32.8381101,39.847492],[32.8381102,39.847456],[32.838137,39.8474401],[32.8379712,39.8472881],[32.8379057,39.8473409],[32.8379,39.8473632],[32.83787,39.8473871]]]}},{"type":"Feature","properties":{"building":"yes","osm_id":463606758},"geometry":{"type":"Polygon","coordinates":[[[32.8380306,39.8472591],[32.8381948,39.8473972],[32.8382213,39.847397],[32.8382707,39.847364],[32.8382708,39.847328],[32.8382976,39.8473121],[32.8381318,39.8471601],[32.8380662,39.8472129],[32.8380606,39.8472352],[32.8380306,39.8472591]]]}},{"type":"Feature","properties":{"building":"yes","name":"Güneşli Sitesi","osm_id":463606759},"geometry":{"type":"Polygon","coordinates":[[[32.8389795,39.8475332],[32.8390161,39.8474833],[32.8389958,39.8474708],[32.8390323,39.8474209],[32.8390506,39.8474334],[32.8390913,39.8473772],[32.8392336,39.8474536],[32.8392092,39.8474833],[32.8394694,39.8476035],[32.8394877,39.8475816],[32.8396361,39.8476518],[32.8395182,39.8478095],[32.8389795,39.8475332]]]}},{"type":"Feature","properties":{"amenity":"hospital","building":"hospital","name":"Acıbadem Ankara Hastanesi","osm_id":463606760},"geometry":{"type":"Polygon","coordinates":[[[32.8381583,39.8476696],[32.8384571,39.8474112],[32.8387579,39.8475954],[32.8387093,39.8476417],[32.8386786,39.84765],[32.8385445,39.8476781],[32.8384613,39.8476669],[32.8382566,39.8477407],[32.8381583,39.8476696]]]}},{"type":"Feature","properties":{"building":"yes","osm_id":463606761},"geometry":{"type":"Polygon","coordinates":[[[32.8371231,39.8481496],[32.8371555,39.8481331],[32.8371478,39.8481082],[32.8371755,39.8480822],[32.8372387,39.848068],[32.8373588,39.8482324],[32.8373527,39.8482454],[32.837328,39.8482549],[32.8373234,39.8482762],[32.837308,39.8482927],[32.8372402,39.8483176],[32.8371231,39.8481496]]]}},{"type":"Feature","properties":{"building":"yes","osm_id":463606762},"geometry":{"type":"Polygon","coordinates":[[[32.8372672,39.8480379],[32.8372995,39.8480213],[32.8372918,39.8479965],[32.8373196,39.8479705],[32.8373827,39.8479563],[32.8375029,39.8481207],[32.8374967,39.8481337],[32.8374721,39.8481431],[32.8374675,39.8481644],[32.837452,39.848181],[32.8373843,39.8482058],[32.8372672,39.8480379]]]}},{"type":"Feature","properties":{"building":"yes","osm_id":463606763},"geometry":{"type":"Polygon","coordinates":[[[32.8504993,39.8488984],[32.8504507,39.8487276],[32.8507288,39.8486809],[32.8507774,39.8488517],[32.8504993,39.8488984]]]}},{"type":"Feature","properties":{"building":"yes","osm_id":463606764},"geometry":{"type":"Polygon","coordinates":[[[32.8508938,39.8491999],[32.8508452,39.8490291],[32.8511233,39.8489825],[32.8511719,39.8491533],[32.8508938,39.8491999]]]}},{"type":"Feature","properties":{"building":"yes","osm_id":463606765},"geometry":{"type":"Polygon","coordinates":[[[32.8512882,39.8495074],[32.8512396,39.8493366],[32.8515177,39.84929],[32.8515663,39.8494608],[32.8512882,39.8495074]]]}},{"type":"Feature","properties":{"building":"yes","osm_id":463606766},"geometry":{"type":"Polygon","coordinates":[[[32.8516949,39.8498291],[32.8516463,39.8496583],[32.8519244,39.8496117],[32.851973,39.8497825],[32.8516949,39.8498291]]]}},{"type":"Feature","properties":{"building":"yes","osm_id":463620476},"geometry":{"type":"Polygon","coordinates":[[[32.8278951,39.8614448],[32.8280725,39.8613741],[32.8281566,39.8614985],[32.8279792,39.8615692],[32.8278951,39.8614448]]]}},{"type":"Feature","properties":{"building":"yes","osm_id":463620477},"geometry":{"type":"Polygon","coordinates":[[[32.8285784,39.8619905],[32.8285877,39.8619153],[32.8286227,39.8619242],[32.8286251,39.86184],[32.8285971,39.8618346],[32.8286064,39.861745],[32.8287488,39.8617593],[32.8287442,39.8618131],[32.8287535,39.8618382],[32.8287535,39.8620156],[32.8285784,39.8619905]]]}},{"type":"Feature","properties":{"building":"yes","osm_id":463620478},"geometry":{"type":"Polygon","coordinates":[[[32.8318721,39.8609946],[32.8318429,39.8610032],[32.8318508,39.861019],[32.8317893,39.861037],[32.8317819,39.861022],[32.8317318,39.8610367],[32.8317204,39.8610138],[32.8316979,39.8610204],[32.831682,39.8609883],[32.831705,39.8609557],[32.8316941,39.860936],[32.8316629,39.8609461],[32.831636,39.8608972],[32.831643,39.8608782],[32.8316402,39.8608465],[32.831682,39.8608443],[32.8316756,39.8608314],[32.8317202,39.8608184],[32.8317282,39.8608346],[32.8317844,39.8608181],[32.8318721,39.8609946]]]}},{"type":"Feature","properties":{"building":"yes","osm_id":463620479},"geometry":{"type":"Polygon","coordinates":[[[32.8319876,39.8612088],[32.8319584,39.8612174],[32.8319663,39.8612332],[32.8319048,39.8612512],[32.8318974,39.8612362],[32.8318473,39.8612509],[32.8318359,39.861228],[32.8318134,39.8612346],[32.8317975,39.8612024],[32.8318205,39.8611698],[32.8318097,39.8611502],[32.8317784,39.8611603],[32.8317515,39.8611114],[32.8317585,39.8610924],[32.8317557,39.8610606],[32.8317975,39.8610585],[32.8317893,39.861037],[32.8318508,39.861019],[32.8318539,39.8610409],[32.8318999,39.8610323],[32.8319876,39.8612088]]]}},{"type":"Feature","properties":{"building":"yes","osm_id":463620480},"geometry":{"type":"Polygon","coordinates":[[[32.832571,39.8612117],[32.8325438,39.8612235],[32.8325547,39.8612383],[32.8324975,39.8612632],[32.8324872,39.8612493],[32.8324406,39.8612696],[32.8324248,39.8612483],[32.8324039,39.8612574],[32.8323818,39.8612275],[32.8323981,39.8611926],[32.8323835,39.8611744],[32.8323546,39.8611881],[32.8323183,39.8611429],[32.8323216,39.8611233],[32.8323079,39.8611099],[32.8323534,39.8610852],[32.8323445,39.8610733],[32.832386,39.8610552],[32.8323972,39.8610702],[32.8324494,39.8610474],[32.832571,39.8612117]]]}},{"type":"Feature","properties":{"building":"yes","osm_id":463620481},"geometry":{"type":"Polygon","coordinates":[[[32.8327352,39.8613927],[32.8327095,39.8614064],[32.832722,39.8614203],[32.832668,39.8614491],[32.8326561,39.8614359],[32.832612,39.8614594],[32.8325938,39.8614393],[32.8325741,39.8614498],[32.8325486,39.8614215],[32.8325607,39.8613856],[32.8325441,39.8613685],[32.8325169,39.8613841],[32.8324755,39.8613416],[32.8324764,39.8613218],[32.8324684,39.8613069],[32.8325037,39.8612817],[32.8324975,39.8612632],[32.8325547,39.8612383],[32.8325671,39.8612531],[32.832595,39.8612375],[32.8327352,39.8613927]]]}},{"type":"Feature","properties":{"building":"yes","osm_id":463620482},"geometry":{"type":"Polygon","coordinates":[[[32.8318168,39.855834],[32.8318612,39.8558089],[32.8320363,39.8557838],[32.8320573,39.8557982],[32.8321064,39.8558018],[32.8321344,39.8560169],[32.832027,39.8560222],[32.8320153,39.8559505],[32.8319546,39.8559631],[32.8319569,39.8560348],[32.8318425,39.8560455],[32.8318355,39.8560007],[32.8318122,39.8560025],[32.8318052,39.8559254],[32.8318168,39.8559075],[32.8318168,39.855834]]]}},{"type":"Feature","properties":{"building":"yes","osm_id":463620483},"geometry":{"type":"Polygon","coordinates":[[[32.8413676,39.8518914],[32.8414675,39.8519198],[32.8414833,39.851887],[32.841508,39.851894],[32.8414903,39.8519307],[32.841595,39.8519605],[32.8416097,39.85193],[32.8416868,39.8519121],[32.8416914,39.8518726],[32.8417195,39.851826],[32.8417078,39.8517902],[32.8417125,39.8517418],[32.8416173,39.8517145],[32.841604,39.851742],[32.8415515,39.851727],[32.8415658,39.8516974],[32.8414753,39.8516715],[32.8414603,39.8517023],[32.8413996,39.8517149],[32.8413505,39.8518117],[32.8413879,39.8518493],[32.8413676,39.8518914]]]}},{"type":"Feature","properties":{"building":"yes","osm_id":463620484},"geometry":{"type":"Polygon","coordinates":[[[32.8413256,39.8515339],[32.8414254,39.8515623],[32.8414412,39.8515296],[32.8414659,39.8515366],[32.8414482,39.8515733],[32.841553,39.8516031],[32.8415677,39.8515725],[32.8416447,39.8515546],[32.8416494,39.8515152],[32.8416774,39.8514686],[32.8416658,39.8514327],[32.8416704,39.8513843],[32.8415753,39.8513571],[32.8415619,39.8513845],[32.8415094,39.8513695],[32.8415238,39.8513399],[32.8414332,39.851314],[32.8414183,39.8513449],[32.8413575,39.8513574],[32.8413085,39.8514542],[32.8413459,39.8514919],[32.8413256,39.8515339]]]}},{"type":"Feature","properties":{"building":"yes","osm_id":463620485},"geometry":{"type":"Polygon","coordinates":[[[32.8412969,39.85242],[32.8413764,39.8523657],[32.8413462,39.8523396],[32.8413658,39.8523261],[32.8413997,39.8523554],[32.8414831,39.8522984],[32.8414549,39.852274],[32.8414705,39.8522134],[32.8414273,39.8521917],[32.8413869,39.8521508],[32.8413402,39.8521419],[32.8412867,39.852116],[32.8412107,39.8521677],[32.841236,39.8521897],[32.8411941,39.8522182],[32.8411668,39.8521946],[32.8410945,39.8522438],[32.8411229,39.8522685],[32.8411089,39.8523155],[32.8411972,39.8523942],[32.841258,39.8523865],[32.8412969,39.85242]]]}},{"type":"Feature","properties":{"building":"yes","osm_id":463620486},"geometry":{"type":"Polygon","coordinates":[[[32.8409458,39.8522374],[32.8410142,39.8521747],[32.8409793,39.8521523],[32.8409963,39.8521368],[32.8410353,39.8521619],[32.841107,39.8520962],[32.8410745,39.8520753],[32.8410784,39.8520136],[32.8410316,39.851997],[32.8409838,39.851961],[32.8409359,39.8519574],[32.8408781,39.8519378],[32.8408127,39.8519975],[32.8408419,39.8520164],[32.8408059,39.8520493],[32.8407744,39.8520289],[32.8407122,39.8520857],[32.840745,39.8521069],[32.84074,39.852155],[32.8408423,39.852223],[32.8409011,39.8522086],[32.8409458,39.8522374]]]}},{"type":"Feature","properties":{"building":"yes","osm_id":463620487},"geometry":{"type":"Polygon","coordinates":[[[32.8452905,39.8528901],[32.8453135,39.8528521],[32.8452958,39.8528412],[32.8453188,39.8527964],[32.8453418,39.8527991],[32.8453595,39.8527665],[32.8454621,39.8527937],[32.845448,39.8528113],[32.8455152,39.8528344],[32.8455258,39.8528168],[32.8455895,39.8528439],[32.8455895,39.8528738],[32.8456161,39.8528806],[32.8456356,39.8528317],[32.845878,39.8529241],[32.8458603,39.8529567],[32.8458851,39.8529676],[32.8458621,39.8530097],[32.8458338,39.8529961],[32.8458107,39.853045],[32.8456957,39.8530124],[32.8457099,39.8529811],[32.8456798,39.8529743],[32.8456763,39.8529947],[32.8455542,39.8529445],[32.8455347,39.8529798],[32.8454338,39.8529485],[32.8454374,39.8529173],[32.8454037,39.8529091],[32.8453825,39.8529295],[32.8452905,39.8528901]]]}},{"type":"Feature","properties":{"building":"yes","osm_id":463620488},"geometry":{"type":"Polygon","coordinates":[[[32.84618,39.8528481],[32.846203,39.85281],[32.8461853,39.8527991],[32.8462083,39.8527543],[32.8462313,39.852757],[32.846249,39.8527244],[32.8463516,39.8527516],[32.8463375,39.8527693],[32.8464047,39.8527924],[32.8464153,39.8527747],[32.846479,39.8528019],[32.846479,39.8528318],[32.8465056,39.8528385],[32.846525,39.8527896],[32.8467675,39.852882],[32.8467498,39.8529146],[32.8467746,39.8529255],[32.8467515,39.8529676],[32.8467232,39.852954],[32.8467002,39.8530029],[32.8465852,39.8529703],[32.8465994,39.8529391],[32.8465693,39.8529323],[32.8465657,39.8529527],[32.8464436,39.8529024],[32.8464242,39.8529377],[32.8463233,39.8529065],[32.8463268,39.8528752],[32.8462932,39.8528671],[32.846272,39.8528875],[32.84618,39.8528481]]]}},{"type":"Feature","properties":{"building":"yes","osm_id":463620489},"geometry":{"type":"Polygon","coordinates":[[[32.8464001,39.8535427],[32.8465273,39.8533586],[32.8466725,39.8534178],[32.8465454,39.8536018],[32.8464001,39.8535427]]]}},{"type":"Feature","properties":{"building":"yes","osm_id":463620490},"geometry":{"type":"Polygon","coordinates":[[[32.8465556,39.8533692],[32.8466828,39.8531851],[32.846828,39.8532443],[32.8467009,39.8534283],[32.8465556,39.8533692]]]}},{"type":"Feature","properties":{"building":"yes","osm_id":463620491},"geometry":{"type":"Polygon","coordinates":[[[32.8447667,39.853365],[32.8448308,39.8531625],[32.8449906,39.8531923],[32.8449264,39.8533948],[32.8447667,39.853365]]]}},{"type":"Feature","properties":{"building":"yes","osm_id":463620492},"geometry":{"type":"Polygon","coordinates":[[[32.8447646,39.8531496],[32.8448288,39.8529472],[32.8449885,39.852977],[32.8449244,39.8531794],[32.8447646,39.8531496]]]}},{"type":"Feature","properties":{"building":"yes","osm_id":463620493},"geometry":{"type":"Polygon","coordinates":[[[32.8442745,39.8543711],[32.8443365,39.8542003],[32.844548,39.8542456],[32.844486,39.8544163],[32.8442745,39.8543711]]]}},{"type":"Feature","properties":{"building":"yes","osm_id":463620494},"geometry":{"type":"Polygon","coordinates":[[[32.8437961,39.8542208],[32.8438581,39.8540501],[32.8440696,39.8540953],[32.8440076,39.8542661],[32.8437961,39.8542208]]]}},{"type":"Feature","properties":{"building":"yes","osm_id":463620495},"geometry":{"type":"Polygon","coordinates":[[[32.8448856,39.8544923],[32.8449476,39.8543216],[32.8451591,39.8543668],[32.8450972,39.8545376],[32.8448856,39.8544923]]]}},{"type":"Feature","properties":{"building":"yes","osm_id":463620497},"geometry":{"type":"Polygon","coordinates":[[[32.8454141,39.8545922],[32.8454761,39.8544215],[32.8456877,39.8544667],[32.8456257,39.8546375],[32.8454141,39.8545922]]]}},{"type":"Feature","properties":{"building":"yes","osm_id":463620498},"geometry":{"type":"Polygon","coordinates":[[[32.8465017,39.8552849],[32.8468098,39.8551643],[32.8467882,39.8551146],[32.846665,39.8550389],[32.846477,39.8551241],[32.8464678,39.8552116],[32.8465017,39.8552849]]]}},{"type":"Feature","properties":{"building":"yes","osm_id":463656558},"geometry":{"type":"Polygon","coordinates":[[[32.8441958,39.8547485],[32.8441958,39.8546546],[32.8442431,39.8546244],[32.8444462,39.8546334],[32.8444836,39.8546577],[32.8444797,39.8547621],[32.8441958,39.8547485]]]}},{"type":"Feature","properties":{"building":"yes","osm_id":463656559},"geometry":{"type":"Polygon","coordinates":[[[32.8447044,39.8549021],[32.8447044,39.8548082],[32.8447517,39.854778],[32.8449548,39.8547871],[32.8449922,39.8548113],[32.8449883,39.8549157],[32.8447044,39.8549021]]]}},{"type":"Feature","properties":{"building":"yes","osm_id":463656560},"geometry":{"type":"Polygon","coordinates":[[[32.8452189,39.8550534],[32.8452189,39.8549596],[32.8452662,39.8549293],[32.8454693,39.8549384],[32.8455067,39.8549626],[32.8455028,39.855067],[32.8452189,39.8550534]]]}},{"type":"Feature","properties":{"building":"yes","osm_id":463656561},"geometry":{"type":"Polygon","coordinates":[[[32.8440855,39.8538419],[32.844326,39.8537563],[32.8443427,39.8537839],[32.8443717,39.8537735],[32.8444028,39.853825],[32.8443771,39.8538342],[32.8443976,39.853868],[32.8441616,39.8539521],[32.8441383,39.8539137],[32.8441186,39.8539273],[32.8440989,39.8538909],[32.8441088,39.8538804],[32.8440855,39.8538419]]]}},{"type":"Feature","properties":{"building":"yes","osm_id":463656562},"geometry":{"type":"Polygon","coordinates":[[[32.8446661,39.8538388],[32.8446768,39.8538023],[32.8447075,39.8538076],[32.8447198,39.8537656],[32.8449704,39.8538088],[32.8449616,39.8538391],[32.8449897,39.8538439],[32.8449755,39.8538923],[32.8449571,39.8538891],[32.8449437,39.8539348],[32.8446814,39.8538895],[32.8446948,39.8538438],[32.8446661,39.8538388]]]}},{"type":"Feature","properties":{"building":"yes","osm_id":463656563},"geometry":{"type":"Polygon","coordinates":[[[32.8449741,39.8538887],[32.8449847,39.8538522],[32.8450154,39.8538575],[32.8450277,39.8538154],[32.8452783,39.8538587],[32.8452695,39.8538889],[32.8452976,39.8538938],[32.8452835,39.8539422],[32.845265,39.853939],[32.8452517,39.8539846],[32.8449894,39.8539394],[32.8450027,39.8538936],[32.8449741,39.8538887]]]}},{"type":"Feature","properties":{"building":"yes","osm_id":463656564},"geometry":{"type":"Polygon","coordinates":[[[32.8454567,39.8539688],[32.8454968,39.8539475],[32.8455147,39.8539674],[32.8455608,39.8539428],[32.8457071,39.8541049],[32.8456739,39.8541226],[32.8456903,39.8541408],[32.8456372,39.854169],[32.8456265,39.8541571],[32.8455764,39.8541837],[32.8454233,39.8540141],[32.8454735,39.8539874],[32.8454567,39.8539688]]]}},{"type":"Feature","properties":{"building":"yes","osm_id":463656568},"geometry":{"type":"Polygon","coordinates":[[[32.8405107,39.850694],[32.8406049,39.850471],[32.8407514,39.8505075],[32.8406573,39.8507305],[32.8405107,39.850694]]]}},{"type":"Feature","properties":{"building":"yes","osm_id":463656569},"geometry":{"type":"Polygon","coordinates":[[[32.8408713,39.8507709],[32.840931,39.8506814],[32.8410147,39.8507204],[32.8410386,39.8506746],[32.8413045,39.8507801],[32.8412657,39.8508328],[32.8413553,39.8508627],[32.8412896,39.8509498],[32.8408713,39.8507709]]]}},{"type":"Feature","properties":{"building":"yes","osm_id":463656570},"geometry":{"type":"Polygon","coordinates":[[[32.8407556,39.850312],[32.8406623,39.8501904],[32.8409032,39.8500814],[32.8409965,39.850203],[32.8407556,39.850312]]]}},{"type":"Feature","properties":{"building":"yes","osm_id":463656571},"geometry":{"type":"Polygon","coordinates":[[[32.8409719,39.8501745],[32.8408785,39.8500529],[32.8411194,39.8499438],[32.8412128,39.8500654],[32.8409719,39.8501745]]]}},{"type":"Feature","properties":{"name":"Hacettepe ORAN Fizik Tedavi ve Rehabilitasyon Hastanesi","amenity":"hospital","building":"yes","osm_id":463656572},"geometry":{"type":"Polygon","coordinates":[[[32.8432657,39.8508616],[32.8433567,39.8506659],[32.8438041,39.8508936],[32.8437053,39.8510473],[32.8432657,39.8508616]]]}},{"type":"Feature","properties":{"building":"school","osm_id":463656573},"geometry":{"type":"Polygon","coordinates":[[[32.8422846,39.8508118],[32.8423156,39.8507645],[32.8423422,39.8507239],[32.8428731,39.8509288],[32.8428454,39.8509711],[32.8428631,39.8509779],[32.8428242,39.8510373],[32.8427597,39.8510124],[32.8426753,39.8511411],[32.8427178,39.8511576],[32.8426772,39.8512196],[32.8425927,39.851187],[32.8426078,39.851164],[32.8425266,39.8511326],[32.8426376,39.8509632],[32.8425293,39.8509213],[32.8424557,39.8510335],[32.8424845,39.8510447],[32.8424346,39.8511209],[32.8423415,39.8510849],[32.8423497,39.8510724],[32.8422755,39.8510438],[32.8423986,39.8508558],[32.8422846,39.8508118]]]}},{"type":"Feature","properties":{"building":"school","osm_id":463656574},"geometry":{"type":"Polygon","coordinates":[[[32.8420691,39.8508137],[32.8421966,39.8506859],[32.8422174,39.8506959],[32.842259,39.8506899],[32.8423006,39.8507198],[32.8422824,39.8507438],[32.8423156,39.8507645],[32.8422846,39.8508118],[32.842259,39.8508077],[32.8421966,39.8508676],[32.8421705,39.8508476],[32.8421393,39.8508696],[32.8420691,39.8508137]]]}},{"type":"Feature","properties":{"building":"yes","osm_id":463656575},"geometry":{"type":"Polygon","coordinates":[[[32.8461044,39.8521173],[32.8462858,39.8521013],[32.8462799,39.8520648],[32.8463156,39.8520853],[32.8463424,39.8520465],[32.8463513,39.8520899],[32.8465268,39.8520739],[32.8465774,39.8520419],[32.8465952,39.8520054],[32.8465893,39.8519734],[32.8464881,39.8519689],[32.8464673,39.8519506],[32.8464078,39.8519597],[32.8464078,39.8519392],[32.8463334,39.851946],[32.8463424,39.851994],[32.8462739,39.8520054],[32.846271,39.851962],[32.8462026,39.8519666],[32.8462055,39.8519894],[32.8461579,39.8519894],[32.8461371,39.85201],[32.8460241,39.8520305],[32.8460181,39.8520625],[32.8460538,39.852099],[32.8461044,39.8521173]]]}},{"type":"Feature","properties":{"building":"yes","osm_id":463656576},"geometry":{"type":"Polygon","coordinates":[[[32.8468034,39.8517291],[32.8467082,39.8515144],[32.8468361,39.851487],[32.8469194,39.8517108],[32.8468034,39.8517291]]]}},{"type":"Feature","properties":{"amenity":"fuel","building":"roof","osm_id":463656577},"geometry":{"type":"Polygon","coordinates":[[[32.8463732,39.8510536],[32.8464426,39.8509803],[32.8465051,39.8510138],[32.8465406,39.8509747],[32.8467975,39.8511124],[32.8467491,39.8511656],[32.8468495,39.8512193],[32.8467933,39.8512811],[32.8463732,39.8510536]]]}},{"type":"Feature","properties":{"building":"yes","osm_id":463656578},"geometry":{"type":"Polygon","coordinates":[[[32.8462229,39.8509697],[32.8463181,39.8508692],[32.8464685,39.8509531],[32.8464426,39.8509803],[32.8463732,39.8510536],[32.8462229,39.8509697]]]}},{"type":"Feature","properties":{"building":"yes","osm_id":463656579},"geometry":{"type":"Polygon","coordinates":[[[32.846111,39.8512039],[32.8463375,39.8513053],[32.8462664,39.8513989],[32.8460399,39.8512974],[32.846111,39.8512039]]]}},{"type":"Feature","properties":{"building":"yes","osm_id":463656580},"geometry":{"type":"Polygon","coordinates":[[[32.8472209,39.8518888],[32.8473711,39.8519802],[32.8474022,39.8519742],[32.847441,39.8519285],[32.8475109,39.8519583],[32.8476093,39.8519603],[32.8476378,39.8519365],[32.8476818,39.8519246],[32.8477362,39.851855],[32.8477052,39.8518232],[32.8477233,39.8517894],[32.8477052,39.8517576],[32.8476352,39.8517277],[32.847599,39.8517317],[32.8475783,39.8517158],[32.8474773,39.8517158],[32.847441,39.8517635],[32.8474022,39.8517914],[32.8473167,39.8517476],[32.8472882,39.8517655],[32.8473193,39.8517933],[32.8472831,39.8518013],[32.8472261,39.8518311],[32.847208,39.8518589],[32.8472209,39.8518888]]]}},{"type":"Feature","properties":{"building":"yes","osm_id":463656581},"geometry":{"type":"Polygon","coordinates":[[[32.8446284,39.8504407],[32.8447425,39.8502698],[32.8448052,39.8502961],[32.8448509,39.8502414],[32.8449707,39.8503049],[32.8449193,39.8503837],[32.8448794,39.8503815],[32.8448309,39.8503969],[32.8447824,39.850445],[32.8447995,39.8505107],[32.8447482,39.8505874],[32.8446369,39.8505217],[32.8446768,39.8504757],[32.8446284,39.8504407]]]}},{"type":"Feature","properties":{"building":"yes","osm_id":463656582},"geometry":{"type":"Polygon","coordinates":[[[32.8452131,39.8505222],[32.8450966,39.850692],[32.8450342,39.8506652],[32.8449878,39.8507196],[32.8448689,39.850655],[32.8449214,39.8505766],[32.8449613,39.8505792],[32.84501,39.8505643],[32.8450592,39.8505165],[32.845043,39.8504507],[32.8450955,39.8503744],[32.8452057,39.8504411],[32.8451651,39.8504867],[32.8452131,39.8505222]]]}},{"type":"Feature","properties":{"building":"yes","osm_id":463656583},"geometry":{"type":"Polygon","coordinates":[[[32.8441976,39.850767],[32.8444458,39.8508874],[32.8444743,39.8508414],[32.8445399,39.8508743],[32.8446027,39.8507845],[32.8445,39.8507407],[32.8444515,39.8507648],[32.8444087,39.8507538],[32.844346,39.850721],[32.8443545,39.8506662],[32.844403,39.8506465],[32.8444686,39.850629],[32.8445371,39.8505502],[32.844403,39.8505064],[32.8443745,39.8505436],[32.844326,39.8505173],[32.8441805,39.8506947],[32.8442347,39.8507166],[32.8441976,39.850767]]]}},{"type":"Feature","properties":{"building":"yes","osm_id":463656584},"geometry":{"type":"Polygon","coordinates":[[[32.8447761,39.8508766],[32.8448472,39.8508066],[32.8449396,39.8508618],[32.8449177,39.8508835],[32.8449535,39.8509049],[32.8449478,39.8509356],[32.8450163,39.8509662],[32.8450848,39.85094],[32.8451133,39.8509005],[32.8450791,39.8508524],[32.8451594,39.8507721],[32.845253,39.8508273],[32.8452064,39.8508739],[32.8452868,39.8509214],[32.8451337,39.8510743],[32.8450619,39.8510319],[32.8450334,39.8510911],[32.8448024,39.8509641],[32.8448309,39.8509093],[32.8447761,39.8508766]]]}},{"type":"Feature","properties":{"building":"yes","osm_id":463656585},"geometry":{"type":"Polygon","coordinates":[[[32.8443489,39.85165],[32.8444858,39.8513851],[32.8449536,39.851534],[32.8448937,39.8516522],[32.8448338,39.8516259],[32.8448253,39.8516566],[32.8445914,39.8515778],[32.8445172,39.851707],[32.8443489,39.85165]]]}},{"type":"Feature","properties":{"building":"yes","osm_id":463656586},"geometry":{"type":"Polygon","coordinates":[[[32.8384345,39.8486228],[32.8386428,39.8485856],[32.838697,39.8487914],[32.8384973,39.8488221],[32.8384773,39.848763],[32.8384916,39.8487389],[32.8384802,39.8486995],[32.8384573,39.8486907],[32.8384345,39.8486228]]]}},{"type":"Feature","properties":{"building":"yes","osm_id":463656587},"geometry":{"type":"Polygon","coordinates":[[[32.8382263,39.8483732],[32.8384345,39.8483359],[32.8384887,39.8485418],[32.838289,39.8485724],[32.8382691,39.8485133],[32.8382833,39.8484892],[32.8382719,39.8484498],[32.8382491,39.848441],[32.8382263,39.8483732]]]}},{"type":"Feature","properties":{"building":"yes","osm_id":463656588},"geometry":{"type":"Polygon","coordinates":[[[32.838038,39.8480994],[32.8382463,39.8480622],[32.8383005,39.848268],[32.8381008,39.8482987],[32.8380808,39.8482396],[32.8380951,39.8482155],[32.8380837,39.8481761],[32.8380608,39.8481673],[32.838038,39.8480994]]]}},{"type":"Feature","properties":{"building":"yes","osm_id":463656589},"geometry":{"type":"Polygon","coordinates":[[[32.8386085,39.8481125],[32.8387569,39.8480863],[32.8387882,39.848014],[32.8387854,39.8479724],[32.8387654,39.8479614],[32.8387626,39.8479308],[32.8387882,39.847922],[32.8387711,39.8478782],[32.8386941,39.84783],[32.8385401,39.8478607],[32.8385173,39.8478957],[32.838503,39.8479308],[32.8385087,39.8479724],[32.8385401,39.8479592],[32.8385543,39.8479943],[32.838523,39.8480096],[32.8385344,39.8480534],[32.8386085,39.8481125]]]}},{"type":"Feature","properties":{"building":"yes","osm_id":463656590},"geometry":{"type":"Polygon","coordinates":[[[32.8389851,39.8484159],[32.8391334,39.8483896],[32.8391648,39.8483173],[32.8391619,39.8482757],[32.839142,39.8482648],[32.8391391,39.8482341],[32.8391648,39.8482253],[32.8391477,39.8481815],[32.8390706,39.8481334],[32.8389166,39.848164],[32.8388938,39.8481991],[32.8388795,39.8482341],[32.8388852,39.8482757],[32.8389166,39.8482626],[32.8389309,39.8482976],[32.8388995,39.8483129],[32.8389109,39.8483567],[32.8389851,39.8484159]]]}},{"type":"Feature","properties":{"building":"yes","osm_id":463656591},"geometry":{"type":"Polygon","coordinates":[[[32.839005,39.8488144],[32.8391534,39.8487882],[32.8391847,39.8487159],[32.8391819,39.8486743],[32.8391619,39.8486633],[32.8391591,39.8486327],[32.8391847,39.8486239],[32.8391676,39.8485801],[32.8390906,39.8485319],[32.8389366,39.8485626],[32.8389138,39.8485976],[32.8388995,39.8486327],[32.8389052,39.8486743],[32.8389366,39.8486611],[32.8389508,39.8486962],[32.8389195,39.8487115],[32.8389309,39.8487553],[32.839005,39.8488144]]]}},{"type":"Feature","properties":{"building":"yes","osm_id":463656592},"geometry":{"type":"Polygon","coordinates":[[[32.837008,39.8469263],[32.8370983,39.8467819],[32.8371397,39.8467876],[32.8371962,39.8467847],[32.8372564,39.8467963],[32.837294,39.8468252],[32.8373129,39.8468483],[32.8373467,39.8468772],[32.8372526,39.8470304],[32.8372037,39.8470159],[32.8371698,39.8470304],[32.8371134,39.8470159],[32.8370531,39.8469812],[32.8370419,39.8469552],[32.837008,39.8469263]]]}},{"type":"Feature","properties":{"building":"yes","osm_id":463656593},"geometry":{"type":"Polygon","coordinates":[[[32.8375538,39.8471373],[32.8376441,39.8469928],[32.8376855,39.8469986],[32.8377419,39.8469957],[32.8378022,39.8470073],[32.8378398,39.8470362],[32.8378586,39.8470593],[32.8378925,39.8470882],[32.8377984,39.8472413],[32.8377495,39.8472269],[32.8377156,39.8472413],[32.8376591,39.8472269],[32.8375989,39.8471922],[32.8375876,39.8471662],[32.8375538,39.8471373]]]}},{"type":"Feature","properties":{"building":"yes","osm_id":463656594},"geometry":{"type":"Polygon","coordinates":[[[32.8372451,39.8474003],[32.8373354,39.8472558],[32.8373768,39.8472616],[32.8374333,39.8472587],[32.8374935,39.8472702],[32.8375312,39.8472991],[32.83755,39.8473222],[32.8375839,39.8473511],[32.8374898,39.8475043],[32.8374408,39.8474898],[32.837407,39.8475043],[32.8373505,39.8474898],[32.8372903,39.8474552],[32.837279,39.8474292],[32.8372451,39.8474003]]]}},{"type":"Feature","properties":{"building":"yes","osm_id":463656596},"geometry":{"type":"Polygon","coordinates":[[[32.8234324,39.8487502],[32.8235767,39.848697],[32.8235384,39.8486356],[32.8236889,39.8485801],[32.8238276,39.8488022],[32.8236725,39.8488592],[32.8236361,39.8488009],[32.8234962,39.8488524],[32.8234324,39.8487502]]]}},{"type":"Feature","properties":{"building":"yes","osm_id":466450416},"geometry":{"type":"Polygon","coordinates":[[[32.8400817,39.848834],[32.8401125,39.8488115],[32.8401926,39.8488044],[32.8402173,39.8488375],[32.8402619,39.8488304],[32.8402542,39.8487938],[32.8403421,39.8487819],[32.8403482,39.8488091],[32.8404191,39.8488009],[32.8404299,39.8488222],[32.8404792,39.848821],[32.8404961,39.8488813],[32.8405007,39.8489534],[32.8405238,39.8489523],[32.8405208,39.8489724],[32.8404407,39.8489806],[32.8404222,39.8489617],[32.8403914,39.8489664],[32.8403821,39.849035],[32.8403498,39.8490492],[32.8403544,39.8490741],[32.8402065,39.8490894],[32.8402019,39.8490552],[32.8401634,39.8490516],[32.840151,39.8489783],[32.8401233,39.8489818],[32.8401171,39.848957],[32.8400694,39.8489688],[32.8400247,39.8488446],[32.8400817,39.848847],[32.8400817,39.848834]]]}},{"type":"Feature","properties":{"building":"school","osm_id":466712363},"geometry":{"type":"Polygon","coordinates":[[[32.8522411,39.8552455],[32.8523526,39.8552129],[32.8523632,39.8552224],[32.8524322,39.8552047],[32.852434,39.8551884],[32.8525437,39.8551626],[32.8524765,39.8549983],[32.8523738,39.8550227],[32.8523827,39.8550472],[32.8522977,39.8550743],[32.8522818,39.8550404],[32.8521721,39.855073],[32.8522411,39.8552455]]]}},{"type":"Feature","properties":{"landuse":"commercial","shop":"mall","building":"yes","building:levels":"2","name":"One Tower AVM","osm_id":466744303},"geometry":{"type":"Polygon","coordinates":[[[32.8346185,39.8494587],[32.8343207,39.8493042],[32.8347499,39.8492094],[32.8349645,39.8489973],[32.8360802,39.8486802],[32.8360534,39.8494936],[32.8360507,39.8502391],[32.8360158,39.8503172],[32.8360127,39.8504415],[32.8354472,39.8501114],[32.8351844,39.8497181],[32.8346185,39.8494587]]]}},{"type":"Feature","properties":{"building":"yes","name":"One Tower","building:levels":"25","osm_id":466748197},"geometry":{"type":"Polygon","coordinates":[[[32.835125,39.84927],[32.835533,39.8494051],[32.8356587,39.8497189],[32.8358656,39.8497057],[32.8357284,39.8493131],[32.835251,39.8491216],[32.835125,39.84927]]]}},{"type":"Feature","properties":{"building":"yes","osm_id":466770144},"geometry":{"type":"Polygon","coordinates":[[[32.8312039,39.8471255],[32.8313434,39.8469628],[32.8314346,39.846934],[32.8315044,39.847072],[32.8313837,39.8471893],[32.8312039,39.8471255]]]}},{"type":"Feature","properties":{"amenity":"theatre","building":"yes","osm_id":467061898},"geometry":{"type":"Polygon","coordinates":[[[32.8324382,39.8496906],[32.8317999,39.8491593],[32.8317784,39.8488793],[32.831942,39.8488793],[32.8319769,39.8487887],[32.8323336,39.8490955],[32.8323873,39.8490749],[32.8324409,39.8490667],[32.8325402,39.8491058],[32.832575,39.8491429],[32.8325804,39.849219],[32.8325509,39.8492685],[32.8326384,39.8493451],[32.8326314,39.8497215],[32.8324382,39.8496906]]]}},{"type":"Feature","properties":{"building":"yes","osm_id":470781273},"geometry":{"type":"Polygon","coordinates":[[[32.8583447,39.8504165],[32.8585136,39.8501269],[32.8586441,39.8501718],[32.8586213,39.8502109],[32.8586815,39.8502317],[32.8587091,39.8501844],[32.8588077,39.8502183],[32.8586364,39.850512],[32.8585211,39.8504724],[32.8585536,39.8504167],[32.8585169,39.850404],[32.8584821,39.8504637],[32.8583447,39.8504165]]]}},{"type":"Feature","properties":{"building":"yes","osm_id":471239850},"geometry":{"type":"Polygon","coordinates":[[[32.8347525,39.8502432],[32.8349653,39.8501655],[32.8346997,39.8497372],[32.834487,39.8498149],[32.8347525,39.8502432]]]}},{"type":"Feature","properties":{"building":"yes","osm_id":471898311},"geometry":{"type":"Polygon","coordinates":[[[32.8547197,39.8473219],[32.8549737,39.8471613],[32.8543714,39.8466067],[32.8541386,39.8467549],[32.8547197,39.8473219]]]}},{"type":"Feature","properties":{"building":"yes","osm_id":471898312},"geometry":{"type":"Polygon","coordinates":[[[32.8540243,39.8465181],[32.8536678,39.8462217],[32.8536597,39.8460838],[32.8537861,39.8459652],[32.8539198,39.8460707],[32.8538816,39.8461986],[32.8541567,39.8464396],[32.8540243,39.8465181]]]}},{"type":"Feature","properties":{"building":"yes","osm_id":471898313},"geometry":{"type":"Polygon","coordinates":[[[32.8550009,39.8460714],[32.8550635,39.8460916],[32.855137,39.8461473],[32.8551638,39.8461715],[32.8551806,39.846229],[32.8552139,39.8462412],[32.8552199,39.8462183],[32.8553365,39.8461948],[32.8553663,39.8461705],[32.8553664,39.8461255],[32.8553514,39.8460717],[32.8553242,39.8460204],[32.8552788,39.8459799],[32.8552536,39.8459612],[32.8552313,39.8459682],[32.8551855,39.8459603],[32.8551267,39.8459458],[32.8550923,39.8459552],[32.8550714,39.8459533],[32.8550303,39.8460344],[32.855001,39.8460406],[32.8550009,39.8460714]]]}},{"type":"Feature","properties":{"building":"yes","osm_id":471898314},"geometry":{"type":"Polygon","coordinates":[[[32.8555188,39.8458378],[32.8556992,39.8457209],[32.8556019,39.8456432],[32.8554242,39.8457704],[32.8555188,39.8458378]]]}},{"type":"Feature","properties":{"building":"yes","osm_id":471898322},"geometry":{"type":"Polygon","coordinates":[[[32.853922,39.8458585],[32.8540668,39.8459696],[32.8542509,39.8459084],[32.8545204,39.8461845],[32.8546627,39.8460726],[32.8543619,39.8457732],[32.8540615,39.8457781],[32.853922,39.8458585]]]}},{"type":"Feature","properties":{"building":"yes","osm_id":471898323},"geometry":{"type":"Polygon","coordinates":[[[32.8546596,39.8463005],[32.8548818,39.8465107],[32.8549282,39.8465545],[32.8551374,39.8464241],[32.8548689,39.8461701],[32.8546596,39.8463005]]]}},{"type":"Feature","properties":{"building":"yes","osm_id":471898324},"geometry":{"type":"Polygon","coordinates":[[[32.8549662,39.8466274],[32.8554124,39.8470301],[32.8556172,39.8468982],[32.8552086,39.8464858],[32.8549662,39.8466274]]]}},{"type":"Feature","properties":{"building":"yes","osm_id":471898328},"geometry":{"type":"Polygon","coordinates":[[[32.8613253,39.8517708],[32.8614942,39.8514812],[32.8616248,39.851526],[32.8616019,39.8515652],[32.8616622,39.8515859],[32.8616898,39.8515386],[32.8617883,39.8515725],[32.861617,39.8518663],[32.8615018,39.8518267],[32.8615343,39.8517709],[32.8614975,39.8517583],[32.8614627,39.851818],[32.8613253,39.8517708]]]}},{"type":"Feature","properties":{"building":"yes","osm_id":471900905},"geometry":{"type":"Polygon","coordinates":[[[32.8570007,39.847995],[32.8572094,39.8480385],[32.8572802,39.8478383],[32.8570714,39.8477948],[32.8570007,39.847995]]]}},{"type":"Feature","properties":{"building":"yes","osm_id":471900906},"geometry":{"type":"Polygon","coordinates":[[[32.8568252,39.8484677],[32.8565761,39.8482054],[32.8565347,39.8480234],[32.8565508,39.8478137],[32.8567885,39.8477947],[32.8568487,39.8481414],[32.8570424,39.8483686],[32.8568252,39.8484677]]]}},{"type":"Feature","properties":{"Altınoran Çarşı":"service","shop":"mall","building":"yes","osm_id":471900908},"geometry":{"type":"Polygon","coordinates":[[[32.8568187,39.847389],[32.85688,39.8474729],[32.8568948,39.8475684],[32.8569092,39.8476632],[32.8568727,39.8477145],[32.8568182,39.8477799],[32.8566928,39.8478064],[32.8565576,39.8478054],[32.8564343,39.8477649],[32.8563734,39.8476992],[32.8562692,39.8476071],[32.8562544,39.84753],[32.8562561,39.8474436],[32.8563069,39.8473474],[32.8563813,39.8472879],[32.8564837,39.847282],[32.8565701,39.847291],[32.8567203,39.8473294],[32.8568187,39.847389]]]}},{"type":"Feature","properties":{"building":"yes","osm_id":471900910},"geometry":{"type":"Polygon","coordinates":[[[32.8549318,39.8473898],[32.855137,39.8475746],[32.8553281,39.8474495],[32.8551228,39.8472648],[32.8549318,39.8473898]]]}},{"type":"Feature","properties":{"building":"yes","osm_id":471900912},"geometry":{"type":"Polygon","coordinates":[[[32.8550098,39.8483015],[32.8549391,39.8481521],[32.8549307,39.8479747],[32.8549451,39.8478423],[32.8549816,39.8477011],[32.8550745,39.8475971],[32.8552398,39.8476713],[32.8551619,39.8477962],[32.8551478,39.8479375],[32.855169,39.8481276],[32.8552186,39.8482254],[32.8550098,39.8483015]]]}},{"type":"Feature","properties":{"building":"yes","osm_id":471900913},"geometry":{"type":"Polygon","coordinates":[[[32.8552472,39.8485358],[32.8553839,39.8486244],[32.8556571,39.8486998],[32.8558423,39.84872],[32.8559634,39.8487235],[32.8559861,39.8487305],[32.8559838,39.8486701],[32.8559792,39.848549],[32.8558105,39.8485526],[32.855741,39.8485457],[32.8556549,39.8485279],[32.855546,39.8485007],[32.8553852,39.8484299],[32.8552472,39.8485358]]]}},{"type":"Feature","properties":{"building":"yes","osm_id":471912267},"geometry":{"type":"Polygon","coordinates":[[[32.8591606,39.8492969],[32.8593838,39.8491586],[32.8591671,39.8489526],[32.858944,39.8490908],[32.8591606,39.8492969]]]}},{"type":"Feature","properties":{"building":"yes","osm_id":471912270},"geometry":{"type":"Polygon","coordinates":[[[32.8588927,39.8490196],[32.8591074,39.8488892],[32.8589096,39.8486903],[32.8586949,39.8488269],[32.8588927,39.8490196]]]}},{"type":"Feature","properties":{"building":"yes","osm_id":471912273},"geometry":{"type":"Polygon","coordinates":[[[32.8585794,39.8487658],[32.8587636,39.8486119],[32.8584683,39.8484523],[32.8582921,39.8486104],[32.8585794,39.8487658]]]}},{"type":"Feature","properties":{"building":"yes","osm_id":471912275},"geometry":{"type":"Polygon","coordinates":[[[32.8581199,39.8483771],[32.8583753,39.8483503],[32.8583323,39.8480791],[32.8580822,39.848106],[32.8581199,39.8483771]]]}},{"type":"Feature","properties":{"building":"yes","osm_id":471912279},"geometry":{"type":"Polygon","coordinates":[[[32.8580317,39.8480646],[32.858262,39.8479325],[32.8580595,39.8477238],[32.8578292,39.8478477],[32.8580317,39.8480646]]]}},{"type":"Feature","properties":{"building":"yes","osm_id":471914502},"geometry":{"type":"Polygon","coordinates":[[[32.856956,39.8494206],[32.8571482,39.84931],[32.8570033,39.8491617],[32.8568112,39.8492724],[32.856956,39.8494206]]]}},{"type":"Feature","properties":{"building":"yes","osm_id":471914503},"geometry":{"type":"Polygon","coordinates":[[[32.8567468,39.8492312],[32.856939,39.8491205],[32.8567941,39.8489723],[32.856602,39.8490829],[32.8567468,39.8492312]]]}},{"type":"Feature","properties":{"building":"yes","osm_id":471914504},"geometry":{"type":"Polygon","coordinates":[[[32.8565639,39.8490564],[32.8567561,39.8489458],[32.8566112,39.8487975],[32.8564191,39.8489082],[32.8565639,39.8490564]]]}},{"type":"Feature","properties":{"building":"yes","osm_id":471914505},"geometry":{"type":"Polygon","coordinates":[[[32.8574089,39.8490482],[32.8576098,39.848905],[32.8571913,39.848489],[32.8569744,39.8486363],[32.8574089,39.8490482]]]}},{"type":"Feature","properties":{"building":"yes","osm_id":471925972},"geometry":{"type":"Polygon","coordinates":[[[32.8622084,39.8523507],[32.8623773,39.8520611],[32.8625078,39.8521059],[32.862485,39.8521451],[32.8625453,39.8521658],[32.8625728,39.8521185],[32.8626714,39.8521524],[32.8625001,39.8524462],[32.8623848,39.8524065],[32.8624173,39.8523508],[32.8623806,39.8523382],[32.8623458,39.8523979],[32.8622084,39.8523507]]]}},{"type":"Feature","properties":{"building":"yes","osm_id":471925973},"geometry":{"type":"Polygon","coordinates":[[[32.8617129,39.8530319],[32.8618818,39.8527423],[32.8620123,39.8527871],[32.8619895,39.8528263],[32.8620498,39.852847],[32.8620773,39.8527997],[32.8621759,39.8528336],[32.8620046,39.8531274],[32.8618893,39.8530877],[32.8619218,39.853032],[32.8618851,39.8530194],[32.8618503,39.8530791],[32.8617129,39.8530319]]]}},{"type":"Feature","properties":{"building":"yes","osm_id":473223852},"geometry":{"type":"Polygon","coordinates":[[[32.8386368,39.8499079],[32.8388514,39.8498852],[32.8388236,39.84973],[32.838609,39.8497527],[32.8386368,39.8499079]]]}},{"type":"Feature","properties":{"building":"yes","osm_id":473223853},"geometry":{"type":"Polygon","coordinates":[[[32.8383257,39.8499408],[32.8385403,39.8499182],[32.8385125,39.849763],[32.8382979,39.8497856],[32.8383257,39.8499408]]]}},{"type":"Feature","properties":{"building":"yes","osm_id":473223854},"geometry":{"type":"Polygon","coordinates":[[[32.8379926,39.8499837],[32.8382072,39.8499611],[32.8381794,39.8498059],[32.8379648,39.8498285],[32.8379926,39.8499837]]]}},{"type":"Feature","properties":{"building":"yes","osm_id":473223855},"geometry":{"type":"Polygon","coordinates":[[[32.8376868,39.8502555],[32.8378773,39.8502411],[32.8378534,39.8500556],[32.837663,39.85007],[32.8376868,39.8502555]]]}},{"type":"Feature","properties":{"building":"yes","osm_id":473223856},"geometry":{"type":"Polygon","coordinates":[[[32.8377217,39.8505109],[32.8379014,39.8504944],[32.8378724,39.8503079],[32.8376927,39.8503243],[32.8377217,39.8505109]]]}},{"type":"Feature","properties":{"building":"yes","osm_id":473223857},"geometry":{"type":"Polygon","coordinates":[[[32.8382796,39.8509886],[32.8383656,39.8508811],[32.8381778,39.8507926],[32.8380918,39.8509],[32.8382796,39.8509886]]]}},{"type":"Feature","properties":{"building":"yes","osm_id":473223858},"geometry":{"type":"Polygon","coordinates":[[[32.838006,39.8508877],[32.838098,39.8507676],[32.8379156,39.8506853],[32.8378236,39.8508053],[32.838006,39.8508877]]]}},{"type":"Feature","properties":{"building":"yes","osm_id":473227699},"geometry":{"type":"Polygon","coordinates":[[[32.841922,39.8489232],[32.8420167,39.8488157],[32.8411396,39.8483606],[32.8410449,39.8484681],[32.841922,39.8489232]]]}},{"type":"Feature","properties":{"building":"yes","osm_id":473227700},"geometry":{"type":"Polygon","coordinates":[[[32.8416538,39.8490468],[32.84174,39.8489493],[32.8410802,39.8486054],[32.840994,39.8487029],[32.8416538,39.8490468]]]}},{"type":"Feature","properties":{"building":"yes","osm_id":473227701},"geometry":{"type":"Polygon","coordinates":[[[32.8416565,39.8493165],[32.8417802,39.8492608],[32.8416779,39.8491271],[32.8415542,39.8491829],[32.8416565,39.8493165]]]}},{"type":"Feature","properties":{"building":"yes","osm_id":473227702},"geometry":{"type":"Polygon","coordinates":[[[32.8415331,39.8494957],[32.8416568,39.8494399],[32.8415545,39.8493062],[32.8414308,39.849362],[32.8415331,39.8494957]]]}},{"type":"Feature","properties":{"building":"yes","osm_id":473227703},"geometry":{"type":"Polygon","coordinates":[[[32.8414124,39.8496954],[32.8415361,39.8496397],[32.8414338,39.849506],[32.8413101,39.8495618],[32.8414124,39.8496954]]]}},{"type":"Feature","properties":{"building":"yes","osm_id":473227704},"geometry":{"type":"Polygon","coordinates":[[[32.8412783,39.8498787],[32.841402,39.8498229],[32.8412997,39.8496893],[32.841176,39.849745],[32.8412783,39.8498787]]]}},{"type":"Feature","properties":{"building":"yes","osm_id":473227705},"geometry":{"type":"Polygon","coordinates":[[[32.8410068,39.8490375],[32.8411758,39.8489614],[32.8410938,39.8488542],[32.8409248,39.8489304],[32.8410068,39.8490375]]]}},{"type":"Feature","properties":{"building":"yes","osm_id":473227706},"geometry":{"type":"Polygon","coordinates":[[[32.8409558,39.8492455],[32.8411248,39.8491693],[32.8410428,39.8490622],[32.8408739,39.8491384],[32.8409558,39.8492455]]]}},{"type":"Feature","properties":{"building":"yes","osm_id":473227707},"geometry":{"type":"Polygon","coordinates":[[[32.8409129,39.8494535],[32.8410819,39.8493773],[32.8409999,39.8492702],[32.8408309,39.8493464],[32.8409129,39.8494535]]]}},{"type":"Feature","properties":{"building":"yes","osm_id":473227708},"geometry":{"type":"Polygon","coordinates":[[[32.8408753,39.8496533],[32.8410443,39.8495771],[32.8409624,39.8494699],[32.8407934,39.8495461],[32.8408753,39.8496533]]]}},{"type":"Feature","properties":{"building":"yes","osm_id":473227709},"geometry":{"type":"Polygon","coordinates":[[[32.8408169,39.8498622],[32.8409859,39.849786],[32.840904,39.8496789],[32.840735,39.8497551],[32.8408169,39.8498622]]]}},{"type":"Feature","properties":{"building":"yes","osm_id":473227710},"geometry":{"type":"Polygon","coordinates":[[[32.8418201,39.8500949],[32.8419028,39.8499841],[32.8416265,39.8498626],[32.8415438,39.8499734],[32.8418201,39.8500949]]]}},{"type":"Feature","properties":{"building":"yes","osm_id":473227711},"geometry":{"type":"Polygon","coordinates":[[[32.8418684,39.8497902],[32.8423872,39.8490548],[32.8421941,39.8489745],[32.8416752,39.8497099],[32.8418684,39.8497902]]]}},{"type":"Feature","properties":{"building":"yes","osm_id":473227712},"geometry":{"type":"Polygon","coordinates":[[[32.8421366,39.8501443],[32.8428045,39.8493227],[32.8426484,39.849248],[32.8419805,39.8500696],[32.8421366,39.8501443]]]}},{"type":"Feature","properties":{"building":"yes","osm_id":473227714},"geometry":{"type":"Polygon","coordinates":[[[32.8259736,39.8492712],[32.8261429,39.8493247],[32.826336,39.8489644],[32.8261667,39.8489109],[32.8259736,39.8492712]]]}},{"type":"Feature","properties":{"building":"yes","osm_id":473227715},"geometry":{"type":"Polygon","coordinates":[[[32.8253916,39.8493577],[32.8259736,39.8495389],[32.8260902,39.8493181],[32.8255082,39.8491369],[32.8253916,39.8493577]]]}},{"type":"Feature","properties":{"building":"yes","osm_id":473227716},"geometry":{"type":"Polygon","coordinates":[[[32.8295838,39.8537128],[32.8300184,39.8533072],[32.8305924,39.8536614],[32.8302732,39.8539352],[32.8299594,39.8539373],[32.8295838,39.8537128]]]}},{"type":"Feature","properties":{"building":"yes","osm_id":473227717},"geometry":{"type":"Polygon","coordinates":[[[32.8349509,39.8519646],[32.835244,39.8516925],[32.8350429,39.8515648],[32.8347498,39.851837],[32.8349509,39.8519646]]]}},{"type":"Feature","properties":{"building":"yes","osm_id":473227718},"geometry":{"type":"Polygon","coordinates":[[[32.8346505,39.8518143],[32.8344547,39.8516784],[32.8344628,39.8514416],[32.8345701,39.8513345],[32.834908,39.8515652],[32.8346505,39.8518143]]]}},{"type":"Feature","properties":{"building":"yes","osm_id":473227719},"geometry":{"type":"Polygon","coordinates":[[[32.8344467,39.8521273],[32.8348706,39.85213],[32.834872,39.8519997],[32.8344481,39.8519971],[32.8344467,39.8521273]]]}},{"type":"Feature","properties":{"building":"yes","osm_id":473227720},"geometry":{"type":"Polygon","coordinates":[[[32.8298253,39.8489232],[32.8298977,39.8490035],[32.8300398,39.8490077],[32.8300587,39.8486677],[32.829828,39.8486663],[32.8298253,39.8489232]]]}},{"type":"Feature","properties":{"building":"yes","osm_id":473227721},"geometry":{"type":"Polygon","coordinates":[[[32.8283232,39.8529777],[32.828681,39.8529676],[32.828673,39.8528008],[32.8283152,39.8528109],[32.8283232,39.8529777]]]}},{"type":"Feature","properties":{"building":"yes","osm_id":473227722},"geometry":{"type":"Polygon","coordinates":[[[32.8283125,39.8532928],[32.8285807,39.8532825],[32.8285676,39.853081],[32.8282994,39.8530913],[32.8283125,39.8532928]]]}},{"type":"Feature","properties":{"building":"yes","osm_id":473227723},"geometry":{"type":"Polygon","coordinates":[[[32.8309518,39.8517217],[32.8311844,39.8514984],[32.8308491,39.8512925],[32.8306165,39.8515158],[32.8309518,39.8517217]]]}},{"type":"Feature","properties":{"building":"yes","osm_id":473227724},"geometry":{"type":"Polygon","coordinates":[[[32.8312414,39.8511678],[32.8317859,39.8511554],[32.8317727,39.8508124],[32.8312282,39.8508248],[32.8312414,39.8511678]]]}},{"type":"Feature","properties":{"building":"yes","osm_id":473227725},"geometry":{"type":"Polygon","coordinates":[[[32.8294631,39.8525824],[32.829681,39.852403],[32.8294047,39.8522053],[32.8291869,39.8523847],[32.8294631,39.8525824]]]}},{"type":"Feature","properties":{"building":"yes","osm_id":473227726},"geometry":{"type":"Polygon","coordinates":[[[32.8298333,39.8527986],[32.830018,39.852641],[32.8297498,39.8524557],[32.8295651,39.8526133],[32.8298333,39.8527986]]]}},{"type":"Feature","properties":{"building":"yes","osm_id":473227727},"geometry":{"type":"Polygon","coordinates":[[[32.828519,39.8477536],[32.8282106,39.8473603],[32.8283956,39.8472779],[32.8285351,39.8473026],[32.8286558,39.8473767],[32.8287336,39.8474426],[32.8287792,39.8474797],[32.8287765,39.8476465],[32.828519,39.8477536]]]}},{"type":"Feature","properties":{"building":"yes","osm_id":473227728},"geometry":{"type":"Polygon","coordinates":[[[32.828511,39.8484146],[32.8286935,39.8482511],[32.8284869,39.8481152],[32.8283044,39.8482787],[32.828511,39.8484146]]]}},{"type":"Feature","properties":{"building":"yes","osm_id":473354658},"geometry":{"type":"Polygon","coordinates":[[[32.8463986,39.8559964],[32.8466035,39.8556766],[32.8464455,39.8556169],[32.8462405,39.8559367],[32.8463986,39.8559964]]]}},{"type":"Feature","properties":{"building":"yes","osm_id":473354659},"geometry":{"type":"Polygon","coordinates":[[[32.8462645,39.8562929],[32.8464244,39.8560434],[32.8460425,39.8558992],[32.8458826,39.8561487],[32.8462645,39.8562929]]]}},{"type":"Feature","properties":{"building":"yes","osm_id":473354666},"geometry":{"type":"Polygon","coordinates":[[[32.8485283,39.8551315],[32.848746,39.8551072],[32.8487073,39.854903],[32.8484896,39.8549273],[32.8485283,39.8551315]]]}},{"type":"Feature","properties":{"building":"yes","osm_id":473354668},"geometry":{"type":"Polygon","coordinates":[[[32.8479758,39.8550533],[32.8482261,39.8550253],[32.8481882,39.8548253],[32.8479378,39.8548533],[32.8479758,39.8550533]]]}},{"type":"Feature","properties":{"building":"yes","osm_id":473361470},"geometry":{"type":"Polygon","coordinates":[[[32.8458462,39.8510836],[32.8460727,39.851185],[32.8460016,39.8512786],[32.8457751,39.8511771],[32.8458462,39.8510836]]]}},{"type":"Feature","properties":{"building":"yes","osm_id":473361471},"geometry":{"type":"Polygon","coordinates":[[[32.8496361,39.8590858],[32.8495127,39.8587008],[32.8499472,39.8588634],[32.8497488,39.859129],[32.8496361,39.8590858]]]}},{"type":"Feature","properties":{"building":"yes","osm_id":473361472},"geometry":{"type":"Polygon","coordinates":[[[32.8503013,39.8599814],[32.8501779,39.8595964],[32.8506124,39.8597591],[32.8504139,39.8600247],[32.8503013,39.8599814]]]}},{"type":"Feature","properties":{"building":"yes","osm_id":473361473},"geometry":{"type":"Polygon","coordinates":[[[32.8499177,39.8597076],[32.8497944,39.8593226],[32.8502289,39.8594852],[32.8500304,39.8597508],[32.8499177,39.8597076]]]}},{"type":"Feature","properties":{"building":"yes","osm_id":473361474},"geometry":{"type":"Polygon","coordinates":[[[32.8495154,39.8594523],[32.849392,39.8590673],[32.8498265,39.8592299],[32.8496281,39.8594955],[32.8495154,39.8594523]]]}},{"type":"Feature","properties":{"building":"yes","osm_id":473361475},"geometry":{"type":"Polygon","coordinates":[[[32.8516022,39.8595388],[32.851977,39.8594478],[32.8519026,39.859267],[32.8515277,39.859358],[32.8516022,39.8595388]]]}},{"type":"Feature","properties":{"building":"yes","osm_id":473361476},"geometry":{"type":"Polygon","coordinates":[[[32.8502655,39.8588755],[32.850648,39.8587827],[32.8505677,39.8585878],[32.8501852,39.8586807],[32.8502655,39.8588755]]]}},{"type":"Feature","properties":{"building":"yes","osm_id":473361477},"geometry":{"type":"Polygon","coordinates":[[[32.8504023,39.8591782],[32.8507848,39.8590854],[32.8507045,39.8588905],[32.850322,39.8589833],[32.8504023,39.8591782]]]}},{"type":"Feature","properties":{"building":"yes","osm_id":473361478},"geometry":{"type":"Polygon","coordinates":[[[32.8506813,39.85945],[32.8510638,39.8593571],[32.8509835,39.8591623],[32.850601,39.8592551],[32.8506813,39.85945]]]}},{"type":"Feature","properties":{"building":"yes","osm_id":473361479},"geometry":{"type":"Polygon","coordinates":[[[32.8509906,39.8597158],[32.8513731,39.859623],[32.8512928,39.8594281],[32.8509103,39.859521],[32.8509906,39.8597158]]]}},{"type":"Feature","properties":{"building":"yes","osm_id":473361480},"geometry":{"type":"Polygon","coordinates":[[[32.8517175,39.8600947],[32.8521441,39.8599911],[32.8519638,39.8595535],[32.8515372,39.859657],[32.8517175,39.8600947]]]}},{"type":"Feature","properties":{"building":"yes","osm_id":473361481},"geometry":{"type":"Polygon","coordinates":[[[32.8521922,39.8597673],[32.8524456,39.8597058],[32.8522759,39.8592938],[32.8520225,39.8593553],[32.8521922,39.8597673]]]}},{"type":"Feature","properties":{"building":"yes","osm_id":473361482},"geometry":{"type":"Polygon","coordinates":[[[32.8522378,39.8605703],[32.8528279,39.8604271],[32.8526113,39.8599011],[32.8520212,39.8600443],[32.8522378,39.8605703]]]}},{"type":"Feature","properties":{"building":"yes","osm_id":473361483},"geometry":{"type":"Polygon","coordinates":[[[32.8472597,39.8516774],[32.8474859,39.8516055],[32.8473437,39.8513419],[32.8471175,39.8514138],[32.8472597,39.8516774]]]}},{"type":"Feature","properties":{"building":"yes","osm_id":473370200},"geometry":{"type":"Polygon","coordinates":[[[32.8455295,39.8567808],[32.8462054,39.8568138],[32.8462251,39.8565761],[32.8455492,39.8565432],[32.8455295,39.8567808]]]}},{"type":"Feature","properties":{"building":"yes","osm_id":473370201},"geometry":{"type":"Polygon","coordinates":[[[32.8454679,39.8571494],[32.8461331,39.8571741],[32.8461468,39.8569566],[32.8454816,39.8569319],[32.8454679,39.8571494]]]}},{"type":"Feature","properties":{"building":"yes","osm_id":473370203},"geometry":{"type":"Polygon","coordinates":[[[32.8453337,39.8578556],[32.8462108,39.8578926],[32.8462163,39.8575818],[32.8461749,39.8572679],[32.8454534,39.8572206],[32.8453606,39.8575035],[32.8453337,39.8578556]]]}},{"type":"Feature","properties":{"building":"house","osm_id":473400763},"geometry":{"type":"Polygon","coordinates":[[[32.8639511,39.8639331],[32.8640343,39.863978],[32.8641359,39.8638905],[32.8640219,39.8638243],[32.8639511,39.8639331]]]}},{"type":"Feature","properties":{"building":"house","osm_id":473400764},"geometry":{"type":"Polygon","coordinates":[[[32.8635413,39.863952],[32.8636399,39.8639426],[32.8636399,39.8638645],[32.8635228,39.863874],[32.8635413,39.863952]]]}},{"type":"Feature","properties":{"building":"house","osm_id":473400765},"geometry":{"type":"Polygon","coordinates":[[[32.8643606,39.8634452],[32.8644315,39.8633861],[32.8645363,39.8634405],[32.8644623,39.8635043],[32.8643606,39.8634452]]]}},{"type":"Feature","properties":{"building":"house","osm_id":473400766},"geometry":{"type":"Polygon","coordinates":[[[32.8649861,39.8629414],[32.864946,39.8628539],[32.8650415,39.8628256],[32.8650785,39.8629249],[32.8649861,39.8629414]]]}},{"type":"Feature","properties":{"building":"house","osm_id":473400767},"geometry":{"type":"Polygon","coordinates":[[[32.8648536,39.8636367],[32.8648906,39.8637148],[32.8649645,39.8636888],[32.8650138,39.8636722],[32.8649584,39.8635918],[32.8648536,39.8636367]]]}},{"type":"Feature","properties":{"building":"house","osm_id":473400768},"geometry":{"type":"Polygon","coordinates":[[[32.8648752,39.8630952],[32.8649584,39.8630668],[32.8648906,39.8629722],[32.864829,39.8629887],[32.8648752,39.8630952]]]}},{"type":"Feature","properties":{"building":"house","osm_id":473400769},"geometry":{"type":"Polygon","coordinates":[[[32.8651001,39.8629935],[32.865174,39.8629817],[32.8651432,39.8628776],[32.8650847,39.8628847],[32.8651001,39.8629935]]]}},{"type":"Feature","properties":{"building":"house","osm_id":473400770},"geometry":{"type":"Polygon","coordinates":[[[32.8645208,39.8644881],[32.8645979,39.8644006],[32.8646903,39.8644621],[32.8646164,39.8645378],[32.8645208,39.8644881]]]}},{"type":"Feature","properties":{"building":"house","osm_id":473400771},"geometry":{"type":"Polygon","coordinates":[[[32.8642497,39.8646324],[32.8643329,39.864682],[32.8644161,39.8646064],[32.8642959,39.8645543],[32.8642497,39.8646324]]]}},{"type":"Feature","properties":{"building":"house","osm_id":473400772},"geometry":{"type":"Polygon","coordinates":[[[32.8646441,39.8645661],[32.8647612,39.8646229],[32.864869,39.8645259],[32.8647365,39.8644668],[32.8646441,39.8645661]]]}},{"type":"Feature","properties":{"building":"house","osm_id":473400773},"geometry":{"type":"Polygon","coordinates":[[[32.8643421,39.8643557],[32.8644192,39.8642871],[32.8645054,39.8643131],[32.8644315,39.8643959],[32.8643421,39.8643557]]]}},{"type":"Feature","properties":{"building":"house","osm_id":473400774},"geometry":{"type":"Polygon","coordinates":[[[32.864108,39.8643841],[32.864185,39.8642966],[32.8642682,39.8643438],[32.8642189,39.8644101],[32.864108,39.8643841]]]}},{"type":"Feature","properties":{"building":"house","osm_id":473400775},"geometry":{"type":"Polygon","coordinates":[[[32.8640464,39.8642634],[32.8640987,39.8641996],[32.8641973,39.8642445],[32.864145,39.8643013],[32.8640464,39.8642634]]]}},{"type":"Feature","properties":{"building":"house","osm_id":473400776},"geometry":{"type":"Polygon","coordinates":[[[32.8642497,39.8640837],[32.864336,39.8640199],[32.8644315,39.8640979],[32.864336,39.8641594],[32.8642497,39.8640837]]]}},{"type":"Feature","properties":{"building":"house","osm_id":473400777},"geometry":{"type":"Polygon","coordinates":[[[32.8649768,39.8641925],[32.8650631,39.864105],[32.8652172,39.8642138],[32.8651371,39.8642729],[32.8650908,39.8642493],[32.8649768,39.8641925]]]}},{"type":"Feature","properties":{"building":"house","osm_id":473400778},"geometry":{"type":"Polygon","coordinates":[[[32.8647858,39.8643249],[32.8648937,39.864209],[32.8649491,39.8642327],[32.8649368,39.8642516],[32.8649707,39.8642634],[32.8648813,39.864377],[32.8647858,39.8643249]]]}},{"type":"Feature","properties":{"building":"yes","osm_id":473602656},"geometry":{"type":"Polygon","coordinates":[[[32.8449314,39.8586669],[32.8454096,39.8586869],[32.8454286,39.8584194],[32.8449505,39.8583993],[32.8449314,39.8586669]]]}},{"type":"Feature","properties":{"building":"yes","osm_id":473602658},"geometry":{"type":"Polygon","coordinates":[[[32.8459427,39.8583457],[32.846215,39.8583571],[32.8462461,39.8579412],[32.8459632,39.8579319],[32.8459427,39.8583457]]]}},{"type":"Feature","properties":{"building":"yes","osm_id":473604669},"geometry":{"type":"Polygon","coordinates":[[[32.8482561,39.8554743],[32.848747,39.855567],[32.8487903,39.8554316],[32.8482995,39.855339],[32.8482561,39.8554743]]]}},{"type":"Feature","properties":{"building":"yes","osm_id":473604670},"geometry":{"type":"Polygon","coordinates":[[[32.8519844,39.860597],[32.8522078,39.8605339],[32.852122,39.8603548],[32.8518985,39.8604179],[32.8519844,39.860597]]]}},{"type":"Feature","properties":{"building":"yes","osm_id":473604671},"geometry":{"type":"Polygon","coordinates":[[[32.8517859,39.8604426],[32.8521215,39.8603539],[32.8520384,39.8601686],[32.8517027,39.8602573],[32.8517859,39.8604426]]]}},{"type":"Feature","properties":{"building":"yes","osm_id":473835244},"geometry":{"type":"Polygon","coordinates":[[[32.8559838,39.8486701],[32.856237,39.8486432],[32.8564113,39.8488018],[32.8565454,39.8487214],[32.8563013,39.8484908],[32.8559792,39.848549],[32.8559838,39.8486701]]]}},{"type":"Feature","properties":{"building":"yes","osm_id":473835245},"geometry":{"type":"Polygon","coordinates":[[[32.8588655,39.8497593],[32.8592571,39.8497222],[32.8592297,39.8495511],[32.8588381,39.8495882],[32.8588655,39.8497593]]]}},{"type":"Feature","properties":{"building":"yes","osm_id":473835246},"geometry":{"type":"Polygon","coordinates":[[[32.8596193,39.8495163],[32.8597454,39.8493454],[32.8594423,39.8492136],[32.8593162,39.8493845],[32.8596193,39.8495163]]]}},{"type":"Feature","properties":{"building":"yes","osm_id":473835247},"geometry":{"type":"Polygon","coordinates":[[[32.8565508,39.8467652],[32.8567416,39.8466729],[32.8566638,39.8465781],[32.8564731,39.8466704],[32.8565508,39.8467652]]]}},{"type":"Feature","properties":{"building":"yes","osm_id":473835248},"geometry":{"type":"Polygon","coordinates":[[[32.8564328,39.8466313],[32.8566075,39.8465307],[32.8565109,39.8464319],[32.8563363,39.8465325],[32.8564328,39.8466313]]]}},{"type":"Feature","properties":{"building":"yes","osm_id":473835249},"geometry":{"type":"Polygon","coordinates":[[[32.8562853,39.846483],[32.8564523,39.8463794],[32.8563504,39.8462826],[32.8561834,39.8463863],[32.8562853,39.846483]]]}},{"type":"Feature","properties":{"building":"yes","osm_id":473835250},"geometry":{"type":"Polygon","coordinates":[[[32.8561646,39.8463451],[32.8563363,39.8462297],[32.8562424,39.8461474],[32.8560707,39.8462627],[32.8561646,39.8463451]]]}},{"type":"Feature","properties":{"building":"yes","osm_id":473835251},"geometry":{"type":"Polygon","coordinates":[[[32.8560064,39.8462076],[32.8561868,39.8460907],[32.8560895,39.846013],[32.8559117,39.8461402],[32.8560064,39.8462076]]]}},{"type":"Feature","properties":{"building":"yes","osm_id":473835252},"geometry":{"type":"Polygon","coordinates":[[[32.8558588,39.8460799],[32.8560393,39.845963],[32.855942,39.8458853],[32.8557642,39.8460125],[32.8558588,39.8460799]]]}},{"type":"Feature","properties":{"building":"yes","osm_id":473835253},"geometry":{"type":"Polygon","coordinates":[[[32.8556845,39.8459523],[32.8558649,39.8458353],[32.8557676,39.8457576],[32.8555899,39.8458849],[32.8556845,39.8459523]]]}},{"type":"Feature","properties":{"building":"yes","osm_id":473839798},"geometry":{"type":"Polygon","coordinates":[[[32.8456369,39.8591589],[32.8451112,39.85885],[32.8451595,39.8588047],[32.8462753,39.85885],[32.8462485,39.8591548],[32.8457898,39.8591383],[32.8458005,39.8590724],[32.8457335,39.8590703],[32.8456369,39.8591589]]]}},{"type":"Feature","properties":{"building":"yes","osm_id":473839799},"geometry":{"type":"Polygon","coordinates":[[[32.8467956,39.8595809],[32.8463906,39.8595665],[32.8461465,39.8594327],[32.8461626,39.8591939],[32.8468332,39.8592248],[32.8467956,39.8595809]]]}},{"type":"Feature","properties":{"building":"yes","osm_id":473839800},"geometry":{"type":"Polygon","coordinates":[[[32.8463638,39.8591362],[32.8468251,39.8591589],[32.8468476,39.8588891],[32.8463863,39.8588665],[32.8463638,39.8591362]]]}},{"type":"Feature","properties":{"building":"yes","osm_id":473839801},"geometry":{"type":"Polygon","coordinates":[[[32.8469083,39.8591733],[32.847493,39.8592],[32.8475156,39.858909],[32.8469309,39.8588822],[32.8469083,39.8591733]]]}},{"type":"Feature","properties":{"building":"yes","osm_id":473839802},"geometry":{"type":"Polygon","coordinates":[[[32.8468788,39.8595398],[32.8474367,39.8595686],[32.8474632,39.8592662],[32.8469053,39.8592374],[32.8468788,39.8595398]]]}},{"type":"Feature","properties":{"building":"yes","osm_id":473839803},"geometry":{"type":"Polygon","coordinates":[[[32.8464148,39.8587574],[32.8468493,39.858778],[32.8468656,39.8585753],[32.8464311,39.8585547],[32.8464148,39.8587574]]]}},{"type":"Feature","properties":{"building":"yes","osm_id":473839804},"geometry":{"type":"Polygon","coordinates":[[[32.8469458,39.8587841],[32.8474099,39.8587944],[32.8474172,39.8586],[32.8469532,39.8585897],[32.8469458,39.8587841]]]}},{"type":"Feature","properties":{"building":"yes","osm_id":473839805},"geometry":{"type":"Polygon","coordinates":[[[32.8461573,39.858743],[32.8462833,39.8587491],[32.8463106,39.8584208],[32.8461846,39.8584146],[32.8461573,39.858743]]]}},{"type":"Feature","properties":{"building":"yes","osm_id":473839806},"geometry":{"type":"Polygon","coordinates":[[[32.8457201,39.8587244],[32.8460875,39.858743],[32.8461114,39.8584636],[32.845744,39.8584451],[32.8457201,39.8587244]]]}},{"type":"Feature","properties":{"building":"yes","osm_id":473839807},"geometry":{"type":"Polygon","coordinates":[[[32.8453016,39.85822],[32.8454438,39.8582282],[32.8454776,39.857884],[32.8453355,39.8578758],[32.8453016,39.85822]]]}},{"type":"Feature","properties":{"building":"yes","osm_id":473852913},"geometry":{"type":"Polygon","coordinates":[[[32.8425122,39.8505706],[32.8426003,39.8504477],[32.8423823,39.8503556],[32.8422942,39.8504785],[32.8425122,39.8505706]]]}},{"type":"Feature","properties":{"building":"yes","osm_id":473916722},"geometry":{"type":"Polygon","coordinates":[[[32.8564596,39.8503544],[32.8565375,39.850247],[32.8563043,39.8501474],[32.8562265,39.8502548],[32.8564596,39.8503544]]]}},{"type":"Feature","properties":{"building":"yes","osm_id":473916723},"geometry":{"type":"Polygon","coordinates":[[[32.8551695,39.8472696],[32.8553712,39.8471415],[32.8553069,39.8470817],[32.8551051,39.8472099],[32.8551695,39.8472696]]]}},{"type":"Feature","properties":{"building":"yes","osm_id":491621254},"geometry":{"type":"Polygon","coordinates":[[[32.8526739,39.871566],[32.8528459,39.8716149],[32.8527664,39.8717796],[32.8525944,39.8717307],[32.8526739,39.871566]]]}},{"type":"Feature","properties":{"building":"yes","osm_id":495739028},"geometry":{"type":"Polygon","coordinates":[[[32.8237017,39.8647156],[32.8236597,39.8647035],[32.8236457,39.8647277],[32.8235197,39.864686],[32.8236107,39.8645195],[32.8237822,39.8645745],[32.8237017,39.8647156]]]}},{"type":"Feature","properties":{"building":"house","osm_id":496953719},"geometry":{"type":"Polygon","coordinates":[[[32.8568358,39.8636137],[32.8568804,39.8635191],[32.8569975,39.8635688],[32.8569498,39.8636563],[32.8568358,39.8636137]]]}},{"type":"Feature","properties":{"amenity":"restaurant","building":"yes","osm_id":496953729},"geometry":{"type":"Polygon","coordinates":[[[32.862215,39.8648435],[32.8622606,39.8648641],[32.8623478,39.8649114],[32.8622754,39.8649578],[32.8623666,39.8650103],[32.8621815,39.8651554],[32.862156,39.8651307],[32.8621386,39.8651451],[32.8619803,39.8650545],[32.862215,39.8648435]]]}},{"type":"Feature","properties":{"building":"apartments","building:levels":"10","osm_id":547660741},"geometry":{"type":"Polygon","coordinates":[[[32.8479545,39.8545783],[32.8482241,39.8545227],[32.8482133,39.854492],[32.848503,39.8544281],[32.8484624,39.8543045],[32.8481901,39.8543573],[32.8482072,39.8544021],[32.8479201,39.8544565],[32.8479545,39.8545783]]]}},{"type":"Feature","properties":{"building":"apartments","building:levels":"10","osm_id":547660742},"geometry":{"type":"Polygon","coordinates":[[[32.847698,39.8538826],[32.8479596,39.8538136],[32.8479782,39.8538638],[32.848262,39.8537831],[32.8482106,39.8536594],[32.8479374,39.8537257],[32.847921,39.853689],[32.8476408,39.8537526],[32.847698,39.8538826]]]}},{"type":"Feature","properties":{"building":"apartments","building:levels":"10","osm_id":547660743},"geometry":{"type":"Polygon","coordinates":[[[32.8477386,39.854466],[32.8477246,39.8542402],[32.8477702,39.8542384],[32.8477515,39.8540089],[32.8475787,39.854017],[32.8475904,39.8542455],[32.847553,39.8542482],[32.8475693,39.8544714],[32.8477386,39.854466]]]}},{"type":"Feature","properties":{"building":"commercial","osm_id":547660744},"geometry":{"type":"Polygon","coordinates":[[[32.8471732,39.8540877],[32.8473971,39.8540955],[32.8474665,39.8537686],[32.8471925,39.8537592],[32.8471732,39.8540877]]]}},{"type":"Feature","properties":{"building":"apartments","name":"Demiryolcular Sitesi","osm_id":577566568},"geometry":{"type":"Polygon","coordinates":[[[32.8273845,39.874524],[32.8280061,39.8747691],[32.828611,39.8738754],[32.8279423,39.8735274],[32.8273845,39.874524]]]}},{"type":"Feature","properties":{"building":"yes","addr:street":"Aleksander Dubçek Caddesi","addr:housenumber":"6","osm_id":605555147},"geometry":{"type":"Polygon","coordinates":[[[32.8546065,39.8641732],[32.8547554,39.8640293],[32.8549871,39.8641901],[32.8548382,39.8643214],[32.8546065,39.8641732]]]}},{"type":"Feature","properties":{"building":"yes","osm_id":615559316},"geometry":{"type":"Polygon","coordinates":[[[32.8650641,39.8463162],[32.8652442,39.8464135],[32.8652975,39.8463553],[32.8651174,39.8462581],[32.8650641,39.8463162]]]}},{"type":"Feature","properties":{"building":"yes","osm_id":615559317},"geometry":{"type":"Polygon","coordinates":[[[32.8647798,39.8460166],[32.8650789,39.8461781],[32.8652184,39.8460258],[32.8649193,39.8458643],[32.8647798,39.8460166]]]}},{"type":"Feature","properties":{"building":"yes","osm_id":615559318},"geometry":{"type":"Polygon","coordinates":[[[32.8654705,39.8465314],[32.8659296,39.8467793],[32.8659774,39.846727],[32.8655184,39.8464791],[32.8654705,39.8465314]]]}},{"type":"Feature","properties":{"building":"yes","osm_id":615559319},"geometry":{"type":"Polygon","coordinates":[[[32.8654423,39.846727],[32.8656425,39.8468351],[32.8656784,39.846796],[32.8654782,39.8466879],[32.8654423,39.846727]]]}},{"type":"Feature","properties":{"building":"yes","osm_id":615559320},"geometry":{"type":"Polygon","coordinates":[[[32.8653097,39.8468022],[32.8656502,39.8469861],[32.8657183,39.8469118],[32.8653778,39.8467279],[32.8653097,39.8468022]]]}},{"type":"Feature","properties":{"building":"yes","osm_id":615559321},"geometry":{"type":"Polygon","coordinates":[[[32.8652734,39.8468732],[32.8657548,39.8471224],[32.8657938,39.8470781],[32.8653123,39.8468289],[32.8652734,39.8468732]]]}},{"type":"Feature","properties":{"building":"yes","osm_id":615559322},"geometry":{"type":"Polygon","coordinates":[[[32.8647383,39.8464109],[32.8649408,39.8465088],[32.864996,39.8464413],[32.8647935,39.8463435],[32.8647383,39.8464109]]]}},{"type":"Feature","properties":{"building":"yes","osm_id":615559323},"geometry":{"type":"Polygon","coordinates":[[[32.8646202,39.8464954],[32.8651124,39.8467353],[32.8651717,39.8466636],[32.8646795,39.8464237],[32.8646202,39.8464954]]]}},{"type":"Feature","properties":{"building":"yes","osm_id":615560567},"geometry":{"type":"Polygon","coordinates":[[[32.863825,39.8457447],[32.8639035,39.8457862],[32.8640751,39.8455947],[32.8639966,39.8455532],[32.863825,39.8457447]]]}},{"type":"Feature","properties":{"building":"yes","osm_id":615560569},"geometry":{"type":"Polygon","coordinates":[[[32.8614499,39.8441263],[32.8620353,39.8443282],[32.8620978,39.8442213],[32.8617861,39.8441139],[32.8618426,39.8440173],[32.8615689,39.8439229],[32.8614499,39.8441263]]]}},{"type":"Feature","properties":{"building":"yes","osm_id":615560570},"geometry":{"type":"Polygon","coordinates":[[[32.8608887,39.844078],[32.8612503,39.8442055],[32.8613612,39.84402],[32.8609996,39.8438926],[32.8608887,39.844078]]]}},{"type":"Feature","properties":{"building":"yes","osm_id":615560571},"geometry":{"type":"Polygon","coordinates":[[[32.8610408,39.8438429],[32.8614351,39.8439747],[32.8615132,39.8438371],[32.8611189,39.8437053],[32.8610408,39.8438429]]]}},{"type":"Feature","properties":{"building":"yes","osm_id":616089096},"geometry":{"type":"Polygon","coordinates":[[[32.8643158,39.8460155],[32.8645156,39.8461298],[32.8645877,39.8460556],[32.8643878,39.8459413],[32.8643158,39.8460155]]]}},{"type":"Feature","properties":{"building":"yes","osm_id":616089097},"geometry":{"type":"Polygon","coordinates":[[[32.8642461,39.8461741],[32.8644714,39.8462925],[32.864541,39.8462145],[32.8643157,39.8460961],[32.8642461,39.8461741]]]}},{"type":"Feature","properties":{"building":"yes","osm_id":616089113},"geometry":{"type":"Polygon","coordinates":[[[32.860432,39.8450868],[32.8605438,39.845207],[32.8607128,39.8451143],[32.8606009,39.8449941],[32.860432,39.8450868]]]}},{"type":"Feature","properties":{"building":"yes","osm_id":616089125},"geometry":{"type":"Polygon","coordinates":[[[32.8536621,39.8469639],[32.8537501,39.846912],[32.8535422,39.846704],[32.8534542,39.8467559],[32.8536621,39.8469639]]]}},{"type":"Feature","properties":{"building":"yes","osm_id":616089126},"geometry":{"type":"Polygon","coordinates":[[[32.8533322,39.8471821],[32.8534088,39.8472467],[32.8536649,39.8470675],[32.8535883,39.847003],[32.8533322,39.8471821]]]}},{"type":"Feature","properties":{"building":"yes","osm_id":616089128},"geometry":{"type":"Polygon","coordinates":[[[32.8542334,39.8473119],[32.8543325,39.8472557],[32.854189,39.8471064],[32.8540899,39.8471626],[32.8542334,39.8473119]]]}},{"type":"Feature","properties":{"building":"yes","osm_id":616089129},"geometry":{"type":"Polygon","coordinates":[[[32.8539786,39.8472594],[32.8540568,39.8472114],[32.8538181,39.8469818],[32.8537399,39.8470298],[32.8539786,39.8472594]]]}},{"type":"Feature","properties":{"building":"yes","osm_id":616089131},"geometry":{"type":"Polygon","coordinates":[[[32.8595857,39.8455512],[32.8597328,39.8455484],[32.8597261,39.8453353],[32.859579,39.845338],[32.8595857,39.8455512]]]}}]}