{"type":"FeatureCollection","features":[{"type":"Feature","properties":{"highway":"primary","name":"Doğukent Cad.","oneway":"yes","osm_id":8018661},"geometry":{"type":"LineString","coordinates":[[32.8522409,39.8576142],[32.8524783,39.8579317],[32.852575,39.8580433],[32.85282,39.8582733],[32.85313,39.8585183],[32.8538917,39.8590767],[32.8541017,39.85923],[32.8544804,39.8595054],[32.8545417,39.85955],[32.8547807,39.859692],[32.8552973,39.8599899],[32.855597,39.8601858],[32.855784,39.8603149],[32.8560337,39.8604569],[32.8563057,39.8606116],[32.8564618,39.8606977],[32.8568507,39.8609049],[32.8577083,39.8613632],[32.8587638,39.8619336],[32.8592382,39.8621762],[32.8617849,39.8635363],[32.8630196,39.8641886],[32.8669607,39.8662616],[32.8690986,39.8674172],[32.8694351,39.8675895],[32.8694753,39.8676114],[32.86957,39.8676644],[32.8696947,39.8677261],[32.8698336,39.867802],[32.8703014,39.8680618],[32.8727728,39.869644],[32.8737985,39.8704896],[32.8747105,39.8713382],[32.8748888,39.8715084],[32.8754203,39.8720155],[32.875683,39.8722527],[32.8770053,39.8734464],[32.8771388,39.8735675],[32.8790903,39.8753377],[32.8797889,39.8759714],[32.8800175,39.8761707],[32.8828334,39.8788424],[32.886319,39.8820904],[32.8867149,39.8824579],[32.886819,39.8825401],[32.8871069,39.8828217],[32.8885408,39.8841153],[32.8893776,39.8848703],[32.8899643,39.8854114],[32.8906826,39.8859105],[32.8919264,39.8864674],[32.8925687,39.8866465],[32.8936642,39.8868768],[32.8943436,39.8870616],[32.8949412,39.88726],[32.8955144,39.8874995],[32.8960557,39.8878163],[32.8963557,39.8880063],[32.8966523,39.8882163],[32.897779,39.8891297],[32.8983407,39.8895215],[32.8988444,39.8897784],[32.8993689,39.8899975],[32.900178,39.8902034],[32.900921,39.8903143],[32.9015173,39.8903169],[32.9022362,39.8902961],[32.902639,39.890238],[32.9053934,39.8897099],[32.9105888,39.8884756],[32.911277,39.8882807],[32.9118855,39.8880658],[32.9124247,39.8878294],[32.9129791,39.8875377],[32.9134875,39.8872218],[32.9139591,39.8868741],[32.9143983,39.8865541],[32.9148589,39.886228],[32.9152734,39.8859295],[32.9155483,39.8857547],[32.9158921,39.8855496],[32.9161864,39.8853905],[32.9165377,39.8852051],[32.9168404,39.8850973],[32.9171849,39.8849689],[32.9175711,39.8848535],[32.918055,39.8847369],[32.918545,39.8846385],[32.9190416,39.8845637],[32.9195091,39.8845203],[32.9200676,39.8845071],[32.9207765,39.8845415],[32.9211572,39.884583],[32.921538,39.884635],[32.9219223,39.8847145],[32.9227376,39.8849345],[32.9234664,39.8852192],[32.9256192,39.8861984],[32.9273688,39.886967],[32.9293206,39.8878782],[32.9301229,39.8882527],[32.9318244,39.889047],[32.9322783,39.8892589],[32.9326474,39.8894433],[32.9329907,39.8896738],[32.9333855,39.8900558],[32.9336087,39.8903982],[32.9338662,39.8908328],[32.9344023,39.8919336],[32.9344541,39.8920454],[32.9344954,39.8921511],[32.9349992,39.8931377],[32.935234,39.8936252],[32.935331,39.8938388],[32.935541,39.8942871],[32.935656,39.8945546],[32.9358723,39.8951647],[32.9359296,39.8955398],[32.9359559,39.8958156],[32.936071,39.8964373],[32.9361407,39.8969637],[32.9361825,39.8970765],[32.9362609,39.8973324],[32.9363896,39.8976617],[32.9367244,39.8983926],[32.9374196,39.8999729],[32.9377551,39.900707],[32.9379034,39.901053],[32.9379174,39.9010857],[32.9380446,39.9015403],[32.9380823,39.9019595],[32.9381749,39.9026199],[32.9382204,39.9030043],[32.9382607,39.9033442],[32.938235,39.903838],[32.9381406,39.9043845],[32.938089,39.9045742],[32.9379775,39.9049837],[32.937825,39.9054946],[32.9376684,39.9060195],[32.9375825,39.9063074],[32.9373742,39.9070052],[32.9371621,39.907716],[32.9371278,39.9081506],[32.9371793,39.9089143],[32.9372128,39.9089984],[32.9372737,39.9091513],[32.9374196,39.9094081],[32.9380587,39.9103024],[32.9382436,39.9105931],[32.9386641,39.9124958],[32.9387132,39.9129049],[32.9387242,39.9129961],[32.9387242,39.9135162],[32.9386145,39.9143642],[32.9386005,39.914636],[32.9387639,39.9149096],[32.9390327,39.9151696],[32.9391332,39.9154411],[32.9391448,39.9155833],[32.9391963,39.9158137],[32.9394307,39.9163097],[32.9395396,39.9165379]]}},{"type":"Feature","properties":{"name":"Turan Güneş Blv.","highway":"primary","oneway":"yes","osm_id":8160048},"geometry":{"type":"LineString","coordinates":[[32.8405011,39.8477685],[32.8386275,39.8468466],[32.8380293,39.8465761],[32.8373818,39.8463323],[32.8368307,39.8461542],[32.8366112,39.8460778],[32.8364365,39.846017],[32.8362799,39.8459825],[32.8358849,39.8458956],[32.8336738,39.8453737],[32.8324583,39.8451862],[32.831579,39.8451569],[32.8310003,39.8451825],[32.8307152,39.8451898],[32.8304976,39.8451757],[32.8299658,39.8452518]]}},{"type":"Feature","properties":{"highway":"primary","name":"Turan Güneş Blv.","oneway":"yes","osm_id":8438609},"geometry":{"type":"LineString","coordinates":[[32.8408756,39.8479421],[32.8406677,39.8478581],[32.8405011,39.8477685]]}},{"type":"Feature","properties":{"name":"56. Sk.","highway":"residential","osm_id":8746965},"geometry":{"type":"LineString","coordinates":[[32.8590594,39.870783],[32.8590168,39.8707909],[32.8581385,39.8708128],[32.8575308,39.8708279],[32.8570291,39.8708392],[32.8565558,39.8708279],[32.8559165,39.8707689],[32.8556,39.8707267],[32.8551467,39.8706317],[32.8548205,39.8705326],[32.8547323,39.8705058],[32.8541046,39.870315],[32.8538239,39.8701635],[32.8534361,39.8699542],[32.85323,39.8697433],[32.8531086,39.8695238],[32.8530383,39.8693483],[32.8530776,39.8687993],[32.8530867,39.8686717],[32.8532033,39.8681517],[32.8534792,39.8676226],[32.8540024,39.866857],[32.8541683,39.8666694],[32.8548383,39.8661233],[32.8551576,39.8659197],[32.855604,39.865635],[32.8557267,39.8655567]]}},{"type":"Feature","properties":{"name":"72. Sk.","highway":"residential","osm_id":8746966},"geometry":{"type":"LineString","coordinates":[[32.8565134,39.8692969],[32.8565558,39.8708279]]}},{"type":"Feature","properties":{"name":"Cezayir (5.) Cad.","highway":"residential","osm_id":8756310},"geometry":{"type":"LineString","coordinates":[[32.8552604,39.8726299],[32.8557081,39.8726166],[32.8560647,39.8726031],[32.8562094,39.8725986],[32.857134,39.8725698],[32.857636,39.8725542],[32.8586786,39.8725243],[32.8596998,39.8725094],[32.8597408,39.8725047],[32.860372,39.8723686],[32.8613449,39.872095]]}},{"type":"Feature","properties":{"highway":"tertiary","name":"48. Sk.","osm_id":8760653},"geometry":{"type":"LineString","coordinates":[[32.8405243,39.8495767],[32.8400011,39.8494855]]}},{"type":"Feature","properties":{"name":"71. Sk.","highway":"residential","osm_id":9622385},"geometry":{"type":"LineString","coordinates":[[32.8584893,39.8685071],[32.8592184,39.8699314],[32.859791,39.8709745],[32.8602159,39.871791],[32.860372,39.8723686]]}},{"type":"Feature","properties":{"name":"512. Sk.","highway":"residential","osm_id":9624286},"geometry":{"type":"LineString","coordinates":[[32.866559,39.8712059],[32.8657265,39.8718253],[32.864796,39.872439],[32.8644338,39.872634],[32.8637387,39.8729849],[32.8631634,39.8731252],[32.8622367,39.8733303]]}},{"type":"Feature","properties":{"name":"Ali Haydar Feroğlu Cad.","oneway":"no","highway":"residential","osm_id":9624287},"geometry":{"type":"LineString","coordinates":[[32.8631634,39.8731252],[32.8636966,39.8739395],[32.8642256,39.8747473],[32.8647141,39.8756017],[32.8654995,39.8769343]]}},{"type":"Feature","properties":{"highway":"residential","name":"Layoş Koşut Cad.","oneway":"no","osm_id":9624328},"geometry":{"type":"LineString","coordinates":[[32.866367,39.8723424],[32.8661881,39.8722478],[32.8657265,39.8718253],[32.8653843,39.871536],[32.8649981,39.8712149],[32.8646067,39.8708754],[32.8642184,39.8705454],[32.8637807,39.8701928],[32.8630562,39.8696092]]}},{"type":"Feature","properties":{"junction":"roundabout","highway":"primary","osm_id":10123308},"geometry":{"type":"LineString","coordinates":[[32.8589104,39.8669689],[32.8590626,39.8673347],[32.858944,39.8673767],[32.8588098,39.8674202],[32.8585975,39.8669433],[32.8586802,39.8668929],[32.8588488,39.8668389],[32.8589104,39.8669689]]}},{"type":"Feature","properties":{"name":"Zühtü Tigrel Cd.","oneway":"yes","highway":"secondary","osm_id":11565590},"geometry":{"type":"LineString","coordinates":[[32.8299658,39.8452518],[32.8297291,39.8454397],[32.8296744,39.8455025],[32.8294871,39.8457175],[32.8293996,39.8458734],[32.829336,39.8459946],[32.8292132,39.8462252],[32.8290925,39.8464586],[32.8289134,39.8467483],[32.8288828,39.8468111],[32.8288306,39.8468784],[32.8287795,39.8469442],[32.828678,39.8469984],[32.8272088,39.8475637],[32.8270666,39.8476732],[32.8269428,39.8477359],[32.826835,39.8477809]]}},{"type":"Feature","properties":{"name":"Turan Güneş Blv.","oneway":"yes","highway":"primary","osm_id":11565601},"geometry":{"type":"LineString","coordinates":[[32.829529,39.8451986],[32.8290819,39.8450932],[32.8289483,39.8450664],[32.8284633,39.8449921],[32.8260767,39.844715],[32.8252367,39.8446083],[32.8248367,39.8445267],[32.823365,39.8441033],[32.8223367,39.8438367],[32.8208217,39.8435633],[32.8113717,39.842225],[32.8098067,39.841975],[32.8093329,39.8419109],[32.8090867,39.8418833],[32.808755,39.8418667],[32.8081636,39.8419043],[32.8078184,39.8419554],[32.8074097,39.8420648]]}},{"type":"Feature","properties":{"name":"Turan Güneş Blv.","highway":"primary","oneway":"yes","osm_id":11565606},"geometry":{"type":"LineString","coordinates":[[32.8300077,39.8449038],[32.8305961,39.8449232],[32.8307964,39.8449434],[32.8316912,39.8449239],[32.8324821,39.8449727],[32.8330719,39.8450425],[32.8340329,39.8452418],[32.8357895,39.8456929],[32.8361517,39.8457893],[32.8367656,39.8459639],[32.8374053,39.8461789],[32.8379423,39.8463806],[32.8385239,39.8466404],[32.8392324,39.8469787],[32.8398239,39.8472609],[32.8400554,39.8473603],[32.840198,39.847417],[32.840429,39.847515],[32.8407166,39.8476362],[32.8409553,39.847747]]}},{"type":"Feature","properties":{"highway":"secondary","name":"Zülfü Tigrel Cd.","oneway":"yes","osm_id":11567599},"geometry":{"type":"LineString","coordinates":[[32.8266789,39.8476492],[32.8268721,39.8475376],[32.8271842,39.8474431],[32.8280606,39.8470865],[32.828571,39.8468787],[32.8286131,39.8468616],[32.8287232,39.8467705],[32.828753,39.8467458],[32.8288426,39.8466376],[32.8289599,39.8464303],[32.8291182,39.8461374],[32.8292743,39.8457781],[32.8293575,39.8456035],[32.8294376,39.8454562],[32.829529,39.8451986]]}},{"type":"Feature","properties":{"highway":"unclassified","name":"Hollanda Cd.","oneway":"yes","osm_id":11697803},"geometry":{"type":"LineString","coordinates":[[32.8588098,39.8674202],[32.8586106,39.8674165],[32.8582534,39.8674797]]}},{"type":"Feature","properties":{"name":"Turan Güneş Blv.","oneway":"yes","highway":"primary","osm_id":11697806},"geometry":{"type":"LineString","coordinates":[[32.8590626,39.8673347],[32.8591815,39.8677767],[32.8593967,39.8683416],[32.8594983,39.8686084],[32.8595855,39.8687847],[32.860021,39.8696651],[32.8602946,39.8700791],[32.8606271,39.8706637],[32.8606766,39.8707365],[32.8610883,39.8713417],[32.8614221,39.8719429],[32.8615621,39.8721321],[32.8616272,39.8722421],[32.8621257,39.8731321],[32.8622367,39.8733303],[32.8627666,39.8742246],[32.8632156,39.8750107],[32.863314,39.8751971],[32.8636687,39.8759135],[32.8641788,39.8769561],[32.8644786,39.8774936]]}},{"type":"Feature","properties":{"name":"Turan Güneş Blv.","highway":"primary","oneway":"yes","osm_id":11697815},"geometry":{"type":"LineString","coordinates":[[32.8409553,39.847747],[32.8411824,39.8478381],[32.8414482,39.8479971],[32.8417191,39.8481571],[32.8421445,39.848405],[32.8422809,39.8484804],[32.8424556,39.8485727],[32.8427398,39.8487001],[32.8437936,39.84922],[32.8446538,39.8496508],[32.8455583,39.850102],[32.8457423,39.8501938],[32.8463821,39.8505012],[32.8468264,39.8507317],[32.8473961,39.8510474],[32.8479513,39.8514199],[32.8483328,39.8517698],[32.8487374,39.8522092],[32.8492492,39.8529176],[32.849273,39.8529547],[32.8496517,39.8535468],[32.8504332,39.8547487],[32.850752,39.8552595],[32.8515225,39.8564994],[32.8518066,39.8569384],[32.851918,39.8570859],[32.8520555,39.8572542]]}},{"type":"Feature","properties":{"highway":"secondary","name":"Ürdün Cd.","oneway":"yes","osm_id":11697816},"geometry":{"type":"LineString","coordinates":[[32.8408965,39.8485031],[32.8407066,39.8492269],[32.8406149,39.8495916],[32.8404979,39.8499771],[32.8404295,39.8500971]]}},{"type":"Feature","properties":{"name":"683.Sok.","highway":"residential","osm_id":12899511},"geometry":{"type":"LineString","coordinates":[[32.8523138,39.8716902],[32.8523112,39.8714551],[32.8525356,39.871088],[32.8527917,39.8706583],[32.852887,39.8705542],[32.8534361,39.8699542],[32.8538067,39.8695763],[32.8543681,39.869004]]}},{"type":"Feature","properties":{"name":"63. Sk.","highway":"residential","osm_id":12901758},"geometry":{"type":"LineString","coordinates":[[32.8540612,39.8677863],[32.85394,39.8681117],[32.8539267,39.868295],[32.8539583,39.86845],[32.8540018,39.8685338],[32.85405,39.8686267],[32.8543681,39.869004],[32.854654,39.8691763],[32.8557713,39.8693467],[32.8565134,39.8692969],[32.8573096,39.8692434],[32.857365,39.869235],[32.857575,39.86919],[32.857765,39.8691367],[32.8579,39.8690933],[32.8580327,39.8690369],[32.8580962,39.8690183]]}},{"type":"Feature","properties":{"highway":"residential","name":"Cidde Caddesi","osm_id":12902557},"geometry":{"type":"LineString","coordinates":[[32.8664783,39.8663703],[32.8657452,39.8671115],[32.8650152,39.8678629],[32.8649635,39.8679107],[32.8647157,39.8681392],[32.8643639,39.8684229],[32.8636209,39.8691207],[32.8630562,39.8696092],[32.862569,39.8699792],[32.8623657,39.8701336],[32.8621785,39.8702826]]}},{"type":"Feature","properties":{"highway":"residential","name":"236. Sk.","osm_id":12902563},"geometry":{"type":"LineString","coordinates":[[32.8560228,39.8622941],[32.8561303,39.8621616],[32.8566001,39.8616795]]}},{"type":"Feature","properties":{"highway":"residential","name":"63. Sk.","osm_id":12902567},"geometry":{"type":"LineString","coordinates":[[32.8570511,39.8664074],[32.8565529,39.8666284]]}},{"type":"Feature","properties":{"name":"62. Sk.","highway":"residential","osm_id":12902572},"geometry":{"type":"LineString","coordinates":[[32.8556046,39.866966],[32.855605,39.8669767],[32.8556283,39.8671267],[32.8557075,39.8673883],[32.8558883,39.867985],[32.855935,39.8680533],[32.8560217,39.8681167],[32.8563683,39.8682467],[32.856615,39.868325],[32.8567213,39.8683746],[32.8567998,39.8684236]]}},{"type":"Feature","properties":{"name":"62. Sk.","highway":"residential","osm_id":12902761},"geometry":{"type":"LineString","coordinates":[[32.854654,39.8691763],[32.8548954,39.8684879],[32.8549696,39.8684158]]}},{"type":"Feature","properties":{"name":"88. Sk.","highway":"residential","osm_id":14524025},"geometry":{"type":"LineString","coordinates":[[32.8621045,39.873341],[32.861473,39.8735495],[32.8613996,39.8735737],[32.8610376,39.873674]]}},{"type":"Feature","properties":{"name":"Turan Güneş Blv.","oneway":"yes","highway":"primary","osm_id":14524027},"geometry":{"type":"LineString","coordinates":[[32.8642958,39.8776073],[32.8642333,39.8774349],[32.864193,39.8773341],[32.8641816,39.8773107],[32.8641189,39.8771813],[32.8640756,39.8770886],[32.8640499,39.8770335],[32.8632398,39.875298],[32.8631222,39.8750416],[32.863045,39.8748733],[32.8621045,39.873341],[32.862002,39.8731738],[32.8617551,39.872771],[32.8613449,39.872095],[32.8604903,39.8707148],[32.8598571,39.8697294],[32.8593238,39.8686547],[32.8591685,39.8682558],[32.8589497,39.8676937],[32.8588098,39.8674202]]}},{"type":"Feature","properties":{"name":"514. Sk.","highway":"residential","oneway":"no","osm_id":14590088},"geometry":{"type":"LineString","coordinates":[[32.864796,39.872439],[32.8650217,39.8727083],[32.8651615,39.872964],[32.8654493,39.8734619],[32.8659845,39.8743759],[32.8661109,39.8744921]]}},{"type":"Feature","properties":{"highway":"residential","name":"510. Sk.","osm_id":14590100},"geometry":{"type":"LineString","coordinates":[[32.8661437,39.8733291],[32.8654493,39.8734619],[32.8650215,39.8735721],[32.8642663,39.8737919],[32.8636966,39.8739395],[32.8627666,39.8742246]]}},{"type":"Feature","properties":{"name":"41. Sk.","highway":"residential","osm_id":15091797},"geometry":{"type":"LineString","coordinates":[[32.8532307,39.8674245],[32.8523995,39.8687228],[32.8520607,39.8695676],[32.8518775,39.8703243],[32.8519167,39.8704467],[32.8521933,39.8709067],[32.8525356,39.871088]]}},{"type":"Feature","properties":{"highway":"primary","junction":"roundabout","osm_id":15091799},"geometry":{"type":"LineString","coordinates":[[32.8517817,39.857376],[32.8519428,39.8573144],[32.8520555,39.8572542],[32.852131,39.8573743],[32.8521638,39.8574152],[32.852183,39.857479],[32.8518636,39.8575819],[32.8518323,39.8575209],[32.8517817,39.857376]]}},{"type":"Feature","properties":{"name":"Aleksander Dupcek Cd.","highway":"residential","osm_id":15091800},"geometry":{"type":"LineString","coordinates":[[32.850061,39.8701974],[32.8508441,39.8692777],[32.8513971,39.8683012],[32.8524081,39.8668883],[32.852921,39.8660674],[32.8536816,39.8650893],[32.8541495,39.86452],[32.8545999,39.8639719]]}},{"type":"Feature","properties":{"name":"43. Sk.","highway":"residential","osm_id":15091802},"geometry":{"type":"LineString","coordinates":[[32.8520607,39.8695676],[32.8508441,39.8692777]]}},{"type":"Feature","properties":{"name":"50. Sk.","highway":"residential","osm_id":15091803},"geometry":{"type":"LineString","coordinates":[[32.8554788,39.871499],[32.8562771,39.8715433],[32.856506,39.871556],[32.85658,39.8715567],[32.8570994,39.8715712],[32.8575907,39.871585],[32.8582052,39.8714355],[32.8583301,39.8714051],[32.8592799,39.8711681],[32.859791,39.8709745],[32.8604903,39.8707148]]}},{"type":"Feature","properties":{"name":"73. Sk.","highway":"residential","osm_id":15091804},"geometry":{"type":"LineString","coordinates":[[32.8525356,39.871088],[32.85352,39.8714083],[32.8536233,39.8714131],[32.8544003,39.8714671],[32.8554788,39.871499]]}},{"type":"Feature","properties":{"name":"51. Sk.","highway":"residential","osm_id":15091805},"geometry":{"type":"LineString","coordinates":[[32.8583301,39.8714051],[32.8586786,39.8725243]]}},{"type":"Feature","properties":{"name":"Turan Güneş Blv.","highway":"primary","oneway":"yes","osm_id":15092338},"geometry":{"type":"LineString","coordinates":[[32.8517817,39.857376],[32.8515771,39.8570736],[32.8508091,39.8557124],[32.8507722,39.8556341],[32.8493074,39.8532875],[32.8487983,39.852505],[32.8485184,39.8521659],[32.8484283,39.8520567],[32.8480658,39.8517082],[32.8479567,39.8516033],[32.8478424,39.8515132],[32.847405,39.8511683],[32.847098,39.8509854],[32.8467217,39.8507833],[32.8463655,39.8506174],[32.8460228,39.8504618],[32.8449225,39.8499205],[32.8410596,39.8480416],[32.8408756,39.8479421]]}},{"type":"Feature","properties":{"name":"Turan Güneş Blv.","oneway":"yes","highway":"primary","osm_id":15092339},"geometry":{"type":"LineString","coordinates":[[32.852183,39.857479],[32.8522409,39.8576142],[32.8524306,39.8579679],[32.8526177,39.8583198],[32.853193,39.8594591],[32.853335,39.8597829],[32.8534537,39.8601226],[32.8535604,39.860504],[32.8536606,39.8607914],[32.8538182,39.8613417],[32.8540422,39.8618263],[32.8543058,39.8622298],[32.8547317,39.8627097],[32.8552167,39.8631402],[32.8557872,39.8635915],[32.8567318,39.864265],[32.8570003,39.8644702],[32.8574378,39.8647801],[32.8578505,39.8651405],[32.8582695,39.8657016],[32.8587469,39.866645],[32.8588133,39.86677],[32.8588488,39.8668389]]}},{"type":"Feature","properties":{"highway":"residential","oneway":"yes","osm_id":15092866},"geometry":{"type":"LineString","coordinates":[[32.855601,39.8636255],[32.8553831,39.8636089],[32.855144,39.8636511],[32.8548547,39.8638036],[32.8545999,39.8639719]]}},{"type":"Feature","properties":{"name":"680. Sk.","highway":"residential","osm_id":15092868},"geometry":{"type":"LineString","coordinates":[[32.8523995,39.8687228],[32.8513971,39.8683012]]}},{"type":"Feature","properties":{"highway":"residential","osm_id":15092869},"geometry":{"type":"LineString","coordinates":[[32.850061,39.8701974],[32.8502917,39.8702333],[32.8518775,39.8703243]]}},{"type":"Feature","properties":{"name":"Tagore Cad.","highway":"residential","oneway":"no","osm_id":15092870},"geometry":{"type":"LineString","coordinates":[[32.8557267,39.8655567],[32.8560428,39.8656808],[32.8562056,39.8658193],[32.8565529,39.8666284],[32.8568276,39.8672362],[32.8570173,39.867656],[32.8571814,39.8679099],[32.8573577,39.8680728]]}},{"type":"Feature","properties":{"highway":"residential","oneway":"yes","osm_id":15092902},"geometry":{"type":"LineString","coordinates":[[32.8545999,39.8639719],[32.8546018,39.863013],[32.8546086,39.8628613]]}},{"type":"Feature","properties":{"highway":"tertiary","name":"666. Sk","osm_id":16212307},"geometry":{"type":"LineString","coordinates":[[32.852921,39.8660674],[32.8526815,39.8659371],[32.8521158,39.8656293],[32.85197,39.86555],[32.8515191,39.8651834],[32.8512012,39.8649197],[32.8510788,39.8648241],[32.8507855,39.8646209],[32.8507081,39.8645673]]}},{"type":"Feature","properties":{"highway":"secondary","oneway":"no","name":"Eymir Gölü Yolu","osm_id":23291978},"geometry":{"type":"LineString","coordinates":[[32.8463724,39.8282828],[32.8463505,39.8283466],[32.8462312,39.8284886],[32.8461132,39.8286845],[32.8460582,39.8289316],[32.846029,39.8293663],[32.8458993,39.8295664],[32.8456878,39.8297832],[32.8454614,39.8300975],[32.8454609,39.8305563],[32.8454581,39.8311608],[32.8453906,39.8316082],[32.8452819,39.8319719],[32.8451081,39.8321688],[32.8448312,39.8324003],[32.8444021,39.8326475],[32.8443141,39.833174],[32.8441098,39.8334424],[32.8438037,39.8336636],[32.8434076,39.8338226],[32.8426873,39.834037],[32.8423992,39.8342997],[32.8419761,39.8345555],[32.8411388,39.8350532],[32.8405536,39.8355233],[32.8400854,39.835793],[32.8396263,39.8362492],[32.8393292,39.8365673],[32.8389961,39.8372793],[32.83878,39.8378254],[32.838744,39.8381434],[32.838906,39.8388831],[32.83896,39.8394846],[32.83887,39.8403279],[32.8385577,39.8410283],[32.8384693,39.841186],[32.8384073,39.8412965],[32.8382437,39.8415409],[32.8380934,39.8420434],[32.8380492,39.8422539],[32.838089,39.8424677],[32.8382039,39.84296],[32.8384507,39.8437445],[32.8387414,39.8443423],[32.8388514,39.8445812],[32.8389259,39.8447432],[32.8391393,39.8451316],[32.8391791,39.8452041],[32.83948,39.8456392],[32.8395096,39.8456889],[32.8398469,39.8460846],[32.8401006,39.8464223],[32.8401734,39.8465714],[32.8404406,39.8470873],[32.8405899,39.8473025]]}},{"type":"Feature","properties":{"highway":"primary","name":"Doğukent Cad.","oneway":"yes","osm_id":24859518},"geometry":{"type":"LineString","coordinates":[[32.9395396,39.9165379],[32.9393492,39.916338],[32.9391705,39.9160507],[32.9388684,39.9155222],[32.9387476,39.9152978],[32.9386003,39.9149266],[32.938455,39.9146501],[32.9384843,39.9141651],[32.9385611,39.913424],[32.9385354,39.9128842],[32.9384496,39.9123312],[32.9383989,39.9121024],[32.9380719,39.910626],[32.9379775,39.9104219],[32.9371393,39.9093903],[32.9369828,39.9091739],[32.9369135,39.9090241],[32.9369475,39.9081571],[32.9369904,39.9077292],[32.9370456,39.9075461],[32.9371632,39.9071556],[32.9375283,39.9059171],[32.9375879,39.9057465],[32.9378316,39.9049376],[32.9379517,39.9045359],[32.9380547,39.9039697],[32.9380701,39.9034929],[32.9380719,39.9034364],[32.9380032,39.9026331],[32.9378659,39.9015005],[32.9377123,39.9010976],[32.9375924,39.9007638],[32.93743,39.9004056],[32.9370333,39.8994988],[32.9365184,39.8983794],[32.936218,39.897688],[32.9360867,39.8973265],[32.9360549,39.8972468],[32.9359433,39.8967596],[32.9357802,39.8954557],[32.9356086,39.8948301],[32.9348103,39.8931838],[32.9343983,39.8925187],[32.934221,39.8922653],[32.9341065,39.8920289],[32.9339942,39.8916095],[32.9335143,39.8905563],[32.9333427,39.890308],[32.9332139,39.8901216],[32.9328963,39.8898388],[32.9326131,39.8896013],[32.9321496,39.8893379],[32.9317852,39.8891674],[32.9299901,39.8884521],[32.9291782,39.8880155],[32.9275047,39.8872179],[32.92555,39.8863211],[32.9233967,39.8853176],[32.9227002,39.8850363],[32.92187,39.884815],[32.9215183,39.8847433],[32.9211633,39.884685],[32.9207488,39.8846528],[32.920063,39.8846384],[32.9195038,39.8846481],[32.919059,39.8846783],[32.9185891,39.884741],[32.9180904,39.8848471],[32.9176516,39.884949],[32.9171937,39.8851043],[32.9169017,39.8852018],[32.9165801,39.8853507],[32.9162593,39.885494],[32.9159608,39.8856447],[32.9156335,39.8858392],[32.9153517,39.8860094],[32.9149717,39.8863007],[32.9145098,39.8866497],[32.914082,39.8869905],[32.9135822,39.887357],[32.9130898,39.8876567],[32.9125026,39.8879548],[32.9119677,39.8881822],[32.9113434,39.8883842],[32.910667,39.888574],[32.9053863,39.8898459],[32.90265,39.890415],[32.9022883,39.8904733],[32.9015147,39.8905211],[32.9008883,39.8905217],[32.9001144,39.8904019],[32.8993008,39.8901452],[32.8987105,39.8899113],[32.898212,39.8896066],[32.8976215,39.8892206],[32.8962175,39.8881185],[32.8959656,39.8879557],[32.8954015,39.8876368],[32.8948563,39.8874041],[32.8942705,39.8872036],[32.8936102,39.8870459],[32.8925054,39.8868314],[32.8918002,39.8866213],[32.8905375,39.886018],[32.8898272,39.8854957],[32.8891974,39.8849668],[32.8869918,39.8828877],[32.8867137,39.8826017],[32.8866206,39.8825276],[32.8862367,39.8821617],[32.8842846,39.8803243],[32.8829183,39.8790367],[32.8827424,39.8788787],[32.8778765,39.8744307],[32.8774725,39.8740516],[32.8770149,39.8736447],[32.8764567,39.8731483],[32.8755586,39.8723012],[32.8753187,39.8720749],[32.8738683,39.8707],[32.873425,39.8703135],[32.8732183,39.8701333],[32.8725183,39.86959],[32.8697338,39.8679312],[32.8697027,39.8679151],[32.8694904,39.8677902],[32.8693534,39.8677176],[32.8692483,39.8676617],[32.869095,39.8675817],[32.8670517,39.866475],[32.86683,39.8663583],[32.8666036,39.866236],[32.863022,39.86431],[32.8626283,39.8640883],[32.8618032,39.8636605],[32.8570587,39.8612006],[32.8564467,39.8608833],[32.855655,39.860455],[32.8551,39.860085]]}},{"type":"Feature","properties":{"highway":"secondary","oneway":"yes","osm_id":26118425},"geometry":{"type":"LineString","coordinates":[[32.8322697,39.8511017],[32.83216,39.8510083],[32.8320833,39.8509133],[32.8320467,39.850755],[32.8320397,39.8506642],[32.8319983,39.8501267],[32.8319067,39.8499633],[32.8315188,39.8496842],[32.83092,39.8492533],[32.8307417,39.8491783],[32.8299908,39.8491885],[32.8291001,39.8492005],[32.82898,39.8491917],[32.828795,39.84911],[32.828335,39.8487817],[32.8279972,39.848528],[32.8271612,39.8479375],[32.8268885,39.8478277],[32.826835,39.8477809]]}},{"type":"Feature","properties":{"highway":"secondary","oneway":"yes","osm_id":26303997},"geometry":{"type":"LineString","coordinates":[[32.840198,39.847417],[32.8402833,39.84744],[32.8404262,39.8474832],[32.8404866,39.8474914],[32.8405421,39.8474613],[32.8405638,39.8474232],[32.8405939,39.8473622],[32.8405899,39.8473025]]}},{"type":"Feature","properties":{"highway":"secondary","oneway":"yes","osm_id":26306856},"geometry":{"type":"LineString","coordinates":[[32.8266789,39.8476492],[32.8265185,39.8475195],[32.8263429,39.8473422]]}},{"type":"Feature","properties":{"name":"Zülfü Tigrel Cd.","oneway":"yes","highway":"secondary","osm_id":26306858},"geometry":{"type":"LineString","coordinates":[[32.8261528,39.8479044],[32.8262618,39.847813],[32.8264667,39.8477181],[32.8266789,39.8476492]]}},{"type":"Feature","properties":{"highway":"residential","osm_id":26306862},"geometry":{"type":"LineString","coordinates":[[32.835607,39.8517568],[32.8353848,39.8516002],[32.8346138,39.8510926],[32.8344317,39.8510451],[32.8342612,39.8510334],[32.833921,39.8510092],[32.8322697,39.8511017]]}},{"type":"Feature","properties":{"name":"54. Sk.","highway":"residential","osm_id":26311210},"geometry":{"type":"LineString","coordinates":[[32.8598571,39.8697294],[32.8592184,39.8699314],[32.8586863,39.8700938],[32.8586357,39.8701075],[32.8582133,39.87017],[32.8575308,39.8701609]]}},{"type":"Feature","properties":{"name":"80. Sk.","highway":"residential","osm_id":26311212},"geometry":{"type":"LineString","coordinates":[[32.8575308,39.8701609],[32.8574583,39.8697567],[32.8573217,39.8692583],[32.8573096,39.8692434]]}},{"type":"Feature","properties":{"name":"80. Sk.;83. Sk.","highway":"residential","osm_id":26311216},"geometry":{"type":"LineString","coordinates":[[32.857741,39.8752019],[32.8577497,39.8738983],[32.8577447,39.873863],[32.8576996,39.8735459],[32.857669,39.8730693],[32.857636,39.8725542],[32.8576098,39.8719265],[32.8575907,39.871585],[32.8575857,39.8715542],[32.8575765,39.8713877],[32.857565,39.871156],[32.8575533,39.8709217],[32.8575308,39.8708279],[32.8575308,39.8701609]]}},{"type":"Feature","properties":{"name":"65. Sk.","highway":"residential","osm_id":26311218},"geometry":{"type":"LineString","coordinates":[[32.854654,39.8691763],[32.854339,39.8698312],[32.8541046,39.870315],[32.8540504,39.8704864],[32.8538504,39.8708748],[32.8536233,39.8714131]]}},{"type":"Feature","properties":{"name":"679. Sk.","highway":"residential","osm_id":26311219},"geometry":{"type":"LineString","coordinates":[[32.8540612,39.8677863],[32.8534792,39.8676226],[32.8532307,39.8674245],[32.8524081,39.8668883]]}},{"type":"Feature","properties":{"highway":"residential","name":"62. Sk.","osm_id":26311221},"geometry":{"type":"LineString","coordinates":[[32.8540612,39.8677863],[32.8545366,39.8672238]]}},{"type":"Feature","properties":{"oneway":"yes","highway":"primary_link","osm_id":26311222},"geometry":{"type":"LineString","coordinates":[[32.8551,39.860085],[32.8545965,39.8597939],[32.8540358,39.8594139],[32.8537621,39.8592285],[32.8535883,39.8591411],[32.8534034,39.8591545],[32.8532834,39.8592291],[32.8532248,39.8593155],[32.853193,39.8594591]]}},{"type":"Feature","properties":{"highway":"residential","osm_id":26358075},"geometry":{"type":"LineString","coordinates":[[32.8406951,39.8497923],[32.8409667,39.8486867],[32.8409988,39.8485931]]}},{"type":"Feature","properties":{"highway":"residential","osm_id":26358076},"geometry":{"type":"LineString","coordinates":[[32.8408965,39.8485031],[32.8409988,39.8485931],[32.8412783,39.84871],[32.8419933,39.849081]]}},{"type":"Feature","properties":{"highway":"tertiary","osm_id":26358081},"geometry":{"type":"LineString","coordinates":[[32.8388145,39.8494872],[32.8390478,39.8492197],[32.8392553,39.8489819],[32.8397692,39.8484819],[32.8403991,39.8479223],[32.8405011,39.8477685]]}},{"type":"Feature","properties":{"name":"Zülfü Tigrel Cd.","oneway":"yes","highway":"secondary","osm_id":26752544},"geometry":{"type":"LineString","coordinates":[[32.826835,39.8477809],[32.826643,39.8478125],[32.8263343,39.8478983],[32.8261528,39.8479044]]}},{"type":"Feature","properties":{"oneway":"yes","highway":"secondary","osm_id":26752547},"geometry":{"type":"LineString","coordinates":[[32.8287232,39.8467705],[32.8288306,39.8468784],[32.8289417,39.8469883],[32.8290431,39.8471044],[32.8292098,39.8472809],[32.8300001,39.8477134],[32.8304969,39.8478991],[32.8309245,39.8479902],[32.8309925,39.8480047],[32.8312383,39.8480733],[32.8315413,39.848245],[32.8324462,39.8485744],[32.8325433,39.8486097],[32.8329597,39.8487612],[32.8337122,39.8490351],[32.8341912,39.8490974],[32.8342526,39.8491032],[32.8344864,39.8490325],[32.8346531,39.8489353]]}},{"type":"Feature","properties":{"highway":"tertiary","name":"Şht. Aytekin Yavuz Sk.","osm_id":27874580},"geometry":{"type":"LineString","coordinates":[[32.8515191,39.8651834],[32.8518006,39.8649534],[32.8524817,39.8643917],[32.8525806,39.8642937],[32.8531656,39.8637202],[32.8538721,39.8630274],[32.854109,39.8627616]]}},{"type":"Feature","properties":{"highway":"tertiary","osm_id":27874581},"geometry":{"type":"LineString","coordinates":[[32.8526815,39.8659371],[32.852261,39.8653379],[32.8518006,39.8649534],[32.8516083,39.8650067],[32.85154,39.8650133],[32.8511869,39.8648904],[32.8510788,39.8648241]]}},{"type":"Feature","properties":{"highway":"tertiary","name":"664. Sk.","osm_id":27874582},"geometry":{"type":"LineString","coordinates":[[32.8507081,39.8645673],[32.8501955,39.8650138],[32.8500583,39.8651333],[32.8494487,39.8655861],[32.8493991,39.8656202],[32.8491933,39.8657617],[32.8483227,39.866343],[32.84818,39.8664383],[32.8477217,39.866755],[32.8476485,39.8668013]]}},{"type":"Feature","properties":{"highway":"tertiary","name":"671. Sk.","osm_id":27874583},"geometry":{"type":"LineString","coordinates":[[32.8476485,39.8668013],[32.8476917,39.866865],[32.8479267,39.8670283],[32.8480333,39.8670633],[32.8482717,39.86707],[32.8484967,39.8670117],[32.84956,39.8666083],[32.8496483,39.8665533],[32.8497633,39.8664033],[32.8498117,39.8662767],[32.849815,39.8659533],[32.84972,39.8657817],[32.8494487,39.8655861]]}},{"type":"Feature","properties":{"highway":"tertiary","name":"663. Sk.","osm_id":27874584},"geometry":{"type":"LineString","coordinates":[[32.8513617,39.8628517],[32.8514844,39.8632223],[32.8515167,39.86332],[32.85167,39.8636033],[32.8518175,39.8637352],[32.8519542,39.8638576],[32.8520617,39.863925],[32.8525806,39.8642937]]}},{"type":"Feature","properties":{"highway":"tertiary","osm_id":27874585},"geometry":{"type":"LineString","coordinates":[[32.8543699,39.8626036],[32.8542873,39.8626636],[32.854109,39.8627616],[32.8538936,39.8628914],[32.852045,39.8637783],[32.8519542,39.8638576],[32.8514947,39.8640935],[32.8511296,39.8643475],[32.8507855,39.8646209]]}},{"type":"Feature","properties":{"highway":"secondary","osm_id":27875882},"geometry":{"type":"LineString","coordinates":[[32.8382283,39.8528383],[32.8381689,39.8529593],[32.8381167,39.853145],[32.83793,39.8536583],[32.8379,39.85387],[32.8379303,39.8540318],[32.837955,39.8541633],[32.83802,39.8542867]]}},{"type":"Feature","properties":{"oneway":"yes","highway":"secondary","osm_id":27875883},"geometry":{"type":"LineString","coordinates":[[32.8402192,39.8515589],[32.839665,39.8520083],[32.8383762,39.852683]]}},{"type":"Feature","properties":{"oneway":"yes","highway":"secondary","osm_id":27875884},"geometry":{"type":"LineString","coordinates":[[32.8383762,39.852683],[32.8383,39.85273],[32.8382283,39.8528383]]}},{"type":"Feature","properties":{"name":"Turan Güneş Blv.","oneway":"yes","highway":"primary","osm_id":28111302},"geometry":{"type":"LineString","coordinates":[[32.8585975,39.8669433],[32.8585475,39.8668226],[32.8584455,39.8665338],[32.8583761,39.8663615],[32.8582567,39.866065],[32.8582294,39.8660131],[32.858025,39.865625],[32.8576757,39.865213],[32.8572711,39.864848],[32.8570254,39.8646682],[32.8564665,39.864259],[32.8560294,39.8639391],[32.855601,39.8636255],[32.8550267,39.8631967],[32.8547963,39.8630428],[32.8546086,39.8628613],[32.8543699,39.8626036],[32.8542679,39.8624813],[32.8540333,39.8621083],[32.8537967,39.8616983],[32.8536794,39.8614295],[32.853585,39.8612133],[32.853455,39.8608296],[32.8534107,39.8606701],[32.8532728,39.8601739],[32.8530408,39.8595309],[32.8527424,39.858929],[32.8523175,39.8582056],[32.851904,39.8576484],[32.8518636,39.8575819]]}},{"type":"Feature","properties":{"highway":"tertiary","osm_id":28111303},"geometry":{"type":"LineString","coordinates":[[32.854109,39.8627616],[32.8538967,39.8625167],[32.8536533,39.8622872]]}},{"type":"Feature","properties":{"highway":"tertiary","osm_id":28111304},"geometry":{"type":"LineString","coordinates":[[32.8536533,39.8622872],[32.8536067,39.862295],[32.8533867,39.8623233],[32.8521983,39.8625883],[32.8517224,39.862715],[32.8516283,39.86274],[32.851415,39.8628294],[32.8513617,39.8628517]]}},{"type":"Feature","properties":{"highway":"service","oneway":"yes","osm_id":28111305},"geometry":{"type":"LineString","coordinates":[[32.8610883,39.8713417],[32.8613232,39.8714364],[32.861445,39.8714915],[32.861533,39.8715923],[32.8616506,39.8718461],[32.8615181,39.871897],[32.8614914,39.8719097],[32.8614221,39.8719429]]}},{"type":"Feature","properties":{"name":"Turan Güneş Blv.","highway":"primary","oneway":"yes","osm_id":28229279},"geometry":{"type":"LineString","coordinates":[[32.8074509,39.841914],[32.8079577,39.84179],[32.8084519,39.8417438],[32.8088542,39.8417413],[32.8091963,39.8417778],[32.8115888,39.8421203],[32.8136931,39.8424271],[32.815106,39.8426172],[32.8169646,39.8428775],[32.8187713,39.8431378],[32.8204798,39.8433757],[32.821683,39.8435634],[32.8226865,39.8437558],[32.8236851,39.8440315],[32.8248829,39.8443758],[32.8256692,39.8445463],[32.8268746,39.8446787],[32.828106,39.8447907],[32.8290474,39.844862],[32.8290782,39.8448656],[32.8296057,39.8449282],[32.8300077,39.8449038]]}},{"type":"Feature","properties":{"name":"Lizbon Cad.","source":"Bing","highway":"secondary","oneway":"no","osm_id":28243460},"geometry":{"type":"LineString","coordinates":[[32.8269376,39.8697828],[32.8268139,39.8699353],[32.8264969,39.8703177],[32.8260319,39.8707966],[32.8258463,39.8709611],[32.8256232,39.8711408],[32.8251544,39.8714488],[32.8250122,39.871565],[32.824793,39.8718366],[32.8246668,39.872045],[32.8245745,39.8722397],[32.8242391,39.872907],[32.8236852,39.8735211],[32.8235682,39.8737243],[32.823464,39.8739193],[32.8234086,39.8741267],[32.8233793,39.8743517],[32.8233337,39.8749915],[32.8232634,39.8756128],[32.8232034,39.8758588],[32.8231155,39.8762737],[32.8230669,39.8765344],[32.8230412,39.8768132],[32.8230455,39.876964],[32.8230925,39.8776561],[32.8231395,39.8780103],[32.8232122,39.8783317],[32.8232421,39.8785252],[32.8232848,39.8787613],[32.8232976,39.8789548],[32.8232421,39.8795648],[32.8232541,39.8799765],[32.8232837,39.8801879],[32.8233642,39.8804748],[32.8234546,39.8807198],[32.8235673,39.8810118],[32.823637,39.8812209],[32.8236877,39.8814105],[32.8237098,39.8816682],[32.8237091,39.8821428],[32.823713,39.8825286],[32.8237225,39.8831509],[32.8237741,39.8847486],[32.823823,39.8852067],[32.823994,39.8862452]]}},{"type":"Feature","properties":{"highway":"unclassified","oneway":"yes","osm_id":28345437},"geometry":{"type":"LineString","coordinates":[[32.8582534,39.8674797],[32.8584463,39.8672242],[32.8585975,39.8669433]]}},{"type":"Feature","properties":{"highway":"pedestrian","surface":"paved","width":"2","osm_id":28365974},"geometry":{"type":"LineString","coordinates":[[32.8398042,39.8471737],[32.83943,39.846985],[32.8381017,39.84637],[32.8374667,39.8461183],[32.83695,39.84595],[32.8334667,39.8450633],[32.8329033,39.8449633],[32.8322917,39.8449017],[32.8292933,39.8448033],[32.8269717,39.8446083],[32.8255917,39.8444583],[32.8251417,39.84438],[32.82467,39.84426],[32.8232967,39.8438433],[32.8224667,39.8436383],[32.821675,39.8434817],[32.8107017,39.8419033],[32.80923,39.8417133]]}},{"type":"Feature","properties":{"highway":"primary_link","layer":"-1","oneway":"yes","osm_id":28366835},"geometry":{"type":"LineString","coordinates":[[32.8551,39.860085],[32.8546985,39.859806],[32.8536267,39.85902],[32.8524306,39.8579679],[32.8518072,39.8572241],[32.8513933,39.8565783],[32.8511807,39.8561853],[32.8510019,39.8559001],[32.8507722,39.8556341]]}},{"type":"Feature","properties":{"highway":"residential","name":"550. Sokak","osm_id":28470327},"geometry":{"type":"LineString","coordinates":[[32.8674777,39.8707413],[32.8669874,39.8704316],[32.8662936,39.8699736]]}},{"type":"Feature","properties":{"highway":"secondary","oneway":"yes","osm_id":38088443},"geometry":{"type":"LineString","coordinates":[[32.8477904,39.852194],[32.8478565,39.8520752],[32.8480658,39.8517082]]}},{"type":"Feature","properties":{"highway":"tertiary","osm_id":38088444},"geometry":{"type":"LineString","coordinates":[[32.8477021,39.8535914],[32.8474731,39.8522062]]}},{"type":"Feature","properties":{"highway":"tertiary","osm_id":38088445},"geometry":{"type":"LineString","coordinates":[[32.8457624,39.8548453],[32.8456442,39.8552907],[32.8462887,39.8554155],[32.8470147,39.8555428]]}},{"type":"Feature","properties":{"highway":"tertiary","osm_id":38088446},"geometry":{"type":"LineString","coordinates":[[32.8483801,39.8535842],[32.8493074,39.8532875]]}},{"type":"Feature","properties":{"highway":"secondary","osm_id":38088447},"geometry":{"type":"LineString","coordinates":[[32.8489466,39.8562527],[32.851255,39.8572493]]}},{"type":"Feature","properties":{"highway":"secondary","oneway":"yes","osm_id":38088448},"geometry":{"type":"LineString","coordinates":[[32.851255,39.8572493],[32.8513997,39.8572229],[32.8515132,39.8571686],[32.8515771,39.8570736]]}},{"type":"Feature","properties":{"highway":"tertiary","osm_id":38088452},"geometry":{"type":"LineString","coordinates":[[32.843705,39.8547572],[32.8437241,39.8543617],[32.8437195,39.8539927],[32.8439341,39.8538016],[32.8442602,39.8536435],[32.8446207,39.8536237],[32.8452044,39.8536896],[32.8459167,39.853795]]}},{"type":"Feature","properties":{"highway":"tertiary","osm_id":38088453},"geometry":{"type":"LineString","coordinates":[[32.8469124,39.8521872],[32.8468008,39.8518973]]}},{"type":"Feature","properties":{"highway":"tertiary","osm_id":38088454},"geometry":{"type":"LineString","coordinates":[[32.8465862,39.8513702],[32.8471133,39.8512582],[32.847405,39.8511683]]}},{"type":"Feature","properties":{"highway":"secondary","oneway":"yes","osm_id":38088455},"geometry":{"type":"LineString","coordinates":[[32.844293,39.8525692],[32.8469124,39.8521872],[32.8474731,39.8522062],[32.8477904,39.852194],[32.8485184,39.8521659]]}},{"type":"Feature","properties":{"highway":"tertiary","osm_id":38088457},"geometry":{"type":"LineString","coordinates":[[32.8430843,39.8508826],[32.8432646,39.8504674],[32.843977,39.8507903],[32.8438203,39.8510766],[32.8437967,39.8511198]]}},{"type":"Feature","properties":{"highway":"secondary","osm_id":38088458},"geometry":{"type":"LineString","coordinates":[[32.8414793,39.8510934],[32.8422518,39.8513241],[32.8425656,39.8514096],[32.8427839,39.851469]]}},{"type":"Feature","properties":{"highway":"tertiary","osm_id":38088459},"geometry":{"type":"LineString","coordinates":[[32.8432646,39.8504674],[32.8427668,39.8502105],[32.8423891,39.8502105],[32.8420029,39.8504279],[32.8414793,39.8510934]]}},{"type":"Feature","properties":{"highway":"residential","osm_id":38089063},"geometry":{"type":"LineString","coordinates":[[32.8470156,39.8530095],[32.8468094,39.853057],[32.8468609,39.8533535],[32.8468695,39.8535314]]}},{"type":"Feature","properties":{"highway":"residential","osm_id":38089064},"geometry":{"type":"LineString","coordinates":[[32.8468094,39.853057],[32.8467579,39.8527407],[32.8462257,39.8525958]]}},{"type":"Feature","properties":{"highway":"residential","osm_id":38089065},"geometry":{"type":"LineString","coordinates":[[32.8454189,39.8527012],[32.8451872,39.8528659],[32.8448954,39.8528066],[32.8454189,39.8527012]]}},{"type":"Feature","properties":{"highway":"residential","osm_id":38089066},"geometry":{"type":"LineString","coordinates":[[32.8448954,39.8528066],[32.8446808,39.8530966],[32.8447323,39.8532942]]}},{"type":"Feature","properties":{"highway":"tertiary","osm_id":38089068},"geometry":{"type":"LineString","coordinates":[[32.8550743,39.8565811],[32.8530595,39.8563934]]}},{"type":"Feature","properties":{"highway":"tertiary","osm_id":38089069},"geometry":{"type":"LineString","coordinates":[[32.8517695,39.8549965],[32.8522211,39.8561208],[32.8525969,39.8560182],[32.8531643,39.8560926]]}},{"type":"Feature","properties":{"highway":"tertiary","osm_id":38089072},"geometry":{"type":"LineString","coordinates":[[32.85044,39.852613],[32.8510511,39.853256],[32.8511188,39.8533272],[32.8512582,39.8534922],[32.8515472,39.8538345],[32.8517092,39.8540632],[32.852275,39.8548618]]}},{"type":"Feature","properties":{"highway":"unclassified","name":"578. Sokak","osm_id":38089073},"geometry":{"type":"LineString","coordinates":[[32.849273,39.8529547],[32.85044,39.852613],[32.851824,39.852094],[32.8521382,39.8519762],[32.8527667,39.8517811],[32.853574,39.851515],[32.8542457,39.8512492],[32.8541706,39.8516273],[32.8538031,39.8536484]]}},{"type":"Feature","properties":{"highway":"tertiary","osm_id":38089074},"geometry":{"type":"LineString","coordinates":[[32.8530714,39.8535743],[32.8526459,39.8524574],[32.8529119,39.852319],[32.8528386,39.8520475],[32.8527667,39.8517811]]}},{"type":"Feature","properties":{"highway":"residential","osm_id":38177155},"geometry":{"type":"LineString","coordinates":[[32.8542457,39.8512492],[32.8542967,39.850835],[32.8543982,39.8500574],[32.8545724,39.8490842],[32.8544861,39.8490872],[32.8535605,39.8491192],[32.8534543,39.849459],[32.8534238,39.8498916],[32.8533961,39.8502842],[32.8533722,39.8506222],[32.8524865,39.8509142],[32.851853,39.851123],[32.8519154,39.8513058],[32.8521382,39.8519762]]}},{"type":"Feature","properties":{"highway":"residential","osm_id":38177339},"geometry":{"type":"LineString","coordinates":[[32.8585141,39.8640381],[32.8578189,39.8643873]]}},{"type":"Feature","properties":{"highway":"residential","name":"590. Sk.","oneway":"no","osm_id":38177340},"geometry":{"type":"LineString","coordinates":[[32.8588488,39.8655797],[32.8594714,39.8663434],[32.8596082,39.8665112]]}},{"type":"Feature","properties":{"highway":"residential","osm_id":38177341},"geometry":{"type":"LineString","coordinates":[[32.8577299,39.8630741],[32.8561303,39.8621616]]}},{"type":"Feature","properties":{"highway":"unclassified","osm_id":38177343},"geometry":{"type":"LineString","coordinates":[[32.8550039,39.8608477],[32.8545779,39.8612419]]}},{"type":"Feature","properties":{"highway":"residential","osm_id":38177344},"geometry":{"type":"LineString","coordinates":[[32.8582157,39.862526],[32.8589302,39.8628709],[32.8597672,39.8633104],[32.8604196,39.8636529],[32.8611898,39.8640573],[32.8623078,39.8646442]]}},{"type":"Feature","properties":{"highway":"residential","osm_id":38177345},"geometry":{"type":"LineString","coordinates":[[32.8589302,39.8628709],[32.8579611,39.8636844]]}},{"type":"Feature","properties":{"highway":"residential","osm_id":38177346},"geometry":{"type":"LineString","coordinates":[[32.8597672,39.8633104],[32.8585141,39.8640381]]}},{"type":"Feature","properties":{"highway":"residential","osm_id":38177347},"geometry":{"type":"LineString","coordinates":[[32.8604196,39.8636529],[32.8591014,39.8645031]]}},{"type":"Feature","properties":{"highway":"residential","osm_id":38177348},"geometry":{"type":"LineString","coordinates":[[32.8597437,39.8650117],[32.8604533,39.8645434],[32.8611898,39.8640573],[32.8618032,39.8636605]]}},{"type":"Feature","properties":{"highway":"residential","osm_id":38485688},"geometry":{"type":"LineString","coordinates":[[32.8310995,39.8521369],[32.8301045,39.8514061],[32.8289973,39.8505824],[32.8280183,39.8498962],[32.8270962,39.8492772]]}},{"type":"Feature","properties":{"highway":"secondary","osm_id":42351912},"geometry":{"type":"LineString","coordinates":[[32.844293,39.8525692],[32.843977,39.8518841],[32.8439268,39.8518421],[32.8437967,39.8517787],[32.8436576,39.8517332],[32.8434412,39.8516693]]}},{"type":"Feature","properties":{"highway":"residential","oneway":"yes","osm_id":42356402},"geometry":{"type":"LineString","coordinates":[[32.8257954,39.8651542],[32.8254756,39.8654241],[32.8248287,39.8659704],[32.8241235,39.8665727],[32.8238222,39.866756],[32.8235025,39.8668746],[32.8233195,39.8669511]]}},{"type":"Feature","properties":{"highway":"tertiary","oneway":"yes","osm_id":42365818},"geometry":{"type":"LineString","coordinates":[[32.847098,39.8509854],[32.8469083,39.8510933],[32.8467867,39.8511717],[32.8464,39.850985],[32.8463655,39.8506174]]}},{"type":"Feature","properties":{"name":"517. Sokak","highway":"residential","osm_id":42368107},"geometry":{"type":"LineString","coordinates":[[32.8617864,39.8695912],[32.8608798,39.8698877],[32.8602946,39.8700791]]}},{"type":"Feature","properties":{"highway":"primary_link","oneway":"yes","osm_id":42382605},"geometry":{"type":"LineString","coordinates":[[32.8304976,39.8451757],[32.8304129,39.8451443],[32.8303448,39.8451003],[32.8303634,39.8450075],[32.8304491,39.8449567],[32.8305961,39.8449232]]}},{"type":"Feature","properties":{"highway":"unclassified","source":"GPS","osm_id":64894915},"geometry":{"type":"LineString","coordinates":[[32.8174596,39.8415609],[32.818523,39.8420508],[32.8189399,39.842286],[32.8194758,39.8426975],[32.8198331,39.843011],[32.8200713,39.8431351],[32.8203265,39.8431547],[32.8207519,39.8431025],[32.8213814,39.8431678],[32.8220535,39.8432462],[32.8228021,39.8433572],[32.8234657,39.8435401],[32.8248949,39.8437622],[32.8253287,39.843834],[32.8258562,39.8439973],[32.826205,39.8441149],[32.8268685,39.8440953],[32.8277022,39.8440234],[32.8283148,39.8441802],[32.828638,39.8441802],[32.8290464,39.8443827],[32.8293186,39.8443892],[32.8295908,39.8444611],[32.8297865,39.8443958],[32.8299992,39.8441084],[32.8303395,39.8439843],[32.8306712,39.843834],[32.831539,39.8433115],[32.8319218,39.8432331],[32.8324322,39.8429457],[32.8330838,39.8426336]]}},{"type":"Feature","properties":{"highway":"unclassified","source":"GPS","osm_id":64896073},"geometry":{"type":"LineString","coordinates":[[32.8228021,39.8433572],[32.8219977,39.8430212],[32.8218381,39.8429545],[32.8210273,39.8421992],[32.820376,39.8412399],[32.8203095,39.8406887],[32.8203228,39.8401172],[32.8204557,39.8398926],[32.8207481,39.8396885],[32.8208678,39.8395048],[32.8208811,39.8393415],[32.8207481,39.8389945],[32.8207349,39.8386678],[32.8208279,39.8384127],[32.821107,39.8382902],[32.8214526,39.838229],[32.8218514,39.838229],[32.8224363,39.8384637],[32.8229414,39.8388618],[32.823287,39.8389434],[32.8235794,39.8390557],[32.8239516,39.8393415],[32.8242839,39.8397089],[32.82447,39.840107],[32.8247359,39.8403723],[32.8251347,39.8406173],[32.8255068,39.8408214],[32.8258392,39.8413726],[32.8263841,39.8418829],[32.8265968,39.842138],[32.8265968,39.8423217],[32.8262512,39.8427708],[32.8261172,39.8430177],[32.8259189,39.8433831],[32.8258392,39.8436893],[32.8258562,39.8439973]]}},{"type":"Feature","properties":{"highway":"steps","osm_id":68563598},"geometry":{"type":"LineString","coordinates":[[32.8325433,39.8486097],[32.832793,39.8480575]]}},{"type":"Feature","properties":{"highway":"secondary","osm_id":68697950},"geometry":{"type":"LineString","coordinates":[[32.8184717,39.849215],[32.818617,39.8491682],[32.8188141,39.8490859],[32.8193131,39.8488863],[32.8195877,39.8487786],[32.8198795,39.8486642],[32.8202638,39.8485369],[32.820381,39.848487],[32.8205657,39.8484022],[32.820683,39.8483049],[32.8207451,39.8482075],[32.8207977,39.8481252],[32.8208676,39.8480404],[32.8209824,39.8478508],[32.8210393,39.8477836],[32.8211991,39.8476446],[32.8213367,39.8475625],[32.8215145,39.8474991],[32.8216809,39.8474533],[32.821786,39.8474253],[32.8220817,39.8473766],[32.8228046,39.847249],[32.8240981,39.8470369],[32.8247708,39.8469052],[32.8249428,39.8468475],[32.825017,39.8468376],[32.8251023,39.8468262],[32.8252334,39.8468354],[32.825372,39.8468708],[32.8255285,39.8469227],[32.8256503,39.8469639],[32.8259166,39.8470745],[32.8263429,39.8473422]]}},{"type":"Feature","properties":{"highway":"residential","osm_id":68697954},"geometry":{"type":"LineString","coordinates":[[32.8347466,39.8735489],[32.8354517,39.87403],[32.8359117,39.8743067],[32.8362167,39.87446],[32.8367117,39.8746517],[32.837005,39.8747333],[32.8375,39.8748117],[32.8379133,39.8748383],[32.838395,39.8748283],[32.83888,39.87477],[32.839485,39.8746267],[32.839645,39.87461],[32.83983,39.874555],[32.8399767,39.8744767],[32.8409604,39.8740949],[32.8421999,39.8736139],[32.843275,39.8731967],[32.8434529,39.8730718],[32.843515,39.8730283],[32.8437633,39.8727517],[32.8438708,39.8725952]]}},{"type":"Feature","properties":{"highway":"secondary","name":"807.Sk(70.Sk)","osm_id":68697960},"geometry":{"type":"LineString","coordinates":[[32.8240996,39.8545632],[32.8237841,39.8543183],[32.8223883,39.8531833],[32.8220115,39.8529057],[32.8214767,39.8525117],[32.8211317,39.8522871],[32.8210567,39.8522383],[32.8208317,39.852125],[32.8203083,39.8519617],[32.8191383,39.8516817],[32.8175658,39.8513576],[32.8171322,39.8512682],[32.8168933,39.8512267],[32.81646,39.8511517],[32.81562,39.8510767],[32.8147767,39.85107],[32.8138479,39.8511246],[32.8130283,39.8510867],[32.812795,39.8511117],[32.812595,39.8511617],[32.8118014,39.8514937]]}},{"type":"Feature","properties":{"highway":"residential","osm_id":68697964},"geometry":{"type":"LineString","coordinates":[[32.8311975,39.848274],[32.831165,39.8483883],[32.8311349,39.8490385],[32.8311282,39.8491033],[32.8310933,39.8491883]]}},{"type":"Feature","properties":{"name":"Zülfü Tigrel Cd.;Zühtü Tigrel Cd.","highway":"secondary","osm_id":68697971},"geometry":{"type":"LineString","coordinates":[[32.8261528,39.8479044],[32.8256836,39.8481547],[32.8247198,39.8486686],[32.8244215,39.8488825],[32.8241288,39.849036],[32.8231401,39.8496185],[32.8226143,39.8499283],[32.8220297,39.8502727],[32.8215506,39.850559],[32.8214634,39.8506053]]}},{"type":"Feature","properties":{"highway":"secondary","oneway":"yes","osm_id":68697975},"geometry":{"type":"LineString","coordinates":[[32.8263429,39.8473422],[32.8266657,39.847453],[32.8268721,39.8475376],[32.8271967,39.8478017],[32.8272722,39.8478521],[32.8273613,39.8479381],[32.8284756,39.848741],[32.828941,39.8488962],[32.8290417,39.8489404],[32.8292476,39.8489867],[32.8294033,39.8490217],[32.8297133,39.849065],[32.83079,39.8490717],[32.8310933,39.8491883],[32.8320533,39.8499183],[32.8321633,39.8501167],[32.8322233,39.850755],[32.8323033,39.8509717],[32.8322697,39.8511017]]}},{"type":"Feature","properties":{"highway":"residential","osm_id":68697983},"geometry":{"type":"LineString","coordinates":[[32.8248233,39.8493483],[32.8249117,39.8494483],[32.8250183,39.8495133],[32.8250833,39.849595],[32.8250767,39.8497933],[32.824905,39.850135],[32.8248583,39.8501765],[32.82483,39.85022],[32.8247517,39.8502567]]}},{"type":"Feature","properties":{"highway":"residential","osm_id":68697984},"geometry":{"type":"LineString","coordinates":[[32.8248583,39.8501765],[32.8248233,39.8493483],[32.8248367,39.8491],[32.8247198,39.8486686],[32.8246768,39.8485612],[32.8246017,39.84828],[32.824615,39.8480033]]}},{"type":"Feature","properties":{"source":"Bing","highway":"residential","osm_id":68697992},"geometry":{"type":"LineString","coordinates":[[32.8443003,39.8734224],[32.8427084,39.8742346],[32.8420174,39.8746368],[32.841984,39.875064],[32.8420112,39.875683],[32.8420174,39.8758245],[32.8418838,39.8762347],[32.8415286,39.8767365],[32.8413983,39.8770233],[32.8413296,39.8777186],[32.8412772,39.8784528],[32.8412603,39.8786528],[32.8411823,39.879285],[32.841294,39.879676],[32.8417648,39.8812892],[32.8417935,39.8815354],[32.8418284,39.8824871]]}},{"type":"Feature","properties":{"highway":"secondary","name":"931 cd (9.cd)","osm_id":68697999},"geometry":{"type":"LineString","coordinates":[[32.832322,39.8724988],[32.8323137,39.8725065],[32.8329744,39.872057],[32.8330935,39.8719692],[32.8336296,39.8715997],[32.8342782,39.8711587],[32.8345945,39.8709436],[32.8349283,39.8707167],[32.8358917,39.869795],[32.8360083,39.869635],[32.8360967,39.8694367],[32.8363433,39.868395],[32.8363433,39.868235],[32.8362817,39.8680983],[32.8359905,39.8677673],[32.835855,39.8676133],[32.835424,39.8672682],[32.8350806,39.8669932],[32.8350183,39.8669433],[32.8342533,39.866285],[32.83389,39.8657817],[32.833693,39.8655309],[32.8335761,39.8651498],[32.8335122,39.8650048],[32.8334308,39.8648508],[32.8330575,39.8638835],[32.8329574,39.8636415],[32.8327049,39.863043],[32.8326517,39.86292],[32.8324667,39.8626],[32.8319996,39.8619838],[32.8319376,39.8618962],[32.8314317,39.8612233],[32.8312875,39.861054],[32.8308697,39.8605382],[32.8306867,39.860315],[32.8305726,39.8601607],[32.8303577,39.8598702],[32.8297621,39.8590649],[32.82956,39.8587917],[32.8292633,39.85844],[32.8289317,39.858125],[32.8286503,39.8579009],[32.828565,39.8578329],[32.8282741,39.8576012],[32.8278734,39.8572819],[32.82735,39.856865],[32.82717,39.856695],[32.82676,39.8563833],[32.8257344,39.8557059],[32.82566,39.8556567],[32.8254683,39.8553967],[32.8252567,39.8548633],[32.8251383,39.85468],[32.8249767,39.85453],[32.824813,39.8544302]]}},{"type":"Feature","properties":{"highway":"residential","oneway":"yes","osm_id":68698009},"geometry":{"type":"LineString","coordinates":[[32.83079,39.8490717],[32.8311282,39.8491033],[32.8312267,39.84915],[32.831435,39.84926],[32.8320667,39.8497067],[32.832265,39.849915],[32.83233,39.8500317],[32.8324767,39.85049],[32.8325283,39.8505783],[32.8326917,39.8507217],[32.8329133,39.8508033],[32.8331567,39.8508317],[32.83427,39.8508717],[32.83441,39.8509977],[32.8344317,39.8510451]]}},{"type":"Feature","properties":{"name":"530. Sk.","highway":"residential","osm_id":72861038},"geometry":{"type":"LineString","coordinates":[[32.8642713,39.8665846],[32.863237,39.8660254],[32.8620653,39.8653986]]}},{"type":"Feature","properties":{"highway":"residential","name":"546. Sokak","osm_id":72861039},"geometry":{"type":"LineString","coordinates":[[32.8656123,39.8692219],[32.8643639,39.8684229]]}},{"type":"Feature","properties":{"name":"543. Sokak","highway":"residential","osm_id":72861042},"geometry":{"type":"LineString","coordinates":[[32.8641072,39.8673667],[32.8627558,39.8685799],[32.8617005,39.869376]]}},{"type":"Feature","properties":{"name":"548. Sokak","highway":"residential","osm_id":72861045},"geometry":{"type":"LineString","coordinates":[[32.8658886,39.8704327],[32.8649521,39.8698488],[32.8636209,39.8691207],[32.8627558,39.8685799],[32.8620205,39.8680935],[32.8616281,39.8679991],[32.8614144,39.8679027]]}},{"type":"Feature","properties":{"highway":"residential","name":"535. Sokak","osm_id":72861051},"geometry":{"type":"LineString","coordinates":[[32.867357,39.8668556],[32.8659086,39.8684449]]}},{"type":"Feature","properties":{"highway":"residential","name":"536. Sokak","osm_id":72861053},"geometry":{"type":"LineString","coordinates":[[32.868108,39.8673003],[32.867847,39.8675723],[32.8673166,39.8681252],[32.8670481,39.868405],[32.8665748,39.8688983]]}},{"type":"Feature","properties":{"highway":"residential","name":"534. Sokak","osm_id":72864573},"geometry":{"type":"LineString","coordinates":[[32.8664783,39.8663703],[32.867357,39.8668556]]}},{"type":"Feature","properties":{"highway":"residential","name":"549. Sokak","osm_id":72864823},"geometry":{"type":"LineString","coordinates":[[32.8670366,39.8692387],[32.8662936,39.8699736],[32.8658886,39.8704327],[32.865756,39.870537],[32.8649981,39.8712149],[32.8636033,39.8721371],[32.8632632,39.8722841]]}},{"type":"Feature","properties":{"highway":"residential","name":"547. Sokak","osm_id":72864824},"geometry":{"type":"LineString","coordinates":[[32.8662156,39.8686538],[32.8656123,39.8692219],[32.8649521,39.8698488],[32.8642184,39.8705454]]}},{"type":"Feature","properties":{"highway":"residential","name":"552. Sokak","osm_id":72864825},"geometry":{"type":"LineString","coordinates":[[32.8653843,39.871536],[32.8643865,39.8721454],[32.8634441,39.8725564]]}},{"type":"Feature","properties":{"highway":"residential","name":"552. Sk.","osm_id":72864826},"geometry":{"type":"LineString","coordinates":[[32.8646067,39.8708754],[32.8638707,39.8713994],[32.863378,39.8717501],[32.8630434,39.8719488]]}},{"type":"Feature","properties":{"highway":"residential","name":"542. Sokak","osm_id":72864977},"geometry":{"type":"LineString","coordinates":[[32.8620205,39.8680935],[32.862651,39.8676104],[32.8634191,39.8670219]]}},{"type":"Feature","properties":{"name":"513. Sk.","highway":"residential","osm_id":76561569},"geometry":{"type":"LineString","coordinates":[[32.8660332,39.8753277],[32.8657589,39.874907],[32.8655599,39.8745442],[32.8650215,39.8735721],[32.8644338,39.872634]]}},{"type":"Feature","properties":{"name":"553. Sk.","highway":"residential","osm_id":76561673},"geometry":{"type":"LineString","coordinates":[[32.8637807,39.8701928],[32.863224,39.8705782],[32.8625112,39.8709388]]}},{"type":"Feature","properties":{"name":"532. Sk.","highway":"residential","osm_id":76562227},"geometry":{"type":"LineString","coordinates":[[32.8648011,39.8660245],[32.8644018,39.8664533],[32.8642713,39.8665846],[32.8636877,39.8671565]]}},{"type":"Feature","properties":{"name":"533. Sk.","highway":"residential","osm_id":76562228},"geometry":{"type":"LineString","coordinates":[[32.8644018,39.8664533],[32.8657452,39.8671115]]}},{"type":"Feature","properties":{"name":"523. Sk.","highway":"residential","osm_id":76562229},"geometry":{"type":"LineString","coordinates":[[32.8626232,39.8648716],[32.8620653,39.8653986],[32.8613115,39.8659863]]}},{"type":"Feature","properties":{"name":"531. Sk.","highway":"residential","osm_id":76562230},"geometry":{"type":"LineString","coordinates":[[32.8637711,39.8655139],[32.863237,39.8660254],[32.8626124,39.8666092]]}},{"type":"Feature","properties":{"name":"524. Sk.","foot":"designated","highway":"residential","horse":"no","lanes":"2","oneway":"no","surface":"asphalt","osm_id":76562231},"geometry":{"type":"LineString","coordinates":[[32.8648011,39.8660245],[32.8637711,39.8655139],[32.8636897,39.8654683],[32.8626232,39.8648716],[32.8623078,39.8646442]]}},{"type":"Feature","properties":{"source":"Bing","highway":"service","osm_id":124297739},"geometry":{"type":"LineString","coordinates":[[32.8276732,39.8701168],[32.8275326,39.8702803],[32.8268139,39.8699353]]}},{"type":"Feature","properties":{"source":"Bing","highway":"residential","osm_id":124297884},"geometry":{"type":"LineString","coordinates":[[32.8336296,39.8715997],[32.8355453,39.8731554],[32.8358089,39.8733695],[32.8369427,39.8739471],[32.8376251,39.8740703],[32.8377735,39.8740971],[32.8385261,39.8740446],[32.8393178,39.8738721],[32.8396693,39.8737429],[32.8404613,39.873452],[32.8416132,39.8729236],[32.8430124,39.8722818]]}},{"type":"Feature","properties":{"source":"Bing","highway":"residential","osm_id":124297888},"geometry":{"type":"LineString","coordinates":[[32.8392103,39.8697013],[32.8396538,39.870296],[32.8401874,39.8709538],[32.8404378,39.8712744],[32.8406867,39.871611],[32.8411025,39.8722387],[32.8416132,39.8729236],[32.8421999,39.8736139],[32.8427084,39.8742346],[32.8431742,39.8748031],[32.8435849,39.8753044],[32.8440093,39.8758224]]}},{"type":"Feature","properties":{"source":"Bing","highway":"residential","osm_id":124297891},"geometry":{"type":"LineString","coordinates":[[32.8434529,39.8730718],[32.8443003,39.8734224],[32.8450158,39.8737185],[32.8451907,39.8737908],[32.8457916,39.8740697],[32.8461483,39.8742352],[32.846504,39.8744904]]}},{"type":"Feature","properties":{"highway":"residential","source":"Bing","osm_id":124297893},"geometry":{"type":"LineString","coordinates":[[32.8381538,39.8718596],[32.8386994,39.8722954],[32.8387665,39.8723834],[32.8389418,39.872612],[32.8392589,39.8730293],[32.8393118,39.8730986],[32.8396693,39.8737429],[32.83983,39.874555],[32.839824,39.8754656],[32.8397478,39.8755422],[32.8395011,39.8757903],[32.8392771,39.875908],[32.8386709,39.8762265],[32.8384879,39.8763227],[32.8382224,39.8764622],[32.8381772,39.8764859],[32.8374359,39.8768948],[32.8366517,39.8773067]]}},{"type":"Feature","properties":{"source":"Bing","highway":"residential","osm_id":124297895},"geometry":{"type":"LineString","coordinates":[[32.8425687,39.8716285],[32.8411025,39.8722387],[32.8392589,39.8730293],[32.8389386,39.8731468],[32.838611,39.8732307],[32.8383384,39.8732906],[32.8380639,39.873332],[32.8376886,39.8733429],[32.8371336,39.8732042],[32.8362662,39.8727973]]}},{"type":"Feature","properties":{"name":"49. Sk.","highway":"residential","osm_id":124897355},"geometry":{"type":"LineString","coordinates":[[32.8552604,39.8726299],[32.8542664,39.8726257],[32.8536567,39.8726231],[32.8532694,39.8726214],[32.8524852,39.8726348]]}},{"type":"Feature","properties":{"highway":"residential","osm_id":124972387},"geometry":{"type":"LineString","coordinates":[[32.8315997,39.8738415],[32.8304907,39.8733143],[32.8288163,39.8725141],[32.8279546,39.8719437],[32.8269391,39.8713047]]}},{"type":"Feature","properties":{"highway":"residential","osm_id":124972403},"geometry":{"type":"LineString","coordinates":[[32.8290504,39.8733668],[32.8286219,39.8738585],[32.8271677,39.8761216]]}},{"type":"Feature","properties":{"highway":"residential","osm_id":124972409},"geometry":{"type":"LineString","coordinates":[[32.8269007,39.8736111],[32.8260025,39.8730266]]}},{"type":"Feature","properties":{"highway":"residential","osm_id":124972410},"geometry":{"type":"LineString","coordinates":[[32.831054,39.8742026],[32.830557,39.8739806],[32.8290504,39.8733668],[32.8282331,39.8728701],[32.8264356,39.8717222],[32.8256232,39.8711408]]}},{"type":"Feature","properties":{"highway":"residential","osm_id":124972414},"geometry":{"type":"LineString","coordinates":[[32.8284927,39.8715104],[32.8291444,39.8708831]]}},{"type":"Feature","properties":{"highway":"residential","osm_id":124972419},"geometry":{"type":"LineString","coordinates":[[32.826429,39.8724725],[32.8260025,39.8730266],[32.8255087,39.8737558],[32.8251271,39.8742554]]}},{"type":"Feature","properties":{"highway":"residential","osm_id":124972426},"geometry":{"type":"LineString","coordinates":[[32.8264969,39.8703177],[32.8274987,39.8708628],[32.8284927,39.8715104],[32.8292912,39.8720495]]}},{"type":"Feature","properties":{"highway":"residential","osm_id":124972436},"geometry":{"type":"LineString","coordinates":[[32.8578302,39.8686944],[32.8584893,39.8685071],[32.8591685,39.8682558]]}},{"type":"Feature","properties":{"highway":"residential","osm_id":124972448},"geometry":{"type":"LineString","coordinates":[[32.8279338,39.8734901],[32.8265142,39.8760051]]}},{"type":"Feature","properties":{"highway":"residential","osm_id":124972452},"geometry":{"type":"LineString","coordinates":[[32.8274987,39.8708628],[32.8269391,39.8713047],[32.8264356,39.8717222],[32.8259584,39.8721229],[32.826429,39.8724725],[32.8273743,39.8731412]]}},{"type":"Feature","properties":{"highway":"residential","osm_id":146369159},"geometry":{"type":"LineString","coordinates":[[32.8588488,39.8655797],[32.8593324,39.8652628],[32.8597437,39.8650117]]}},{"type":"Feature","properties":{"highway":"residential","osm_id":146369161},"geometry":{"type":"LineString","coordinates":[[32.8593324,39.8652628],[32.8602236,39.8660796]]}},{"type":"Feature","properties":{"highway":"residential","name":"590. Sk.","oneway":"no","osm_id":146369162},"geometry":{"type":"LineString","coordinates":[[32.8578189,39.8643873],[32.8588488,39.8655797]]}},{"type":"Feature","properties":{"highway":"tertiary","osm_id":171230047},"geometry":{"type":"LineString","coordinates":[[32.8447686,39.8518344],[32.8450039,39.8517668],[32.8456155,39.851604],[32.8458996,39.8515283]]}},{"type":"Feature","properties":{"highway":"residential","osm_id":171231127},"geometry":{"type":"LineString","coordinates":[[32.8555369,39.8544272],[32.8554779,39.8546372]]}},{"type":"Feature","properties":{"highway":"tertiary","osm_id":171231128},"geometry":{"type":"LineString","coordinates":[[32.8572143,39.8560112],[32.8572374,39.8563997],[32.8572374,39.8566756],[32.8571623,39.8568733]]}},{"type":"Feature","properties":{"highway":"tertiary","osm_id":171231130},"geometry":{"type":"LineString","coordinates":[[32.8571623,39.8568733],[32.8570389,39.8569845],[32.8564167,39.8571698],[32.8549575,39.8570504]]}},{"type":"Feature","properties":{"highway":"tertiary","osm_id":171231131},"geometry":{"type":"LineString","coordinates":[[32.8569853,39.8510257],[32.8566447,39.8507577],[32.85596,39.8502191]]}},{"type":"Feature","properties":{"highway":"tertiary","osm_id":171231132},"geometry":{"type":"LineString","coordinates":[[32.8555047,39.8548513],[32.8535885,39.8546758]]}},{"type":"Feature","properties":{"highway":"tertiary","osm_id":171231133},"geometry":{"type":"LineString","coordinates":[[32.8552016,39.8518698],[32.8550326,39.8537644]]}},{"type":"Feature","properties":{"highway":"tertiary","osm_id":171231135},"geometry":{"type":"LineString","coordinates":[[32.8556388,39.8537767],[32.8555369,39.8544272],[32.8536995,39.8541792]]}},{"type":"Feature","properties":{"highway":"tertiary","osm_id":171231136},"geometry":{"type":"LineString","coordinates":[[32.8534923,39.855031],[32.855401,39.8552682],[32.8569316,39.8554567]]}},{"type":"Feature","properties":{"highway":"tertiary","osm_id":171231137},"geometry":{"type":"LineString","coordinates":[[32.8569316,39.8554567],[32.8570443,39.8555226],[32.8571569,39.855815],[32.8572143,39.8560112]]}},{"type":"Feature","properties":{"highway":"residential","osm_id":171231138},"geometry":{"type":"LineString","coordinates":[[32.8550165,39.8517876],[32.8548395,39.8517011],[32.8541706,39.8516273]]}},{"type":"Feature","properties":{"highway":"tertiary","osm_id":171231139},"geometry":{"type":"LineString","coordinates":[[32.855789,39.852113],[32.8556388,39.8537767]]}},{"type":"Feature","properties":{"highway":"tertiary","osm_id":171231140},"geometry":{"type":"LineString","coordinates":[[32.8566044,39.8513511],[32.8569853,39.8510257],[32.8577524,39.8517094],[32.857688,39.8521171]]}},{"type":"Feature","properties":{"highway":"tertiary","osm_id":171231141},"geometry":{"type":"LineString","coordinates":[[32.8538031,39.8536484],[32.8530714,39.8535743],[32.852912,39.85473]]}},{"type":"Feature","properties":{"highway":"tertiary","osm_id":171231142},"geometry":{"type":"LineString","coordinates":[[32.8556549,39.8506674],[32.85596,39.8502191],[32.8562182,39.8498396],[32.8561162,39.8497655],[32.8550326,39.8494525],[32.8549683,39.8496708],[32.8548288,39.8498726],[32.854582,39.8500579],[32.8543982,39.8500574]]}},{"type":"Feature","properties":{"highway":"tertiary","osm_id":171231143},"geometry":{"type":"LineString","coordinates":[[32.8548395,39.8517011],[32.8544667,39.8537436]]}},{"type":"Feature","properties":{"highway":"tertiary","osm_id":171231144},"geometry":{"type":"LineString","coordinates":[[32.8528057,39.8568885],[32.8549575,39.8570504],[32.8550559,39.8566549],[32.8550743,39.8565811],[32.8551738,39.8561813],[32.8552823,39.855745],[32.855401,39.8552682],[32.8555047,39.8548513],[32.8565186,39.8550078],[32.8574815,39.8552467],[32.8575325,39.8553455],[32.8574627,39.8555267],[32.8571999,39.8555144],[32.8569316,39.8554567]]}},{"type":"Feature","properties":{"highway":"tertiary","osm_id":171231147},"geometry":{"type":"LineString","coordinates":[[32.8530714,39.8535743],[32.8533674,39.8523616],[32.8535156,39.8517545],[32.853574,39.851515]]}},{"type":"Feature","properties":{"highway":"tertiary","osm_id":171231148},"geometry":{"type":"LineString","coordinates":[[32.8530714,39.8535743],[32.8515472,39.8538345]]}},{"type":"Feature","properties":{"highway":"residential","name":"525. Sokak","oneway":"no","osm_id":185786685},"geometry":{"type":"LineString","coordinates":[[32.8657375,39.8653794],[32.8661617,39.8656115],[32.8679952,39.8666152],[32.8693907,39.8673906]]}},{"type":"Feature","properties":{"name":"Bahakent Sitesi İç Yolları","highway":"service","oneway":"-1","osm_id":185787416},"geometry":{"type":"LineString","coordinates":[[32.8659962,39.8650867],[32.8657375,39.8653794]]}},{"type":"Feature","properties":{"highway":"service","oneway":"no","osm_id":185787417},"geometry":{"type":"LineString","coordinates":[[32.8661617,39.8656115],[32.8664215,39.8653252]]}},{"type":"Feature","properties":{"highway":"service","oneway":"no","osm_id":185787418},"geometry":{"type":"LineString","coordinates":[[32.8664215,39.8653252],[32.8659962,39.8650867],[32.8652386,39.8646705],[32.8654001,39.8644544],[32.8657461,39.8641682],[32.8666709,39.8646759],[32.8665404,39.8650551],[32.8664215,39.8653252]]}},{"type":"Feature","properties":{"highway":"service","oneway":"yes","osm_id":185787419},"geometry":{"type":"LineString","coordinates":[[32.8652386,39.8646705],[32.8650294,39.8649938],[32.8657375,39.8653794]]}},{"type":"Feature","properties":{"highway":"service","oneway":"no","osm_id":185787420},"geometry":{"type":"LineString","coordinates":[[32.8654001,39.8644544],[32.8665404,39.8650551]]}},{"type":"Feature","properties":{"highway":"residential","osm_id":185787927},"geometry":{"type":"LineString","coordinates":[[32.8652252,39.8633249],[32.8653431,39.863287],[32.86548,39.863287],[32.8655826,39.8632899],[32.8657233,39.8633483],[32.8658146,39.8634446],[32.8659059,39.8636217],[32.8659172,39.863681],[32.8658412,39.8638415],[32.8656356,39.8641044],[32.8653035,39.8644235]]}},{"type":"Feature","properties":{"highway":"tertiary","osm_id":185787928},"geometry":{"type":"LineString","coordinates":[[32.8653035,39.8644235],[32.8654001,39.8644544]]}},{"type":"Feature","properties":{"highway":"secondary","osm_id":185788111},"geometry":{"type":"LineString","coordinates":[[32.8664783,39.8663703],[32.8666036,39.866236]]}},{"type":"Feature","properties":{"highway":"unclassified","oneway":"no","osm_id":193160755},"geometry":{"type":"LineString","coordinates":[[32.8748652,39.8747645],[32.8738204,39.8747398],[32.8732393,39.8746319],[32.8727987,39.8743948],[32.8726653,39.8743231],[32.8722362,39.8740349],[32.8716893,39.8738745],[32.8710989,39.8737261],[32.8697152,39.8733433],[32.8690393,39.8729645],[32.8683312,39.8729027],[32.8678913,39.8728986],[32.8673602,39.8727465],[32.8665824,39.8724252],[32.866367,39.8723424]]}},{"type":"Feature","properties":{"highway":"unclassified","name":"Konrad Adeneur Cad.","oneway":"no","osm_id":193170300},"geometry":{"type":"LineString","coordinates":[[32.8675315,39.8696038],[32.8670366,39.8692387],[32.8665748,39.8688983],[32.8662156,39.8686538],[32.8659086,39.8684449],[32.8656829,39.8683153]]}},{"type":"Feature","properties":{"highway":"residential","name":"551. Sokak","osm_id":193170302},"geometry":{"type":"LineString","coordinates":[[32.865756,39.870537],[32.866559,39.8712059],[32.8668472,39.8714297],[32.8669544,39.8715178]]}},{"type":"Feature","properties":{"oneway":"no","sidewalk":"both","lanes":"2","foot":"yes","highway":"unclassified","name":"Kahire Cad.","osm_id":193170304},"geometry":{"type":"LineString","coordinates":[[32.8677576,39.8703206],[32.8676126,39.8705413],[32.8674777,39.8707413],[32.8673879,39.8708601],[32.8669544,39.8715178],[32.866367,39.8723424],[32.8662119,39.8725751],[32.8661986,39.8726356],[32.866158,39.8728204],[32.8661437,39.8733291],[32.8661109,39.8744921],[32.8661088,39.8745658],[32.8660332,39.8753277],[32.8659417,39.875961],[32.865828,39.876308],[32.8657265,39.8765281],[32.86562,39.8767517],[32.8654995,39.8769343],[32.8650457,39.8772059],[32.8649786,39.8772385]]}},{"type":"Feature","properties":{"highway":"residential","osm_id":193204302},"geometry":{"type":"LineString","coordinates":[[32.852921,39.8660674],[32.8537228,39.866433],[32.8537975,39.8664671],[32.8541683,39.8666694],[32.8544083,39.8669133],[32.85449,39.86707],[32.8545366,39.8672238],[32.8549696,39.8684158],[32.8551127,39.8685247],[32.8554422,39.8686838],[32.8559774,39.8688594]]}},{"type":"Feature","properties":{"highway":"unclassified","name":"Hollanda Cd.","osm_id":193204305},"geometry":{"type":"LineString","coordinates":[[32.8582534,39.8674797],[32.8580008,39.867649],[32.8577679,39.8678005],[32.8573577,39.8680728],[32.8567998,39.8684236],[32.8565206,39.8685899],[32.856345,39.868695],[32.8561467,39.8687952],[32.8559774,39.8688594],[32.8557713,39.8693467],[32.8557011,39.8699274],[32.8556,39.8707267],[32.8554788,39.871499],[32.8552604,39.8726299],[32.855215,39.8729918],[32.855121,39.8734658],[32.8551076,39.8736702],[32.8550935,39.8738252],[32.8550813,39.8739601],[32.8550817,39.8742317]]}},{"type":"Feature","properties":{"oneway":"no","name":"Tagore Cad.","highway":"unclassified","osm_id":193204308},"geometry":{"type":"LineString","coordinates":[[32.8573577,39.8680728],[32.8576739,39.8685111],[32.8578302,39.8686944],[32.8580962,39.8690183],[32.8586863,39.8700938],[32.8590594,39.870783],[32.8592799,39.8711681],[32.8594988,39.8716512],[32.8597038,39.8722539],[32.8597408,39.8725047],[32.8598212,39.8729876],[32.8599008,39.8734661],[32.8599112,39.8735273],[32.8600304,39.8742307],[32.8600449,39.8743161],[32.8601204,39.8746309],[32.8602306,39.8750908],[32.8604689,39.8758175],[32.8605694,39.8760789],[32.8606535,39.8762083],[32.8606997,39.876313],[32.8607416,39.8764077],[32.860853,39.8766266],[32.8610226,39.8771821],[32.8611027,39.8775993],[32.8611528,39.8778327],[32.86118,39.8782695],[32.8612025,39.8784521],[32.861224,39.8786268],[32.8612528,39.878892],[32.8612594,39.8789522],[32.861283,39.8790492],[32.8613051,39.8791397]]}},{"type":"Feature","properties":{"highway":"secondary","oneway":"yes","osm_id":194113944},"geometry":{"type":"LineString","coordinates":[[32.851255,39.8572493],[32.8517817,39.857376]]}},{"type":"Feature","properties":{"highway":"secondary","oneway":"yes","osm_id":194113945},"geometry":{"type":"LineString","coordinates":[[32.8518323,39.8575209],[32.851255,39.8572493]]}},{"type":"Feature","properties":{"highway":"secondary","osm_id":194114812},"geometry":{"type":"LineString","coordinates":[[32.852297,39.8571447],[32.8524373,39.8570824],[32.852619,39.8569867],[32.8526928,39.8569479],[32.8528057,39.8568885],[32.8530595,39.8563934],[32.8531643,39.8560926],[32.8532173,39.8559686],[32.8533614,39.8554773],[32.8534923,39.855031],[32.8535587,39.8548064]]}},{"type":"Feature","properties":{"oneway":"yes","highway":"secondary","osm_id":194114813},"geometry":{"type":"LineString","coordinates":[[32.8520555,39.8572542],[32.8521681,39.8571978],[32.852297,39.8571447],[32.8521638,39.8574152]]}},{"type":"Feature","properties":{"highway":"tertiary","osm_id":194115275},"geometry":{"type":"LineString","coordinates":[[32.8522211,39.8561208],[32.8524373,39.8570824]]}},{"type":"Feature","properties":{"highway":"residential","osm_id":208580929},"geometry":{"type":"LineString","coordinates":[[32.8265234,39.857803],[32.826983,39.8579528],[32.8271451,39.858073],[32.8272514,39.8582232],[32.8275197,39.8584377],[32.8276706,39.8585192],[32.8277712,39.8585407],[32.8278383,39.8584935],[32.8278495,39.8584077],[32.8278886,39.8583218],[32.8281331,39.8581579],[32.8282726,39.8580543]]}},{"type":"Feature","properties":{"highway":"residential","osm_id":208580931},"geometry":{"type":"LineString","coordinates":[[32.8309478,39.8583316],[32.8312602,39.8585555],[32.8313551,39.8587041],[32.8315251,39.8589165],[32.8318057,39.8591562],[32.8318492,39.8592169],[32.831865,39.859311],[32.8318453,39.8594081],[32.8316802,39.8595658]]}},{"type":"Feature","properties":{"highway":"residential","osm_id":208580933},"geometry":{"type":"LineString","coordinates":[[32.8348267,39.8610304],[32.8350291,39.8618808]]}},{"type":"Feature","properties":{"highway":"residential","osm_id":208580934},"geometry":{"type":"LineString","coordinates":[[32.8338881,39.8636107],[32.8342465,39.8635199],[32.8344989,39.8634559]]}},{"type":"Feature","properties":{"highway":"residential","osm_id":208580935},"geometry":{"type":"LineString","coordinates":[[32.8342007,39.8589421],[32.8342323,39.8597458]]}},{"type":"Feature","properties":{"highway":"residential","osm_id":208580936},"geometry":{"type":"LineString","coordinates":[[32.8330618,39.8656224],[32.833693,39.8655309]]}},{"type":"Feature","properties":{"highway":"residential","osm_id":208580938},"geometry":{"type":"LineString","coordinates":[[32.8290011,39.8607607],[32.8296973,39.8605397]]}},{"type":"Feature","properties":{"highway":"residential","osm_id":208580940},"geometry":{"type":"LineString","coordinates":[[32.8306114,39.8576248],[32.8311181,39.8581716]]}},{"type":"Feature","properties":{"highway":"residential","osm_id":208580941},"geometry":{"type":"LineString","coordinates":[[32.8282741,39.8576012],[32.8282726,39.8580543]]}},{"type":"Feature","properties":{"highway":"residential","osm_id":208580942},"geometry":{"type":"LineString","coordinates":[[32.8331172,39.8587404],[32.8342007,39.8589421]]}},{"type":"Feature","properties":{"highway":"residential","osm_id":208580943},"geometry":{"type":"LineString","coordinates":[[32.8246583,39.8641404],[32.8239664,39.8635632]]}},{"type":"Feature","properties":{"highway":"residential","osm_id":208580944},"geometry":{"type":"LineString","coordinates":[[32.8295981,39.8631287],[32.8294696,39.8633561]]}},{"type":"Feature","properties":{"highway":"residential","osm_id":208580945},"geometry":{"type":"LineString","coordinates":[[32.8282726,39.8580543],[32.828565,39.8578329]]}},{"type":"Feature","properties":{"highway":"residential","osm_id":208580946},"geometry":{"type":"LineString","coordinates":[[32.8328167,39.8650217],[32.8334308,39.8648508]]}},{"type":"Feature","properties":{"highway":"residential","osm_id":208580947},"geometry":{"type":"LineString","coordinates":[[32.8306939,39.8659726],[32.8304755,39.8658473]]}},{"type":"Feature","properties":{"highway":"residential","osm_id":208580948},"geometry":{"type":"LineString","coordinates":[[32.8338881,39.8636107],[32.8334564,39.8629925]]}},{"type":"Feature","properties":{"highway":"residential","osm_id":208580949},"geometry":{"type":"LineString","coordinates":[[32.8334564,39.8629925],[32.8342696,39.8628076]]}},{"type":"Feature","properties":{"highway":"residential","osm_id":208580950},"geometry":{"type":"LineString","coordinates":[[32.8311023,39.8568958],[32.8314012,39.8573898]]}},{"type":"Feature","properties":{"highway":"residential","osm_id":208580951},"geometry":{"type":"LineString","coordinates":[[32.8236946,39.8591305],[32.8242356,39.8587795]]}},{"type":"Feature","properties":{"highway":"residential","osm_id":208580952},"geometry":{"type":"LineString","coordinates":[[32.8340804,39.8581261],[32.8342007,39.8589421]]}},{"type":"Feature","properties":{"highway":"residential","osm_id":208580956},"geometry":{"type":"LineString","coordinates":[[32.8319376,39.8618962],[32.8310888,39.8622704]]}},{"type":"Feature","properties":{"highway":"residential","name":"936.SK(126/1.sK)","osm_id":208580957},"geometry":{"type":"LineString","coordinates":[[32.8308698,39.8563392],[32.829669,39.8563994],[32.8286958,39.8567957],[32.8278734,39.8572819]]}},{"type":"Feature","properties":{"highway":"residential","osm_id":208580958},"geometry":{"type":"LineString","coordinates":[[32.8314573,39.8654765],[32.8316386,39.8659254]]}},{"type":"Feature","properties":{"highway":"residential","osm_id":208580959},"geometry":{"type":"LineString","coordinates":[[32.8302123,39.8571524],[32.829669,39.8563994],[32.8291878,39.8557434],[32.8290256,39.8551641],[32.8290424,39.8550869],[32.8291207,39.8550354]]}},{"type":"Feature","properties":{"highway":"residential","osm_id":208580960},"geometry":{"type":"LineString","coordinates":[[32.8321808,39.8601864],[32.8315189,39.860341],[32.8308697,39.8605382]]}},{"type":"Feature","properties":{"highway":"residential","osm_id":208580961},"geometry":{"type":"LineString","coordinates":[[32.8308202,39.8557666],[32.8308698,39.8563392],[32.8311023,39.8568958]]}},{"type":"Feature","properties":{"highway":"residential","osm_id":208580962},"geometry":{"type":"LineString","coordinates":[[32.8285294,39.8612173],[32.8283596,39.8608669],[32.828199,39.8605809]]}},{"type":"Feature","properties":{"highway":"residential","osm_id":208580963},"geometry":{"type":"LineString","coordinates":[[32.8253393,39.8629326],[32.8249141,39.8620427],[32.8252018,39.8618938]]}},{"type":"Feature","properties":{"highway":"residential","osm_id":208580964},"geometry":{"type":"LineString","coordinates":[[32.8260555,39.8613569],[32.8260219,39.8612367],[32.8256418,39.8610351]]}},{"type":"Feature","properties":{"highway":"residential","osm_id":208580965},"geometry":{"type":"LineString","coordinates":[[32.8313551,39.8587041],[32.8312523,39.8592928],[32.8309915,39.8595871]]}},{"type":"Feature","properties":{"highway":"residential","osm_id":208580967},"geometry":{"type":"LineString","coordinates":[[32.8283041,39.8630805],[32.8287317,39.8631372],[32.8290336,39.8632102],[32.8294696,39.8633561]]}},{"type":"Feature","properties":{"highway":"residential","osm_id":208580969},"geometry":{"type":"LineString","coordinates":[[32.8235187,39.8626519],[32.8237066,39.8624718],[32.8240923,39.8622144],[32.8243271,39.8621329],[32.8244813,39.8621177]]}},{"type":"Feature","properties":{"highway":"residential","osm_id":208580970},"geometry":{"type":"LineString","coordinates":[[32.825836,39.8614533],[32.8260555,39.8613569],[32.8262623,39.8613097],[32.8264188,39.8612668],[32.8267431,39.8610179],[32.8269162,39.8610247],[32.8270569,39.8609893],[32.827165,39.8608285]]}},{"type":"Feature","properties":{"highway":"residential","osm_id":208580972},"geometry":{"type":"LineString","coordinates":[[32.8251029,39.8648427],[32.8252907,39.864644],[32.8254883,39.8645712],[32.8258283,39.8645045],[32.826097,39.8642557],[32.8263366,39.8639556]]}},{"type":"Feature","properties":{"highway":"residential","osm_id":208580973},"geometry":{"type":"LineString","coordinates":[[32.8236271,39.8619036],[32.8231369,39.8615291],[32.8228741,39.8612931],[32.8227456,39.8611644],[32.8227344,39.8610271],[32.82274,39.8607696],[32.8226868,39.8606637]]}},{"type":"Feature","properties":{"highway":"residential","osm_id":208580974},"geometry":{"type":"LineString","coordinates":[[32.8229527,39.8600633],[32.823218,39.8598011],[32.8233521,39.8597882],[32.8235422,39.8598611],[32.8238049,39.8600671],[32.8242409,39.8605777],[32.824367,39.8606908],[32.8244142,39.8607322],[32.8245001,39.8608098]]}},{"type":"Feature","properties":{"highway":"residential","osm_id":208580975},"geometry":{"type":"LineString","coordinates":[[32.8266065,39.8620194],[32.8268213,39.8618932],[32.8270337,39.8617173],[32.827112,39.8615586],[32.8272462,39.8614942],[32.8273915,39.8614556],[32.8274418,39.8613311],[32.8275584,39.86088]]}},{"type":"Feature","properties":{"highway":"tertiary","osm_id":208580976},"geometry":{"type":"LineString","coordinates":[[32.8433496,39.8634302],[32.8434897,39.8635522],[32.8437893,39.8639381],[32.8440967,39.8645173],[32.8443986,39.8651952],[32.8444992,39.8656353],[32.8445943,39.8659056],[32.8446973,39.8660589],[32.8447787,39.8661802],[32.8449464,39.8663818],[32.8449775,39.8666089],[32.8449875,39.8666433]]}},{"type":"Feature","properties":{"highway":"service","source":"bing","osm_id":208580977},"geometry":{"type":"LineString","coordinates":[[32.8243922,39.8579699],[32.8247891,39.8579571],[32.8250742,39.8579485],[32.825309,39.8579614],[32.8254655,39.8580043],[32.8256053,39.8581845],[32.8257394,39.858369],[32.8258568,39.8584977],[32.8259295,39.8586994]]}},{"type":"Feature","properties":{"highway":"residential","osm_id":208580980},"geometry":{"type":"LineString","coordinates":[[32.826983,39.8579528],[32.8267762,39.8574808],[32.8266532,39.8572448],[32.8264855,39.857086],[32.8262116,39.8569015],[32.8260271,39.8567856],[32.8257924,39.8567685],[32.8254669,39.8566916]]}},{"type":"Feature","properties":{"name":"1018.Sk(12.Sk)","highway":"residential","osm_id":208580982},"geometry":{"type":"LineString","coordinates":[[32.8306861,39.8650256],[32.8300846,39.8656937],[32.8297915,39.8661556],[32.8296933,39.8663802],[32.8294354,39.8666583],[32.8292122,39.866851]]}},{"type":"Feature","properties":{"name":"1019.Sk(14.Sk)","highway":"residential","osm_id":208580983},"geometry":{"type":"LineString","coordinates":[[32.8297915,39.8661556],[32.8303976,39.8661743],[32.8307498,39.866067]]}},{"type":"Feature","properties":{"name":"1020.Sk(22.Sk)","highway":"residential","osm_id":208580984},"geometry":{"type":"LineString","coordinates":[[32.8292155,39.8644756],[32.8297211,39.8640426],[32.8303728,39.8646825]]}},{"type":"Feature","properties":{"name":"17.Sk","highway":"residential","osm_id":208580985},"geometry":{"type":"LineString","coordinates":[[32.8294696,39.8633561],[32.8293242,39.8636307],[32.829218,39.8638366],[32.8289908,39.8641288]]}},{"type":"Feature","properties":{"name":"18.Sk","highway":"residential","osm_id":208580986},"geometry":{"type":"LineString","coordinates":[[32.8294696,39.8633561],[32.8298832,39.8634719],[32.830269,39.8632949]]}},{"type":"Feature","properties":{"name":"36.Sk","highway":"residential","osm_id":208580987},"geometry":{"type":"LineString","coordinates":[[32.8283484,39.8610899],[32.8283474,39.8614813],[32.8281629,39.8624425],[32.8281797,39.862554],[32.82823,39.8626012],[32.8286635,39.86269]]}},{"type":"Feature","properties":{"name":"37.Sk","highway":"residential","osm_id":208580988},"geometry":{"type":"LineString","coordinates":[[32.8286838,39.8613259],[32.8292301,39.8611622]]}},{"type":"Feature","properties":{"name":"41.Sk","highway":"residential","osm_id":208580990},"geometry":{"type":"LineString","coordinates":[[32.8263366,39.8639556],[32.8269825,39.8632848],[32.8273308,39.8628614]]}},{"type":"Feature","properties":{"name":"42.Sk","highway":"residential","osm_id":208580991},"geometry":{"type":"LineString","coordinates":[[32.8241542,39.8645636],[32.8246583,39.8641404],[32.8251089,39.8640918],[32.8254646,39.8640433],[32.8257176,39.8639644],[32.825931,39.863746]]}},{"type":"Feature","properties":{"highway":"secondary","name":"786.cd(3.cd)","osm_id":208580993},"geometry":{"type":"LineString","coordinates":[[32.83802,39.8542867],[32.8382558,39.8544645],[32.8384574,39.8547983],[32.8387381,39.8553779],[32.8387934,39.8556267],[32.8388329,39.8558816],[32.8388646,39.8561426],[32.8389436,39.8564156],[32.8392051,39.8569311],[32.8394772,39.8572956],[32.8397621,39.8576101],[32.8398923,39.8577538],[32.8401571,39.8581604],[32.8405959,39.8588097],[32.8407304,39.8590503],[32.8407895,39.8591586],[32.8409476,39.8593589],[32.8411137,39.8594742],[32.8412481,39.8595925],[32.8414813,39.8599445],[32.8416196,39.860345],[32.8417935,39.8605968],[32.8419042,39.8607438],[32.8420544,39.8609427],[32.8424971,39.8614282],[32.8428331,39.8618347],[32.8430545,39.8621654],[32.84318,39.8624338],[32.8432471,39.8627728],[32.8432359,39.8631504],[32.8431979,39.8634393]]}},{"type":"Feature","properties":{"name":"807.Sk(70.Sk)","highway":"residential","osm_id":208580997},"geometry":{"type":"LineString","coordinates":[[32.8273362,39.86085],[32.8273503,39.8606669],[32.8274122,39.8605063],[32.8275184,39.8603604],[32.8276917,39.8601802],[32.8277364,39.8600644],[32.8277364,39.8599185],[32.8276135,39.8595237],[32.8274346,39.8590131],[32.8272054,39.8585668],[32.826993,39.8583394],[32.8265234,39.857803],[32.8261824,39.8573481],[32.825942,39.8570177],[32.8258638,39.8569147],[32.8258191,39.8568718],[32.8256737,39.8568117],[32.8254669,39.8566916],[32.8253439,39.8565929],[32.8253048,39.8564384],[32.8251986,39.8562668],[32.8250644,39.8560994],[32.8249247,39.855975],[32.8248688,39.8558376],[32.8248464,39.8554986],[32.8248266,39.8553338],[32.8247435,39.8552306],[32.8244879,39.8548647],[32.8240996,39.8545632]]}},{"type":"Feature","properties":{"name":"891.cd(52.cd)","highway":"residential","osm_id":208580998},"geometry":{"type":"LineString","coordinates":[[32.8205826,39.863157],[32.8210278,39.863191],[32.8217045,39.8631997],[32.8218353,39.8631954],[32.8220059,39.8631255],[32.822421,39.8629335],[32.8224947,39.8628933],[32.8227214,39.8627698],[32.8228985,39.8626092],[32.8232432,39.8622965],[32.8236271,39.8619036],[32.8237886,39.8617382],[32.823923,39.861453],[32.8241365,39.8612224],[32.8242392,39.8611435],[32.8243973,39.861004],[32.8245001,39.8608098],[32.8246029,39.8605974],[32.8251079,39.8599823]]}},{"type":"Feature","properties":{"name":"896.Sk(19.Sk)","highway":"residential","osm_id":208581000},"geometry":{"type":"LineString","coordinates":[[32.8235943,39.8591012],[32.823389,39.8589392],[32.8232554,39.858822],[32.8232356,39.858737],[32.8232356,39.8586248],[32.8232988,39.8584791],[32.8234451,39.858291],[32.8235479,39.8582546],[32.8236704,39.8582576]]}},{"type":"Feature","properties":{"name":"896/1.Sk(40.Sk)","highway":"residential","osm_id":208581001},"geometry":{"type":"LineString","coordinates":[[32.8245001,39.8608098],[32.8252388,39.8611638],[32.825836,39.8614533],[32.8263219,39.8618252],[32.8266065,39.8620194],[32.8269859,39.862159],[32.827231,39.8623289],[32.8274287,39.8625898],[32.8275393,39.8627961],[32.8275206,39.8629464]]}},{"type":"Feature","properties":{"name":"897.Sk(39.Sk)","highway":"residential","osm_id":208581003},"geometry":{"type":"LineString","coordinates":[[32.8242392,39.8611435],[32.8245528,39.8613689],[32.8248938,39.8616092],[32.8250951,39.8617423],[32.8252018,39.8618938],[32.8252795,39.862004],[32.8255199,39.8623301],[32.8258051,39.8627279]]}},{"type":"Feature","properties":{"name":"899.Sk","highway":"residential","osm_id":208581004},"geometry":{"type":"LineString","coordinates":[[32.8237886,39.8617382],[32.8239938,39.861798],[32.8243069,39.8618281],[32.8243907,39.8618839],[32.8244522,39.862004],[32.8244813,39.8621177],[32.8246255,39.8626819],[32.8247623,39.8629714],[32.8248801,39.8631345],[32.825931,39.863746],[32.8263366,39.8639556],[32.8271699,39.8643861]]}},{"type":"Feature","properties":{"name":"943.Sk(131.Sk)","highway":"residential","osm_id":208581026},"geometry":{"type":"LineString","coordinates":[[32.837696,39.8558096],[32.8376597,39.8555436],[32.837615,39.8553805],[32.8375395,39.8552496],[32.8375207,39.8551933],[32.8374913,39.8551052],[32.8373767,39.8550215],[32.8372146,39.8549765],[32.8370022,39.8549464],[32.836692,39.8549464],[32.8364404,39.8549421],[32.8360072,39.8548949],[32.8357221,39.8548713],[32.8354594,39.854867],[32.8351882,39.8548627],[32.8348181,39.8549171],[32.8344995,39.855033],[32.8342647,39.8551531],[32.8340579,39.8552347],[32.8336163,39.8553033],[32.833074,39.8553291],[32.8327163,39.8553205],[32.8324144,39.8553076],[32.8321908,39.8553634],[32.832079,39.8554407]]}},{"type":"Feature","properties":{"highway":"residential","name":"953.cd(10.cd)","osm_id":208581045},"geometry":{"type":"LineString","coordinates":[[32.8308392,39.8658053],[32.8307386,39.8658954],[32.8306939,39.8659726],[32.8307498,39.866067],[32.8309678,39.8663716],[32.8312196,39.8666276],[32.8316176,39.8668022],[32.8319531,39.8669593],[32.8320725,39.8673871],[32.8323057,39.8681029],[32.8323853,39.8683254],[32.8321749,39.8688972]]}},{"type":"Feature","properties":{"highway":"residential","name":"953.cd(10.cd)","osm_id":208581046},"geometry":{"type":"LineString","coordinates":[[32.8282726,39.8580543],[32.8283749,39.8583519],[32.82847,39.8585793],[32.8284774,39.8587299],[32.8284923,39.8588153],[32.8285706,39.8590599]]}},{"type":"Feature","properties":{"highway":"residential","name":"956.Sk(96.Sk)","osm_id":208581048},"geometry":{"type":"LineString","coordinates":[[32.8332318,39.8663353],[32.8330618,39.8656224],[32.8328997,39.8651794],[32.8328167,39.8650217],[32.8324649,39.8645089],[32.8322317,39.864248],[32.8320736,39.8640599],[32.8319867,39.8639234],[32.8318125,39.863623],[32.8316825,39.8633152],[32.8316448,39.8632261],[32.8314846,39.8628575],[32.8313337,39.8625936],[32.8310888,39.8622704],[32.8308138,39.8619242],[32.8303638,39.8613627],[32.8299585,39.8609673],[32.8298356,39.8608107],[32.8296973,39.8605397],[32.8296539,39.8604546],[32.8291104,39.8593322]]}},{"type":"Feature","properties":{"highway":"residential","name":"958.Sk","osm_id":208581050},"geometry":{"type":"LineString","coordinates":[[32.8316825,39.8633152],[32.8310912,39.8634772],[32.8305378,39.8636231]]}},{"type":"Feature","properties":{"highway":"residential","name":"962.Sk(95.Sk)","osm_id":208581056},"geometry":{"type":"LineString","coordinates":[[32.8332318,39.8663353],[32.8332212,39.8664749],[32.8331643,39.8664661],[32.8330279,39.8664225],[32.8329358,39.8663047],[32.832511,39.8657255],[32.8324104,39.8656053],[32.8323153,39.8655324],[32.832131,39.8654809],[32.8319241,39.8654552]]}},{"type":"Feature","properties":{"name":"970.Sk(117.Sk)","highway":"residential","osm_id":208581061},"geometry":{"type":"LineString","coordinates":[[32.8366533,39.8679723],[32.8364966,39.8676581],[32.8362692,39.8673569],[32.8358496,39.8669926],[32.8351773,39.8664927],[32.8348281,39.866109],[32.834255,39.8649822],[32.834311,39.8647935],[32.8341072,39.8642236],[32.8340102,39.8639521],[32.8338881,39.8636107]]}},{"type":"Feature","properties":{"highway":"residential","name":"974.Sk(76.Sk)","osm_id":208581065},"geometry":{"type":"LineString","coordinates":[[32.8331551,39.8600268],[32.8338874,39.8600203],[32.8342177,39.8600142],[32.834698,39.8600053],[32.8354713,39.8599996],[32.8355765,39.8599988]]}},{"type":"Feature","properties":{"highway":"residential","name":"979.Sk(107.Sk)","osm_id":208581070},"geometry":{"type":"LineString","coordinates":[[32.8327049,39.863043],[32.8334564,39.8629925]]}},{"type":"Feature","properties":{"name":"981.Sk(109.Sk)","highway":"residential","osm_id":208581074},"geometry":{"type":"LineString","coordinates":[[32.8341072,39.8642236],[32.8344966,39.8641083],[32.8348087,39.8640159],[32.8362549,39.8636343]]}},{"type":"Feature","properties":{"highway":"residential","osm_id":208677726},"geometry":{"type":"LineString","coordinates":[[32.8410184,39.8575501],[32.840967,39.8577288],[32.8408393,39.8579025],[32.8406888,39.858122],[32.8406191,39.8582291],[32.8405862,39.8583424],[32.8406314,39.8585282],[32.8407093,39.8587424],[32.8408447,39.8589376],[32.840929,39.8591059]]}},{"type":"Feature","properties":{"highway":"tertiary","osm_id":208677728},"geometry":{"type":"LineString","coordinates":[[32.8405254,39.8548422],[32.8406901,39.8549635],[32.8408235,39.8551439],[32.8409714,39.8553153],[32.8411426,39.8554801],[32.8414443,39.855636],[32.841746,39.8558186],[32.8419345,39.8559544],[32.8420685,39.8561064],[32.8421347,39.8561816]]}},{"type":"Feature","properties":{"highway":"residential","osm_id":208677729},"geometry":{"type":"LineString","coordinates":[[32.8433425,39.8540558],[32.843408,39.8539056],[32.8434819,39.853808],[32.843605,39.8537608],[32.8438019,39.8537293],[32.843966,39.8536757],[32.8440398,39.8535466],[32.8440767,39.8534584],[32.8440234,39.8533073],[32.843966,39.8532033]]}},{"type":"Feature","properties":{"highway":"tertiary","osm_id":208677731},"geometry":{"type":"LineString","coordinates":[[32.8451758,39.8632481],[32.8450433,39.863313],[32.8448669,39.8633822],[32.8448341,39.86342],[32.8448587,39.8634578],[32.8449408,39.8635586],[32.8451418,39.8637695],[32.8452444,39.8638105],[32.8453551,39.863779],[32.8455753,39.8636864]]}},{"type":"Feature","properties":{"highway":"tertiary","osm_id":208677733},"geometry":{"type":"LineString","coordinates":[[32.8432165,39.8561262],[32.8430165,39.8561615],[32.8428715,39.8562261],[32.8427816,39.8562417],[32.8426394,39.856117],[32.8425292,39.8560658],[32.8424683,39.8560279],[32.8423899,39.8560057],[32.8422913,39.8560079],[32.8421637,39.8560569],[32.8420685,39.8561064]]}},{"type":"Feature","properties":{"highway":"tertiary","osm_id":208677735},"geometry":{"type":"LineString","coordinates":[[32.844014,39.8592359],[32.8441166,39.8590438],[32.8442807,39.8588234],[32.8447114,39.8584644],[32.8448673,39.8583384],[32.8452407,39.8580645],[32.8456201,39.8578173],[32.8457029,39.8577236],[32.8457729,39.8576443],[32.8460484,39.8572034],[32.8460774,39.8571596],[32.8461529,39.8570453],[32.8470147,39.8555428]]}},{"type":"Feature","properties":{"highway":"tertiary","osm_id":208677736},"geometry":{"type":"LineString","coordinates":[[32.8381167,39.853145],[32.8383492,39.8533255],[32.8383369,39.8534578],[32.838341,39.8536247],[32.8383944,39.8537633],[32.8386405,39.8539365],[32.838899,39.8540845],[32.8390877,39.8542609],[32.8392436,39.8544561],[32.8394405,39.8547395],[32.8397317,39.8550419],[32.8399779,39.8552371],[32.8403061,39.8554261],[32.8405037,39.8555336]]}},{"type":"Feature","properties":{"highway":"tertiary","osm_id":208677737},"geometry":{"type":"LineString","coordinates":[[32.8381689,39.8529593],[32.83878,39.8529692],[32.8390278,39.8529375],[32.8392682,39.8529066],[32.8398056,39.8528374],[32.8401502,39.8528248],[32.8404989,39.85285],[32.8408763,39.8529539],[32.8411758,39.8530862],[32.841385,39.8531365],[32.8416722,39.8530925],[32.8419429,39.8530515],[32.8422506,39.8530673],[32.8426486,39.8530283]]}},{"type":"Feature","properties":{"highway":"tertiary","osm_id":208677739},"geometry":{"type":"LineString","coordinates":[[32.8425453,39.8603987],[32.8424162,39.8602347],[32.8422305,39.8601189],[32.8421145,39.8600165],[32.8420014,39.8599074],[32.8419289,39.8597916],[32.8419114,39.8597092],[32.8418882,39.8596157],[32.8419289,39.8595044],[32.8419608,39.8593797],[32.8419579,39.8592995],[32.8419405,39.8592683],[32.8418534,39.8592238],[32.8417535,39.8591939]]}},{"type":"Feature","properties":{"highway":"residential","osm_id":208677741},"geometry":{"type":"LineString","coordinates":[[32.8378435,39.8661806],[32.838302,39.8658881],[32.8385644,39.8657207],[32.8388371,39.8655114],[32.8394168,39.8651595],[32.8394753,39.865124],[32.8397364,39.8649547],[32.839864,39.8648122],[32.83998,39.864554],[32.8400005,39.8644589],[32.8400671,39.8640508],[32.8399568,39.8638637],[32.8398176,39.8637435],[32.8395391,39.8636589],[32.8385935,39.8640285],[32.8385435,39.8640511],[32.8379147,39.8643358]]}},{"type":"Feature","properties":{"highway":"tertiary","osm_id":208677742},"geometry":{"type":"LineString","coordinates":[[32.8408577,39.8540139],[32.8411039,39.8542217],[32.8412844,39.854354],[32.8414362,39.854417],[32.8416003,39.8544139],[32.8418341,39.8544233],[32.8421295,39.8544076],[32.8423387,39.8543918],[32.8426135,39.8544265],[32.84286,39.8544994],[32.8429562,39.8545279],[32.8432412,39.8546123],[32.843705,39.8547572],[32.8440576,39.8548485],[32.8447755,39.8550941],[32.8456442,39.8552907]]}},{"type":"Feature","properties":{"highway":"footway","osm_id":208677743},"geometry":{"type":"LineString","coordinates":[[32.8274259,39.8535601],[32.8275493,39.8540852],[32.8286632,39.8544148],[32.8297713,39.8543302],[32.8309562,39.8542988],[32.8311173,39.8542945],[32.8321209,39.8542633],[32.8326257,39.8542055],[32.8330144,39.8538358],[32.8332929,39.8534572],[32.8332929,39.8533726],[32.8331942,39.8533102],[32.832997,39.853239],[32.8327939,39.853239],[32.8325958,39.8531517],[32.832364,39.8529738],[32.8310995,39.8521369]]}},{"type":"Feature","properties":{"highway":"tertiary","osm_id":208677744},"geometry":{"type":"LineString","coordinates":[[32.843462,39.860624],[32.8433009,39.860522],[32.8431791,39.8604173],[32.8430254,39.8602704],[32.8429151,39.8601234],[32.8428687,39.8600744],[32.8428107,39.860041],[32.8427295,39.8599965],[32.8426367,39.8599007],[32.8425844,39.8598228],[32.8424887,39.8597493],[32.8423959,39.8596714],[32.8423466,39.8595912],[32.8423176,39.8595333],[32.8423234,39.8594732],[32.8424133,39.8593997],[32.8425786,39.8592617],[32.8426105,39.8591281]]}},{"type":"Feature","properties":{"highway":"tertiary","osm_id":208677745},"geometry":{"type":"LineString","coordinates":[[32.8431454,39.8563009],[32.8433623,39.8561221],[32.8436454,39.8558764],[32.8438998,39.8557158],[32.8440228,39.8555741],[32.8441352,39.8554481],[32.8441828,39.8553946],[32.8443346,39.8552812],[32.8444782,39.8552529],[32.8445766,39.8552938],[32.8447407,39.8553946],[32.8448351,39.8555017],[32.8449336,39.8556276],[32.8450156,39.8557253],[32.8451264,39.8557977],[32.8454258,39.8559268],[32.8455161,39.8559961],[32.8455445,39.8560595]]}},{"type":"Feature","properties":{"highway":"residential","osm_id":208677746},"geometry":{"type":"LineString","coordinates":[[32.8431658,39.8616736],[32.8434304,39.8618075],[32.8436848,39.8619019],[32.8437976,39.8619507],[32.8439412,39.8620358],[32.8441935,39.8622609],[32.8442632,39.862305],[32.844333,39.8622892],[32.844575,39.8621286],[32.8448417,39.861883],[32.8450981,39.8616752],[32.8452273,39.8616012],[32.8457052,39.8614296],[32.8460026,39.8613225],[32.8461811,39.8612658],[32.8464375,39.8612029],[32.846618,39.8611855],[32.8467144,39.861184],[32.8467557,39.8611827],[32.8469521,39.8611764],[32.8472237,39.8611887],[32.8474925,39.8612341],[32.8476133,39.8612775],[32.8476592,39.861294],[32.8478663,39.8613972],[32.8481378,39.8615994],[32.8483811,39.8617772]]}},{"type":"Feature","properties":{"highway":"tertiary","osm_id":208677747},"geometry":{"type":"LineString","coordinates":[[32.8429562,39.8545279],[32.8429361,39.854635],[32.8429095,39.8550664],[32.842889,39.8552601],[32.8428787,39.8553703],[32.8429136,39.8554444],[32.8429115,39.8555404],[32.8429197,39.8556538],[32.8430243,39.8557546],[32.8431331,39.8558774],[32.8432582,39.8560427],[32.8432165,39.8561262],[32.8431843,39.8561907],[32.8431454,39.8563009],[32.843129,39.8564143],[32.8431577,39.8565214],[32.8432048,39.856608],[32.8433211,39.8567386]]}},{"type":"Feature","properties":{"highway":"tertiary","osm_id":208677749},"geometry":{"type":"LineString","coordinates":[[32.8424334,39.8572908],[32.842309,39.8572065],[32.8422434,39.8571089],[32.8422106,39.8570302],[32.8422188,39.856942],[32.8422311,39.856794],[32.8422522,39.8566739],[32.8422235,39.8565826],[32.8420964,39.8564692],[32.8419802,39.8563851],[32.8419159,39.8563386],[32.8416307,39.8561024],[32.8414954,39.8560095],[32.8414334,39.8559793],[32.8412492,39.8558898],[32.8410995,39.8558174],[32.8409251,39.8557371],[32.8406646,39.855578],[32.840509,39.8554657]]}},{"type":"Feature","properties":{"highway":"tertiary","osm_id":208677751},"geometry":{"type":"LineString","coordinates":[[32.8456155,39.851604],[32.8452895,39.8515512],[32.8447078,39.8516096],[32.844415,39.8516475],[32.844107,39.8516213],[32.8438294,39.8516388],[32.8436576,39.8517332],[32.8431232,39.852877]]}},{"type":"Feature","properties":{"highway":"residential","osm_id":208677755},"geometry":{"type":"LineString","coordinates":[[32.843411,39.8589871],[32.842931,39.8593241]]}},{"type":"Feature","properties":{"highway":"residential","osm_id":208677759},"geometry":{"type":"LineString","coordinates":[[32.8389662,39.8645876],[32.8400671,39.8640508]]}},{"type":"Feature","properties":{"highway":"residential","osm_id":208677762},"geometry":{"type":"LineString","coordinates":[[32.8411041,39.8517514],[32.8412436,39.8514081],[32.8414793,39.8510934]]}},{"type":"Feature","properties":{"highway":"residential","osm_id":208677763},"geometry":{"type":"LineString","coordinates":[[32.8377171,39.8650798],[32.8374426,39.8646643]]}},{"type":"Feature","properties":{"highway":"residential","osm_id":208677764},"geometry":{"type":"LineString","coordinates":[[32.8414334,39.8559793],[32.8410461,39.8562268]]}},{"type":"Feature","properties":{"highway":"residential","osm_id":208677765},"geometry":{"type":"LineString","coordinates":[[32.8448673,39.8583384],[32.8444026,39.8580538]]}},{"type":"Feature","properties":{"highway":"residential","osm_id":208677767},"geometry":{"type":"LineString","coordinates":[[32.8425656,39.8514096],[32.8421708,39.8522395]]}},{"type":"Feature","properties":{"highway":"tertiary","osm_id":208677772},"geometry":{"type":"LineString","coordinates":[[32.8455753,39.8636864],[32.8452519,39.863252]]}},{"type":"Feature","properties":{"highway":"residential","osm_id":208677773},"geometry":{"type":"LineString","coordinates":[[32.8368183,39.8649191],[32.8374426,39.8646643]]}},{"type":"Feature","properties":{"highway":"residential","osm_id":208677776},"geometry":{"type":"LineString","coordinates":[[32.8460433,39.861095],[32.8461811,39.8612658]]}},{"type":"Feature","properties":{"highway":"residential","osm_id":208677777},"geometry":{"type":"LineString","coordinates":[[32.838302,39.8658881],[32.8377171,39.8650798]]}},{"type":"Feature","properties":{"highway":"residential","osm_id":208677789},"geometry":{"type":"LineString","coordinates":[[32.8374426,39.8646643],[32.8377703,39.8645306]]}},{"type":"Feature","properties":{"highway":"residential","osm_id":208677791},"geometry":{"type":"LineString","coordinates":[[32.8317499,39.8572701],[32.8322566,39.8582078]]}},{"type":"Feature","properties":{"highway":"tertiary","osm_id":208677794},"geometry":{"type":"LineString","coordinates":[[32.8414457,39.8580937],[32.8415729,39.8579567],[32.8418128,39.8577945],[32.8420824,39.8575647],[32.8422652,39.8574177],[32.8424334,39.8572908],[32.8425386,39.8572386],[32.8426307,39.8571928],[32.84306,39.8569078],[32.8433211,39.8567386],[32.8434951,39.8566606],[32.8437475,39.8565515],[32.8438751,39.8564869],[32.8440898,39.8563533],[32.8444292,39.856164],[32.8445887,39.8560995],[32.8446526,39.8560816],[32.8448324,39.8560215],[32.8448794,39.8560202],[32.8450761,39.8560148],[32.8453024,39.8560237],[32.8455445,39.8560595],[32.8456573,39.8561032],[32.8457158,39.8561016],[32.845772,39.8560892]]}},{"type":"Feature","properties":{"highway":"residential","osm_id":208677795},"geometry":{"type":"LineString","coordinates":[[32.8385435,39.8640511],[32.8389662,39.8645876],[32.8394168,39.8651595]]}},{"type":"Feature","properties":{"highway":"residential","osm_id":208677801},"geometry":{"type":"LineString","coordinates":[[32.8442807,39.8588234],[32.8439719,39.8586458],[32.8436724,39.8584317]]}},{"type":"Feature","properties":{"highway":"residential","osm_id":208677802},"geometry":{"type":"LineString","coordinates":[[32.8429095,39.8550664],[32.843255,39.8551624],[32.8433863,39.855175]]}},{"type":"Feature","properties":{"highway":"residential","osm_id":208677803},"geometry":{"type":"LineString","coordinates":[[32.8441296,39.8599819],[32.8438521,39.8598272],[32.8435997,39.8597137]]}},{"type":"Feature","properties":{"highway":"tertiary","osm_id":208677806},"geometry":{"type":"LineString","coordinates":[[32.8419042,39.8607438],[32.8421761,39.8604931],[32.8423196,39.8603735],[32.8424222,39.8603514],[32.8425453,39.8603987],[32.8426396,39.8604711],[32.8427996,39.8605939],[32.8428571,39.860701],[32.8429514,39.8607986],[32.8430991,39.8609214],[32.8432714,39.860956],[32.8433206,39.8609466],[32.8433616,39.8608427],[32.8434566,39.860641],[32.843462,39.860624],[32.8434769,39.8605765],[32.8435756,39.860356],[32.8436481,39.8602558],[32.8437032,39.8602068],[32.8438466,39.8601297],[32.8440136,39.8600398],[32.8441296,39.8599819],[32.844382,39.8598528],[32.8445647,39.8597726],[32.8447504,39.8597414],[32.8448925,39.8597058],[32.8451043,39.8596412],[32.8452783,39.8595923],[32.8455452,39.8595433],[32.8457976,39.8595188],[32.8460412,39.8595054],[32.8462414,39.859521],[32.8464097,39.8595566],[32.8465605,39.8595833],[32.8467287,39.8595989],[32.8470247,39.8596069],[32.8474119,39.8595863],[32.8476754,39.8595884],[32.8477668,39.8596296],[32.8479604,39.8598133],[32.8479792,39.8598918],[32.8479496,39.8599929],[32.8478663,39.8600775],[32.8477318,39.8601415],[32.8475598,39.8601786],[32.8474092,39.8602715],[32.8471806,39.8604573],[32.8467666,39.860771],[32.8468822,39.8610372],[32.8469521,39.8611764]]}},{"type":"Feature","properties":{"highway":"tertiary","osm_id":208677807},"geometry":{"type":"LineString","coordinates":[[32.8407304,39.8590503],[32.840929,39.8591059],[32.8411095,39.8591846],[32.8412571,39.8592759],[32.841372,39.8593294],[32.8414951,39.8593357],[32.8415935,39.8593074],[32.8417535,39.8591939],[32.841811,39.8591531],[32.8419915,39.8589673],[32.8420981,39.8588823],[32.8421638,39.858791],[32.8423566,39.8585516],[32.8425822,39.8583627],[32.8429432,39.8580194],[32.8432468,39.8577423],[32.8436106,39.8573779],[32.8439224,39.8571638],[32.8442875,39.8571386],[32.8444967,39.8570725],[32.8446198,39.8569213],[32.8447469,39.8567765],[32.8448782,39.8567481],[32.8450915,39.8567292],[32.8453992,39.8566788],[32.8455341,39.8566437],[32.8456412,39.8566158],[32.845752,39.8565403],[32.8457766,39.8564237],[32.8457766,39.856219],[32.845772,39.8560892],[32.8458155,39.8558443],[32.8458503,39.8557463],[32.8458881,39.8556394],[32.84592,39.8555347],[32.8459229,39.8554301]]}},{"type":"Feature","properties":{"highway":"residential","osm_id":208677808},"geometry":{"type":"LineString","coordinates":[[32.8432714,39.860956],[32.8433619,39.8609819],[32.8435219,39.8609976],[32.8436491,39.8609866]]}},{"type":"Feature","properties":{"highway":"tertiary","osm_id":208677809},"geometry":{"type":"LineString","coordinates":[[32.8392051,39.8569311],[32.8397657,39.8567012],[32.8402705,39.8564808],[32.8404967,39.8563884]]}},{"type":"Feature","properties":{"highway":"residential","osm_id":208677812},"geometry":{"type":"LineString","coordinates":[[32.8434819,39.853808],[32.8433875,39.8536411],[32.8433506,39.8535151],[32.843315,39.8533368]]}},{"type":"Feature","properties":{"highway":"tertiary","osm_id":208677815},"geometry":{"type":"LineString","coordinates":[[32.8422522,39.8566739],[32.8412721,39.8574403],[32.8412027,39.8574728],[32.8410505,39.8575442],[32.8410184,39.8575501],[32.8408618,39.8575788],[32.8406485,39.8575788],[32.8405172,39.8575379],[32.8404229,39.8574497],[32.8403654,39.857308],[32.8403572,39.8571631],[32.8404639,39.8569899],[32.8405418,39.8568892],[32.8406321,39.8567537],[32.8406198,39.8566561],[32.8405665,39.8565427],[32.8404967,39.8563884],[32.8404557,39.8562467],[32.8404708,39.8560017],[32.8404844,39.8557806],[32.8405037,39.8555336],[32.840509,39.8554657],[32.8405008,39.8550185],[32.8405254,39.8548422],[32.8405541,39.8546501],[32.8405911,39.8544737],[32.8406435,39.8542947],[32.8406649,39.8542217],[32.8407124,39.8541705],[32.8408577,39.8540139],[32.8408577,39.8539257],[32.8408495,39.8537745],[32.8408782,39.8537053],[32.8409726,39.8536675],[32.8411326,39.853658],[32.8414608,39.8536612],[32.8417849,39.8536895],[32.8421869,39.8537462],[32.8423592,39.8537745],[32.8425438,39.8537494],[32.8428064,39.8536801],[32.8431222,39.85351],[32.843315,39.8533368],[32.8434956,39.8531762],[32.8435817,39.8530376],[32.8435981,39.8529463],[32.8435417,39.8528283]]}},{"type":"Feature","properties":{"highway":"tertiary","osm_id":208677817},"geometry":{"type":"LineString","coordinates":[[32.8467019,39.8645194],[32.8465887,39.8644605],[32.8463643,39.8643477],[32.846051,39.8640894],[32.8455753,39.8636864]]}},{"type":"Feature","properties":{"highway":"tertiary","osm_id":208677819},"geometry":{"type":"LineString","coordinates":[[32.8471531,39.8627544],[32.8471151,39.8628706],[32.84706,39.8629801],[32.8469839,39.8631099],[32.8468717,39.8632413],[32.846809,39.8632982],[32.8467212,39.8634358],[32.8466228,39.8635775],[32.8464505,39.8637412],[32.8462002,39.8639774],[32.846051,39.8640894]]}},{"type":"Feature","properties":{"highway":"residential","osm_id":208677823},"geometry":{"type":"LineString","coordinates":[[32.8457029,39.8577236],[32.8455326,39.8576774],[32.8453952,39.8576373],[32.8452188,39.857531],[32.8451388,39.8574389]]}},{"type":"Feature","properties":{"highway":"unclassified","osm_id":208677824},"geometry":{"type":"LineString","coordinates":[[32.8441352,39.8554481],[32.844508,39.8556234],[32.8446762,39.8557525],[32.8448097,39.855904],[32.8448794,39.8560202]]}},{"type":"Feature","properties":{"highway":"residential","osm_id":208677826},"geometry":{"type":"LineString","coordinates":[[32.8411635,39.8534798],[32.8410568,39.8534011],[32.8408271,39.8533255],[32.8405932,39.8533035],[32.8403676,39.853294]]}},{"type":"Feature","properties":{"highway":"residential","osm_id":208677828},"geometry":{"type":"LineString","coordinates":[[32.8412027,39.8574728],[32.841257,39.8577772],[32.8413636,39.8579834],[32.8414457,39.8580937],[32.841538,39.8582763]]}},{"type":"Feature","properties":{"highway":"residential","osm_id":208677829},"geometry":{"type":"LineString","coordinates":[[32.8438466,39.8601297],[32.8440573,39.8602623],[32.844127,39.8603269],[32.8441926,39.8603773],[32.8442993,39.8604151],[32.844488,39.8604119]]}},{"type":"Feature","properties":{"highway":"tertiary","osm_id":208677831},"geometry":{"type":"LineString","coordinates":[[32.8389436,39.8564156],[32.8392929,39.8563293],[32.8395859,39.8562937],[32.8398354,39.8562403],[32.8401603,39.8561222],[32.8404708,39.8560017]]}},{"type":"Feature","properties":{"highway":"residential","osm_id":208677832},"geometry":{"type":"LineString","coordinates":[[32.8446526,39.8560816],[32.8445787,39.8561534],[32.8444569,39.8562892],[32.8443379,39.8564229],[32.8442103,39.8565587],[32.8441523,39.8566344]]}},{"type":"Feature","properties":{"highway":"residential","osm_id":208677833},"geometry":{"type":"LineString","coordinates":[[32.8405911,39.8544737],[32.8405004,39.8543194],[32.8404512,39.8542784],[32.8403322,39.8542564],[32.8397579,39.8541682],[32.8394502,39.8541178]]}},{"type":"Feature","properties":{"highway":"tertiary","osm_id":208677834},"geometry":{"type":"LineString","coordinates":[[32.8425786,39.8592617],[32.8426279,39.8594487],[32.8427382,39.8595712],[32.8429441,39.8597337],[32.8431733,39.8599096],[32.843388,39.8600455],[32.8437032,39.8602068]]}},{"type":"Feature","properties":{"highway":"tertiary","osm_id":208677835},"geometry":{"type":"LineString","coordinates":[[32.8455753,39.8636864],[32.8456341,39.8635932],[32.8459089,39.8634169],[32.8462823,39.863165],[32.8464546,39.8629918],[32.8465858,39.8629162],[32.8467212,39.862869],[32.8468375,39.8628172],[32.8471531,39.8627544],[32.8473965,39.8626771],[32.8475866,39.8626158],[32.8476613,39.8625644],[32.8477881,39.8624771],[32.8482482,39.8620977],[32.8484117,39.8619138],[32.8483914,39.8618231],[32.8483811,39.8617772]]}},{"type":"Feature","properties":{"highway":"residential","osm_id":208677837},"geometry":{"type":"LineString","coordinates":[[32.84286,39.8544994],[32.8429445,39.8542615],[32.8429896,39.8541639],[32.8430881,39.8540977],[32.8432727,39.8540568],[32.8433425,39.8540558],[32.8434901,39.8540536]]}},{"type":"Feature","properties":{"highway":"secondary","osm_id":208677838},"geometry":{"type":"LineString","coordinates":[[32.8406435,39.8542947],[32.8404876,39.8541408],[32.8403175,39.8540283],[32.839923,39.8537218],[32.8397789,39.8535477],[32.8397789,39.8534878],[32.8398049,39.8534407],[32.8398805,39.8534171],[32.8399939,39.8534207],[32.8402018,39.8534933],[32.8404546,39.8535549],[32.8406105,39.8535586],[32.8407163,39.8535276],[32.8409173,39.8535145],[32.8411635,39.8534798],[32.8418609,39.853505],[32.8420045,39.8534452],[32.8422178,39.853272],[32.8426486,39.8530283]]}},{"type":"Feature","properties":{"highway":"residential","osm_id":208677840},"geometry":{"type":"LineString","coordinates":[[32.8461259,39.865602],[32.8460115,39.8655392],[32.8458597,39.8653534],[32.8457531,39.8651141],[32.8457448,39.8650448],[32.84579,39.8649693],[32.8459171,39.864922]]}},{"type":"Feature","properties":{"highway":"residential","osm_id":208677841},"geometry":{"type":"LineString","coordinates":[[32.8419802,39.8563851],[32.8417045,39.8565732],[32.8415465,39.8567039],[32.8414953,39.8567543],[32.8414132,39.8568409],[32.8413517,39.856896],[32.8410789,39.8570456]]}},{"type":"Feature","properties":{"highway":"residential","osm_id":208677843},"geometry":{"type":"LineString","coordinates":[[32.8429361,39.854635],[32.8428126,39.854664],[32.8427101,39.8547301],[32.8426608,39.8549096],[32.8426608,39.8550828],[32.8426526,39.8552182],[32.8426526,39.8553348],[32.8427101,39.855404]]}},{"type":"Feature","properties":{"highway":"tertiary","osm_id":208677845},"geometry":{"type":"LineString","coordinates":[[32.845247,39.8624441],[32.845588,39.8621907],[32.8457678,39.8621061],[32.8458897,39.8620749],[32.8461014,39.8620793],[32.8462726,39.862086],[32.8464118,39.8620615],[32.8467193,39.861948],[32.8470328,39.8618265],[32.8472613,39.8616923],[32.8474495,39.8615004],[32.8476133,39.8612775]]}},{"type":"Feature","properties":{"highway":"tertiary","osm_id":208677848},"geometry":{"type":"LineString","coordinates":[[32.8453024,39.8560237],[32.8453503,39.8561801],[32.8453706,39.8563538],[32.845417,39.8564785],[32.8455341,39.8566437],[32.8457361,39.8569283],[32.845858,39.8570352],[32.8460774,39.8571596]]}},{"type":"Feature","properties":{"name":"928.SK(19.sK)","highway":"residential","osm_id":208677849},"geometry":{"type":"LineString","coordinates":[[32.8244879,39.8548647],[32.8243142,39.8550131],[32.8241138,39.8551093],[32.8237739,39.8551705],[32.8234664,39.8551834],[32.8232149,39.8552177],[32.8229465,39.8552606],[32.8227062,39.8553078],[32.8223168,39.8554002],[32.8222012,39.855412],[32.8219883,39.8554338],[32.8216306,39.8554562],[32.8212875,39.8555795],[32.8208568,39.8556916],[32.8204261,39.8556972],[32.819886,39.8556299],[32.8195283,39.8556075],[32.8192655,39.8556075],[32.8190027,39.8557308],[32.8188859,39.8558709],[32.818864,39.8560502],[32.8189507,39.8561276],[32.8192236,39.8562367],[32.8194454,39.8563196],[32.8196444,39.856455],[32.819724,39.8566776],[32.8198321,39.8568609],[32.8201562,39.8569351],[32.8204405,39.8570006],[32.8207874,39.85728],[32.8209296,39.8574502],[32.8209993,39.8577208],[32.8210376,39.8578693],[32.8212025,39.8583669],[32.8215392,39.8589925],[32.8215949,39.8590959],[32.8216629,39.8591297],[32.8218849,39.8592399],[32.8221237,39.8592574],[32.8224479,39.8591701],[32.82266,39.8591213],[32.8227603,39.8590982],[32.8230093,39.859083],[32.8233295,39.8590891],[32.8235943,39.8591012],[32.8236946,39.8591305],[32.8237919,39.8591589],[32.8239303,39.8592256],[32.8241082,39.8593803],[32.8242702,39.8595654],[32.8244323,39.859702],[32.824622,39.8598142],[32.8249066,39.8599235],[32.8251079,39.8599823]]}},{"type":"Feature","properties":{"highway":"residential","osm_id":208677851},"geometry":{"type":"LineString","coordinates":[[32.8425386,39.8572386],[32.8426126,39.8573467],[32.8426967,39.8574081],[32.8427747,39.8574553],[32.8428526,39.8574758],[32.8429675,39.8574506],[32.8430372,39.8574301],[32.8431131,39.857375],[32.8431952,39.8573042]]}},{"type":"Feature","properties":{"highway":"residential","osm_id":208677853},"geometry":{"type":"LineString","coordinates":[[32.8458019,39.8663608],[32.8458142,39.866238],[32.845929,39.8659295],[32.8461259,39.865602],[32.8462817,39.8652966],[32.8464209,39.8649738],[32.8466008,39.8646665],[32.8467019,39.8645194],[32.846711,39.8645062]]}},{"type":"Feature","properties":{"highway":"service","source":"bing","osm_id":208677854},"geometry":{"type":"LineString","coordinates":[[32.8222012,39.855412],[32.8224032,39.8556736],[32.8226045,39.8559965],[32.8227767,39.856232],[32.823073,39.8565367],[32.8233525,39.8567727],[32.8234643,39.8569057],[32.8237885,39.8574293],[32.8240401,39.8577211],[32.8243922,39.8579699],[32.8249568,39.8584763],[32.8251804,39.8587037]]}},{"type":"Feature","properties":{"highway":"tertiary","osm_id":208677855},"geometry":{"type":"LineString","coordinates":[[32.8448925,39.8597058],[32.8446614,39.8595133],[32.844441,39.859393],[32.844014,39.8592359]]}},{"type":"Feature","properties":{"highway":"residential","osm_id":208677858},"geometry":{"type":"LineString","coordinates":[[32.8380007,39.860863],[32.8370227,39.8614696]]}},{"type":"Feature","properties":{"highway":"residential","osm_id":208677859},"geometry":{"type":"LineString","coordinates":[[32.8406901,39.8549635],[32.8409748,39.8551238],[32.8412947,39.8552718],[32.8414629,39.8553537],[32.8415819,39.8554166]]}},{"type":"Feature","properties":{"highway":"secondary","name":"6591/1.Sk(23.Sk)","osm_id":208677871},"geometry":{"type":"LineString","coordinates":[[32.8433496,39.8634302],[32.8436619,39.863412],[32.8438991,39.8633634],[32.8441283,39.8632542],[32.8444129,39.862972],[32.8447884,39.8626383],[32.8449663,39.8624927],[32.8451126,39.8624472],[32.845247,39.8624441],[32.8452865,39.862526],[32.8452549,39.8627293],[32.8452272,39.8628537],[32.8451442,39.862972],[32.8451165,39.8630995],[32.8451205,39.8631905],[32.8451758,39.8632481],[32.8452519,39.863252],[32.8459664,39.862878],[32.8464763,39.8625837],[32.8466146,39.8625139],[32.8467016,39.8624987],[32.8473106,39.8623458],[32.8479519,39.862054],[32.8483811,39.8617772]]}},{"type":"Feature","properties":{"name":"787/1.Sk(158.Sk)","highway":"residential","osm_id":208677873},"geometry":{"type":"LineString","coordinates":[[32.8366442,39.8646799],[32.8372036,39.8644198],[32.8377205,39.8641794]]}},{"type":"Feature","properties":{"highway":"residential","name":"792.Sk(162.Sk)","osm_id":208677874},"geometry":{"type":"LineString","coordinates":[[32.8367664,39.8621025],[32.8368362,39.8624237],[32.8368977,39.8627637],[32.8369264,39.8630408],[32.8369633,39.8639414],[32.8372036,39.8644198]]}},{"type":"Feature","properties":{"name":"794.Sk","highway":"residential","osm_id":208677875},"geometry":{"type":"LineString","coordinates":[[32.8369633,39.8639414],[32.8374362,39.8637252]]}},{"type":"Feature","properties":{"highway":"residential","name":"797.cd(2.cd)","osm_id":208677876},"geometry":{"type":"LineString","coordinates":[[32.835607,39.8601259],[32.8363019,39.8602596],[32.8372624,39.8605144],[32.837804,39.860739],[32.8378581,39.8607731],[32.8380007,39.860863]]}},{"type":"Feature","properties":{"name":"896/1.Sk940.Sk)","highway":"residential","osm_id":208677884},"geometry":{"type":"LineString","coordinates":[[32.8218849,39.8592399],[32.8220821,39.859389],[32.8223153,39.8595897],[32.822754,39.8599384],[32.8229527,39.8600633],[32.8235869,39.8604619],[32.8237898,39.8605861],[32.8239377,39.860645],[32.8241481,39.8606712],[32.824367,39.8606908]]}},{"type":"Feature","properties":{"highway":"residential","name":"900.cd(46.cd)","osm_id":208677887},"geometry":{"type":"LineString","coordinates":[[32.821524,39.8653199],[32.8221858,39.8648878],[32.8224522,39.86473],[32.8227638,39.8644547],[32.8231077,39.8641998],[32.8235657,39.8638767],[32.8239664,39.8635632],[32.8248801,39.8631345],[32.8253393,39.8629326],[32.8258051,39.8627279],[32.8260264,39.8626308],[32.8262004,39.8625883],[32.8264454,39.8626005],[32.826817,39.8626733],[32.8273308,39.8628614],[32.8275206,39.8629464],[32.8281192,39.8632525]]}},{"type":"Feature","properties":{"highway":"residential","name":"901.Cd(49.cd)","osm_id":208677888},"geometry":{"type":"LineString","coordinates":[[32.8231077,39.8641998],[32.8241542,39.8645636],[32.824243,39.8645911],[32.8251029,39.8648427],[32.8255407,39.8649816],[32.8257954,39.8651542]]}},{"type":"Feature","properties":{"name":"902.Sk","highway":"residential","osm_id":208677889},"geometry":{"type":"LineString","coordinates":[[32.8239664,39.8635632],[32.8237593,39.8629298],[32.8236081,39.8627334],[32.8235187,39.8626519]]}},{"type":"Feature","properties":{"name":"929.Sk","highway":"residential","osm_id":208677891},"geometry":{"type":"LineString","coordinates":[[32.8279769,39.8633993],[32.8284888,39.8636732],[32.8287795,39.863892],[32.8289908,39.8641288],[32.8292155,39.8644756],[32.8293105,39.864703],[32.8292602,39.8649733],[32.8291149,39.8652779],[32.8289863,39.8655139],[32.8289248,39.865707],[32.828908,39.8658314],[32.8289192,39.8660545],[32.8290198,39.866372],[32.8292122,39.866851],[32.8293552,39.8671029],[32.829608,39.8673151],[32.8299441,39.867442],[32.8301468,39.8675321],[32.8303762,39.8677164],[32.8304906,39.867956],[32.8305646,39.8685265]]}},{"type":"Feature","properties":{"name":"934.Sk(124.Sk)","highway":"residential","osm_id":208677892},"geometry":{"type":"LineString","coordinates":[[32.8292844,39.8574485],[32.8286958,39.8567957],[32.828236,39.8563979],[32.8275596,39.8557935],[32.8266931,39.8553429],[32.8264924,39.8552092],[32.8260168,39.8548923],[32.8258882,39.855124],[32.825754,39.8552442],[32.8256925,39.8554115],[32.8256869,39.8555489],[32.8257344,39.8557059]]}},{"type":"Feature","properties":{"name":"935.Sk","highway":"residential","osm_id":208677894},"geometry":{"type":"LineString","coordinates":[[32.8275596,39.8557935],[32.82676,39.8563833]]}},{"type":"Feature","properties":{"highway":"residential","name":"935.Sk","osm_id":208677895},"geometry":{"type":"LineString","coordinates":[[32.8279917,39.8554638],[32.8275596,39.8557935]]}},{"type":"Feature","properties":{"name":"935.Sk(125.Sk)","highway":"residential","osm_id":208677896},"geometry":{"type":"LineString","coordinates":[[32.8291207,39.8550354],[32.8292492,39.8550354],[32.8296182,39.8550654],[32.8299871,39.8550568],[32.8303952,39.8550397],[32.8310213,39.8550096],[32.8316101,39.8549882],[32.8319422,39.8550124],[32.8322979,39.8550064],[32.832703,39.8549833],[32.8330216,39.854979],[32.8334018,39.8549618],[32.8337875,39.8548974],[32.8341396,39.8547816],[32.8345924,39.8545928],[32.8350396,39.8544812],[32.8355595,39.8543868],[32.8359117,39.8543353],[32.8362023,39.8543353],[32.8365825,39.8543782],[32.8368787,39.8543996],[32.8372085,39.8543653],[32.8375048,39.8542709],[32.8379303,39.8540318]]}},{"type":"Feature","properties":{"name":"935/1.Sk(121/1.Sk)","highway":"residential","osm_id":208677897},"geometry":{"type":"LineString","coordinates":[[32.8281331,39.8581579],[32.8280116,39.8579871],[32.8277824,39.8577426],[32.8275588,39.8576353],[32.8273073,39.8575495],[32.8270333,39.8573263]]}},{"type":"Feature","properties":{"highway":"residential","name":"936.sK(16.Sk)","osm_id":208677899},"geometry":{"type":"LineString","coordinates":[[32.8274101,39.8549281],[32.8281033,39.8552027],[32.828489,39.8553615],[32.8286511,39.8554345],[32.8287014,39.8555031],[32.8289921,39.8558293]]}},{"type":"Feature","properties":{"name":"936.sK(77.Sk)","highway":"residential","osm_id":208677900},"geometry":{"type":"LineString","coordinates":[[32.8264924,39.8552092],[32.826499,39.8550053],[32.8263816,39.8547951],[32.8262754,39.8546492],[32.8262754,39.8545633],[32.8263313,39.8544818],[32.8264375,39.8544775],[32.8267449,39.854602],[32.8274101,39.8549281]]}},{"type":"Feature","properties":{"name":"937.Sk(129.Sk)","highway":"residential","osm_id":208677901},"geometry":{"type":"LineString","coordinates":[[32.8349974,39.8557063],[32.8348508,39.8555061],[32.8346532,39.8554636],[32.8343211,39.8555182],[32.8339654,39.8555061],[32.8337203,39.8554636],[32.8334436,39.8554636],[32.8330405,39.8554636],[32.8325819,39.8555],[32.8324238,39.855585]]}},{"type":"Feature","properties":{"name":"937.Sk(129.Sk)","highway":"residential","osm_id":208677902},"geometry":{"type":"LineString","coordinates":[[32.828236,39.8563979],[32.8284275,39.8561554],[32.8289921,39.8558293],[32.8291878,39.8557434]]}},{"type":"Feature","properties":{"name":"938.Sk(126.Sk)","highway":"residential","osm_id":208677903},"geometry":{"type":"LineString","coordinates":[[32.8274101,39.8549281],[32.8278861,39.854881],[32.8286134,39.8549174],[32.8291207,39.8550354]]}},{"type":"Feature","properties":{"name":"939.Sk(128.Sk)","highway":"residential","osm_id":208677904},"geometry":{"type":"LineString","coordinates":[[32.8297043,39.8557549],[32.8308202,39.8557666]]}},{"type":"Feature","properties":{"highway":"residential","name":"940.Sk(130.Sk)","osm_id":208677905},"geometry":{"type":"LineString","coordinates":[[32.831815,39.8566044],[32.831736,39.8557913]]}},{"type":"Feature","properties":{"highway":"residential","name":"942.Cd(8.Cd)","osm_id":208677906},"geometry":{"type":"LineString","coordinates":[[32.8311023,39.8568958],[32.831815,39.8566044],[32.8325256,39.8563866],[32.8330688,39.8562684],[32.8341868,39.856011],[32.8349974,39.8557063],[32.8359433,39.8553447],[32.836203,39.8553414],[32.8363976,39.8554233],[32.8365481,39.8555176],[32.8366311,39.855639],[32.8366548,39.8557786],[32.8365362,39.8560304],[32.8363505,39.8561973],[32.8356271,39.8566343],[32.8354137,39.8567556],[32.8353188,39.8568315],[32.8352476,39.8569073],[32.8351923,39.8570651]]}},{"type":"Feature","properties":{"highway":"residential","name":"942.Cd(8.Cd)","osm_id":208677907},"geometry":{"type":"LineString","coordinates":[[32.8286503,39.8579009],[32.8292844,39.8574485],[32.8302123,39.8571524],[32.8311023,39.8568958]]}},{"type":"Feature","properties":{"name":"944.Sk(127.Sk)","highway":"residential","osm_id":208677909},"geometry":{"type":"LineString","coordinates":[[32.8363976,39.8554233],[32.8367858,39.8553463],[32.8371492,39.8552733],[32.8375207,39.8551933]]}},{"type":"Feature","properties":{"highway":"residential","name":"945.Sk","osm_id":208677910},"geometry":{"type":"LineString","coordinates":[[32.832884,39.8569319],[32.8341893,39.8565428]]}},{"type":"Feature","properties":{"name":"945.Sk(120.Sk)","highway":"residential","osm_id":208677911},"geometry":{"type":"LineString","coordinates":[[32.8284774,39.8587299],[32.8292633,39.85844]]}},{"type":"Feature","properties":{"highway":"residential","name":"945.Sk(120.Sk)","osm_id":208677912},"geometry":{"type":"LineString","coordinates":[[32.8292633,39.85844],[32.8306114,39.8576248],[32.8314012,39.8573898],[32.8317499,39.8572701],[32.832884,39.8569319]]}},{"type":"Feature","properties":{"highway":"residential","name":"948.Sk(113.Sk)","osm_id":208677913},"geometry":{"type":"LineString","coordinates":[[32.8331551,39.8600268],[32.8332035,39.8604794],[32.833799,39.8612398]]}},{"type":"Feature","properties":{"highway":"residential","osm_id":208677914},"geometry":{"type":"LineString","coordinates":[[32.8331443,39.858209],[32.8329383,39.8576609],[32.8328449,39.8573889],[32.8328225,39.8572473],[32.8328225,39.8571679],[32.8328351,39.8570671],[32.832884,39.8569319],[32.8328784,39.8568751],[32.8325256,39.8563866]]}},{"type":"Feature","properties":{"highway":"residential","name":"948.Sk(113.Sk)","osm_id":208677915},"geometry":{"type":"LineString","coordinates":[[32.8344989,39.8634559],[32.8342696,39.8628076],[32.8340666,39.8621292],[32.833799,39.8612398]]}},{"type":"Feature","properties":{"highway":"residential","name":"948.Sk(113.Sk)","osm_id":208677916},"geometry":{"type":"LineString","coordinates":[[32.8330853,39.8582123],[32.8331172,39.8587404],[32.8331387,39.8590958]]}},{"type":"Feature","properties":{"highway":"residential","name":"948.Sk(114.Sk)","osm_id":208677920},"geometry":{"type":"LineString","coordinates":[[32.8338885,39.8597434],[32.8338879,39.8598903],[32.8338874,39.8600203],[32.8338576,39.8606326],[32.8338396,39.8612315]]}},{"type":"Feature","properties":{"highway":"residential","name":"950.Sk(119.Sk)","osm_id":208677921},"geometry":{"type":"LineString","coordinates":[[32.8303577,39.8598702],[32.8303071,39.8595277],[32.8303099,39.8593797],[32.8303434,39.8591887],[32.8304217,39.8589484],[32.8304664,39.8588647],[32.8306174,39.858691],[32.8308214,39.8584442],[32.8309478,39.8583316],[32.8311181,39.8581716]]}},{"type":"Feature","properties":{"highway":"residential","name":"950.Sk(119.Sk)","osm_id":208677922},"geometry":{"type":"LineString","coordinates":[[32.8311181,39.8581716],[32.8312502,39.8581064],[32.8314637,39.8580897],[32.8320092,39.8581807],[32.8322566,39.8582078],[32.8324598,39.8582293],[32.8328353,39.8582263],[32.8330853,39.8582123],[32.8331443,39.858209],[32.8335428,39.8581868],[32.8340804,39.8581261],[32.8345231,39.858026],[32.8348085,39.8579398]]}},{"type":"Feature","properties":{"highway":"residential","name":"950.Sk(Turkop sites)","osm_id":208677923},"geometry":{"type":"LineString","coordinates":[[32.8315251,39.8589165],[32.8314623,39.8590547],[32.8313841,39.8592585],[32.8313086,39.859458]]}},{"type":"Feature","properties":{"name":"951.Sk(102.Sk)","highway":"residential","osm_id":208677924},"geometry":{"type":"LineString","coordinates":[[32.8277251,39.8609063],[32.828199,39.8605809],[32.8283006,39.8603884],[32.8284322,39.8600687],[32.8285217,39.8597641],[32.8285664,39.8596311],[32.8286726,39.859468],[32.8289186,39.8593865],[32.8291104,39.8593322],[32.8297621,39.8590649]]}},{"type":"Feature","properties":{"highway":"residential","name":"952.Sk(20.Sk)","osm_id":208677925},"geometry":{"type":"LineString","coordinates":[[32.8297783,39.8626923],[32.8296609,39.8626408],[32.8287783,39.8624859]]}},{"type":"Feature","properties":{"highway":"residential","name":"953.cad(10.cd)","osm_id":208677926},"geometry":{"type":"LineString","coordinates":[[32.8303728,39.8646825],[32.8308341,39.8644469],[32.8305378,39.8636231],[32.830269,39.8632949],[32.8301304,39.8631257],[32.8298789,39.8628039],[32.8297783,39.8626923],[32.8296103,39.8621277],[32.8294929,39.8616986],[32.8292301,39.8611622],[32.8290011,39.8607607],[32.8288556,39.8605057],[32.8287103,39.8602311],[32.8286711,39.8600938],[32.8286376,39.8598921],[32.8285664,39.8596311]]}},{"type":"Feature","properties":{"highway":"residential","name":"953.cd(10.cd)","osm_id":208677927},"geometry":{"type":"LineString","coordinates":[[32.8303728,39.8646825],[32.8305546,39.8648931],[32.8306861,39.8650256],[32.8308229,39.8651634],[32.8310521,39.8653351],[32.8311233,39.8653746],[32.8313316,39.8654595],[32.8314573,39.8654765],[32.8315887,39.8654895],[32.8318392,39.8654659],[32.8319241,39.8654552]]}},{"type":"Feature","properties":{"highway":"residential","name":"955.Sk","osm_id":208677930},"geometry":{"type":"LineString","coordinates":[[32.8296539,39.8604546],[32.8305726,39.8601607]]}},{"type":"Feature","properties":{"highway":"residential","name":"957/1.Sk(99/1.Sk)","osm_id":208677932},"geometry":{"type":"LineString","coordinates":[[32.8303638,39.8613627],[32.8312875,39.861054]]}},{"type":"Feature","properties":{"highway":"residential","name":"958.Sk(98.Sk)","osm_id":208677934},"geometry":{"type":"LineString","coordinates":[[32.8298789,39.8628039],[32.8310888,39.8622704]]}},{"type":"Feature","properties":{"name":"959.Sk","highway":"residential","osm_id":208677935},"geometry":{"type":"LineString","coordinates":[[32.8318392,39.8654659],[32.8321167,39.8662268],[32.8322036,39.8664028]]}},{"type":"Feature","properties":{"highway":"residential","name":"959.Sk(71.Sk)","osm_id":208677936},"geometry":{"type":"LineString","coordinates":[[32.8319241,39.8654552],[32.8319074,39.8650819],[32.8318068,39.8648116],[32.8316167,39.864434],[32.8310912,39.8634772]]}},{"type":"Feature","properties":{"highway":"residential","name":"960.Sk(97.Sk)","osm_id":208677937},"geometry":{"type":"LineString","coordinates":[[32.8316825,39.8633152],[32.8327049,39.863043]]}},{"type":"Feature","properties":{"highway":"residential","name":"963.Sk(88.Sk)","osm_id":208677939},"geometry":{"type":"LineString","coordinates":[[32.8342533,39.866285],[32.8348281,39.866109],[32.8357634,39.8658611],[32.8364816,39.8656486],[32.8365535,39.8656373],[32.8370299,39.8654519],[32.8377171,39.8650798],[32.8382341,39.8647757]]}},{"type":"Feature","properties":{"name":"966.SK(74 SK)","highway":"residential","osm_id":208677940},"geometry":{"type":"LineString","coordinates":[[32.8319867,39.8639234],[32.8329574,39.8636415]]}},{"type":"Feature","properties":{"highway":"residential","name":"970.Sk(112.Sk)","osm_id":208677941},"geometry":{"type":"LineString","coordinates":[[32.8334564,39.8629925],[32.8330242,39.8615523]]}},{"type":"Feature","properties":{"highway":"residential","name":"970.Sk(112.Sk)","osm_id":208677942},"geometry":{"type":"LineString","coordinates":[[32.8311181,39.8581716],[32.8319556,39.8591229]]}},{"type":"Feature","properties":{"highway":"residential","name":"971.Sk(105.Sk)","osm_id":208677944},"geometry":{"type":"LineString","coordinates":[[32.8319996,39.8619838],[32.8330242,39.8615523],[32.8330562,39.8615394],[32.833799,39.8612398],[32.8338396,39.8612315],[32.8348267,39.8610304],[32.8357799,39.8608543],[32.8361913,39.8609186],[32.8365278,39.8609988],[32.8367368,39.86114],[32.8370034,39.8614423],[32.8370227,39.8614696],[32.8374178,39.862028],[32.8376263,39.862389],[32.8376814,39.8626317],[32.8376901,39.8628299],[32.8376392,39.8630795],[32.8375174,39.8633467],[32.8374768,39.8635293],[32.8374362,39.8637252],[32.8377205,39.8641794],[32.8379147,39.8643358],[32.8382341,39.8647757],[32.838289,39.8648652],[32.8388371,39.8655114]]}},{"type":"Feature","properties":{"highway":"residential","name":"973.Sk(115.Sk)","osm_id":208677945},"geometry":{"type":"LineString","coordinates":[[32.8346985,39.8597491],[32.8346982,39.8598975],[32.834698,39.8600053],[32.8347364,39.860505],[32.8348267,39.8610304]]}},{"type":"Feature","properties":{"highway":"residential","name":"974.Sk(76.Sk)","osm_id":208677946},"geometry":{"type":"LineString","coordinates":[[32.8321467,39.8600249],[32.8325718,39.8600257],[32.8331551,39.8600268]]}},{"type":"Feature","properties":{"highway":"footway","name":"975.Sk(104.Sk)","osm_id":208677948},"geometry":{"type":"LineString","coordinates":[[32.8320847,39.8597323],[32.8325991,39.8597416],[32.83315,39.8597383]]}},{"type":"Feature","properties":{"highway":"residential","name":"976.Sk(103.Sk)","osm_id":208677949},"geometry":{"type":"LineString","coordinates":[[32.8342007,39.8589421],[32.8352662,39.8590085]]}},{"type":"Feature","properties":{"highway":"unclassified","name":"977.Sk","osm_id":208677950},"geometry":{"type":"LineString","coordinates":[[32.8319556,39.8591229],[32.8320647,39.8591204],[32.8325221,39.8591099],[32.8331387,39.8590958]]}},{"type":"Feature","properties":{"highway":"residential","name":"978.Sk(106.Sk)","osm_id":208677951},"geometry":{"type":"LineString","coordinates":[[32.8340666,39.8621292],[32.8350291,39.8618808],[32.8360255,39.8617095]]}},{"type":"Feature","properties":{"highway":"residential","name":"979.sK(107.Sk)","osm_id":208677953},"geometry":{"type":"LineString","coordinates":[[32.8342696,39.8628076],[32.8361599,39.862228],[32.8367664,39.8621025],[32.8374178,39.862028],[32.8380769,39.8615716],[32.8383554,39.861792],[32.8384802,39.8619657],[32.8386078,39.8622997],[32.8387035,39.862696],[32.8387238,39.8628519],[32.8387209,39.862941],[32.8386716,39.8630122],[32.8383322,39.863246],[32.8378942,39.8634865],[32.8374362,39.8637252]]}},{"type":"Feature","properties":{"name":"980.Sk(108.Sk)","highway":"residential","osm_id":208677954},"geometry":{"type":"LineString","coordinates":[[32.8330575,39.8638835],[32.8338881,39.8636107]]}},{"type":"Feature","properties":{"highway":"residential","name":"980.Sk(108.Sk)","osm_id":208677955},"geometry":{"type":"LineString","coordinates":[[32.8344989,39.8634559],[32.8356406,39.8630614],[32.8362267,39.8628748]]}},{"type":"Feature","properties":{"name":"982.Sk","highway":"residential","osm_id":208677957},"geometry":{"type":"LineString","coordinates":[[32.8351104,39.8645875],[32.836417,39.8642738]]}},{"type":"Feature","properties":{"name":"982.Sk","highway":"residential","osm_id":208677958},"geometry":{"type":"LineString","coordinates":[[32.8335761,39.8651498],[32.834255,39.8649822]]}},{"type":"Feature","properties":{"name":"982.Sk(111.Sk)","highway":"residential","osm_id":208677959},"geometry":{"type":"LineString","coordinates":[[32.8351104,39.8645875],[32.834311,39.8647935],[32.8335122,39.8650048]]}},{"type":"Feature","properties":{"name":"982.Sk(111.Sk)","highway":"residential","osm_id":208677960},"geometry":{"type":"LineString","coordinates":[[32.8351992,39.8647511],[32.8358678,39.8645862],[32.8365161,39.864472]]}},{"type":"Feature","properties":{"name":"983.Sk(110.Sk)","highway":"residential","osm_id":208677961},"geometry":{"type":"LineString","coordinates":[[32.8358678,39.8645862],[32.8364816,39.8656486]]}},{"type":"Feature","properties":{"highway":"tertiary","osm_id":208681312},"geometry":{"type":"LineString","coordinates":[[32.8594781,39.8619386],[32.8593931,39.861355],[32.8593867,39.8613112],[32.8593545,39.8609232],[32.8593975,39.8608076],[32.8594781,39.860754],[32.8596395,39.8607581],[32.8600051,39.8609191],[32.8603923,39.8610924],[32.8606719,39.8612575]]}},{"type":"Feature","properties":{"highway":"residential","osm_id":208681314},"geometry":{"type":"LineString","coordinates":[[32.8497354,39.848756],[32.8497924,39.8487647],[32.8498312,39.8487554],[32.8498689,39.8487223],[32.8498689,39.8486872],[32.849854,39.8486624],[32.8498393,39.8486377],[32.8497801,39.8486315],[32.8497452,39.8486398],[32.8497129,39.8486666],[32.8497102,39.8487079],[32.8497354,39.848756]]}},{"type":"Feature","properties":{"highway":"residential","osm_id":208681315},"geometry":{"type":"LineString","coordinates":[[32.8611973,39.8666004],[32.8607719,39.8668745],[32.8606545,39.8669502],[32.860443,39.8670126]]}},{"type":"Feature","properties":{"highway":"tertiary","osm_id":208681316},"geometry":{"type":"LineString","coordinates":[[32.8518175,39.8637352],[32.8514567,39.8636762],[32.8512133,39.8636499],[32.8509281,39.863647],[32.8507114,39.8636762],[32.8503996,39.8638104],[32.8501144,39.8639593],[32.8498672,39.8641461],[32.8496239,39.8643154],[32.8495485,39.8643836],[32.8494756,39.8644496]]}},{"type":"Feature","properties":{"highway":"tertiary","osm_id":208681318},"geometry":{"type":"LineString","coordinates":[[32.8592382,39.8621762],[32.8593164,39.8620916],[32.8594781,39.8619386],[32.8597524,39.8617322],[32.8601503,39.8615099],[32.8603865,39.8613779],[32.8604837,39.8613236],[32.8606719,39.8612575],[32.860844,39.8611709],[32.860887,39.8610512],[32.8610215,39.8608902],[32.8611129,39.8608035]]}},{"type":"Feature","properties":{"highway":"tertiary","osm_id":208681319},"geometry":{"type":"LineString","coordinates":[[32.8536794,39.8614295],[32.8530449,39.861514],[32.8524897,39.8615812],[32.851984,39.8616512],[32.8511703,39.8618643],[32.8510068,39.861873],[32.8504744,39.8618555],[32.8502463,39.8618468],[32.8500295,39.8618439],[32.8498204,39.861876],[32.8497331,39.8619603]]}},{"type":"Feature","properties":{"highway":"residential","osm_id":208681320},"geometry":{"type":"LineString","coordinates":[[32.8572711,39.864848],[32.8572339,39.8651072],[32.8571425,39.8653549],[32.8570081,39.8655282],[32.8568414,39.8656686],[32.8567661,39.8658171],[32.8569543,39.866168],[32.8570457,39.8663331],[32.8570511,39.8664074],[32.8571318,39.8665683],[32.8572608,39.8667128],[32.8577609,39.8668903]]}},{"type":"Feature","properties":{"highway":"tertiary","osm_id":208681321},"geometry":{"type":"LineString","coordinates":[[32.8526928,39.8569479],[32.8534716,39.8573444],[32.8542351,39.857592],[32.8547998,39.8577778],[32.8549505,39.8577997],[32.8551977,39.8578356],[32.8552569,39.8578398],[32.8556655,39.8578686],[32.8559613,39.8579099],[32.8562678,39.8579924],[32.8565636,39.8579305],[32.8568033,39.8578992],[32.8570691,39.8578645]]}},{"type":"Feature","properties":{"highway":"residential","osm_id":208681322},"geometry":{"type":"LineString","coordinates":[[32.8530238,39.8607427],[32.8527061,39.8598139],[32.8524323,39.8591689],[32.8523068,39.8591116],[32.8518593,39.8589077],[32.8513372,39.8586697],[32.8510521,39.8585705],[32.8507251,39.8584829],[32.8504513,39.8584596],[32.8500216,39.8585763],[32.8494969,39.8586872],[32.8493524,39.8587485],[32.8491432,39.8590317]]}},{"type":"Feature","properties":{"highway":"residential","osm_id":208681323},"geometry":{"type":"LineString","coordinates":[[32.8447325,39.8488903],[32.844991,39.8484516],[32.8450482,39.8483545],[32.8452454,39.8480199],[32.8454401,39.8476895],[32.8454924,39.8476008],[32.845647,39.8473384],[32.8456979,39.8472519],[32.8459074,39.8468964],[32.8461012,39.8465675],[32.8463556,39.8461358],[32.8466503,39.8456357],[32.8468561,39.8452864]]}},{"type":"Feature","properties":{"highway":"tertiary","osm_id":208681325},"geometry":{"type":"LineString","coordinates":[[32.8483914,39.8618231],[32.8485752,39.8618409],[32.8488832,39.8618117],[32.8492064,39.8618525],[32.8496829,39.8619501],[32.8497331,39.8619603],[32.8498338,39.861981],[32.8503776,39.8620481],[32.850986,39.8621619],[32.8511837,39.862232],[32.8512559,39.8623429],[32.8512902,39.8625443],[32.8513472,39.8627281],[32.851415,39.8628294]]}},{"type":"Feature","properties":{"highway":"tertiary","osm_id":208681326},"geometry":{"type":"LineString","coordinates":[[32.8487577,39.8636037],[32.8488083,39.863474],[32.8488593,39.8632738],[32.8488701,39.8631541],[32.8488728,39.8630777],[32.8488916,39.8630076],[32.8489373,39.8629271],[32.8490187,39.8628161],[32.8490341,39.862795],[32.8492008,39.8625948],[32.849346,39.8625019],[32.8494966,39.8623575],[32.8495584,39.8622605],[32.8496829,39.8619501]]}},{"type":"Feature","properties":{"highway":"tertiary","osm_id":208681331},"geometry":{"type":"LineString","coordinates":[[32.8493991,39.8656202],[32.8490763,39.8653252],[32.8489509,39.865331],[32.8488482,39.8654215],[32.8486581,39.8655091],[32.8484565,39.8655879],[32.848274,39.8656083],[32.8482033,39.8655874]]}},{"type":"Feature","properties":{"highway":"residential","osm_id":208681334},"geometry":{"type":"LineString","coordinates":[[32.8529348,39.8607559],[32.8527327,39.8605407],[32.852592,39.860529],[32.8523221,39.8605932],[32.8521396,39.8607158],[32.8520445,39.8607508],[32.8519418,39.8607421],[32.8518582,39.8606983],[32.8517707,39.8605699],[32.8517088,39.8604388]]}},{"type":"Feature","properties":{"highway":"residential","osm_id":208681336},"geometry":{"type":"LineString","coordinates":[[32.8604533,39.8645434],[32.8615363,39.8651674]]}},{"type":"Feature","properties":{"highway":"residential","osm_id":208681337},"geometry":{"type":"LineString","coordinates":[[32.8454401,39.8476895],[32.8445909,39.8473464]]}},{"type":"Feature","properties":{"highway":"tertiary","osm_id":208681338},"geometry":{"type":"LineString","coordinates":[[32.844415,39.8516475],[32.8447686,39.8518344]]}},{"type":"Feature","properties":{"highway":"residential","osm_id":208681339},"geometry":{"type":"LineString","coordinates":[[32.8449225,39.8499205],[32.8444682,39.8504361]]}},{"type":"Feature","properties":{"highway":"residential","osm_id":208681340},"geometry":{"type":"LineString","coordinates":[[32.8461811,39.8612658],[32.8462333,39.8617842]]}},{"type":"Feature","properties":{"highway":"residential","osm_id":208681341},"geometry":{"type":"LineString","coordinates":[[32.8551529,39.8651939],[32.8564665,39.864259]]}},{"type":"Feature","properties":{"highway":"residential","osm_id":208681342},"geometry":{"type":"LineString","coordinates":[[32.8456979,39.8472519],[32.8464426,39.8475158]]}},{"type":"Feature","properties":{"highway":"residential","osm_id":208681343},"geometry":{"type":"LineString","coordinates":[[32.8450433,39.8465932],[32.8459074,39.8468964]]}},{"type":"Feature","properties":{"highway":"residential","osm_id":208681344},"geometry":{"type":"LineString","coordinates":[[32.8606719,39.8612575],[32.8611546,39.8616001]]}},{"type":"Feature","properties":{"highway":"residential","osm_id":208681345},"geometry":{"type":"LineString","coordinates":[[32.8459074,39.8468964],[32.8484445,39.8479768]]}},{"type":"Feature","properties":{"highway":"residential","osm_id":208681347},"geometry":{"type":"LineString","coordinates":[[32.8547012,39.864872],[32.8551529,39.8651939]]}},{"type":"Feature","properties":{"highway":"residential","osm_id":208681349},"geometry":{"type":"LineString","coordinates":[[32.8603865,39.8613779],[32.8609378,39.8617811]]}},{"type":"Feature","properties":{"highway":"residential","osm_id":208681350},"geometry":{"type":"LineString","coordinates":[[32.8551529,39.8651939],[32.855604,39.865635]]}},{"type":"Feature","properties":{"highway":"tertiary","osm_id":208681351},"geometry":{"type":"LineString","coordinates":[[32.8568033,39.8578992],[32.8572035,39.8574063],[32.8571623,39.8568733]]}},{"type":"Feature","properties":{"highway":"residential","osm_id":208681352},"geometry":{"type":"LineString","coordinates":[[32.8551576,39.8659197],[32.8556046,39.866966]]}},{"type":"Feature","properties":{"highway":"residential","osm_id":208681353},"geometry":{"type":"LineString","coordinates":[[32.862569,39.8699792],[32.863224,39.8705782]]}},{"type":"Feature","properties":{"highway":"residential","osm_id":208681354},"geometry":{"type":"LineString","coordinates":[[32.8467666,39.860771],[32.8465864,39.8605873]]}},{"type":"Feature","properties":{"highway":"residential","osm_id":208681355},"geometry":{"type":"LineString","coordinates":[[32.8461012,39.8465675],[32.8452943,39.8462663]]}},{"type":"Feature","properties":{"highway":"residential","osm_id":208681356},"geometry":{"type":"LineString","coordinates":[[32.8467557,39.8611827],[32.8467193,39.861948]]}},{"type":"Feature","properties":{"highway":"residential","osm_id":208681357},"geometry":{"type":"LineString","coordinates":[[32.863224,39.8705782],[32.8638707,39.8713994]]}},{"type":"Feature","properties":{"highway":"residential","osm_id":208681358},"geometry":{"type":"LineString","coordinates":[[32.8452454,39.8480199],[32.846146,39.8483098]]}},{"type":"Feature","properties":{"highway":"residential","osm_id":208681359},"geometry":{"type":"LineString","coordinates":[[32.8463556,39.8461358],[32.8454502,39.8458109]]}},{"type":"Feature","properties":{"highway":"residential","osm_id":208681360},"geometry":{"type":"LineString","coordinates":[[32.845647,39.8473384],[32.8447909,39.8469676]]}},{"type":"Feature","properties":{"highway":"residential","osm_id":208681361},"geometry":{"type":"LineString","coordinates":[[32.8600709,39.8661867],[32.8607719,39.8668745]]}},{"type":"Feature","properties":{"highway":"residential","osm_id":208681363},"geometry":{"type":"LineString","coordinates":[[32.8454924,39.8476008],[32.8464236,39.8479128]]}},{"type":"Feature","properties":{"highway":"residential","osm_id":208681364},"geometry":{"type":"LineString","coordinates":[[32.8518593,39.8589077],[32.8513715,39.8590258]]}},{"type":"Feature","properties":{"highway":"residential","osm_id":208681365},"geometry":{"type":"LineString","coordinates":[[32.846618,39.8611855],[32.8464923,39.8610331]]}},{"type":"Feature","properties":{"highway":"residential","osm_id":208681366},"geometry":{"type":"LineString","coordinates":[[32.8443817,39.8477084],[32.8452454,39.8480199]]}},{"type":"Feature","properties":{"highway":"residential","osm_id":208681367},"geometry":{"type":"LineString","coordinates":[[32.860443,39.8670126],[32.8597981,39.866378]]}},{"type":"Feature","properties":{"highway":"residential","osm_id":208681368},"geometry":{"type":"LineString","coordinates":[[32.8523068,39.8591116],[32.8514817,39.8593206]]}},{"type":"Feature","properties":{"highway":"residential","osm_id":208681371},"geometry":{"type":"LineString","coordinates":[[32.8450482,39.8483545],[32.8459331,39.8486514]]}},{"type":"Feature","properties":{"highway":"residential","osm_id":208681373},"geometry":{"type":"LineString","coordinates":[[32.844991,39.8484516],[32.8441384,39.8480967]]}},{"type":"Feature","properties":{"highway":"residential","osm_id":208681374},"geometry":{"type":"LineString","coordinates":[[32.8547012,39.864872],[32.8560294,39.8639391]]}},{"type":"Feature","properties":{"highway":"residential","osm_id":208681377},"geometry":{"type":"LineString","coordinates":[[32.8583761,39.8663615],[32.8574465,39.8665849],[32.8572608,39.8667128],[32.8568276,39.8672362]]}},{"type":"Feature","properties":{"highway":"tertiary","osm_id":208681378},"geometry":{"type":"LineString","coordinates":[[32.8457624,39.8548453],[32.8437241,39.8543617]]}},{"type":"Feature","properties":{"highway":"tertiary","osm_id":208681379},"geometry":{"type":"LineString","coordinates":[[32.8481885,39.8629533],[32.8476613,39.8625644]]}},{"type":"Feature","properties":{"highway":"residential","osm_id":208681380},"geometry":{"type":"LineString","coordinates":[[32.8537228,39.866433],[32.8551529,39.8651939]]}},{"type":"Feature","properties":{"highway":"tertiary","osm_id":208681381},"geometry":{"type":"LineString","coordinates":[[32.8503776,39.8620481],[32.8503966,39.8622232],[32.8503814,39.8623808],[32.8503738,39.8625063],[32.8504384,39.8626639],[32.8504802,39.8627515],[32.8504688,39.8628624],[32.8503928,39.8629908]]}},{"type":"Feature","properties":{"highway":"residential","osm_id":208681382},"geometry":{"type":"LineString","coordinates":[[32.8513372,39.8586697],[32.851265,39.8587369],[32.8510026,39.8588128]]}},{"type":"Feature","properties":{"highway":"tertiary","osm_id":208681383},"geometry":{"type":"LineString","coordinates":[[32.8601503,39.8615099],[32.8603789,39.8617665],[32.8598884,39.8621051]]}},{"type":"Feature","properties":{"highway":"residential","osm_id":208681384},"geometry":{"type":"LineString","coordinates":[[32.8478526,39.8464316],[32.847339,39.8466489],[32.8472325,39.8467949]]}},{"type":"Feature","properties":{"highway":"residential","osm_id":208681385},"geometry":{"type":"LineString","coordinates":[[32.8608638,39.868585],[32.8608712,39.868319],[32.8606545,39.8669502]]}},{"type":"Feature","properties":{"highway":"residential","osm_id":208681386},"geometry":{"type":"LineString","coordinates":[[32.8534822,39.868683],[32.8536272,39.8693719],[32.8538067,39.8695763]]}},{"type":"Feature","properties":{"highway":"tertiary","osm_id":208681387},"geometry":{"type":"LineString","coordinates":[[32.8597524,39.8617322],[32.8598884,39.8621051],[32.8601127,39.8625108]]}},{"type":"Feature","properties":{"highway":"residential","osm_id":208681388},"geometry":{"type":"LineString","coordinates":[[32.8498716,39.8520437],[32.8494418,39.8513993],[32.8479588,39.8500799]]}},{"type":"Feature","properties":{"highway":"residential","osm_id":208681389},"geometry":{"type":"LineString","coordinates":[[32.8495485,39.8643836],[32.8492741,39.8642687],[32.8490497,39.864219]]}},{"type":"Feature","properties":{"highway":"residential","osm_id":208681390},"geometry":{"type":"LineString","coordinates":[[32.848835,39.8546779],[32.8480084,39.854715],[32.8475825,39.8546508]]}},{"type":"Feature","properties":{"highway":"residential","osm_id":208681391},"geometry":{"type":"LineString","coordinates":[[32.8552569,39.8578398],[32.8556548,39.8576746],[32.8558322,39.8575838]]}},{"type":"Feature","properties":{"highway":"residential","osm_id":208681392},"geometry":{"type":"LineString","coordinates":[[32.8606766,39.8707365],[32.8613142,39.8704979],[32.8615455,39.8705185],[32.8621785,39.8702826]]}},{"type":"Feature","properties":{"highway":"residential","osm_id":208681394},"geometry":{"type":"LineString","coordinates":[[32.8530776,39.8687993],[32.8534822,39.868683],[32.8540018,39.8685338]]}},{"type":"Feature","properties":{"highway":"residential","osm_id":208681395},"geometry":{"type":"LineString","coordinates":[[32.8498672,39.8641461],[32.8497684,39.8640177],[32.8495821,39.8638892]]}},{"type":"Feature","properties":{"highway":"residential","osm_id":208681397},"geometry":{"type":"LineString","coordinates":[[32.8608638,39.868585],[32.8615176,39.8685215]]}},{"type":"Feature","properties":{"highway":"residential","osm_id":208681399},"geometry":{"type":"LineString","coordinates":[[32.8517088,39.8604388],[32.851535,39.8605786],[32.8513639,39.8607071],[32.8512612,39.8607654],[32.8510939,39.8607917],[32.8508581,39.8607771],[32.8507136,39.86071],[32.8506338,39.8606282],[32.8504703,39.8602313],[32.8503904,39.8601496],[32.8503182,39.8601087]]}},{"type":"Feature","properties":{"highway":"residential","osm_id":208681403},"geometry":{"type":"LineString","coordinates":[[32.8497129,39.8486666],[32.849479,39.8484499],[32.8492935,39.8483219],[32.8484552,39.8479689]]}},{"type":"Feature","properties":{"highway":"residential","osm_id":208681404},"geometry":{"type":"LineString","coordinates":[[32.8472668,39.8505236],[32.8479588,39.8500799],[32.8491034,39.8492306],[32.8497354,39.848756]]}},{"type":"Feature","properties":{"highway":"residential","osm_id":208681405},"geometry":{"type":"LineString","coordinates":[[32.8511188,39.8533272],[32.8503876,39.8536246],[32.85038,39.853683],[32.8504523,39.8537939]]}},{"type":"Feature","properties":{"highway":"residential","osm_id":208681407},"geometry":{"type":"LineString","coordinates":[[32.8557267,39.8655567],[32.8563951,39.8651485],[32.8568091,39.8648637],[32.8570254,39.8646682]]}},{"type":"Feature","properties":{"highway":"residential","osm_id":208681410},"geometry":{"type":"LineString","coordinates":[[32.8517092,39.8540632],[32.8510835,39.8542814],[32.8510302,39.854331],[32.851015,39.8544332]]}},{"type":"Feature","properties":{"highway":"residential","osm_id":208681411},"geometry":{"type":"LineString","coordinates":[[32.8509801,39.8680883],[32.8508039,39.8681753],[32.8504247,39.8683624],[32.8500665,39.8688463],[32.8500214,39.8689072],[32.8508441,39.8692777]]}},{"type":"Feature","properties":{"highway":"residential","osm_id":208681412},"geometry":{"type":"LineString","coordinates":[[32.8463608,39.8495415],[32.845566,39.8492453],[32.8447325,39.8488903],[32.8437565,39.8484754]]}},{"type":"Feature","properties":{"highway":"residential","osm_id":208681417},"geometry":{"type":"LineString","coordinates":[[32.8458361,39.849908],[32.8472668,39.8505236],[32.8493277,39.85224],[32.8498716,39.8520437],[32.8511625,39.8515776],[32.8519154,39.8513058]]}},{"type":"Feature","properties":{"highway":"tertiary","osm_id":208681419},"geometry":{"type":"LineString","coordinates":[[32.8501955,39.8650138],[32.8498558,39.8648495],[32.8497411,39.8647602],[32.8495783,39.8646335],[32.8494756,39.8644496]]}},{"type":"Feature","properties":{"highway":"residential","osm_id":208681422},"geometry":{"type":"LineString","coordinates":[[32.8518149,39.851036],[32.8517849,39.8508899],[32.8510539,39.8500359],[32.8503856,39.8492552],[32.8502221,39.8490752],[32.8499559,39.8487822],[32.8498689,39.8486872]]}},{"type":"Feature","properties":{"highway":"residential","osm_id":208681426},"geometry":{"type":"LineString","coordinates":[[32.8595855,39.8687847],[32.8599396,39.8686721],[32.8602704,39.8686108],[32.8607115,39.8685904],[32.8608638,39.868585]]}},{"type":"Feature","properties":{"highway":"residential","osm_id":208681428},"geometry":{"type":"LineString","coordinates":[[32.8438203,39.8510766],[32.8444758,39.8512476],[32.8448257,39.8513819],[32.8449663,39.8514344],[32.8451032,39.8514374],[32.8451907,39.8513439]]}},{"type":"Feature","properties":{"highway":"residential","osm_id":208681429},"geometry":{"type":"LineString","coordinates":[[32.8593545,39.8609232],[32.8592306,39.8609901],[32.8590861,39.8610047],[32.8589796,39.8610251],[32.8588769,39.8610281],[32.8587439,39.8609639]]}},{"type":"Feature","properties":{"highway":"unclassified","osm_id":208681431},"geometry":{"type":"LineString","coordinates":[[32.8455583,39.850102],[32.8457518,39.8499644]]}},{"type":"Feature","properties":{"highway":"residential","osm_id":208681433},"geometry":{"type":"LineString","coordinates":[[32.8498393,39.8486377],[32.8494575,39.8482682],[32.8488666,39.8476644],[32.8478526,39.8464316],[32.8475823,39.846103],[32.8466503,39.8456357]]}},{"type":"Feature","properties":{"highway":"residential","osm_id":208681439},"geometry":{"type":"LineString","coordinates":[[32.8658412,39.8638415],[32.8660731,39.8639612],[32.8661492,39.8639626],[32.8661701,39.8638853],[32.866153,39.8637554],[32.866153,39.863681]]}},{"type":"Feature","properties":{"highway":"residential","osm_id":208681445},"geometry":{"type":"LineString","coordinates":[[32.851853,39.851123],[32.8518149,39.851036],[32.8516742,39.8508784],[32.8507959,39.8499004],[32.8498622,39.8488429],[32.8497924,39.8487647]]}},{"type":"Feature","properties":{"highway":"tertiary","osm_id":208681449},"geometry":{"type":"LineString","coordinates":[[32.8490187,39.8628161],[32.8491121,39.8629312],[32.8493164,39.8630117],[32.849545,39.8630489],[32.849881,39.8630344],[32.8501607,39.8630076],[32.8503928,39.8629908]]}},{"type":"Feature","properties":{"highway":"tertiary","osm_id":208681451},"geometry":{"type":"LineString","coordinates":[[32.8593975,39.8608076],[32.8592577,39.8605558],[32.8592147,39.8604155],[32.8592684,39.8603371],[32.8593867,39.8603329],[32.859661,39.860366],[32.8598599,39.8604526]]}},{"type":"Feature","properties":{"highway":"tertiary","osm_id":208681455},"geometry":{"type":"LineString","coordinates":[[32.8511703,39.8618643],[32.8512425,39.8621065],[32.8513148,39.8622116],[32.8514478,39.8622787],[32.8515771,39.8623692],[32.8516342,39.8624422],[32.8517224,39.862715]]}},{"type":"Feature","properties":{"highway":"residential","osm_id":208681457},"geometry":{"type":"LineString","coordinates":[[32.8593867,39.8613112],[32.8592268,39.8612119],[32.8591393,39.8611711],[32.85901,39.8611652],[32.8588503,39.8611623],[32.858721,39.8611156],[32.8585994,39.8610164]]}},{"type":"Feature","properties":{"highway":"residential","osm_id":208681459},"geometry":{"type":"LineString","coordinates":[[32.843977,39.8507903],[32.8446962,39.8510582],[32.8448901,39.8511195],[32.845122,39.8512071],[32.8452703,39.8510991],[32.8454528,39.8508831],[32.8454833,39.8507736],[32.8453198,39.850686]]}},{"type":"Feature","properties":{"highway":"residential","osm_id":208681460},"geometry":{"type":"LineString","coordinates":[[32.849854,39.8486624],[32.8501945,39.8483776],[32.8511983,39.8475379]]}},{"type":"Feature","properties":{"highway":"residential","osm_id":208681462},"geometry":{"type":"LineString","coordinates":[[32.8524865,39.8509142],[32.8523103,39.8505843],[32.8521146,39.8502177],[32.8520802,39.8501533],[32.8521125,39.8497405],[32.8518974,39.8493875],[32.8517011,39.8491873],[32.8515712,39.8490998],[32.8512171,39.8488611],[32.8501945,39.8483776]]}},{"type":"Feature","properties":{"highway":"residential","osm_id":208681467},"geometry":{"type":"LineString","coordinates":[[32.8497411,39.8647602],[32.8495212,39.8649633],[32.8494604,39.8649779],[32.8493273,39.8648845],[32.8492208,39.8647561],[32.8491296,39.8647152],[32.8489242,39.8647035],[32.8485858,39.8646218]]}},{"type":"Feature","properties":{"highway":"residential","osm_id":208681471},"geometry":{"type":"LineString","coordinates":[[32.8508087,39.8599307],[32.8507251,39.8597468],[32.8506186,39.8596417],[32.850398,39.8594695],[32.8502383,39.859306],[32.8501129,39.8591543],[32.8500824,39.8590054],[32.8500558,39.8587544],[32.8500216,39.8585763]]}},{"type":"Feature","properties":{"highway":"tertiary","osm_id":208681472},"geometry":{"type":"LineString","coordinates":[[32.8475239,39.8631639],[32.8476212,39.8631989],[32.8477395,39.8631782],[32.8479653,39.8630977],[32.8481885,39.8629533],[32.8485582,39.8627682],[32.8486308,39.8627682],[32.8487948,39.8628487],[32.8489373,39.8629271]]}},{"type":"Feature","properties":{"highway":"tertiary","osm_id":208681476},"geometry":{"type":"LineString","coordinates":[[32.8482033,39.8655874],[32.8481638,39.86562],[32.8480497,39.8657513],[32.8480041,39.8658301],[32.8479774,39.8659322],[32.8480459,39.8660519],[32.8481714,39.8661453],[32.8482436,39.8662591],[32.8483227,39.866343]]}},{"type":"Feature","properties":{"highway":"residential","osm_id":208681478},"geometry":{"type":"LineString","coordinates":[[32.8548205,39.8705326],[32.8544003,39.8714671]]}},{"type":"Feature","properties":{"highway":"residential","osm_id":208681480},"geometry":{"type":"LineString","coordinates":[[32.8538504,39.8708748],[32.8537214,39.8708319],[32.8534525,39.8707424],[32.852887,39.8705542]]}},{"type":"Feature","properties":{"highway":"tertiary","osm_id":208681483},"geometry":{"type":"LineString","coordinates":[[32.8596395,39.8607581],[32.85979,39.8605971],[32.8598599,39.8604526],[32.8601234,39.8601678]]}},{"type":"Feature","properties":{"highway":"residential","osm_id":208681487},"geometry":{"type":"LineString","coordinates":[[32.8482611,39.8593586],[32.8480329,39.8590813],[32.8478466,39.8589062],[32.8478086,39.8588565],[32.8477554,39.8587602]]}},{"type":"Feature","properties":{"highway":"tertiary","name":"667. Sk.","oneway":"no","osm_id":208681494},"geometry":{"type":"LineString","coordinates":[[32.8524081,39.8668883],[32.8513848,39.866344]]}},{"type":"Feature","properties":{"highway":"tertiary","name":"670. Sk.","osm_id":208681497},"geometry":{"type":"LineString","coordinates":[[32.8513971,39.8683012],[32.8509801,39.8680883],[32.8500376,39.8676071]]}},{"type":"Feature","properties":{"highway":"residential","name":"72. Sk.","osm_id":208681500},"geometry":{"type":"LineString","coordinates":[[32.8565558,39.8708279],[32.856506,39.871556]]}},{"type":"Feature","properties":{"highway":"residential","osm_id":208684503},"geometry":{"type":"LineString","coordinates":[[32.8280346,39.8686958],[32.8286805,39.8690931],[32.8288364,39.869189],[32.8296716,39.8695822],[32.830303,39.8698795],[32.8318948,39.8703942],[32.8320039,39.8704505],[32.83214,39.8705207],[32.8329563,39.8711009],[32.8336296,39.8715997]]}},{"type":"Feature","properties":{"highway":"residential","osm_id":208684504},"geometry":{"type":"LineString","coordinates":[[32.8270779,39.8678501],[32.8267401,39.8681587],[32.8263802,39.8684349],[32.8261692,39.8685969],[32.8259588,39.8687766],[32.8256387,39.8689944],[32.8254708,39.8691436]]}},{"type":"Feature","properties":{"highway":"residential","osm_id":208684505},"geometry":{"type":"LineString","coordinates":[[32.8323853,39.8683254],[32.8328345,39.8680112],[32.8332155,39.8677537],[32.8334544,39.8676184],[32.8337216,39.8675224],[32.8339548,39.8674613],[32.8340003,39.8673871],[32.833985,39.8673236],[32.8339718,39.8672692],[32.8335146,39.8667853],[32.8332212,39.8664749]]}},{"type":"Feature","properties":{"highway":"residential","osm_id":208684507},"geometry":{"type":"LineString","coordinates":[[32.8294354,39.8666583],[32.8299742,39.8668371],[32.8306793,39.8671034],[32.8311513,39.8672911],[32.8314072,39.8674351],[32.8315835,39.8676184],[32.8316119,39.8677668],[32.8315835,39.8679545],[32.8314811,39.8681203],[32.8313788,39.8684127],[32.831312,39.8686986]]}},{"type":"Feature","properties":{"highway":"residential","osm_id":208684511},"geometry":{"type":"LineString","coordinates":[[32.8284052,39.8682701],[32.8292515,39.8687657],[32.8304054,39.8693863],[32.831372,39.8695702],[32.83146,39.8696096],[32.8319309,39.8698202],[32.8325823,39.8701843],[32.8330989,39.8705388],[32.8332035,39.8705789],[32.8333522,39.8705141],[32.8335211,39.8704431],[32.8336418,39.8704462],[32.8337624,39.8704493],[32.8345945,39.8709436]]}},{"type":"Feature","properties":{"highway":"residential","osm_id":208684513},"geometry":{"type":"LineString","coordinates":[[32.8295411,39.8682952],[32.8305646,39.8685265],[32.831312,39.8686986],[32.8316641,39.8687796],[32.8321749,39.8688972],[32.8325559,39.8694689],[32.8328261,39.8695959],[32.8332895,39.8698137],[32.8341936,39.8703113],[32.8349283,39.8707167],[32.835547,39.8711103],[32.8363374,39.8715337],[32.836599,39.8717781],[32.8371514,39.8723576]]}},{"type":"Feature","properties":{"highway":"residential","osm_id":208684518},"geometry":{"type":"LineString","coordinates":[[32.8428625,39.8686386],[32.8434539,39.8698344]]}},{"type":"Feature","properties":{"highway":"residential","osm_id":208684520},"geometry":{"type":"LineString","coordinates":[[32.8365535,39.8656373],[32.8370027,39.8663051]]}},{"type":"Feature","properties":{"highway":"residential","osm_id":208684521},"geometry":{"type":"LineString","coordinates":[[32.8350806,39.8669932],[32.834516,39.867199]]}},{"type":"Feature","properties":{"highway":"residential","osm_id":208684522},"geometry":{"type":"LineString","coordinates":[[32.8374008,39.8667372],[32.8366843,39.8671867]]}},{"type":"Feature","properties":{"highway":"residential","osm_id":208684523},"geometry":{"type":"LineString","coordinates":[[32.8382083,39.8686314],[32.838993,39.8686837]]}},{"type":"Feature","properties":{"highway":"residential","osm_id":208684524},"geometry":{"type":"LineString","coordinates":[[32.835424,39.8672682],[32.8358496,39.8669926]]}},{"type":"Feature","properties":{"highway":"residential","osm_id":208684526},"geometry":{"type":"LineString","coordinates":[[32.8288364,39.869189],[32.8292515,39.8687657]]}},{"type":"Feature","properties":{"highway":"residential","osm_id":208684527},"geometry":{"type":"LineString","coordinates":[[32.8370027,39.8663051],[32.8376348,39.8660467]]}},{"type":"Feature","properties":{"highway":"residential","osm_id":208684528},"geometry":{"type":"LineString","coordinates":[[32.8363317,39.8666804],[32.8370027,39.8663051]]}},{"type":"Feature","properties":{"highway":"residential","osm_id":208684530},"geometry":{"type":"LineString","coordinates":[[32.8370653,39.8678327],[32.8379849,39.867631],[32.8386423,39.8675082],[32.8394158,39.8674693]]}},{"type":"Feature","properties":{"highway":"residential","osm_id":208684532},"geometry":{"type":"LineString","coordinates":[[32.8377704,39.867178],[32.8388994,39.8668423]]}},{"type":"Feature","properties":{"highway":"residential","osm_id":208684534},"geometry":{"type":"LineString","coordinates":[[32.8316641,39.8687796],[32.83146,39.8696096]]}},{"type":"Feature","properties":{"highway":"residential","osm_id":208684535},"geometry":{"type":"LineString","coordinates":[[32.8246852,39.8710424],[32.8239915,39.8716823],[32.8237245,39.8720147]]}},{"type":"Feature","properties":{"highway":"residential","osm_id":208684537},"geometry":{"type":"LineString","coordinates":[[32.8382083,39.8686314],[32.8379721,39.870072]]}},{"type":"Feature","properties":{"highway":"residential","osm_id":208684538},"geometry":{"type":"LineString","coordinates":[[32.8437592,39.8698061],[32.8443734,39.8695421]]}},{"type":"Feature","properties":{"highway":"residential","osm_id":208684539},"geometry":{"type":"LineString","coordinates":[[32.8281544,39.869694],[32.8290804,39.8702185]]}},{"type":"Feature","properties":{"highway":"residential","osm_id":208684540},"geometry":{"type":"LineString","coordinates":[[32.834516,39.867199],[32.8340003,39.8673871]]}},{"type":"Feature","properties":{"highway":"residential","osm_id":208684542},"geometry":{"type":"LineString","coordinates":[[32.824039,39.8675438],[32.8233891,39.8680575]]}},{"type":"Feature","properties":{"highway":"residential","osm_id":208684543},"geometry":{"type":"LineString","coordinates":[[32.8235,39.869455],[32.8245474,39.8700744]]}},{"type":"Feature","properties":{"highway":"residential","osm_id":208684544},"geometry":{"type":"LineString","coordinates":[[32.8300712,39.8702452],[32.8317011,39.870789]]}},{"type":"Feature","properties":{"highway":"residential","osm_id":208684546},"geometry":{"type":"LineString","coordinates":[[32.8373448,39.8710102],[32.8364296,39.8713859]]}},{"type":"Feature","properties":{"highway":"residential","osm_id":208684547},"geometry":{"type":"LineString","coordinates":[[32.8358496,39.8669926],[32.8363317,39.8666804]]}},{"type":"Feature","properties":{"highway":"residential","osm_id":208684548},"geometry":{"type":"LineString","coordinates":[[32.8246403,39.8681542],[32.8242236,39.8685668],[32.8241917,39.8685993]]}},{"type":"Feature","properties":{"highway":"residential","osm_id":208684549},"geometry":{"type":"LineString","coordinates":[[32.8272787,39.8681374],[32.8284855,39.8681778]]}},{"type":"Feature","properties":{"highway":"residential","osm_id":208684551},"geometry":{"type":"LineString","coordinates":[[32.8374219,39.8686096],[32.8382083,39.8686314]]}},{"type":"Feature","properties":{"highway":"residential","osm_id":208684554},"geometry":{"type":"LineString","coordinates":[[32.8352882,39.8681365],[32.835601,39.867972],[32.8359905,39.8677673]]}},{"type":"Feature","properties":{"highway":"residential","osm_id":208684555},"geometry":{"type":"LineString","coordinates":[[32.8286142,39.8705813],[32.828802,39.8703846],[32.8290804,39.8702185],[32.8296716,39.8695822]]}},{"type":"Feature","properties":{"highway":"residential","osm_id":208684556},"geometry":{"type":"LineString","coordinates":[[32.8312982,39.8712069],[32.830751,39.8709908],[32.8297872,39.8707458]]}},{"type":"Feature","properties":{"highway":"residential","osm_id":208684557},"geometry":{"type":"LineString","coordinates":[[32.8263802,39.8684349],[32.8267603,39.8683601],[32.826948,39.8686045]]}},{"type":"Feature","properties":{"highway":"residential","osm_id":208684558},"geometry":{"type":"LineString","coordinates":[[32.8362817,39.8680983],[32.8366533,39.8679723],[32.8370653,39.8678327]]}},{"type":"Feature","properties":{"highway":"residential","osm_id":208684559},"geometry":{"type":"LineString","coordinates":[[32.8277638,39.8701608],[32.8281544,39.869694],[32.8286805,39.8690931]]}},{"type":"Feature","properties":{"highway":"residential","osm_id":208684560},"geometry":{"type":"LineString","coordinates":[[32.8259588,39.8687766],[32.826584,39.8686437],[32.8267717,39.8688794]]}},{"type":"Feature","properties":{"highway":"residential","osm_id":208684561},"geometry":{"type":"LineString","coordinates":[[32.838993,39.8686837],[32.8396811,39.8686881],[32.8402382,39.8685235]]}},{"type":"Feature","properties":{"highway":"residential","osm_id":208684562},"geometry":{"type":"LineString","coordinates":[[32.8389702,39.8683782],[32.8395389,39.8683608],[32.8399591,39.8681849]]}},{"type":"Feature","properties":{"highway":"residential","osm_id":208684564},"geometry":{"type":"LineString","coordinates":[[32.8315618,39.8709447],[32.8322969,39.8713015],[32.8330935,39.8719692]]}},{"type":"Feature","properties":{"highway":"residential","osm_id":208684565},"geometry":{"type":"LineString","coordinates":[[32.8382083,39.8686314],[32.8381611,39.8681524],[32.8379849,39.867631]]}},{"type":"Feature","properties":{"highway":"residential","osm_id":208684568},"geometry":{"type":"LineString","coordinates":[[32.8424758,39.8700352],[32.8420486,39.8692613],[32.841765,39.8687477]]}},{"type":"Feature","properties":{"highway":"residential","osm_id":208684569},"geometry":{"type":"LineString","coordinates":[[32.8319531,39.8669593],[32.8317541,39.8665578],[32.8316218,39.8663716],[32.8314206,39.8660928],[32.8313535,39.865934],[32.8312417,39.8656937],[32.8311233,39.8653746]]}},{"type":"Feature","properties":{"highway":"residential","osm_id":208684570},"geometry":{"type":"LineString","coordinates":[[32.838993,39.8686837],[32.8389702,39.8683782],[32.8386423,39.8675082]]}},{"type":"Feature","properties":{"highway":"residential","osm_id":208684575},"geometry":{"type":"LineString","coordinates":[[32.8408773,39.8693147],[32.8413812,39.8693281],[32.8420486,39.8692613]]}},{"type":"Feature","properties":{"highway":"residential","osm_id":208684576},"geometry":{"type":"LineString","coordinates":[[32.8342533,39.866285],[32.8338297,39.8665719],[32.8335146,39.8667853]]}},{"type":"Feature","properties":{"highway":"residential","osm_id":208684577},"geometry":{"type":"LineString","coordinates":[[32.834516,39.867199],[32.8348264,39.867429],[32.8351601,39.8676327],[32.835601,39.867972]]}},{"type":"Feature","properties":{"highway":"residential","osm_id":208684578},"geometry":{"type":"LineString","coordinates":[[32.8379849,39.867631],[32.8377704,39.867178],[32.8374008,39.8667372],[32.837293,39.866383]]}},{"type":"Feature","properties":{"highway":"residential","osm_id":208684580},"geometry":{"type":"LineString","coordinates":[[32.8244697,39.8674385],[32.8246403,39.8669889]]}},{"type":"Feature","properties":{"highway":"residential","osm_id":208684582},"geometry":{"type":"LineString","coordinates":[[32.841765,39.8687477],[32.8406797,39.869059]]}},{"type":"Feature","properties":{"highway":"residential","osm_id":208684583},"geometry":{"type":"LineString","coordinates":[[32.8387262,39.8706264],[32.8387863,39.8701308]]}},{"type":"Feature","properties":{"highway":"residential","osm_id":208684584},"geometry":{"type":"LineString","coordinates":[[32.8421199,39.8709906],[32.8426862,39.8707728],[32.843778,39.8705109],[32.8445474,39.8704591]]}},{"type":"Feature","properties":{"highway":"residential","osm_id":208684588},"geometry":{"type":"LineString","coordinates":[[32.8369506,39.8703682],[32.8372604,39.8703004],[32.8378255,39.8701191],[32.8379721,39.870072]]}},{"type":"Feature","properties":{"highway":"residential","osm_id":208684589},"geometry":{"type":"LineString","coordinates":[[32.8308675,39.8717122],[32.8312982,39.8712069],[32.8315618,39.8709447],[32.8317011,39.870789],[32.8320039,39.8704505]]}},{"type":"Feature","properties":{"highway":"residential","osm_id":208684590},"geometry":{"type":"LineString","coordinates":[[32.8254756,39.8654241],[32.824993,39.865183],[32.8244019,39.8650287],[32.8241647,39.8650472],[32.8238563,39.8651018]]}},{"type":"Feature","properties":{"highway":"residential","osm_id":208684591},"geometry":{"type":"LineString","coordinates":[[32.8242978,39.8686671],[32.8235,39.869455],[32.8228614,39.8700908]]}},{"type":"Feature","properties":{"highway":"residential","osm_id":208684592},"geometry":{"type":"LineString","coordinates":[[32.8236194,39.8671073],[32.8244697,39.8674385],[32.8251009,39.8677702],[32.8255502,39.8679709],[32.8258402,39.8680189]]}},{"type":"Feature","properties":{"highway":"residential","osm_id":208684593},"geometry":{"type":"LineString","coordinates":[[32.8250327,39.8670806],[32.8259612,39.8673565],[32.8261502,39.8674892],[32.826126,39.867588],[32.8258402,39.8680189]]}},{"type":"Feature","properties":{"highway":"residential","osm_id":208684594},"geometry":{"type":"LineString","coordinates":[[32.8224522,39.86473],[32.8230624,39.8649221],[32.8233951,39.8650203],[32.8238563,39.8651018]]}},{"type":"Feature","properties":{"highway":"residential","osm_id":208684596},"geometry":{"type":"LineString","coordinates":[[32.8246403,39.8669889],[32.8248393,39.8670238],[32.8250327,39.8670806]]}},{"type":"Feature","properties":{"highway":"residential","osm_id":208684598},"geometry":{"type":"LineString","coordinates":[[32.8370027,39.8663051],[32.837293,39.866383],[32.8374576,39.8664273],[32.8382424,39.8665931],[32.8385298,39.8665773]]}},{"type":"Feature","properties":{"highway":"residential","osm_id":208684599},"geometry":{"type":"LineString","coordinates":[[32.828764,39.8678578],[32.8284855,39.8681778],[32.8284052,39.8682701],[32.8280346,39.8686958],[32.8273841,39.8694696],[32.8270856,39.8698523]]}},{"type":"Feature","properties":{"highway":"residential","osm_id":208684600},"geometry":{"type":"LineString","coordinates":[[32.8411701,39.8697095],[32.8396538,39.870296],[32.8387262,39.8706264],[32.8385672,39.8706831],[32.8380961,39.8708556]]}},{"type":"Feature","properties":{"highway":"residential","osm_id":208684602},"geometry":{"type":"LineString","coordinates":[[32.8272468,39.8666217],[32.8271031,39.8665973],[32.826886,39.8667547],[32.8267533,39.8668319],[32.826504,39.8670633],[32.8262788,39.8673133]]}},{"type":"Feature","properties":{"highway":"residential","osm_id":208684603},"geometry":{"type":"LineString","coordinates":[[32.8204464,39.8648304],[32.821524,39.8653199],[32.822468,39.8657608],[32.822849,39.8658961],[32.8232698,39.8659616],[32.8237661,39.8660002]]}},{"type":"Feature","properties":{"highway":"residential","osm_id":208684609},"geometry":{"type":"LineString","coordinates":[[32.8242165,39.8706465],[32.8239638,39.8706195],[32.8236301,39.8706473],[32.8234854,39.870638],[32.8233285,39.8705856],[32.8230632,39.8704374],[32.8228306,39.870313]]}},{"type":"Feature","properties":{"highway":"residential","osm_id":208684611},"geometry":{"type":"LineString","coordinates":[[32.8371164,39.8697923],[32.8379721,39.870072],[32.8387863,39.8701308],[32.8388286,39.8698591],[32.838993,39.8686837]]}},{"type":"Feature","properties":{"highway":"residential","osm_id":208684614},"geometry":{"type":"LineString","coordinates":[[32.8368883,39.8702666],[32.8369506,39.8703682],[32.8373448,39.8710102],[32.8373991,39.8710882],[32.8377297,39.871563],[32.8377831,39.8716397],[32.8379761,39.8717755],[32.8381538,39.8718596]]}},{"type":"Feature","properties":{"highway":"residential","osm_id":208684615},"geometry":{"type":"LineString","coordinates":[[32.8274189,39.8661958],[32.8272468,39.8666217],[32.8266999,39.8673192],[32.8268045,39.8675661],[32.8270779,39.8678501],[32.8271905,39.8680723],[32.8272787,39.8681374],[32.8280346,39.8686958]]}},{"type":"Feature","properties":{"highway":"residential","osm_id":208684616},"geometry":{"type":"LineString","coordinates":[[32.8363433,39.868235],[32.8366388,39.8687143],[32.8367189,39.8692309],[32.8366843,39.8693864],[32.8365933,39.8695872],[32.8365023,39.869849],[32.836326,39.8701415],[32.8359848,39.8705779],[32.835547,39.8711103]]}},{"type":"Feature","properties":{"highway":"residential","osm_id":208684618},"geometry":{"type":"LineString","coordinates":[[32.8233195,39.8669511],[32.8236194,39.8671073],[32.823867,39.8673119],[32.824039,39.8675438],[32.8241228,39.8676567],[32.8243617,39.8679535],[32.8246403,39.8681542]]}},{"type":"Feature","properties":{"highway":"residential","osm_id":208684619},"geometry":{"type":"LineString","coordinates":[[32.8341936,39.8703113],[32.8347657,39.8699608],[32.8348815,39.8698748],[32.8351069,39.8697076],[32.8353116,39.8695418],[32.8353571,39.8694021],[32.8352882,39.8681365],[32.8352832,39.8680448],[32.8340003,39.8673871]]}},{"type":"Feature","properties":{"highway":"residential","osm_id":208684620},"geometry":{"type":"LineString","coordinates":[[32.8445116,39.8697821],[32.8443734,39.8695421],[32.8443357,39.8694769],[32.8441192,39.8691012],[32.8438975,39.8687608],[32.8437041,39.8686778],[32.8428625,39.8686386],[32.8423735,39.8686604],[32.841765,39.8687477]]}},{"type":"Feature","properties":{"name":"948.Sk(113.Sk)","highway":"residential","osm_id":208684624},"geometry":{"type":"LineString","coordinates":[[32.8370653,39.8678327],[32.8366843,39.8671867],[32.8363317,39.8666804],[32.8357634,39.8658611],[32.8351992,39.8647511],[32.8351104,39.8645875],[32.8348087,39.8640159],[32.8346867,39.8637954],[32.8346152,39.8636661],[32.8344989,39.8634559]]}},{"type":"Feature","properties":{"name":"948.Sk(113.Sk)","highway":"residential","osm_id":208685104},"geometry":{"type":"LineString","coordinates":[[32.8357525,39.8723739],[32.8363374,39.8715337],[32.8364296,39.8713859],[32.8366558,39.8710231],[32.8367468,39.8707874],[32.8367866,39.8705517],[32.8368435,39.8703597],[32.8368883,39.8702666],[32.8371164,39.8697923],[32.8373029,39.8693182],[32.8373268,39.8692642],[32.8374235,39.8686706],[32.8374219,39.8686096],[32.8374178,39.8684568],[32.8370653,39.8678327]]}},{"type":"Feature","properties":{"highway":"residential","osm_id":208685105},"geometry":{"type":"LineString","coordinates":[[32.834814,39.8716004],[32.835547,39.8711103]]}},{"type":"Feature","properties":{"highway":"residential","osm_id":208685106},"geometry":{"type":"LineString","coordinates":[[32.837565,39.8728426],[32.8378769,39.8728775],[32.838198,39.8728359],[32.8385653,39.8727655],[32.8389418,39.872612]]}},{"type":"Feature","properties":{"highway":"residential","osm_id":208685107},"geometry":{"type":"LineString","coordinates":[[32.8362662,39.8727973],[32.8357525,39.8723739],[32.834814,39.8716004],[32.8342782,39.8711587]]}},{"type":"Feature","properties":{"source":"Bing","highway":"residential","osm_id":208685108},"geometry":{"type":"LineString","coordinates":[[32.8371514,39.8723576],[32.8362662,39.8727973],[32.8355453,39.8731554],[32.8347466,39.8735489]]}},{"type":"Feature","properties":{"highway":"residential","osm_id":208685109},"geometry":{"type":"LineString","coordinates":[[32.8371514,39.8723576],[32.837565,39.8728426],[32.8376592,39.8729532],[32.8376886,39.8733429],[32.8376251,39.8740703],[32.8375,39.8748117]]}},{"type":"Feature","properties":{"highway":"residential","osm_id":208696385},"geometry":{"type":"LineString","coordinates":[[32.8451572,39.8671464],[32.8450358,39.8673314]]}},{"type":"Feature","properties":{"highway":"tertiary","osm_id":208696390},"geometry":{"type":"LineString","coordinates":[[32.8503928,39.8629908],[32.8501798,39.863163],[32.8499479,39.8632623],[32.8496665,39.8633352],[32.8494422,39.8634199],[32.8493091,39.8634987],[32.8491456,39.863557],[32.8489479,39.8635862],[32.8487577,39.8636037],[32.8483705,39.863846],[32.8480587,39.8641203],[32.847785,39.8644881],[32.8475568,39.8647099],[32.8473667,39.864885],[32.8472754,39.8650485],[32.8472298,39.8652177],[32.8471842,39.8653812],[32.8468344,39.8657022],[32.8466747,39.8658832],[32.8464921,39.8661808],[32.8462792,39.8665019],[32.8460759,39.8669292],[32.8458836,39.8671004],[32.845722,39.8671004],[32.8454143,39.8670236],[32.845222,39.8669232],[32.8449875,39.8666433]]}},{"type":"Feature","properties":{"highway":"tertiary","name":"665. sk","oneway":"no","osm_id":208696394},"geometry":{"type":"LineString","coordinates":[[32.8521158,39.8656293],[32.8513848,39.866344],[32.8506028,39.8670681],[32.8503978,39.8672405],[32.8500376,39.8676071]]}},{"type":"Feature","properties":{"highway":"residential","osm_id":208696398},"geometry":{"type":"LineString","coordinates":[[32.8449875,39.8666433],[32.8449589,39.8668],[32.8449589,39.8670125],[32.8449358,39.8671897]]}},{"type":"Feature","properties":{"highway":"tertiary","osm_id":208696401},"geometry":{"type":"LineString","coordinates":[[32.8503928,39.8629908],[32.8505928,39.8630288],[32.8508312,39.8630317],[32.8510659,39.8630937],[32.8512966,39.8631675],[32.8514844,39.8632223]]}},{"type":"Feature","properties":{"highway":"tertiary","osm_id":208696402},"geometry":{"type":"LineString","coordinates":[[32.8507114,39.8636762],[32.8508209,39.8635728],[32.8510747,39.8635167],[32.8512747,39.8634754],[32.8514401,39.8634075],[32.8515167,39.86332]]}},{"type":"Feature","properties":{"highway":"residential","osm_id":208696403},"geometry":{"type":"LineString","coordinates":[[32.8452273,39.8616012],[32.845196,39.8615197],[32.8451613,39.8614311],[32.8451806,39.8613544],[32.8452498,39.8612363],[32.845296,39.8610975]]}},{"type":"Feature","properties":{"highway":"unclassified","osm_id":208696411},"geometry":{"type":"LineString","coordinates":[[32.8446973,39.8660589],[32.8446605,39.8662147],[32.8446336,39.8663742],[32.8445759,39.866628],[32.8445489,39.8667668]]}},{"type":"Feature","properties":{"highway":"residential","osm_id":208696786},"geometry":{"type":"LineString","coordinates":[[32.8542664,39.8726257],[32.8543292,39.8720819],[32.8544003,39.8714671]]}},{"type":"Feature","properties":{"highway":"residential","osm_id":208696795},"geometry":{"type":"LineString","coordinates":[[32.857134,39.8725698],[32.8570994,39.8715712]]}},{"type":"Feature","properties":{"highway":"residential","osm_id":208696809},"geometry":{"type":"LineString","coordinates":[[32.8562094,39.8725986],[32.8562771,39.8715433]]}},{"type":"Feature","properties":{"highway":"residential","osm_id":208696816},"geometry":{"type":"LineString","coordinates":[[32.8543292,39.8720819],[32.8542228,39.8720818],[32.8540804,39.8720816],[32.8539342,39.8720815],[32.8536306,39.8720811],[32.8527587,39.8718673],[32.8523138,39.8716902]]}},{"type":"Feature","properties":{"highway":"residential","osm_id":208696832},"geometry":{"type":"LineString","coordinates":[[32.8536567,39.8726231],[32.8536568,39.872272],[32.8536446,39.8721833],[32.8536306,39.8720811],[32.8536074,39.8719115],[32.8536233,39.8714131]]}},{"type":"Feature","properties":{"highway":"residential","osm_id":208697510},"geometry":{"type":"LineString","coordinates":[[32.857669,39.8730693],[32.8598212,39.8729876]]}},{"type":"Feature","properties":{"highway":"residential","osm_id":208697512},"geometry":{"type":"LineString","coordinates":[[32.856141,39.8734979],[32.8568625,39.8738296],[32.8568084,39.874852]]}},{"type":"Feature","properties":{"highway":"residential","osm_id":208697515},"geometry":{"type":"LineString","coordinates":[[32.861473,39.8735495],[32.8625549,39.8752155],[32.8631222,39.8750416]]}},{"type":"Feature","properties":{"highway":"residential","osm_id":208697516},"geometry":{"type":"LineString","coordinates":[[32.8609651,39.873466],[32.8610376,39.873674],[32.8612497,39.8741409],[32.8619347,39.8753643],[32.8621127,39.8756821]]}},{"type":"Feature","properties":{"highway":"residential","osm_id":208697518},"geometry":{"type":"LineString","coordinates":[[32.8577447,39.873863],[32.8568625,39.8738296],[32.8569451,39.8735232]]}},{"type":"Feature","properties":{"highway":"residential","osm_id":208697519},"geometry":{"type":"LineString","coordinates":[[32.855121,39.8734658],[32.856141,39.8734979],[32.8569451,39.8735232],[32.8575883,39.8735435],[32.8576996,39.8735459],[32.859885,39.8734706],[32.8599008,39.8734661]]}},{"type":"Feature","properties":{"highway":"residential","osm_id":208697959},"geometry":{"type":"LineString","coordinates":[[32.8343346,39.847966],[32.8342016,39.8476727],[32.8328365,39.8471066],[32.8324058,39.847073],[32.8320044,39.8471346],[32.8318724,39.8471636],[32.8316248,39.8472916],[32.8313839,39.8476446],[32.8312489,39.8478912],[32.8312383,39.8480733]]}},{"type":"Feature","properties":{"highway":"residential","osm_id":208697961},"geometry":{"type":"LineString","coordinates":[[32.8343346,39.847966],[32.834515,39.847865],[32.834417,39.8476828],[32.834195,39.8475203],[32.8327136,39.8469417],[32.8321355,39.8467475],[32.8319858,39.8467158],[32.8312867,39.8468552],[32.8311909,39.8468743],[32.8309896,39.8471042],[32.8308473,39.8473447],[32.8307832,39.8474529],[32.8305053,39.8475106],[32.8301534,39.8475837],[32.8300074,39.8475427],[32.829885,39.8475084],[32.8296528,39.8473221],[32.8294782,39.8472407],[32.8293637,39.8471874],[32.8291779,39.8470368],[32.829163,39.8469594],[32.8291366,39.8468228],[32.8291934,39.8466009],[32.8293327,39.8463076],[32.8293904,39.8461676],[32.8294701,39.8459741],[32.8296304,39.8457552],[32.8298798,39.8455728],[32.8303668,39.8454589],[32.8307556,39.8454037],[32.8309131,39.8453813],[32.8316198,39.8453357],[32.831884,39.8453445],[32.8319988,39.8453483],[32.8328609,39.8453768],[32.8332351,39.8454406],[32.8340888,39.8456799],[32.8348622,39.8458966],[32.8352066,39.8460105],[32.8353443,39.8461448]]}},{"type":"Feature","properties":{"highway":"residential","osm_id":208697962},"geometry":{"type":"LineString","coordinates":[[32.8246523,39.8477827],[32.8253845,39.8475081],[32.825017,39.8468376]]}},{"type":"Feature","properties":{"highway":"residential","osm_id":208697964},"geometry":{"type":"LineString","coordinates":[[32.8226683,39.8525576],[32.8242567,39.8512337]]}},{"type":"Feature","properties":{"highway":"residential","osm_id":208697969},"geometry":{"type":"LineString","coordinates":[[32.8254531,39.8506438],[32.8263795,39.8512743],[32.8273432,39.8519596],[32.8280041,39.8524178],[32.8281783,39.8526418],[32.8282205,39.8535266]]}},{"type":"Feature","properties":{"highway":"residential","osm_id":208697970},"geometry":{"type":"LineString","coordinates":[[32.834777,39.8479125],[32.8348718,39.8478285],[32.834912,39.8477752],[32.8349375,39.8476576],[32.8349485,39.8475763],[32.8349156,39.8474838],[32.8348828,39.8474446],[32.8349193,39.8473773],[32.8349996,39.8472456],[32.8350726,39.8471924],[32.8351054,39.8471111],[32.8350799,39.8470215],[32.8350434,39.8469906],[32.8349813,39.846985],[32.8348755,39.8469878],[32.8347478,39.846971],[32.8344886,39.8468701],[32.8342514,39.8467609],[32.8340178,39.8466544],[32.8338316,39.8465367],[32.8337586,39.846475]]}},{"type":"Feature","properties":{"highway":"residential","osm_id":208697973},"geometry":{"type":"LineString","coordinates":[[32.8240981,39.8470369],[32.8243471,39.8475081],[32.8242331,39.8477642],[32.8244359,39.84806]]}},{"type":"Feature","properties":{"highway":"residential","osm_id":208697976},"geometry":{"type":"LineString","coordinates":[[32.834912,39.8477752],[32.8350397,39.8477668],[32.8353135,39.8476828],[32.8354339,39.847666],[32.8355653,39.8477024]]}},{"type":"Feature","properties":{"highway":"residential","osm_id":208697978},"geometry":{"type":"LineString","coordinates":[[32.8279972,39.848528],[32.8270962,39.8492772],[32.8270298,39.8493324],[32.8254531,39.8506438],[32.8241683,39.8516693],[32.8241318,39.851787],[32.8250148,39.8524406]]}},{"type":"Feature","properties":{"highway":"residential","osm_id":208697979},"geometry":{"type":"LineString","coordinates":[[32.8221798,39.8486978],[32.8220033,39.8483942],[32.823307,39.8479169],[32.8234537,39.8478632],[32.8235312,39.8479742],[32.8242331,39.8477642]]}},{"type":"Feature","properties":{"highway":"residential","osm_id":208697980},"geometry":{"type":"LineString","coordinates":[[32.834515,39.847865],[32.834777,39.8479125],[32.8349448,39.8480835],[32.8351565,39.8482208],[32.8353719,39.8483077],[32.8356347,39.8483441]]}},{"type":"Feature","properties":{"highway":"residential","osm_id":208697983},"geometry":{"type":"LineString","coordinates":[[32.824615,39.8480033],[32.8244359,39.84806],[32.8236292,39.8483269],[32.8221798,39.8486978],[32.8220498,39.8487311],[32.8215801,39.8487073],[32.8213065,39.8483863],[32.8207977,39.8481252]]}},{"type":"Feature","properties":{"highway":"residential","osm_id":208697984},"geometry":{"type":"LineString","coordinates":[[32.8231401,39.8496185],[32.8241334,39.8503614],[32.8247064,39.8501751],[32.8247735,39.8499849],[32.8246289,39.8494381],[32.8246341,39.8491884],[32.8246083,39.8490775],[32.8244215,39.8488825]]}},{"type":"Feature","properties":{"highway":"unclassified","osm_id":208698214},"geometry":{"type":"LineString","coordinates":[[32.8349285,39.8466289],[32.8351476,39.8467393],[32.835313,39.846808]]}},{"type":"Feature","properties":{"highway":"residential","osm_id":208698215},"geometry":{"type":"LineString","coordinates":[[32.8349813,39.846985],[32.8349151,39.846828],[32.8348838,39.8467559],[32.8349285,39.8466289],[32.8352326,39.8461551],[32.8353443,39.8461448],[32.8354517,39.8462581],[32.8356708,39.8464435],[32.8363162,39.8468361]]}},{"type":"Feature","properties":{"highway":"tertiary","oneway":"yes","osm_id":208698786},"geometry":{"type":"LineString","coordinates":[[32.8421445,39.848405],[32.8422472,39.8483257],[32.8422815,39.8482027],[32.8422777,39.847649],[32.8422789,39.8475572],[32.8422891,39.84677],[32.8422815,39.8463628],[32.8422891,39.8462837],[32.8423082,39.8462017],[32.8424113,39.8459995],[32.8426173,39.8457124],[32.8426898,39.8456538],[32.8427321,39.8455648],[32.8427387,39.8453509],[32.8427353,39.8451195],[32.8427299,39.84475],[32.8426542,39.844707],[32.8426287,39.8446201],[32.842625,39.8445387],[32.8427309,39.8445191],[32.8428442,39.8445191],[32.8428917,39.8445556],[32.8429063,39.8446285],[32.8428448,39.8447534],[32.8427299,39.84475]]}},{"type":"Feature","properties":{"oneway":"yes","highway":"tertiary","osm_id":208698787},"geometry":{"type":"LineString","coordinates":[[32.8428448,39.8447534],[32.8428432,39.8453667],[32.8428386,39.8456626],[32.8428425,39.8457417],[32.8428005,39.845812],[32.8427328,39.8458811],[32.842499,39.8461196],[32.842396,39.8462632],[32.8423845,39.8463599],[32.842396,39.8469693],[32.8423845,39.847479],[32.8423845,39.8475639],[32.8423845,39.8477398],[32.8423845,39.8482759],[32.842396,39.8483872],[32.8424556,39.8485727]]}},{"type":"Feature","properties":{"highway":"unclassified","osm_id":208698788},"geometry":{"type":"LineString","coordinates":[[32.8410401,39.8469889],[32.8410935,39.8471472],[32.8411622,39.8472468],[32.8412767,39.8473903]]}},{"type":"Feature","properties":{"highway":"tertiary","osm_id":208698789},"geometry":{"type":"LineString","coordinates":[[32.8423845,39.847479],[32.8425868,39.8472564],[32.8425792,39.8464478],[32.842396,39.8462632]]}},{"type":"Feature","properties":{"highway":"unclassified","osm_id":208698790},"geometry":{"type":"LineString","coordinates":[[32.8422789,39.8475572],[32.8423845,39.8475639],[32.8436557,39.8475463],[32.8439114,39.847479],[32.844064,39.8474116],[32.8441136,39.8473676],[32.8446957,39.8464368],[32.8451956,39.8455878],[32.8452456,39.845475],[32.8452394,39.8453957],[32.8442889,39.8446516],[32.8438668,39.8446828],[32.8438465,39.8458779],[32.8427328,39.8458811]]}},{"type":"Feature","properties":{"highway":"unclassified","oneway":"yes","osm_id":208698791},"geometry":{"type":"LineString","coordinates":[[32.8405899,39.8473025],[32.8406829,39.8472701],[32.8408302,39.8471647],[32.8409523,39.8470856],[32.8410401,39.8469889]]}},{"type":"Feature","properties":{"highway":"unclassified","oneway":"yes","osm_id":208698792},"geometry":{"type":"LineString","coordinates":[[32.8412767,39.8473903],[32.8410821,39.8473229],[32.8406829,39.8472701]]}},{"type":"Feature","properties":{"highway":"unclassified","osm_id":208699853},"geometry":{"type":"LineString","coordinates":[[32.8388514,39.8445812],[32.8388534,39.8442542],[32.8388544,39.8440974],[32.8388561,39.8438257],[32.8388814,39.8434738],[32.8388937,39.8433029],[32.8388871,39.8430856],[32.8388561,39.8430364],[32.8388053,39.8430177],[32.838509,39.8430143]]}},{"type":"Feature","properties":{"highway":"residential","osm_id":208699868},"geometry":{"type":"LineString","coordinates":[[32.8245745,39.8722397],[32.8237245,39.8720147],[32.8232618,39.8718933],[32.822883,39.8717413],[32.8219556,39.8725524],[32.8217122,39.8727794],[32.8216321,39.8729023],[32.8215735,39.8730324],[32.8215427,39.8732428],[32.8215485,39.8749646]]}},{"type":"Feature","properties":{"highway":"tertiary","osm_id":208700776},"geometry":{"type":"LineString","coordinates":[[32.8562182,39.8498396],[32.8564101,39.8499078],[32.8567594,39.8500638],[32.8571643,39.850331],[32.8574271,39.8504413],[32.8579386,39.8506511],[32.8581032,39.8507587],[32.8582784,39.8508286],[32.8589858,39.8511382],[32.8592591,39.8514556],[32.8597566,39.8520258],[32.8600649,39.8523431],[32.8603417,39.8526175],[32.8606325,39.8528004],[32.8609723,39.852951],[32.8616746,39.8532748],[32.8621581,39.8534577],[32.8624383,39.8536083],[32.8624734,39.8537267],[32.8624033,39.8537643],[32.8619899,39.853689],[32.8609669,39.853334],[32.8599789,39.8528768],[32.8592502,39.8525056],[32.8588088,39.8521237],[32.8586616,39.8520161],[32.8585215,39.8519623],[32.8583463,39.8519515],[32.8582412,39.852043],[32.8581431,39.8521936],[32.8581349,39.8524262],[32.8579877,39.8525446],[32.8577845,39.852593],[32.8577355,39.8527059],[32.8577425,39.8528297],[32.8578967,39.8529803],[32.8581069,39.8531201],[32.8581699,39.8532708],[32.8581629,39.8534214],[32.8580928,39.8535505],[32.8579107,39.8537011],[32.8577408,39.8537739],[32.8576244,39.8537967],[32.8575005,39.8538386],[32.8573469,39.8539222],[32.8572256,39.854004],[32.8571537,39.8540554],[32.8571066,39.8541219],[32.8570843,39.8542113],[32.8571265,39.8543539],[32.8571884,39.8544205],[32.857399,39.8545061],[32.8577185,39.8546183],[32.8578275,39.8546791],[32.8578895,39.8547419],[32.8579613,39.8549074],[32.8579935,39.8551051],[32.8579712,39.8552839],[32.8579687,39.8556376],[32.8579737,39.8557346],[32.8579539,39.8558164],[32.85783,39.856037],[32.8578152,39.8561758],[32.8578622,39.8563394],[32.8579019,39.8564706],[32.8579093,39.8565543],[32.8578672,39.856676],[32.8578597,39.8567558],[32.8578771,39.8568414],[32.8579836,39.8569745],[32.8582685,39.8572883],[32.8583527,39.8574309],[32.8583973,39.8575831],[32.858375,39.8577523],[32.8583081,39.8579387],[32.858209,39.8580851],[32.8580753,39.8582182],[32.8579514,39.8583228],[32.8576739,39.8584559],[32.857446,39.8584826],[32.8572082,39.8585054],[32.8570199,39.8585643],[32.8569382,39.858629],[32.8568961,39.8587051],[32.8568936,39.8587811],[32.8569184,39.8588857],[32.8570868,39.8589827],[32.857451,39.8591653],[32.8577111,39.8592699],[32.8579316,39.8593839],[32.8581075,39.8595038],[32.858209,39.859595],[32.8582561,39.8596673],[32.858266,39.859808],[32.8582561,39.8599088],[32.8582759,39.8600001],[32.8583503,39.8600761],[32.858427,39.860119],[32.8585484,39.8601532],[32.8587342,39.8601132],[32.8589646,39.8600676],[32.8592247,39.8600201],[32.8594626,39.8600391],[32.8597252,39.8600866],[32.8601234,39.8601678],[32.8603544,39.8603129],[32.8607879,39.8604708],[32.8612216,39.8606544],[32.8615475,39.860805],[32.8616771,39.8608642],[32.8617822,39.8609368],[32.8619819,39.8612084],[32.8620309,39.8613294],[32.8620309,39.8614155],[32.8619784,39.8614989],[32.8617612,39.8617059],[32.861628,39.8618431],[32.861593,39.8619103],[32.8615895,39.8620017],[32.8616386,39.8621012],[32.8618418,39.8622034],[32.8620169,39.862276],[32.862073,39.8623594],[32.8621345,39.8624762],[32.8621975,39.8625568],[32.8623271,39.8625945],[32.8625444,39.8625461],[32.862716,39.8624654],[32.863224,39.8624493],[32.8634027,39.86246],[32.8635078,39.8625084],[32.8638932,39.8628473],[32.8639948,39.862901],[32.8641735,39.8629037],[32.8642716,39.8628742],[32.8643451,39.8627773],[32.8644467,39.8625541],[32.8644923,39.8624358],[32.8645588,39.8623094],[32.8649477,39.8618684],[32.8654592,39.8614032],[32.8669566,39.8604228]]}},{"type":"Feature","properties":{"highway":"tertiary","osm_id":208700778},"geometry":{"type":"LineString","coordinates":[[32.8630817,39.8575374],[32.8627731,39.8576632],[32.8622082,39.8578191],[32.8620695,39.8579104],[32.8616384,39.8583059],[32.8614502,39.8585189],[32.8606029,39.8587547],[32.8605088,39.8587509],[32.8603676,39.8586958],[32.8602412,39.8585893],[32.860209,39.8585684],[32.8601124,39.8585608],[32.8599687,39.8585608],[32.8596888,39.8587053],[32.8594906,39.858808],[32.8593719,39.8588156],[32.8592158,39.8587642],[32.8589854,39.8586787],[32.8588516,39.8586577],[32.8587203,39.8587053],[32.8586411,39.8587604],[32.8585915,39.8588422],[32.8585841,39.8589202],[32.8586188,39.859021],[32.8587575,39.8591236],[32.8588492,39.8592644],[32.8588739,39.8593594],[32.8588591,39.8594811],[32.8587724,39.8595914],[32.8587005,39.8596751],[32.8586609,39.8597493],[32.8586609,39.8598672],[32.8587342,39.8601132]]}},{"type":"Feature","properties":{"highway":"tertiary","osm_id":208700779},"geometry":{"type":"LineString","coordinates":[[32.8581349,39.8524262],[32.8582361,39.8524597],[32.8584442,39.8524521],[32.8586226,39.8524939],[32.8587415,39.8526042],[32.8588802,39.8528553],[32.8592469,39.8533117],[32.859346,39.8534486],[32.8594351,39.8536312],[32.8594698,39.8538937],[32.8594896,39.8540192],[32.8595739,39.8541409],[32.8597473,39.8542664],[32.8598365,39.8543653],[32.8599207,39.8544946],[32.8599504,39.854719],[32.8600049,39.854894],[32.8600991,39.8550309],[32.8603864,39.8552363],[32.8605995,39.8553999],[32.8607184,39.8555254],[32.8607927,39.8557155],[32.8608423,39.8558943],[32.8608968,39.8559856],[32.8610503,39.8561377],[32.8612188,39.8562442],[32.8614071,39.8563241],[32.8616053,39.8564002],[32.8617589,39.8565181],[32.8620165,39.8567881],[32.8623336,39.8571418],[32.8625764,39.8573472],[32.8627795,39.8574499],[32.8630817,39.8575374],[32.863275,39.8575906],[32.8634732,39.8577009],[32.8642758,39.8582144],[32.8653807,39.8588571],[32.8657374,39.8589332],[32.8671495,39.8592679],[32.8688291,39.8597281],[32.8702511,39.8600932],[32.8711016,39.8602713]]}},{"type":"Feature","properties":{"highway":"tertiary","osm_id":208700780},"geometry":{"type":"LineString","coordinates":[[32.8550326,39.8494525],[32.8550699,39.8488012],[32.8549906,39.8484018],[32.8546686,39.8475574],[32.8539749,39.8465417],[32.8536249,39.8458531],[32.8534344,39.8452211],[32.8531089,39.8445749],[32.852599,39.8436175],[32.852255,39.8429147]]}},{"type":"Feature","properties":{"highway":"residential","osm_id":208700999},"geometry":{"type":"LineString","coordinates":[[32.8659059,39.8636217],[32.8659892,39.8634865],[32.8660869,39.8633711],[32.8662523,39.8632355]]}},{"type":"Feature","properties":{"highway":"residential","osm_id":208701625},"geometry":{"type":"LineString","coordinates":[[32.8255285,39.8469227],[32.8259657,39.8459463]]}},{"type":"Feature","properties":{"highway":"residential","osm_id":208701626},"geometry":{"type":"LineString","coordinates":[[32.8280606,39.8470865],[32.8275273,39.8467815],[32.8259657,39.8459463]]}},{"type":"Feature","properties":{"highway":"residential","osm_id":208701627},"geometry":{"type":"LineString","coordinates":[[32.8285609,39.8460313],[32.8287561,39.8454984],[32.8286416,39.8453346],[32.8284542,39.8452398],[32.8281054,39.8452958]]}},{"type":"Feature","properties":{"highway":"residential","osm_id":208701628},"geometry":{"type":"LineString","coordinates":[[32.8291182,39.8461374],[32.8285609,39.8460313],[32.8280926,39.8462321],[32.8278219,39.8463081],[32.8269447,39.8458381],[32.8260026,39.8452507],[32.8262212,39.8449949]]}},{"type":"Feature","properties":{"highway":"residential","osm_id":208720791},"geometry":{"type":"LineString","coordinates":[[32.8329744,39.872057],[32.8347466,39.8735489],[32.8346238,39.8736567]]}},{"type":"Feature","properties":{"oneway":"yes","highway":"residential","osm_id":208832508},"geometry":{"type":"LineString","coordinates":[[32.8353848,39.8516002],[32.8353517,39.8513883],[32.835295,39.8512433],[32.8344467,39.8501033],[32.8342867,39.8498333],[32.8340783,39.84937],[32.8339933,39.8492733],[32.833941,39.8492228]]}},{"type":"Feature","properties":{"highway":"secondary","osm_id":208833200},"geometry":{"type":"LineString","coordinates":[[32.8470147,39.8555428],[32.8489466,39.8562527]]}},{"type":"Feature","properties":{"highway":"tertiary","osm_id":208833201},"geometry":{"type":"LineString","coordinates":[[32.8457624,39.8548453],[32.8458459,39.8548547],[32.8470217,39.8549871],[32.8489298,39.8553571]]}},{"type":"Feature","properties":{"highway":"secondary","osm_id":208833202},"geometry":{"type":"LineString","coordinates":[[32.8469124,39.8521872],[32.8470156,39.8530095],[32.8470774,39.8536913]]}},{"type":"Feature","properties":{"highway":"tertiary","osm_id":208833203},"geometry":{"type":"LineString","coordinates":[[32.8457624,39.8548453],[32.8458574,39.8542301],[32.8459167,39.853795]]}},{"type":"Feature","properties":{"highway":"tertiary","osm_id":208833204},"geometry":{"type":"LineString","coordinates":[[32.8483801,39.8535842],[32.848835,39.8546779],[32.8489298,39.8553571],[32.8489314,39.8554448],[32.8489351,39.8556412],[32.8489466,39.8562527]]}},{"type":"Feature","properties":{"highway":"tertiary","osm_id":208833205},"geometry":{"type":"LineString","coordinates":[[32.8483801,39.8535842],[32.8477021,39.8535914],[32.8470774,39.8536913]]}},{"type":"Feature","properties":{"name":"752 cd(1.cd)","highway":"residential","source":"Bing","osm_id":217919173},"geometry":{"type":"LineString","coordinates":[[32.83802,39.8542867],[32.838117,39.8545262],[32.8381491,39.8548128],[32.8381695,39.8552062],[32.8380907,39.8554322],[32.8379972,39.8556262],[32.837891,39.8557123],[32.837696,39.8558096],[32.8368159,39.8560647],[32.8366367,39.8561615],[32.8362662,39.8563997],[32.8359079,39.8566323],[32.8358003,39.8566976],[32.8354351,39.856901],[32.8351923,39.8570651],[32.8351179,39.8572078],[32.8348313,39.8577831],[32.8348085,39.8579398],[32.8352662,39.8590085],[32.8354698,39.859508],[32.8355488,39.8597582],[32.8355606,39.8598609],[32.8355765,39.8599988],[32.835607,39.8601259],[32.8357178,39.8605915],[32.8357799,39.8608543],[32.8360255,39.8617095],[32.8360788,39.8619244],[32.8361599,39.862228],[32.8362276,39.8628003],[32.8362267,39.8628748],[32.8362549,39.8636343],[32.8362883,39.863841],[32.836417,39.8642738],[32.8365161,39.864472],[32.8366442,39.8646799],[32.8368183,39.8649191],[32.8370299,39.8654519],[32.8372623,39.865779],[32.8376348,39.8660467],[32.8378435,39.8661806],[32.8385298,39.8665773],[32.8388994,39.8668423],[32.8394158,39.8674693],[32.8395361,39.8676044],[32.8398508,39.8680535],[32.8399591,39.8681849],[32.8402382,39.8685235],[32.8406797,39.869059],[32.8407041,39.8690886],[32.84076,39.8691564],[32.8408773,39.8693147],[32.8411701,39.8697095],[32.8416525,39.8703602],[32.8421199,39.8709906],[32.8423049,39.8712402],[32.8425687,39.8716285],[32.8427817,39.8719421],[32.8430124,39.8722818],[32.8438708,39.8725952],[32.8440274,39.8726452],[32.8442627,39.8727164],[32.8462209,39.8734238],[32.8464763,39.8735617],[32.84714,39.8741391],[32.8476313,39.8746768],[32.8477602,39.8748614],[32.8478231,39.8749662],[32.8478966,39.8751058],[32.8479634,39.8752335]]}},{"type":"Feature","properties":{"highway":"residential","osm_id":217919199},"geometry":{"type":"LineString","coordinates":[[32.8367189,39.8692309],[32.8373029,39.8693182]]}},{"type":"Feature","properties":{"highway":"residential","osm_id":217919200},"geometry":{"type":"LineString","coordinates":[[32.8250122,39.871565],[32.8259584,39.8721229]]}},{"type":"Feature","properties":{"highway":"residential","osm_id":217919212},"geometry":{"type":"LineString","coordinates":[[32.8307624,39.8727243],[32.83135,39.871919]]}},{"type":"Feature","properties":{"highway":"residential","osm_id":217919213},"geometry":{"type":"LineString","coordinates":[[32.8304907,39.8733143],[32.8308994,39.8728023]]}},{"type":"Feature","properties":{"highway":"residential","osm_id":217919222},"geometry":{"type":"LineString","coordinates":[[32.8387665,39.8723834],[32.8406867,39.871611],[32.8421199,39.8709906]]}},{"type":"Feature","properties":{"highway":"residential","osm_id":217919223},"geometry":{"type":"LineString","coordinates":[[32.8406797,39.869059],[32.8398189,39.8694353],[32.8397916,39.8694472],[32.8392103,39.8697013],[32.8388286,39.8698591]]}},{"type":"Feature","properties":{"highway":"residential","osm_id":217919239},"geometry":{"type":"LineString","coordinates":[[32.8320415,39.8734092],[32.8308994,39.8728023],[32.8307624,39.8727243],[32.8302543,39.8724615],[32.8292912,39.8720495]]}},{"type":"Feature","properties":{"highway":"residential","osm_id":217919260},"geometry":{"type":"LineString","coordinates":[[32.8254708,39.8691436],[32.8245474,39.8700744],[32.8241937,39.8704501],[32.8242165,39.8706465],[32.8246852,39.8710424],[32.8251544,39.8714488]]}},{"type":"Feature","properties":{"highway":"residential","osm_id":217919325},"geometry":{"type":"LineString","coordinates":[[32.8216321,39.8729023],[32.8226495,39.8732427],[32.8232026,39.8733929],[32.8236852,39.8735211]]}},{"type":"Feature","properties":{"highway":"residential","osm_id":217919328},"geometry":{"type":"LineString","coordinates":[[32.8651615,39.872964],[32.8661986,39.8726356]]}},{"type":"Feature","properties":{"highway":"tertiary","osm_id":217920243},"geometry":{"type":"LineString","coordinates":[[32.8538031,39.8536484],[32.8544667,39.8537436],[32.8550326,39.8537644],[32.8556388,39.8537767],[32.8562262,39.8537848],[32.8563362,39.8523848],[32.855789,39.852113],[32.8556123,39.8520398],[32.8552016,39.8518698],[32.8550165,39.8517876]]}},{"type":"Feature","properties":{"highway":"tertiary","osm_id":217920244},"geometry":{"type":"LineString","coordinates":[[32.854537,39.8561121],[32.8546428,39.8556559]]}},{"type":"Feature","properties":{"highway":"tertiary","osm_id":217920245},"geometry":{"type":"LineString","coordinates":[[32.8550165,39.8517876],[32.8556549,39.8506674]]}},{"type":"Feature","properties":{"highway":"tertiary","osm_id":217920246},"geometry":{"type":"LineString","coordinates":[[32.8571652,39.8522448],[32.8571194,39.8517341],[32.8566723,39.8519443],[32.8558341,39.8513884]]}},{"type":"Feature","properties":{"highway":"residential","osm_id":217920247},"geometry":{"type":"LineString","coordinates":[[32.8551009,39.8509655],[32.8547543,39.8508895],[32.8542967,39.850835]]}},{"type":"Feature","properties":{"highway":"tertiary","osm_id":217920248},"geometry":{"type":"LineString","coordinates":[[32.856143,39.8510189],[32.8558341,39.8513884],[32.8556123,39.8520398]]}},{"type":"Feature","properties":{"highway":"tertiary","osm_id":217920249},"geometry":{"type":"LineString","coordinates":[[32.8556549,39.8506674],[32.856143,39.8510189],[32.8562372,39.8510867],[32.8566044,39.8513511],[32.8571194,39.8517341]]}},{"type":"Feature","properties":{"highway":"secondary","osm_id":217920590},"geometry":{"type":"LineString","coordinates":[[32.8535587,39.8548064],[32.8535885,39.8546758],[32.8536995,39.8541792],[32.8538031,39.8536484]]}},{"type":"Feature","properties":{"highway":"residential","osm_id":217922594},"geometry":{"type":"LineString","coordinates":[[32.8609651,39.873466],[32.8605659,39.8734892],[32.8599112,39.8735273]]}},{"type":"Feature","properties":{"highway":"residential","osm_id":217922595},"geometry":{"type":"LineString","coordinates":[[32.8615621,39.8721321],[32.8616488,39.8721013],[32.8628912,39.87166]]}},{"type":"Feature","properties":{"highway":"unclassified","osm_id":217922596},"geometry":{"type":"LineString","coordinates":[[32.8566001,39.8616795],[32.8550039,39.8608477],[32.8537251,39.8599777],[32.853335,39.8597829]]}},{"type":"Feature","properties":{"highway":"secondary","osm_id":217922819},"geometry":{"type":"LineString","coordinates":[[32.8534107,39.8606701],[32.8530238,39.8607427],[32.8529348,39.8607559],[32.8516813,39.8609144],[32.851224,39.8609144],[32.8506302,39.8608871],[32.8501195,39.8609281],[32.8494365,39.86096],[32.8491396,39.8610147],[32.8489139,39.861188],[32.8485339,39.8615982],[32.8483811,39.8617772]]}},{"type":"Feature","properties":{"highway":"residential","osm_id":217923449},"geometry":{"type":"LineString","coordinates":[[32.8612795,39.8670934],[32.8614736,39.8671169],[32.861824,39.8671899],[32.8622753,39.8673859],[32.862651,39.8676104]]}},{"type":"Feature","properties":{"highway":"tertiary","osm_id":217923846},"geometry":{"type":"LineString","coordinates":[[32.8393152,39.8586078],[32.8395261,39.8585669],[32.8396269,39.8585218],[32.8396899,39.8584025],[32.8398075,39.858193],[32.8398201,39.8580641],[32.8397739,39.8577224],[32.8397621,39.8576101]]}},{"type":"Feature","properties":{"highway":"residential","osm_id":217925377},"geometry":{"type":"LineString","coordinates":[[32.8477554,39.8587602],[32.847801,39.8587048],[32.8479189,39.8586639],[32.8482269,39.8586581],[32.8486185,39.8586756],[32.848782,39.8587194],[32.8490748,39.8589412],[32.8491432,39.8590317],[32.8493182,39.8593148],[32.8493676,39.8594286],[32.8493714,39.8595395],[32.849436,39.8596621],[32.8495501,39.8597906],[32.85009,39.8599949],[32.8501813,39.8600387],[32.8503182,39.8601087]]}},{"type":"Feature","properties":{"highway":"tertiary","osm_id":217925378},"geometry":{"type":"LineString","coordinates":[[32.8465862,39.8513702],[32.8468008,39.8518973]]}},{"type":"Feature","properties":{"highway":"tertiary","osm_id":217925379},"geometry":{"type":"LineString","coordinates":[[32.8437967,39.8511198],[32.8434412,39.8516693]]}},{"type":"Feature","properties":{"highway":"residential","osm_id":217925380},"geometry":{"type":"LineString","coordinates":[[32.8454189,39.8527012],[32.8462257,39.8525958]]}},{"type":"Feature","properties":{"highway":"tertiary","osm_id":217925382},"geometry":{"type":"LineString","coordinates":[[32.8430843,39.8508826],[32.8437967,39.8511198]]}},{"type":"Feature","properties":{"highway":"residential","osm_id":217925383},"geometry":{"type":"LineString","coordinates":[[32.8250148,39.8524406],[32.8259503,39.8531193],[32.8261443,39.853255],[32.8266284,39.8535937],[32.8274259,39.8535601],[32.8282205,39.8535266],[32.8294437,39.8534751],[32.8310995,39.8521369],[32.8314104,39.8518879],[32.8316608,39.8516847],[32.8321586,39.8512415],[32.8322697,39.8511017]]}},{"type":"Feature","properties":{"highway":"tertiary","osm_id":217925384},"geometry":{"type":"LineString","coordinates":[[32.8427839,39.851469],[32.8430843,39.8508826]]}},{"type":"Feature","properties":{"highway":"tertiary","osm_id":217925385},"geometry":{"type":"LineString","coordinates":[[32.8458996,39.8515283],[32.8465862,39.8513702]]}},{"type":"Feature","properties":{"highway":"secondary","osm_id":217925386},"geometry":{"type":"LineString","coordinates":[[32.8434412,39.8516693],[32.8427839,39.851469]]}},{"type":"Feature","properties":{"highway":"residential","osm_id":217925387},"geometry":{"type":"LineString","coordinates":[[32.8250148,39.8524406],[32.8263795,39.8512743],[32.8280183,39.8498962],[32.8287802,39.8492656]]}},{"type":"Feature","properties":{"highway":"residential","osm_id":217925388},"geometry":{"type":"LineString","coordinates":[[32.8314421,39.8597934],[32.8313788,39.8597327],[32.8314025,39.8596265]]}},{"type":"Feature","properties":{"highway":"tertiary","osm_id":217925389},"geometry":{"type":"LineString","coordinates":[[32.8468008,39.8518973],[32.8464746,39.8517128],[32.8458996,39.8515283]]}},{"type":"Feature","properties":{"highway":"residential","osm_id":217925390},"geometry":{"type":"LineString","coordinates":[[32.8462257,39.8525958],[32.8460026,39.8528923],[32.8454189,39.8527012]]}},{"type":"Feature","properties":{"highway":"residential","osm_id":217925391},"geometry":{"type":"LineString","coordinates":[[32.8259503,39.8531193],[32.8265847,39.8525911],[32.8273432,39.8519596],[32.8289973,39.8505824]]}},{"type":"Feature","properties":{"highway":"residential","osm_id":217925393},"geometry":{"type":"LineString","coordinates":[[32.8314025,39.8596265],[32.8314421,39.8595416],[32.8314895,39.8595264],[32.8315844,39.8595203],[32.8316802,39.8595658],[32.8314421,39.8597934]]}},{"type":"Feature","properties":{"highway":"residential","osm_id":217925394},"geometry":{"type":"LineString","coordinates":[[32.8482611,39.8593586],[32.8481204,39.8593235],[32.8478846,39.8591893],[32.8477516,39.8590754],[32.8477287,39.8589587],[32.8477554,39.8587602]]}},{"type":"Feature","properties":{"highway":"residential","osm_id":217925396},"geometry":{"type":"LineString","coordinates":[[32.8503182,39.8601087],[32.8501737,39.8601116],[32.84963,39.860097],[32.849014,39.8600416],[32.8488581,39.8599978],[32.8487478,39.8599161],[32.8484702,39.8595716],[32.8482611,39.8593586]]}},{"type":"Feature","properties":{"highway":"tertiary","name":"48. Sk.","osm_id":217925397},"geometry":{"type":"LineString","coordinates":[[32.8397692,39.8484819],[32.8395699,39.8482239],[32.8390805,39.8479233],[32.8382905,39.8478375],[32.837947,39.8480006],[32.8377573,39.8481491],[32.8373546,39.8484643],[32.8374356,39.848712],[32.8376189,39.8490765],[32.8378101,39.8493117],[32.8382066,39.8494577],[32.8388145,39.8494872]]}},{"type":"Feature","properties":{"highway":"tertiary","name":"48. Sk.","osm_id":217925398},"geometry":{"type":"LineString","coordinates":[[32.8388145,39.8494872],[32.8390018,39.8495066],[32.8392273,39.8493969],[32.8400011,39.8494855],[32.8397917,39.8485545],[32.8397692,39.8484819]]}},{"type":"Feature","properties":{"highway":"tertiary","osm_id":217927126},"geometry":{"type":"LineString","coordinates":[[32.8470774,39.8536913],[32.8459167,39.853795]]}},{"type":"Feature","properties":{"highway":"secondary","osm_id":217927127},"geometry":{"type":"LineString","coordinates":[[32.8470774,39.8536913],[32.8470217,39.8549871],[32.8470147,39.8555428]]}},{"type":"Feature","properties":{"highway":"tertiary","osm_id":217938024},"geometry":{"type":"LineString","coordinates":[[32.8571623,39.8568733],[32.8550559,39.8566549]]}},{"type":"Feature","properties":{"highway":"tertiary","osm_id":217938025},"geometry":{"type":"LineString","coordinates":[[32.8572143,39.8560112],[32.8552823,39.855745],[32.8546428,39.8556559],[32.8533614,39.8554773]]}},{"type":"Feature","properties":{"highway":"tertiary","osm_id":217938026},"geometry":{"type":"LineString","coordinates":[[32.8532173,39.8559686],[32.854537,39.8561121],[32.8551738,39.8561813],[32.8572374,39.8563997]]}},{"type":"Feature","properties":{"highway":"residential","osm_id":217938027},"geometry":{"type":"LineString","coordinates":[[32.8301045,39.8514061],[32.8286368,39.8526185],[32.8281783,39.8526418],[32.8268172,39.8527108],[32.8265847,39.8525911]]}},{"type":"Feature","properties":{"highway":"tertiary","osm_id":217938028},"geometry":{"type":"LineString","coordinates":[[32.8535587,39.8548064],[32.852912,39.85473],[32.852275,39.8548618],[32.8517695,39.8549965],[32.850752,39.8552595]]}},{"type":"Feature","properties":{"highway":"primary","name":"Dikmen Cad.","osm_id":224847606},"geometry":{"type":"LineString","coordinates":[[32.8295045,39.871073],[32.8291444,39.8708831],[32.8286142,39.8705813],[32.8277638,39.8701608],[32.8276732,39.8701168],[32.8270856,39.8698523],[32.8269376,39.8697828],[32.8265289,39.8695895],[32.8254708,39.8691436],[32.8244612,39.8687384],[32.8242978,39.8686671],[32.8241917,39.8685993],[32.8237411,39.8683111],[32.8233891,39.8680575],[32.8230047,39.8677811],[32.8224436,39.8673945]]}},{"type":"Feature","properties":{"highway":"residential","osm_id":225760750},"geometry":{"type":"LineString","coordinates":[[32.8289973,39.8505824],[32.8299424,39.8498532],[32.8303447,39.8495351],[32.8308842,39.8495283],[32.8313278,39.8498467],[32.8314629,39.8499729],[32.8314702,39.8503795],[32.8310501,39.850716],[32.8301045,39.8514061]]}},{"type":"Feature","properties":{"highway":"secondary","oneway":"yes","junction":"roundabout","osm_id":225760751},"geometry":{"type":"LineString","coordinates":[[32.8346531,39.8489353],[32.8346531,39.8488976],[32.8346841,39.8488559],[32.8347229,39.8488203],[32.8347952,39.8488044],[32.8348598,39.8488203],[32.8349037,39.848844],[32.8349398,39.8488976],[32.8349011,39.8489452],[32.8348624,39.8489809],[32.8347745,39.8490027],[32.8347048,39.8489809],[32.8346531,39.8489353]]}},{"type":"Feature","properties":{"highway":"secondary","osm_id":225760753},"geometry":{"type":"LineString","coordinates":[[32.826835,39.8477809],[32.8266789,39.8476492]]}},{"type":"Feature","properties":{"highway":"secondary","osm_id":225760755},"geometry":{"type":"LineString","coordinates":[[32.8292476,39.8489867],[32.8291001,39.8492005]]}},{"type":"Feature","properties":{"highway":"primary","osm_id":225760757},"geometry":{"type":"LineString","coordinates":[[32.8299658,39.8452518],[32.8300077,39.8449038]]}},{"type":"Feature","properties":{"highway":"secondary","osm_id":225760758},"geometry":{"type":"LineString","coordinates":[[32.8309245,39.8479902],[32.8308108,39.8481647]]}},{"type":"Feature","properties":{"highway":"primary","osm_id":225760760},"geometry":{"type":"LineString","coordinates":[[32.829529,39.8451986],[32.8296057,39.8449282]]}},{"type":"Feature","properties":{"highway":"residential","osm_id":225760762},"geometry":{"type":"LineString","coordinates":[[32.8313278,39.8498467],[32.8315188,39.8496842]]}},{"type":"Feature","properties":{"highway":"residential","osm_id":225760764},"geometry":{"type":"LineString","coordinates":[[32.8312489,39.8478912],[32.8309245,39.8479902]]}},{"type":"Feature","properties":{"highway":"primary","osm_id":225760765},"geometry":{"type":"LineString","coordinates":[[32.8299658,39.8452518],[32.829529,39.8451986]]}},{"type":"Feature","properties":{"highway":"secondary","osm_id":225760767},"geometry":{"type":"LineString","coordinates":[[32.8312383,39.8480733],[32.8311124,39.8482401]]}},{"type":"Feature","properties":{"highway":"residential","osm_id":225760769},"geometry":{"type":"LineString","coordinates":[[32.8343346,39.847966],[32.8347229,39.8488203]]}},{"type":"Feature","properties":{"highway":"secondary","osm_id":225760770},"geometry":{"type":"LineString","coordinates":[[32.8349037,39.848844],[32.8349621,39.8488313],[32.8350511,39.8488093],[32.8352818,39.8487523],[32.8357593,39.8486282],[32.8360102,39.8485597],[32.8364296,39.8484588],[32.8366,39.8483742],[32.8368074,39.8482533],[32.8368445,39.8481989],[32.8368684,39.8481148],[32.8368087,39.8479506],[32.8367104,39.8477322],[32.8365878,39.8474481],[32.8364014,39.8470254],[32.8363162,39.8468361],[32.8360455,39.8461866]]}},{"type":"Feature","properties":{"oneway":"yes","highway":"secondary","osm_id":225760771},"geometry":{"type":"LineString","coordinates":[[32.8348624,39.8489809],[32.8347605,39.8490732],[32.8346297,39.8491399],[32.8344733,39.8492],[32.8343167,39.8492217],[32.8341633,39.8492367],[32.833941,39.8492228],[32.8337467,39.8492],[32.8336118,39.8491605],[32.833205,39.8490283],[32.8328745,39.8488973],[32.83236,39.8486933],[32.8311975,39.848274],[32.8311124,39.8482401],[32.8309651,39.8482053],[32.8308108,39.8481647],[32.8304054,39.8480502],[32.829634,39.8476847],[32.8289294,39.8472489],[32.8287871,39.8471297],[32.828678,39.8469984],[32.828571,39.8468787]]}},{"type":"Feature","properties":{"highway":"secondary","osm_id":225760773},"geometry":{"type":"LineString","coordinates":[[32.8287802,39.8492656],[32.828795,39.84911],[32.828941,39.8488962]]}},{"type":"Feature","properties":{"highway":"footway","osm_id":225760774},"geometry":{"type":"LineString","coordinates":[[32.8299908,39.8491885],[32.829996,39.8492697],[32.8303447,39.8495351]]}},{"type":"Feature","properties":{"highway":"footway","osm_id":225760777},"geometry":{"type":"LineString","coordinates":[[32.8314702,39.8503795],[32.8319352,39.8506622],[32.8320397,39.8506642]]}},{"type":"Feature","properties":{"highway":"primary","osm_id":225760782},"geometry":{"type":"LineString","coordinates":[[32.8289483,39.8450664],[32.8291137,39.8450546],[32.8291431,39.8450503],[32.8291663,39.8450067],[32.8291586,39.8449353],[32.8290782,39.8448656]]}},{"type":"Feature","properties":{"highway":"residential","osm_id":225760783},"geometry":{"type":"LineString","coordinates":[[32.8299424,39.8498532],[32.8302142,39.8500765],[32.8301781,39.8501479],[32.830271,39.8502114],[32.8303227,39.8501757],[32.8306946,39.8504335],[32.8308496,39.8503343]]}},{"type":"Feature","properties":{"highway":"footway","osm_id":225763411},"geometry":{"type":"LineString","coordinates":[[32.8402862,39.8441245],[32.8402693,39.8444957],[32.8402606,39.8447288],[32.8402564,39.8448409],[32.8409943,39.8448549],[32.8415897,39.8448745],[32.8416737,39.8448437],[32.8416847,39.8447792],[32.8414399,39.8445324],[32.8414618,39.8445043],[32.8417999,39.8444979]]}},{"type":"Feature","properties":{"highway":"unclassified","osm_id":225763412},"geometry":{"type":"LineString","coordinates":[[32.8418672,39.8451224],[32.8419342,39.844605],[32.8418154,39.8445534],[32.8417999,39.8444979],[32.8418516,39.8444186],[32.8418929,39.8443829],[32.8417675,39.8442329],[32.8416708,39.8441171],[32.8413229,39.8441224],[32.8407258,39.8441202],[32.8402862,39.8441245],[32.8388544,39.8440974]]}},{"type":"Feature","properties":{"highway":"tertiary","osm_id":225763416},"geometry":{"type":"LineString","coordinates":[[32.8562372,39.8510867],[32.8566447,39.8507577]]}},{"type":"Feature","properties":{"highway":"tertiary","osm_id":225763417},"geometry":{"type":"LineString","coordinates":[[32.8510511,39.853256],[32.8520999,39.8528732]]}},{"type":"Feature","properties":{"highway":"residential","osm_id":225763420},"geometry":{"type":"LineString","coordinates":[[32.852717,39.8484769],[32.851792,39.8487569]]}},{"type":"Feature","properties":{"highway":"residential","osm_id":225763421},"geometry":{"type":"LineString","coordinates":[[32.8521146,39.8502177],[32.8534238,39.8498916]]}},{"type":"Feature","properties":{"highway":"residential","osm_id":225763422},"geometry":{"type":"LineString","coordinates":[[32.8523103,39.8505843],[32.8533961,39.8502842]]}},{"type":"Feature","properties":{"highway":"residential","osm_id":225763423},"geometry":{"type":"LineString","coordinates":[[32.8256836,39.8481547],[32.8259166,39.8470745]]}},{"type":"Feature","properties":{"highway":"residential","osm_id":225763424},"geometry":{"type":"LineString","coordinates":[[32.8426898,39.8456538],[32.842211,39.8456428]]}},{"type":"Feature","properties":{"highway":"footway","osm_id":225763430},"geometry":{"type":"LineString","coordinates":[[32.840987,39.8446754],[32.8409943,39.8445239]]}},{"type":"Feature","properties":{"highway":"residential","osm_id":225763431},"geometry":{"type":"LineString","coordinates":[[32.8523863,39.8482148],[32.8513712,39.8484905]]}},{"type":"Feature","properties":{"highway":"footway","osm_id":225763432},"geometry":{"type":"LineString","coordinates":[[32.8407004,39.8444814],[32.8407258,39.8441202]]}},{"type":"Feature","properties":{"highway":"footway","osm_id":225763433},"geometry":{"type":"LineString","coordinates":[[32.8413229,39.8441224],[32.8413301,39.8445299],[32.8417675,39.8442329]]}},{"type":"Feature","properties":{"highway":"footway","osm_id":225763434},"geometry":{"type":"LineString","coordinates":[[32.8409943,39.8448549],[32.840987,39.8446754],[32.8402606,39.8447288]]}},{"type":"Feature","properties":{"highway":"unclassified","osm_id":225763435},"geometry":{"type":"LineString","coordinates":[[32.8391393,39.8451316],[32.8418672,39.8451224],[32.8427353,39.8451195]]}},{"type":"Feature","properties":{"highway":"residential","osm_id":225763436},"geometry":{"type":"LineString","coordinates":[[32.8390478,39.8492197],[32.8387952,39.8485748],[32.8387487,39.8483052]]}},{"type":"Feature","properties":{"highway":"residential","osm_id":225763437},"geometry":{"type":"LineString","coordinates":[[32.8491034,39.8492306],[32.8501689,39.8504003],[32.8511625,39.8515776]]}},{"type":"Feature","properties":{"highway":"residential","osm_id":225763439},"geometry":{"type":"LineString","coordinates":[[32.8521125,39.8497405],[32.8528064,39.849586],[32.8534543,39.849459]]}},{"type":"Feature","properties":{"highway":"tertiary","osm_id":225763441},"geometry":{"type":"LineString","coordinates":[[32.8381819,39.8470638],[32.8385668,39.8472223],[32.8377017,39.8480839]]}},{"type":"Feature","properties":{"highway":"tertiary","osm_id":225763444},"geometry":{"type":"LineString","coordinates":[[32.8374676,39.8478002],[32.8381819,39.8470638],[32.8369691,39.8465927],[32.8368253,39.8465491]]}},{"type":"Feature","properties":{"highway":"residential","osm_id":225763446},"geometry":{"type":"LineString","coordinates":[[32.8533949,39.8489857],[32.8531743,39.849109],[32.8526008,39.8492296],[32.8518974,39.8493875]]}},{"type":"Feature","properties":{"highway":"residential","osm_id":225763450},"geometry":{"type":"LineString","coordinates":[[32.853123,39.8488175],[32.8529077,39.8488314],[32.8526739,39.8488314],[32.8519981,39.849008]]}},{"type":"Feature","properties":{"highway":"unclassified","osm_id":225763452},"geometry":{"type":"LineString","coordinates":[[32.8404328,39.8463596],[32.8404681,39.8461423],[32.8416406,39.8461058],[32.8417173,39.8461647],[32.8418212,39.8463518]]}},{"type":"Feature","properties":{"highway":"tertiary","osm_id":225763453},"geometry":{"type":"LineString","coordinates":[[32.8512582,39.8534922],[32.8522104,39.8531953],[32.8520999,39.8528732],[32.8518798,39.8522316],[32.851824,39.852094]]}},{"type":"Feature","properties":{"highway":"unclassified","osm_id":225763456},"geometry":{"type":"LineString","coordinates":[[32.8388534,39.8442542],[32.8392174,39.844253],[32.8400388,39.8442503],[32.8400801,39.8446112],[32.8392278,39.8446112],[32.8392174,39.844253]]}},{"type":"Feature","properties":{"highway":"residential","osm_id":225763457},"geometry":{"type":"LineString","coordinates":[[32.8319107,39.8458796],[32.8319877,39.8459904],[32.8318843,39.8461074],[32.832667,39.846393],[32.8337466,39.8467955],[32.8349996,39.8472456]]}},{"type":"Feature","properties":{"highway":"residential","osm_id":225763459},"geometry":{"type":"LineString","coordinates":[[32.8545724,39.8490842],[32.8546469,39.8488041],[32.8544971,39.8486078],[32.8540528,39.8482231],[32.8536576,39.8479098],[32.8535259,39.8479098],[32.852906,39.8483302]]}},{"type":"Feature","properties":{"highway":"residential","osm_id":225763461},"geometry":{"type":"LineString","coordinates":[[32.8319988,39.8453483],[32.8321898,39.8458011],[32.8319107,39.8458796],[32.8315906,39.8459696],[32.8310792,39.8460886],[32.8298032,39.8464019],[32.8297335,39.8461739]]}},{"type":"Feature","properties":{"highway":"footway","osm_id":225763463},"geometry":{"type":"LineString","coordinates":[[32.8402693,39.8444957],[32.84064,39.8444847],[32.8407004,39.8444814],[32.8408445,39.8444735],[32.8409943,39.8445239],[32.841071,39.8445239],[32.8413301,39.8445299],[32.8414399,39.8445324]]}},{"type":"Feature","properties":{"highway":"unclassified","osm_id":225763464},"geometry":{"type":"LineString","coordinates":[[32.8410668,39.8465114],[32.8411308,39.8464444],[32.8412404,39.8463995],[32.841434,39.8463771],[32.8417079,39.8463574],[32.8418212,39.8463518],[32.8419892,39.8463434],[32.8422815,39.8463628]]}},{"type":"Feature","properties":{"highway":"unclassified","osm_id":225763467},"geometry":{"type":"LineString","coordinates":[[32.8419342,39.844605],[32.8420436,39.8446077],[32.8421312,39.8445965],[32.8422262,39.8445544],[32.8422335,39.8444955],[32.8422116,39.8444226],[32.8421531,39.8443469],[32.8420655,39.8443104],[32.8418929,39.8443829]]}},{"type":"Feature","properties":{"highway":"residential","osm_id":225763469},"geometry":{"type":"LineString","coordinates":[[32.8368684,39.8481148],[32.836942,39.8483394],[32.8370557,39.8485536],[32.8370918,39.8488629],[32.8370453,39.8490057],[32.8369162,39.8491882],[32.8366321,39.8492754],[32.8365133,39.8493071],[32.8365546,39.8498187]]}},{"type":"Feature","properties":{"highway":"tertiary","osm_id":225763470},"geometry":{"type":"LineString","coordinates":[[32.8382424,39.8487335],[32.8377573,39.8481491],[32.8377017,39.8480839],[32.8375042,39.8478518],[32.8374676,39.8478002],[32.8372149,39.8474433],[32.8368253,39.8465491],[32.8367345,39.8463407],[32.8366112,39.8460778]]}},{"type":"Feature","properties":{"highway":"residential","osm_id":225764455},"geometry":{"type":"LineString","coordinates":[[32.8557075,39.8673883],[32.8553142,39.8674574],[32.8550041,39.8678064]]}},{"type":"Feature","properties":{"highway":"residential","osm_id":225764456},"geometry":{"type":"LineString","coordinates":[[32.8569543,39.866168],[32.8582294,39.8660131]]}},{"type":"Feature","properties":{"highway":"tertiary","osm_id":225764457},"geometry":{"type":"LineString","coordinates":[[32.8536533,39.8622872],[32.8540333,39.8621083]]}},{"type":"Feature","properties":{"highway":"tertiary","osm_id":225764459},"geometry":{"type":"LineString","coordinates":[[32.8383492,39.8533255],[32.8387807,39.8531795],[32.8390278,39.8529375]]}},{"type":"Feature","properties":{"highway":"tertiary","oneway":"yes","osm_id":225764461},"geometry":{"type":"LineString","coordinates":[[32.8383762,39.852683],[32.8383098,39.8526849],[32.8382653,39.8526557],[32.8382562,39.8525821],[32.838275,39.85231],[32.8386033,39.85108],[32.8392273,39.8493969]]}},{"type":"Feature","properties":{"highway":"footway","osm_id":225768368},"geometry":{"type":"LineString","coordinates":[[32.8575308,39.8708279],[32.8577481,39.8709772],[32.8578357,39.8710277],[32.8579417,39.8709941],[32.8580147,39.8710165],[32.8580439,39.8710529],[32.8580887,39.8711668],[32.8581024,39.8712015],[32.8581615,39.8713359],[32.8582052,39.8714355]]}},{"type":"Feature","properties":{"highway":"footway","osm_id":225768377},"geometry":{"type":"LineString","coordinates":[[32.857938,39.8712884],[32.8579782,39.8713725]]}},{"type":"Feature","properties":{"highway":"footway","osm_id":225768378},"geometry":{"type":"LineString","coordinates":[[32.8578102,39.8710978],[32.8578732,39.8711416]]}},{"type":"Feature","properties":{"highway":"footway","osm_id":225768381},"geometry":{"type":"LineString","coordinates":[[32.8579087,39.8710977],[32.8580887,39.8711668]]}},{"type":"Feature","properties":{"highway":"footway","osm_id":225768406},"geometry":{"type":"LineString","coordinates":[[32.8576933,39.8711286],[32.8578102,39.8710978],[32.8578357,39.8710277]]}},{"type":"Feature","properties":{"highway":"residential","osm_id":225768408},"geometry":{"type":"LineString","coordinates":[[32.8534525,39.8707424],[32.8535341,39.8706153],[32.8536849,39.8703802],[32.8538239,39.8701635]]}},{"type":"Feature","properties":{"highway":"tertiary","osm_id":225768410},"geometry":{"type":"LineString","coordinates":[[32.8479774,39.8659322],[32.8476629,39.8660824],[32.8475315,39.8663628],[32.8476485,39.8668013]]}},{"type":"Feature","properties":{"highway":"footway","osm_id":225768412},"geometry":{"type":"LineString","coordinates":[[32.8536849,39.8703802],[32.8540504,39.8704864],[32.8538227,39.870538],[32.8535341,39.8706153]]}},{"type":"Feature","properties":{"highway":"footway","osm_id":225768429},"geometry":{"type":"LineString","coordinates":[[32.857565,39.871156],[32.8576933,39.8711286],[32.8577116,39.8711538],[32.8577335,39.8711987],[32.8577956,39.871238],[32.8577262,39.8713277]]}},{"type":"Feature","properties":{"highway":"footway","osm_id":225768430},"geometry":{"type":"LineString","coordinates":[[32.8575907,39.871585],[32.8577262,39.8713277],[32.8577846,39.8713641],[32.8578978,39.8713697],[32.8579782,39.8713725],[32.8580878,39.8713557],[32.8581615,39.8713359]]}},{"type":"Feature","properties":{"highway":"footway","osm_id":225768435},"geometry":{"type":"LineString","coordinates":[[32.8581024,39.8712015],[32.8580366,39.8712548],[32.857938,39.8712884],[32.8578211,39.8712688],[32.8577956,39.871238],[32.8578732,39.8711416],[32.8579087,39.8710977],[32.8581385,39.8708128]]}},{"type":"Feature","properties":{"oneway":"no","highway":"residential","osm_id":226056186},"geometry":{"type":"LineString","coordinates":[[32.82299,39.86682],[32.8231519,39.8666884],[32.8233617,39.8665771],[32.8235513,39.8664386],[32.8237141,39.8662104],[32.8237661,39.8660002],[32.8237994,39.8658656],[32.8238222,39.8655644],[32.8238222,39.8653026],[32.8238563,39.8651018],[32.824243,39.8645911]]}},{"type":"Feature","properties":{"name":"772. Sok.","highway":"residential","maxspeed":"50","oneway":"no","osm_id":226056191},"geometry":{"type":"LineString","coordinates":[[32.8424758,39.8700352],[32.8416525,39.8703602]]}},{"type":"Feature","properties":{"source":"Bing","highway":"residential","osm_id":226056200},"geometry":{"type":"LineString","coordinates":[[32.8416525,39.8703602],[32.8401874,39.8709538],[32.8383627,39.8717662],[32.8381538,39.8718596],[32.8371514,39.8723576]]}},{"type":"Feature","properties":{"name":"928.SK(19.sK)","highway":"residential","osm_id":226056204},"geometry":{"type":"LineString","coordinates":[[32.8251079,39.8599823],[32.8256379,39.8601268],[32.8259027,39.8601874],[32.8261517,39.8603058],[32.8262861,39.8603574],[32.826543,39.8605758],[32.8266893,39.8607002],[32.8268166,39.8607797],[32.8269945,39.8608071],[32.827165,39.8608285],[32.8273362,39.86085],[32.8275584,39.86088],[32.8277251,39.8609063],[32.8283484,39.8610899],[32.8285294,39.8612173],[32.8286838,39.8613259],[32.8288347,39.8615662],[32.8289074,39.8619395],[32.8288571,39.8622485],[32.8287783,39.8624859],[32.8286635,39.86269],[32.8285943,39.8628106],[32.8283041,39.8630805],[32.8281192,39.8632525],[32.8279769,39.8633993],[32.827549,39.8638275],[32.8273813,39.8639948],[32.8272416,39.8642437],[32.8271699,39.8643861],[32.8271186,39.8644882],[32.8269006,39.8651876],[32.8266323,39.8656682],[32.8265204,39.8658277]]}},{"type":"Feature","properties":{"name":"929.Sk","highway":"residential","osm_id":226056205},"geometry":{"type":"LineString","coordinates":[[32.8305646,39.8685265],[32.8304054,39.8693863],[32.830303,39.8698795],[32.8300712,39.8702452],[32.8297872,39.8707458],[32.8295045,39.871073]]}},{"type":"Feature","properties":{"highway":"footway","osm_id":226068191},"geometry":{"type":"LineString","coordinates":[[32.8241282,39.8742583],[32.8243325,39.8739863],[32.8244311,39.8738232],[32.8246511,39.8734972],[32.8248858,39.8731915]]}},{"type":"Feature","properties":{"highway":"residential","osm_id":226068194},"geometry":{"type":"LineString","coordinates":[[32.8265289,39.8695895],[32.8268227,39.8692233],[32.8273841,39.8694696]]}},{"type":"Feature","properties":{"highway":"footway","osm_id":226068196},"geometry":{"type":"LineString","coordinates":[[32.8252823,39.8726848],[32.8253615,39.8727081],[32.8254705,39.8727345]]}},{"type":"Feature","properties":{"highway":"footway","osm_id":226068198},"geometry":{"type":"LineString","coordinates":[[32.8249769,39.873079],[32.8250277,39.8731222],[32.8251929,39.8731997]]}},{"type":"Feature","properties":{"highway":"footway","osm_id":226068199},"geometry":{"type":"LineString","coordinates":[[32.825108,39.8729277],[32.8252066,39.8729703],[32.8252922,39.8730022]]}},{"type":"Feature","properties":{"highway":"footway","osm_id":226068203},"geometry":{"type":"LineString","coordinates":[[32.8253615,39.8727081],[32.8252066,39.8729703],[32.8250277,39.8731222],[32.8249278,39.8732614]]}},{"type":"Feature","properties":{"highway":"residential","osm_id":226068220},"geometry":{"type":"LineString","coordinates":[[32.8242391,39.872907],[32.8248858,39.8731915]]}},{"type":"Feature","properties":{"name":"901.Cd(49.cd)","highway":"residential","osm_id":226068233},"geometry":{"type":"LineString","coordinates":[[32.8257954,39.8651542],[32.8258705,39.8652176],[32.8263009,39.8656466],[32.8265204,39.8658277],[32.8267034,39.8659856],[32.826927,39.86608],[32.8274189,39.8661958],[32.8275643,39.8662602],[32.8276705,39.8663846],[32.828764,39.8678578],[32.8291337,39.8681954],[32.8295411,39.8682952]]}},{"type":"Feature","properties":{"highway":"footway","osm_id":226070814},"geometry":{"type":"LineString","coordinates":[[32.8320658,39.859643],[32.8321995,39.8596075],[32.8322178,39.8596016],[32.8322716,39.8595842],[32.8323209,39.8595172],[32.8323778,39.8594794],[32.8324385,39.8595027],[32.8324991,39.8595085],[32.8325485,39.8594881],[32.8326091,39.8595172],[32.8325991,39.8597416],[32.8325718,39.8600257]]}},{"type":"Feature","properties":{"highway":"footway","osm_id":226070815},"geometry":{"type":"LineString","coordinates":[[32.8347849,39.8598934],[32.834801,39.8598399],[32.8348519,39.859811],[32.8349244,39.8598152],[32.8349753,39.8598234],[32.8350397,39.8598399],[32.835088,39.8598378],[32.8351175,39.8598255],[32.8351577,39.8598049],[32.8351926,39.8598213],[32.8352006,39.8598419],[32.8352355,39.8598296],[32.8353026,39.8598152],[32.8353696,39.8598213],[32.8354125,39.8597946],[32.8354741,39.8597574]]}},{"type":"Feature","properties":{"highway":"footway","osm_id":226070816},"geometry":{"type":"LineString","coordinates":[[32.8335964,39.8599368],[32.8336191,39.8598189]]}},{"type":"Feature","properties":{"highway":"footway","osm_id":226070817},"geometry":{"type":"LineString","coordinates":[[32.8323929,39.8593163],[32.8323778,39.8594794]]}},{"type":"Feature","properties":{"highway":"footway","osm_id":226070818},"geometry":{"type":"LineString","coordinates":[[32.8352006,39.8598419],[32.8351909,39.8599329]]}},{"type":"Feature","properties":{"highway":"footway","osm_id":226070820},"geometry":{"type":"LineString","coordinates":[[32.8353696,39.8598213],[32.8353574,39.8599402]]}},{"type":"Feature","properties":{"highway":"footway","osm_id":226070822},"geometry":{"type":"LineString","coordinates":[[32.8326091,39.8595172],[32.8327019,39.8594946]]}},{"type":"Feature","properties":{"highway":"footway","osm_id":226070824},"geometry":{"type":"LineString","coordinates":[[32.8332891,39.859883],[32.8331526,39.8598844]]}},{"type":"Feature","properties":{"highway":"footway","osm_id":226070825},"geometry":{"type":"LineString","coordinates":[[32.8339576,39.8598847],[32.8338879,39.8598903],[32.8337898,39.8598902],[32.833786,39.8599121],[32.8337291,39.8599339],[32.8336571,39.8599339],[32.8335964,39.8599368],[32.8335015,39.8599121],[32.8334541,39.8599325],[32.8334086,39.8599368],[32.8333365,39.8599383],[32.8332891,39.8599135],[32.8332891,39.859883],[32.8332891,39.8598626],[32.833346,39.8598349],[32.8334124,39.8598349],[32.8334579,39.8598378],[32.8335129,39.8598145],[32.8335793,39.8598044],[32.8336191,39.8598189],[32.8336684,39.8598306],[32.8337272,39.8598306],[32.8337652,39.8598451],[32.8337898,39.8598902]]}},{"type":"Feature","properties":{"highway":"footway","osm_id":226070827},"geometry":{"type":"LineString","coordinates":[[32.8322153,39.859256],[32.8321779,39.8592977],[32.8322178,39.8596016]]}},{"type":"Feature","properties":{"highway":"footway","osm_id":226070828},"geometry":{"type":"LineString","coordinates":[[32.8342177,39.8600142],[32.8342287,39.8599425],[32.8342258,39.8598352],[32.8342323,39.8597458]]}},{"type":"Feature","properties":{"highway":"footway","osm_id":226070830},"geometry":{"type":"LineString","coordinates":[[32.8346147,39.8598929],[32.834612,39.8598476],[32.8345932,39.8598291],[32.8345155,39.8598414],[32.8344296,39.8598455],[32.8343492,39.8598373],[32.8342687,39.8598126],[32.8342258,39.8598352],[32.8341802,39.859862],[32.8341373,39.8598579],[32.8340943,39.8598352],[32.8340434,39.8598291],[32.8339897,39.8598332],[32.8339576,39.8598847],[32.8339871,39.85993],[32.8340327,39.8599444],[32.8341185,39.8599402],[32.8342124,39.8599423],[32.8342287,39.8599425],[32.8344243,39.8599444],[32.8345289,39.8599464],[32.8345959,39.859932],[32.8346147,39.8598929],[32.8346982,39.8598975],[32.8347849,39.8598934],[32.8348117,39.8599222],[32.8348546,39.8599408],[32.8348895,39.8599449],[32.8349324,39.8599346],[32.8349834,39.8599119],[32.8350343,39.8599346],[32.8351909,39.8599329],[32.8352248,39.8599325],[32.8352731,39.8599531],[32.8353213,39.8599511],[32.8353574,39.8599402],[32.835383,39.8599325],[32.8354259,39.8599428],[32.8354447,39.8599737],[32.8354713,39.8599996]]}},{"type":"Feature","properties":{"highway":"unclassified","osm_id":226082787},"geometry":{"type":"LineString","coordinates":[[32.8494238,39.8555023],[32.8494138,39.8556287],[32.8493374,39.8556736],[32.8493059,39.8558418],[32.8493623,39.8558652],[32.8493865,39.8558951],[32.8493878,39.8559177],[32.8493797,39.8559599],[32.8493529,39.8559929],[32.84931,39.8560063],[32.849259,39.8560124],[32.8492148,39.8560104],[32.849105,39.8561169]]}},{"type":"Feature","properties":{"highway":"unclassified","osm_id":226082788},"geometry":{"type":"LineString","coordinates":[[32.8459149,39.8549372],[32.8459859,39.8549167],[32.8460449,39.8549218],[32.8461012,39.8549373],[32.8461414,39.854962],[32.8461884,39.8549929],[32.8462219,39.8550299],[32.8462259,39.8550824],[32.8462568,39.8551298],[32.84623,39.8551287],[32.846214,39.8551266],[32.8461952,39.855124],[32.8461744,39.8551282],[32.8461471,39.855123]]}},{"type":"Feature","properties":{"highway":"unclassified","osm_id":226082792},"geometry":{"type":"LineString","coordinates":[[32.84623,39.8551287],[32.8462468,39.8551405],[32.8462636,39.8551534],[32.8462783,39.8551699],[32.8462803,39.8551832],[32.8462884,39.8552023],[32.8462837,39.8552213],[32.8462582,39.8552553],[32.8462408,39.8552666],[32.8462239,39.8552712],[32.8462066,39.8552759],[32.8461724,39.8552769],[32.8461348,39.8552707],[32.8461134,39.8552527],[32.8460933,39.8552357],[32.8460878,39.8552207]]}},{"type":"Feature","properties":{"highway":"unclassified","osm_id":226082798},"geometry":{"type":"LineString","coordinates":[[32.8462239,39.8552712],[32.8462887,39.8554155]]}},{"type":"Feature","properties":{"highway":"unclassified","osm_id":226082822},"geometry":{"type":"LineString","coordinates":[[32.845977,39.8550183],[32.8459224,39.8549461],[32.8459149,39.8549372],[32.8458459,39.8548547]]}},{"type":"Feature","properties":{"highway":"unclassified","osm_id":226082830},"geometry":{"type":"LineString","coordinates":[[32.8489351,39.8556412],[32.8491865,39.8556588],[32.8493374,39.8556736],[32.8495867,39.8556981],[32.8497235,39.8557008]]}},{"type":"Feature","properties":{"highway":"residential","osm_id":226082841},"geometry":{"type":"LineString","coordinates":[[32.860443,39.8670126],[32.8603579,39.8670378],[32.85997,39.8673179],[32.8599776,39.8677178],[32.8599434,39.8677761],[32.8598864,39.8678257],[32.8597799,39.8678841],[32.8596658,39.8678929]]}},{"type":"Feature","properties":{"highway":"unclassified","osm_id":226082842},"geometry":{"type":"LineString","coordinates":[[32.8492148,39.8560104],[32.849192,39.8559826],[32.8491652,39.8559507],[32.8491705,39.8559208],[32.849192,39.8558735],[32.8492295,39.8558488],[32.8492805,39.8558313],[32.8493059,39.8558418]]}},{"type":"Feature","properties":{"highway":"unclassified","osm_id":226082844},"geometry":{"type":"LineString","coordinates":[[32.8489466,39.8562527],[32.849105,39.8561169],[32.8497366,39.8559985],[32.8497235,39.8557008],[32.8497176,39.8555656],[32.849447,39.8555056],[32.8494238,39.8555023],[32.8491201,39.8554768],[32.8489314,39.8554448]]}},{"type":"Feature","properties":{"highway":"residential","osm_id":226089501},"geometry":{"type":"LineString","coordinates":[[32.8669566,39.8604228],[32.8666594,39.8601452],[32.8664414,39.8603163]]}},{"type":"Feature","properties":{"highway":"primary","name":"Dikmen Cad.","osm_id":226857471},"geometry":{"type":"LineString","coordinates":[[32.8364381,39.8771696],[32.8357718,39.8764216],[32.8353396,39.8759692],[32.8350237,39.8756369],[32.8347387,39.875286],[32.8344184,39.8748706],[32.8340583,39.8743603],[32.8338529,39.8739958],[32.8336474,39.8735194],[32.8335745,39.8734143],[32.8334729,39.8733295],[32.8325054,39.8726497],[32.832322,39.8724988],[32.8318382,39.8721852],[32.8315599,39.8720173],[32.83135,39.871919],[32.8308675,39.8717122],[32.8301947,39.871446],[32.8299839,39.8713476],[32.8295045,39.871073]]}},{"type":"Feature","properties":{"highway":"secondary","oneway":"yes","osm_id":226859950},"geometry":{"type":"LineString","coordinates":[[32.8360455,39.8461866],[32.8360035,39.8461106],[32.8358849,39.8458956]]}},{"type":"Feature","properties":{"highway":"secondary","oneway":"yes","osm_id":226859951},"geometry":{"type":"LineString","coordinates":[[32.8362799,39.8459825],[32.8360455,39.8461866]]}},{"type":"Feature","properties":{"highway":"residential","oneway":"yes","osm_id":226862059},"geometry":{"type":"LineString","coordinates":[[32.8291001,39.8492005],[32.8287802,39.8492656]]}},{"type":"Feature","properties":{"highway":"residential","osm_id":226863489},"geometry":{"type":"LineString","coordinates":[[32.8359241,39.8682684],[32.8362817,39.8680983]]}},{"type":"Feature","properties":{"highway":"residential","osm_id":226863490},"geometry":{"type":"LineString","coordinates":[[32.8246403,39.8681542],[32.8250839,39.8683376],[32.8254137,39.8684816]]}},{"type":"Feature","properties":{"highway":"tertiary","osm_id":226863491},"geometry":{"type":"LineString","coordinates":[[32.8406105,39.8535586],[32.8406058,39.8536547],[32.8405727,39.8537817],[32.8405467,39.8539939],[32.840601,39.8541371],[32.8407124,39.8541705]]}},{"type":"Feature","properties":{"name":"Eymir Gölü Yolu","oneway":"yes","highway":"secondary","osm_id":226864914},"geometry":{"type":"LineString","coordinates":[[32.8404295,39.8500971],[32.8404433,39.8499513],[32.8405243,39.8495767],[32.8405492,39.8494697],[32.8407358,39.8486735],[32.8408327,39.8481837],[32.8408712,39.8480147],[32.8408756,39.8479421],[32.8409553,39.847747],[32.8409028,39.8476859],[32.8408555,39.8476333],[32.8407999,39.8475675],[32.8407592,39.8475188],[32.8407117,39.8474665],[32.8406475,39.8473694],[32.8405899,39.8473025]]}},{"type":"Feature","properties":{"oneway":"yes","highway":"secondary","osm_id":226864916},"geometry":{"type":"LineString","coordinates":[[32.8411824,39.8478381],[32.8410596,39.8480416],[32.8408965,39.8485031]]}},{"type":"Feature","properties":{"highway":"secondary","oneway":"yes","osm_id":226864918},"geometry":{"type":"LineString","coordinates":[[32.8405899,39.8473025],[32.8407453,39.8474038],[32.8411398,39.8477357],[32.8411824,39.8478381]]}},{"type":"Feature","properties":{"highway":"track","tracktype":"grade2","osm_id":226868821},"geometry":{"type":"LineString","coordinates":[[32.8625261,39.8629272],[32.8626786,39.8628637],[32.8630313,39.8628804],[32.8632447,39.863091],[32.8633188,39.8633752],[32.8630183,39.8638265],[32.8630705,39.8639535],[32.8631794,39.8640672],[32.8633667,39.8640973],[32.863493,39.864104],[32.8638632,39.8639769],[32.8651611,39.8644784]]}},{"type":"Feature","properties":{"highway":"tertiary","osm_id":226869681},"geometry":{"type":"LineString","coordinates":[[32.862002,39.8731738],[32.8621257,39.8731321]]}},{"type":"Feature","properties":{"highway":"residential","oneway":"yes","osm_id":226869683},"geometry":{"type":"LineString","coordinates":[[32.8605659,39.8734892],[32.8604836,39.8729374],[32.860372,39.8723686]]}},{"type":"Feature","properties":{"name":"71. Sk.","oneway":"yes","highway":"residential","osm_id":226869684},"geometry":{"type":"LineString","coordinates":[[32.860372,39.8723686],[32.8607042,39.8728975],[32.8608343,39.8732006],[32.8609651,39.873466]]}},{"type":"Feature","properties":{"highway":"unclassified","name":"Konrad Adeneur Cad.","oneway":"no","osm_id":226876380},"geometry":{"type":"LineString","coordinates":[[32.8644437,39.8675615],[32.8641072,39.8673667],[32.8636877,39.8671565],[32.8634191,39.8670219],[32.8626124,39.8666092],[32.861425,39.8660491],[32.8613115,39.8659863],[32.8607705,39.8656868],[32.8597437,39.8650117],[32.8591014,39.8645031],[32.8585141,39.8640381],[32.8579611,39.8636844],[32.8574154,39.8633494],[32.8560228,39.8622941],[32.8558448,39.8621605],[32.8545779,39.8612419],[32.8537541,39.8606445],[32.8535604,39.860504]]}},{"type":"Feature","properties":{"highway":"unclassified","name":"Konrad Adeneur Cad.","oneway":"yes","osm_id":226876383},"geometry":{"type":"LineString","coordinates":[[32.8644437,39.8675615],[32.8646548,39.8676508],[32.8650152,39.8678629],[32.8655253,39.8681773],[32.8656829,39.8683153]]}},{"type":"Feature","properties":{"name":"Tiflis Caddesi","highway":"residential","osm_id":226876385},"geometry":{"type":"LineString","coordinates":[[32.8652817,39.8754215],[32.8648436,39.8746478],[32.8642663,39.8737919],[32.8637387,39.8729849],[32.8634441,39.8725564],[32.8632632,39.8722841],[32.8630434,39.8719488],[32.8628912,39.87166],[32.8625112,39.8709388],[32.8622476,39.8703806],[32.8621785,39.8702826],[32.8617864,39.8695912],[32.8617005,39.869376],[32.8616133,39.869095],[32.8615176,39.8685215],[32.8614144,39.8679027],[32.8612795,39.8670934],[32.8611973,39.8666004],[32.8611883,39.8665467],[32.861425,39.8660491]]}},{"type":"Feature","properties":{"highway":"unclassified","oneway":"yes","osm_id":226876397},"geometry":{"type":"LineString","coordinates":[[32.8656829,39.8683153],[32.8654204,39.8681972],[32.8649635,39.8679107],[32.8645524,39.8676752],[32.8644437,39.8675615]]}},{"type":"Feature","properties":{"highway":"unclassified","osm_id":227093929},"geometry":{"type":"LineString","coordinates":[[32.8456442,39.8552907],[32.8458669,39.8552018],[32.8459025,39.8552126],[32.8459337,39.8552279],[32.8459565,39.8552395],[32.846003,39.8552475],[32.8460409,39.8552446],[32.8460798,39.8552264],[32.8460878,39.8552207],[32.8461054,39.8552082],[32.846112,39.8551915],[32.8461234,39.8551718],[32.8461405,39.8551449],[32.8461471,39.855123],[32.8461443,39.8550917],[32.8461111,39.8550495],[32.8460409,39.8550189],[32.8459954,39.8550168],[32.845977,39.8550183],[32.8459603,39.8550197],[32.84591,39.8550408],[32.8458702,39.8550714],[32.8458655,39.8551056],[32.8458655,39.855174],[32.8458669,39.8552018]]}},{"type":"Feature","properties":{"highway":"tertiary","osm_id":227094352},"geometry":{"type":"LineString","coordinates":[[32.8529119,39.852319],[32.8533674,39.8523616]]}},{"type":"Feature","properties":{"highway":"unclassified","osm_id":227094562},"geometry":{"type":"LineString","coordinates":[[32.8410401,39.8469889],[32.8410668,39.8465114],[32.8408516,39.8464392],[32.8405055,39.8463678],[32.8404328,39.8463596],[32.8402265,39.8463361],[32.8400664,39.8462211],[32.8398443,39.8459712],[32.8397616,39.8458245],[32.8397668,39.8456896],[32.8398856,39.8456301],[32.84018,39.845646]]}},{"type":"Feature","properties":{"highway":"unclassified","osm_id":227094565},"geometry":{"type":"LineString","coordinates":[[32.8422789,39.8475572],[32.8420857,39.8475632],[32.841872,39.8475573],[32.8415972,39.8475134],[32.8412767,39.8473903]]}},{"type":"Feature","properties":{"highway":"secondary","osm_id":227094792},"geometry":{"type":"LineString","coordinates":[[32.8414793,39.8510934],[32.8402976,39.8508444]]}},{"type":"Feature","properties":{"highway":"secondary","oneway":"yes","osm_id":227094793},"geometry":{"type":"LineString","coordinates":[[32.8426486,39.8530283],[32.8429448,39.8529316],[32.8431232,39.852877],[32.8435417,39.8528283],[32.844087,39.8526521],[32.844293,39.8525692]]}},{"type":"Feature","properties":{"oneway":"no","highway":"secondary","osm_id":227094794},"geometry":{"type":"LineString","coordinates":[[32.8426486,39.8530283],[32.842445,39.8530167],[32.8410483,39.8525733],[32.8406567,39.8523683],[32.8404133,39.8521767],[32.8402192,39.8515589]]}},{"type":"Feature","properties":{"name":"Ürdün Cd.","oneway":"no","highway":"secondary","osm_id":227094795},"geometry":{"type":"LineString","coordinates":[[32.8404295,39.8500971],[32.8403869,39.850325],[32.8403462,39.8504963],[32.8403055,39.8507213],[32.8402976,39.8508444],[32.8402273,39.8514789],[32.8402192,39.8515589]]}},{"type":"Feature","properties":{"name":"63. Sk.","highway":"residential","osm_id":227097910},"geometry":{"type":"LineString","coordinates":[[32.8565529,39.8666284],[32.8557767,39.8669217],[32.8556046,39.866966],[32.8545366,39.8672238]]}},{"type":"Feature","properties":{"highway":"residential","osm_id":227098234},"geometry":{"type":"LineString","coordinates":[[32.8517088,39.8604388],[32.8514703,39.8599336],[32.8513715,39.8598314],[32.8512498,39.8597964],[32.8510711,39.8598022],[32.8509608,39.8598431],[32.8508087,39.8599307],[32.8506756,39.8601175],[32.8506718,39.8602313],[32.8506984,39.8603013]]}},{"type":"Feature","properties":{"highway":"tertiary","osm_id":227098235},"geometry":{"type":"LineString","coordinates":[[32.846711,39.8645062],[32.8468318,39.8643474],[32.8470257,39.8640994],[32.847193,39.8638703],[32.8473185,39.863701],[32.8473946,39.8635507],[32.847501,39.8632894],[32.8475239,39.8631639],[32.8475315,39.8629903],[32.8475467,39.8628575],[32.8475866,39.8626158]]}},{"type":"Feature","properties":{"highway":"residential","osm_id":227098239},"geometry":{"type":"LineString","coordinates":[[32.844014,39.8592359],[32.8437884,39.8591666],[32.843571,39.8590753],[32.843411,39.8589871],[32.8432592,39.8588927],[32.8430746,39.858688]]}},{"type":"Feature","properties":{"highway":"residential","source":"Bing","osm_id":227098240},"geometry":{"type":"LineString","coordinates":[[32.8424758,39.8700352],[32.8434539,39.8698344],[32.8437592,39.8698061],[32.8439714,39.8697864],[32.8443751,39.8697515],[32.8445116,39.8697821],[32.8445742,39.8699392],[32.8445474,39.8704591]]}},{"type":"Feature","properties":{"highway":"residential","osm_id":227099226},"geometry":{"type":"LineString","coordinates":[[32.824615,39.8480033],[32.8246523,39.8477827],[32.8247155,39.8473144],[32.8247708,39.8469052]]}},{"type":"Feature","properties":{"highway":"residential","osm_id":227099359},"geometry":{"type":"LineString","coordinates":[[32.8482033,39.8655874],[32.8480877,39.8654303],[32.8481371,39.8653223],[32.8482702,39.8651997],[32.8483273,39.8651063],[32.8483577,39.8650333],[32.8482968,39.8649662],[32.8481562,39.8649195],[32.8480307,39.8648436],[32.8479432,39.8647823]]}},{"type":"Feature","properties":{"highway":"residential","osm_id":227099360},"geometry":{"type":"LineString","coordinates":[[32.8449875,39.8666433],[32.8450537,39.8668719],[32.8451461,39.8671141],[32.8451572,39.8671464],[32.8452332,39.8673687],[32.8452332,39.8675107],[32.8451624,39.8676401],[32.8450645,39.8677069],[32.8448524,39.8677403],[32.8445968,39.8677153],[32.8443792,39.8675566]]}},{"type":"Feature","properties":{"highway":"residential","osm_id":227099363},"geometry":{"type":"LineString","coordinates":[[32.8250327,39.8670806],[32.8252203,39.8672202],[32.8255872,39.8673936]]}},{"type":"Feature","properties":{"highway":"residential","osm_id":227099364},"geometry":{"type":"LineString","coordinates":[[32.8246403,39.8669889],[32.8248109,39.8666965],[32.8248962,39.8664608]]}},{"type":"Feature","properties":{"highway":"secondary_link","oneway":"yes","osm_id":229467328},"geometry":{"type":"LineString","coordinates":[[32.824813,39.8544302],[32.8245746,39.8544037]]}},{"type":"Feature","properties":{"oneway":"yes","highway":"secondary","osm_id":229467329},"geometry":{"type":"LineString","coordinates":[[32.8240996,39.8545632],[32.8241774,39.8543875],[32.8242943,39.8543258],[32.8244317,39.8542824],[32.8245875,39.8542974]]}},{"type":"Feature","properties":{"name":"Zühtü Tigrel Cd.","highway":"secondary","osm_id":229467330},"geometry":{"type":"LineString","coordinates":[[32.8245875,39.8542974],[32.8245221,39.8542394],[32.8243161,39.8540718],[32.8242166,39.8539718],[32.824106,39.8538579],[32.823765,39.8536],[32.8234679,39.8533278],[32.8231485,39.8530357],[32.8229953,39.8528675],[32.8228274,39.8526911],[32.8226683,39.8525576],[32.8224634,39.8523669],[32.8221494,39.8520202],[32.8219653,39.8518007],[32.8218655,39.8516817],[32.8216671,39.8514693],[32.8214772,39.8512813],[32.8213523,39.8511221]]}},{"type":"Feature","properties":{"highway":"secondary","name":"Zühtü Tigrel Cd.;931 cd(9.cd)","oneway":"-1","osm_id":229467331},"geometry":{"type":"LineString","coordinates":[[32.824813,39.8544302],[32.8245875,39.8542974]]}},{"type":"Feature","properties":{"highway":"residential","osm_id":239331645},"geometry":{"type":"LineString","coordinates":[[32.8511983,39.8475379],[32.8519319,39.8479547],[32.8523863,39.8482148],[32.852717,39.8484769],[32.853123,39.8488175],[32.8533949,39.8489857],[32.8535605,39.8491192]]}},{"type":"Feature","properties":{"highway":"footway","osm_id":240953393},"geometry":{"type":"LineString","coordinates":[[32.8249278,39.8732614],[32.8245547,39.8737759]]}},{"type":"Feature","properties":{"highway":"footway","osm_id":240953394},"geometry":{"type":"LineString","coordinates":[[32.8248858,39.8731915],[32.8249769,39.873079],[32.825108,39.8729277],[32.8252823,39.8726848],[32.8255479,39.8723596],[32.8256096,39.8723431],[32.8256793,39.8722957],[32.825741,39.8722772],[32.8257839,39.8722875],[32.8258188,39.8723348],[32.8258161,39.8723925],[32.8257732,39.8724687],[32.8254705,39.8727345],[32.8253263,39.8729382],[32.8252922,39.8730022],[32.825258,39.8730663],[32.8251929,39.8731997],[32.825167,39.8732527],[32.8250275,39.8733723]]}},{"type":"Feature","properties":{"highway":"footway","osm_id":240953395},"geometry":{"type":"LineString","coordinates":[[32.8248858,39.8731915],[32.8249278,39.8732614],[32.8250275,39.8733723]]}},{"type":"Feature","properties":{"highway":"footway","osm_id":240953396},"geometry":{"type":"LineString","coordinates":[[32.8250275,39.8733723],[32.8248076,39.8735617],[32.8246284,39.8738232],[32.8244766,39.8739688],[32.8243325,39.8739863]]}},{"type":"Feature","properties":{"highway":"residential","osm_id":240953397},"geometry":{"type":"LineString","coordinates":[[32.8251178,39.8735907],[32.8255087,39.8737558]]}},{"type":"Feature","properties":{"name":"Kabil Cad.","highway":"secondary","oneway":"no","osm_id":240975216},"geometry":{"type":"LineString","coordinates":[[32.8282462,39.883833],[32.8279752,39.8831661],[32.8278622,39.8828519],[32.8277889,39.8824644],[32.8277889,39.8820969],[32.8278245,39.8817161],[32.8278896,39.8815347],[32.8280354,39.881277],[32.8281316,39.88105],[32.8281597,39.8808439],[32.828141,39.8806558],[32.8280999,39.880464],[32.8280836,39.880404],[32.8277692,39.8794157],[32.8275727,39.8789213],[32.827288,39.8784722],[32.8268751,39.8779516],[32.8262096,39.8770144],[32.826024,39.876712],[32.8259263,39.876537],[32.8258905,39.8763595],[32.8258937,39.8760521],[32.82591,39.8759247],[32.8260663,39.8752199],[32.8262868,39.8747377],[32.8265861,39.8741721],[32.8269007,39.8736111],[32.8271332,39.8733322],[32.8273743,39.8731412],[32.8276009,39.8730537],[32.8282331,39.8728701],[32.8285512,39.8727023],[32.8288163,39.8725141],[32.8292912,39.8720495],[32.8299839,39.8713476]]}},{"type":"Feature","properties":{"highway":"residential","osm_id":240975219},"geometry":{"type":"LineString","coordinates":[[32.8273743,39.8731412],[32.8279338,39.8734901],[32.8286219,39.8738585],[32.8294149,39.8742823],[32.8304598,39.8748316]]}},{"type":"Feature","properties":{"highway":"residential","osm_id":240975220},"geometry":{"type":"LineString","coordinates":[[32.8304598,39.8748316],[32.831054,39.8742026],[32.8315997,39.8738415],[32.8318294,39.8736381],[32.8320415,39.8734092],[32.8321541,39.8732702],[32.8325054,39.8726497]]}},{"type":"Feature","properties":{"highway":"footway","osm_id":264999493},"geometry":{"type":"LineString","coordinates":[[32.8245745,39.8473098],[32.8247155,39.8473144]]}},{"type":"Feature","properties":{"highway":"path","osm_id":265000148},"geometry":{"type":"LineString","coordinates":[[32.8245499,39.8472533],[32.8246853,39.8471851],[32.8246283,39.8470337],[32.8245043,39.8470634],[32.8244759,39.8470493],[32.8244312,39.8470556],[32.8243986,39.8470634],[32.82436,39.8470774],[32.8243275,39.8470899],[32.8242889,39.8471024],[32.8242825,39.8471085],[32.8242825,39.8471085],[32.8242761,39.8471145],[32.8242761,39.8471145],[32.8242624,39.8471274],[32.8242502,39.8471617],[32.8242143,39.8471743]]}},{"type":"Feature","properties":{"highway":"path","osm_id":265000149},"geometry":{"type":"LineString","coordinates":[[32.8242502,39.8471617],[32.8242899,39.8471596]]}},{"type":"Feature","properties":{"highway":"residential","osm_id":288878898},"geometry":{"type":"LineString","coordinates":[[32.8221858,39.8648878],[32.822525,39.865005],[32.8228748,39.8651512],[32.8231733,39.8652713],[32.8234406,39.8653826],[32.8236623,39.8654851],[32.8238222,39.8655644]]}},{"type":"Feature","properties":{"highway":"unclassified","oneway":"yes","bridge":"yes","osm_id":300630080},"geometry":{"type":"LineString","coordinates":[[32.8487613,39.8748516],[32.8506882,39.8731832]]}},{"type":"Feature","properties":{"highway":"unclassified","oneway":"yes","osm_id":301019488},"geometry":{"type":"LineString","coordinates":[[32.850061,39.8701974],[32.849998,39.8702942],[32.8499333,39.8704846],[32.849869,39.8707105],[32.8499149,39.8710563],[32.8504943,39.8721432],[32.850669,39.8724326],[32.8508115,39.872542],[32.8510144,39.8726154],[32.8516346,39.8725914],[32.8524852,39.8726348]]}},{"type":"Feature","properties":{"highway":"unclassified","oneway":"yes","osm_id":301019489},"geometry":{"type":"LineString","coordinates":[[32.8506882,39.8731832],[32.8507738,39.8730603],[32.850803,39.8729629],[32.8507714,39.872782],[32.850738,39.8726635],[32.8505917,39.8724913],[32.8504454,39.8722593],[32.8498114,39.8710141],[32.8497659,39.8708569],[32.8497789,39.8706623],[32.8498667,39.8704402],[32.8499545,39.8703379],[32.849998,39.8702942]]}},{"type":"Feature","properties":{"highway":"unclassified","oneway":"yes","bridge":"yes","osm_id":301019491},"geometry":{"type":"LineString","coordinates":[[32.8507998,39.8732424],[32.848836,39.8748917]]}},{"type":"Feature","properties":{"highway":"unclassified","oneway":"yes","osm_id":301019496},"geometry":{"type":"LineString","coordinates":[[32.8524852,39.8726348],[32.8520483,39.8726635],[32.8515118,39.872686],[32.8513362,39.8727409],[32.851268,39.8727983],[32.8511549,39.8729238],[32.8510014,39.8730752],[32.8507998,39.8732424]]}},{"type":"Feature","properties":{"highway":"unclassified","junction":"roundabout","osm_id":301019497},"geometry":{"type":"LineString","coordinates":[[32.8510144,39.8726154],[32.8511733,39.8726741],[32.8512315,39.8728019],[32.8511549,39.8729238],[32.8509885,39.8729685],[32.8508296,39.8729097],[32.8507714,39.872782],[32.8508479,39.87266],[32.8510144,39.8726154]]}},{"type":"Feature","properties":{"highway":"residential","osm_id":307637703},"geometry":{"type":"LineString","coordinates":[[32.8306114,39.8576248],[32.8302123,39.8571524]]}},{"type":"Feature","properties":{"highway":"residential","name":"970.Sk(112.Sk)","osm_id":307637704},"geometry":{"type":"LineString","coordinates":[[32.8319556,39.8591229],[32.8320658,39.859643],[32.8320847,39.8597323],[32.8321467,39.8600249],[32.8321808,39.8601864],[32.8323744,39.8606704],[32.8327164,39.8610982],[32.8330562,39.8615394]]}},{"type":"Feature","properties":{"name":"977.Sk","highway":"footway","osm_id":307637705},"geometry":{"type":"LineString","coordinates":[[32.8331387,39.8590958],[32.8329847,39.8591999],[32.832943,39.8592639],[32.8328254,39.8594386],[32.8327343,39.8595522],[32.8327019,39.8594946],[32.8326243,39.8593571],[32.8325864,39.859328],[32.8324954,39.8592726],[32.8323929,39.8593163],[32.8322791,39.8593192],[32.8322153,39.859256],[32.8321615,39.8592028],[32.8320271,39.8591576],[32.8319556,39.8591229]]}},{"type":"Feature","properties":{"highway":"residential","name":"948.Sk(113.Sk)","osm_id":307637706},"geometry":{"type":"LineString","coordinates":[[32.8331387,39.8590958],[32.83315,39.8597383]]}},{"type":"Feature","properties":{"highway":"residential","name":"975.Sk(104.Sk)","osm_id":307637707},"geometry":{"type":"LineString","coordinates":[[32.83315,39.8597383],[32.8338885,39.8597434],[32.8342323,39.8597458],[32.8346985,39.8597491],[32.8354741,39.8597574],[32.8355488,39.8597582]]}},{"type":"Feature","properties":{"highway":"residential","name":"948.Sk(113.Sk)","osm_id":307637708},"geometry":{"type":"LineString","coordinates":[[32.83315,39.8597383],[32.8331526,39.8598844],[32.8331551,39.8600268]]}},{"type":"Feature","properties":{"oneway":"yes","highway":"secondary","osm_id":307692761},"geometry":{"type":"LineString","coordinates":[[32.8245875,39.8542974],[32.8245746,39.8544037],[32.8245026,39.8544865],[32.8243285,39.8545665],[32.8240996,39.8545632]]}},{"type":"Feature","properties":{"highway":"unclassified","name":"Ukrayna Cd.","osm_id":310217698},"geometry":{"type":"LineString","coordinates":[[32.8627416,39.8643481],[32.8623078,39.8646442],[32.8615363,39.8651674],[32.8607705,39.8656868],[32.8602236,39.8660796],[32.8600709,39.8661867],[32.8597981,39.866378],[32.8596082,39.8665112],[32.8593269,39.8667076],[32.8592213,39.8667814],[32.8590513,39.8668814],[32.8589104,39.8669689]]}},{"type":"Feature","properties":{"highway":"unclassified","tunnel":"yes","layer":"-1","osm_id":310217700},"geometry":{"type":"LineString","coordinates":[[32.8631794,39.8640672],[32.8627416,39.8643481]]}},{"type":"Feature","properties":{"highway":"living_street","osm_id":310217701},"geometry":{"type":"LineString","coordinates":[[32.8566001,39.8616795],[32.8568932,39.8613776]]}},{"type":"Feature","properties":{"highway":"living_street","osm_id":310217702},"geometry":{"type":"LineString","coordinates":[[32.8582157,39.862526],[32.8584728,39.8622072]]}},{"type":"Feature","properties":{"highway":"residential","osm_id":310217703},"geometry":{"type":"LineString","coordinates":[[32.8457518,39.8499644],[32.8458361,39.849908],[32.8463608,39.8495415],[32.8484445,39.8479768],[32.8484552,39.8479689],[32.8488666,39.8476644]]}},{"type":"Feature","properties":{"name":"236. Sk.","highway":"residential","osm_id":310217704},"geometry":{"type":"LineString","coordinates":[[32.8566001,39.8616795],[32.8582157,39.862526]]}},{"type":"Feature","properties":{"highway":"residential","name":"236. Sk.","osm_id":310217705},"geometry":{"type":"LineString","coordinates":[[32.8582157,39.862526],[32.8577299,39.8630741],[32.8574154,39.8633494],[32.85731,39.863465],[32.8567624,39.8642114],[32.8567318,39.864265]]}}]}