{"type":"FeatureCollection","features":[{"type":"Feature","properties":{"ref":"D750","name":"Mevlana Bulvarı","oneway":"yes","highway":"trunk","lanes":"3","osm_id":4632708},"geometry":{"type":"LineString","coordinates":[[32.8123314,39.8864014],[32.8121638,39.884598],[32.8120195,39.8835817]]}},{"type":"Feature","properties":{"name":"Mevlana Bulvarı","tunnel":"yes","ref":"D750","oneway":"yes","layer":"-1","highway":"trunk","osm_id":4634100},"geometry":{"type":"LineString","coordinates":[[32.8124363,39.8873934],[32.8123314,39.8864014]]}},{"type":"Feature","properties":{"name":"Mevlana Bulvarı","tunnel":"yes","ref":"D750","oneway":"yes","layer":"-1","highway":"trunk","osm_id":4634102},"geometry":{"type":"LineString","coordinates":[[32.8125147,39.8863889],[32.8126042,39.8873873]]}},{"type":"Feature","properties":{"oneway":"yes","highway":"trunk_link","name":"Mevlana Bulvarı","lanes":"2","osm_id":4634103},"geometry":{"type":"LineString","coordinates":[[32.8122935,39.8837382],[32.8124747,39.8846191],[32.8126575,39.8864753],[32.8126733,39.8866202],[32.8126924,39.8867733]]}},{"type":"Feature","properties":{"highway":"tertiary","name":"1314. Cadde","oneway":"no","osm_id":4636775},"geometry":{"type":"LineString","coordinates":[[32.8271544,39.8945958],[32.8270398,39.8939702],[32.8269248,39.8921048],[32.8268852,39.8914265],[32.82681,39.8901552],[32.826756,39.8893524],[32.8267275,39.8888177],[32.8266832,39.8885941],[32.8265491,39.8882655],[32.8263523,39.8877599],[32.826076,39.8870396]]}},{"type":"Feature","properties":{"oneway":"yes","name":"Abidin Daver Sokak","highway":"residential","osm_id":7719788},"geometry":{"type":"LineString","coordinates":[[32.8565178,39.8834048],[32.8559814,39.8832137],[32.8554781,39.8830817],[32.8550805,39.8830033],[32.8541357,39.8828447],[32.8533447,39.8827839],[32.8523874,39.8827654],[32.8516658,39.8827583],[32.8511948,39.882734],[32.8507164,39.8826043],[32.8498843,39.8821805]]}},{"type":"Feature","properties":{"name":"Halit Ziya Sokak","highway":"residential","osm_id":8017745},"geometry":{"type":"LineString","coordinates":[[32.8481317,39.8825217],[32.8483082,39.883145],[32.848804,39.8847353],[32.8491393,39.885704]]}},{"type":"Feature","properties":{"name":"Doğukent Cad.","oneway":"yes","highway":"primary","osm_id":8018661},"geometry":{"type":"LineString","coordinates":[[32.8524805,39.8580435],[32.8526191,39.8581201],[32.85282,39.8582733],[32.85313,39.8585183],[32.8538917,39.8590767],[32.8541017,39.85923],[32.8544804,39.8595054],[32.8545417,39.85955],[32.8547766,39.859717],[32.8551672,39.8600117],[32.8554306,39.8602047],[32.8557202,39.8603806],[32.8560738,39.8605917],[32.8565727,39.8608491],[32.8570529,39.8610982],[32.857696,39.8614318],[32.8587314,39.8619655],[32.8592089,39.8622164],[32.8600713,39.8626583],[32.8608496,39.863057],[32.8617188,39.8635024],[32.8617849,39.8635363],[32.8624466,39.8638859],[32.8630196,39.8641886],[32.8650826,39.8652737],[32.8667328,39.8662119],[32.8690986,39.8674172],[32.8693478,39.8675456],[32.8694069,39.8675761]]}},{"type":"Feature","properties":{"oneway":"yes","highway":"secondary","osm_id":8088947},"geometry":{"type":"LineString","coordinates":[[32.8613266,39.8791901],[32.8614647,39.8794843],[32.8614868,39.8796541]]}},{"type":"Feature","properties":{"name":"25. Sk.","highway":"residential","osm_id":8088952},"geometry":{"type":"LineString","coordinates":[[32.8578124,39.8781105],[32.8578279,39.8773239],[32.8578224,39.8771558],[32.8578203,39.8770915],[32.8578103,39.8764557],[32.8577691,39.875711],[32.857741,39.8752019]]}},{"type":"Feature","properties":{"name":"Turan Güneş Blv.","highway":"primary","oneway":"yes","osm_id":8160048},"geometry":{"type":"LineString","coordinates":[[32.8407831,39.8479381],[32.8386275,39.8468466],[32.8380293,39.8465761],[32.8373818,39.8463323],[32.8368307,39.8461542],[32.8366112,39.8460778],[32.8364338,39.8460273],[32.8362799,39.8459825],[32.8357615,39.8458585],[32.8336738,39.8453737],[32.8330319,39.8452351],[32.8324368,39.8451512],[32.8316273,39.8451219],[32.8310578,39.8451259],[32.8304976,39.8451757],[32.8302029,39.845232],[32.8298752,39.8452049]]}},{"type":"Feature","properties":{"source":"bing","highway":"trunk_link","oneway":"yes","osm_id":8658084},"geometry":{"type":"LineString","coordinates":[[32.8050549,39.8423804],[32.8048673,39.842262],[32.8047743,39.8422207],[32.8046731,39.8421958],[32.8045498,39.8421795],[32.80443,39.8421879],[32.8043291,39.8422108],[32.8042431,39.8422459],[32.8041599,39.8422851],[32.8040756,39.8423432],[32.8040296,39.8423944],[32.8039862,39.8424599],[32.8039514,39.8425233],[32.80393,39.8426113],[32.8039291,39.8427037],[32.8039502,39.8427871],[32.8039927,39.8428664],[32.8040548,39.8429415],[32.8041199,39.8429984],[32.804206,39.8430515],[32.804319,39.8431047],[32.804445,39.8431456],[32.8046027,39.8431786],[32.8047657,39.8431972],[32.8049212,39.8431975],[32.8050713,39.8431915],[32.8052472,39.8431691],[32.8054607,39.8431302]]}},{"type":"Feature","properties":{"name":"65. Sk.","highway":"residential","osm_id":8658085},"geometry":{"type":"LineString","coordinates":[[32.8268857,39.8876147],[32.8265234,39.8868932]]}},{"type":"Feature","properties":{"name":"66. Sk.","highway":"residential","osm_id":8659044},"geometry":{"type":"LineString","coordinates":[[32.8290121,39.8873225],[32.8283477,39.8873637],[32.8280932,39.8873887],[32.8276378,39.8874712],[32.8274972,39.8874877],[32.8273825,39.8874899],[32.8272954,39.8875066],[32.8268857,39.8876147],[32.8263523,39.8877599]]}},{"type":"Feature","properties":{"name":"677. Cadde","highway":"residential","osm_id":8746965},"geometry":{"type":"LineString","coordinates":[[32.8590728,39.8708262],[32.8581412,39.8708416],[32.8575469,39.8708423],[32.8570291,39.8708392],[32.8565558,39.8708279],[32.8559165,39.8707689],[32.8556,39.8707267],[32.8551467,39.8706317],[32.8547411,39.8705201],[32.8541046,39.870315],[32.8538239,39.8701635],[32.8534361,39.8699542],[32.85323,39.8697433],[32.8531086,39.8695238],[32.8530383,39.8693483],[32.8530776,39.8687993],[32.8530867,39.8686717],[32.8532033,39.8681517],[32.8534792,39.8676226],[32.8540024,39.866857],[32.8541683,39.8666694],[32.8548383,39.8661233],[32.8551576,39.8659197],[32.8555408,39.8656753],[32.855604,39.865635],[32.8557267,39.8655567],[32.8570254,39.8646682]]}},{"type":"Feature","properties":{"highway":"residential","name":"704. Sokak","osm_id":8746966},"geometry":{"type":"LineString","coordinates":[[32.8565134,39.8692969],[32.8565558,39.8708279],[32.856506,39.871556]]}},{"type":"Feature","properties":{"highway":"tertiary","name":"Cezayir Caddesi","osm_id":8756310},"geometry":{"type":"LineString","coordinates":[[32.8552604,39.8726299],[32.8557081,39.8726166],[32.8560647,39.8726031],[32.8562094,39.8725986],[32.857134,39.8725698],[32.857636,39.8725542]]}},{"type":"Feature","properties":{"name":"628. Sk.","highway":"residential","osm_id":8760653},"geometry":{"type":"LineString","coordinates":[[32.840573,39.8495838],[32.840476,39.8495705],[32.8400267,39.8495027]]}},{"type":"Feature","properties":{"name":"Halide Nusret Zorlutuna Sokak","highway":"residential","osm_id":9524041},"geometry":{"type":"LineString","coordinates":[[32.8524466,39.8849419],[32.8521194,39.8840762],[32.8518869,39.8834937],[32.8516658,39.8827583],[32.8516065,39.8824549],[32.8515433,39.8820944]]}},{"type":"Feature","properties":{"name":"71. Sk.","highway":"residential","osm_id":9622385},"geometry":{"type":"LineString","coordinates":[[32.8584706,39.8684802],[32.8592184,39.8699314],[32.859791,39.8709745],[32.8602159,39.871791],[32.8603841,39.8723614]]}},{"type":"Feature","properties":{"name":"512. Sokak","highway":"residential","osm_id":9624286},"geometry":{"type":"LineString","coordinates":[[32.8665297,39.8712177],[32.8657265,39.8718253],[32.864796,39.872439],[32.8643537,39.872686],[32.8636979,39.8729987],[32.8631661,39.8731499],[32.8628488,39.8732262],[32.8623886,39.8733267],[32.8622474,39.8733571]]}},{"type":"Feature","properties":{"name":"Ali Haydar Feroğlu Cad.","oneway":"no","highway":"residential","osm_id":9624287},"geometry":{"type":"LineString","coordinates":[[32.8631661,39.8731499],[32.8636966,39.8739395],[32.8642256,39.8747473],[32.8647141,39.8756017],[32.8654995,39.8769343]]}},{"type":"Feature","properties":{"name":"201. Sokak","highway":"residential","osm_id":9624291},"geometry":{"type":"LineString","coordinates":[[32.8636616,39.8748765],[32.8641503,39.8757669]]}},{"type":"Feature","properties":{"oneway":"no","highway":"residential","name":"509. Sokak","osm_id":9624293},"geometry":{"type":"LineString","coordinates":[[32.8632156,39.8750107],[32.8636616,39.8748765],[32.8642256,39.8747473],[32.8648436,39.8746478],[32.8655317,39.8745452],[32.8659692,39.8744797],[32.8661109,39.8744921]]}},{"type":"Feature","properties":{"highway":"tertiary","oneway":"no","name":"Layoş Koşut Caddesi","osm_id":9624328},"geometry":{"type":"LineString","coordinates":[[32.866367,39.8723424],[32.8661881,39.8722478],[32.8657265,39.8718253],[32.8653843,39.871536],[32.8649981,39.8712149],[32.8645478,39.8708286],[32.8642184,39.8705454],[32.8637807,39.8701928],[32.8630562,39.8696092]]}},{"type":"Feature","properties":{"created_by":"JOSM","highway":"service","service":"parking_aisle","surface":"paved","osm_id":9629281},"geometry":{"type":"LineString","coordinates":[[32.8526319,39.8834347],[32.8526299,39.8834113],[32.8526215,39.8833402],[32.852617,39.8832759],[32.8526099,39.8832034],[32.8526038,39.883133],[32.8526013,39.8831029],[32.8525296,39.8831054],[32.8524835,39.8831066],[32.8524342,39.8831074],[32.8523808,39.8831081],[32.8523905,39.8831532]]}},{"type":"Feature","properties":{"created_by":"JOSM","highway":"service","service":"parking_aisle","surface":"paved","osm_id":9629282},"geometry":{"type":"LineString","coordinates":[[32.8526013,39.8831029],[32.8528017,39.8830966]]}},{"type":"Feature","properties":{"oneway":"yes","name":"Cinnah Caddesi","lanes":"4","highway":"primary","osm_id":9861326},"geometry":{"type":"LineString","coordinates":[[32.8587395,39.8989847],[32.8581674,39.8974363],[32.8578206,39.8965457],[32.8577164,39.8962992],[32.8576018,39.8959854],[32.8574704,39.8956544],[32.8573458,39.8953142],[32.8571509,39.8949105],[32.8570121,39.8945511],[32.856876,39.8941945],[32.8567213,39.8937893],[32.8563155,39.8926961],[32.8559556,39.8917204],[32.8555714,39.8905761],[32.8552994,39.8897776],[32.8551656,39.8892333],[32.8550739,39.8886813],[32.8550334,39.8884746],[32.8550159,39.8882445],[32.8550066,39.8874926],[32.8550397,39.88707],[32.8551161,39.8867088],[32.8551783,39.8863852],[32.855197,39.8862837],[32.855208,39.8862331]]}},{"type":"Feature","properties":{"name":"Cinnah Cd.","oneway":"yes","highway":"primary","osm_id":9861342},"geometry":{"type":"LineString","coordinates":[[32.855208,39.8862331],[32.8552868,39.8861487],[32.8553311,39.8860396],[32.8553969,39.8858419],[32.8554436,39.8857105],[32.8554966,39.885625],[32.8555859,39.885561],[32.8556644,39.8855132],[32.8557553,39.8855165],[32.8558644,39.885548],[32.8560425,39.8856425],[32.8561373,39.885698],[32.8562643,39.8857718],[32.8563244,39.8858028],[32.856387,39.8858242]]}},{"type":"Feature","properties":{"highway":"primary","junction":"roundabout","osm_id":10121259},"geometry":{"type":"LineString","coordinates":[[32.8644258,39.8777166],[32.8643827,39.8776928],[32.8643403,39.8776617],[32.8643149,39.8776212],[32.8643098,39.8775764],[32.8643284,39.8775288],[32.8643698,39.8774904],[32.8644273,39.8774674],[32.8644919,39.8774634]]}},{"type":"Feature","properties":{"name":"Cinnah Cd.","oneway":"yes","highway":"primary","osm_id":10121261},"geometry":{"type":"LineString","coordinates":[[32.855208,39.8862331],[32.8552184,39.8860972],[32.8552627,39.8858698],[32.8553474,39.88549],[32.855387,39.8853361],[32.8553964,39.8852996],[32.8554313,39.8852022]]}},{"type":"Feature","properties":{"junction":"roundabout","highway":"primary","osm_id":10123308},"geometry":{"type":"LineString","coordinates":[[32.8589104,39.8669689],[32.8589676,39.8670758],[32.8590626,39.8673347],[32.8587714,39.8674141],[32.8585975,39.8669433],[32.8586885,39.8668815],[32.8587798,39.8668539],[32.8588488,39.8668389],[32.8589104,39.8669689]]}},{"type":"Feature","properties":{"highway":"footway","osm_id":10133088},"geometry":{"type":"LineString","coordinates":[[32.8581099,39.88759],[32.8580381,39.887615],[32.8579939,39.8875872],[32.8579147,39.8874925],[32.8578021,39.8873588],[32.8577001,39.8873279],[32.8577028,39.8874483],[32.857777,39.88755],[32.8578583,39.8878717],[32.8578867,39.888209]]}},{"type":"Feature","properties":{"highway":"service","oneway":"yes","osm_id":10133550},"geometry":{"type":"LineString","coordinates":[[32.8551161,39.8867088],[32.8551967,39.8866863],[32.8553052,39.8866536]]}},{"type":"Feature","properties":{"oneway":"yes","name":"Hoşdere Caddesi","highway":"secondary","osm_id":10133556},"geometry":{"type":"LineString","coordinates":[[32.8548974,39.8850773],[32.8550713,39.8851147],[32.8551138,39.8851238],[32.8552805,39.8851538],[32.8553693,39.8851777],[32.8554313,39.8852022]]}},{"type":"Feature","properties":{"junction":"roundabout","highway":"residential","osm_id":10271286},"geometry":{"type":"LineString","coordinates":[[32.8495064,39.8874904],[32.8495448,39.8874827],[32.8495842,39.887485],[32.8496206,39.8874971],[32.8496497,39.8875177],[32.8496655,39.8875384],[32.8496738,39.8875614],[32.849674,39.8875854],[32.8496671,39.8876064],[32.8496541,39.8876257],[32.849628,39.8876468],[32.8495947,39.8876606],[32.8495545,39.8876657],[32.8495144,39.8876601],[32.8494791,39.8876445],[32.8494527,39.8876208],[32.8494381,39.8875916],[32.8494373,39.8875603],[32.8494496,39.8875314],[32.8494735,39.8875072],[32.8495064,39.8874904]]}},{"type":"Feature","properties":{"created_by":"JOSM","name":"Hava Sk.","highway":"residential","osm_id":10271288},"geometry":{"type":"LineString","coordinates":[[32.8514802,39.8864238],[32.8518127,39.8866879]]}},{"type":"Feature","properties":{"oneway":"yes","highway":"secondary_link","osm_id":11080381},"geometry":{"type":"LineString","coordinates":[[32.8861124,39.882936],[32.8863633,39.8826317],[32.8863821,39.8825053],[32.8863883,39.8824633],[32.8863217,39.8822824],[32.8862367,39.8821617]]}},{"type":"Feature","properties":{"oneway":"yes","highway":"secondary_link","osm_id":11080391},"geometry":{"type":"LineString","coordinates":[[32.8869918,39.8828877],[32.8867716,39.8828405],[32.8866599,39.8828202],[32.8865412,39.8828249],[32.8861124,39.882936]]}},{"type":"Feature","properties":{"name":"Reşat Nuri Sk.","highway":"residential","osm_id":11269336},"geometry":{"type":"LineString","coordinates":[[32.8464392,39.895791],[32.8463219,39.8954708],[32.8462738,39.8952923],[32.8462296,39.895043],[32.8461977,39.8946256],[32.8461839,39.8943497],[32.8461748,39.8940283],[32.8461282,39.8916078],[32.8460881,39.8910016],[32.846085,39.8908876],[32.8460333,39.8904572],[32.8457599,39.8887765],[32.8457226,39.8882372],[32.8457793,39.8879698],[32.8458854,39.8875919],[32.8460328,39.8872767],[32.8462399,39.8869254],[32.8466457,39.8864027]]}},{"type":"Feature","properties":{"name":"Fuar Sk.","highway":"residential","osm_id":11269337},"geometry":{"type":"LineString","coordinates":[[32.8466457,39.8864027],[32.8470597,39.8865905],[32.8475396,39.8868338],[32.8484562,39.8873406]]}},{"type":"Feature","properties":{"name":"Zühtü Tigrel Cd.","oneway":"yes","highway":"secondary","osm_id":11565590},"geometry":{"type":"LineString","coordinates":[[32.8298752,39.8452049],[32.8296406,39.8454496],[32.8295752,39.845519],[32.8294784,39.8456236],[32.8294146,39.845736],[32.8290925,39.8464586],[32.8289649,39.8467057],[32.8289214,39.8467833],[32.8288391,39.8468971]]}},{"type":"Feature","properties":{"name":"Turan Güneş Blv.","oneway":"yes","highway":"primary","osm_id":11565601},"geometry":{"type":"LineString","coordinates":[[32.8295409,39.8451571],[32.8292182,39.8451121],[32.8290819,39.8450932],[32.8289483,39.8450664],[32.8284633,39.8449921],[32.8260767,39.844715],[32.8252367,39.8446083],[32.8248367,39.8445267],[32.823365,39.8441033],[32.8223367,39.8438367],[32.8208217,39.8435633],[32.8113717,39.842225],[32.8098067,39.841975],[32.8093329,39.8419109],[32.8090867,39.8418833],[32.808755,39.8418667],[32.8081636,39.8419043],[32.8078184,39.8419554],[32.8074097,39.8420648]]}},{"type":"Feature","properties":{"name":"Turan Güneş Blv.","highway":"primary","oneway":"yes","osm_id":11565606},"geometry":{"type":"LineString","coordinates":[[32.8298707,39.8449077],[32.8305961,39.8449232],[32.8308018,39.844929],[32.8316939,39.8449424],[32.8324821,39.8449727],[32.8330719,39.8450425],[32.8340302,39.8452789],[32.8361571,39.8458243],[32.836771,39.8459968],[32.8374053,39.8461789],[32.8379423,39.8463806],[32.8385239,39.8466404],[32.8392324,39.8469787],[32.8398239,39.8472609],[32.8400554,39.8473603],[32.840198,39.847417],[32.8403281,39.847472],[32.840429,39.847515],[32.8406972,39.8476211],[32.8408268,39.8476725],[32.8409804,39.8477334]]}},{"type":"Feature","properties":{"highway":"tertiary","name":"Jose Marti Caddesi","osm_id":11697795},"geometry":{"type":"LineString","coordinates":[[32.8591093,39.8782517],[32.8591148,39.8778482],[32.859133,39.8772984],[32.8591373,39.8771107],[32.8591582,39.8768569],[32.8591904,39.8764661],[32.8591885,39.8757199]]}},{"type":"Feature","properties":{"name":"713. Sk.","highway":"residential","osm_id":11697796},"geometry":{"type":"LineString","coordinates":[[32.8631869,39.8753542],[32.8620537,39.8757253],[32.861779,39.8758162],[32.8609449,39.876077]]}},{"type":"Feature","properties":{"name":"508. Sokak","highway":"residential","osm_id":11697798},"geometry":{"type":"LineString","coordinates":[[32.8636687,39.8759135],[32.8641503,39.8757669],[32.8647141,39.8756017],[32.8652817,39.8754215]]}},{"type":"Feature","properties":{"name":"Turan Güneş Blv.","oneway":"yes","highway":"primary","osm_id":11697806},"geometry":{"type":"LineString","coordinates":[[32.8590626,39.8673347],[32.859085,39.8674181],[32.8591815,39.8677767],[32.8593967,39.8683416],[32.8594983,39.8686084],[32.8595694,39.8687579],[32.860021,39.8696651],[32.8602946,39.8700791],[32.8606271,39.8706637],[32.8606766,39.8707365],[32.8610883,39.8713417],[32.8614641,39.8720056],[32.8615621,39.8721321],[32.8616272,39.8722421],[32.8621257,39.8731321],[32.8622474,39.8733571],[32.8627666,39.8742246],[32.8632156,39.8750107],[32.863314,39.8751971],[32.8636687,39.8759135],[32.8643678,39.8772298],[32.8644919,39.8774634]]}},{"type":"Feature","properties":{"name":"Turan Güneş Blv.","highway":"primary","oneway":"yes","osm_id":11697815},"geometry":{"type":"LineString","coordinates":[[32.8409804,39.8477334],[32.84108,39.8477927],[32.8412004,39.8478645],[32.8412792,39.8479115],[32.8414509,39.8480227],[32.841703,39.8481833],[32.8419042,39.8483068],[32.8420597,39.8483928],[32.8420866,39.8484077],[32.8422787,39.8485065],[32.8424514,39.8485869],[32.8427357,39.8487249],[32.8437936,39.84922],[32.8446538,39.8496508],[32.8454222,39.8500341],[32.8455583,39.850102],[32.8456813,39.8501634],[32.8457423,39.8501938],[32.8463821,39.8505012],[32.8468264,39.8507317],[32.8473961,39.8510474],[32.8479513,39.8514199],[32.8483328,39.8517698],[32.8487374,39.8522092],[32.8491741,39.8528146],[32.849273,39.8529547],[32.8496517,39.8535468],[32.8504332,39.8547487],[32.850752,39.8552595],[32.8508491,39.8554157],[32.8515225,39.8564994],[32.8518066,39.8569384],[32.8519056,39.8570859],[32.8520206,39.8572647],[32.8520502,39.8573186]]}},{"type":"Feature","properties":{"highway":"primary","oneway":"yes","osm_id":12224217},"geometry":{"type":"LineString","coordinates":[[32.8115756,39.8515816],[32.8114711,39.8515743]]}},{"type":"Feature","properties":{"name":"Şemsettin Günaltay Cd.","highway":"secondary","osm_id":12361379},"geometry":{"type":"LineString","coordinates":[[32.8813642,39.8958131],[32.8813992,39.8956856],[32.8814744,39.8954111],[32.8814889,39.895111],[32.8813755,39.8946184],[32.8810833,39.8938467],[32.8807598,39.8931776],[32.8806704,39.8930264],[32.8803966,39.8926418],[32.8803497,39.892576],[32.88008,39.8922283],[32.87983,39.892],[32.8796168,39.8918461],[32.8795367,39.8917883],[32.8792012,39.8915812],[32.878905,39.8913983],[32.8786383,39.8911967],[32.8784583,39.8909783],[32.8783583,39.89073],[32.8783033,39.89045],[32.8781233,39.888745],[32.8781367,39.888425],[32.878215,39.888145],[32.8783157,39.8879534],[32.8784717,39.8876567],[32.878785,39.8871983],[32.8789426,39.8869853],[32.8792746,39.8867476],[32.8794776,39.8865989],[32.8796786,39.8864087],[32.8799112,39.8861866],[32.8802567,39.885925],[32.8804517,39.885785],[32.88067,39.8856783],[32.8809096,39.8856311],[32.8814933,39.8854867],[32.8817767,39.8853783],[32.8824613,39.8850186],[32.8829615,39.8847487],[32.8837107,39.8842785],[32.8839217,39.884135],[32.8844166,39.8839552],[32.88454,39.8839333],[32.8847534,39.8838722],[32.8850099,39.8836862]]}},{"type":"Feature","properties":{"oneway":"no","highway":"residential","osm_id":12391022},"geometry":{"type":"LineString","coordinates":[[32.821022,39.8467977],[32.8212634,39.8466957],[32.8217854,39.8474254]]}},{"type":"Feature","properties":{"name":"683.Sok.","highway":"residential","osm_id":12899511},"geometry":{"type":"LineString","coordinates":[[32.8523031,39.8715893],[32.8523112,39.8714551],[32.8525356,39.871088],[32.8527917,39.8706583],[32.852887,39.8705542],[32.8534361,39.8699542],[32.8538067,39.8695763],[32.8543681,39.869004]]}},{"type":"Feature","properties":{"name":"694. Sokak","highway":"residential","osm_id":12901758},"geometry":{"type":"LineString","coordinates":[[32.8570752,39.8664033],[32.8565529,39.8666284],[32.855605,39.8669767],[32.8548553,39.867181],[32.8545366,39.8672238],[32.8545013,39.867251],[32.8540612,39.8677863],[32.8539968,39.867881],[32.85394,39.8681117],[32.8539267,39.868295],[32.8539583,39.86845],[32.8540018,39.8685338],[32.85405,39.8686267],[32.8543681,39.869004],[32.854654,39.8691763],[32.8557713,39.8693467],[32.8565134,39.8692969],[32.8573096,39.8692434],[32.857365,39.869235],[32.857575,39.86919],[32.857765,39.8691367],[32.8579,39.8690933],[32.8580345,39.8690245]]}},{"type":"Feature","properties":{"name":"397. Sk.","highway":"residential","osm_id":12901768},"geometry":{"type":"LineString","coordinates":[[32.876944,39.8855233],[32.8764608,39.8860356]]}},{"type":"Feature","properties":{"name":"391. Cd.","highway":"residential","osm_id":12901774},"geometry":{"type":"LineString","coordinates":[[32.8783157,39.8879534],[32.8775183,39.8875853],[32.8765007,39.8870824],[32.8751348,39.8863889],[32.8744828,39.885918],[32.8740172,39.8855817],[32.8735041,39.8851661]]}},{"type":"Feature","properties":{"name":"396. Sk.","highway":"residential","osm_id":12901776},"geometry":{"type":"LineString","coordinates":[[32.8738125,39.8843144],[32.8738224,39.8843247],[32.8740017,39.884455],[32.8743117,39.88476],[32.8743533,39.8848033],[32.8744485,39.8849224],[32.8749967,39.8853967],[32.8750717,39.8854383],[32.8761817,39.8859667],[32.8762717,39.8859917],[32.8764608,39.8860356],[32.87661,39.8860783],[32.8769917,39.8862167],[32.8770867,39.8862633],[32.8780729,39.8868488]]}},{"type":"Feature","properties":{"name":"Kehribar Sk.","highway":"residential","osm_id":12901778},"geometry":{"type":"LineString","coordinates":[[32.8718686,39.8901302],[32.872248,39.889647],[32.8727005,39.8891077],[32.8729467,39.888855],[32.8731032,39.8886812],[32.8733306,39.8884287],[32.8734327,39.8883126],[32.8738329,39.8878575],[32.8741192,39.8875319],[32.8741819,39.8874578]]}},{"type":"Feature","properties":{"highway":"unclassified","osm_id":12902547},"geometry":{"type":"LineString","coordinates":[[32.8789426,39.8869853],[32.8788883,39.886835],[32.878855,39.886745],[32.8788283,39.8867017],[32.8785933,39.8863817],[32.8785017,39.88627],[32.8784476,39.8862039]]}},{"type":"Feature","properties":{"highway":"residential","name":"457. Sokak","osm_id":12902548},"geometry":{"type":"LineString","coordinates":[[32.8784103,39.8769384],[32.8780003,39.8770116],[32.8771345,39.8770431],[32.8760904,39.877022],[32.8752583,39.8770037]]}},{"type":"Feature","properties":{"highway":"tertiary","name":"Cidde Caddesi","osm_id":12902557},"geometry":{"type":"LineString","coordinates":[[32.866613,39.8663165],[32.8664698,39.8663848],[32.8657023,39.8671774],[32.865079,39.8677992],[32.8650152,39.8678629],[32.8649635,39.8679107],[32.8648816,39.8679862],[32.8647157,39.8681392],[32.8643639,39.8684229],[32.8636209,39.8691207],[32.8630562,39.8696092],[32.862569,39.8699792],[32.8623657,39.8701336],[32.8621535,39.8702799]]}},{"type":"Feature","properties":{"highway":"residential","name":"Tiflis Cad.","oneway":"yes","osm_id":12902561},"geometry":{"type":"LineString","coordinates":[[32.865828,39.876308],[32.8657105,39.87613],[32.8652817,39.8754215]]}},{"type":"Feature","properties":{"highway":"secondary","name":"Konrad Adenauer Caddesi","oneway":"yes","osm_id":12902569},"geometry":{"type":"LineString","coordinates":[[32.8675315,39.8696038],[32.8677065,39.8696995],[32.8677667,39.8697324],[32.867887,39.8697881],[32.8680072,39.8698438],[32.8680841,39.8698815]]}},{"type":"Feature","properties":{"highway":"residential","name":"696. Sokak","osm_id":12902572},"geometry":{"type":"LineString","coordinates":[[32.8551576,39.8659197],[32.8555349,39.8667807],[32.855605,39.8669767],[32.8556283,39.8671267],[32.8557075,39.8673883],[32.8558883,39.867985],[32.855935,39.8680533],[32.8560217,39.8681167],[32.8563683,39.8682467],[32.856615,39.868325],[32.8567213,39.8683746],[32.8567998,39.8684236]]}},{"type":"Feature","properties":{"oneway":"yes","highway":"primary","lanes":"2","name":"Dikmen Cad.","osm_id":12961726},"geometry":{"type":"LineString","coordinates":[[32.8117251,39.8494812],[32.81189,39.8497017],[32.8120467,39.8499467],[32.8121521,39.850143]]}},{"type":"Feature","properties":{"name":"Piyade Sk.","oneway":"yes","highway":"residential","osm_id":12963427},"geometry":{"type":"LineString","coordinates":[[32.8548944,39.8851634],[32.8547143,39.8855698],[32.8544627,39.8860398],[32.8538676,39.886673],[32.853178,39.8876034],[32.8529963,39.8877693],[32.8528303,39.8879918],[32.8526497,39.8882066],[32.8525097,39.888389],[32.8519393,39.8890945]]}},{"type":"Feature","properties":{"name":"Refik Belendir Sk.","highway":"residential","osm_id":12963903},"geometry":{"type":"LineString","coordinates":[[32.8508352,39.8858692],[32.8506752,39.8859158],[32.8501623,39.8861295],[32.8498397,39.886284],[32.8494177,39.8865506],[32.8491681,39.8867342],[32.8489954,39.8868612],[32.8484562,39.8873406],[32.8482967,39.8874783],[32.8480817,39.887775],[32.8479383,39.888095],[32.8478783,39.8884117],[32.8478877,39.8887851],[32.8478955,39.8888153],[32.8482787,39.8902915],[32.848384,39.89085],[32.8483915,39.8915733],[32.8483721,39.8923566],[32.8483608,39.8928393],[32.8483184,39.8940198],[32.8483445,39.8945132],[32.8484044,39.8948577],[32.8485381,39.8953519]]}},{"type":"Feature","properties":{"oneway":"yes","highway":"residential","name":"Karaca Sk.;Küçüksu Sk.","osm_id":13411990},"geometry":{"type":"LineString","coordinates":[[32.8686074,39.8891217],[32.8690366,39.8892722],[32.8697482,39.8889996],[32.8697777,39.8889802],[32.8698017,39.8889566],[32.8698187,39.8889298],[32.869833,39.8889009],[32.86984,39.88885],[32.8697061,39.8879351],[32.8697355,39.8876235],[32.8696958,39.8873689],[32.869669,39.8872415],[32.869707,39.8871142],[32.8700227,39.8869364],[32.8704425,39.8870248],[32.8714318,39.8874766],[32.8715605,39.8875493],[32.8733306,39.8884287]]}},{"type":"Feature","properties":{"highway":"secondary","name":"Koza Sk.","osm_id":13411997},"geometry":{"type":"LineString","coordinates":[[32.8674863,39.8874476],[32.8677036,39.8875187],[32.8681088,39.8876512],[32.8683936,39.8878074],[32.8684711,39.8877918],[32.8685267,39.8877683],[32.8688883,39.8876083],[32.869325,39.887495],[32.8694617,39.8875167],[32.8697355,39.8876235],[32.8710242,39.8881668],[32.8727005,39.8891077],[32.8732428,39.8894588],[32.873727,39.8897723],[32.8738033,39.8898217],[32.8740767,39.8899717],[32.8744329,39.8901229],[32.8748517,39.8903],[32.8750449,39.8904103],[32.8769143,39.8915921],[32.8784181,39.8926888],[32.8785172,39.8927651],[32.8790284,39.8931591],[32.8793586,39.8934279],[32.8797061,39.8936878],[32.8804316,39.8943802],[32.8804674,39.8944952]]}},{"type":"Feature","properties":{"highway":"residential","name":"709. Sokak","osm_id":14524025},"geometry":{"type":"LineString","coordinates":[[32.8621045,39.873341],[32.8619671,39.8733864],[32.8613861,39.8735667],[32.8610376,39.873674]]}},{"type":"Feature","properties":{"name":"Turan Güneş Blv.","oneway":"yes","highway":"primary","osm_id":14524027},"geometry":{"type":"LineString","coordinates":[[32.8643098,39.8775764],[32.8642333,39.8774349],[32.8641718,39.8773261],[32.8641474,39.877286],[32.8640961,39.877171],[32.8640475,39.8770763],[32.8640298,39.8770325],[32.864007,39.8769901],[32.8637746,39.8764437],[32.8631869,39.8753542],[32.8629515,39.8748764],[32.8621045,39.873341],[32.862002,39.8731738],[32.8617551,39.872771],[32.8613449,39.872095],[32.8604903,39.8707148],[32.8598571,39.8697294],[32.8593238,39.8686547],[32.8591685,39.8682558],[32.8588617,39.8675741],[32.8587714,39.8674141]]}},{"type":"Feature","properties":{"highway":"residential","name":"514. Sokak","oneway":"no","osm_id":14590088},"geometry":{"type":"LineString","coordinates":[[32.864796,39.872439],[32.8649932,39.8727676],[32.865133,39.8730046],[32.8654534,39.8734962],[32.8659845,39.8743759],[32.8661109,39.8744921]]}},{"type":"Feature","properties":{"highway":"residential","name":"510. Sokak","oneway":"yes","osm_id":14590100},"geometry":{"type":"LineString","coordinates":[[32.8661437,39.8733291],[32.8654534,39.8734962],[32.8649876,39.873591],[32.8642663,39.8737919],[32.8636966,39.8739395],[32.8633678,39.8740403],[32.8627666,39.8742246]]}},{"type":"Feature","properties":{"highway":"unclassified","osm_id":14590112},"geometry":{"type":"LineString","coordinates":[[32.8739653,39.8818315],[32.8738482,39.8819574],[32.873519,39.8821968],[32.8733967,39.882265],[32.8730615,39.8824239],[32.872915,39.8824783],[32.8724767,39.8826783],[32.872284,39.882782]]}},{"type":"Feature","properties":{"highway":"tertiary","name":"428. Cadde","osm_id":14590114},"geometry":{"type":"LineString","coordinates":[[32.8759712,39.881622],[32.8749014,39.8816969],[32.8747788,39.8817275],[32.8746721,39.8817375],[32.8739653,39.8818315]]}},{"type":"Feature","properties":{"name":"401.Sk.","highway":"residential","osm_id":14590115},"geometry":{"type":"LineString","coordinates":[[32.8732529,39.8844883],[32.8734133,39.8844933],[32.8734883,39.8844733],[32.8738125,39.8843144],[32.874055,39.8841833],[32.874465,39.88397],[32.874599,39.8839086],[32.87469,39.8838667],[32.8751183,39.8837167],[32.8752899,39.8836635],[32.8756433,39.8835433],[32.876145,39.8833917],[32.8763063,39.8833747]]}},{"type":"Feature","properties":{"name":"400. Sk.","highway":"residential","osm_id":14590116},"geometry":{"type":"LineString","coordinates":[[32.8765048,39.8843832],[32.876337,39.8844563],[32.8759331,39.8846291],[32.8757996,39.8847296],[32.8756695,39.8848541]]}},{"type":"Feature","properties":{"name":"398. Sk.","highway":"residential","osm_id":14590119},"geometry":{"type":"LineString","coordinates":[[32.8756695,39.8848541],[32.876195,39.8851867],[32.8764583,39.8853367],[32.8766917,39.8854417],[32.876944,39.8855233]]}},{"type":"Feature","properties":{"highway":"unclassified","name":"408/1. Sk.","osm_id":14590121},"geometry":{"type":"LineString","coordinates":[[32.8743468,39.8872438],[32.8742867,39.8871233],[32.8741234,39.8867493],[32.873545,39.885425],[32.8735183,39.885355],[32.8735017,39.885295],[32.8735011,39.8851898]]}},{"type":"Feature","properties":{"highway":"residential","oneway":"yes","osm_id":14590126},"geometry":{"type":"LineString","coordinates":[[32.8723973,39.8810021],[32.8723627,39.8807131]]}},{"type":"Feature","properties":{"oneway":"yes","name":"Prof.Dr.Aziz Sancar Caddesi","highway":"residential","osm_id":14591753},"geometry":{"type":"LineString","coordinates":[[32.8580802,39.8859772],[32.8577493,39.8857111],[32.8570949,39.8852135],[32.8560087,39.8844863]]}},{"type":"Feature","properties":{"name":"Ebu Ziya Tevfik Sk.","highway":"residential","osm_id":14591759},"geometry":{"type":"LineString","coordinates":[[32.8563277,39.8840202],[32.8564347,39.8840757],[32.8565583,39.884145],[32.85714,39.884445],[32.85731,39.88455],[32.8574817,39.8846617],[32.85808,39.885085],[32.8583301,39.8852646]]}},{"type":"Feature","properties":{"highway":"residential","osm_id":14596233},"geometry":{"type":"LineString","coordinates":[[32.874599,39.8839086],[32.873946,39.8828572],[32.8738867,39.8827198],[32.873519,39.8821968]]}},{"type":"Feature","properties":{"name":"Pilot Sk.","oneway":"yes","highway":"residential","osm_id":14599329},"geometry":{"type":"LineString","coordinates":[[32.8551656,39.8892333],[32.8544719,39.8892301],[32.8542377,39.8892205],[32.8538609,39.8891115],[32.8535133,39.888965],[32.8525097,39.888389]]}},{"type":"Feature","properties":{"name":"Muzaffer Sarısözen Sk.","oneway":"yes","highway":"residential","osm_id":14599337},"geometry":{"type":"LineString","coordinates":[[32.855197,39.8862837],[32.8544627,39.8860398]]}},{"type":"Feature","properties":{"name":"Vali Dr. Reşit Sk.","oneway":"yes","highway":"residential","osm_id":14599339},"geometry":{"type":"LineString","coordinates":[[32.8528303,39.8879918],[32.853424,39.8883374],[32.8538123,39.8884955],[32.8541423,39.8885791],[32.8550739,39.8886813]]}},{"type":"Feature","properties":{"name":"Hava Sk.","oneway":"yes","highway":"residential","osm_id":14599341},"geometry":{"type":"LineString","coordinates":[[32.8550159,39.8882445],[32.8547271,39.8882171],[32.8543591,39.8881443],[32.8539894,39.888013],[32.853178,39.8876034]]}},{"type":"Feature","properties":{"highway":"residential","name":"687. Sokak","osm_id":15091797},"geometry":{"type":"LineString","coordinates":[[32.8532061,39.8674411],[32.8523995,39.8687228],[32.8520607,39.8695676],[32.851907,39.8702893],[32.8518738,39.8704591],[32.8517749,39.8710529],[32.8520849,39.8709658],[32.8525356,39.871088]]}},{"type":"Feature","properties":{"highway":"secondary","name":"Aleksander Dubçek Caddesi","oneway":"no","osm_id":15091800},"geometry":{"type":"LineString","coordinates":[[32.8500284,39.8702243],[32.8507437,39.8692687],[32.8513971,39.8683012],[32.8523444,39.8668611],[32.852921,39.8660674],[32.8536816,39.8650893],[32.8540824,39.8645138],[32.8544068,39.8640478]]}},{"type":"Feature","properties":{"highway":"residential","name":"681. Sokak","osm_id":15091802},"geometry":{"type":"LineString","coordinates":[[32.8520607,39.8695676],[32.8507437,39.8692687],[32.8500214,39.8689072]]}},{"type":"Feature","properties":{"highway":"residential","name":"673. Sokak","osm_id":15091803},"geometry":{"type":"LineString","coordinates":[[32.8554788,39.871499],[32.8562771,39.8715433],[32.856506,39.871556],[32.85658,39.8715567],[32.8570994,39.8715712],[32.8575907,39.871585],[32.8582052,39.8714355],[32.8583301,39.8714051],[32.8592799,39.8711681],[32.859791,39.8709745],[32.8604903,39.8707148]]}},{"type":"Feature","properties":{"highway":"residential","name":"686. Sokak","osm_id":15091804},"geometry":{"type":"LineString","coordinates":[[32.8525356,39.871088],[32.85352,39.8714083],[32.8536233,39.8714131],[32.8544003,39.8714671],[32.8554788,39.871499]]}},{"type":"Feature","properties":{"highway":"residential","name":"705. Sokak","osm_id":15091805},"geometry":{"type":"LineString","coordinates":[[32.8583301,39.8714051],[32.8586786,39.8725243]]}},{"type":"Feature","properties":{"highway":"residential","name":"Pak Sokak","osm_id":15092337},"geometry":{"type":"LineString","coordinates":[[32.8496541,39.8876257],[32.8498608,39.8878244],[32.8501157,39.8880694],[32.8503092,39.8881699],[32.8506339,39.8882124],[32.8509653,39.8882256]]}},{"type":"Feature","properties":{"name":"Turan Güneş Blv.","highway":"primary","oneway":"yes","osm_id":15092338},"geometry":{"type":"LineString","coordinates":[[32.8517904,39.8573565],[32.8515851,39.8570561],[32.8509296,39.8559512],[32.8507715,39.8556877],[32.8507358,39.8556154],[32.8507262,39.8555466],[32.849281,39.8532891],[32.8487414,39.8525346],[32.8484225,39.8521385],[32.8480365,39.8517416],[32.8477347,39.8515132],[32.8473122,39.85121],[32.8470996,39.8510892],[32.8466241,39.8508192],[32.8464063,39.8507109],[32.8455911,39.8503056],[32.8447904,39.8499205],[32.8410036,39.8480545]]}},{"type":"Feature","properties":{"oneway":"yes","highway":"primary","name":"Turan Güneş Bulvarı","osm_id":15092339},"geometry":{"type":"LineString","coordinates":[[32.8521179,39.8574177],[32.8524805,39.8580435],[32.8530869,39.8591868],[32.8532145,39.859455],[32.8533442,39.8597735],[32.8536041,39.8606006]]}},{"type":"Feature","properties":{"name":"Sedat Simavi Caddesi","oneway":"yes","highway":"residential","osm_id":15092340},"geometry":{"type":"LineString","coordinates":[[32.8481317,39.8825217],[32.8491585,39.8822902],[32.8498843,39.8821805]]}},{"type":"Feature","properties":{"name":"Sedat Simavi Caddesi","oneway":"yes","highway":"residential","osm_id":15092341},"geometry":{"type":"LineString","coordinates":[[32.8498843,39.8821805],[32.8505956,39.8821168],[32.8515433,39.8820944]]}},{"type":"Feature","properties":{"name":"Yunus Nadi Sk.","oneway":"yes","highway":"residential","osm_id":15092342},"geometry":{"type":"LineString","coordinates":[[32.8553024,39.8823822],[32.8551824,39.8826952],[32.8550805,39.8830033],[32.85484,39.8835879],[32.8546468,39.8841987],[32.8545448,39.8845487],[32.854488,39.8847437],[32.8543772,39.8850165]]}},{"type":"Feature","properties":{"highway":"primary","lanes":"2","oneway":"yes","osm_id":15092349},"geometry":{"type":"LineString","coordinates":[[32.8115544,39.849427],[32.811371,39.8493288],[32.8111994,39.8492773],[32.8110047,39.8492349]]}},{"type":"Feature","properties":{"oneway":"yes","highway":"trunk","osm_id":15092350},"geometry":{"type":"LineString","coordinates":[[32.8086882,39.8449969],[32.8079188,39.8445225]]}},{"type":"Feature","properties":{"source":"bing","highway":"trunk_link","oneway":"yes","osm_id":15092351},"geometry":{"type":"LineString","coordinates":[[32.8063168,39.842455],[32.8064854,39.8422768],[32.8065421,39.8422071],[32.8065825,39.8421392],[32.8065984,39.8420873],[32.8066004,39.8420246],[32.8065838,39.8419644],[32.8065531,39.841906],[32.8065103,39.8418529],[32.8064536,39.8418052],[32.8063729,39.8417565],[32.8063076,39.8417264],[32.806234,39.8417059],[32.8061394,39.8416944],[32.806058,39.8416987],[32.8059849,39.8417139],[32.8059002,39.8417416],[32.8058174,39.841782],[32.8057562,39.8418254],[32.8057114,39.8418705],[32.8056645,39.8419454],[32.8056395,39.8420099],[32.8056332,39.8420815],[32.8056383,39.8421758],[32.805678,39.8422656],[32.8057827,39.8423991]]}},{"type":"Feature","properties":{"source":"bing","highway":"trunk_link","oneway":"yes","osm_id":15092355},"geometry":{"type":"LineString","coordinates":[[32.8026697,39.8401636],[32.8034603,39.840689],[32.8040546,39.8410925],[32.8047621,39.8416052],[32.8050982,39.8418618],[32.8053706,39.8420694],[32.8057827,39.8423991]]}},{"type":"Feature","properties":{"highway":"primary","lanes":"2","oneway":"yes","osm_id":15092356},"geometry":{"type":"LineString","coordinates":[[32.810933,39.8482938],[32.8111136,39.8486575],[32.8112933,39.8489458],[32.8115052,39.8492526]]}},{"type":"Feature","properties":{"highway":"secondary","name":"Alexander Dubçek Caddesi","oneway":"yes","osm_id":15092866},"geometry":{"type":"LineString","coordinates":[[32.855601,39.8636255],[32.8553831,39.8636089],[32.855144,39.8636511],[32.8548279,39.863781],[32.8547108,39.863861],[32.8544068,39.8640478]]}},{"type":"Feature","properties":{"name":"680. Sk.","highway":"residential","osm_id":15092868},"geometry":{"type":"LineString","coordinates":[[32.8523995,39.8687228],[32.8513971,39.8683012]]}},{"type":"Feature","properties":{"highway":"residential","osm_id":15092869},"geometry":{"type":"LineString","coordinates":[[32.8500284,39.8702243],[32.8502917,39.8702333],[32.851907,39.8702893]]}},{"type":"Feature","properties":{"highway":"tertiary","oneway":"no","name":"Rabindranath Tagore Caddesi","osm_id":15092870},"geometry":{"type":"LineString","coordinates":[[32.8557267,39.8655567],[32.8560428,39.8656808],[32.8562056,39.8658193],[32.8565529,39.8666284],[32.8568276,39.8672362],[32.8570173,39.867656],[32.8571814,39.8679099],[32.8573389,39.8680769]]}},{"type":"Feature","properties":{"name":"Ziaür Rahman Cad.","oneway":"yes","highway":"secondary","osm_id":15092901},"geometry":{"type":"LineString","coordinates":[[32.8646333,39.8776112],[32.8647262,39.877803],[32.8647798,39.8779172],[32.8648093,39.8779728],[32.8648657,39.8780984],[32.8648645,39.8782062]]}},{"type":"Feature","properties":{"oneway":"yes","highway":"trunk_link","osm_id":15219477},"geometry":{"type":"LineString","coordinates":[[32.8056623,39.8431898],[32.8055091,39.8434001],[32.8054553,39.8435338],[32.8054458,39.8436579],[32.8054743,39.8437722],[32.805563,39.8438986],[32.8056707,39.8439765],[32.8058227,39.8440446],[32.8059874,39.8440762],[32.8061712,39.8440738],[32.8063295,39.8440446],[32.8064626,39.8439838],[32.8065386,39.8439059],[32.8066115,39.8437916],[32.8066273,39.8436822],[32.8065945,39.8436062],[32.8064643,39.8434253]]}},{"type":"Feature","properties":{"highway":"residential","name":"Portakal Çiçeği Sok.","oneway":"no","osm_id":16187041},"geometry":{"type":"LineString","coordinates":[[32.8488644,39.8888602],[32.848834,39.888672],[32.8488433,39.888509],[32.848883,39.8883549],[32.8489367,39.8881973],[32.8490838,39.8879626]]}},{"type":"Feature","properties":{"name":"Portakal Çiçeği Sok.","oneway":"yes","highway":"residential","osm_id":16187046},"geometry":{"type":"LineString","coordinates":[[32.8495947,39.8876606],[32.8494425,39.8877508],[32.8490838,39.8879626]]}},{"type":"Feature","properties":{"name":"Portakal Çiçeği Sok.","oneway":"yes","highway":"residential","osm_id":16187051},"geometry":{"type":"LineString","coordinates":[[32.8496497,39.8875177],[32.8500306,39.8874854]]}},{"type":"Feature","properties":{"name":"A. İhsan Sk.","highway":"residential","osm_id":16208907},"geometry":{"type":"LineString","coordinates":[[32.8594451,39.8844312],[32.8595017,39.884605],[32.8597067,39.8852017],[32.8597783,39.8854533],[32.859725,39.8856467],[32.8594467,39.8858067]]}},{"type":"Feature","properties":{"name":"Sedat Simavi Sk.","oneway":"yes","highway":"residential","osm_id":16208909},"geometry":{"type":"LineString","coordinates":[[32.8594451,39.8844312],[32.859385,39.8843717],[32.859305,39.8842717],[32.8587383,39.8838117],[32.8586417,39.8837417],[32.858185,39.883455],[32.8572345,39.8829914],[32.8571331,39.882942]]}},{"type":"Feature","properties":{"oneway":"yes","name":"Hüseyin Rahmi","highway":"residential","osm_id":16208910},"geometry":{"type":"LineString","coordinates":[[32.8590115,39.8869008],[32.8593079,39.8866053],[32.8594677,39.8863941],[32.8595774,39.8862061],[32.8596505,39.8860632],[32.8596168,39.8859262],[32.8594467,39.8858067],[32.8593033,39.8857067],[32.858565,39.8850817]]}},{"type":"Feature","properties":{"name":"666. Sk","highway":"residential","osm_id":16212307},"geometry":{"type":"LineString","coordinates":[[32.852921,39.8660674],[32.8526815,39.8659371],[32.8523089,39.8655511],[32.8521631,39.86541],[32.8516458,39.8650949],[32.8512227,39.864895],[32.8510788,39.8648241],[32.8507293,39.864589]]}},{"type":"Feature","properties":{"oneway":"yes","name":"Simon Bolivar Caddesi","highway":"primary","osm_id":19713212},"geometry":{"type":"LineString","coordinates":[[32.8555129,39.8850118],[32.85567,39.884746],[32.8557713,39.8845844],[32.8558042,39.8845277],[32.8560527,39.8841277],[32.8561389,39.8839758],[32.85639,39.8835984],[32.8565178,39.8834048],[32.8566717,39.8831953],[32.8567564,39.8830801],[32.8568299,39.8829864],[32.8569282,39.8828645]]}},{"type":"Feature","properties":{"highway":"residential","name":"Arif Nihat Asya Sokağı","oneway":"yes","osm_id":19791180},"geometry":{"type":"LineString","coordinates":[[32.8190694,39.8505559],[32.8189448,39.8506714],[32.8188678,39.8507204],[32.8186441,39.850748],[32.818455,39.8507522],[32.8182022,39.8507358],[32.8179839,39.8506761],[32.8179083,39.850615]]}},{"type":"Feature","properties":{"highway":"footway","osm_id":21055543},"geometry":{"type":"LineString","coordinates":[[32.8551773,39.8880919],[32.8552566,39.888112],[32.855306,39.8881064]]}},{"type":"Feature","properties":{"name":"27 Aralık Sk.","highway":"residential","osm_id":22972411},"geometry":{"type":"LineString","coordinates":[[32.8573444,39.8864827],[32.857636,39.8862829],[32.8580802,39.8859772]]}},{"type":"Feature","properties":{"highway":"secondary","oneway":"no","name":"Eymir Gölü Yolu","osm_id":23291978},"geometry":{"type":"LineString","coordinates":[[32.846367,39.8283178],[32.846342,39.8283698],[32.846195,39.8285141],[32.8460616,39.8287148],[32.8460004,39.828969],[32.8459835,39.8293634],[32.8458816,39.8295848],[32.8456732,39.8297851],[32.8455338,39.8299493],[32.845456,39.8301325],[32.8454555,39.8305913],[32.8454527,39.8311958],[32.8453852,39.8316432],[32.8452765,39.8320069],[32.8451027,39.8322038],[32.8448412,39.8323974],[32.8445831,39.8325076],[32.8444081,39.8326414],[32.8443663,39.832805],[32.8443382,39.8330185],[32.844244,39.8331451],[32.8440798,39.8334608],[32.8439606,39.8336128],[32.8437983,39.8336986],[32.8434885,39.8338126],[32.8429654,39.8339513],[32.8424184,39.834136],[32.8421237,39.8344318],[32.8419368,39.8345858],[32.8415151,39.8348157],[32.8411334,39.8350882],[32.8408824,39.835296],[32.840539,39.8355086],[32.8400892,39.8357689],[32.8396209,39.8362842],[32.8395135,39.8363832],[32.8392644,39.8366574],[32.839179,39.8368413],[32.838963,39.8372883],[32.8387918,39.8376358],[32.8386976,39.8380189],[32.8387386,39.8381784],[32.8388242,39.8384903],[32.8388605,39.838911],[32.8389423,39.8394936],[32.838803,39.840299],[32.8386989,39.840604],[32.8384848,39.8410143],[32.8382514,39.8414859],[32.8380573,39.8419492],[32.8380265,39.8420606],[32.8379983,39.8422972],[32.8380127,39.8424689],[32.8382796,39.8433713],[32.8389394,39.8447985],[32.8392653,39.8453473],[32.8398903,39.8461587],[32.8400914,39.8464573],[32.8405114,39.84729]]}},{"type":"Feature","properties":{"ref":"O-20","oneway":"yes","name":"Ankara Çevreyolu","highway":"motorway","int_ref":"E 88","lanes":"4","osm_id":23630447},"geometry":{"type":"LineString","coordinates":[[32.8819294,39.8269267],[32.8826418,39.8277573],[32.8838434,39.8292931],[32.8851566,39.8308157],[32.8885641,39.8342694],[32.8896627,39.8353569],[32.8904266,39.8361939],[32.8910789,39.8371166],[32.8915081,39.8378482],[32.8919029,39.8386852],[32.8922119,39.8395749],[32.8924351,39.8405305],[32.8925381,39.8414532],[32.8925552,39.8422769],[32.8924866,39.8448932],[32.8925123,39.8458553],[32.8925896,39.8469295],[32.8930187,39.8504351],[32.8931646,39.8512258],[32.8933964,39.8519506],[32.8936968,39.8525898],[32.8941002,39.8532355],[32.8962116,39.8558645],[32.8970184,39.8569781],[32.8975935,39.8578082],[32.8980913,39.8587504],[32.8984432,39.8594817],[32.8986492,39.860246],[32.8987608,39.860918],[32.8988123,39.8616691],[32.8988552,39.8629077],[32.8989067,39.8640211],[32.8991213,39.8649895],[32.8996191,39.8660502],[32.9003143,39.8669791],[32.90131,39.8678948],[32.9025373,39.8687577],[32.9037132,39.8694494],[32.9049234,39.870016],[32.9062796,39.8704903],[32.9079533,39.8708789],[32.9100904,39.8712083],[32.9123392,39.8713993],[32.9145966,39.8714784],[32.9169481,39.8715407]]}},{"type":"Feature","properties":{"highway":"unclassified","osm_id":24855157},"geometry":{"type":"LineString","coordinates":[[32.862477,39.841383],[32.8627171,39.8410656],[32.862899,39.8407376],[32.8634052,39.8396871],[32.8640616,39.8385515],[32.8643068,39.83809],[32.8651925,39.8373734],[32.8661336,39.8366872],[32.8667742,39.8361589],[32.8672171,39.8358977],[32.8683639,39.8353755],[32.8692971,39.83492],[32.8704992,39.8341852],[32.8715115,39.8336022],[32.8724289,39.8330495],[32.8736152,39.832096],[32.8742004,39.8315555],[32.8746828,39.8310636],[32.8755313,39.8301423],[32.8762851,39.8292832],[32.8772742,39.8280738],[32.8781096,39.8270488],[32.8786186,39.8263814],[32.8792475,39.8256808],[32.8797036,39.8252125],[32.8799965,39.8250023],[32.8804334,39.824652],[32.880856,39.8243865],[32.8812833,39.8240288],[32.8817826,39.8235863],[32.8820154,39.8233925],[32.8821446,39.8232849],[32.8824364,39.8229421],[32.8829171,39.8225466],[32.8834492,39.8217819],[32.8841187,39.820859],[32.8851229,39.8200877],[32.8852689,39.8197779],[32.8859383,39.8191846],[32.886728,39.8185517],[32.8873288,39.8179584],[32.8877837,39.8173519],[32.8885133,39.8167454],[32.8897578,39.8155191],[32.8904187,39.8153213],[32.8909594,39.8153082],[32.8917062,39.8153939],[32.8925301,39.8155389],[32.8936631,39.8155521],[32.8950793,39.8155916],[32.8965642,39.8155389],[32.8981435,39.8153543],[32.9000317,39.8150774]]}},{"type":"Feature","properties":{"highway":"tertiary","name":"441. Cadde","osm_id":25039989},"geometry":{"type":"LineString","coordinates":[[32.8828142,39.8788188],[32.8826004,39.8788816]]}},{"type":"Feature","properties":{"highway":"tertiary","name:en":"Quatar Street","surface":"asphalt","name":"Katar Caddesi","old_name":"415. Cd.","osm_id":25039992},"geometry":{"type":"LineString","coordinates":[[32.8711474,39.8791958],[32.870947,39.8790009],[32.8708033,39.8787883],[32.8704067,39.8782467],[32.8702796,39.8780801],[32.8700445,39.8778321],[32.8695417,39.8773733],[32.8691283,39.8771567],[32.8689183,39.8771083],[32.8686633,39.8770967],[32.86839,39.8771217],[32.8679467,39.8772467],[32.8676767,39.8773767],[32.8673317,39.8775733],[32.8668341,39.87804],[32.8663816,39.8784267],[32.8655469,39.8792223],[32.8654302,39.8792746]]}},{"type":"Feature","properties":{"highway":"secondary","oneway":"no","name":"Ceyhun Atuf Kansu Caddesi","osm_id":25074673},"geometry":{"type":"LineString","coordinates":[[32.8167566,39.874625],[32.8164591,39.8751753],[32.8161598,39.8758716],[32.8159972,39.8762325],[32.8159598,39.8764206],[32.815969,39.8765564],[32.8162809,39.8771713],[32.8167465,39.8777597],[32.8168294,39.8778775],[32.8168725,39.8780936],[32.8168339,39.8785607],[32.8167304,39.8794131],[32.8166707,39.8797984],[32.8165628,39.8804944],[32.8164799,39.880667],[32.8162482,39.8809104],[32.8160686,39.8809927],[32.8155693,39.881135],[32.8152317,39.8813035],[32.8151767,39.8813184],[32.8148009,39.8816217],[32.8147358,39.8817621],[32.8147439,39.8820425],[32.8149339,39.8828446],[32.8150773,39.8833559],[32.8151526,39.8836244],[32.8153619,39.8840757],[32.8157884,39.885117],[32.8158906,39.8855776],[32.8161324,39.8864789]]}},{"type":"Feature","properties":{"oneway":"yes","highway":"residential","name":"Süleyman Nazif Sokak","osm_id":25412589},"geometry":{"type":"LineString","coordinates":[[32.8532209,39.884889],[32.8532203,39.8847838],[32.8532469,39.8840793],[32.8533094,39.883458],[32.8533447,39.8827839],[32.8533511,39.8821263]]}},{"type":"Feature","properties":{"oneway":"yes","highway":"residential","name":"Ahmet Rasim Sokak","osm_id":25412607},"geometry":{"type":"LineString","coordinates":[[32.8483082,39.883145],[32.8487945,39.8830294],[32.8492621,39.8829995],[32.8497465,39.8830095],[32.8503103,39.8831915],[32.8504954,39.883236],[32.8511891,39.88342],[32.851539,39.8834658],[32.8518869,39.8834937],[32.852388,39.8834454],[32.8524316,39.8834432],[32.8524779,39.8834421],[32.8524909,39.8834416],[32.8525847,39.8834358],[32.8526319,39.8834347],[32.8526418,39.8834355],[32.8527415,39.8834373],[32.8528414,39.8834394],[32.8528668,39.8834407],[32.8528965,39.8834417],[32.8533094,39.883458],[32.8538683,39.883465],[32.85484,39.8835879],[32.8552379,39.8836716],[32.8557882,39.883844],[32.8561389,39.8839758]]}},{"type":"Feature","properties":{"oneway":"yes","highway":"primary","osm_id":25412610},"geometry":{"type":"LineString","coordinates":[[32.8554313,39.8852022],[32.8555577,39.8852616],[32.8557943,39.885387]]}},{"type":"Feature","properties":{"highway":"footway","osm_id":25832259},"geometry":{"type":"LineString","coordinates":[[32.855525,39.88727],[32.8556911,39.8873383],[32.8557318,39.8874617],[32.8557409,39.8874992]]}},{"type":"Feature","properties":{"highway":"footway","osm_id":25832265},"geometry":{"type":"LineString","coordinates":[[32.8565853,39.8883959],[32.8566527,39.8884017],[32.8567286,39.8883696],[32.8568098,39.8883599],[32.8570127,39.8884126],[32.8570926,39.8883729],[32.857157,39.8884738],[32.8571221,39.8881959],[32.8571972,39.8881321],[32.857274,39.8881421],[32.857391,39.8880938],[32.8575955,39.8882869],[32.8577511,39.8884145],[32.8578611,39.8884475],[32.8578906,39.8884289],[32.8579013,39.8884022],[32.8578933,39.8882581],[32.8578867,39.888209]]}},{"type":"Feature","properties":{"oneway":"yes","name":"Hoşdere Caddesi","lanes":"2","highway":"secondary","osm_id":26003690},"geometry":{"type":"LineString","coordinates":[[32.855013,39.8851954],[32.8548944,39.8851634],[32.8544626,39.8850576],[32.8543772,39.8850165]]}},{"type":"Feature","properties":{"highway":"primary_link","oneway":"yes","osm_id":26003698},"geometry":{"type":"LineString","coordinates":[[32.8079188,39.8445225],[32.8074236,39.844239],[32.8072524,39.8441522],[32.8071405,39.8441081],[32.8070519,39.8440896],[32.8069538,39.844082],[32.806855,39.8440888],[32.8066911,39.8441159],[32.8065371,39.8441584],[32.8063666,39.8441971],[32.8061656,39.844221],[32.8059558,39.8442184],[32.8057769,39.8441987],[32.8056027,39.8441602],[32.8054087,39.8440939],[32.8038516,39.843352],[32.803093,39.8430441]]}},{"type":"Feature","properties":{"oneway":"yes","highway":"trunk_link","osm_id":26008878},"geometry":{"type":"LineString","coordinates":[[32.8016312,39.8426719],[32.8018387,39.8426144],[32.8019371,39.8425939],[32.8020704,39.8425775],[32.8022227,39.8425724],[32.8023804,39.8425838],[32.802661,39.8426158],[32.8028853,39.8426478],[32.8030634,39.8426689],[32.8032016,39.8426658],[32.8032975,39.8426519],[32.8033773,39.8426339],[32.8034807,39.8426008],[32.8035949,39.8425491],[32.8036921,39.8424906],[32.8037544,39.8424362],[32.803806,39.8423749],[32.8038656,39.842293],[32.8039112,39.8422087],[32.8039383,39.8421228],[32.8039547,39.8420225],[32.8039506,39.8419403],[32.8039411,39.8418581],[32.8039222,39.8417978],[32.8038793,39.8417333],[32.8038171,39.8416651],[32.8037362,39.8415927],[32.8029679,39.8409693],[32.80217,39.8403541],[32.8016454,39.8398841]]}},{"type":"Feature","properties":{"highway":"tertiary","oneway":"yes","name":"Ferit Recai Ertuğrul Caddesi","osm_id":26118425},"geometry":{"type":"LineString","coordinates":[[32.8321732,39.8510173],[32.8320662,39.8509568],[32.8320467,39.850755],[32.8320397,39.8506642],[32.8319983,39.8501267],[32.8319067,39.8499633],[32.8315188,39.8496842],[32.83092,39.8492533],[32.8307417,39.8491783],[32.829972,39.8491906],[32.8291072,39.8491733],[32.8290713,39.8491706]]}},{"type":"Feature","properties":{"oneway":"yes","name":"Eymir Gölü","access":"permissive","bicycle":"yes","foot":"yes","highway":"unclassified","maxspeed":"30","motor_vehicle":"permissive","osm_id":26304001},"geometry":{"type":"LineString","coordinates":[[32.8461251,39.8283711],[32.846045,39.8284183],[32.845345,39.8291867],[32.8451183,39.8293944],[32.844675,39.8297283],[32.8442483,39.830125],[32.8439817,39.8305083],[32.8436483,39.8307567],[32.8430117,39.8311083],[32.8422349,39.8313143],[32.8417183,39.8313583],[32.84053,39.8312933],[32.8399767,39.8312083],[32.838945,39.8309033],[32.8378483,39.8306367],[32.8374083,39.8305683],[32.8363183,39.8305283],[32.8361133,39.8305417],[32.8359083,39.8305867],[32.835615,39.830705],[32.83508,39.83101],[32.8344467,39.83129],[32.8335733,39.83173],[32.8333483,39.8318867],[32.8329517,39.83225],[32.8326883,39.832345],[32.832385,39.832345],[32.8309333,39.8321633],[32.8306983,39.832185],[32.8304783,39.8322467],[32.83013,39.8324167],[32.82996,39.8324717],[32.829775,39.832485],[32.8295817,39.8324617],[32.829225,39.83228],[32.82789,39.8314067],[32.8277533,39.83129],[32.8276067,39.8311533],[32.82648,39.8304433],[32.826305,39.8303],[32.8262167,39.83018],[32.8262367,39.82979],[32.8263667,39.8292683],[32.8264533,39.8287183],[32.826675,39.8284],[32.82762,39.8277067],[32.8282183,39.827355],[32.828645,39.8271467],[32.8289217,39.8270933],[32.8302533,39.82656],[32.8304817,39.8264267],[32.830585,39.8263],[32.830705,39.8260583],[32.8307767,39.8258117],[32.8307767,39.8256417],[32.830725,39.8254667],[32.8306333,39.82532],[32.8304283,39.8251767],[32.83025,39.8251317],[32.8299183,39.8251183],[32.8292867,39.8252],[32.8272867,39.8258467],[32.82664,39.8259767],[32.82591,39.826075],[32.8256767,39.8260717],[32.8249917,39.825955],[32.8245267,39.8259317],[32.8240033,39.8258083],[32.8233,39.8257817],[32.8226317,39.825685],[32.8223817,39.8256133],[32.8222437,39.8255552],[32.8217917,39.825365],[32.8207083,39.824985],[32.8200533,39.8248183],[32.819155,39.8247083],[32.8186283,39.824575],[32.8177067,39.824155],[32.8175217,39.824005],[32.817245,39.8236333],[32.8170617,39.8234617],[32.8167167,39.82322],[32.81646,39.8230833],[32.8159383,39.82292],[32.8157433,39.8228133],[32.8156917,39.8227417],[32.8155217,39.821765],[32.81545,39.8215367],[32.8152267,39.82111],[32.8152167,39.82087],[32.815295,39.8207167],[32.8154633,39.820525],[32.8157433,39.82032],[32.8158733,39.8201933],[32.8159583,39.8200367],[32.8159883,39.8197667],[32.8158995,39.8191273],[32.8158617,39.818855],[32.8158517,39.818005],[32.81592,39.81763],[32.8160667,39.8171683],[32.816115,39.8168333],[32.8161183,39.816195],[32.8162217,39.815925],[32.8161833,39.8157167],[32.81588,39.8152417],[32.815675,39.814775],[32.81563,39.8145833],[32.8156433,39.81443],[32.815685,39.814365],[32.8158317,39.814275],[32.8164667,39.8141667],[32.8185267,39.8137117],[32.81939,39.8135817],[32.8213233,39.8135383],[32.8213531,39.813542],[32.8213516,39.8140015],[32.8213834,39.8145908],[32.8213595,39.8148934],[32.8211525,39.8153393],[32.8210649,39.8157216],[32.8211127,39.8161596],[32.8210967,39.8164383],[32.8209852,39.817163],[32.8210012,39.8174417],[32.8211047,39.817824],[32.8211206,39.8180629],[32.8210569,39.8182859],[32.8208499,39.8186124],[32.8207384,39.8188194],[32.820826,39.8192017],[32.8208339,39.8194725],[32.8207543,39.8196795],[32.8205871,39.8199901],[32.8204756,39.8202609],[32.8204585,39.8204835],[32.8204437,39.820675],[32.8204596,39.821105],[32.8207145,39.8215271],[32.8209534,39.821973],[32.8213516,39.822427],[32.8216542,39.8225783],[32.8220444,39.8227136],[32.8223311,39.8227535],[32.8227452,39.8227614],[32.8231673,39.8227391],[32.8236929,39.8226818],[32.8245147,39.8227487],[32.8250307,39.8227582],[32.8254894,39.8229111],[32.8261202,39.822978],[32.8265884,39.8229685],[32.8268464,39.8229016],[32.8273434,39.8227487],[32.8277065,39.8226149],[32.8279645,39.8224047],[32.8282034,39.8221849],[32.8285188,39.8220033],[32.8289297,39.8219173],[32.8294267,39.8218599],[32.8301338,39.8218122],[32.830669,39.8219364],[32.8310645,39.8220981],[32.8317657,39.8223884],[32.8324841,39.8226068],[32.8329923,39.8228672],[32.8334334,39.8230983],[32.8337905,39.8234553],[32.8340635,39.823804],[32.8342736,39.8240308],[32.8343996,39.8243249],[32.8345004,39.8245433],[32.8346516,39.8247576],[32.8346984,39.824834],[32.8348239,39.825039],[32.8348491,39.8252911],[32.8348834,39.8254301],[32.8349499,39.8256985],[32.8350633,39.8259212],[32.8351893,39.826148],[32.8352775,39.8265009],[32.8353363,39.8268159],[32.8354792,39.8270469],[32.8356598,39.8272948],[32.835832,39.8274586],[32.8360463,39.8275552],[32.8363277,39.8275888],[32.8367016,39.8276603],[32.8370292,39.8277527],[32.8372267,39.8278115],[32.8374619,39.8278661],[32.8376929,39.8279333],[32.8378862,39.8280425],[32.838113,39.8281979],[32.8381925,39.8282566],[32.8383062,39.8283408],[32.8385037,39.8284752],[32.8387095,39.828555],[32.8390036,39.8286558],[32.8394824,39.828807],[32.8397639,39.8288953],[32.8399697,39.8289289],[32.840436,39.8289835],[32.8407259,39.8289877],[32.8411039,39.8289247],[32.84144,39.8287524],[32.8418096,39.8284248],[32.8420953,39.8280887],[32.8424523,39.8277107],[32.8431329,39.827152],[32.8436622,39.8267235],[32.8440528,39.8264042],[32.8444645,39.8261354],[32.8449434,39.8258119],[32.8453718,39.8255893],[32.8456449,39.8255095],[32.8458423,39.8254633],[32.8459725,39.8254507],[32.84617,39.8254885],[32.8463422,39.8255725],[32.8465858,39.8257321],[32.8472748,39.8262572],[32.847531,39.8264],[32.8477704,39.8264967],[32.8480729,39.8265555],[32.848388,39.8265807],[32.8488416,39.8265471],[32.8491399,39.8265051]]}},{"type":"Feature","properties":{"name":"Alper Sokak","highway":"residential","osm_id":26304012},"geometry":{"type":"LineString","coordinates":[[32.8492621,39.8829995],[32.8493577,39.8832631],[32.8496817,39.884298],[32.8497479,39.8845189]]}},{"type":"Feature","properties":{"highway":"tertiary","oneway":"yes","name":"Rafet Canıtez Caddesi","osm_id":26306856},"geometry":{"type":"LineString","coordinates":[[32.8266742,39.8476341],[32.8265426,39.8475174],[32.8263429,39.8473422]]}},{"type":"Feature","properties":{"name":"Zülfü Tigrel Cd.","oneway":"yes","highway":"secondary","osm_id":26306858},"geometry":{"type":"LineString","coordinates":[[32.8261528,39.8479044],[32.826294,39.8478295],[32.8264828,39.8477305],[32.8266742,39.8476341]]}},{"type":"Feature","properties":{"highway":"tertiary","name":"Rafet Canıtez Caddesi","osm_id":26306859},"geometry":{"type":"LineString","coordinates":[[32.8207321,39.8506933],[32.8197895,39.8506315],[32.8193094,39.8505786],[32.819116,39.8505573],[32.8190694,39.8505559],[32.8189476,39.8504937],[32.8188864,39.850385],[32.8188473,39.8503294],[32.818735,39.8501617],[32.8186805,39.8500697],[32.8183867,39.8495733],[32.8183733,39.84943],[32.8184717,39.849215]]}},{"type":"Feature","properties":{"highway":"residential","name":"Besim Atalay Caddesi","osm_id":26306862},"geometry":{"type":"LineString","coordinates":[[32.8355905,39.8517183],[32.8354277,39.8515961],[32.8346621,39.8510679],[32.8344317,39.8509916],[32.8342451,39.8510046],[32.833921,39.8510092],[32.8321732,39.8510173]]}},{"type":"Feature","properties":{"highway":"footway","osm_id":26307626},"geometry":{"type":"LineString","coordinates":[[32.856742,39.8869604],[32.8567951,39.8869176],[32.8568689,39.8869009],[32.8569437,39.8869148],[32.8569995,39.8869554],[32.8570213,39.8870121],[32.8570032,39.8870695],[32.8569502,39.8871123],[32.8568764,39.887129],[32.8568016,39.8871152],[32.8567458,39.8870745],[32.856724,39.8870178],[32.856742,39.8869604]]}},{"type":"Feature","properties":{"name":"54. Sk.","highway":"residential","osm_id":26311210},"geometry":{"type":"LineString","coordinates":[[32.8598571,39.8697294],[32.8592184,39.8699314],[32.8586863,39.8700938],[32.8586357,39.8701075],[32.8575308,39.8701609]]}},{"type":"Feature","properties":{"highway":"residential","name":"Holzmeister Caddesi","osm_id":26311212},"geometry":{"type":"LineString","coordinates":[[32.8575308,39.8701609],[32.8574583,39.8697567],[32.8573217,39.8692583],[32.8573096,39.8692434]]}},{"type":"Feature","properties":{"name":"80. Sk.;83. Sk.","highway":"residential","osm_id":26311216},"geometry":{"type":"LineString","coordinates":[[32.857741,39.8752019],[32.8576773,39.8740218],[32.8576856,39.8735764],[32.857669,39.8730693],[32.857636,39.8725542]]}},{"type":"Feature","properties":{"name":"Tayland Cad.","highway":"residential","osm_id":26311218},"geometry":{"type":"LineString","coordinates":[[32.8549696,39.8684158],[32.854654,39.8691763],[32.854339,39.8698312],[32.8541046,39.870315],[32.8540504,39.8704864],[32.8538504,39.8708748],[32.8536233,39.8714131],[32.8535663,39.8721325],[32.8536567,39.8726231]]}},{"type":"Feature","properties":{"name":"679. Sk.","highway":"residential","osm_id":26311219},"geometry":{"type":"LineString","coordinates":[[32.8540612,39.8677863],[32.8534792,39.8676226],[32.8532061,39.8674411],[32.8523444,39.8668611]]}},{"type":"Feature","properties":{"oneway":"yes","highway":"primary_link","osm_id":26311222},"geometry":{"type":"LineString","coordinates":[[32.854986,39.860144],[32.854516,39.859798],[32.8541111,39.8594742],[32.8540358,39.8594139],[32.8539914,39.8593839],[32.8537621,39.8592285],[32.8535883,39.8591411],[32.8535025,39.859127],[32.8534034,39.8591545],[32.8532593,39.859227],[32.8532373,39.8592834],[32.8532248,39.8593155],[32.8532145,39.859455]]}},{"type":"Feature","properties":{"name":"1059. Cadde","highway":"residential","osm_id":26349912},"geometry":{"type":"LineString","coordinates":[[32.8276869,39.8774549],[32.8281793,39.8779735],[32.8284749,39.8782826],[32.8285459,39.878464],[32.8286199,39.8786546],[32.8287906,39.8792005],[32.8291134,39.880072],[32.82916,39.8801978],[32.8292548,39.8805684],[32.8292667,39.8809034],[32.8292022,39.8812134],[32.8290648,39.8815516],[32.8289315,39.8818729],[32.8288928,39.8820806],[32.8289001,39.8823695],[32.8290357,39.8830229],[32.8291743,39.8834979],[32.8292452,39.8837272],[32.8295071,39.884252]]}},{"type":"Feature","properties":{"highway":"tertiary","name":"448. Cadde","osm_id":26351292},"geometry":{"type":"LineString","coordinates":[[32.8837107,39.8842785],[32.8831077,39.8836875],[32.88276,39.8833467],[32.8825766,39.8831256],[32.8820067,39.8824383],[32.8816397,39.8819109],[32.8815717,39.8818133],[32.8815493,39.8817766],[32.8814156,39.8815579],[32.8812547,39.8812946],[32.88121,39.8812214],[32.8806633,39.8803267],[32.8805131,39.8800564],[32.8804964,39.8800263],[32.8802784,39.8796343],[32.8801197,39.8793489]]}},{"type":"Feature","properties":{"name":"486. Sk.","highway":"residential","osm_id":26351293},"geometry":{"type":"LineString","coordinates":[[32.880985,39.8793559],[32.8807831,39.8790406],[32.8800589,39.8780773],[32.8797985,39.8777676]]}},{"type":"Feature","properties":{"name":"437. Sk.","highway":"residential","oneway":"no","osm_id":26351294},"geometry":{"type":"LineString","coordinates":[[32.8743352,39.8770506],[32.8744346,39.877651],[32.8744839,39.8778841],[32.87452,39.8781401],[32.8745597,39.8785482],[32.8746328,39.8793005]]}},{"type":"Feature","properties":{"highway":"service","osm_id":26358075},"geometry":{"type":"LineString","coordinates":[[32.8407005,39.849607],[32.8409907,39.8485128]]}},{"type":"Feature","properties":{"highway":"service","osm_id":26358076},"geometry":{"type":"LineString","coordinates":[[32.8408643,39.8484701],[32.8409907,39.8485128],[32.841289,39.8486791],[32.841996,39.8490357],[32.84134,39.8500331]]}},{"type":"Feature","properties":{"name":"628. Sk.","highway":"residential","osm_id":26358081},"geometry":{"type":"LineString","coordinates":[[32.8389159,39.8494072],[32.8390205,39.8492055],[32.8397236,39.8484561]]}},{"type":"Feature","properties":{"name":"435. Cd.","highway":"residential","osm_id":26477150},"geometry":{"type":"LineString","coordinates":[[32.876944,39.8855233],[32.8773387,39.8857201],[32.8784476,39.8862039]]}},{"type":"Feature","properties":{"highway":"primary","lanes":"1","oneway":"yes","osm_id":26733856},"geometry":{"type":"LineString","coordinates":[[32.8115544,39.849427],[32.81135,39.8494026],[32.8112364,39.8494235],[32.8111319,39.8494793],[32.810966,39.8496315]]}},{"type":"Feature","properties":{"name":"Zülfü Tigrel Cd.","oneway":"yes","highway":"secondary","osm_id":26752544},"geometry":{"type":"LineString","coordinates":[[32.8267912,39.8477793],[32.8266215,39.8478228],[32.8263772,39.8478734],[32.8263048,39.8478839],[32.8261528,39.8479044]]}},{"type":"Feature","properties":{"highway":"secondary","junction":"roundabout","osm_id":26752547},"geometry":{"type":"LineString","coordinates":[[32.828581,39.8468971],[32.828595,39.8468528],[32.8286333,39.846818],[32.8286879,39.8468001],[32.8287471,39.8468028],[32.8287948,39.8468229],[32.8288273,39.8468563],[32.8288391,39.8468971],[32.8288193,39.8469503],[32.8287655,39.8469871],[32.8286944,39.846996],[32.8286365,39.846979],[32.8285956,39.8469433],[32.828581,39.8468971]]}},{"type":"Feature","properties":{"highway":"trunk_link","name":"Mevlana Bulvarı","lanes":"2","oneway":"yes","osm_id":26762429},"geometry":{"type":"LineString","coordinates":[[32.8122819,39.8870686],[32.8122487,39.8868117]]}},{"type":"Feature","properties":{"oneway":"yes","name":"Çankaya Caddesi","lanes":"4","highway":"primary","osm_id":27792180},"geometry":{"type":"LineString","coordinates":[[32.8557943,39.885387],[32.8561011,39.8856023],[32.8562569,39.8857109],[32.8563265,39.885764],[32.856387,39.8858242],[32.8565147,39.8859014],[32.8567227,39.8860387],[32.8570091,39.8862332],[32.8570407,39.8862565],[32.8571967,39.8863765],[32.8573444,39.8864827],[32.8574503,39.8865818],[32.8576664,39.8868422],[32.8578932,39.8871683],[32.8584765,39.8878974],[32.8588063,39.8882908],[32.8588473,39.8883394],[32.8595278,39.8891468],[32.8601059,39.8896277],[32.8602266,39.8897138],[32.8605083,39.889905],[32.8607569,39.8900643],[32.8613039,39.8904148],[32.861372,39.8904585],[32.8617262,39.8906854],[32.8622337,39.890985],[32.8624548,39.8911162],[32.8625081,39.8911688],[32.8625785,39.8912346],[32.8627245,39.8913296],[32.8627952,39.8913839],[32.8628228,39.8914427],[32.8628287,39.8914909],[32.862782,39.8916539],[32.8627353,39.8918037]]}},{"type":"Feature","properties":{"oneway":"yes","name":"Ahmet Mithat Efendi Sokak","highway":"residential","osm_id":27874572},"geometry":{"type":"LineString","coordinates":[[32.8558042,39.8845277],[32.8546468,39.8841987],[32.8532469,39.8840793],[32.8521194,39.8840762],[32.8506804,39.8843352],[32.8497479,39.8845189],[32.8492889,39.8846241],[32.848804,39.8847353]]}},{"type":"Feature","properties":{"highway":"residential","name":"736.Cadde","osm_id":27874574},"geometry":{"type":"LineString","coordinates":[[32.8559529,39.8825341],[32.8559337,39.8824654],[32.8559243,39.8824288],[32.8557615,39.881788],[32.8556803,39.8816459],[32.8556142,39.8815058],[32.8555217,39.8813333],[32.8553567,39.881155],[32.8551667,39.8809967],[32.8549968,39.8808533],[32.8548562,39.8807598],[32.8547032,39.8806566],[32.8545965,39.8805718],[32.8544212,39.8804833],[32.8541983,39.8803093],[32.8530683,39.8796895]]}},{"type":"Feature","properties":{"name":"733. Sk (12. Sk.)","highway":"residential","osm_id":27874575},"geometry":{"type":"LineString","coordinates":[[32.8557615,39.881788],[32.8558441,39.8815742],[32.8559117,39.8814233],[32.8559266,39.8813305],[32.8559117,39.881225],[32.8556317,39.8805833],[32.8554969,39.880301],[32.855097,39.8794631],[32.8550412,39.8793461],[32.85503,39.8788183]]}},{"type":"Feature","properties":{"name":"Şht. Aytekin Yavuz Sk.","highway":"residential","osm_id":27874580},"geometry":{"type":"LineString","coordinates":[[32.8516458,39.8650949],[32.8518006,39.8649534],[32.8524817,39.8643917],[32.8525806,39.8642937],[32.8531479,39.8639239],[32.853504,39.8637364]]}},{"type":"Feature","properties":{"name":"664. Sk.","highway":"residential","osm_id":27874582},"geometry":{"type":"LineString","coordinates":[[32.8507293,39.864589],[32.8494623,39.8655983],[32.8483993,39.8663161],[32.8476624,39.8668705]]}},{"type":"Feature","properties":{"highway":"residential","name":"671. Sk.","osm_id":27874583},"geometry":{"type":"LineString","coordinates":[[32.8476624,39.8668705],[32.8479267,39.8670283],[32.8480333,39.8670633],[32.8482717,39.86707],[32.8484967,39.8670117],[32.8487762,39.8669282],[32.8492253,39.8667674],[32.8495881,39.866537],[32.8501151,39.8661477]]}},{"type":"Feature","properties":{"name":"663. Sk.","highway":"residential","osm_id":27874584},"geometry":{"type":"LineString","coordinates":[[32.8511703,39.8618643],[32.851377,39.8627581],[32.8514844,39.8632223],[32.8515167,39.86332],[32.85167,39.8636033],[32.8518175,39.8637352],[32.8519542,39.8638576],[32.8520617,39.863925],[32.8525806,39.8642937]]}},{"type":"Feature","properties":{"highway":"residential","osm_id":27874585},"geometry":{"type":"LineString","coordinates":[[32.8534654,39.8631142],[32.852045,39.8637783],[32.8519542,39.8638576],[32.8515089,39.8640582],[32.8510907,39.8642986],[32.8507293,39.864589]]}},{"type":"Feature","properties":{"name":"İlker Caddesi","highway":"secondary","osm_id":27875882},"geometry":{"type":"LineString","coordinates":[[32.8382283,39.8528383],[32.8381689,39.8529593],[32.8381167,39.853145],[32.83793,39.8536583],[32.8379,39.85387],[32.8379303,39.8540318],[32.837955,39.8541633],[32.83802,39.8542867]]}},{"type":"Feature","properties":{"name":"İlker Caddesi","oneway":"no","highway":"secondary","osm_id":27875883},"geometry":{"type":"LineString","coordinates":[[32.8401924,39.8515692],[32.8396462,39.851998],[32.8384192,39.8525506]]}},{"type":"Feature","properties":{"oneway":"no","highway":"secondary","osm_id":27875884},"geometry":{"type":"LineString","coordinates":[[32.8384192,39.8525506],[32.8383,39.85273],[32.8382283,39.8528383]]}},{"type":"Feature","properties":{"name":"Mahmut Yegari","highway":"residential","osm_id":27875886},"geometry":{"type":"LineString","coordinates":[[32.8577493,39.8857111],[32.8583301,39.8852646],[32.858565,39.8850817],[32.8588888,39.8848259],[32.8594451,39.8844312]]}},{"type":"Feature","properties":{"name":"Cemal Nadir Sk.","oneway":"yes","highway":"residential","osm_id":27875887},"geometry":{"type":"LineString","coordinates":[[32.8588888,39.8848259],[32.8580183,39.8841483],[32.85728,39.8837217],[32.8568717,39.8835233],[32.8567278,39.8834697]]}},{"type":"Feature","properties":{"name":"Konya Yolu","ref":"D750","oneway":"yes","highway":"trunk","osm_id":28061463},"geometry":{"type":"LineString","coordinates":[[32.8057522,39.8427304],[32.8024586,39.8402506],[32.8008674,39.8390335],[32.7997747,39.8382269]]}},{"type":"Feature","properties":{"oneway":"yes","highway":"primary","name":"Turan Güneş Bulvarı","osm_id":28111302},"geometry":{"type":"LineString","coordinates":[[32.8585975,39.8669433],[32.8585475,39.8668226],[32.8584455,39.8665338],[32.8583761,39.8663615],[32.8582567,39.866065],[32.8582294,39.8660131],[32.858025,39.865625],[32.8576757,39.865213],[32.8572711,39.864848],[32.8570254,39.8646682],[32.8564665,39.864259],[32.8560294,39.8639391],[32.855601,39.8636255],[32.8550267,39.8631967],[32.8547963,39.8630428],[32.8546086,39.8628613],[32.8543699,39.8626036],[32.8542679,39.8624813],[32.8539516,39.8620187],[32.8537734,39.8616965],[32.853657,39.8614373],[32.8535545,39.8612195],[32.8534894,39.8610379],[32.8534367,39.8608312],[32.853395,39.860667],[32.8532676,39.860168],[32.8530356,39.8595245],[32.8527371,39.8589228],[32.852288,39.8582056],[32.8519362,39.8576535],[32.851862,39.857544]]}},{"type":"Feature","properties":{"highway":"residential","osm_id":28111304},"geometry":{"type":"LineString","coordinates":[[32.8536533,39.8622872],[32.8536067,39.862295],[32.8533867,39.8623233],[32.8521983,39.8625883],[32.8517224,39.862715],[32.8516283,39.86274],[32.851377,39.8627581]]}},{"type":"Feature","properties":{"highway":"service","oneway":"yes","osm_id":28111305},"geometry":{"type":"LineString","coordinates":[[32.8610883,39.8713417],[32.8614076,39.8714413],[32.8615572,39.8717816],[32.8614641,39.8720056]]}},{"type":"Feature","properties":{"name":"407. Sk.","highway":"residential","osm_id":28111730},"geometry":{"type":"LineString","coordinates":[[32.8741819,39.8874578],[32.874308,39.8872997],[32.8743468,39.8872438]]}},{"type":"Feature","properties":{"name":"720. Sk.","highway":"residential","osm_id":28111733},"geometry":{"type":"LineString","coordinates":[[32.8607416,39.8764077],[32.8591904,39.8764661],[32.8578103,39.8764557]]}},{"type":"Feature","properties":{"highway":"residential","osm_id":28111735},"geometry":{"type":"LineString","coordinates":[[32.8610226,39.8771821],[32.8606468,39.8772136],[32.8601238,39.8772636],[32.859133,39.8772984],[32.8584893,39.8773224],[32.8578279,39.8773239]]}},{"type":"Feature","properties":{"name":"Hava Sk.","oneway":"yes","highway":"residential","osm_id":28115344},"geometry":{"type":"LineString","coordinates":[[32.8505312,39.8852294],[32.8505426,39.8852566],[32.8505546,39.8852808],[32.8505658,39.8853045],[32.8505782,39.8853349],[32.850594,39.8853602],[32.8505999,39.8853804],[32.8506325,39.8854551],[32.8506451,39.8854788],[32.850669,39.8855358],[32.8508352,39.8858692],[32.8514802,39.8864238]]}},{"type":"Feature","properties":{"oneway":"yes","highway":"trunk_link","osm_id":28229273},"geometry":{"type":"LineString","coordinates":[[32.8093329,39.8419109],[32.8088345,39.8419412],[32.8085341,39.841965],[32.8082115,39.842026],[32.8080216,39.8421007],[32.807865,39.8422333],[32.807774,39.8423786],[32.8075808,39.8430523],[32.8075459,39.8432639],[32.8075618,39.8434025],[32.8076378,39.843563],[32.8079102,39.8438378],[32.8084188,39.8444166]]}},{"type":"Feature","properties":{"name":"İncek Blv.","oneway":"yes","lanes":"3","highway":"primary","osm_id":28229276},"geometry":{"type":"LineString","coordinates":[[32.803093,39.8430441],[32.8028138,39.8429658],[32.8025847,39.8429013],[32.802379,39.8428517],[32.8021259,39.8428138],[32.8019135,39.8427944],[32.8017509,39.842798],[32.8015792,39.842802],[32.8013984,39.8428172],[32.8012248,39.8428375],[32.8010065,39.8428758],[32.8006051,39.8429729],[32.7996163,39.843231],[32.7985845,39.8434892],[32.7977121,39.8437071],[32.7960915,39.8440756],[32.7953643,39.8442193],[32.7947551,39.8443424],[32.7946172,39.8443743],[32.7944901,39.8444061],[32.7943142,39.844461],[32.7941517,39.8445108],[32.7938084,39.844631],[32.7934117,39.8447767],[32.7930101,39.8449106],[32.7928644,39.8449387],[32.7927508,39.8449545],[32.7925868,39.8449686],[32.7924259,39.8449698],[32.7922463,39.84497],[32.7920568,39.8449537],[32.7918818,39.8449291],[32.7917125,39.8448965],[32.7915486,39.8448556],[32.7913876,39.8448014],[32.7913019,39.8447721],[32.7912062,39.8447344],[32.7910929,39.8446909],[32.7910517,39.8446733],[32.7909159,39.8446079],[32.7908454,39.8445739],[32.790801,39.8445529],[32.7895604,39.843969],[32.7894199,39.8439199],[32.7892595,39.8438707],[32.7890958,39.8438256],[32.7889629,39.8437947],[32.7887616,39.8437548],[32.7884558,39.843715],[32.7882562,39.8436991],[32.7880504,39.8436923],[32.7879241,39.843694],[32.7877978,39.8437004],[32.7876156,39.8437186],[32.7873181,39.8437622],[32.7863713,39.8439068],[32.7853228,39.8440561],[32.7835832,39.8443176],[32.7834183,39.8443379],[32.7832334,39.8443531],[32.7830216,39.8443592],[32.7828132,39.8443584],[32.7826078,39.8443502],[32.7824258,39.844333],[32.7822499,39.8443065],[32.7821695,39.8442964]]}},{"type":"Feature","properties":{"name":"Turan Güneş Blv.","highway":"primary","oneway":"yes","osm_id":28229279},"geometry":{"type":"LineString","coordinates":[[32.8074509,39.841914],[32.8079577,39.84179],[32.8084519,39.8417438],[32.8088542,39.8417413],[32.8091963,39.8417778],[32.8115888,39.8421203],[32.8136931,39.8424271],[32.815106,39.8426172],[32.8162804,39.8427817],[32.8169646,39.8428775],[32.8187713,39.8431378],[32.8204798,39.8433757],[32.821683,39.8435634],[32.8226865,39.8437558],[32.8236851,39.8440315],[32.8248829,39.8443758],[32.8256692,39.8445463],[32.8268746,39.8446787],[32.828106,39.8447907],[32.8290782,39.8448656],[32.8296308,39.8448961]]}},{"type":"Feature","properties":{"oneway":"yes","highway":"trunk_link","name":"Mevlana Bulvarı","lanes":"2","osm_id":28231827},"geometry":{"type":"LineString","coordinates":[[32.8126533,39.889959],[32.8125083,39.8891641],[32.8124817,39.8890075],[32.8124665,39.8888583],[32.8123087,39.8873064],[32.8122819,39.8870686]]}},{"type":"Feature","properties":{"name":"Lizbon Cad.","source":"Bing","highway":"secondary","oneway":"no","osm_id":28243460},"geometry":{"type":"LineString","coordinates":[[32.8269376,39.8697828],[32.8268139,39.8699353],[32.8264969,39.8703177],[32.8260319,39.8707966],[32.8258463,39.8709611],[32.8256232,39.8711408],[32.8251544,39.8714488],[32.8250122,39.871565],[32.824793,39.8718366],[32.8246668,39.872045],[32.8245745,39.8722397],[32.8245238,39.8723406],[32.8243238,39.8727214],[32.8242084,39.8728943],[32.8240073,39.8731331],[32.8237448,39.8734174],[32.8236613,39.8735077],[32.8235272,39.8736951],[32.8234252,39.8738906],[32.8233475,39.8741109],[32.8233287,39.8743394],[32.8233126,39.8749837],[32.8232634,39.8756128],[32.8232034,39.8758588],[32.8231155,39.8762737],[32.8230669,39.8765344],[32.8230412,39.8768132],[32.8230455,39.876964],[32.8230925,39.8776561],[32.8231395,39.8780103],[32.8232122,39.8783317],[32.8232421,39.8785252],[32.8232848,39.8787613],[32.8232976,39.8789548],[32.8232421,39.8795648],[32.8232541,39.8799765],[32.8232837,39.8801879],[32.8233642,39.8804748],[32.8234546,39.8807198],[32.8235673,39.8810118],[32.823637,39.8812209],[32.8236877,39.8814105],[32.8237098,39.8816682],[32.8237094,39.8818957],[32.8237091,39.8821428],[32.823713,39.8825286],[32.8237225,39.8831509],[32.8237741,39.8847486],[32.823823,39.8852067],[32.8239694,39.8862487]]}},{"type":"Feature","properties":{"highway":"tertiary","name":"1066. Cad.","oneway":"no","osm_id":28243461},"geometry":{"type":"LineString","coordinates":[[32.8153619,39.8840757],[32.8161263,39.8838143],[32.8162658,39.8837793],[32.8167045,39.883739],[32.8177142,39.8837402],[32.8178268,39.8837402],[32.8183617,39.8837648],[32.8189504,39.8838149],[32.8200861,39.8837732],[32.8201785,39.883764],[32.8208264,39.8836601],[32.821403,39.883558]]}},{"type":"Feature","properties":{"highway":"residential","name":"1222. Cadde","oneway":"no","osm_id":28243462},"geometry":{"type":"LineString","coordinates":[[32.8119082,39.8801594],[32.8127051,39.8800985],[32.8138513,39.8802173],[32.8148808,39.8803169],[32.815679,39.8803972],[32.8165628,39.8804944],[32.81744,39.8805867],[32.81766,39.880568],[32.8177895,39.880557]]}},{"type":"Feature","properties":{"highway":"service","service":"parking_aisle","surface":"paved","osm_id":28264326},"geometry":{"type":"LineString","coordinates":[[32.850594,39.8853602],[32.8506355,39.8853572]]}},{"type":"Feature","properties":{"highway":"service","service":"parking_aisle","surface":"paved","osm_id":28264327},"geometry":{"type":"LineString","coordinates":[[32.8505782,39.8853349],[32.8506251,39.8853292]]}},{"type":"Feature","properties":{"highway":"service","service":"parking_aisle","surface":"paved","osm_id":28264328},"geometry":{"type":"LineString","coordinates":[[32.8505658,39.8853045],[32.8506114,39.8852986]]}},{"type":"Feature","properties":{"highway":"service","service":"parking_aisle","surface":"paved","osm_id":28264329},"geometry":{"type":"LineString","coordinates":[[32.8505546,39.8852808],[32.8506033,39.8852745]]}},{"type":"Feature","properties":{"highway":"service","service":"parking_aisle","surface":"paved","osm_id":28264330},"geometry":{"type":"LineString","coordinates":[[32.8506451,39.8854788],[32.8507121,39.8854678],[32.850758,39.8854576],[32.8508073,39.8854496],[32.8508448,39.8854416],[32.8508908,39.8854314],[32.8509305,39.8854255],[32.8509724,39.8854168],[32.8510162,39.8854091],[32.8510657,39.885398],[32.8511073,39.8854343]]}},{"type":"Feature","properties":{"highway":"service","service":"parking_aisle","surface":"paved","osm_id":28264331},"geometry":{"type":"LineString","coordinates":[[32.8510162,39.8854091],[32.8510603,39.885442]]}},{"type":"Feature","properties":{"highway":"service","service":"parking_aisle","surface":"paved","osm_id":28264332},"geometry":{"type":"LineString","coordinates":[[32.8509724,39.8854168],[32.8510165,39.88545]]}},{"type":"Feature","properties":{"highway":"service","service":"parking_aisle","surface":"paved","osm_id":28264333},"geometry":{"type":"LineString","coordinates":[[32.8509305,39.8854255],[32.850979,39.8854595]]}},{"type":"Feature","properties":{"highway":"service","service":"parking_aisle","surface":"paved","osm_id":28264334},"geometry":{"type":"LineString","coordinates":[[32.8508908,39.8854314],[32.8509356,39.8854657]]}},{"type":"Feature","properties":{"highway":"service","service":"parking_aisle","surface":"paved","osm_id":28264335},"geometry":{"type":"LineString","coordinates":[[32.8508448,39.8854416],[32.850897,39.8854748]]}},{"type":"Feature","properties":{"highway":"service","service":"parking_aisle","surface":"paved","osm_id":28264336},"geometry":{"type":"LineString","coordinates":[[32.8508073,39.8854496],[32.8508594,39.8854832]]}},{"type":"Feature","properties":{"highway":"service","service":"parking_aisle","surface":"paved","osm_id":28264337},"geometry":{"type":"LineString","coordinates":[[32.850758,39.8854576],[32.8508102,39.8854901]]}},{"type":"Feature","properties":{"highway":"service","service":"parking_aisle","surface":"paved","osm_id":28264338},"geometry":{"type":"LineString","coordinates":[[32.8507121,39.8854678],[32.8507606,39.8855028]]}},{"type":"Feature","properties":{"highway":"footway","osm_id":28264340},"geometry":{"type":"LineString","coordinates":[[32.8507866,39.8851719],[32.8508229,39.8852554]]}},{"type":"Feature","properties":{"highway":"steps","osm_id":28264341},"geometry":{"type":"LineString","coordinates":[[32.8508229,39.8852554],[32.8508592,39.8853361]]}},{"type":"Feature","properties":{"highway":"footway","osm_id":28264342},"geometry":{"type":"LineString","coordinates":[[32.8508592,39.8853361],[32.85089,39.8854096]]}},{"type":"Feature","properties":{"highway":"footway","osm_id":28264343},"geometry":{"type":"LineString","coordinates":[[32.8510296,39.8851228],[32.8511114,39.8853488],[32.8510988,39.8853661]]}},{"type":"Feature","properties":{"highway":"footway","osm_id":28264354},"geometry":{"type":"LineString","coordinates":[[32.8524909,39.8834416],[32.8524824,39.8833754]]}},{"type":"Feature","properties":{"highway":"service","service":"parking_aisle","surface":"paved","osm_id":28264357},"geometry":{"type":"LineString","coordinates":[[32.8525296,39.8831054],[32.852536,39.8831508]]}},{"type":"Feature","properties":{"highway":"service","service":"parking_aisle","surface":"paved","osm_id":28264358},"geometry":{"type":"LineString","coordinates":[[32.8524835,39.8831066],[32.8524911,39.8831512]]}},{"type":"Feature","properties":{"highway":"service","service":"parking_aisle","surface":"paved","osm_id":28264359},"geometry":{"type":"LineString","coordinates":[[32.8524342,39.8831074],[32.8524429,39.8831524]]}},{"type":"Feature","properties":{"highway":"service","service":"parking_aisle","surface":"paved","osm_id":28264360},"geometry":{"type":"LineString","coordinates":[[32.8526299,39.8834113],[32.852589,39.8833927]]}},{"type":"Feature","properties":{"highway":"service","service":"parking_aisle","surface":"paved","osm_id":28264362},"geometry":{"type":"LineString","coordinates":[[32.8526215,39.8833402],[32.8525845,39.8833215]]}},{"type":"Feature","properties":{"highway":"service","service":"parking_aisle","surface":"paved","osm_id":28264363},"geometry":{"type":"LineString","coordinates":[[32.852617,39.8832759],[32.8525775,39.8832526]]}},{"type":"Feature","properties":{"highway":"service","service":"parking_aisle","surface":"paved","osm_id":28264364},"geometry":{"type":"LineString","coordinates":[[32.8526099,39.8832034],[32.8525699,39.8831796]]}},{"type":"Feature","properties":{"highway":"service","service":"parking_aisle","surface":"paved","osm_id":28264365},"geometry":{"type":"LineString","coordinates":[[32.8526038,39.883133],[32.8528014,39.8831249]]}},{"type":"Feature","properties":{"highway":"service","service":"parking_aisle","surface":"cobblestone","osm_id":28264367},"geometry":{"type":"LineString","coordinates":[[32.8524316,39.8834432],[32.8524231,39.8833958]]}},{"type":"Feature","properties":{"highway":"footway","osm_id":28264369},"geometry":{"type":"LineString","coordinates":[[32.852388,39.8834454],[32.8523758,39.88338]]}},{"type":"Feature","properties":{"highway":"steps","osm_id":28264370},"geometry":{"type":"LineString","coordinates":[[32.8523758,39.88338],[32.8523758,39.8833796],[32.8523715,39.8833538]]}},{"type":"Feature","properties":{"highway":"footway","osm_id":28264371},"geometry":{"type":"LineString","coordinates":[[32.8523715,39.8833538],[32.8523658,39.8831535]]}},{"type":"Feature","properties":{"highway":"service","service":"parking_aisle","surface":"paved","osm_id":28264374},"geometry":{"type":"LineString","coordinates":[[32.8528668,39.8834407],[32.8528662,39.8832723]]}},{"type":"Feature","properties":{"highway":"footway","osm_id":28264375},"geometry":{"type":"LineString","coordinates":[[32.8527415,39.8834373],[32.8527385,39.8833729]]}},{"type":"Feature","properties":{"highway":"residential","name":"429. Sokak","oneway":"no","osm_id":28345440},"geometry":{"type":"LineString","coordinates":[[32.8676126,39.8705413],[32.8679197,39.8705825],[32.8681175,39.8705894],[32.8685629,39.8706049],[32.8694393,39.8706246],[32.8701318,39.8706401],[32.8706123,39.8706447],[32.8723933,39.8706617],[32.8725933,39.87065],[32.87273,39.8706417],[32.8728019,39.8706267],[32.8728634,39.870609]]}},{"type":"Feature","properties":{"highway":"steps","osm_id":28366218},"geometry":{"type":"LineString","coordinates":[[32.8518127,39.8866879],[32.8519419,39.8867846],[32.8521474,39.8869127],[32.8522126,39.8869533]]}},{"type":"Feature","properties":{"highway":"steps","osm_id":28366219},"geometry":{"type":"LineString","coordinates":[[32.8526421,39.8872337],[32.8528632,39.8873811],[32.853178,39.8876034]]}},{"type":"Feature","properties":{"surface":"paved","highway":"footway","osm_id":28366220},"geometry":{"type":"LineString","coordinates":[[32.8528013,39.8867817],[32.8528339,39.8867594],[32.8529077,39.8866925],[32.8528948,39.8866359],[32.852885,39.8865929],[32.85291,39.886515],[32.8529433,39.8864467],[32.8530767,39.88633],[32.8533017,39.8862633],[32.8535167,39.886105],[32.8536683,39.8859417],[32.8537634,39.8857654],[32.8538277,39.8856676],[32.8535383,39.8858467],[32.8534217,39.8859283],[32.853145,39.8860067],[32.85282,39.8861467],[32.85263,39.8862767],[32.8525133,39.8864067],[32.852465,39.8865567],[32.8525367,39.8867133],[32.8525827,39.8867456]]}},{"type":"Feature","properties":{"surface":"paved","layer":"1","bridge":"yes","highway":"footway","osm_id":28366221},"geometry":{"type":"LineString","coordinates":[[32.8525827,39.8867456],[32.8526989,39.8867652]]}},{"type":"Feature","properties":{"surface":"paved","highway":"footway","osm_id":28366222},"geometry":{"type":"LineString","coordinates":[[32.8526989,39.8867652],[32.8528013,39.8867817],[32.85282,39.8869517],[32.8527083,39.887175],[32.8526421,39.8872337],[32.8523733,39.8874067],[32.85225,39.8875333],[32.8520283,39.8879433],[32.851875,39.8881033],[32.851775,39.888155],[32.8516767,39.8881648],[32.8515666,39.8881651],[32.8515035,39.8881043],[32.8514917,39.888055],[32.8514367,39.8879367],[32.8516317,39.8875667],[32.8516657,39.8875099],[32.8517417,39.8873933],[32.8519433,39.8872217],[32.8519767,39.88716],[32.8522126,39.8869533],[32.8522366,39.886929],[32.8523933,39.8868117],[32.8525827,39.8867456]]}},{"type":"Feature","properties":{"highway":"steps","osm_id":28366223},"geometry":{"type":"LineString","coordinates":[[32.8540026,39.8855114],[32.8541297,39.8853865],[32.8541962,39.8852977],[32.8542409,39.8852445],[32.8542794,39.8851882]]}},{"type":"Feature","properties":{"surface":"paved","highway":"footway","osm_id":28366224},"geometry":{"type":"LineString","coordinates":[[32.8540026,39.8855114],[32.8538883,39.8856186],[32.8538277,39.8856676],[32.8538739,39.8857733],[32.8539055,39.8858139],[32.8539792,39.88585],[32.8540456,39.8858676]]}},{"type":"Feature","properties":{"oneway":"yes","highway":"primary","lanes":"3","layer":"1","osm_id":28366833},"geometry":{"type":"LineString","coordinates":[[32.8074097,39.8420648],[32.8070581,39.8422034],[32.8068142,39.842325],[32.8066106,39.8424633],[32.8063321,39.8426814]]}},{"type":"Feature","properties":{"foot":"yes","highway":"primary","lanes":"2","oneway":"yes","sidewalk":"both","osm_id":28470325},"geometry":{"type":"LineString","coordinates":[[32.8695319,39.8676433],[32.8694904,39.8677902]]}},{"type":"Feature","properties":{"highway":"residential","name":"550. Sokak","osm_id":28470327},"geometry":{"type":"LineString","coordinates":[[32.8674777,39.8707413],[32.8669874,39.8704316],[32.8662936,39.8699736]]}},{"type":"Feature","properties":{"highway":"residential","name":"428. Cadde","oneway":"no","osm_id":28470329},"geometry":{"type":"LineString","coordinates":[[32.8659417,39.875961],[32.8660605,39.8759804],[32.86729,39.8761817],[32.8687263,39.8762189],[32.8689401,39.8762244],[32.8694067,39.8764312],[32.8696683,39.8765786],[32.87023,39.876895],[32.8703233,39.8769433],[32.8703912,39.8769846]]}},{"type":"Feature","properties":{"highway":"residential","osm_id":32922288},"geometry":{"type":"LineString","coordinates":[[32.8743849,39.8880887],[32.8751038,39.8884667],[32.8752877,39.8885326],[32.8760567,39.8890147]]}},{"type":"Feature","properties":{"highway":"residential","osm_id":32922294},"geometry":{"type":"LineString","coordinates":[[32.8710242,39.8881668],[32.8710522,39.8881345],[32.8715605,39.8875493]]}},{"type":"Feature","properties":{"name":"Kumkapı Sk.","highway":"residential","osm_id":32922299},"geometry":{"type":"LineString","coordinates":[[32.8710524,39.8864948],[32.871752,39.8867701],[32.8719045,39.8868596],[32.8727541,39.8872404],[32.8728104,39.8872656],[32.8738329,39.8878575]]}},{"type":"Feature","properties":{"highway":"residential","osm_id":32922300},"geometry":{"type":"LineString","coordinates":[[32.871752,39.8867701],[32.8719942,39.8864811]]}},{"type":"Feature","properties":{"name":"406. Sk","highway":"residential","osm_id":32922303},"geometry":{"type":"LineString","coordinates":[[32.871474,39.8856655],[32.8699133,39.8849842],[32.868846,39.884351],[32.8681968,39.8841859],[32.8675475,39.8840118]]}},{"type":"Feature","properties":{"name":"413. Sk","highway":"residential","osm_id":32922304},"geometry":{"type":"LineString","coordinates":[[32.868846,39.884351],[32.8692944,39.8836696],[32.8695814,39.8831878],[32.8697339,39.8830502],[32.8702009,39.8827481],[32.8707026,39.8824032],[32.8718686,39.8819283]]}},{"type":"Feature","properties":{"highway":"residential","name":"412. Sokak","osm_id":32922306},"geometry":{"type":"LineString","coordinates":[[32.868301,39.882682],[32.8695814,39.8831878]]}},{"type":"Feature","properties":{"name":"408. Sk","highway":"residential","osm_id":32922307},"geometry":{"type":"LineString","coordinates":[[32.8702009,39.8827481],[32.8707266,39.8831923],[32.8711331,39.8835044],[32.8716354,39.8839518],[32.8722184,39.8846263],[32.8724548,39.8850972],[32.8728069,39.8856251],[32.8727924,39.8858032]]}},{"type":"Feature","properties":{"name":"409. Sk.","highway":"residential","osm_id":32922308},"geometry":{"type":"LineString","coordinates":[[32.8710973,39.8860853],[32.871474,39.8856655],[32.8716982,39.8855003],[32.8720301,39.8853489],[32.8724548,39.8850972]]}},{"type":"Feature","properties":{"highway":"residential","name":"410. Sk","osm_id":32922309},"geometry":{"type":"LineString","coordinates":[[32.8720301,39.8853489],[32.8716713,39.8849842],[32.8711062,39.8845988],[32.8704784,39.8842065],[32.8692944,39.8836696]]}},{"type":"Feature","properties":{"highway":"unclassified","name":"Şehit Kurbani Alboğa Sk.","osm_id":32922311},"geometry":{"type":"LineString","coordinates":[[32.8694379,39.8855898],[32.8699133,39.8849842],[32.8704784,39.8842065],[32.8707744,39.8838142],[32.8711331,39.8835044],[32.8716354,39.8831534],[32.872284,39.882782]]}},{"type":"Feature","properties":{"name":"405.Sokak","highway":"residential","osm_id":32922312},"geometry":{"type":"LineString","coordinates":[[32.8725861,39.8834026],[32.8733671,39.8831025],[32.873946,39.8828572]]}},{"type":"Feature","properties":{"name":"404. Sk.","highway":"residential","osm_id":32922313},"geometry":{"type":"LineString","coordinates":[[32.874055,39.8841833],[32.8735567,39.8835349],[32.8733671,39.8831025],[32.8730615,39.8824239]]}},{"type":"Feature","properties":{"name":"403. Sk.","highway":"residential","osm_id":32922314},"geometry":{"type":"LineString","coordinates":[[32.8738867,39.8827198],[32.8745748,39.8824749],[32.8752769,39.8822208],[32.8759878,39.88191]]}},{"type":"Feature","properties":{"name":"399. Sk.","highway":"residential","osm_id":32922315},"geometry":{"type":"LineString","coordinates":[[32.8745748,39.8824749],[32.8752899,39.8836635]]}},{"type":"Feature","properties":{"name":"398. Cd.","highway":"residential","osm_id":32922317},"geometry":{"type":"LineString","coordinates":[[32.8756695,39.8848541],[32.8751244,39.8843303],[32.874599,39.8839086]]}},{"type":"Feature","properties":{"name":"400. Sk.","highway":"residential","osm_id":32922318},"geometry":{"type":"LineString","coordinates":[[32.8744828,39.885918],[32.8750717,39.8854383]]}},{"type":"Feature","properties":{"name":"474. Sk.","highway":"residential","osm_id":32922369},"geometry":{"type":"LineString","coordinates":[[32.8780081,39.8857448],[32.8788305,39.8853639],[32.8795864,39.8849971],[32.8803445,39.8846813]]}},{"type":"Feature","properties":{"name":"472. Sk.","highway":"residential","osm_id":32922370},"geometry":{"type":"LineString","coordinates":[[32.8796786,39.8864087],[32.879523,39.8862291],[32.8788305,39.8853639],[32.878461,39.8848399],[32.8783478,39.8843822],[32.8782016,39.8837698]]}},{"type":"Feature","properties":{"name":"471. Sk.","highway":"residential","osm_id":32922371},"geometry":{"type":"LineString","coordinates":[[32.876612,39.8846576],[32.877688,39.8844854],[32.8783478,39.8843822],[32.8792034,39.8842593],[32.8802188,39.8839971]]}},{"type":"Feature","properties":{"name":"473. Sk.","highway":"residential","osm_id":32922372},"geometry":{"type":"LineString","coordinates":[[32.8795864,39.8849971],[32.8792034,39.8842593],[32.8787839,39.8835939]]}},{"type":"Feature","properties":{"name":"469. Sk.","highway":"residential","osm_id":32922373},"geometry":{"type":"LineString","coordinates":[[32.8776217,39.8837963],[32.8782016,39.8837698],[32.8784996,39.8837285],[32.8787839,39.8835939],[32.8794824,39.883072],[32.880497,39.8824789],[32.881089,39.8821967],[32.8814806,39.8819935],[32.8816397,39.8819109]]}},{"type":"Feature","properties":{"highway":"tertiary","name":"463. Cadde","osm_id":32922374},"geometry":{"type":"LineString","coordinates":[[32.8786453,39.8801148],[32.8787625,39.8812753],[32.8789364,39.8816117],[32.8791427,39.8817563],[32.8795194,39.881832],[32.8798692,39.8819834],[32.880497,39.8824789],[32.880872,39.8830211],[32.881742,39.8841726],[32.8821536,39.8846567],[32.8824613,39.8850186]]}},{"type":"Feature","properties":{"highway":"tertiary","name":"467. Cadde","osm_id":32922375},"geometry":{"type":"LineString","coordinates":[[32.8780933,39.8814431],[32.8782906,39.8818973],[32.8784969,39.8822071],[32.8789992,39.8826063],[32.8794824,39.883072],[32.8798608,39.8835057],[32.880201,39.8839002],[32.8802188,39.8839971],[32.8803445,39.8846813]]}},{"type":"Feature","properties":{"highway":"residential","name":"478. Sokak","osm_id":32922377},"geometry":{"type":"LineString","coordinates":[[32.8798608,39.8835057],[32.880872,39.8830211],[32.8814606,39.8827422],[32.8815341,39.8827515]]}},{"type":"Feature","properties":{"name":"Semsettin Gunaltay Caddesi","highway":"tertiary","osm_id":32922378},"geometry":{"type":"LineString","coordinates":[[32.8864661,39.8930982],[32.8862757,39.8922338],[32.8860778,39.891865],[32.8859081,39.8915881],[32.885245,39.8905058],[32.884917,39.8899296],[32.8846189,39.8894279],[32.8843937,39.8889996],[32.8840354,39.888473],[32.8838022,39.8882275],[32.8831829,39.8880977],[32.8826545,39.8880663],[32.8823543,39.8879957],[32.8821165,39.8879471],[32.8819414,39.8878749],[32.8816159,39.887683],[32.8812097,39.8873322],[32.8811126,39.8871182],[32.8811159,39.8868802],[32.8811452,39.8868146],[32.8812235,39.8866394],[32.8814926,39.8864191],[32.8819161,39.8861897],[32.8827124,39.8857309],[32.8833427,39.8853481],[32.884225,39.8845451],[32.8847451,39.8844296]]}},{"type":"Feature","properties":{"highway":"unclassified","name":"314. Cd.","ref":"314. Cd (23. Cd.)","osm_id":32922379},"geometry":{"type":"LineString","coordinates":[[32.8847534,39.8838722],[32.8847451,39.8844296]]}},{"type":"Feature","properties":{"highway":"residential","ref":"315. Cd (24. Cd.)","osm_id":32922380},"geometry":{"type":"LineString","coordinates":[[32.8838022,39.8882275],[32.8841116,39.8879676],[32.884865,39.8873654],[32.885448,39.8868734],[32.8861056,39.886309],[32.8862691,39.8861477]]}},{"type":"Feature","properties":{"highway":"residential","ref":"314. Cd (22. Cd.)","osm_id":32922381},"geometry":{"type":"LineString","coordinates":[[32.8833427,39.8853481],[32.883832,39.8857228],[32.8843672,39.8861237],[32.8849637,39.8865375],[32.885448,39.8868734],[32.8860705,39.8872335],[32.8864827,39.8874719],[32.8870121,39.8877514],[32.8871792,39.8878465],[32.8875473,39.8879891],[32.8882137,39.8882594]]}},{"type":"Feature","properties":{"name":"322. Sk (225. Sk.)","highway":"residential","osm_id":32922383},"geometry":{"type":"LineString","coordinates":[[32.8843937,39.8889996],[32.8849342,39.8886864],[32.8854211,39.8883771],[32.8860278,39.8879431]]}},{"type":"Feature","properties":{"highway":"residential","osm_id":32922384},"geometry":{"type":"LineString","coordinates":[[32.8872191,39.8863055],[32.8876491,39.8858976],[32.8887406,39.8848623]]}},{"type":"Feature","properties":{"name":"325. Sk (228. Sk.)","highway":"residential","osm_id":32922388},"geometry":{"type":"LineString","coordinates":[[32.8854211,39.8883771],[32.8857406,39.8886975],[32.8861873,39.8888727],[32.8866555,39.8891302],[32.8875298,39.8896111]]}},{"type":"Feature","properties":{"name":"323. Sk (231. Sk.)","highway":"residential","osm_id":32922389},"geometry":{"type":"LineString","coordinates":[[32.8853861,39.8876482],[32.884529,39.8883197],[32.8849342,39.8886864],[32.8852717,39.8889766],[32.8856966,39.8893444]]}},{"type":"Feature","properties":{"highway":"residential","name":"Şehit Sadık Erişen Sokak","osm_id":32922400},"geometry":{"type":"LineString","coordinates":[[32.8819292,39.881098],[32.8825151,39.882035],[32.8831878,39.8827783],[32.8832035,39.8827934],[32.8844166,39.8839552]]}},{"type":"Feature","properties":{"name":"481. Sk.","highway":"residential","osm_id":32922410},"geometry":{"type":"LineString","coordinates":[[32.8834124,39.882656],[32.8833672,39.8819731],[32.8831013,39.8808037]]}},{"type":"Feature","properties":{"name":"483. Sk.","highway":"residential","osm_id":32922430},"geometry":{"type":"LineString","coordinates":[[32.8859756,39.8830388],[32.8857838,39.8828687],[32.8842641,39.8813605],[32.8838067,39.8809544]]}},{"type":"Feature","properties":{"highway":"residential","osm_id":32922432},"geometry":{"type":"LineString","coordinates":[[32.8823543,39.8879957],[32.882915,39.8873261],[32.8835672,39.8867861],[32.8843672,39.8861237],[32.8854922,39.8852312]]}},{"type":"Feature","properties":{"highway":"residential","osm_id":32922433},"geometry":{"type":"LineString","coordinates":[[32.882172,39.8866446],[32.883832,39.8857228]]}},{"type":"Feature","properties":{"name":"320. Sk (27. Sk.)","highway":"residential","osm_id":32922435},"geometry":{"type":"LineString","coordinates":[[32.8860278,39.8879431],[32.8853861,39.8876482],[32.884865,39.8873654]]}},{"type":"Feature","properties":{"highway":"residential","osm_id":32922438},"geometry":{"type":"LineString","coordinates":[[32.8870121,39.8877514],[32.8876211,39.8872196],[32.888058,39.8868658],[32.8885322,39.8864541],[32.8894849,39.8856271]]}},{"type":"Feature","properties":{"highway":"residential","osm_id":32922442},"geometry":{"type":"LineString","coordinates":[[32.8885647,39.8878316],[32.8880985,39.8875292],[32.8876211,39.8872196],[32.8871712,39.8869168],[32.8866992,39.8866476],[32.8861056,39.886309]]}},{"type":"Feature","properties":{"highway":"residential","osm_id":32922540},"geometry":{"type":"LineString","coordinates":[[32.8882282,39.8812394],[32.8884001,39.8811453],[32.888966,39.8810554],[32.8893758,39.8809469],[32.8896977,39.8807559],[32.8900441,39.8806998],[32.8903563,39.8807185],[32.8907514,39.8807335],[32.8912978,39.880741],[32.8914539,39.8807672],[32.8915636,39.8808689],[32.8915901,39.8810373],[32.8916183,39.8812167],[32.8915313,39.8813615],[32.8906383,39.8818795],[32.8904149,39.8820603],[32.8903472,39.8822038],[32.8903953,39.8824384]]}},{"type":"Feature","properties":{"highway":"residential","osm_id":32922542},"geometry":{"type":"LineString","coordinates":[[32.8882462,39.8823513],[32.8889769,39.8818597]]}},{"type":"Feature","properties":{"name":"290. Sk (15. Sk.)","highway":"residential","osm_id":32922557},"geometry":{"type":"LineString","coordinates":[[32.8822444,39.8883955],[32.882975,39.8888481]]}},{"type":"Feature","properties":{"name":"303. Sk (7. Sk.)","highway":"residential","osm_id":32922564},"geometry":{"type":"LineString","coordinates":[[32.8808793,39.8888187],[32.8810477,39.8887172],[32.8821165,39.8879471]]}},{"type":"Feature","properties":{"name":"305. Sk (2. Sk.)","highway":"residential","osm_id":32922565},"geometry":{"type":"LineString","coordinates":[[32.8805631,39.8885267],[32.8804341,39.8882572],[32.8804202,39.8880104],[32.8803427,39.8878025],[32.8812097,39.8873322]]}},{"type":"Feature","properties":{"name":"304. Sk (4. Sk.)","highway":"residential","osm_id":32922566},"geometry":{"type":"LineString","coordinates":[[32.8805631,39.8885267],[32.8816159,39.887683],[32.8821077,39.887326],[32.8825884,39.8870309]]}},{"type":"Feature","properties":{"highway":"residential","osm_id":32922573},"geometry":{"type":"LineString","coordinates":[[32.8819161,39.8861897],[32.8820979,39.886559],[32.882172,39.8866446],[32.8825884,39.8870309],[32.882915,39.8873261]]}},{"type":"Feature","properties":{"highway":"residential","osm_id":32922574},"geometry":{"type":"LineString","coordinates":[[32.8820979,39.886559],[32.8814829,39.8868791],[32.8811126,39.8871182]]}},{"type":"Feature","properties":{"highway":"secondary","oneway":"yes","osm_id":34228232},"geometry":{"type":"LineString","coordinates":[[32.8284778,39.8846051],[32.8286231,39.8845493]]}},{"type":"Feature","properties":{"name":"487. Sk.","highway":"residential","osm_id":34728409},"geometry":{"type":"LineString","coordinates":[[32.8807831,39.8790406],[32.8813332,39.8787233],[32.8804728,39.8778591],[32.8800589,39.8780773]]}},{"type":"Feature","properties":{"highway":"footway","osm_id":34729191},"geometry":{"type":"LineString","coordinates":[[32.8524277,39.8854055],[32.8525676,39.8854732]]}},{"type":"Feature","properties":{"name":"638.Cadde","oneway":"yes","highway":"tertiary","osm_id":38088443},"geometry":{"type":"LineString","coordinates":[[32.8478011,39.8521652],[32.8478753,39.8520876],[32.847949,39.8519513],[32.8480365,39.8517416]]}},{"type":"Feature","properties":{"highway":"service","osm_id":38088444},"geometry":{"type":"LineString","coordinates":[[32.8477393,39.8536607],[32.8474597,39.8521815]]}},{"type":"Feature","properties":{"highway":"residential","osm_id":38088445},"geometry":{"type":"LineString","coordinates":[[32.8457651,39.8547979],[32.845655,39.8552734],[32.8457984,39.8553099],[32.8462914,39.8554011],[32.8469879,39.8555304]]}},{"type":"Feature","properties":{"highway":"residential","osm_id":38088446},"geometry":{"type":"LineString","coordinates":[[32.8483583,39.8535989],[32.8487943,39.8534414],[32.849281,39.8532891]]}},{"type":"Feature","properties":{"name":"648.Cadde","highway":"tertiary","osm_id":38088447},"geometry":{"type":"LineString","coordinates":[[32.8489466,39.8562527],[32.8505951,39.8569346],[32.851247,39.8572163]]}},{"type":"Feature","properties":{"highway":"tertiary","oneway":"yes","osm_id":38088448},"geometry":{"type":"LineString","coordinates":[[32.851247,39.8572163],[32.8513823,39.8572033],[32.8515011,39.8571624],[32.8515471,39.8571226],[32.8515851,39.8570561]]}},{"type":"Feature","properties":{"highway":"residential","osm_id":38088452},"geometry":{"type":"LineString","coordinates":[[32.8437792,39.8547669],[32.843631,39.8543218],[32.8436282,39.8540813],[32.8436569,39.8540252],[32.8436909,39.8539588],[32.8439341,39.8538016],[32.8442602,39.8536435],[32.8446207,39.8536237],[32.8451856,39.8537102],[32.8454066,39.8537442],[32.8459167,39.8538176]]}},{"type":"Feature","properties":{"highway":"residential","osm_id":38088453},"geometry":{"type":"LineString","coordinates":[[32.8468588,39.8522531],[32.8467525,39.8519755]]}},{"type":"Feature","properties":{"highway":"residential","osm_id":38088454},"geometry":{"type":"LineString","coordinates":[[32.8465165,39.851432],[32.8471808,39.8512738],[32.8473122,39.85121]]}},{"type":"Feature","properties":{"name":"638.Cadde","highway":"tertiary","oneway":"no","osm_id":38088455},"geometry":{"type":"LineString","coordinates":[[32.8442912,39.8525875],[32.8449315,39.8524702],[32.8468588,39.8522531],[32.8474597,39.8521815],[32.8478011,39.8521652]]}},{"type":"Feature","properties":{"highway":"residential","osm_id":38088457},"geometry":{"type":"LineString","coordinates":[[32.8430843,39.8508826],[32.8432834,39.8504839],[32.8440011,39.8508027],[32.843786,39.8511445]]}},{"type":"Feature","properties":{"highway":"residential","osm_id":38088459},"geometry":{"type":"LineString","coordinates":[[32.8432834,39.8504839],[32.8428078,39.850285],[32.8427346,39.8502599],[32.8423757,39.8502352],[32.8420029,39.8504279],[32.8416266,39.8508331],[32.8414149,39.8511263]]}},{"type":"Feature","properties":{"highway":"service","osm_id":38089063},"geometry":{"type":"LineString","coordinates":[[32.8470049,39.8530177],[32.8468094,39.853057],[32.8468609,39.8533535],[32.8468963,39.8535561],[32.8468841,39.8536243],[32.8463262,39.8536717],[32.8462282,39.8537917]]}},{"type":"Feature","properties":{"highway":"service","osm_id":38089064},"geometry":{"type":"LineString","coordinates":[[32.8468094,39.853057],[32.8467552,39.8527819],[32.8463151,39.8526925],[32.8454964,39.8527104],[32.8451885,39.8527674],[32.8449301,39.8528245],[32.8447921,39.852906],[32.8447142,39.8529875],[32.8446788,39.8532375]]}},{"type":"Feature","properties":{"highway":"residential","name":"607.Sk.","osm_id":38089068},"geometry":{"type":"LineString","coordinates":[[32.8550743,39.8565811],[32.853019,39.8563575]]}},{"type":"Feature","properties":{"highway":"residential","osm_id":38089069},"geometry":{"type":"LineString","coordinates":[[32.8517695,39.8549965],[32.8522211,39.8561208],[32.8525969,39.8560182],[32.8531266,39.8561108]]}},{"type":"Feature","properties":{"highway":"residential","osm_id":38089072},"geometry":{"type":"LineString","coordinates":[[32.8503998,39.8525759],[32.8509894,39.8532395],[32.8510517,39.8533087],[32.8515257,39.8538674],[32.8516448,39.8540447],[32.8518235,39.8543156],[32.8522026,39.8548906]]}},{"type":"Feature","properties":{"highway":"tertiary","name":"578. Sokak","osm_id":38089073},"geometry":{"type":"LineString","coordinates":[[32.849273,39.8529547],[32.8503998,39.8525759],[32.8518133,39.852094],[32.8520078,39.8520251],[32.8521382,39.8519762],[32.8521587,39.8519698],[32.8527667,39.8517811],[32.8534184,39.85155],[32.8541902,39.851261]]}},{"type":"Feature","properties":{"highway":"residential","osm_id":38089074},"geometry":{"type":"LineString","coordinates":[[32.8530285,39.8535661],[32.852954,39.8534884],[32.8526164,39.8525099],[32.8529253,39.8523396],[32.8528386,39.8520475],[32.8527667,39.8517811]]}},{"type":"Feature","properties":{"highway":"residential","name":"Konrad Adenauer Caddesi","osm_id":38177341},"geometry":{"type":"LineString","coordinates":[[32.8576621,39.8630552],[32.8561303,39.8621616]]}},{"type":"Feature","properties":{"name":"595.Sokak","highway":"residential","osm_id":38177343},"geometry":{"type":"LineString","coordinates":[[32.8550039,39.8608477],[32.8545449,39.8612772]]}},{"type":"Feature","properties":{"highway":"residential","name":"596.Sokak","osm_id":38177344},"geometry":{"type":"LineString","coordinates":[[32.8582157,39.862526],[32.8588655,39.8629087],[32.8596521,39.8633428],[32.8603641,39.8637026],[32.8611189,39.8641046],[32.8623078,39.8646442]]}},{"type":"Feature","properties":{"name":"599.Sokak","highway":"residential","osm_id":38177345},"geometry":{"type":"LineString","coordinates":[[32.8588655,39.8629087],[32.8579001,39.8637312]]}},{"type":"Feature","properties":{"name":"600.Sokak","highway":"residential","osm_id":38177346},"geometry":{"type":"LineString","coordinates":[[32.8596521,39.8633428],[32.8584491,39.8641249]]}},{"type":"Feature","properties":{"name":"601.Sokak","highway":"residential","osm_id":38177347},"geometry":{"type":"LineString","coordinates":[[32.8603641,39.8637026],[32.8590485,39.8645655]]}},{"type":"Feature","properties":{"name":"602.Sokak","highway":"residential","osm_id":38177348},"geometry":{"type":"LineString","coordinates":[[32.8597437,39.8650117],[32.8604533,39.8645434],[32.8611189,39.8641046],[32.8615827,39.8638059],[32.8617601,39.8636924]]}},{"type":"Feature","properties":{"highway":"residential","name":"Refet Bele Sokağı","osm_id":38485688},"geometry":{"type":"LineString","coordinates":[[32.8310673,39.8521245],[32.8301045,39.8514061],[32.8289973,39.850603],[32.8280183,39.8498962],[32.8270962,39.8492772]]}},{"type":"Feature","properties":{"name":"461. Sk.","highway":"residential","osm_id":40013116},"geometry":{"type":"LineString","coordinates":[[32.8794905,39.8801327],[32.8786453,39.8801148],[32.8774534,39.8801518]]}},{"type":"Feature","properties":{"name":"462. Sk.","highway":"residential","osm_id":40013117},"geometry":{"type":"LineString","coordinates":[[32.8797168,39.8811373],[32.8795267,39.8803579],[32.8795343,39.8802059],[32.8794905,39.8801327]]}},{"type":"Feature","properties":{"highway":"residential","osm_id":40013118},"geometry":{"type":"LineString","coordinates":[[32.8721662,39.8810906],[32.8719258,39.8809026],[32.8704181,39.8803607]]}},{"type":"Feature","properties":{"name":"421. Cd.","highway":"residential","osm_id":40013119},"geometry":{"type":"LineString","coordinates":[[32.870976,39.8796716],[32.8702923,39.8794497],[32.8690712,39.8791069],[32.867998,39.8787901],[32.8674927,39.8785909],[32.8672885,39.8784577],[32.8670796,39.8782689],[32.8668341,39.87804]]}},{"type":"Feature","properties":{"name":"444. Cd.","highway":"residential","osm_id":40013121},"geometry":{"type":"LineString","coordinates":[[32.8746718,39.8808061],[32.8736896,39.8808822],[32.8735636,39.8808171],[32.8734753,39.8801394],[32.8734787,39.879265]]}},{"type":"Feature","properties":{"name":"443. Sk.","highway":"residential","osm_id":40013122},"geometry":{"type":"LineString","coordinates":[[32.874562,39.8801287],[32.8734753,39.8801394],[32.872228,39.8801742]]}},{"type":"Feature","properties":{"name":"442. Sk.","highway":"residential","osm_id":40013123},"geometry":{"type":"LineString","coordinates":[[32.8749014,39.8816969],[32.8748001,39.8812357],[32.8746718,39.8808061],[32.874562,39.8801287],[32.8744065,39.8792959]]}},{"type":"Feature","properties":{"highway":"residential","name":"439. Sokak","osm_id":40013129},"geometry":{"type":"LineString","coordinates":[[32.8738742,39.8792766],[32.8737369,39.8785537],[32.8735695,39.8777578]]}},{"type":"Feature","properties":{"name":"636. Cd.","highway":"residential","osm_id":42351912},"geometry":{"type":"LineString","coordinates":[[32.8442912,39.8525875],[32.8439663,39.8519335],[32.8439134,39.8518689],[32.8435865,39.8517423],[32.8434224,39.8517022],[32.8427544,39.8515122],[32.8414149,39.8511263],[32.8402915,39.8508815]]}},{"type":"Feature","properties":{"name":"Şölen Sokak","oneway":"yes","highway":"residential","osm_id":42355021},"geometry":{"type":"LineString","coordinates":[[32.8503103,39.8831915],[32.8506804,39.8843352]]}},{"type":"Feature","properties":{"oneway":"yes","highway":"secondary","osm_id":42356400},"geometry":{"type":"LineString","coordinates":[[32.8189034,39.8704034],[32.8194485,39.8698082],[32.8198263,39.8694882],[32.8208266,39.8688798],[32.8211469,39.8686221],[32.8212993,39.8684797],[32.8215643,39.8682013],[32.821985,39.867735],[32.8221392,39.8675818],[32.8223773,39.8673505]]}},{"type":"Feature","properties":{"name":"909. Cadde","oneway":"no","highway":"residential","osm_id":42356402},"geometry":{"type":"LineString","coordinates":[[32.8257954,39.8651542],[32.8254756,39.8654241],[32.8248287,39.8659704],[32.8246557,39.8661181],[32.8243257,39.8664],[32.8241235,39.8665727],[32.8238222,39.866756],[32.8235025,39.8668746],[32.8233195,39.8669511]]}},{"type":"Feature","properties":{"highway":"service","oneway":"yes","osm_id":42365818},"geometry":{"type":"LineString","coordinates":[[32.8470996,39.8510892],[32.8470108,39.851116],[32.8469559,39.8511276],[32.8468343,39.8511648],[32.8465071,39.8509827],[32.8464143,39.8507685],[32.8464063,39.8507109]]}},{"type":"Feature","properties":{"name":"517. Sokak","highway":"residential","osm_id":42368107},"geometry":{"type":"LineString","coordinates":[[32.8617864,39.8695912],[32.8608798,39.8698877],[32.8602946,39.8700791]]}},{"type":"Feature","properties":{"highway":"primary_link","oneway":"yes","osm_id":42382605},"geometry":{"type":"LineString","coordinates":[[32.8304976,39.8451757],[32.8304129,39.8451443],[32.8303604,39.8451156],[32.8303233,39.8450653],[32.8303339,39.8450075],[32.8304115,39.8449608],[32.8305961,39.8449232]]}},{"type":"Feature","properties":{"name":"İsa Yalçın Sokak","highway":"residential","osm_id":52344709},"geometry":{"type":"LineString","coordinates":[[32.8357718,39.8764216],[32.8353576,39.8766163],[32.8348836,39.8768391],[32.8332449,39.8775749],[32.8330808,39.8776347],[32.8327089,39.8777998],[32.8322197,39.8780171]]}},{"type":"Feature","properties":{"highway":"footway","osm_id":53894843},"geometry":{"type":"LineString","coordinates":[[32.833113,39.828031],[32.8330489,39.8281562],[32.8329762,39.8282893],[32.83294,39.828361],[32.8328369,39.8284434],[32.832739,39.8285555],[32.832674,39.8286268],[32.8326073,39.8287113],[32.8325614,39.8288029],[32.8325043,39.8288728],[32.8324151,39.8289447],[32.8323542,39.8289541],[32.8323055,39.8289947],[32.8322162,39.8290543],[32.8321432,39.8290761],[32.8320661,39.8291105],[32.8319809,39.8291606],[32.8319241,39.829195],[32.8318226,39.8292513],[32.8317334,39.8293076],[32.8316035,39.8293952],[32.8315224,39.8294359],[32.8314169,39.8294671],[32.8312993,39.829489]]}},{"type":"Feature","properties":{"sidewalk":"both","oneway":"no","bicycle":"yes","cycleway":"no","foot":"yes","highway":"residential","maxspeed":"50","name":"Anne Sokak","osm_id":56695531},"geometry":{"type":"LineString","coordinates":[[32.8377615,39.8870321],[32.8368428,39.8869808]]}},{"type":"Feature","properties":{"oneway":"yes","highway":"secondary","osm_id":57779635},"geometry":{"type":"LineString","coordinates":[[32.8644919,39.8774634],[32.8647132,39.8773228],[32.8648603,39.8772479],[32.8650144,39.8771999]]}},{"type":"Feature","properties":{"highway":"residential","source":"GPS","osm_id":60253120},"geometry":{"type":"LineString","coordinates":[[32.877756,39.86202],[32.877487,39.861793],[32.877264,39.861665],[32.876948,39.861573],[32.876522,39.861598],[32.87612,39.861575],[32.875843,39.861504],[32.875363,39.861235],[32.8749737,39.8609381],[32.874718,39.860743],[32.874401,39.860265],[32.874234,39.859886],[32.874097,39.859403],[32.8740745,39.8592946],[32.874023,39.859046],[32.873995,39.85877],[32.8739916,39.8587254]]}},{"type":"Feature","properties":{"highway":"residential","source":"GPS","osm_id":60273701},"geometry":{"type":"LineString","coordinates":[[32.8718154,39.8597141],[32.8720086,39.8596893],[32.8722553,39.8596893],[32.8723841,39.8597305],[32.8725665,39.8598458],[32.8732209,39.8599035],[32.8736715,39.8599529],[32.8740254,39.8599108],[32.874234,39.859886]]}},{"type":"Feature","properties":{"highway":"residential","source":"GPS","osm_id":60273705},"geometry":{"type":"LineString","coordinates":[[32.8736179,39.8619459],[32.8737144,39.8617153],[32.8738539,39.861567],[32.8738325,39.86118],[32.8738754,39.8608259],[32.8738646,39.8605047],[32.873929,39.8602164],[32.8740254,39.8599108]]}},{"type":"Feature","properties":{"highway":"residential","source":"GPS","osm_id":60273706},"geometry":{"type":"LineString","coordinates":[[32.8713648,39.8601011],[32.8717715,39.8601618],[32.8725235,39.8602741],[32.8728239,39.8602411],[32.8736608,39.8602741],[32.873794,39.8602454],[32.873929,39.8602164]]}},{"type":"Feature","properties":{"highway":"residential","source":"GPS","osm_id":60273711},"geometry":{"type":"LineString","coordinates":[[32.8740745,39.8592946],[32.8738003,39.859327],[32.8736179,39.8593846],[32.8727274,39.8593435],[32.8724592,39.8593435],[32.8722527,39.8593103]]}},{"type":"Feature","properties":{"highway":"residential","source":"GPS","osm_id":60273714},"geometry":{"type":"LineString","coordinates":[[32.871279,39.8623741],[32.8714231,39.8620294],[32.8714614,39.8619376],[32.8717296,39.8615341],[32.8718583,39.8614353],[32.8721158,39.8611059],[32.8721695,39.8609823],[32.8723411,39.8607435],[32.8724913,39.8603811],[32.8725235,39.8602741]]}},{"type":"Feature","properties":{"highway":"residential","source":"GPS","osm_id":60273716},"geometry":{"type":"LineString","coordinates":[[32.8698272,39.861076],[32.8702705,39.8611306],[32.8704743,39.8611965],[32.8707533,39.8613776],[32.8709098,39.861474],[32.8711274,39.8615161],[32.8717296,39.8615341],[32.871941,39.8615082],[32.8721555,39.8615247],[32.8722194,39.8615423],[32.8731039,39.861775],[32.8733589,39.8618412],[32.8736179,39.8619459],[32.8740792,39.8619871],[32.8744976,39.8621353]]}},{"type":"Feature","properties":{"highway":"residential","source":"GPS","osm_id":60273726},"geometry":{"type":"LineString","coordinates":[[32.873607,39.8620085],[32.8731351,39.8620365],[32.8729987,39.8621018],[32.8724011,39.8621725],[32.8721722,39.8622021],[32.8718679,39.8622683],[32.8715911,39.8621113],[32.8714231,39.8620294]]}},{"type":"Feature","properties":{"highway":"residential","source":"GPS","osm_id":60273727},"geometry":{"type":"LineString","coordinates":[[32.873575,39.8626541],[32.8734891,39.8625718],[32.8734891,39.8624894],[32.8736393,39.8623082],[32.8735964,39.8620694],[32.873607,39.8620085],[32.8736179,39.8619459]]}},{"type":"Feature","properties":{"highway":"residential","source":"GPS","osm_id":60273730},"geometry":{"type":"LineString","coordinates":[[32.8740792,39.8619871],[32.8741221,39.8618718],[32.8742294,39.8616906],[32.8741221,39.8615918],[32.8739934,39.8615506],[32.8738539,39.861567]]}},{"type":"Feature","properties":{"source":"GPS","highway":"residential","osm_id":60273745},"geometry":{"type":"LineString","coordinates":[[32.8744762,39.8632223],[32.8744655,39.8630576],[32.8745835,39.8629341],[32.874444,39.8626623],[32.8745084,39.8624318],[32.8744976,39.8621353],[32.8745942,39.86202],[32.8747663,39.8619686],[32.8747873,39.8619623],[32.8749483,39.8615012],[32.8749804,39.8611965],[32.8749737,39.8609381]]}},{"type":"Feature","properties":{"highway":"residential","source":"GPS","osm_id":60273752},"geometry":{"type":"LineString","coordinates":[[32.8761488,39.8635741],[32.8761131,39.863287],[32.8760419,39.8630864],[32.8759246,39.8627118],[32.8758436,39.8625616],[32.8757958,39.8624729],[32.8755813,39.8623823],[32.8752379,39.8621847],[32.8750234,39.8620365],[32.8749635,39.8620177],[32.8747873,39.8619623]]}},{"type":"Feature","properties":{"highway":"residential","source":"GPS","osm_id":60273758},"geometry":{"type":"LineString","coordinates":[[32.8722194,39.8615423],[32.8723438,39.8613797],[32.8727955,39.8612014],[32.8730251,39.8613327],[32.8732209,39.8611965],[32.8734355,39.861147],[32.8738325,39.86118]]}},{"type":"Feature","properties":{"highway":"unclassified","oneway":"no","source":"GPS","osm_id":60273767},"geometry":{"type":"LineString","coordinates":[[32.8739916,39.8587254],[32.873953,39.858213],[32.8739076,39.8577045],[32.8740041,39.8573504],[32.8741972,39.8570457],[32.8743796,39.8567656],[32.8745084,39.8564691],[32.8745333,39.8564012],[32.8746049,39.8562056],[32.874641,39.855835],[32.87457,39.8555],[32.8745298,39.8552996],[32.8743474,39.8550525],[32.874047,39.8547807],[32.8737574,39.8546243],[32.8733389,39.854476],[32.8728561,39.8543607],[32.872266,39.8542536],[32.871633,39.8541795],[32.8711824,39.8541054],[32.87092,39.854063],[32.8705494,39.8539324],[32.870268,39.853844],[32.870002,39.8537615],[32.869852,39.853715],[32.869403,39.853439],[32.869271,39.853117],[32.869279,39.852841],[32.869274,39.852523],[32.869175,39.852148],[32.868964,39.851645],[32.868824,39.851268],[32.868879,39.85097],[32.869084,39.850614],[32.869512,39.850099],[32.869882,39.849653],[32.870033,39.849295],[32.870202,39.848753],[32.870287,39.848316],[32.870311,39.847851],[32.8703957,39.8475013],[32.870426,39.847376],[32.8704197,39.847239],[32.870395,39.846706],[32.870405,39.846246],[32.870326,39.845891],[32.870161,39.845708],[32.869877,39.845478],[32.869611,39.845241],[32.86931,39.845066],[32.869141,39.84494],[32.86881,39.844729],[32.868595,39.844605],[32.868327,39.844423],[32.868076,39.844278],[32.867792,39.844133],[32.867533,39.844038],[32.867289,39.84395],[32.867042,39.843879],[32.866597,39.843657],[32.866344,39.84352],[32.86612,39.843337],[32.865797,39.843176],[32.865635,39.843082],[32.865425,39.842961],[32.865259,39.842899],[32.864795,39.842719],[32.864487,39.842602],[32.864262,39.842489],[32.864001,39.842399],[32.863685,39.842277],[32.863392,39.842185],[32.863213,39.842098],[32.863097,39.842039],[32.862867,39.841871],[32.862575,39.84158],[32.862477,39.841383],[32.862378,39.841184],[32.862284,39.840741],[32.862044,39.840082],[32.861951,39.839782],[32.861816,39.839442],[32.861824,39.839162],[32.861859,39.838805],[32.861987,39.838391],[32.862133,39.838137],[32.862391,39.837652],[32.862402,39.837258],[32.862439,39.836658],[32.862509,39.836084],[32.862545,39.835593],[32.862421,39.835221],[32.862296,39.835065],[32.862158,39.834941],[32.86183,39.834724],[32.861481,39.834504],[32.860974,39.834207],[32.86066,39.833973],[32.860383,39.833742],[32.859975,39.833408],[32.859802,39.833229],[32.859642,39.833111],[32.859499,39.832977],[32.859281,39.832914],[32.858966,39.832891],[32.858577,39.832914],[32.8571169,39.8329348],[32.8567629,39.833009],[32.8563874,39.8331325],[32.8560011,39.8332726],[32.8557544,39.8333138],[32.855293,39.8334374],[32.8548424,39.8335857],[32.8544025,39.8337505],[32.8538554,39.8338988],[32.8533511,39.8339894],[32.8530507,39.8340306],[32.8527396,39.8339564],[32.8516667,39.8339317],[32.8511624,39.8338658],[32.8505831,39.8337175],[32.85025,39.833651],[32.850003,39.833457],[32.849866,39.83325],[32.849709,39.832876],[32.849629,39.832482],[32.849468,39.832173],[32.849393,39.831758],[32.849244,39.831438],[32.849154,39.830948],[32.848983,39.830487],[32.848677,39.829603],[32.848584,39.829224],[32.84864,39.828706],[32.848718,39.828241],[32.8490439,39.8277674],[32.8491308,39.827641]]}},{"type":"Feature","properties":{"access":"no","bicycle":"permissive","foot":"permissive","highway":"track","source":"GPS","surface":"ground","tracktype":"grade4","osm_id":64894914},"geometry":{"type":"LineString","coordinates":[[32.8322685,39.8386166],[32.8316247,39.8387783],[32.8314959,39.8389678],[32.8315067,39.8391408],[32.8316354,39.8392973],[32.8319573,39.8395774],[32.8321323,39.8398446],[32.8327278,39.8402954],[32.8331277,39.8405566],[32.8333148,39.8408114],[32.8333404,39.8410596],[32.8331277,39.8421113],[32.8331447,39.842464],[32.8330784,39.8426789]]}},{"type":"Feature","properties":{"access":"no","bicycle":"permissive","foot":"permissive","highway":"track","horse":"no","motor_vehicle":"no","source":"GPS","surface":"ground","tracktype":"grade4","osm_id":64894915},"geometry":{"type":"LineString","coordinates":[[32.8148025,39.8385644],[32.8149179,39.838908],[32.8151888,39.8393168],[32.8153849,39.8396539],[32.8157679,39.840077],[32.8159827,39.8403639],[32.8161041,39.8405288],[32.8163843,39.8407798],[32.8169755,39.8412425],[32.8174596,39.8415609],[32.818523,39.8420508],[32.8189399,39.842286],[32.8194758,39.8426975],[32.8196937,39.8428887],[32.8198331,39.843011],[32.8200713,39.8431351],[32.8203265,39.8431547],[32.8207519,39.8431025],[32.8213814,39.8431678],[32.8220535,39.8432462],[32.8228021,39.8433572],[32.8234657,39.8435401],[32.8248949,39.8437622],[32.8253287,39.843834],[32.8257114,39.8438078],[32.8258502,39.8438491],[32.8258985,39.8439932],[32.826087,39.8441231],[32.8268631,39.8439635],[32.8272504,39.8440715],[32.8276486,39.8439287],[32.8280497,39.8439562],[32.828465,39.8440072],[32.8287399,39.8440649],[32.8288972,39.8441539],[32.8291738,39.8442698],[32.829403,39.8442387],[32.8295451,39.8439427],[32.8298973,39.8437295],[32.8301418,39.8437708],[32.8305004,39.8443715],[32.8311915,39.8442829],[32.831676,39.8440427],[32.8318716,39.8437275],[32.8319218,39.8432331],[32.8320891,39.8429388],[32.8324322,39.8429457],[32.8327006,39.8430171],[32.8330784,39.8426789]]}},{"type":"Feature","properties":{"access":"no","bicycle":"permissive","foot":"permissive","highway":"track","source":"GPS","surface":"ground","tracktype":"grade4","osm_id":64896071},"geometry":{"type":"LineString","coordinates":[[32.8258277,39.8435108],[32.8256309,39.8430627],[32.825334,39.8425769],[32.8247359,39.8420155],[32.8240713,39.8414032],[32.8233402,39.8407704],[32.8230079,39.8405867],[32.822423,39.8403927],[32.8220774,39.8403723],[32.8218248,39.8405152],[32.8215842,39.8407743],[32.8217068,39.8411194],[32.8223299,39.8419951],[32.8226091,39.8425871],[32.8228021,39.8433572]]}},{"type":"Feature","properties":{"access":"no","bicycle":"permissive","foot":"permissive","highway":"track","source":"GPS","surface":"ground","tracktype":"grade4","osm_id":64896073},"geometry":{"type":"LineString","coordinates":[[32.8228021,39.8433572],[32.8219977,39.8430212],[32.8218381,39.8429545],[32.8216052,39.8427375],[32.8210273,39.8421992],[32.820376,39.8412399],[32.8203095,39.8406887],[32.8203228,39.8401172],[32.8204557,39.8398926],[32.8207481,39.8396885],[32.8208678,39.8395048],[32.8208811,39.8393415],[32.8207481,39.8389945],[32.8207349,39.8386678],[32.8208279,39.8384127],[32.821107,39.8382902],[32.8214526,39.838229],[32.8218514,39.838229],[32.8224363,39.8384637],[32.8229414,39.8388618],[32.823287,39.8389434],[32.8235794,39.8390557],[32.8239516,39.8393415],[32.8242839,39.8397089],[32.82447,39.840107],[32.8247359,39.8403723],[32.8251347,39.8406173],[32.8255068,39.8408214],[32.8258392,39.8413726],[32.8263841,39.8418829],[32.8265968,39.842138],[32.8265968,39.8423217],[32.8262512,39.8427708],[32.8261172,39.8430177],[32.8258277,39.8435108],[32.8257534,39.8436769],[32.8257114,39.8438078],[32.825641,39.8441209],[32.8255917,39.8444583]]}},{"type":"Feature","properties":{"access":"no","bicycle":"permissive","foot":"permissive","highway":"track","source":"GPS","surface":"ground","tracktype":"grade4","osm_id":64896077},"geometry":{"type":"LineString","coordinates":[[32.8218248,39.8405152],[32.8220242,39.8401478],[32.8218783,39.8397907],[32.8218115,39.8396273],[32.8218115,39.8392802],[32.8217717,39.8388822],[32.8218514,39.838229]]}},{"type":"Feature","properties":{"access":"no","bicycle":"permissive","foot":"permissive","highway":"track","source":"GPS","surface":"ground","tracktype":"grade4","osm_id":64896078},"geometry":{"type":"LineString","coordinates":[[32.8261172,39.8430177],[32.8258895,39.842751],[32.8255628,39.8425159],[32.8254199,39.8423173],[32.8251885,39.8421449],[32.8250251,39.8419306],[32.8246848,39.8417112],[32.823487,39.8405615],[32.8233577,39.8403891],[32.8226227,39.8397829],[32.8224185,39.8397515],[32.8221259,39.8397463],[32.8218783,39.8397907],[32.8215542,39.8399397],[32.8212275,39.840133],[32.8210642,39.840295],[32.8209553,39.8405093],[32.8208464,39.8410736],[32.820894,39.841267],[32.8209961,39.8415021],[32.8214453,39.8419724],[32.8217039,39.8422703],[32.8218605,39.8425472],[32.821983,39.8426883],[32.8219898,39.842819],[32.8219977,39.8430212]]}},{"type":"Feature","properties":{"access":"no","bicycle":"permissive","foot":"permissive","highway":"track","source":"GPS","surface":"ground","tracktype":"grade4","osm_id":64896832},"geometry":{"type":"LineString","coordinates":[[32.8330784,39.8426789],[32.8335866,39.8417177],[32.8345549,39.8415041],[32.8350079,39.8416527],[32.836152,39.8422193],[32.8364421,39.8423576],[32.8366496,39.8422811],[32.8365305,39.8421439],[32.836454,39.8417781],[32.8363519,39.8415887],[32.8355352,39.8411576],[32.8349652,39.8408963],[32.8344464,39.8406978],[32.8342103,39.8405989],[32.8340294,39.8399165],[32.8339699,39.8395703],[32.8339869,39.8393025],[32.834089,39.8390543],[32.834089,39.8388909],[32.8340612,39.8387683],[32.8340058,39.8386793],[32.8338933,39.8386231],[32.8336296,39.8385121],[32.8331702,39.8384533],[32.8326938,39.8385055],[32.8322685,39.8386166]]}},{"type":"Feature","properties":{"access":"no","bicycle":"permissive","foot":"permissive","highway":"track","source":"Yahoo hires","surface":"ground","tracktype":"grade4","osm_id":64896969},"geometry":{"type":"LineString","coordinates":[[32.8366496,39.8422811],[32.8371822,39.8426419],[32.8379547,39.843235],[32.8381478,39.8433585],[32.8382551,39.8435398]]}},{"type":"Feature","properties":{"highway":"tertiary","oneway":"-1","access":"yes","name":"555. Cadde","osm_id":65350875},"geometry":{"type":"LineString","coordinates":[[32.8695319,39.8676433],[32.8695095,39.8675229],[32.8694916,39.8674019],[32.8694757,39.8672938],[32.8693235,39.8670697]]}},{"type":"Feature","properties":{"name":"Kelebek Sk.","highway":"residential","osm_id":67333558},"geometry":{"type":"LineString","coordinates":[[32.8694876,39.8924086],[32.8693581,39.8923375],[32.8692109,39.8922643],[32.8689113,39.892107],[32.8684267,39.8910708],[32.8683632,39.8907963],[32.8683443,39.8905543],[32.8683583,39.8904767],[32.86847,39.8900917],[32.8686618,39.8898074],[32.86876,39.8896617],[32.86884,39.8895233],[32.8688482,39.8894717],[32.8686074,39.8891217],[32.868802,39.8892102],[32.8687847,39.8890276],[32.8687662,39.8888096],[32.8687198,39.8884319],[32.8686169,39.8881546],[32.8684428,39.8879052],[32.8683936,39.8878074]]}},{"type":"Feature","properties":{"highway":"steps","osm_id":68563598},"geometry":{"type":"LineString","coordinates":[[32.8326667,39.8484861],[32.832726,39.8483788]]}},{"type":"Feature","properties":{"name":"285. Sk.","highway":"residential","osm_id":68693396},"geometry":{"type":"LineString","coordinates":[[32.8670486,39.8847487],[32.8672543,39.8847989],[32.8673541,39.8848387],[32.86748,39.88488],[32.8677667,39.8849917],[32.8694379,39.8855898],[32.8710973,39.8860853],[32.8719942,39.8864811],[32.8730265,39.8869294],[32.8738973,39.8873522],[32.8741819,39.8874578]]}},{"type":"Feature","properties":{"highway":"residential","oneway":"yes","osm_id":68693397},"geometry":{"type":"LineString","coordinates":[[32.8742895,39.8849263],[32.8743317,39.884825],[32.8743117,39.88476]]}},{"type":"Feature","properties":{"highway":"tertiary","name":"Rafet Canıtez Caddesi","osm_id":68697950},"geometry":{"type":"LineString","coordinates":[[32.8184717,39.849215],[32.818617,39.8491682],[32.8188141,39.8490859],[32.8193131,39.8488863],[32.8195877,39.8487786],[32.8198795,39.8486642],[32.8202638,39.8485369],[32.820381,39.848487],[32.8205657,39.8484022],[32.820683,39.8483049],[32.8207451,39.8482075],[32.8207977,39.8481252],[32.8208676,39.8480404],[32.8209824,39.8478508],[32.8210393,39.8477836],[32.8211991,39.8476446],[32.8213367,39.8475625],[32.8215145,39.8474991],[32.8216809,39.8474533],[32.8217854,39.8474254],[32.8220817,39.8473766],[32.8228046,39.847249],[32.8240981,39.8470369],[32.8247708,39.8469052],[32.8249428,39.8468475],[32.825017,39.8468376],[32.8251023,39.8468262],[32.8252334,39.8468354],[32.825372,39.8468708],[32.8255285,39.8469227],[32.8256503,39.8469639],[32.8259166,39.8470745],[32.8263429,39.8473422]]}},{"type":"Feature","properties":{"name":"807.Sokak","lanes":"2","highway":"secondary","osm_id":68697960},"geometry":{"type":"LineString","coordinates":[[32.8240996,39.8545632],[32.8237841,39.8543183],[32.8223883,39.8531833],[32.8220115,39.8529057],[32.8219376,39.8528512],[32.8214767,39.8525117],[32.8211317,39.8522871],[32.8210567,39.8522383],[32.8208317,39.852125],[32.8203083,39.8519617],[32.8191383,39.8516817],[32.8175658,39.8513576],[32.8170575,39.8512557],[32.8168933,39.8512267],[32.8168209,39.8512142],[32.8165443,39.8511663],[32.816346,39.8511399],[32.8156281,39.8510888],[32.8147767,39.8510969],[32.8138479,39.8511246],[32.8130263,39.8511179],[32.8127909,39.851146],[32.8125889,39.8511945],[32.8118014,39.8514937]]}},{"type":"Feature","properties":{"highway":"residential","osm_id":68697964},"geometry":{"type":"LineString","coordinates":[[32.8311975,39.848274],[32.831165,39.8483883],[32.8311349,39.8490385],[32.8311325,39.8490885]]}},{"type":"Feature","properties":{"highway":"tertiary","name":"Ali Fuat Cebesoy Caddesi","lanes":"2","osm_id":68697968},"geometry":{"type":"LineString","coordinates":[[32.816346,39.8511399],[32.8163578,39.8510725],[32.8163638,39.8508926],[32.8163646,39.8508385],[32.816366,39.8507587],[32.8163036,39.8506437],[32.8161922,39.850464],[32.8160209,39.8502569],[32.8160028,39.8501235],[32.81601,39.84998],[32.8160053,39.8498807],[32.8160017,39.8498033],[32.8160149,39.8496889],[32.8160662,39.8495316],[32.8161436,39.849392],[32.8164634,39.8488941],[32.8166197,39.8486507],[32.8167299,39.8484792],[32.8167883,39.8483883],[32.8168795,39.8482295],[32.8170009,39.848018],[32.8172017,39.8476683],[32.8172251,39.8475669],[32.8172733,39.8473583],[32.8172383,39.8472183],[32.81715,39.847095],[32.8170685,39.8470291]]}},{"type":"Feature","properties":{"name":"Zülfü Tigrel Cad.","highway":"secondary","osm_id":68697971},"geometry":{"type":"LineString","coordinates":[[32.8261528,39.8479044],[32.8259412,39.8480173],[32.8258943,39.8480423],[32.8256836,39.8481547],[32.8246876,39.8486748],[32.8241288,39.849036],[32.8231401,39.8496185],[32.8226143,39.8499283],[32.8220297,39.8502727],[32.8215506,39.850559],[32.8214634,39.8506053]]}},{"type":"Feature","properties":{"highway":"tertiary","oneway":"yes","name":"Rafet Canıtez Caddesi","osm_id":68697975},"geometry":{"type":"LineString","coordinates":[[32.8263429,39.8473422],[32.8266764,39.8474654],[32.8268166,39.8475374]]}},{"type":"Feature","properties":{"highway":"residential","name":"Hüsmen Çağlak Sokağı","osm_id":68697976},"geometry":{"type":"LineString","coordinates":[[32.8220297,39.8502727],[32.821965,39.850155],[32.8216778,39.8496976],[32.8215683,39.8495233],[32.8214979,39.849438],[32.8213917,39.84943],[32.8211284,39.8495209]]}},{"type":"Feature","properties":{"highway":"residential","name":"Arif Nihat Asya Sokağı","osm_id":68697979},"geometry":{"type":"LineString","coordinates":[[32.8184717,39.849215],[32.818325,39.8489767],[32.8182333,39.848925],[32.8179733,39.8489083],[32.8178533,39.8489383],[32.8177583,39.8490067],[32.8172767,39.84979],[32.817255,39.8499183],[32.8172933,39.8500517],[32.8179083,39.850615]]}},{"type":"Feature","properties":{"highway":"primary","oneway":"yes","osm_id":68697981},"geometry":{"type":"LineString","coordinates":[[32.8115313,39.8514844],[32.8116431,39.8514906]]}},{"type":"Feature","properties":{"source":"Bing","name":"758. Sokak","highway":"residential","osm_id":68697992},"geometry":{"type":"LineString","coordinates":[[32.8443003,39.8734224],[32.8427084,39.8742346],[32.8420174,39.8746368],[32.841984,39.875064],[32.8420112,39.875683],[32.8420174,39.8758245],[32.8418838,39.8762347],[32.8415286,39.8767365],[32.8413983,39.8770233],[32.8413296,39.8777186],[32.8412772,39.8784528],[32.8412603,39.8786528],[32.8411823,39.879285],[32.841294,39.879676],[32.8417648,39.8812892],[32.8417935,39.8815354],[32.8418284,39.8824871]]}},{"type":"Feature","properties":{"highway":"residential","name":"Hilmi Çayıroğlu Caddesi","osm_id":68697997},"geometry":{"type":"LineString","coordinates":[[32.8161436,39.849392],[32.8148258,39.8489514],[32.8139891,39.8486136]]}},{"type":"Feature","properties":{"name":"931. Cadde","highway":"secondary","osm_id":68697999},"geometry":{"type":"LineString","coordinates":[[32.832322,39.8724988],[32.8329744,39.872057],[32.8330935,39.8719692],[32.8336296,39.8715997],[32.8342782,39.8711587],[32.8345361,39.8709203],[32.8348886,39.8706827],[32.8358917,39.869795],[32.8360083,39.869635],[32.8360967,39.8694367],[32.8362091,39.8684309],[32.8362315,39.8683099],[32.8362512,39.8681014],[32.8359905,39.8677673],[32.835855,39.8676133],[32.835424,39.8672682],[32.8350806,39.8669932],[32.8350183,39.8669433],[32.8342533,39.866285],[32.83389,39.8657817],[32.833693,39.8655309],[32.8335761,39.8651498],[32.8335122,39.8650048],[32.8334308,39.8648508],[32.8330575,39.8638835],[32.8329574,39.8636415],[32.8327049,39.863043],[32.8326517,39.86292],[32.8324667,39.8626],[32.8319276,39.8619219],[32.8314317,39.8612233],[32.8312105,39.8610162],[32.8308697,39.8605382],[32.8306867,39.860315],[32.8304185,39.8600614],[32.830293,39.859882],[32.8297621,39.8590649],[32.82956,39.8587917],[32.8292633,39.85844],[32.8289317,39.858125],[32.8286503,39.8579009],[32.828565,39.8578329],[32.8282741,39.8576012],[32.8278734,39.8572819],[32.82735,39.856865],[32.82717,39.856695],[32.82676,39.8563833],[32.8257344,39.8557059],[32.82566,39.8556567],[32.8254683,39.8553967],[32.8252567,39.8548633],[32.8251383,39.85468],[32.8249767,39.85453],[32.824813,39.8544302]]}},{"type":"Feature","properties":{"highway":"residential","oneway":"yes","osm_id":68698009},"geometry":{"type":"LineString","coordinates":[[32.8311325,39.8490885],[32.8312084,39.849102],[32.8313072,39.8491521],[32.831435,39.84926],[32.8320667,39.8497067],[32.832265,39.849915],[32.83233,39.8500317],[32.8324767,39.85049],[32.8325283,39.8505783],[32.8326917,39.8507217],[32.8329133,39.8508033],[32.8331567,39.8508317],[32.83427,39.8508717],[32.8344317,39.8509916]]}},{"type":"Feature","properties":{"highway":"residential","name":"Prof.Dr.Aziz Sancar Caddesi","osm_id":71830078},"geometry":{"type":"LineString","coordinates":[[32.8580802,39.8859772],[32.8586382,39.8864311],[32.8588785,39.8867142],[32.8590115,39.8869008],[32.8592068,39.887175],[32.8592304,39.8872082],[32.859274,39.887389],[32.8593162,39.8875638],[32.8592733,39.8878075],[32.8592425,39.8878632],[32.8591532,39.8880248],[32.8588473,39.8883394]]}},{"type":"Feature","properties":{"name":"530. Sk.","highway":"residential","osm_id":72861038},"geometry":{"type":"LineString","coordinates":[[32.8642713,39.8665846],[32.863237,39.8660254],[32.8621002,39.8654171]]}},{"type":"Feature","properties":{"highway":"residential","name":"546. Sokak","osm_id":72861039},"geometry":{"type":"LineString","coordinates":[[32.8656123,39.8692219],[32.8643639,39.8684229]]}},{"type":"Feature","properties":{"name":"543. Sokak","highway":"residential","osm_id":72861042},"geometry":{"type":"LineString","coordinates":[[32.8641072,39.8673667],[32.8627558,39.8685799],[32.8617005,39.869376]]}},{"type":"Feature","properties":{"highway":"residential","name":"539. Sokak","osm_id":72861043},"geometry":{"type":"LineString","coordinates":[[32.8684318,39.8693152],[32.8680279,39.8690669],[32.8676855,39.8688544],[32.8670481,39.868405]]}},{"type":"Feature","properties":{"highway":"residential","name":"537. Sokak","osm_id":72861044},"geometry":{"type":"LineString","coordinates":[[32.869134,39.8682391],[32.8690224,39.8681742],[32.8688064,39.868062],[32.867847,39.8675723]]}},{"type":"Feature","properties":{"name":"548. Sokak","highway":"residential","osm_id":72861045},"geometry":{"type":"LineString","coordinates":[[32.8658055,39.8703977],[32.8649065,39.8698529],[32.8636209,39.8691207],[32.8627558,39.8685799],[32.8620205,39.8680935],[32.8616281,39.8679991],[32.8614144,39.8679027]]}},{"type":"Feature","properties":{"highway":"residential","name":"538. Sokak","osm_id":72861046},"geometry":{"type":"LineString","coordinates":[[32.8673166,39.8681252],[32.8681997,39.8685785],[32.868375,39.8686604],[32.8687557,39.8688397]]}},{"type":"Feature","properties":{"highway":"residential","name":"535. Sokak","osm_id":72861051},"geometry":{"type":"LineString","coordinates":[[32.867357,39.8668556],[32.8659086,39.8684449]]}},{"type":"Feature","properties":{"highway":"residential","name":"536. Sokak","osm_id":72861053},"geometry":{"type":"LineString","coordinates":[[32.868108,39.8673003],[32.867847,39.8675723],[32.8673166,39.8681252],[32.8670481,39.868405],[32.8665748,39.8688983]]}},{"type":"Feature","properties":{"highway":"residential","name":"534. Sokak","osm_id":72864573},"geometry":{"type":"LineString","coordinates":[[32.8664698,39.8663848],[32.867357,39.8668556]]}},{"type":"Feature","properties":{"highway":"residential","name":"549. Sokak","osm_id":72864823},"geometry":{"type":"LineString","coordinates":[[32.8670366,39.8692387],[32.8662936,39.8699736],[32.8658055,39.8703977],[32.865756,39.870537],[32.8649981,39.8712149],[32.863641,39.872148],[32.8632388,39.8722966]]}},{"type":"Feature","properties":{"highway":"residential","name":"547. Sokak","osm_id":72864824},"geometry":{"type":"LineString","coordinates":[[32.8662156,39.8686538],[32.8656123,39.8692219],[32.8649065,39.8698529],[32.8642184,39.8705454]]}},{"type":"Feature","properties":{"name":"552. Sk.","highway":"residential","oneway":"yes","osm_id":72864826},"geometry":{"type":"LineString","coordinates":[[32.8630434,39.8719488],[32.863378,39.8717501],[32.8634447,39.8716934],[32.8638361,39.8713604],[32.8645478,39.8708286]]}},{"type":"Feature","properties":{"highway":"residential","name":"542. Sokak","osm_id":72864977},"geometry":{"type":"LineString","coordinates":[[32.8620205,39.8680935],[32.862651,39.8676104],[32.8634191,39.8670219]]}},{"type":"Feature","properties":{"name":"513. Sokak","highway":"residential","osm_id":76561569},"geometry":{"type":"LineString","coordinates":[[32.8660332,39.8753277],[32.8657401,39.8749101],[32.8655317,39.8745452],[32.8649876,39.873591],[32.8643537,39.872686]]}},{"type":"Feature","properties":{"name":"553. Sk.","highway":"residential","osm_id":76561673},"geometry":{"type":"LineString","coordinates":[[32.8637807,39.8701928],[32.8632281,39.8705782],[32.8625112,39.8709388]]}},{"type":"Feature","properties":{"name":"532. Sk.","highway":"residential","osm_id":76562227},"geometry":{"type":"LineString","coordinates":[[32.8648011,39.8660245],[32.8644018,39.8664533],[32.8642713,39.8665846],[32.8636877,39.8671565]]}},{"type":"Feature","properties":{"name":"533. Sk.","highway":"residential","osm_id":76562228},"geometry":{"type":"LineString","coordinates":[[32.8644018,39.8664533],[32.8657023,39.8671774]]}},{"type":"Feature","properties":{"name":"523. Sk.","highway":"residential","osm_id":76562229},"geometry":{"type":"LineString","coordinates":[[32.8626956,39.8649066],[32.8621002,39.8654171],[32.8615184,39.8659509],[32.8614215,39.8660398]]}},{"type":"Feature","properties":{"name":"531. Sk.","highway":"residential","osm_id":76562230},"geometry":{"type":"LineString","coordinates":[[32.8637711,39.8655139],[32.863237,39.8660254],[32.8626124,39.8666092]]}},{"type":"Feature","properties":{"name":"524. Sk.","foot":"designated","highway":"residential","horse":"no","lanes":"2","oneway":"no","surface":"asphalt","osm_id":76562231},"geometry":{"type":"LineString","coordinates":[[32.8648011,39.8660245],[32.8637711,39.8655139],[32.8636897,39.8654683],[32.8626956,39.8649066],[32.8623078,39.8646442]]}},{"type":"Feature","properties":{"oneway":"yes","name":"Simon Bolivar Caddesi","highway":"primary","osm_id":78290241},"geometry":{"type":"LineString","coordinates":[[32.8554313,39.8852022],[32.8554618,39.8851108],[32.8555065,39.8850235],[32.8555129,39.8850118]]}},{"type":"Feature","properties":{"highway":"residential","oneway":"yes","osm_id":84011845},"geometry":{"type":"LineString","coordinates":[[32.8724796,39.8810396],[32.8727287,39.8813608]]}},{"type":"Feature","properties":{"highway":"residential","osm_id":88368653},"geometry":{"type":"LineString","coordinates":[[32.8728634,39.870609],[32.8723421,39.8698748],[32.8715946,39.8698526],[32.8712798,39.8698433],[32.8708722,39.8698312],[32.8704001,39.8698172],[32.8701318,39.8706401]]}},{"type":"Feature","properties":{"source":"Bing","highway":"residential","osm_id":124297725},"geometry":{"type":"LineString","coordinates":[[32.8270916,39.8867105],[32.8274972,39.8874877]]}},{"type":"Feature","properties":{"source":"Bing","highway":"residential","osm_id":124297726},"geometry":{"type":"LineString","coordinates":[[32.8283477,39.8873637],[32.8283858,39.8880573],[32.8284122,39.8889192],[32.8290817,39.8889067]]}},{"type":"Feature","properties":{"source":"Bing","highway":"residential","osm_id":124297727},"geometry":{"type":"LineString","coordinates":[[32.8288073,39.8854466],[32.8281107,39.8855277],[32.8275602,39.8855566],[32.8271292,39.8855861]]}},{"type":"Feature","properties":{"source":"Bing","highway":"residential","osm_id":124297728},"geometry":{"type":"LineString","coordinates":[[32.8275602,39.8855566],[32.8276364,39.8860932],[32.8277526,39.8865733],[32.8280932,39.8873887]]}},{"type":"Feature","properties":{"source":"Bing","highway":"residential","osm_id":124297729},"geometry":{"type":"LineString","coordinates":[[32.8271292,39.8855861],[32.8271924,39.8862876],[32.8272482,39.886668]]}},{"type":"Feature","properties":{"source":"Bing","highway":"residential","osm_id":124297731},"geometry":{"type":"LineString","coordinates":[[32.8288948,39.8860229],[32.8276364,39.8860932]]}},{"type":"Feature","properties":{"name":"Perçem Sokak","source":"Bing","highway":"residential","osm_id":124297732},"geometry":{"type":"LineString","coordinates":[[32.8308292,39.8782639],[32.8327445,39.8798036],[32.8329135,39.8799533],[32.8335922,39.8806831],[32.8343085,39.8815901],[32.8345218,39.8819201]]}},{"type":"Feature","properties":{"highway":"tertiary","source":"Bing","name":"Ece Caddesi","osm_id":124297734},"geometry":{"type":"LineString","coordinates":[[32.8370825,39.8778967],[32.8362188,39.8783137],[32.8357717,39.8785401],[32.835319,39.8787617],[32.8350538,39.8789016],[32.8347021,39.8790744],[32.8344027,39.8792295],[32.8339867,39.879439],[32.8334042,39.8797065],[32.8329135,39.8799533],[32.8320309,39.8803657],[32.8311475,39.8807998]]}},{"type":"Feature","properties":{"source":"Bing","name":"Pirsultan Sokak","highway":"residential","osm_id":124297735},"geometry":{"type":"LineString","coordinates":[[32.8367569,39.8789214],[32.8360406,39.8792786],[32.8352712,39.8796345],[32.8345838,39.8800174]]}},{"type":"Feature","properties":{"source":"Bing","highway":"residential","name":"Çelikkale Sokak","osm_id":124297736},"geometry":{"type":"LineString","coordinates":[[32.8352712,39.8796345],[32.8357293,39.8802342],[32.8361113,39.8808572],[32.8363385,39.8813988]]}},{"type":"Feature","properties":{"source":"Bing","highway":"service","osm_id":124297739},"geometry":{"type":"LineString","coordinates":[[32.8276732,39.8701168],[32.8275326,39.8702803],[32.8268139,39.8699353]]}},{"type":"Feature","properties":{"source":"Bing","highway":"residential","osm_id":124297740},"geometry":{"type":"LineString","coordinates":[[32.8183617,39.8837648],[32.8188807,39.8831728],[32.8190088,39.882947],[32.8190443,39.8828229],[32.8190657,39.8826335],[32.8190631,39.882086],[32.8190335,39.8818679],[32.8188889,39.88126],[32.818846,39.8810562],[32.8184389,39.8805104],[32.8178402,39.8797821]]}},{"type":"Feature","properties":{"source":"Bing","highway":"residential","osm_id":124297741},"geometry":{"type":"LineString","coordinates":[[32.8201785,39.883764],[32.8201845,39.8839035],[32.8201726,39.8840865],[32.8201447,39.8842549],[32.8201069,39.8844467],[32.8199599,39.8851886],[32.819852,39.8857392],[32.819805,39.886357],[32.8197967,39.8864659]]}},{"type":"Feature","properties":{"highway":"residential","name":"1057. Cadde","source":"Bing","osm_id":124297742},"geometry":{"type":"LineString","coordinates":[[32.8325054,39.8726497],[32.8321541,39.8732702],[32.8320415,39.8734092],[32.8318294,39.8736381],[32.8315997,39.8738415],[32.831054,39.8742026],[32.8304598,39.8748316],[32.8298224,39.8756516],[32.8293302,39.8762548],[32.8292407,39.8763974],[32.8290636,39.8765926],[32.8285717,39.8768998],[32.8279501,39.8772815],[32.8276869,39.8774549],[32.8268751,39.8779516],[32.8262953,39.8785086],[32.8262278,39.8785723],[32.8256892,39.8790598],[32.8248316,39.879863],[32.824708,39.8799527],[32.8245127,39.8800416],[32.8243151,39.8800799],[32.8232837,39.8801879]]}},{"type":"Feature","properties":{"source":"Bing","highway":"residential","osm_id":124297743},"geometry":{"type":"LineString","coordinates":[[32.8221891,39.8803715],[32.8222726,39.8807759],[32.82233,39.8810802],[32.8223603,39.8812583],[32.8224612,39.8817582],[32.822558,39.8822905],[32.8227104,39.8833603],[32.8228599,39.8841175],[32.8229905,39.8848387],[32.823157,39.8863364]]}},{"type":"Feature","properties":{"highway":"residential","source":"Bing","osm_id":124297745},"geometry":{"type":"LineString","coordinates":[[32.8171897,39.8886569],[32.8173287,39.8880086],[32.8172896,39.8874235],[32.8171802,39.8868351]]}},{"type":"Feature","properties":{"highway":"residential","source":"Bing","osm_id":124297746},"geometry":{"type":"LineString","coordinates":[[32.8176907,39.8827155],[32.8166857,39.8827401]]}},{"type":"Feature","properties":{"source":"Bing","highway":"residential","osm_id":124297747},"geometry":{"type":"LineString","coordinates":[[32.8201692,39.8804185],[32.8201254,39.8810686],[32.8200575,39.8818661],[32.8200666,39.8825442],[32.8200769,39.8832011],[32.8200861,39.8837732]]}},{"type":"Feature","properties":{"source":"Bing","highway":"residential","osm_id":124297749},"geometry":{"type":"LineString","coordinates":[[32.8230412,39.8768132],[32.8222844,39.8770348],[32.8216178,39.8772261],[32.8212787,39.8773282],[32.8205679,39.8773473]]}},{"type":"Feature","properties":{"source":"Bing","highway":"residential","osm_id":124297750},"geometry":{"type":"LineString","coordinates":[[32.8212787,39.8773282],[32.8214619,39.877795],[32.8215422,39.8779128],[32.8216335,39.8780089],[32.8217822,39.8781211],[32.8219586,39.8782174],[32.8222052,39.8783481],[32.8223047,39.8783911],[32.8225571,39.8785237],[32.8232421,39.8785252]]}},{"type":"Feature","properties":{"source":"Bing","highway":"residential","osm_id":124297751},"geometry":{"type":"LineString","coordinates":[[32.8236877,39.8814105],[32.8224612,39.8817582],[32.8210323,39.8818894],[32.8200575,39.8818661],[32.8193983,39.8818679],[32.8190335,39.8818679]]}},{"type":"Feature","properties":{"source":"Bing","highway":"residential","osm_id":124297752},"geometry":{"type":"LineString","coordinates":[[32.8237091,39.8821428],[32.822558,39.8822905],[32.8218084,39.882435],[32.8211784,39.882505],[32.8208134,39.8825304],[32.8200666,39.8825442]]}},{"type":"Feature","properties":{"source":"Bing","highway":"residential","osm_id":124297753},"geometry":{"type":"LineString","coordinates":[[32.8218084,39.882435],[32.8219795,39.8834753]]}},{"type":"Feature","properties":{"source":"Bing","highway":"residential","osm_id":124297754},"geometry":{"type":"LineString","coordinates":[[32.8208134,39.8825304],[32.8208264,39.8836601]]}},{"type":"Feature","properties":{"source":"Bing","highway":"residential","osm_id":124297755},"geometry":{"type":"LineString","coordinates":[[32.8237741,39.8847486],[32.8229905,39.8848387],[32.822409,39.8849096],[32.8216387,39.8850117],[32.8207821,39.8851049],[32.8199599,39.8851886],[32.8194708,39.8851862],[32.8187858,39.8851484]]}},{"type":"Feature","properties":{"source":"Bing","highway":"residential","osm_id":124297756},"geometry":{"type":"LineString","coordinates":[[32.8189504,39.8838149],[32.8188853,39.8844072],[32.8188096,39.8849978],[32.8187858,39.8851484],[32.8187564,39.8853374],[32.8187196,39.8856807]]}},{"type":"Feature","properties":{"source":"Bing","highway":"residential","osm_id":124297757},"geometry":{"type":"LineString","coordinates":[[32.8188853,39.8844072],[32.8201069,39.8844467]]}},{"type":"Feature","properties":{"source":"Bing","highway":"residential","osm_id":124297758},"geometry":{"type":"LineString","coordinates":[[32.8188096,39.8849978],[32.817965,39.884957]]}},{"type":"Feature","properties":{"source":"Bing","name":"Cahit Sıtkı Sokak","highway":"residential","osm_id":124297873},"geometry":{"type":"LineString","coordinates":[[32.8316191,39.8753468],[32.8326383,39.8769198],[32.8330808,39.8776347],[32.8333572,39.8779142],[32.8336309,39.878191],[32.8337661,39.8783276],[32.8347021,39.8790744]]}},{"type":"Feature","properties":{"highway":"residential","source":"Bing","name":"Dadaloğlu Sokak","osm_id":124297874},"geometry":{"type":"LineString","coordinates":[[32.8353621,39.877379],[32.8349771,39.8775605],[32.8345093,39.877781],[32.8341535,39.8779471],[32.8336309,39.878191]]}},{"type":"Feature","properties":{"source":"Bing","highway":"residential","name":"Aşık Veysel Sokak","osm_id":124297875},"geometry":{"type":"LineString","coordinates":[[32.8345093,39.877781],[32.835319,39.8787617]]}},{"type":"Feature","properties":{"source":"Bing","highway":"residential","name":"Elmadağı Sokak","osm_id":124297876},"geometry":{"type":"LineString","coordinates":[[32.8360406,39.8792786],[32.8365419,39.8798578],[32.8369036,39.8805028],[32.8371765,39.8811527]]}},{"type":"Feature","properties":{"source":"Bing","name":"Emrah Sokak","highway":"residential","osm_id":124297877},"geometry":{"type":"LineString","coordinates":[[32.8343483,39.8762305],[32.8334535,39.876588],[32.8326383,39.8769198]]}},{"type":"Feature","properties":{"source":"Bing","name":"Fehmi Tacer Sokak","highway":"residential","osm_id":124297878},"geometry":{"type":"LineString","coordinates":[[32.8320443,39.8748606],[32.8334535,39.876588]]}},{"type":"Feature","properties":{"name":"1022. Sokak","highway":"residential","source":"Bing","osm_id":124297884},"geometry":{"type":"LineString","coordinates":[[32.8336296,39.8715997],[32.834362,39.8721944],[32.8355453,39.8731554],[32.8356079,39.8732063],[32.8358089,39.8733695],[32.8369427,39.8739471],[32.8376251,39.8740703],[32.8377735,39.8740971],[32.8385261,39.8740446],[32.8393178,39.8738721],[32.8396693,39.8737429]]}},{"type":"Feature","properties":{"source":"Bing","name":"1036. Sokak","highway":"residential","osm_id":124297888},"geometry":{"type":"LineString","coordinates":[[32.8392103,39.8697013],[32.8396538,39.870296],[32.8401874,39.8709538],[32.8404378,39.8712744],[32.8406867,39.871611],[32.8411025,39.8722387],[32.8416266,39.8729133],[32.8421999,39.8736139]]}},{"type":"Feature","properties":{"highway":"service","source":"Bing","osm_id":124297890},"geometry":{"type":"LineString","coordinates":[[32.8477116,39.8737895],[32.84714,39.8741391]]}},{"type":"Feature","properties":{"source":"Bing","name":"764. Sokak","highway":"residential","osm_id":124297891},"geometry":{"type":"LineString","coordinates":[[32.8434529,39.8730718],[32.8443003,39.8734224],[32.8450158,39.8737185],[32.8451907,39.8737908],[32.8457916,39.8740697],[32.8461483,39.8742352],[32.846504,39.8744904]]}},{"type":"Feature","properties":{"highway":"residential","source":"Bing","osm_id":124297893},"geometry":{"type":"LineString","coordinates":[[32.8381538,39.8718596],[32.8383403,39.8719404],[32.8386994,39.8722954],[32.8387665,39.8723834],[32.8389418,39.872612],[32.8392589,39.8730293],[32.8393118,39.8730986],[32.8396693,39.8737429]]}},{"type":"Feature","properties":{"source":"Bing","highway":"residential","name":"1032. Sokak","osm_id":124297895},"geometry":{"type":"LineString","coordinates":[[32.8425687,39.8716285],[32.8411025,39.8722387],[32.8392589,39.8730293],[32.8389386,39.8731468],[32.838611,39.8732307],[32.8383384,39.8732906],[32.8380639,39.873332],[32.8376886,39.8733429],[32.8371336,39.8732042],[32.8362662,39.8727973]]}},{"type":"Feature","properties":{"source":"Bing","name":"761. Sokak","highway":"residential","osm_id":124297897},"geometry":{"type":"LineString","coordinates":[[32.8457916,39.8740697],[32.8446457,39.874749],[32.8435849,39.8753044],[32.8429736,39.8755707],[32.8420112,39.875683],[32.8408804,39.8755706],[32.839824,39.8754656]]}},{"type":"Feature","properties":{"name":"755. Sokak","source":"Bing","highway":"residential","osm_id":124297899},"geometry":{"type":"LineString","coordinates":[[32.8392771,39.875908],[32.8392712,39.876187],[32.8392592,39.876758],[32.839238,39.8777663],[32.8392212,39.8785649],[32.8392186,39.8786887],[32.8392451,39.8787661],[32.8394948,39.879497],[32.8400547,39.8809736],[32.8401522,39.8814287],[32.8402906,39.882696],[32.8403069,39.8831442],[32.8403187,39.8842377]]}},{"type":"Feature","properties":{"source":"Bing","highway":"residential","osm_id":124297900},"geometry":{"type":"LineString","coordinates":[[32.8392212,39.8785649],[32.8412772,39.8784528],[32.8421669,39.8784861],[32.8423237,39.8784976],[32.8427252,39.878527],[32.8429498,39.8785435]]}},{"type":"Feature","properties":{"source":"Bing","name":"754. Sokak","highway":"residential","osm_id":124297901},"geometry":{"type":"LineString","coordinates":[[32.8382224,39.8764622],[32.838271,39.87681],[32.8382931,39.8773271],[32.8382997,39.8778035],[32.8382652,39.8785874],[32.8382494,39.8791336]]}},{"type":"Feature","properties":{"source":"Bing","name":"765. Sokak","highway":"residential","osm_id":124297902},"geometry":{"type":"LineString","coordinates":[[32.8450158,39.8737185],[32.8431742,39.8748031]]}},{"type":"Feature","properties":{"highway":"residential","source":"Bing","osm_id":124297903},"geometry":{"type":"LineString","coordinates":[[32.8446457,39.874749],[32.8450051,39.8752907]]}},{"type":"Feature","properties":{"source":"Bing","highway":"residential","osm_id":124297904},"geometry":{"type":"LineString","coordinates":[[32.8449218,39.8753352],[32.8453851,39.8759852],[32.8457357,39.876477]]}},{"type":"Feature","properties":{"source":"Bing","highway":"residential","osm_id":124297905},"geometry":{"type":"LineString","coordinates":[[32.8477602,39.8748614],[32.8453851,39.8759852]]}},{"type":"Feature","properties":{"source":"Bing","highway":"residential","osm_id":124297906},"geometry":{"type":"LineString","coordinates":[[32.8457357,39.876477],[32.8458754,39.8772467],[32.8462053,39.8789378]]}},{"type":"Feature","properties":{"source":"Bing","name":"Dayanışma Sokak","highway":"residential","osm_id":124297907},"geometry":{"type":"LineString","coordinates":[[32.8429815,39.8775089],[32.8443448,39.8773827],[32.8449784,39.8773264],[32.8458754,39.8772467],[32.846832,39.8771552],[32.8473965,39.877074],[32.8475181,39.8770253],[32.8478621,39.8767678],[32.8489669,39.8759201],[32.8490522,39.8758223],[32.8490522,39.8757585],[32.8490019,39.8756999]]}},{"type":"Feature","properties":{"source":"Bing","name":"759. Sokak","highway":"residential","osm_id":124297908},"geometry":{"type":"LineString","coordinates":[[32.8430242,39.877208],[32.8413983,39.8770233],[32.8407641,39.8769447],[32.8399628,39.8768453],[32.8392592,39.876758]]}},{"type":"Feature","properties":{"source":"Bing","name":"760. Sokak","highway":"residential","osm_id":124297909},"geometry":{"type":"LineString","coordinates":[[32.8409604,39.8740949],[32.8409599,39.8752369],[32.8408804,39.8755706],[32.8404677,39.8762782],[32.8399628,39.8768453]]}},{"type":"Feature","properties":{"oneway":"yes","highway":"trunk_link","osm_id":124897205},"geometry":{"type":"LineString","coordinates":[[32.8123087,39.8873064],[32.8123825,39.8872302],[32.8125072,39.8871889],[32.8126206,39.8871976],[32.8127369,39.8872716]]}},{"type":"Feature","properties":{"highway":"secondary","name":"1071 Malazgirt Bulvarı","oneway":"yes","osm_id":124897213},"geometry":{"type":"LineString","coordinates":[[32.8141363,39.8868117],[32.8137352,39.8868399],[32.8133799,39.8868796],[32.8132415,39.8868942]]}},{"type":"Feature","properties":{"name":"5. Cad.","highway":"residential","osm_id":124897256},"geometry":{"type":"LineString","coordinates":[[32.8145139,39.8870508],[32.8146477,39.8870453],[32.8147753,39.8870605],[32.8149142,39.8871041],[32.8163744,39.8879982]]}},{"type":"Feature","properties":{"highway":"residential","source":"GPS","osm_id":124897263},"geometry":{"type":"LineString","coordinates":[[32.9051672,39.8896412],[32.9052893,39.8891184],[32.905381,39.888613],[32.90555,39.888064],[32.9055344,39.887694],[32.905447,39.887378],[32.9052613,39.8870057],[32.905227,39.886937],[32.905057,39.886497],[32.9048173,39.8861618],[32.904356,39.8856349],[32.9039483,39.885248],[32.9035406,39.8850257],[32.9031222,39.8848364],[32.9023497,39.8845235],[32.9014643,39.8841893],[32.9009716,39.8840047],[32.90046,39.883794],[32.899765,39.883388],[32.899006,39.88301],[32.898632,39.882794],[32.898228,39.882495],[32.897934,39.882209],[32.897527,39.881803],[32.8968565,39.8812633],[32.8964274,39.8809669],[32.8962879,39.8807858],[32.8960733,39.8802918],[32.8957837,39.8796661],[32.8956227,39.8792873],[32.8953116,39.8787933],[32.8952258,39.8785463],[32.8951828,39.8781182],[32.8951507,39.8776407],[32.8951614,39.877122],[32.8951399,39.8768667],[32.895109,39.8767831],[32.89506,39.876651],[32.894892,39.876395],[32.894726,39.876079],[32.894537,39.875799],[32.89451,39.875414],[32.894442,39.875165],[32.894171,39.874804],[32.893773,39.87436],[32.893587,39.8741254],[32.893402,39.873892],[32.893076,39.873584],[32.892839,39.873457],[32.892128,39.873311],[32.891576,39.873187],[32.890749,39.873048],[32.8906084,39.873018],[32.890239,39.872939],[32.8895952,39.8726494],[32.889552,39.87263],[32.889211,39.872442],[32.888455,39.872204],[32.887893,39.872029],[32.887149,39.871565],[32.886903,39.871101],[32.886759,39.870444],[32.886461,39.869305],[32.886296,39.86901],[32.8861975,39.8688942],[32.886028,39.868775],[32.885623,39.868649],[32.885224,39.86849],[32.884807,39.868265],[32.884438,39.868179],[32.8838782,39.868024],[32.8832856,39.8679616],[32.88233,39.867679],[32.881753,39.8675081],[32.88131,39.867317],[32.8800947,39.8669006],[32.8795229,39.8667211],[32.8792463,39.86641],[32.8789977,39.8660345],[32.878672,39.865636],[32.878254,39.865076],[32.877983,39.864738],[32.87767,39.864298],[32.877547,39.864003],[32.877517,39.863706],[32.877624,39.863293],[32.877741,39.86289],[32.877862,39.86243],[32.877756,39.86202]]}},{"type":"Feature","properties":{"highway":"residential","osm_id":124897268},"geometry":{"type":"LineString","coordinates":[[32.8167787,39.8886447],[32.8171897,39.8886569],[32.818326,39.8885628]]}},{"type":"Feature","properties":{"highway":"residential","osm_id":124897302},"geometry":{"type":"LineString","coordinates":[[32.8423752,39.8854409],[32.8417948,39.8860146],[32.8415377,39.8860962],[32.8410234,39.8861384]]}},{"type":"Feature","properties":{"highway":"residential","osm_id":124897305},"geometry":{"type":"LineString","coordinates":[[32.8173287,39.8880086],[32.8182258,39.887931]]}},{"type":"Feature","properties":{"highway":"secondary_link","oneway":"yes","osm_id":124897315},"geometry":{"type":"LineString","coordinates":[[32.8126733,39.8866202],[32.8127743,39.8866805],[32.8128828,39.8867178],[32.8129582,39.8867244]]}},{"type":"Feature","properties":{"oneway":"yes","highway":"secondary","name":"1071 Malazgirt Bulvarı","osm_id":124897324},"geometry":{"type":"LineString","coordinates":[[32.8132128,39.8867806],[32.8133035,39.8867696],[32.8138514,39.8867215],[32.8148055,39.8866875]]}},{"type":"Feature","properties":{"name":"5. Cad.","highway":"residential","osm_id":124897325},"geometry":{"type":"LineString","coordinates":[[32.8162858,39.8882212],[32.8164425,39.8884112],[32.8167787,39.8886447],[32.8177844,39.8895771]]}},{"type":"Feature","properties":{"highway":"secondary","name":"Cezayir Caddesi","osm_id":124897355},"geometry":{"type":"LineString","coordinates":[[32.8552604,39.8726299],[32.8542664,39.8726257],[32.8536567,39.8726231],[32.8532694,39.8726214],[32.8524852,39.8726348]]}},{"type":"Feature","properties":{"oneway":"yes","highway":"trunk_link","osm_id":124897358},"geometry":{"type":"LineString","coordinates":[[32.8126575,39.8864753],[32.8125724,39.886558],[32.8124618,39.886595],[32.8123569,39.8865863],[32.812218,39.8865167]]}},{"type":"Feature","properties":{"highway":"residential","osm_id":124897369},"geometry":{"type":"LineString","coordinates":[[32.8714318,39.8874766],[32.8719045,39.8868596]]}},{"type":"Feature","properties":{"highway":"residential","osm_id":124972384},"geometry":{"type":"LineString","coordinates":[[32.8260663,39.8752199],[32.8247704,39.8749823],[32.8245901,39.8749352],[32.8243847,39.8749423],[32.8243289,39.8749766],[32.8242913,39.8749997],[32.8241885,39.8751108],[32.8240998,39.8752362],[32.8240811,39.8754548],[32.8240671,39.8756125],[32.8240049,39.8756285]]}},{"type":"Feature","properties":{"highway":"residential","name":"1350. Sokak","osm_id":124972385},"geometry":{"type":"LineString","coordinates":[[32.8277889,39.8824644],[32.8289001,39.8823695],[32.8294048,39.8823293]]}},{"type":"Feature","properties":{"highway":"residential","osm_id":124972387},"geometry":{"type":"LineString","coordinates":[[32.8315997,39.8738415],[32.8304907,39.8733143],[32.8288163,39.8725141],[32.8279546,39.8719437],[32.8269391,39.8713047]]}},{"type":"Feature","properties":{"highway":"residential","osm_id":124972391},"geometry":{"type":"LineString","coordinates":[[32.8300516,39.8880336],[32.8290529,39.8880391]]}},{"type":"Feature","properties":{"highway":"residential","name":"1053. Sokak","osm_id":124972403},"geometry":{"type":"LineString","coordinates":[[32.8290504,39.8733668],[32.8286219,39.8738585],[32.8271677,39.8761216]]}},{"type":"Feature","properties":{"highway":"residential","osm_id":124972409},"geometry":{"type":"LineString","coordinates":[[32.8269007,39.8736111],[32.8260025,39.8730266]]}},{"type":"Feature","properties":{"highway":"residential","osm_id":124972410},"geometry":{"type":"LineString","coordinates":[[32.831054,39.8742026],[32.830557,39.8739806],[32.8290504,39.8733668],[32.8282331,39.8728701],[32.8264356,39.8717222],[32.8256232,39.8711408]]}},{"type":"Feature","properties":{"highway":"residential","osm_id":124972414},"geometry":{"type":"LineString","coordinates":[[32.8284927,39.8715104],[32.8291444,39.8708831]]}},{"type":"Feature","properties":{"highway":"residential","name":"1055. Sokak","osm_id":124972418},"geometry":{"type":"LineString","coordinates":[[32.82591,39.8759247],[32.8265142,39.8760051],[32.8271677,39.8761216],[32.8276693,39.8762593],[32.8279416,39.8763441],[32.8280843,39.8764541],[32.8285717,39.8768998]]}},{"type":"Feature","properties":{"highway":"residential","osm_id":124972426},"geometry":{"type":"LineString","coordinates":[[32.8264969,39.8703177],[32.8274987,39.8708628],[32.8284927,39.8715104],[32.8292912,39.8720495]]}},{"type":"Feature","properties":{"highway":"residential","osm_id":124972427},"geometry":{"type":"LineString","coordinates":[[32.8251198,39.8871267],[32.8251471,39.8877942],[32.8251785,39.888633]]}},{"type":"Feature","properties":{"highway":"residential","osm_id":124972436},"geometry":{"type":"LineString","coordinates":[[32.8578302,39.8686944],[32.8584706,39.8684802],[32.8591685,39.8682558]]}},{"type":"Feature","properties":{"highway":"residential","name":"1064. Sokak","osm_id":124972439},"geometry":{"type":"LineString","coordinates":[[32.8275727,39.8789213],[32.8286199,39.8786546]]}},{"type":"Feature","properties":{"highway":"residential","osm_id":124972440},"geometry":{"type":"LineString","coordinates":[[32.8265861,39.8741721],[32.8255087,39.8737558]]}},{"type":"Feature","properties":{"name":"1054. Cadde","highway":"residential","osm_id":124972448},"geometry":{"type":"LineString","coordinates":[[32.8279338,39.8734901],[32.8265142,39.8760051]]}},{"type":"Feature","properties":{"highway":"residential","osm_id":124972452},"geometry":{"type":"LineString","coordinates":[[32.8274987,39.8708628],[32.8269391,39.8713047],[32.8264356,39.8717222],[32.8259584,39.8721229],[32.826429,39.8724725],[32.8273743,39.8731412]]}},{"type":"Feature","properties":{"highway":"residential","name":"1352. Sokak","osm_id":124972454},"geometry":{"type":"LineString","coordinates":[[32.8280083,39.881264],[32.8290648,39.8815516]]}},{"type":"Feature","properties":{"name":"Kabil Cad.","highway":"secondary","oneway":"no","osm_id":124972465},"geometry":{"type":"LineString","coordinates":[[32.8294643,39.8936269],[32.8294475,39.8935256],[32.8292368,39.8920231],[32.8291154,39.8900846],[32.8290948,39.8895667],[32.8290886,39.8893067],[32.8290817,39.8889067],[32.8290529,39.8880391],[32.8290313,39.8874975],[32.8290121,39.8873225],[32.8289192,39.8865408],[32.8289067,39.8862706],[32.8288948,39.8860229],[32.8288754,39.8857303],[32.8288073,39.8854466]]}},{"type":"Feature","properties":{"highway":"residential","name":"1358. Sokak","osm_id":124972466},"geometry":{"type":"LineString","coordinates":[[32.827288,39.8784722],[32.8281793,39.8779735],[32.8298358,39.8770005]]}},{"type":"Feature","properties":{"highway":"residential","name":"1356. Sokak","osm_id":124972468},"geometry":{"type":"LineString","coordinates":[[32.8277692,39.8794157],[32.8287906,39.8792005]]}},{"type":"Feature","properties":{"highway":"residential","name":"1354. Sokak","osm_id":124972469},"geometry":{"type":"LineString","coordinates":[[32.82916,39.8801978],[32.8280836,39.880404]]}},{"type":"Feature","properties":{"highway":"track","source":"GPS","osm_id":131685511},"geometry":{"type":"LineString","coordinates":[[32.8806305,39.8582499],[32.8807383,39.8581033],[32.8808483,39.85796],[32.8809766,39.8578199],[32.8810849,39.857705],[32.8810673,39.857635],[32.8809827,39.8575953],[32.880798,39.8575629],[32.8806427,39.8575202],[32.8805067,39.8573569],[32.8804187,39.8571147],[32.8804466,39.8568783],[32.8804066,39.856725],[32.88025,39.8565749],[32.8800166,39.8564266],[32.8797733,39.8562866],[32.8796083,39.8561282],[32.8794032,39.8559883],[32.8791633,39.85583],[32.87894,39.8556416],[32.8787717,39.8554282],[32.87866,39.8552483],[32.8786283,39.8551116],[32.8786817,39.8549916],[32.8788183,39.8549333],[32.8789983,39.8549416],[32.8792149,39.8549949],[32.8794633,39.8550683],[32.8796899,39.8551699],[32.8799499,39.8552766],[32.8802283,39.8553633],[32.8804582,39.8554516],[32.8806583,39.8555117],[32.8808683,39.8555232],[32.8811049,39.8554749],[32.8813466,39.8553666],[32.8815516,39.8552316],[32.8817049,39.8550949],[32.8818033,39.8549583],[32.8818183,39.8548316],[32.8817616,39.8547],[32.8816683,39.8545699],[32.8815666,39.854435],[32.8814783,39.8543116],[32.8814516,39.8542132],[32.8815082,39.8541282],[32.8816133,39.8540533],[32.8817099,39.8539416],[32.8817483,39.8537983],[32.881735,39.8536716],[32.8817533,39.8535949],[32.8817799,39.8535533],[32.88182,39.8535182],[32.8819516,39.8534433],[32.8821266,39.8533683],[32.88237,39.853375],[32.8826317,39.853395],[32.8828533,39.8534033],[32.8830233,39.8534399],[32.8831617,39.8535299],[32.883335,39.853645],[32.8834683,39.8537732],[32.8835199,39.8539016],[32.8835483,39.8539766],[32.8836017,39.8539866],[32.8837049,39.8539317],[32.883835,39.8538516],[32.8839566,39.8537766],[32.8840749,39.853735],[32.8841783,39.8537782],[32.8842516,39.8538783],[32.884365,39.8539749],[32.8845166,39.85402],[32.884715,39.8540183],[32.884895,39.8539716],[32.8850249,39.8538983],[32.8851366,39.8538283],[32.885235,39.8538466]]}},{"type":"Feature","properties":{"highway":"residential","source":"bing","osm_id":131685529},"geometry":{"type":"LineString","coordinates":[[32.8806305,39.8582499],[32.8806162,39.8584447],[32.8806532,39.8586935],[32.8807365,39.8590488],[32.8808939,39.8593543],[32.8808939,39.8596101],[32.8808383,39.8603207],[32.880755,39.8605694],[32.8805514,39.8607684],[32.8802829,39.8608821],[32.8795238,39.8610171],[32.8790054,39.8610668],[32.8784777,39.8611805],[32.8778112,39.8612942],[32.8775335,39.8613937],[32.8772558,39.8615145],[32.876948,39.861573]]}},{"type":"Feature","properties":{"highway":"track","source":"GPS","osm_id":131685565},"geometry":{"type":"LineString","coordinates":[[32.885235,39.8538466],[32.8852866,39.8539332],[32.8852983,39.8540683],[32.885335,39.8542349],[32.8853533,39.8544233],[32.8853782,39.8546016],[32.8854516,39.8547583],[32.88559,39.8549032],[32.8857466,39.8549916],[32.8859283,39.8550082],[32.8861682,39.8549633],[32.886385,39.8549199],[32.8865666,39.8548583],[32.8867249,39.8547549],[32.8868716,39.8546416],[32.8869699,39.8545966],[32.8870449,39.8546283],[32.8870616,39.85471],[32.8870016,39.8548166],[32.8869033,39.8549333],[32.8868333,39.8550717],[32.8868116,39.8552233],[32.8868066,39.8553916],[32.8868049,39.8555616],[32.8868532,39.8557199],[32.8869516,39.8558517],[32.8870916,39.8559283],[32.8872616,39.8559549],[32.8874099,39.8559816],[32.8874483,39.8560482],[32.8873982,39.8561499],[32.8873782,39.8562917],[32.8873949,39.8564333],[32.8874316,39.8565716],[32.88754,39.8566949],[32.8876582,39.8568549],[32.8877516,39.8570366],[32.8878566,39.8572216],[32.8879282,39.8573983],[32.8879766,39.8575783],[32.887985,39.8577499],[32.8879616,39.8579116],[32.8878716,39.8580966],[32.8877516,39.8582582],[32.8876066,39.8583983],[32.8874732,39.8585216],[32.8873982,39.8586466],[32.8874216,39.8587949],[32.8875166,39.8589532],[32.8876449,39.859095],[32.8877916,39.8592283],[32.887975,39.859345],[32.8881866,39.859455],[32.8883933,39.8595682],[32.8885967,39.8596683],[32.8887916,39.8597499],[32.8889766,39.8598216],[32.8891633,39.8598716],[32.8893466,39.8599017],[32.8895116,39.8599516],[32.889635,39.86005],[32.8897716,39.8601366],[32.8899416,39.8601766],[32.8901266,39.8601832],[32.8903016,39.860155],[32.8904649,39.8601099],[32.8906316,39.8600866],[32.8908132,39.8600949],[32.89097,39.8601033],[32.8910283,39.86014],[32.8910216,39.8602183],[32.8909782,39.86032],[32.8909299,39.860395],[32.8908949,39.8604616],[32.8908867,39.86048],[32.8908633,39.8605399],[32.8908483,39.8606583],[32.8908783,39.8608133],[32.8909949,39.8609883],[32.89113,39.8611449],[32.8912516,39.8612599],[32.8913332,39.8613232]]}},{"type":"Feature","properties":{"ref":"D750","name":"Mevlana Bulvarı","oneway":"yes","highway":"trunk","lanes":"3","osm_id":137549316},"geometry":{"type":"LineString","coordinates":[[32.8059378,39.8426348],[32.8086867,39.8446561]]}},{"type":"Feature","properties":{"highway":"residential","source":"bing","osm_id":137549319},"geometry":{"type":"LineString","coordinates":[[32.8060762,39.8731495],[32.8060476,39.8732159],[32.8056836,39.8740606],[32.8054524,39.8744066],[32.8053184,39.8746071],[32.8047157,39.875434],[32.8044441,39.8762179],[32.8042455,39.8767912],[32.8041702,39.8770085],[32.8041039,39.8771999],[32.8039122,39.8775152],[32.8036474,39.8777815],[32.8035835,39.8779707],[32.8035833,39.8779872],[32.8035743,39.8787625],[32.8036049,39.8788934]]}},{"type":"Feature","properties":{"tracktype":"grade4","access":"no","highway":"track","source":"GPS","surface":"ground","osm_id":137549350},"geometry":{"type":"LineString","coordinates":[[32.8037568,39.8495723],[32.8036925,39.8493203],[32.8038108,39.8485636],[32.8040314,39.8480694],[32.8043823,39.8478417],[32.8057844,39.8471886],[32.8058446,39.8471769],[32.8060925,39.8473527],[32.8068565,39.847009],[32.8076015,39.8468263],[32.8077049,39.846757],[32.8076039,39.8464366],[32.8077849,39.8464289],[32.807757,39.8462664],[32.8073406,39.8455689],[32.8073522,39.844767],[32.8069569,39.8443422],[32.8071799,39.8441786]]}},{"type":"Feature","properties":{"tracktype":"grade4","access":"no","highway":"track","source":"GPS","surface":"ground","osm_id":137549352},"geometry":{"type":"LineString","coordinates":[[32.8037568,39.8495723],[32.8035771,39.8496313],[32.8031319,39.8495986],[32.8013784,39.8492399],[32.8009207,39.8491463],[32.7994485,39.8484806],[32.7984396,39.847867],[32.7973108,39.84739],[32.7948681,39.8466763],[32.7937307,39.8464212],[32.793474,39.8464282],[32.7928643,39.8465343],[32.792382,39.8466251],[32.7917596,39.8468515],[32.7913889,39.8471338],[32.7909578,39.847275],[32.7906717,39.8476972],[32.7906055,39.8478726],[32.7906655,39.8481902],[32.7905379,39.8488766]]}},{"type":"Feature","properties":{"layer":"1","oneway":"yes","highway":"trunk","osm_id":137549359},"geometry":{"type":"LineString","coordinates":[[32.8064643,39.8434253],[32.8060318,39.8431119],[32.8050549,39.8423804]]}},{"type":"Feature","properties":{"layer":"1","oneway":"yes","highway":"trunk","osm_id":137549360},"geometry":{"type":"LineString","coordinates":[[32.8057827,39.8423991],[32.8067025,39.8430629]]}},{"type":"Feature","properties":{"tracktype":"grade4","access":"no","highway":"track","source":"GPS","surface":"ground","osm_id":137549370},"geometry":{"type":"LineString","coordinates":[[32.8081666,39.8751956],[32.8082986,39.8747637],[32.808068,39.8738035],[32.808067,39.8734946],[32.8078521,39.8729019],[32.80723,39.8699504],[32.8071173,39.869873],[32.8067621,39.8698753],[32.8065115,39.8696855],[32.8064907,39.869648],[32.8064101,39.8695026],[32.8063179,39.8692578],[32.8062379,39.8685725],[32.8063491,39.868166],[32.806399,39.8676238],[32.806193,39.8672929],[32.8061266,39.8672256],[32.8060987,39.8672166],[32.8059355,39.8671638],[32.8058088,39.8670469],[32.8056279,39.8669873],[32.8051973,39.8669796],[32.8051334,39.8669452],[32.8050126,39.8668033]]}},{"type":"Feature","properties":{"tracktype":"grade4","access":"no","highway":"track","source":"GPS","surface":"ground","osm_id":137549376},"geometry":{"type":"LineString","coordinates":[[32.7928643,39.8465343],[32.7930156,39.8467757],[32.7936774,39.8470676],[32.7936309,39.8472449],[32.7941363,39.8475663],[32.7945106,39.8477675],[32.7950599,39.8478203],[32.7953081,39.8477686],[32.795459,39.8478039],[32.7963746,39.8483177],[32.7966378,39.8485657],[32.7972086,39.8488784],[32.7977253,39.8489696],[32.7982982,39.8488631],[32.7989668,39.8489585],[32.7994036,39.8492297],[32.7999315,39.8494646],[32.8010896,39.8501483],[32.8016179,39.8501726],[32.8018388,39.8500289],[32.8020479,39.8500394],[32.8036132,39.850344],[32.8041433,39.8501904],[32.8043493,39.850012],[32.8043477,39.8499429],[32.8041529,39.8497567],[32.8037568,39.8495723]]}},{"type":"Feature","properties":{"tracktype":"grade4","access":"no","highway":"track","source":"GPS","surface":"ground","osm_id":137549381},"geometry":{"type":"LineString","coordinates":[[32.8071101,39.8715734],[32.8068851,39.8716032],[32.8058665,39.871738],[32.8054919,39.8717876],[32.8043384,39.8720288],[32.803497,39.8745652],[32.8031018,39.8755761],[32.8028952,39.8761045],[32.8027064,39.8765875],[32.8025305,39.8770374],[32.8024351,39.8775979],[32.8024611,39.8777236],[32.8024849,39.8778697],[32.8025003,39.8780889],[32.8025096,39.8782222],[32.8025238,39.8783492],[32.8025122,39.8784155],[32.802445,39.8784895],[32.8022473,39.8785924],[32.8016382,39.8785113],[32.8010229,39.8784294],[32.8007231,39.8783357],[32.8006302,39.8783066],[32.8005735,39.8782718],[32.8004903,39.8781558],[32.8004123,39.8780469],[32.8004348,39.8778672],[32.8004532,39.8777196],[32.8006094,39.8774151],[32.8007007,39.877237],[32.8007469,39.8769981],[32.8008719,39.8768147],[32.801,39.8763895],[32.8013245,39.876009],[32.8013678,39.8756526],[32.8015725,39.875327],[32.8016522,39.8749404],[32.8018416,39.8744278],[32.8022444,39.8733374],[32.8022415,39.8728425],[32.802846,39.8710163]]}},{"type":"Feature","properties":{"tracktype":"grade4","access":"no","highway":"track","source":"GPS","surface":"ground","osm_id":137549394},"geometry":{"type":"LineString","coordinates":[[32.8081737,39.8732039],[32.8075466,39.8698364],[32.807379,39.8693837]]}},{"type":"Feature","properties":{"tracktype":"grade4","access":"no","highway":"track","source":"GPS","surface":"ground","osm_id":137549397},"geometry":{"type":"LineString","coordinates":[[32.8082611,39.8755196],[32.8084028,39.8754521],[32.8085232,39.87498],[32.80832,39.874045],[32.8083087,39.8736711],[32.8082334,39.8736156],[32.8081737,39.8732039],[32.8082212,39.8727004],[32.8081388,39.8725085],[32.8082205,39.8722892],[32.8083322,39.871186],[32.8082676,39.8704437],[32.8081694,39.8701889],[32.8082352,39.8698938],[32.8082044,39.8692944],[32.8081708,39.8692462],[32.8080827,39.8692354],[32.807379,39.8693837],[32.8072082,39.8694831],[32.8071344,39.8694658],[32.8071669,39.8693566],[32.8067307,39.8692732],[32.8066801,39.8691736],[32.8067162,39.8688204],[32.8064676,39.8685315],[32.8068837,39.8675596],[32.8069017,39.8672887],[32.8068564,39.8672341],[32.8066566,39.8672251],[32.8064291,39.8670027],[32.8061543,39.8671766],[32.8058088,39.8670469]]}},{"type":"Feature","properties":{"tracktype":"grade4","access":"no","highway":"track","source":"GPS","surface":"ground","osm_id":137549411},"geometry":{"type":"LineString","coordinates":[[32.8082611,39.8755196],[32.8081666,39.8751956],[32.8071732,39.8717897],[32.8071101,39.8715734],[32.8068422,39.8709884],[32.8062338,39.8700947],[32.8052417,39.8693618],[32.8050455,39.86922],[32.8047351,39.8690559],[32.8046391,39.8690051],[32.8044696,39.8686414],[32.8044235,39.8683191],[32.8044653,39.8678712],[32.8050007,39.8669542],[32.8050126,39.8668033],[32.8046723,39.8665009],[32.8041478,39.8660347],[32.8037341,39.8657907],[32.8033314,39.8657165],[32.8025359,39.8656853],[32.8012629,39.8649731],[32.8009156,39.8648754],[32.7999718,39.8648302],[32.799618,39.8648451],[32.7993932,39.8648546],[32.7988421,39.8646232],[32.7985934,39.8645883],[32.798427,39.8646534],[32.7980157,39.8650035],[32.797552,39.8652188],[32.7970544,39.8654113],[32.796555,39.8655362],[32.7962599,39.8656829],[32.7954584,39.8658207],[32.7952678,39.8658778]]}},{"type":"Feature","properties":{"highway":"tertiary","oneway":"yes","lanes":"2","name":"Ahmet Rüstem Caddesi","osm_id":137549422},"geometry":{"type":"LineString","coordinates":[[32.8125936,39.8501695],[32.8121596,39.8502662]]}},{"type":"Feature","properties":{"highway":"primary","oneway":"yes","osm_id":137549423},"geometry":{"type":"LineString","coordinates":[[32.8120365,39.8501299],[32.8121521,39.850143]]}},{"type":"Feature","properties":{"tracktype":"grade4","access":"no","highway":"track","source":"GPS","osm_id":137549439},"geometry":{"type":"LineString","coordinates":[[32.8050126,39.8668033],[32.8050374,39.8666543],[32.8049525,39.8663402],[32.8046198,39.8651096],[32.804582,39.8647801],[32.8043703,39.8644167],[32.8039355,39.8639815],[32.8033479,39.8635044],[32.8033233,39.8634373],[32.8021463,39.8623593],[32.8018118,39.8621579],[32.8015392,39.8619937],[32.8014237,39.8619749],[32.8012755,39.8621423],[32.8008356,39.8624428],[32.8006689,39.8624807],[32.8005074,39.8624342],[32.8004119,39.8622028],[32.8004705,39.8616897],[32.8003253,39.8614829],[32.800182,39.861395],[32.7999518,39.8613989],[32.7997314,39.861591],[32.7995323,39.8616421],[32.7992764,39.8616458],[32.7987221,39.8615823],[32.7978557,39.86136],[32.7966468,39.8613372],[32.7962742,39.8612881],[32.7958984,39.8610813],[32.7957199,39.8610349],[32.795059,39.8610746],[32.7951468,39.8608372],[32.7953835,39.8606407],[32.7952194,39.86063],[32.7948165,39.8607234],[32.7940404,39.860784],[32.7930497,39.8606424],[32.791558,39.8600417],[32.7910766,39.8596542],[32.7906993,39.8594441],[32.7899082,39.858713],[32.7891338,39.8578349],[32.7884093,39.8571787],[32.7878762,39.8565353],[32.7877636,39.8560671],[32.787866,39.8554297],[32.7880233,39.855176],[32.7880591,39.8549689],[32.7880103,39.8548257],[32.7879171,39.8547048],[32.7877738,39.854644]]}},{"type":"Feature","properties":{"oneway":"yes","highway":"trunk","osm_id":137549445},"geometry":{"type":"LineString","coordinates":[[32.8067025,39.8430629],[32.8071903,39.8434054],[32.8074484,39.8435922],[32.8076862,39.8437697],[32.8078445,39.8439032],[32.8084188,39.8444166],[32.8086867,39.8446561]]}},{"type":"Feature","properties":{"tracktype":"grade4","access":"no","highway":"track","source":"GPS","surface":"ground","osm_id":137549446},"geometry":{"type":"LineString","coordinates":[[32.8071344,39.8694658],[32.8064907,39.869648],[32.8064264,39.869667],[32.8063133,39.8697907],[32.8062338,39.8700947]]}},{"type":"Feature","properties":{"oneway":"yes","highway":"trunk_link","osm_id":137549449},"geometry":{"type":"LineString","coordinates":[[32.8050549,39.8423804],[32.8042879,39.8417835],[32.8033574,39.8410876],[32.8023852,39.840395],[32.8016454,39.8398841],[32.8011399,39.8394968],[32.8007044,39.8391239],[32.8001929,39.8386432],[32.7997747,39.8382269]]}},{"type":"Feature","properties":{"access":"no","bicycle":"permissive","foot":"permissive","highway":"track","source":"GPS","surface":"ground","tracktype":"grade4","osm_id":137549459},"geometry":{"type":"LineString","coordinates":[[32.8176632,39.8242172],[32.8176048,39.8243136],[32.8176192,39.8244208],[32.8179332,39.8250595],[32.8181297,39.8252925],[32.8185693,39.8256695],[32.8187494,39.8257732],[32.8197001,39.8260345],[32.8202285,39.8261089],[32.8203243,39.8262695],[32.8204911,39.82699],[32.820329,39.8272593],[32.8203143,39.8273722],[32.8203926,39.8274302],[32.8204698,39.8274232],[32.8207347,39.8272848],[32.8208767,39.8272605],[32.8209763,39.8272928],[32.8213982,39.8280026],[32.8214137,39.8281677],[32.8212823,39.8283407],[32.8212842,39.828478],[32.8216368,39.8285327],[32.8218875,39.8287263],[32.822052,39.8287126],[32.8220959,39.8286726],[32.822108,39.8283542],[32.8222893,39.8280249],[32.8223941,39.8276937],[32.8225,39.8275649],[32.8226711,39.8274931],[32.8228357,39.8275008],[32.8233241,39.8276927],[32.8236293,39.8278678],[32.8237068,39.8280353],[32.8235759,39.8282381],[32.8231392,39.8285645],[32.8229178,39.8288133],[32.8228367,39.8290192],[32.8228118,39.8293096],[32.8222483,39.8301693],[32.8222114,39.8303028],[32.8211878,39.831516],[32.8210179,39.8316578],[32.8205024,39.8319319],[32.8197661,39.8324571],[32.8196089,39.8325991],[32.819003,39.8334047],[32.8181687,39.833881],[32.8175023,39.8344587],[32.8168062,39.83484],[32.8161838,39.8350846],[32.8154333,39.8354986],[32.8150931,39.8366104],[32.8145758,39.8373411],[32.8145621,39.8376186],[32.8146526,39.8381952],[32.8148025,39.8385644],[32.8162781,39.8395788],[32.8165226,39.839936],[32.8165927,39.840162],[32.8165656,39.8403874],[32.8169685,39.8405408],[32.8171977,39.8408795],[32.8178429,39.8410249],[32.8181419,39.8412845],[32.8197975,39.8422434],[32.8199669,39.8425072],[32.8199807,39.8427452],[32.820199,39.84299]]}},{"type":"Feature","properties":{"tracktype":"grade4","access":"no","highway":"track","source":"GPS","surface":"ground","osm_id":137549465},"geometry":{"type":"LineString","coordinates":[[32.8050126,39.8668033],[32.8052433,39.8673358],[32.8053826,39.8674998],[32.8055472,39.8675987],[32.8055962,39.8677225],[32.8055064,39.8679944],[32.8053211,39.8682365],[32.8049821,39.8689913],[32.8052417,39.8693618]]}},{"type":"Feature","properties":{"highway":"residential","name":"592.Sokak","osm_id":146369159},"geometry":{"type":"LineString","coordinates":[[32.8588488,39.8655797],[32.8593324,39.8652628],[32.8597437,39.8650117]]}},{"type":"Feature","properties":{"name":"591.Sokak","highway":"residential","osm_id":146369161},"geometry":{"type":"LineString","coordinates":[[32.8593324,39.8652628],[32.8602236,39.8660796]]}},{"type":"Feature","properties":{"name":"1165. Cd.","oneway":"no","highway":"residential","osm_id":164791037},"geometry":{"type":"LineString","coordinates":[[32.8167509,39.8705683],[32.8174439,39.870509],[32.8176575,39.8703879],[32.8178096,39.8702274],[32.8180693,39.8697266],[32.8182087,39.8695953],[32.8184114,39.8695029],[32.8195011,39.8691674],[32.8207114,39.8681213]]}},{"type":"Feature","properties":{"highway":"residential","osm_id":171230047},"geometry":{"type":"LineString","coordinates":[[32.8447686,39.8518344],[32.8450039,39.8517668],[32.8456316,39.8516369],[32.8458889,39.8516065]]}},{"type":"Feature","properties":{"highway":"residential","name":"606.Cad.","osm_id":171231128},"geometry":{"type":"LineString","coordinates":[[32.8571653,39.8559933],[32.8572374,39.8563997],[32.8572374,39.8566756],[32.8571623,39.8568733]]}},{"type":"Feature","properties":{"name":"606.Cad.","highway":"residential","osm_id":171231130},"geometry":{"type":"LineString","coordinates":[[32.8571623,39.8568733],[32.8570389,39.8569845],[32.8564167,39.8571698],[32.8549575,39.8570504]]}},{"type":"Feature","properties":{"name":"612.Cad.","highway":"residential","osm_id":171231132},"geometry":{"type":"LineString","coordinates":[[32.8554269,39.8548287],[32.8536019,39.8545893]]}},{"type":"Feature","properties":{"name":"617.Sk.","highway":"residential","osm_id":171231133},"geometry":{"type":"LineString","coordinates":[[32.8551674,39.8518434],[32.8550688,39.8528328],[32.8549617,39.853762]]}},{"type":"Feature","properties":{"name":"609.Cad.","highway":"residential","osm_id":171231135},"geometry":{"type":"LineString","coordinates":[[32.8555905,39.8537705],[32.8554768,39.854396],[32.8554269,39.8548287]]}},{"type":"Feature","properties":{"highway":"residential","osm_id":171231136},"geometry":{"type":"LineString","coordinates":[[32.8534923,39.855031],[32.855401,39.8552682]]}},{"type":"Feature","properties":{"highway":"residential","name":"606.Cad.","osm_id":171231137},"geometry":{"type":"LineString","coordinates":[[32.8569612,39.8554619],[32.856996,39.855538],[32.8571242,39.8558508],[32.8571653,39.8559933]]}},{"type":"Feature","properties":{"highway":"residential","name":"618.Sk.","osm_id":171231138},"geometry":{"type":"LineString","coordinates":[[32.8550245,39.8517732],[32.8548395,39.8517011],[32.8541706,39.8516273]]}},{"type":"Feature","properties":{"name":"609.Cad","highway":"residential","osm_id":171231139},"geometry":{"type":"LineString","coordinates":[[32.8557047,39.8520777],[32.8556524,39.8528535],[32.8555905,39.8537705]]}},{"type":"Feature","properties":{"highway":"residential","name":"622. Sokak","osm_id":171231140},"geometry":{"type":"LineString","coordinates":[[32.8566044,39.8513511],[32.8569853,39.8510257]]}},{"type":"Feature","properties":{"highway":"residential","osm_id":171231141},"geometry":{"type":"LineString","coordinates":[[32.8538031,39.8536484],[32.8530285,39.8535661],[32.8528771,39.8547218]]}},{"type":"Feature","properties":{"name":"616.Sk.","highway":"residential","osm_id":171231143},"geometry":{"type":"LineString","coordinates":[[32.8548395,39.8517011],[32.8546112,39.8527037],[32.8544082,39.8537058]]}},{"type":"Feature","properties":{"highway":"residential","name":"606.Cad.","osm_id":171231144},"geometry":{"type":"LineString","coordinates":[[32.8527915,39.8568477],[32.8549575,39.8570504]]}},{"type":"Feature","properties":{"highway":"residential","osm_id":171231147},"geometry":{"type":"LineString","coordinates":[[32.8530285,39.8535661],[32.8531122,39.8534884],[32.8533191,39.8523513],[32.8534539,39.8517071],[32.8534184,39.85155]]}},{"type":"Feature","properties":{"highway":"residential","osm_id":171231148},"geometry":{"type":"LineString","coordinates":[[32.8530285,39.8535661],[32.8523173,39.8537087],[32.8515257,39.8538674]]}},{"type":"Feature","properties":{"ref":"O-20","oneway":"yes","name":"Ankara Çevreyolu","highway":"motorway","int_ref":"E 88","lanes":"4","osm_id":180961549},"geometry":{"type":"LineString","coordinates":[[32.9169238,39.8717978],[32.9112614,39.8718576],[32.9098921,39.8716828],[32.9082605,39.8713623],[32.9065124,39.8711583],[32.9051722,39.8706339],[32.9035407,39.8699055],[32.9026375,39.8693228],[32.9018508,39.8688275],[32.9005689,39.8678369],[32.8996948,39.8670503],[32.8989082,39.8656227],[32.8985341,39.8642643],[32.8984411,39.8634151],[32.8985335,39.861965],[32.8984204,39.8609708],[32.8982033,39.8600026],[32.8978,39.8588756],[32.8972624,39.8578914],[32.8963319,39.8565104],[32.8950602,39.8550183],[32.8942537,39.8540658],[32.8934679,39.85278],[32.8927607,39.8515796],[32.8919741,39.846044],[32.8921411,39.8439551],[32.8921695,39.8419957],[32.8921453,39.8411507],[32.8919924,39.8403468],[32.8916688,39.8391447],[32.8913683,39.8384538],[32.8910463,39.8378041],[32.8906073,39.8370554],[32.8900933,39.8363726],[32.8891606,39.8353445],[32.8882441,39.8344688],[32.8871468,39.8334033],[32.8827705,39.8284823],[32.8816118,39.8270585]]}},{"type":"Feature","properties":{"highway":"residential","name":"525. Sokak","oneway":"no","osm_id":185786685},"geometry":{"type":"LineString","coordinates":[[32.8662067,39.8656421],[32.8679952,39.8666152],[32.8693907,39.8673906],[32.8694916,39.8674019]]}},{"type":"Feature","properties":{"highway":"tertiary","oneway":"yes","osm_id":185786688},"geometry":{"type":"LineString","coordinates":[[32.8690986,39.8674172],[32.8692496,39.8674422],[32.8693128,39.8674402],[32.8693907,39.8673906]]}},{"type":"Feature","properties":{"highway":"service","oneway":"-1","osm_id":185787416},"geometry":{"type":"LineString","coordinates":[[32.8659962,39.8650867],[32.8657375,39.8653794]]}},{"type":"Feature","properties":{"highway":"service","oneway":"no","osm_id":185787417},"geometry":{"type":"LineString","coordinates":[[32.8661617,39.8656115],[32.8664215,39.8653252]]}},{"type":"Feature","properties":{"highway":"service","oneway":"no","osm_id":185787418},"geometry":{"type":"LineString","coordinates":[[32.8664215,39.8653252],[32.8659962,39.8650867],[32.865213,39.8646637],[32.8654001,39.8644544],[32.8657595,39.8641085],[32.8666682,39.8646018],[32.8665404,39.8650551],[32.8664215,39.8653252]]}},{"type":"Feature","properties":{"highway":"service","oneway":"yes","osm_id":185787419},"geometry":{"type":"LineString","coordinates":[[32.865213,39.8646637],[32.8650166,39.8648945],[32.8650458,39.8649929],[32.8657375,39.8653794],[32.8661617,39.8656115],[32.8662067,39.8656421]]}},{"type":"Feature","properties":{"highway":"service","oneway":"no","osm_id":185787420},"geometry":{"type":"LineString","coordinates":[[32.8654001,39.8644544],[32.8665404,39.8650551]]}},{"type":"Feature","properties":{"highway":"residential","osm_id":185787927},"geometry":{"type":"LineString","coordinates":[[32.8652252,39.8633249],[32.8653431,39.863287],[32.86548,39.863287],[32.8655826,39.8632899],[32.8657233,39.8633483],[32.8658146,39.8634446],[32.8659059,39.8636217],[32.8659172,39.863681],[32.8658412,39.8638415],[32.8656356,39.8641044],[32.8653035,39.8644235]]}},{"type":"Feature","properties":{"highway":"residential","osm_id":185787928},"geometry":{"type":"LineString","coordinates":[[32.8653035,39.8644235],[32.8654001,39.8644544]]}},{"type":"Feature","properties":{"highway":"tertiary","oneway":"no","name":"Hürriyet Caddesi","osm_id":192434925},"geometry":{"type":"LineString","coordinates":[[32.8365949,39.8964825],[32.8365887,39.8957124],[32.8365586,39.8953893],[32.8365447,39.8952645],[32.8365393,39.895081],[32.8366335,39.8939928],[32.8367404,39.8928201],[32.8368918,39.8921335],[32.8369918,39.8918402],[32.8372892,39.8910436],[32.8373258,39.8909635],[32.8374249,39.8907013],[32.8375527,39.890389],[32.8378528,39.8899166],[32.8382446,39.8892982],[32.8385226,39.8886992],[32.8386447,39.888297],[32.8388687,39.8873328],[32.8389037,39.8870831],[32.8389072,39.8869219],[32.8388696,39.8863893],[32.8386604,39.884552],[32.8386484,39.8837518],[32.8386346,39.883464],[32.8385533,39.8823862],[32.8383305,39.8816729],[32.8381794,39.8812994],[32.8380201,39.8809054],[32.8375345,39.8798739],[32.8367569,39.8789214],[32.8364936,39.8786305],[32.8362188,39.8783137],[32.8353621,39.877379],[32.835139,39.8771272],[32.8348836,39.8768391],[32.8343483,39.8762305],[32.8329251,39.8743756]]}},{"type":"Feature","properties":{"name":"Sokullu Mehmet Paşa Cad.","oneway":"no","highway":"secondary","osm_id":192434926},"geometry":{"type":"LineString","coordinates":[[32.8344151,39.8963655],[32.8344975,39.8950765],[32.8346689,39.8938449],[32.8348381,39.8928685],[32.8349854,39.8921048],[32.8351142,39.8914703],[32.835154,39.8913499],[32.8353992,39.8907618],[32.8354677,39.8906109],[32.8357769,39.8899584],[32.8361414,39.8893245],[32.8363245,39.8890383],[32.8364773,39.8887842],[32.8366301,39.8884603],[32.8367138,39.8881728],[32.8367689,39.8877961],[32.8368351,39.8870544],[32.8368428,39.8869808],[32.8369538,39.885832],[32.8370594,39.8850033],[32.8370309,39.8847256],[32.8369964,39.8843895],[32.8367134,39.8837068],[32.8362784,39.8828767],[32.8359862,39.8823442],[32.8355864,39.8816183],[32.8345838,39.8800174],[32.834236,39.8796805],[32.8339867,39.879439],[32.8329881,39.8787273],[32.8322197,39.8780171],[32.8316564,39.8773041],[32.8315587,39.8770942],[32.8315424,39.8768418],[32.8316191,39.8753468],[32.8317731,39.8750693],[32.8320443,39.8748606],[32.8329251,39.8743756],[32.833358,39.8741857],[32.8338529,39.8739958]]}},{"type":"Feature","properties":{"maxspeed":"50","sidewalk":"both","bicycle":"yes","cycleway":"no","foot":"yes","highway":"residential","name":"Nakış Sokak","oneway":"no","osm_id":192450700},"geometry":{"type":"LineString","coordinates":[[32.8374993,39.8825504],[32.8376913,39.8835],[32.8377521,39.8839663],[32.8378027,39.8845701],[32.8377898,39.8864254],[32.8377615,39.8870321],[32.8377275,39.8878668],[32.8376362,39.8886495],[32.8376101,39.8889378]]}},{"type":"Feature","properties":{"sidewalk":"both","bicycle":"yes","cycleway":"no","foot":"yes","highway":"residential","maxspeed":"50","name":"İlke Sokak","oneway":"no","osm_id":192450702},"geometry":{"type":"LineString","coordinates":[[32.8362784,39.8828767],[32.8371237,39.8826205],[32.8374993,39.8825504],[32.8380255,39.8824679],[32.8385533,39.8823862]]}},{"type":"Feature","properties":{"highway":"unclassified","oneway":"no","osm_id":193132116},"geometry":{"type":"LineString","coordinates":[[32.8728634,39.870609],[32.8729685,39.8705666],[32.873425,39.8703135]]}},{"type":"Feature","properties":{"name":"451.Cadde","highway":"residential","oneway":"no","osm_id":193133826},"geometry":{"type":"LineString","coordinates":[[32.8771388,39.8735675],[32.8769615,39.8736806],[32.87682,39.8737582],[32.8761361,39.8741916],[32.8754671,39.8745443],[32.8752901,39.8746338]]}},{"type":"Feature","properties":{"name":"451.Cadde","oneway":"no","highway":"tertiary","osm_id":193160755},"geometry":{"type":"LineString","coordinates":[[32.8744469,39.8747433],[32.8742942,39.8747441],[32.8738204,39.8747398],[32.8732393,39.8746319],[32.8727987,39.8743948],[32.8726653,39.8743231],[32.8722362,39.8740349],[32.8716893,39.8738745],[32.8710989,39.8737261],[32.8697152,39.8733433],[32.8690393,39.8729645],[32.8683312,39.8729027],[32.8682953,39.8729024],[32.8678913,39.8728986],[32.8673602,39.8727465],[32.8665824,39.8724252],[32.866367,39.8723424]]}},{"type":"Feature","properties":{"name":"Kahire Cad.","sidewalk":"both","foot":"yes","highway":"secondary","lanes":"2","oneway":"yes","osm_id":193170299},"geometry":{"type":"LineString","coordinates":[[32.8650144,39.8771999],[32.8649325,39.8773104],[32.8648209,39.8774206],[32.8646333,39.8776112]]}},{"type":"Feature","properties":{"highway":"secondary","name":"Konrad Adenauer Caddesi","oneway":"no","osm_id":193170300},"geometry":{"type":"LineString","coordinates":[[32.8675315,39.8696038],[32.8670366,39.8692387],[32.8665748,39.8688983],[32.8662156,39.8686538],[32.8659086,39.8684449],[32.8656829,39.8683153]]}},{"type":"Feature","properties":{"highway":"secondary","name":"Konrad Adenauer Caddesi","oneway":"yes","osm_id":193170301},"geometry":{"type":"LineString","coordinates":[[32.8680419,39.8699627],[32.8679563,39.8699227],[32.8678627,39.8698664],[32.8677381,39.8697714],[32.8675315,39.8696038]]}},{"type":"Feature","properties":{"highway":"residential","name":"551. Sokak","osm_id":193170302},"geometry":{"type":"LineString","coordinates":[[32.865756,39.870537],[32.8665297,39.8712177],[32.8668195,39.8714593],[32.8669544,39.8715178]]}},{"type":"Feature","properties":{"foot":"yes","highway":"secondary","lanes":"2","name":"Kahire Caddesi","oneway":"yes","sidewalk":"both","osm_id":193170303},"geometry":{"type":"LineString","coordinates":[[32.8677576,39.8703206],[32.8678966,39.8700354],[32.8679563,39.8699227],[32.8680072,39.8698438],[32.8680683,39.8697678],[32.8681918,39.8696053],[32.8683269,39.8694705]]}},{"type":"Feature","properties":{"sidewalk":"both","name":"Kahire Caddesi","motor_vehicle":"yes","ford":"yes","foot":"yes","highway":"secondary","horse":"no","lanes":"2","osm_id":193170304},"geometry":{"type":"LineString","coordinates":[[32.8677576,39.8703206],[32.8676126,39.8705413],[32.8674777,39.8707413],[32.8673879,39.8708601],[32.8669544,39.8715178],[32.866367,39.8723424],[32.8662119,39.8725751],[32.8661986,39.8726356],[32.866158,39.8728204],[32.8661437,39.8733291],[32.8661141,39.874305],[32.8661109,39.8744921],[32.8660911,39.8746419],[32.8660332,39.8753277],[32.8659563,39.8759012],[32.8659417,39.875961],[32.8659282,39.8760023],[32.865828,39.876308],[32.8657265,39.8765281],[32.86562,39.8767517],[32.8654995,39.8769343],[32.8650698,39.8771741],[32.8650144,39.8771999]]}},{"type":"Feature","properties":{"highway":"residential","name":"438. Sokak","oneway":"no","osm_id":193171575},"geometry":{"type":"LineString","coordinates":[[32.8753525,39.8774932],[32.8744346,39.877651],[32.8735695,39.8777578],[32.872734,39.8779257],[32.8727844,39.8783656],[32.8730897,39.8785383],[32.8737369,39.8785537],[32.8745597,39.8785482]]}},{"type":"Feature","properties":{"highway":"residential","maxspeed":"50","name":"458. Sokak","surface":"asphalt","osm_id":193171576},"geometry":{"type":"LineString","coordinates":[[32.8794777,39.8793511],[32.8792415,39.8790304],[32.8783913,39.8779935],[32.8780273,39.8773616],[32.8771627,39.8773945],[32.8753525,39.8774932]]}},{"type":"Feature","properties":{"highway":"secondary","oneway":"no","name":"Ziaür Rahman Caddesi","osm_id":193177946},"geometry":{"type":"LineString","coordinates":[[32.8648645,39.8782062],[32.8651254,39.8787198],[32.8654302,39.8792746],[32.8654717,39.8793642],[32.8658091,39.8800932],[32.8658818,39.8802725],[32.8662066,39.8810731],[32.8662672,39.8812599],[32.8663146,39.8814061],[32.8666856,39.8825499],[32.8668094,39.8832227],[32.8669214,39.8839363],[32.8670116,39.8845105],[32.8670486,39.8847487],[32.8671769,39.8857167],[32.8671931,39.8858173],[32.8672856,39.886392],[32.8672962,39.8864581],[32.8673295,39.8866316],[32.8674863,39.8874476],[32.8675316,39.8877762],[32.8675742,39.888085],[32.8675836,39.8884689],[32.8675239,39.8888768],[32.8674207,39.8895279],[32.8673517,39.8900084],[32.8673424,39.8902814],[32.867341,39.8904663],[32.8673584,39.8906419],[32.8673894,39.891064],[32.8674526,39.8913238],[32.8676538,39.8917832],[32.8679849,39.8923293],[32.8682412,39.8927519],[32.8682904,39.8928387]]}},{"type":"Feature","properties":{"name":"Simon Bolivar Caddesi","highway":"primary","osm_id":193200372},"geometry":{"type":"LineString","coordinates":[[32.8576706,39.8823876],[32.8577904,39.8822683],[32.8579004,39.8821572],[32.8583114,39.8817506],[32.8583997,39.8816591],[32.8585318,39.8815258],[32.8587507,39.8813272],[32.8589228,39.881216],[32.8590562,39.8811411],[32.8595985,39.8808805],[32.8597142,39.8808268],[32.860299,39.8805458]]}},{"type":"Feature","properties":{"oneway":"yes","name":"Simon Bolivar Caddesi","highway":"primary","osm_id":193200373},"geometry":{"type":"LineString","coordinates":[[32.860299,39.8805458],[32.860367,39.8804658],[32.8604841,39.8803735],[32.8606303,39.8802776],[32.8607803,39.8801404],[32.8611286,39.8797704],[32.8614647,39.8794843],[32.8617452,39.8793135],[32.8619528,39.8792571]]}},{"type":"Feature","properties":{"oneway":"no","name":"Simon Bolivar Caddesi","highway":"primary","osm_id":193200374},"geometry":{"type":"LineString","coordinates":[[32.8619528,39.8792571],[32.8624466,39.8789171],[32.8629606,39.8785751],[32.8637082,39.8780343]]}},{"type":"Feature","properties":{"oneway":"yes","name":"Simon Bolivar Caddesi","highway":"primary","osm_id":193200375},"geometry":{"type":"LineString","coordinates":[[32.8619528,39.8792571],[32.8617849,39.8794205],[32.8614868,39.8796541],[32.8612394,39.8798809],[32.8609564,39.8801996],[32.8607771,39.8803311],[32.8605795,39.8804505],[32.8604466,39.8805128],[32.860299,39.8805458]]}},{"type":"Feature","properties":{"oneway":"yes","name":"Simon Bolivar Caddesi","highway":"primary","osm_id":193200376},"geometry":{"type":"LineString","coordinates":[[32.8637082,39.8780343],[32.8637686,39.8779275],[32.8638598,39.8778555],[32.8643098,39.8775764]]}},{"type":"Feature","properties":{"oneway":"yes","highway":"secondary","osm_id":193200377},"geometry":{"type":"LineString","coordinates":[[32.8611286,39.8797704],[32.8612037,39.8795313],[32.8613266,39.8791901]]}},{"type":"Feature","properties":{"oneway":"yes","name":"Simon Bolivar Caddesi","highway":"primary","osm_id":193200378},"geometry":{"type":"LineString","coordinates":[[32.8571331,39.882942],[32.8569283,39.883155],[32.8567278,39.8834697],[32.8563277,39.8840202],[32.8560087,39.8844863],[32.8557151,39.8850742]]}},{"type":"Feature","properties":{"oneway":"yes","highway":"secondary","osm_id":193200379},"geometry":{"type":"LineString","coordinates":[[32.8648645,39.8782062],[32.8647504,39.8781272],[32.8644982,39.877839],[32.8644258,39.8777166]]}},{"type":"Feature","properties":{"oneway":"yes","highway":"secondary_link","osm_id":193200381},"geometry":{"type":"LineString","coordinates":[[32.8613266,39.8791901],[32.8615196,39.8792564],[32.8616631,39.8792927],[32.8617452,39.8793135]]}},{"type":"Feature","properties":{"highway":"residential","osm_id":193204302},"geometry":{"type":"LineString","coordinates":[[32.852921,39.8660674],[32.8537228,39.866433],[32.8537975,39.8664671],[32.8541683,39.8666694],[32.8544083,39.8669133],[32.85449,39.86707],[32.8545366,39.8672238],[32.8549696,39.8684158],[32.8551127,39.8685247],[32.8554422,39.8686838],[32.8559774,39.8688594]]}},{"type":"Feature","properties":{"name":"Hollanda Caddesi","highway":"secondary","osm_id":193204305},"geometry":{"type":"LineString","coordinates":[[32.8581703,39.8675229],[32.8580008,39.867649],[32.8577679,39.8678005],[32.8573389,39.8680769],[32.8567998,39.8684236],[32.8565206,39.8685899],[32.856345,39.868695],[32.8561467,39.8687952],[32.8559774,39.8688594],[32.8557713,39.8693467],[32.8557011,39.8699274],[32.8556,39.8707267],[32.8555332,39.8711523],[32.8554788,39.871499],[32.8552604,39.8726299],[32.855215,39.8729918],[32.8551329,39.8735106],[32.8551076,39.8736702],[32.8550935,39.8738252],[32.8550813,39.8739601],[32.8550816,39.8741942],[32.8550817,39.8742317]]}},{"type":"Feature","properties":{"highway":"secondary","maxspeed":"40","name":"Rabindranath Tagore Caddesi","surface":"asphalt","osm_id":193204308},"geometry":{"type":"LineString","coordinates":[[32.8573389,39.8680769],[32.8576739,39.8685111],[32.8578302,39.8686944],[32.8580345,39.8690245],[32.8586863,39.8700938],[32.8590728,39.8708262],[32.8592799,39.8711681],[32.8594988,39.8716512],[32.8597038,39.8722539],[32.8597556,39.8725026],[32.8598373,39.8729835],[32.8598605,39.8731517],[32.8598691,39.8732191],[32.8599008,39.8734661],[32.8599112,39.8735273],[32.8600449,39.8743161],[32.8601204,39.8746309],[32.8602306,39.8750908],[32.8604689,39.8758175],[32.8605459,39.8760087],[32.8605774,39.8760851],[32.8606535,39.8762083],[32.8607416,39.8764077],[32.860853,39.8766266],[32.8610226,39.8771821],[32.8611027,39.8775993],[32.8611528,39.8778327],[32.861188,39.8782705],[32.8612105,39.8784521],[32.861224,39.8786268],[32.8612528,39.878892],[32.8612594,39.8789522],[32.861283,39.8790492],[32.8613266,39.8791901]]}},{"type":"Feature","properties":{"highway":"tertiary","oneway":"yes","osm_id":194113944},"geometry":{"type":"LineString","coordinates":[[32.851247,39.8572163],[32.8516773,39.8573295],[32.8517904,39.8573565]]}},{"type":"Feature","properties":{"highway":"tertiary","oneway":"yes","osm_id":194113945},"geometry":{"type":"LineString","coordinates":[[32.851862,39.857544],[32.8514212,39.8573316],[32.851334,39.857276],[32.851247,39.8572163]]}},{"type":"Feature","properties":{"highway":"secondary","name":"Galip Erdem Caddesi","oneway":"yes","osm_id":194114813},"geometry":{"type":"LineString","coordinates":[[32.8520502,39.8573186],[32.852085,39.8572472],[32.8521922,39.857172],[32.8522487,39.8571498]]}},{"type":"Feature","properties":{"highway":"residential","osm_id":194115275},"geometry":{"type":"LineString","coordinates":[[32.8522211,39.8561208],[32.8524212,39.8570505]]}},{"type":"Feature","properties":{"highway":"tertiary","name":"Şehit Mustafa Doğan Sokak","oneway":"yes","osm_id":198902167},"geometry":{"type":"LineString","coordinates":[[32.8602862,39.8760517],[32.8605774,39.8760851]]}},{"type":"Feature","properties":{"name":"723. Sk (26. Sk.)","highway":"residential","osm_id":198902168},"geometry":{"type":"LineString","coordinates":[[32.8550885,39.8757267],[32.8556581,39.8757521],[32.8561776,39.8757331],[32.8565486,39.8757173],[32.8571298,39.8757143],[32.8577691,39.875711]]}},{"type":"Feature","properties":{"name":"724. Sk (27. Sk.)","highway":"residential","osm_id":198902169},"geometry":{"type":"LineString","coordinates":[[32.8561668,39.8746113],[32.8559756,39.8748915],[32.8559879,39.8752364],[32.8561776,39.8757331],[32.8566269,39.8770176],[32.8566339,39.8771572]]}},{"type":"Feature","properties":{"name":"725. Sk (34. Sk.)","highway":"residential","osm_id":198902170},"geometry":{"type":"LineString","coordinates":[[32.8578203,39.8770915],[32.8566339,39.8771572],[32.8565652,39.8771631],[32.856528,39.8771663],[32.855841,39.877152],[32.8557253,39.8771539],[32.8556292,39.8771389],[32.8554444,39.8770982],[32.8546222,39.8767287],[32.8544438,39.8766489],[32.8538154,39.8763659],[32.8533684,39.8761012]]}},{"type":"Feature","properties":{"name":"737. Sk","highway":"service","osm_id":198902171},"geometry":{"type":"LineString","coordinates":[[32.8548049,39.8763592],[32.8546796,39.8766647],[32.8546222,39.8767287]]}},{"type":"Feature","properties":{"name":"745. Sk","highway":"residential","osm_id":198902172},"geometry":{"type":"LineString","coordinates":[[32.8540622,39.8755106],[32.8537007,39.8750363],[32.8534558,39.8746963],[32.8531818,39.8745307],[32.8528611,39.8745128],[32.8524414,39.8746515],[32.8521965,39.8747947],[32.8520333,39.8750542],[32.8520682,39.8753227],[32.8521732,39.875618],[32.8521615,39.8759043],[32.8522315,39.8760878],[32.8524705,39.8763115],[32.8529322,39.876565]]}},{"type":"Feature","properties":{"highway":"residential","osm_id":198921233},"geometry":{"type":"LineString","coordinates":[[32.8578124,39.8781105],[32.8577517,39.8786024]]}},{"type":"Feature","properties":{"name":"Arıtım Sk","highway":"residential","osm_id":198921234},"geometry":{"type":"LineString","coordinates":[[32.8590321,39.8804376],[32.8591166,39.8801923],[32.859178,39.8800142],[32.8591811,39.879693]]}},{"type":"Feature","properties":{"name":"Arıtım Sk","highway":"residential","osm_id":198921236},"geometry":{"type":"LineString","coordinates":[[32.856927,39.8810311],[32.8573133,39.8809536],[32.8576218,39.8808986],[32.8579412,39.8808416],[32.8582583,39.880827],[32.8590321,39.8804376],[32.8592984,39.8805383],[32.8594697,39.8806031],[32.8597142,39.8808268]]}},{"type":"Feature","properties":{"name":"Başat Sk","highway":"residential","osm_id":198921238},"geometry":{"type":"LineString","coordinates":[[32.8567531,39.881708],[32.8569302,39.8812266],[32.856927,39.8810311],[32.8566693,39.880664],[32.8564736,39.8803853],[32.8565832,39.8799927],[32.8566786,39.8796512],[32.85666,39.8794176]]}},{"type":"Feature","properties":{"name":"Duyu Sk","highway":"residential","osm_id":198921241},"geometry":{"type":"LineString","coordinates":[[32.8533393,39.8777897],[32.8536863,39.8781461],[32.8539348,39.8783596],[32.8546694,39.8786949],[32.85503,39.8788183],[32.85666,39.8794176],[32.8572446,39.8794071],[32.8576963,39.879399],[32.8591811,39.879693],[32.8597013,39.8797963],[32.860367,39.8804658]]}},{"type":"Feature","properties":{"highway":"tertiary","name":"Kişinev Caddesi","osm_id":198921249},"geometry":{"type":"LineString","coordinates":[[32.861188,39.8782705],[32.860671,39.8782766],[32.8601754,39.8782835],[32.859467,39.8782934],[32.8591093,39.8782517],[32.8587134,39.8782289],[32.8585164,39.878203],[32.8578124,39.8781105],[32.856529,39.8779693],[32.8554878,39.8778627],[32.8552929,39.8778215],[32.8547227,39.8775785],[32.8545856,39.8775342]]}},{"type":"Feature","properties":{"name":"Sedat Simavi Caddesi","highway":"residential","osm_id":198921252},"geometry":{"type":"LineString","coordinates":[[32.8553024,39.8823822],[32.8554395,39.882408],[32.8557746,39.8824888],[32.8559529,39.8825341]]}},{"type":"Feature","properties":{"name":"Simon Bolivar Cad.","oneway":"yes","highway":"primary","osm_id":198921253},"geometry":{"type":"LineString","coordinates":[[32.8576706,39.8823876],[32.8574298,39.8826659],[32.8572023,39.8828776],[32.8571331,39.882942]]}},{"type":"Feature","properties":{"name":"738. Sk","highway":"residential","osm_id":198921254},"geometry":{"type":"LineString","coordinates":[[32.8494166,39.880233],[32.8497024,39.8801996],[32.8498887,39.880171],[32.8500067,39.8802092],[32.8501207,39.8803021],[32.8504662,39.8805837],[32.8504856,39.8805995],[32.8505037,39.8806143],[32.8506217,39.8807049],[32.8519278,39.8807724],[32.8520985,39.8807749]]}},{"type":"Feature","properties":{"name":"739. Sokak","highway":"residential","osm_id":198921255},"geometry":{"type":"LineString","coordinates":[[32.8520985,39.8807749],[32.8517522,39.8808955],[32.8515596,39.8810242],[32.8515609,39.8812015],[32.8515433,39.8820944]]}},{"type":"Feature","properties":{"highway":"residential","osm_id":208580929},"geometry":{"type":"LineString","coordinates":[[32.8265234,39.857803],[32.826983,39.8579528],[32.8271451,39.858073],[32.8272514,39.8582232],[32.8275197,39.8584377],[32.8276706,39.8585192],[32.8277712,39.8585407],[32.8278383,39.8584935],[32.8278495,39.8584077],[32.8278886,39.8583218],[32.8281331,39.8581579],[32.8282726,39.8580543]]}},{"type":"Feature","properties":{"highway":"residential","osm_id":208580931},"geometry":{"type":"LineString","coordinates":[[32.8309478,39.8583316],[32.8312602,39.8585555],[32.8313551,39.8587041],[32.8315251,39.8589165],[32.8318057,39.8591562],[32.8318492,39.8592169],[32.831865,39.859311],[32.8318453,39.8594081],[32.8316802,39.8595658]]}},{"type":"Feature","properties":{"highway":"residential","osm_id":208580933},"geometry":{"type":"LineString","coordinates":[[32.8348267,39.8610304],[32.8350291,39.8618808]]}},{"type":"Feature","properties":{"highway":"residential","osm_id":208580934},"geometry":{"type":"LineString","coordinates":[[32.8338881,39.8636107],[32.8342465,39.8635199],[32.8344989,39.8634559]]}},{"type":"Feature","properties":{"highway":"residential","osm_id":208580935},"geometry":{"type":"LineString","coordinates":[[32.8342007,39.8589421],[32.8342323,39.8597458]]}},{"type":"Feature","properties":{"highway":"residential","osm_id":208580936},"geometry":{"type":"LineString","coordinates":[[32.8330618,39.8656224],[32.833693,39.8655309]]}},{"type":"Feature","properties":{"highway":"residential","osm_id":208580938},"geometry":{"type":"LineString","coordinates":[[32.8289672,39.8607938],[32.8296973,39.8605397]]}},{"type":"Feature","properties":{"highway":"residential","osm_id":208580940},"geometry":{"type":"LineString","coordinates":[[32.8306114,39.8576248],[32.8311181,39.8581716]]}},{"type":"Feature","properties":{"highway":"residential","osm_id":208580941},"geometry":{"type":"LineString","coordinates":[[32.8282741,39.8576012],[32.8282726,39.8580543]]}},{"type":"Feature","properties":{"highway":"residential","osm_id":208580942},"geometry":{"type":"LineString","coordinates":[[32.8331172,39.8587404],[32.8342007,39.8589421]]}},{"type":"Feature","properties":{"highway":"residential","osm_id":208580943},"geometry":{"type":"LineString","coordinates":[[32.8246583,39.8641404],[32.8239664,39.8635632]]}},{"type":"Feature","properties":{"highway":"residential","osm_id":208580944},"geometry":{"type":"LineString","coordinates":[[32.8295981,39.8631287],[32.8294696,39.8633561]]}},{"type":"Feature","properties":{"highway":"residential","osm_id":208580945},"geometry":{"type":"LineString","coordinates":[[32.8282726,39.8580543],[32.828565,39.8578329]]}},{"type":"Feature","properties":{"highway":"residential","osm_id":208580946},"geometry":{"type":"LineString","coordinates":[[32.8328167,39.8650217],[32.8334308,39.8648508]]}},{"type":"Feature","properties":{"highway":"residential","osm_id":208580947},"geometry":{"type":"LineString","coordinates":[[32.8306939,39.8659726],[32.8304755,39.8658473]]}},{"type":"Feature","properties":{"highway":"residential","osm_id":208580948},"geometry":{"type":"LineString","coordinates":[[32.8338881,39.8636107],[32.8334564,39.8629925]]}},{"type":"Feature","properties":{"highway":"residential","osm_id":208580949},"geometry":{"type":"LineString","coordinates":[[32.8334564,39.8629925],[32.8342696,39.8628076]]}},{"type":"Feature","properties":{"highway":"residential","osm_id":208580950},"geometry":{"type":"LineString","coordinates":[[32.8311023,39.8568958],[32.8314012,39.8573898]]}},{"type":"Feature","properties":{"highway":"residential","osm_id":208580951},"geometry":{"type":"LineString","coordinates":[[32.8236946,39.8591305],[32.8242356,39.8587795]]}},{"type":"Feature","properties":{"highway":"residential","osm_id":208580952},"geometry":{"type":"LineString","coordinates":[[32.8340804,39.8581261],[32.8342007,39.8589421]]}},{"type":"Feature","properties":{"highway":"service","source":"bing","osm_id":208580955},"geometry":{"type":"LineString","coordinates":[[32.8234643,39.8569057],[32.822732,39.8568585],[32.8225037,39.8568159],[32.8222628,39.8566959]]}},{"type":"Feature","properties":{"highway":"residential","osm_id":208580956},"geometry":{"type":"LineString","coordinates":[[32.8319276,39.8619219],[32.8310888,39.8622704]]}},{"type":"Feature","properties":{"highway":"residential","name":"936.SK(126/1.sK)","osm_id":208580957},"geometry":{"type":"LineString","coordinates":[[32.8308698,39.8563392],[32.829669,39.8563994],[32.8286958,39.8567957],[32.8278734,39.8572819]]}},{"type":"Feature","properties":{"highway":"residential","osm_id":208580958},"geometry":{"type":"LineString","coordinates":[[32.8314573,39.8654765],[32.8316386,39.8659254]]}},{"type":"Feature","properties":{"highway":"residential","osm_id":208580959},"geometry":{"type":"LineString","coordinates":[[32.8302123,39.8571524],[32.829669,39.8563994],[32.8291878,39.8557434],[32.8290256,39.8551641],[32.8290424,39.8550869],[32.8291207,39.8550354]]}},{"type":"Feature","properties":{"highway":"residential","osm_id":208580960},"geometry":{"type":"LineString","coordinates":[[32.8321808,39.8601864],[32.8314884,39.8603082]]}},{"type":"Feature","properties":{"highway":"residential","osm_id":208580961},"geometry":{"type":"LineString","coordinates":[[32.8308202,39.8557666],[32.8308698,39.8563392],[32.8311023,39.8568958]]}},{"type":"Feature","properties":{"highway":"residential","osm_id":208580962},"geometry":{"type":"LineString","coordinates":[[32.8285294,39.8612173],[32.8283596,39.8608669],[32.828199,39.8605809]]}},{"type":"Feature","properties":{"highway":"residential","osm_id":208580964},"geometry":{"type":"LineString","coordinates":[[32.8260555,39.8613569],[32.8260219,39.8612367],[32.8256418,39.8610351]]}},{"type":"Feature","properties":{"highway":"residential","osm_id":208580965},"geometry":{"type":"LineString","coordinates":[[32.8313551,39.8587041],[32.8312523,39.8592928],[32.8309915,39.8595871]]}},{"type":"Feature","properties":{"highway":"residential","osm_id":208580966},"geometry":{"type":"LineString","coordinates":[[32.8221335,39.8640019],[32.822284,39.863804],[32.8224049,39.8636709],[32.8225226,39.8635395],[32.8226982,39.8634038],[32.8230694,39.8630983],[32.8231092,39.8630112],[32.8232035,39.8628752],[32.8235187,39.8626519]]}},{"type":"Feature","properties":{"highway":"residential","osm_id":208580967},"geometry":{"type":"LineString","coordinates":[[32.8283041,39.8630805],[32.8287317,39.8631372],[32.8290336,39.8632102],[32.8294696,39.8633561]]}},{"type":"Feature","properties":{"highway":"residential","osm_id":208580969},"geometry":{"type":"LineString","coordinates":[[32.8235187,39.8626519],[32.8237066,39.8624718],[32.8240923,39.8622144],[32.8243271,39.8621329],[32.8244813,39.8621177]]}},{"type":"Feature","properties":{"highway":"residential","osm_id":208580970},"geometry":{"type":"LineString","coordinates":[[32.825836,39.8614533],[32.8260555,39.8613569],[32.8262623,39.8613097],[32.8264188,39.8612668],[32.8267431,39.8610179],[32.8269162,39.8610247],[32.8270569,39.8609893],[32.827165,39.8608285]]}},{"type":"Feature","properties":{"highway":"residential","osm_id":208580971},"geometry":{"type":"LineString","coordinates":[[32.8235187,39.8626519],[32.8233901,39.8625875],[32.8232392,39.8625575],[32.8230324,39.8625833],[32.8228985,39.8626092]]}},{"type":"Feature","properties":{"highway":"residential","osm_id":208580972},"geometry":{"type":"LineString","coordinates":[[32.8251029,39.8648427],[32.8252907,39.864644],[32.8254883,39.8645712],[32.8258283,39.8645045],[32.826097,39.8642557],[32.8263366,39.8639556]]}},{"type":"Feature","properties":{"highway":"residential","osm_id":208580973},"geometry":{"type":"LineString","coordinates":[[32.8236271,39.8619036],[32.8231369,39.8615291],[32.8228741,39.8612931],[32.8227456,39.8611644],[32.8227344,39.8610271],[32.82274,39.8607696],[32.8224576,39.8606235]]}},{"type":"Feature","properties":{"highway":"residential","osm_id":208580974},"geometry":{"type":"LineString","coordinates":[[32.8229527,39.8600633],[32.823218,39.8598011],[32.8233521,39.8597882],[32.8235422,39.8598611],[32.8238049,39.8600671],[32.8242409,39.8605777],[32.824367,39.8606908],[32.8244142,39.8607322],[32.8245001,39.8608098]]}},{"type":"Feature","properties":{"highway":"residential","osm_id":208580975},"geometry":{"type":"LineString","coordinates":[[32.8266065,39.8620194],[32.8268213,39.8618932],[32.8270337,39.8617173],[32.827112,39.8615586],[32.8272462,39.8614942],[32.8273915,39.8614556],[32.8274418,39.8613311],[32.8275584,39.86088]]}},{"type":"Feature","properties":{"highway":"service","source":"bing","osm_id":208580977},"geometry":{"type":"LineString","coordinates":[[32.8243922,39.8579699],[32.8247891,39.8579571],[32.8250742,39.8579485],[32.825309,39.8579614],[32.8254655,39.8580043],[32.8256053,39.8581845],[32.8257394,39.858369],[32.8258568,39.8584977],[32.8259295,39.8586994]]}},{"type":"Feature","properties":{"name":"1018.Sk(12.Sk)","highway":"residential","osm_id":208580982},"geometry":{"type":"LineString","coordinates":[[32.8306861,39.8650256],[32.8300846,39.8656937],[32.8297915,39.8661556],[32.8296933,39.8663802],[32.8294354,39.8666583],[32.8292122,39.866851]]}},{"type":"Feature","properties":{"name":"1019.Sk(14.Sk)","highway":"residential","osm_id":208580983},"geometry":{"type":"LineString","coordinates":[[32.8297915,39.8661556],[32.8303976,39.8661743],[32.8307498,39.866067]]}},{"type":"Feature","properties":{"name":"1020.Sk(22.Sk)","highway":"residential","osm_id":208580984},"geometry":{"type":"LineString","coordinates":[[32.8292155,39.8644756],[32.829713,39.8641206],[32.8303565,39.8647293]]}},{"type":"Feature","properties":{"name":"17.Sk","highway":"residential","osm_id":208580985},"geometry":{"type":"LineString","coordinates":[[32.8294696,39.8633561],[32.8293242,39.8636307],[32.829218,39.8638366],[32.8289908,39.8641288]]}},{"type":"Feature","properties":{"name":"18.Sk","highway":"residential","osm_id":208580986},"geometry":{"type":"LineString","coordinates":[[32.8294696,39.8633561],[32.8298832,39.8634719],[32.8302444,39.8633398]]}},{"type":"Feature","properties":{"name":"36.Sk","highway":"residential","osm_id":208580987},"geometry":{"type":"LineString","coordinates":[[32.8279447,39.8609969],[32.8283163,39.8615446],[32.8281629,39.8624425],[32.8281797,39.862554],[32.82823,39.8626012],[32.8286635,39.86269]]}},{"type":"Feature","properties":{"name":"37.Sk","highway":"residential","osm_id":208580988},"geometry":{"type":"LineString","coordinates":[[32.8287242,39.8613525],[32.8292301,39.8611622]]}},{"type":"Feature","properties":{"name":"41.Sk","highway":"residential","osm_id":208580990},"geometry":{"type":"LineString","coordinates":[[32.8263366,39.8639556],[32.8268409,39.8634319],[32.8269825,39.8632848],[32.8273308,39.8628614]]}},{"type":"Feature","properties":{"name":"42.Sk","highway":"residential","osm_id":208580991},"geometry":{"type":"LineString","coordinates":[[32.8241542,39.8645636],[32.8246583,39.8641404],[32.8250682,39.864059],[32.8254626,39.8640012],[32.8255794,39.8639878],[32.825931,39.863746]]}},{"type":"Feature","properties":{"name":"786.cd(3.cd)","highway":"tertiary","osm_id":208580993},"geometry":{"type":"LineString","coordinates":[[32.83802,39.8542867],[32.8382558,39.8544645],[32.8384574,39.8547983],[32.8387381,39.8553779],[32.8387934,39.8556267],[32.8388329,39.8558816],[32.8388646,39.8561426],[32.8389436,39.8564156],[32.8392051,39.8569311],[32.8394772,39.8572956],[32.8397621,39.8576101],[32.8398923,39.8577538],[32.8401571,39.8581604],[32.8405959,39.8588097],[32.8407304,39.8590503],[32.8407895,39.8591586],[32.8409476,39.8593589],[32.8411137,39.8594742],[32.8412481,39.8595925],[32.8414813,39.8599445],[32.8416196,39.860345],[32.8417935,39.8605968],[32.8419042,39.8607438],[32.8420544,39.8609427],[32.8424971,39.8614282],[32.8428331,39.8618347],[32.8430545,39.8621654],[32.84318,39.8624338],[32.8432471,39.8627728],[32.8432359,39.8631504],[32.8433496,39.8634302]]}},{"type":"Feature","properties":{"name":"807.Sk(70.Sk)","highway":"residential","osm_id":208580997},"geometry":{"type":"LineString","coordinates":[[32.8273362,39.86085],[32.8273503,39.8606669],[32.8274122,39.8605063],[32.8275184,39.8603604],[32.8276917,39.8601802],[32.8277364,39.8600644],[32.8277364,39.8599185],[32.8276135,39.8595237],[32.8274346,39.8590131],[32.8272054,39.8585668],[32.826993,39.8583394],[32.8265234,39.857803],[32.8261824,39.8573481],[32.825942,39.8570177],[32.8258638,39.8569147],[32.8258191,39.8568718],[32.8256737,39.8568117],[32.8254669,39.8566916],[32.8253439,39.8565929],[32.8253048,39.8564384],[32.8251986,39.8562668],[32.8250644,39.8560994],[32.8249247,39.855975],[32.8248688,39.8558376],[32.8248464,39.8554986],[32.8248266,39.8553338],[32.8247435,39.8552306],[32.8244879,39.8548647],[32.8243047,39.8547224],[32.8240996,39.8545632]]}},{"type":"Feature","properties":{"name":"891.cd(52.cd)","highway":"residential","osm_id":208580998},"geometry":{"type":"LineString","coordinates":[[32.8205826,39.863157],[32.8210278,39.863191],[32.8217045,39.8631997],[32.8218353,39.8631954],[32.8220059,39.8631255],[32.822421,39.8629335],[32.8224947,39.8628933],[32.8227214,39.8627698],[32.8228985,39.8626092],[32.8231639,39.862362],[32.8236271,39.8619036],[32.8237886,39.8617382],[32.823923,39.861453],[32.8241365,39.8612224],[32.8242392,39.8611435],[32.8243973,39.861004],[32.8245001,39.8608098],[32.8246029,39.8605974],[32.8251079,39.8599823]]}},{"type":"Feature","properties":{"name":"893.Sk(254.Sk)","highway":"residential","osm_id":208580999},"geometry":{"type":"LineString","coordinates":[[32.8231639,39.862362],[32.8225176,39.8617907]]}},{"type":"Feature","properties":{"name":"896.Sk(19.Sk)","highway":"residential","osm_id":208581000},"geometry":{"type":"LineString","coordinates":[[32.8235943,39.8591012],[32.823389,39.8589392],[32.8232554,39.858822],[32.8232356,39.858737],[32.8232356,39.8586248],[32.8232988,39.8584791],[32.8234451,39.858291],[32.8235479,39.8582546],[32.8236704,39.8582576]]}},{"type":"Feature","properties":{"name":"896/1.Sk(40.Sk)","highway":"residential","osm_id":208581001},"geometry":{"type":"LineString","coordinates":[[32.8245001,39.8608098],[32.8252388,39.8611638],[32.825836,39.8614533],[32.8263219,39.8618252],[32.8266065,39.8620194],[32.8269839,39.8621725],[32.827231,39.8623289],[32.8274287,39.8625898],[32.8275393,39.8627961],[32.8275206,39.8629464]]}},{"type":"Feature","properties":{"name":"897.Sk(39.Sk)","highway":"residential","osm_id":208581003},"geometry":{"type":"LineString","coordinates":[[32.8242392,39.8611435],[32.8245528,39.8613689],[32.8248938,39.8616092],[32.8250951,39.8617423],[32.8252018,39.8618938],[32.8252795,39.862004],[32.8255199,39.8623301],[32.8258051,39.8627279]]}},{"type":"Feature","properties":{"name":"899.Sk","highway":"residential","osm_id":208581004},"geometry":{"type":"LineString","coordinates":[[32.8237886,39.8617382],[32.8239938,39.861798],[32.8243069,39.8618281],[32.8243907,39.8618839],[32.8244522,39.862004],[32.8244813,39.8621177],[32.8246255,39.8626819],[32.8247623,39.8629714],[32.8248801,39.8631345],[32.825931,39.863746],[32.8263366,39.8639556],[32.8271699,39.8643861]]}},{"type":"Feature","properties":{"name":"943.Sk(131.Sk)","highway":"residential","osm_id":208581026},"geometry":{"type":"LineString","coordinates":[[32.837696,39.8558096],[32.8376597,39.8555436],[32.837615,39.8553805],[32.8375395,39.8552496],[32.8375207,39.8551933],[32.8374913,39.8551052],[32.8373767,39.8550215],[32.8372146,39.8549765],[32.8370022,39.8549464],[32.836692,39.8549464],[32.8364404,39.8549421],[32.8360072,39.8548949],[32.8357221,39.8548713],[32.8354594,39.854867],[32.8351882,39.8548627],[32.8348181,39.8549171],[32.8344995,39.855033],[32.8342647,39.8551531],[32.8340579,39.8552347],[32.8336163,39.8553033],[32.833074,39.8553291],[32.8327163,39.8553205],[32.8324144,39.8553076],[32.8321908,39.8553634],[32.832079,39.8554407]]}},{"type":"Feature","properties":{"highway":"residential","name":"953.cd(10.cd)","osm_id":208581045},"geometry":{"type":"LineString","coordinates":[[32.8308392,39.8658053],[32.8307386,39.8658954],[32.8306939,39.8659726],[32.8307498,39.866067],[32.8309132,39.8662954],[32.8309678,39.8663716],[32.8312196,39.8666276],[32.8316176,39.8668022],[32.8319531,39.8669593],[32.8320725,39.8673871],[32.8323057,39.8681029],[32.8323853,39.8683254],[32.8321749,39.8688972]]}},{"type":"Feature","properties":{"highway":"residential","name":"956.Sk(96.Sk)","osm_id":208581048},"geometry":{"type":"LineString","coordinates":[[32.8332318,39.8663353],[32.8330618,39.8656224],[32.8328997,39.8651794],[32.8328167,39.8650217],[32.8324649,39.8645089],[32.832221,39.8642912],[32.8320763,39.8641134],[32.8319545,39.8639316],[32.8318286,39.8637424],[32.8316128,39.8633481],[32.8315831,39.863189],[32.8314229,39.8628163],[32.8313015,39.8625915],[32.8310888,39.8622704],[32.8308138,39.8619242],[32.8303638,39.8613627],[32.8299585,39.8609673],[32.8298356,39.8608107],[32.8296973,39.8605397],[32.8295892,39.860308],[32.8291104,39.8593322]]}},{"type":"Feature","properties":{"highway":"residential","name":"962.Sk(95.Sk)","osm_id":208581056},"geometry":{"type":"LineString","coordinates":[[32.8332318,39.8663353],[32.8332212,39.8664749],[32.8331643,39.8664661],[32.8330279,39.8664225],[32.8329358,39.8663047],[32.832511,39.8657255],[32.8324104,39.8656053],[32.8323153,39.8655324],[32.832131,39.8654809],[32.8319241,39.8654552]]}},{"type":"Feature","properties":{"name":"970.Sk(117.Sk)","highway":"residential","osm_id":208581061},"geometry":{"type":"LineString","coordinates":[[32.8366533,39.8679723],[32.8364966,39.8676581],[32.8362692,39.8673569],[32.8358496,39.8669926],[32.8351773,39.8664927],[32.8348281,39.866109],[32.834255,39.8649822],[32.834311,39.8647935],[32.8341072,39.8642236],[32.8340102,39.8639521],[32.8338881,39.8636107]]}},{"type":"Feature","properties":{"highway":"residential","name":"974.Sk(76.Sk)","osm_id":208581065},"geometry":{"type":"LineString","coordinates":[[32.8330843,39.8600241],[32.8338874,39.8600203],[32.8342177,39.8600142],[32.834698,39.8600053],[32.8354713,39.8599996],[32.8355765,39.8599988]]}},{"type":"Feature","properties":{"highway":"residential","name":"979.Sk(107.Sk)","osm_id":208581070},"geometry":{"type":"LineString","coordinates":[[32.8327049,39.863043],[32.8334564,39.8629925]]}},{"type":"Feature","properties":{"name":"981.Sk(109.Sk)","highway":"residential","osm_id":208581074},"geometry":{"type":"LineString","coordinates":[[32.8341072,39.8642236],[32.8344966,39.8641083],[32.8348087,39.8640159],[32.8362549,39.8636343]]}},{"type":"Feature","properties":{"highway":"residential","osm_id":208653601},"geometry":{"type":"LineString","coordinates":[[32.887602,39.8865714],[32.8871712,39.8869168],[32.8864827,39.8874719]]}},{"type":"Feature","properties":{"highway":"residential","osm_id":208653632},"geometry":{"type":"LineString","coordinates":[[32.8866941,39.8859124],[32.8868034,39.8857434],[32.8879249,39.8847126]]}},{"type":"Feature","properties":{"name":"26. Sk.","highway":"residential","osm_id":208653649},"geometry":{"type":"LineString","coordinates":[[32.8811991,39.8891049],[32.8808793,39.8888187],[32.8805631,39.8885267]]}},{"type":"Feature","properties":{"highway":"residential","ref":"314. Cd (21. Cd.)","osm_id":208653662},"geometry":{"type":"LineString","coordinates":[[32.8889219,39.8874525],[32.8885647,39.8878316],[32.8882137,39.8882594],[32.8881297,39.88841],[32.8879505,39.8887315],[32.8876459,39.8893936],[32.8875298,39.8896111],[32.8873201,39.8899568],[32.8869581,39.8904895],[32.8866763,39.8908572],[32.8862743,39.8913833]]}},{"type":"Feature","properties":{"name":"326. Sk (226. Sk.)","highway":"residential","osm_id":208653667},"geometry":{"type":"LineString","coordinates":[[32.8861873,39.8888727],[32.8867172,39.888322],[32.8871792,39.8878465]]}},{"type":"Feature","properties":{"highway":"residential","osm_id":208662548},"geometry":{"type":"LineString","coordinates":[[32.8088079,39.8797453],[32.8087909,39.8795905],[32.8086903,39.8787311],[32.808554,39.8776487],[32.8085362,39.8774968],[32.8084243,39.8765388],[32.8082365,39.8755284],[32.8077023,39.875549],[32.8072575,39.8756364]]}},{"type":"Feature","properties":{"name":"gokkusagi siteai","highway":"residential","osm_id":208662550},"geometry":{"type":"LineString","coordinates":[[32.8056167,39.8809064],[32.8057298,39.8821651],[32.8066562,39.8821413]]}},{"type":"Feature","properties":{"name":"gokkusagi siteal","highway":"residential","osm_id":208662551},"geometry":{"type":"LineString","coordinates":[[32.8048709,39.8805848],[32.8049648,39.8813951]]}},{"type":"Feature","properties":{"name":"1506. cd","highway":"residential","osm_id":208662552},"geometry":{"type":"LineString","coordinates":[[32.8045026,39.8850511],[32.8044363,39.8851483],[32.8043397,39.8852898],[32.8041916,39.8858152],[32.8041535,39.8863795],[32.8041125,39.8867321],[32.8040748,39.8870557],[32.8040515,39.8873038],[32.8039648,39.8878158],[32.8039283,39.8880885]]}},{"type":"Feature","properties":{"highway":"residential","osm_id":208662554},"geometry":{"type":"LineString","coordinates":[[32.8041535,39.8863795],[32.8049387,39.8864192]]}},{"type":"Feature","properties":{"highway":"residential","osm_id":208662556},"geometry":{"type":"LineString","coordinates":[[32.8077044,39.8797936],[32.8079302,39.8800372]]}},{"type":"Feature","properties":{"highway":"residential","osm_id":208662569},"geometry":{"type":"LineString","coordinates":[[32.8075198,39.8810867],[32.8079465,39.8810463],[32.8082968,39.8810132],[32.8089454,39.8809767]]}},{"type":"Feature","properties":{"name":"segmen sitesi","highway":"residential","osm_id":208662583},"geometry":{"type":"LineString","coordinates":[[32.8042482,39.8841753],[32.8035894,39.8837188]]}},{"type":"Feature","properties":{"name":"yurt kent sitesi","highway":"residential","osm_id":208662584},"geometry":{"type":"LineString","coordinates":[[32.8034685,39.883082],[32.8043336,39.8823941]]}},{"type":"Feature","properties":{"name":"1549.cd(28.cd)","highway":"secondary","osm_id":208662662},"geometry":{"type":"LineString","coordinates":[[32.8066173,39.8831249],[32.807647,39.8832007],[32.8081591,39.8832676],[32.8093012,39.8834168],[32.8097161,39.8834895]]}},{"type":"Feature","properties":{"highway":"residential","name":"1549.cd(28.cd)","osm_id":208662663},"geometry":{"type":"LineString","coordinates":[[32.8032959,39.8808144],[32.8033754,39.8809444],[32.8039164,39.8812051],[32.8039664,39.881282],[32.804283,39.8817678],[32.8051545,39.8823718],[32.8060847,39.8830165],[32.8066173,39.8831249]]}},{"type":"Feature","properties":{"highway":"secondary","name":"1550.cd(25.cd)","osm_id":208662664},"geometry":{"type":"LineString","coordinates":[[32.8045026,39.8850511],[32.8046811,39.8851299],[32.804934,39.88517],[32.8050438,39.8851644],[32.8051758,39.8851577],[32.8054982,39.8850995],[32.8056598,39.8850311],[32.8058649,39.8849442],[32.8061431,39.8847793],[32.8064023,39.8845124],[32.8065225,39.8842262],[32.8065857,39.8838526],[32.8066173,39.8831249],[32.8066388,39.8825815],[32.8066562,39.8821413],[32.8066869,39.8813637],[32.8067438,39.8801799],[32.8062885,39.8798791],[32.8058346,39.8796034],[32.8052896,39.8792726],[32.8052516,39.8790348],[32.8050809,39.8789523],[32.8036049,39.8788934],[32.8024634,39.8788408],[32.8020252,39.8787483],[32.8016621,39.8786707],[32.8010389,39.878559],[32.8008397,39.8785324],[32.800473,39.878496],[32.7993666,39.8785081],[32.7990166,39.8785258]]}},{"type":"Feature","properties":{"highway":"secondary","name":"1551.cd(29.cd)","osm_id":208662666},"geometry":{"type":"LineString","coordinates":[[32.8045026,39.8850511],[32.8043317,39.8849225],[32.8037987,39.8845744],[32.8032075,39.8841377],[32.8031507,39.8840966],[32.8029799,39.8839728],[32.8027649,39.8837181],[32.8027382,39.8836837],[32.802512,39.883393],[32.8024501,39.8833113],[32.8023749,39.8832122],[32.8016731,39.8826009]]}},{"type":"Feature","properties":{"name":"1552.sk","highway":"residential","oneway":"yes","osm_id":208662669},"geometry":{"type":"LineString","coordinates":[[32.8066388,39.8825815],[32.8082106,39.8827825]]}},{"type":"Feature","properties":{"name":"1553.sk","highway":"residential","osm_id":208662670},"geometry":{"type":"LineString","coordinates":[[32.8087128,39.8827624],[32.8079465,39.8810463]]}},{"type":"Feature","properties":{"highway":"residential","name":"1554.cd(27.cd)","osm_id":208662671},"geometry":{"type":"LineString","coordinates":[[32.8024501,39.8833113],[32.8027812,39.8827987],[32.8028524,39.8826465],[32.803074,39.8821726],[32.8031728,39.8818472],[32.803188,39.881797],[32.8032048,39.8816446],[32.8032909,39.8808621],[32.8032959,39.8808144],[32.803378,39.8800387],[32.8035725,39.8791433],[32.8036049,39.8788934]]}},{"type":"Feature","properties":{"name":"1554.sk","highway":"residential","osm_id":208662672},"geometry":{"type":"LineString","coordinates":[[32.8067438,39.8801799],[32.8071855,39.8804389],[32.8072424,39.8804724],[32.8075198,39.8810867],[32.8077923,39.8816903],[32.8082126,39.8827641],[32.8082106,39.8827825],[32.8081591,39.8832676]]}},{"type":"Feature","properties":{"highway":"residential","name":"1554.sk(1553.sk)","osm_id":208662673},"geometry":{"type":"LineString","coordinates":[[32.8079302,39.8800372],[32.8080218,39.880219],[32.8081917,39.8807405],[32.8082968,39.8810132]]}},{"type":"Feature","properties":{"name":"1556.sk(370.sk)","highway":"residential","osm_id":208662674},"geometry":{"type":"LineString","coordinates":[[32.8058346,39.8796034],[32.806314,39.8794883],[32.806922,39.8794505],[32.8073691,39.8796083],[32.8077044,39.8797936],[32.807919,39.8798073],[32.808234,39.8797853]]}},{"type":"Feature","properties":{"highway":"residential","name":"1556.sk(374.sk)","osm_id":208662675},"geometry":{"type":"LineString","coordinates":[[32.8088079,39.8797453],[32.808234,39.8797853],[32.8079302,39.8800372],[32.8071855,39.8804389]]}},{"type":"Feature","properties":{"name":"1557.sk(368.sk)","highway":"residential","osm_id":208662676},"geometry":{"type":"LineString","coordinates":[[32.8097161,39.8834895],[32.8097107,39.8832901],[32.8096324,39.8829367],[32.8095452,39.8827292],[32.8092939,39.8822391],[32.8091106,39.88192],[32.8090413,39.8817228],[32.8089454,39.8809767],[32.8089273,39.8808359],[32.8088079,39.8797453]]}},{"type":"Feature","properties":{"highway":"residential","name":"1558.sk(362.sk)","osm_id":208662677},"geometry":{"type":"LineString","coordinates":[[32.8044763,39.8804146],[32.8048709,39.8805848],[32.8056167,39.8809064],[32.8057332,39.8809566],[32.8066869,39.8813637]]}},{"type":"Feature","properties":{"highway":"residential","name":"1559.sk(365.sk)","osm_id":208662678},"geometry":{"type":"LineString","coordinates":[[32.8039664,39.881282],[32.804435,39.8804881],[32.8044763,39.8804146],[32.8052516,39.8790348]]}},{"type":"Feature","properties":{"highway":"residential","name":"1560.sk(359.sk)","osm_id":208662679},"geometry":{"type":"LineString","coordinates":[[32.8037987,39.8845744],[32.8042482,39.8841753],[32.8042809,39.8841463],[32.8052862,39.8833943],[32.805283,39.8833143],[32.805264,39.883159],[32.8051818,39.8830159],[32.8047625,39.8827085],[32.8043336,39.8823941],[32.8041924,39.8822906],[32.8032048,39.8816446]]}},{"type":"Feature","properties":{"highway":"residential","name":"1561.sk(357.sk)","osm_id":208662680},"geometry":{"type":"LineString","coordinates":[[32.8031507,39.8840966],[32.8035894,39.8837188],[32.803941,39.883416],[32.8047625,39.8827085],[32.8051545,39.8823718]]}},{"type":"Feature","properties":{"highway":"residential","name":"1562.sk(355.sk)","osm_id":208662681},"geometry":{"type":"LineString","coordinates":[[32.803941,39.883416],[32.8034685,39.883082],[32.8028524,39.8826465]]}},{"type":"Feature","properties":{"highway":"residential","name":"1565.sk(354.sk)","osm_id":208662682},"geometry":{"type":"LineString","coordinates":[[32.8020092,39.8811678],[32.8031728,39.8818472]]}},{"type":"Feature","properties":{"highway":"residential","name":"1570.cd(26.cd)","osm_id":208662683},"geometry":{"type":"LineString","coordinates":[[32.8016731,39.8826009],[32.8019133,39.8816791],[32.8020092,39.8811678],[32.802096,39.8807046],[32.8021789,39.8802624],[32.802186,39.8802273],[32.8024065,39.8791464],[32.8024634,39.8788408]]}},{"type":"Feature","properties":{"name":"1575.sk(339.sk)","highway":"residential","osm_id":208662687},"geometry":{"type":"LineString","coordinates":[[32.8002191,39.888617],[32.8000589,39.8879414],[32.7996862,39.8878308],[32.8003271,39.8870522],[32.8003959,39.8869672],[32.8007486,39.8864003],[32.8008322,39.8863026],[32.8008491,39.8862809],[32.8014518,39.885507],[32.8018356,39.8847644],[32.8019204,39.8845529],[32.8021509,39.8839785],[32.8023749,39.8832122]]}},{"type":"Feature","properties":{"name":"1576.sk(309.sk)","highway":"residential","osm_id":208662688},"geometry":{"type":"LineString","coordinates":[[32.8040748,39.8870557],[32.804883,39.8870837],[32.8049387,39.8864192],[32.8050438,39.8851644]]}},{"type":"Feature","properties":{"name":"1577.sk(340.sk)","highway":"residential","osm_id":208662690},"geometry":{"type":"LineString","coordinates":[[32.8008491,39.8862809],[32.8022816,39.8858512],[32.802738,39.8856841],[32.8035547,39.8853851],[32.8044363,39.8851483]]}},{"type":"Feature","properties":{"name":"1578.sk(309.sk)","highway":"residential","osm_id":208662691},"geometry":{"type":"LineString","coordinates":[[32.8039648,39.8878158],[32.8048033,39.8878312],[32.804883,39.8870837]]}},{"type":"Feature","properties":{"name":"1579.sk(333.sk)","highway":"residential","osm_id":208662692},"geometry":{"type":"LineString","coordinates":[[32.8003271,39.8870522],[32.8021217,39.8870972],[32.8025669,39.8871579],[32.8040515,39.8873038]]}},{"type":"Feature","properties":{"name":"1580.sk(311.sk)","highway":"residential","osm_id":208662693},"geometry":{"type":"LineString","coordinates":[[32.8022025,39.8865412],[32.8033701,39.8866579],[32.8041125,39.8867321]]}},{"type":"Feature","properties":{"name":"1581.sk(310.sk)","highway":"residential","osm_id":208662694},"geometry":{"type":"LineString","coordinates":[[32.8033701,39.8866579],[32.8035547,39.8853851]]}},{"type":"Feature","properties":{"name":"1583.sk(332.sk)","highway":"residential","osm_id":208662696},"geometry":{"type":"LineString","coordinates":[[32.8000589,39.8879414],[32.8003481,39.8878892],[32.8020508,39.8875856]]}},{"type":"Feature","properties":{"highway":"residential","name":"1657.sk(351.sk)","osm_id":208662704},"geometry":{"type":"LineString","coordinates":[[32.802186,39.8802273],[32.8032959,39.8808144]]}},{"type":"Feature","properties":{"name":"341.sk","highway":"residential","osm_id":208662705},"geometry":{"type":"LineString","coordinates":[[32.8027382,39.8836837],[32.802606,39.8839333],[32.8022773,39.8852699],[32.802738,39.8856841]]}},{"type":"Feature","properties":{"name":"353.sk","highway":"residential","osm_id":208662706},"geometry":{"type":"LineString","coordinates":[[32.802096,39.8807046],[32.8028909,39.8811459]]}},{"type":"Feature","properties":{"highway":"residential","osm_id":208665208},"geometry":{"type":"LineString","coordinates":[[32.8148698,39.8851996],[32.8142459,39.8835103],[32.8141263,39.8831865],[32.8139413,39.8823598],[32.8138823,39.8821397],[32.8138487,39.8816853],[32.8138156,39.8810641],[32.8138513,39.8802173],[32.8139491,39.8792789]]}},{"type":"Feature","properties":{"highway":"residential","osm_id":208665209},"geometry":{"type":"LineString","coordinates":[[32.8146817,39.8731568],[32.8143878,39.8729373],[32.8142508,39.8727901],[32.8142888,39.8725876],[32.8144672,39.8723796],[32.8147382,39.8721412],[32.8147448,39.8719231],[32.8147441,39.8716396],[32.8147817,39.8714358],[32.8148568,39.8712608],[32.814999,39.8710673],[32.8152243,39.8708388]]}},{"type":"Feature","properties":{"highway":"residential","osm_id":208665210},"geometry":{"type":"LineString","coordinates":[[32.8167509,39.8705683],[32.8165621,39.8708106],[32.816491,39.8710219],[32.8164786,39.8711857],[32.8165219,39.8713496],[32.8166169,39.8715157],[32.8168577,39.8717541]]}},{"type":"Feature","properties":{"highway":"residential","osm_id":208665211},"geometry":{"type":"LineString","coordinates":[[32.8127587,39.8732454],[32.8131024,39.8730219],[32.8132047,39.8729293],[32.8132991,39.8728206],[32.8133433,39.8727174],[32.8133058,39.8724032],[32.8133571,39.8722061],[32.8134862,39.8720831],[32.8139636,39.8719196],[32.8140468,39.8717508],[32.8141085,39.871549],[32.8141606,39.8714366],[32.8142667,39.8712938],[32.8144303,39.8711744],[32.8152243,39.8708388],[32.8154782,39.8707428],[32.8157442,39.870665],[32.8160103,39.8706359],[32.8167509,39.8705683]]}},{"type":"Feature","properties":{"highway":"residential","osm_id":208665212},"geometry":{"type":"LineString","coordinates":[[32.8143043,39.8780125],[32.8141473,39.8781004],[32.814003,39.8781394],[32.8138509,39.8781483],[32.8137261,39.8781124],[32.8136325,39.8780436],[32.8134181,39.8777234],[32.813155,39.8773457],[32.8130929,39.8771967],[32.8130593,39.8769901],[32.8130749,39.8766489],[32.8130554,39.8765232],[32.8129852,39.8763915],[32.8127972,39.8761939],[32.8126285,39.8759694],[32.8125459,39.875795],[32.8124977,39.8756339],[32.8124977,39.8755335],[32.812547,39.8754487],[32.812687,39.8753406],[32.8129142,39.8752587],[32.8132344,39.8751266]]}},{"type":"Feature","properties":{"highway":"residential","osm_id":208665213},"geometry":{"type":"LineString","coordinates":[[32.8177105,39.8743379],[32.8174006,39.8732937]]}},{"type":"Feature","properties":{"name":"1163.Cadde","highway":"residential","osm_id":208665215},"geometry":{"type":"LineString","coordinates":[[32.818426,39.8707984],[32.8180472,39.8710076],[32.8168577,39.8717541],[32.8159719,39.8722935],[32.8159392,39.8723126],[32.815393,39.8726326],[32.8150579,39.8728749],[32.8146817,39.8731568],[32.8143008,39.8734596],[32.8139996,39.8736782],[32.8135746,39.8740326]]}},{"type":"Feature","properties":{"highway":"residential","osm_id":208665217},"geometry":{"type":"LineString","coordinates":[[32.8157637,39.8749725],[32.8164591,39.8751753]]}},{"type":"Feature","properties":{"highway":"residential","osm_id":208665218},"geometry":{"type":"LineString","coordinates":[[32.8155301,39.8761148],[32.8159972,39.8762325]]}},{"type":"Feature","properties":{"highway":"residential","osm_id":208665219},"geometry":{"type":"LineString","coordinates":[[32.815679,39.8803972],[32.8158628,39.8793543]]}},{"type":"Feature","properties":{"highway":"residential","osm_id":208665221},"geometry":{"type":"LineString","coordinates":[[32.8168757,39.872734],[32.8174006,39.8732937]]}},{"type":"Feature","properties":{"highway":"residential","osm_id":208665223},"geometry":{"type":"LineString","coordinates":[[32.8159392,39.8723126],[32.8165787,39.8729076]]}},{"type":"Feature","properties":{"highway":"residential","osm_id":208665224},"geometry":{"type":"LineString","coordinates":[[32.8148808,39.8803169],[32.8150518,39.8792887],[32.8150613,39.8790869],[32.8150328,39.8789143],[32.8149536,39.8787345],[32.8148491,39.8785789],[32.8143043,39.8780125],[32.8141902,39.8778642],[32.8140627,39.8777117],[32.8140034,39.87757],[32.8139895,39.8773907],[32.8140243,39.8772249],[32.8145332,39.8760827],[32.8146308,39.8758687],[32.8152513,39.8744937],[32.815314,39.8744429],[32.8157079,39.8742316],[32.8163632,39.8738597]]}},{"type":"Feature","properties":{"highway":"residential","osm_id":208665226},"geometry":{"type":"LineString","coordinates":[[32.8151526,39.8836244],[32.8161343,39.8832992],[32.8166932,39.8832768]]}},{"type":"Feature","properties":{"highway":"residential","osm_id":208665227},"geometry":{"type":"LineString","coordinates":[[32.8139636,39.8719196],[32.8147382,39.8721412],[32.815393,39.8726326]]}},{"type":"Feature","properties":{"highway":"residential","osm_id":208665228},"geometry":{"type":"LineString","coordinates":[[32.8161598,39.8758716],[32.8171069,39.8760718],[32.8181621,39.8761417]]}},{"type":"Feature","properties":{"highway":"residential","osm_id":208665229},"geometry":{"type":"LineString","coordinates":[[32.8157172,39.8817569],[32.8166508,39.8817216],[32.8176606,39.881695]]}},{"type":"Feature","properties":{"highway":"tertiary","osm_id":208665230},"geometry":{"type":"LineString","coordinates":[[32.8143829,39.8865398],[32.8142333,39.8860317],[32.8141472,39.8858509]]}},{"type":"Feature","properties":{"highway":"residential","oneway":"yes","osm_id":208665231},"geometry":{"type":"LineString","coordinates":[[32.8145935,39.8866125],[32.8147533,39.8865685],[32.8148094,39.8864996],[32.8148206,39.8864135],[32.8147832,39.8862958],[32.8144166,39.8859944],[32.8143567,39.8859829],[32.8142969,39.8859887],[32.8142333,39.8860317]]}},{"type":"Feature","properties":{"highway":"residential","osm_id":208665232},"geometry":{"type":"LineString","coordinates":[[32.8152317,39.8813035],[32.8157172,39.8817569],[32.8157828,39.8827654]]}},{"type":"Feature","properties":{"highway":"residential","osm_id":208665233},"geometry":{"type":"LineString","coordinates":[[32.8167566,39.874625],[32.8173887,39.8744083],[32.8177105,39.8743379],[32.8181155,39.8743111],[32.8185876,39.8743132]]}},{"type":"Feature","properties":{"highway":"residential","oneway":"yes","osm_id":208665234},"geometry":{"type":"LineString","coordinates":[[32.8140425,39.8855437],[32.8142707,39.8857476],[32.8150787,39.8864336],[32.8153932,39.8866628]]}},{"type":"Feature","properties":{"highway":"residential","osm_id":208665235},"geometry":{"type":"LineString","coordinates":[[32.8133433,39.8727174],[32.8136725,39.8727785],[32.8139108,39.8728036],[32.8142508,39.8727901]]}},{"type":"Feature","properties":{"highway":"residential","osm_id":208665236},"geometry":{"type":"LineString","coordinates":[[32.8152966,39.8760426],[32.8157637,39.8749725],[32.8158996,39.8746676],[32.815917,39.8745713],[32.8158787,39.8744777],[32.8157079,39.8742316]]}},{"type":"Feature","properties":{"highway":"residential","osm_id":208665237},"geometry":{"type":"LineString","coordinates":[[32.8158628,39.8793543],[32.8160401,39.8782458],[32.8160275,39.8781437],[32.8159641,39.8780368],[32.8151533,39.8769943]]}},{"type":"Feature","properties":{"highway":"residential","osm_id":208665238},"geometry":{"type":"LineString","coordinates":[[32.812964,39.8811285],[32.8138156,39.8810641],[32.8146334,39.8811919],[32.8149637,39.8812474],[32.8151767,39.8813184]]}},{"type":"Feature","properties":{"highway":"residential","osm_id":208665239},"geometry":{"type":"LineString","coordinates":[[32.8163632,39.8738597],[32.8167566,39.874625]]}},{"type":"Feature","properties":{"highway":"residential","osm_id":208665240},"geometry":{"type":"LineString","coordinates":[[32.8156347,39.8735146],[32.8158088,39.8733577],[32.8165787,39.8729076],[32.8168757,39.872734],[32.8175053,39.872366],[32.8186962,39.8716723]]}},{"type":"Feature","properties":{"highway":"residential","osm_id":208665241},"geometry":{"type":"LineString","coordinates":[[32.813962,39.8852856],[32.8148698,39.8851996],[32.8157884,39.885117],[32.8167562,39.8850372],[32.8178497,39.8849653]]}},{"type":"Feature","properties":{"highway":"residential","osm_id":208665242},"geometry":{"type":"LineString","coordinates":[[32.8174439,39.870509],[32.8180472,39.8710076]]}},{"type":"Feature","properties":{"highway":"residential","osm_id":208665243},"geometry":{"type":"LineString","coordinates":[[32.8147441,39.8716396],[32.8152318,39.8716732],[32.8155319,39.8716796],[32.8156217,39.8716732],[32.8165219,39.8713496]]}},{"type":"Feature","properties":{"highway":"residential","osm_id":208665244},"geometry":{"type":"LineString","coordinates":[[32.8141902,39.8778642],[32.8149441,39.8773813],[32.8151533,39.8769943],[32.8155301,39.8761148],[32.8152966,39.8760426],[32.8146308,39.8758687]]}},{"type":"Feature","properties":{"highway":"residential","osm_id":208665245},"geometry":{"type":"LineString","coordinates":[[32.8148491,39.8785789],[32.8155686,39.8781773],[32.8159641,39.8780368],[32.8167465,39.8777597],[32.8174181,39.8774655],[32.8180286,39.8774336]]}},{"type":"Feature","properties":{"highway":"residential","osm_id":208665246},"geometry":{"type":"LineString","coordinates":[[32.8125779,39.8793979],[32.8139491,39.8792789],[32.8150518,39.8792887],[32.8158628,39.8793543],[32.8167304,39.8794131]]}},{"type":"Feature","properties":{"highway":"residential","osm_id":208665247},"geometry":{"type":"LineString","coordinates":[[32.8174181,39.8774655],[32.8169799,39.8763792],[32.8171069,39.8760718],[32.8176489,39.8749453]]}},{"type":"Feature","properties":{"highway":"residential","osm_id":208665248},"geometry":{"type":"LineString","coordinates":[[32.8159719,39.8722935],[32.8157608,39.8720762],[32.8156123,39.8718767],[32.8155319,39.8716796],[32.8155288,39.8714722],[32.8155566,39.8712855],[32.8156494,39.8710646],[32.8157886,39.8708401],[32.8160103,39.8706359]]}},{"type":"Feature","properties":{"highway":"residential","osm_id":208665249},"geometry":{"type":"LineString","coordinates":[[32.8116199,39.8718563],[32.8121161,39.872315],[32.8123108,39.8725131],[32.8124618,39.872797],[32.8127587,39.8732454],[32.8132913,39.8738051],[32.8134539,39.873942],[32.8135746,39.8740326],[32.8137519,39.8740786],[32.8140002,39.8740449],[32.8143569,39.8739474],[32.8156347,39.8735146]]}},{"type":"Feature","properties":{"highway":"residential","osm_id":208665250},"geometry":{"type":"LineString","coordinates":[[32.8118738,39.8750784],[32.8124314,39.8751596],[32.8127972,39.875153],[32.8132344,39.8751266]]}},{"type":"Feature","properties":{"highway":"residential","osm_id":208677726},"geometry":{"type":"LineString","coordinates":[[32.8410184,39.8575501],[32.840967,39.8577288],[32.8408393,39.8579025],[32.8406888,39.858122],[32.8406191,39.8582291],[32.8405862,39.8583424],[32.8406314,39.8585282],[32.8407093,39.8587424],[32.8408447,39.8589376],[32.840929,39.8591059]]}},{"type":"Feature","properties":{"highway":"residential","osm_id":208677728},"geometry":{"type":"LineString","coordinates":[[32.8405254,39.8548422],[32.8406901,39.8549635],[32.8408235,39.8551439],[32.8409714,39.8553153],[32.8411426,39.8554801],[32.8414443,39.855636],[32.841746,39.8558186],[32.8419345,39.8559544],[32.8420685,39.8561064]]}},{"type":"Feature","properties":{"highway":"residential","osm_id":208677729},"geometry":{"type":"LineString","coordinates":[[32.8433345,39.8540167],[32.843408,39.8539056],[32.8434819,39.853808],[32.843605,39.8537608],[32.8438019,39.8537293],[32.843966,39.8536757],[32.8440398,39.8535466],[32.8440767,39.8534584],[32.8440234,39.8533073],[32.843966,39.8532033]]}},{"type":"Feature","properties":{"highway":"residential","osm_id":208677731},"geometry":{"type":"LineString","coordinates":[[32.8451758,39.8632481],[32.8450433,39.863313],[32.8448669,39.8633822],[32.8448341,39.86342],[32.8448587,39.8634578],[32.8449408,39.8635586],[32.8451418,39.8637695],[32.8452444,39.8638105],[32.8453551,39.863779],[32.8455753,39.8636864]]}},{"type":"Feature","properties":{"highway":"residential","osm_id":208677733},"geometry":{"type":"LineString","coordinates":[[32.8431409,39.8561165],[32.8430165,39.8561615],[32.8428715,39.8562261],[32.8427816,39.8562417],[32.8426394,39.856117],[32.8425292,39.8560658],[32.8424683,39.8560279],[32.8423899,39.8560057],[32.8422913,39.8560079],[32.8421637,39.8560569],[32.8420685,39.8561064]]}},{"type":"Feature","properties":{"highway":"residential","osm_id":208677736},"geometry":{"type":"LineString","coordinates":[[32.8381167,39.853145],[32.8383492,39.8533255],[32.8383369,39.8534578],[32.838341,39.8536247],[32.8383944,39.8537633],[32.8386405,39.8539365],[32.838899,39.8540845],[32.8390877,39.8542609],[32.8392436,39.8544561],[32.8394405,39.8547395],[32.8397317,39.8550419],[32.8399779,39.8552371],[32.8403061,39.8554261],[32.8405037,39.8555336]]}},{"type":"Feature","properties":{"highway":"residential","osm_id":208677737},"geometry":{"type":"LineString","coordinates":[[32.8381689,39.8529593],[32.83878,39.8529692],[32.8390278,39.8529375],[32.8392682,39.8529066],[32.8398056,39.8528374],[32.8401502,39.8528248],[32.8404989,39.85285],[32.8408763,39.8529539],[32.8411758,39.8530862],[32.841385,39.8531365],[32.8416722,39.8530925],[32.8419429,39.8530515],[32.8422506,39.8530673],[32.8426486,39.8530283]]}},{"type":"Feature","properties":{"highway":"residential","osm_id":208677739},"geometry":{"type":"LineString","coordinates":[[32.8425453,39.8603987],[32.8424162,39.8602347],[32.8422305,39.8601189],[32.8421145,39.8600165],[32.8420014,39.8599074],[32.8419289,39.8597916],[32.8419114,39.8597092],[32.8418882,39.8596157],[32.8419289,39.8595044],[32.8419608,39.8593797],[32.8419579,39.8592995],[32.8419405,39.8592683],[32.8418534,39.8592238],[32.8417535,39.8591939]]}},{"type":"Feature","properties":{"highway":"residential","osm_id":208677741},"geometry":{"type":"LineString","coordinates":[[32.8378435,39.8661806],[32.838302,39.8658881],[32.8385644,39.8657207],[32.8388371,39.8655114],[32.8394168,39.8651595],[32.8394753,39.865124],[32.8397364,39.8649547],[32.839864,39.8648122],[32.83998,39.864554],[32.8400005,39.8644589],[32.8400671,39.8640508],[32.8399568,39.8638637],[32.8398176,39.8637435],[32.8395391,39.8636589],[32.8385935,39.8640285],[32.8385435,39.8640511],[32.8379147,39.8643358]]}},{"type":"Feature","properties":{"highway":"residential","osm_id":208677742},"geometry":{"type":"LineString","coordinates":[[32.8408577,39.8540139],[32.8411039,39.8542217],[32.8412844,39.854354],[32.8414362,39.854417],[32.8416003,39.8544139],[32.8418341,39.8544233],[32.8421295,39.8544076],[32.8423387,39.8543918],[32.8426135,39.8544265],[32.84286,39.8544994],[32.8428972,39.8545104],[32.8429562,39.8545279],[32.8432412,39.8546123],[32.8437792,39.8547669],[32.8439272,39.8548127],[32.8440391,39.8548615],[32.8442489,39.8549225],[32.8444471,39.8549811],[32.8446619,39.855044],[32.8448333,39.8550997],[32.8451956,39.8551883],[32.845655,39.8552734]]}},{"type":"Feature","properties":{"highway":"pedestrian","name":"Hüseyin Aksu Sokağı","osm_id":208677743},"geometry":{"type":"LineString","coordinates":[[32.8274259,39.8535601],[32.8275493,39.8540852],[32.8286632,39.8544148],[32.8297713,39.8543302],[32.8307921,39.8543031]]}},{"type":"Feature","properties":{"highway":"residential","osm_id":208677744},"geometry":{"type":"LineString","coordinates":[[32.843462,39.860624],[32.8433009,39.860522],[32.8431791,39.8604173],[32.8430254,39.8602704],[32.8429151,39.8601234],[32.8428687,39.8600744],[32.8428107,39.860041],[32.8427295,39.8599965],[32.8426367,39.8599007],[32.8425844,39.8598228],[32.8424887,39.8597493],[32.8423959,39.8596714],[32.8423466,39.8595912],[32.8423176,39.8595333],[32.8423234,39.8594732],[32.8424133,39.8593997],[32.8425786,39.8592617],[32.8426105,39.8591281]]}},{"type":"Feature","properties":{"highway":"residential","osm_id":208677746},"geometry":{"type":"LineString","coordinates":[[32.8431658,39.8616736],[32.8434304,39.8618075],[32.8436848,39.8619019],[32.8437976,39.8619507],[32.8439412,39.8620358],[32.8441935,39.8622609],[32.8442632,39.862305],[32.844333,39.8622892],[32.844575,39.8621286],[32.8448417,39.861883],[32.8450981,39.8616752],[32.8452273,39.8616012],[32.8457052,39.8614296],[32.8460026,39.8613225],[32.8461811,39.8612658],[32.8464375,39.8612029],[32.846618,39.8611855],[32.8467144,39.861184],[32.8467557,39.8611827],[32.8469521,39.8611764],[32.8472237,39.8611887],[32.8474925,39.8612341],[32.8476133,39.8612775],[32.8476592,39.861294],[32.8478663,39.8613972],[32.8482049,39.8616612],[32.8483301,39.8617588]]}},{"type":"Feature","properties":{"highway":"residential","osm_id":208677749},"geometry":{"type":"LineString","coordinates":[[32.8424334,39.8572908],[32.842309,39.8572065],[32.8422434,39.8571089],[32.8422106,39.8570302],[32.8422188,39.856942],[32.8422311,39.856794],[32.8422522,39.8566739],[32.8422235,39.8565826],[32.8420964,39.8564692],[32.8419802,39.8563851],[32.8419159,39.8563386],[32.8416307,39.8561024],[32.8414954,39.8560095],[32.8414334,39.8559793],[32.8412492,39.8558898],[32.8410995,39.8558174],[32.8409251,39.8557371],[32.8406646,39.855578],[32.840509,39.8554657]]}},{"type":"Feature","properties":{"highway":"residential","osm_id":208677755},"geometry":{"type":"LineString","coordinates":[[32.843411,39.8589871],[32.842931,39.8593241]]}},{"type":"Feature","properties":{"highway":"residential","osm_id":208677759},"geometry":{"type":"LineString","coordinates":[[32.8389662,39.8645876],[32.8400671,39.8640508]]}},{"type":"Feature","properties":{"highway":"service","osm_id":208677762},"geometry":{"type":"LineString","coordinates":[[32.8418469,39.8513839],[32.8417128,39.851664],[32.8413956,39.8515813],[32.8411712,39.8515228],[32.8412436,39.8514081],[32.8414149,39.8511263]]}},{"type":"Feature","properties":{"highway":"residential","osm_id":208677763},"geometry":{"type":"LineString","coordinates":[[32.8377171,39.8650798],[32.8374426,39.8646643]]}},{"type":"Feature","properties":{"highway":"residential","osm_id":208677772},"geometry":{"type":"LineString","coordinates":[[32.8455753,39.8636864],[32.8452519,39.863252]]}},{"type":"Feature","properties":{"highway":"residential","osm_id":208677773},"geometry":{"type":"LineString","coordinates":[[32.8368183,39.8649191],[32.8374426,39.8646643]]}},{"type":"Feature","properties":{"highway":"residential","osm_id":208677776},"geometry":{"type":"LineString","coordinates":[[32.8460433,39.861095],[32.8461811,39.8612658]]}},{"type":"Feature","properties":{"highway":"residential","osm_id":208677777},"geometry":{"type":"LineString","coordinates":[[32.838302,39.8658881],[32.8377171,39.8650798]]}},{"type":"Feature","properties":{"highway":"residential","osm_id":208677789},"geometry":{"type":"LineString","coordinates":[[32.8374426,39.8646643],[32.8377703,39.8645306]]}},{"type":"Feature","properties":{"highway":"residential","osm_id":208677791},"geometry":{"type":"LineString","coordinates":[[32.8317499,39.8572701],[32.8322566,39.8582078]]}},{"type":"Feature","properties":{"highway":"residential","osm_id":208677794},"geometry":{"type":"LineString","coordinates":[[32.8415729,39.8579567],[32.8418128,39.8577945],[32.8420824,39.8575647],[32.8422652,39.8574177],[32.8424334,39.8572908],[32.8425386,39.8572386],[32.8426307,39.8571928],[32.8431927,39.8568109],[32.8434482,39.8567705],[32.8436601,39.8567396],[32.8438452,39.8567829],[32.8440463,39.856824],[32.8442823,39.8568878],[32.8449931,39.8569393],[32.845307,39.8569661]]}},{"type":"Feature","properties":{"highway":"residential","osm_id":208677795},"geometry":{"type":"LineString","coordinates":[[32.8385435,39.8640511],[32.8389662,39.8645876],[32.8394168,39.8651595]]}},{"type":"Feature","properties":{"highway":"residential","osm_id":208677803},"geometry":{"type":"LineString","coordinates":[[32.8441296,39.8599819],[32.8438521,39.8598272],[32.8435997,39.8597137]]}},{"type":"Feature","properties":{"highway":"residential","osm_id":208677806},"geometry":{"type":"LineString","coordinates":[[32.8419042,39.8607438],[32.8421761,39.8604931],[32.8423196,39.8603735],[32.8424222,39.8603514],[32.8425453,39.8603987],[32.8426396,39.8604711],[32.8427996,39.8605939],[32.8428571,39.860701],[32.8429514,39.8607986],[32.8430991,39.8609214],[32.8432714,39.860956],[32.8433206,39.8609466],[32.8433616,39.8608427],[32.8434566,39.860641],[32.843462,39.860624],[32.8434769,39.8605765],[32.8435756,39.860356],[32.8436481,39.8602558],[32.8437032,39.8602068],[32.8438466,39.8601297],[32.8440136,39.8600398],[32.8441296,39.8599819],[32.844382,39.8598528],[32.8445647,39.8597726],[32.8447504,39.8597414],[32.8448925,39.8597058]]}},{"type":"Feature","properties":{"highway":"residential","osm_id":208677808},"geometry":{"type":"LineString","coordinates":[[32.8432714,39.860956],[32.8433619,39.8609819],[32.8435219,39.8609976],[32.8436491,39.8609866]]}},{"type":"Feature","properties":{"highway":"residential","osm_id":208677812},"geometry":{"type":"LineString","coordinates":[[32.8434819,39.853808],[32.8433875,39.8536411],[32.8433506,39.8535151],[32.843315,39.8533368]]}},{"type":"Feature","properties":{"highway":"residential","osm_id":208677815},"geometry":{"type":"LineString","coordinates":[[32.8422522,39.8566739],[32.8412721,39.8574403],[32.8412027,39.8574728],[32.8410505,39.8575442],[32.8410184,39.8575501],[32.8408618,39.8575788],[32.8406485,39.8575788],[32.8405172,39.8575379],[32.8404229,39.8574497],[32.8403654,39.857308],[32.8403572,39.8571631],[32.8404639,39.8569899],[32.8405418,39.8568892],[32.8406321,39.8567537],[32.8406198,39.8566561],[32.8405665,39.8565427],[32.8404967,39.8563884],[32.8404557,39.8562467],[32.8404708,39.8560017],[32.8404844,39.8557806],[32.8405037,39.8555336],[32.840509,39.8554657],[32.8405008,39.8550185],[32.8405254,39.8548422],[32.8405541,39.8546501],[32.8405911,39.8544737],[32.8406435,39.8542947],[32.8406649,39.8542217],[32.8407124,39.8541705],[32.8408577,39.8540139],[32.8408577,39.8539257],[32.8408495,39.8537745],[32.8408782,39.8537053],[32.8409726,39.8536675],[32.8411326,39.853658],[32.8414608,39.8536612],[32.8417849,39.8536895],[32.8421869,39.8537462],[32.8423592,39.8537745],[32.8425438,39.8537494],[32.8428064,39.8536801],[32.8431222,39.85351],[32.843315,39.8533368],[32.8434393,39.8531824],[32.8434986,39.853052],[32.8435096,39.8529772],[32.8434398,39.8528489]]}},{"type":"Feature","properties":{"highway":"residential","osm_id":208677817},"geometry":{"type":"LineString","coordinates":[[32.846711,39.8645062],[32.8465887,39.8644605],[32.8463643,39.8643477],[32.846051,39.8640894],[32.8455753,39.8636864]]}},{"type":"Feature","properties":{"highway":"residential","osm_id":208677819},"geometry":{"type":"LineString","coordinates":[[32.8471531,39.8627544],[32.8471151,39.8628706],[32.84706,39.8629801],[32.8469839,39.8631099],[32.8468717,39.8632413],[32.846809,39.8632982],[32.8467212,39.8634358],[32.8466228,39.8635775],[32.8464505,39.8637412],[32.8462002,39.8639774],[32.846051,39.8640894]]}},{"type":"Feature","properties":{"highway":"residential","osm_id":208677826},"geometry":{"type":"LineString","coordinates":[[32.8411635,39.8534798],[32.8410568,39.8534011],[32.8408271,39.8533255],[32.8405932,39.8533035],[32.8403676,39.853294]]}},{"type":"Feature","properties":{"highway":"residential","osm_id":208677829},"geometry":{"type":"LineString","coordinates":[[32.8438466,39.8601297],[32.8440573,39.8602623],[32.844127,39.8603269],[32.8441926,39.8603773],[32.8442993,39.8604151],[32.844488,39.8604119]]}},{"type":"Feature","properties":{"highway":"residential","osm_id":208677834},"geometry":{"type":"LineString","coordinates":[[32.8425786,39.8592617],[32.8426279,39.8594487],[32.8427382,39.8595712],[32.8429441,39.8597337],[32.8431733,39.8599096],[32.843388,39.8600455],[32.8437032,39.8602068]]}},{"type":"Feature","properties":{"highway":"residential","osm_id":208677835},"geometry":{"type":"LineString","coordinates":[[32.8455753,39.8636864],[32.8456341,39.8635932],[32.8459089,39.8634169],[32.8462823,39.863165],[32.8464546,39.8629918],[32.8465858,39.8629162],[32.8467212,39.862869],[32.8468375,39.8628172],[32.8471531,39.8627544],[32.8473965,39.8626771],[32.8475866,39.8626158],[32.8476613,39.8625644],[32.8477881,39.8624771],[32.8482026,39.8620936],[32.8484103,39.861891],[32.8483301,39.8617588]]}},{"type":"Feature","properties":{"highway":"residential","osm_id":208677837},"geometry":{"type":"LineString","coordinates":[[32.84286,39.8544994],[32.8429445,39.8542615],[32.8429896,39.8541639],[32.8430881,39.8540977],[32.8432727,39.8540568],[32.8433345,39.8540167],[32.843525,39.8540186],[32.8436569,39.8540252]]}},{"type":"Feature","properties":{"name":"638.Cadde","highway":"residential","osm_id":208677838},"geometry":{"type":"LineString","coordinates":[[32.8406435,39.8542947],[32.8404876,39.8541408],[32.8403175,39.8540283],[32.839923,39.8537218],[32.8397789,39.8535477],[32.8397789,39.8534878],[32.8398049,39.8534407],[32.8398805,39.8534171],[32.8399939,39.8534207],[32.8402018,39.8534933],[32.8404546,39.8535549],[32.8406105,39.8535586],[32.8407163,39.8535276],[32.8409173,39.8535145],[32.8411635,39.8534798],[32.8418609,39.853505],[32.8420045,39.8534452],[32.8422178,39.853272],[32.8426486,39.8530283]]}},{"type":"Feature","properties":{"highway":"residential","osm_id":208677845},"geometry":{"type":"LineString","coordinates":[[32.845247,39.8624441],[32.845588,39.8621907],[32.8457678,39.8621061],[32.8458897,39.8620749],[32.8461014,39.8620793],[32.8462726,39.862086],[32.8464118,39.8620615],[32.8467193,39.861948],[32.8470328,39.8618265],[32.8472613,39.8616923],[32.8474495,39.8615004],[32.8476133,39.8612775]]}},{"type":"Feature","properties":{"name":"928.Sk.","highway":"residential","osm_id":208677849},"geometry":{"type":"LineString","coordinates":[[32.8244879,39.8548647],[32.8243142,39.8550131],[32.8241138,39.8551093],[32.8237739,39.8551705],[32.8234664,39.8551834],[32.8232149,39.8552177],[32.8229465,39.8552606],[32.8227062,39.8553078],[32.8223168,39.8554002],[32.8222012,39.855412],[32.8219883,39.8554338],[32.8216306,39.8554562],[32.8212875,39.8555795],[32.8208568,39.8556916],[32.8204261,39.8556972],[32.819886,39.8556299],[32.8195283,39.8556075],[32.8192655,39.8556075],[32.8190027,39.8557308],[32.8188859,39.8558709],[32.818864,39.8560502],[32.8189507,39.8561276],[32.8192236,39.8562367],[32.8194454,39.8563196],[32.8196444,39.856455],[32.819724,39.8566776],[32.8198321,39.8568609],[32.8201562,39.8569351],[32.8204405,39.8570006],[32.8207874,39.85728],[32.8209296,39.8574502],[32.8209993,39.8577208],[32.8210376,39.8578693],[32.8212025,39.8583669],[32.8215392,39.8589925],[32.8215949,39.8590959],[32.8216629,39.8591297],[32.8218849,39.8592399],[32.8221237,39.8592574],[32.8224479,39.8591701],[32.82266,39.8591213],[32.8227603,39.8590982],[32.8230093,39.859083],[32.8233295,39.8590891],[32.8235943,39.8591012],[32.8236946,39.8591305],[32.8237919,39.8591589],[32.8239303,39.8592256],[32.8241082,39.8593803],[32.8242702,39.8595654],[32.8244323,39.859702],[32.824622,39.8598142],[32.8249066,39.8599235],[32.8251079,39.8599823]]}},{"type":"Feature","properties":{"highway":"residential","osm_id":208677851},"geometry":{"type":"LineString","coordinates":[[32.8425386,39.8572386],[32.8426126,39.8573467],[32.8426967,39.8574081],[32.8427747,39.8574553],[32.8428526,39.8574758],[32.8429675,39.8574506],[32.8430372,39.8574301],[32.8431131,39.857375],[32.8431952,39.8573042]]}},{"type":"Feature","properties":{"highway":"service","source":"bing","osm_id":208677854},"geometry":{"type":"LineString","coordinates":[[32.8222012,39.855412],[32.8224032,39.8556736],[32.8226045,39.8559965],[32.8227767,39.856232],[32.823073,39.8565367],[32.8233525,39.8567727],[32.8234643,39.8569057],[32.8237885,39.8574293],[32.8240401,39.8577211],[32.8243922,39.8579699],[32.8249568,39.8584763],[32.8251804,39.8587037]]}},{"type":"Feature","properties":{"highway":"residential","osm_id":208677855},"geometry":{"type":"LineString","coordinates":[[32.8448925,39.8597058],[32.8446614,39.8595133],[32.844441,39.859393],[32.844014,39.8592359]]}},{"type":"Feature","properties":{"highway":"residential","osm_id":208677858},"geometry":{"type":"LineString","coordinates":[[32.8378808,39.860877],[32.8370227,39.8614696]]}},{"type":"Feature","properties":{"name":"6591/1.Sk(23.Sk)","highway":"tertiary","osm_id":208677871},"geometry":{"type":"LineString","coordinates":[[32.8433496,39.8634302],[32.8436619,39.863412],[32.8438991,39.8633634],[32.8441283,39.8632542],[32.8444129,39.862972],[32.8447884,39.8626383],[32.8449663,39.8624927],[32.8451126,39.8624472],[32.845247,39.8624441],[32.8452865,39.862526],[32.8452549,39.8627293],[32.8452272,39.8628537],[32.8451442,39.862972],[32.8451165,39.8630995],[32.8451205,39.8631905],[32.8451758,39.8632481],[32.8452519,39.863252],[32.8459664,39.862878],[32.8464763,39.8625837],[32.8466146,39.8625139],[32.8467016,39.8624987],[32.8473106,39.8623458],[32.8483301,39.8617588]]}},{"type":"Feature","properties":{"name":"787/1.Sk(158.Sk)","highway":"residential","osm_id":208677873},"geometry":{"type":"LineString","coordinates":[[32.8366442,39.8646799],[32.8372036,39.8644198],[32.8377205,39.8641794]]}},{"type":"Feature","properties":{"highway":"residential","name":"792.Sk(162.Sk)","osm_id":208677874},"geometry":{"type":"LineString","coordinates":[[32.8367664,39.8621025],[32.8368362,39.8624237],[32.8368977,39.8627637],[32.8369264,39.8630408],[32.8369633,39.8639414],[32.8372036,39.8644198]]}},{"type":"Feature","properties":{"name":"794.Sk","highway":"residential","osm_id":208677875},"geometry":{"type":"LineString","coordinates":[[32.8369633,39.8639414],[32.8374362,39.8637252]]}},{"type":"Feature","properties":{"highway":"residential","name":"797.cd(2.cd)","osm_id":208677876},"geometry":{"type":"LineString","coordinates":[[32.835607,39.8601259],[32.8363019,39.8602596],[32.8372624,39.8605144],[32.837804,39.860739],[32.8378581,39.8607731],[32.8378808,39.860877]]}},{"type":"Feature","properties":{"name":"896/1.Sk940.Sk)","highway":"residential","osm_id":208677884},"geometry":{"type":"LineString","coordinates":[[32.8218849,39.8592399],[32.8220821,39.859389],[32.8223153,39.8595897],[32.822754,39.8599384],[32.8229527,39.8600633],[32.8235869,39.8604619],[32.8237898,39.8605861],[32.8239377,39.860645],[32.8241481,39.8606712],[32.824367,39.8606908]]}},{"type":"Feature","properties":{"name":"900.cd(46.cd)","highway":"tertiary","osm_id":208677887},"geometry":{"type":"LineString","coordinates":[[32.821524,39.8653199],[32.822277,39.8648507],[32.8224522,39.86473],[32.8227638,39.8644547],[32.8230443,39.8642618],[32.8235657,39.8638767],[32.8239664,39.8635632],[32.8248801,39.8631345],[32.8253393,39.8629326],[32.8257428,39.8627553],[32.8258051,39.8627279],[32.8261971,39.8625432],[32.8269839,39.8621725],[32.8283163,39.8615446],[32.8287242,39.8613525]]}},{"type":"Feature","properties":{"name":"901.Cd(49.cd)","highway":"residential","osm_id":208677888},"geometry":{"type":"LineString","coordinates":[[32.8205754,39.8636189],[32.8221335,39.8640019],[32.8230443,39.8642618],[32.8241542,39.8645636],[32.8251029,39.8648427],[32.8255407,39.8649816],[32.8257954,39.8651542]]}},{"type":"Feature","properties":{"name":"902.Sk","highway":"residential","osm_id":208677889},"geometry":{"type":"LineString","coordinates":[[32.8239664,39.8635632],[32.8237593,39.8629298],[32.8236081,39.8627334],[32.8235187,39.8626519]]}},{"type":"Feature","properties":{"name":"929.Sk","highway":"residential","osm_id":208677891},"geometry":{"type":"LineString","coordinates":[[32.8279769,39.8633993],[32.8284888,39.8636732],[32.8287795,39.863892],[32.8289908,39.8641288],[32.8292155,39.8644756],[32.8293105,39.864703],[32.8292602,39.8649733],[32.8291149,39.8652779],[32.8289863,39.8655139],[32.8289248,39.865707],[32.828908,39.8658314],[32.8289118,39.8659079],[32.8289192,39.8660545],[32.8290198,39.866372],[32.8292122,39.866851],[32.8293552,39.8671029],[32.829608,39.8673151],[32.8299441,39.867442],[32.8301468,39.8675321],[32.8303762,39.8677164],[32.8304906,39.867956],[32.8305646,39.8685265]]}},{"type":"Feature","properties":{"name":"934.Sk(124.Sk)","highway":"residential","osm_id":208677892},"geometry":{"type":"LineString","coordinates":[[32.8292844,39.8574485],[32.8286958,39.8567957],[32.828236,39.8563979],[32.8275596,39.8557935],[32.8266931,39.8553429],[32.8264924,39.8552092],[32.8260168,39.8548923]]}},{"type":"Feature","properties":{"name":"935.Sk","highway":"residential","osm_id":208677894},"geometry":{"type":"LineString","coordinates":[[32.8283552,39.8552237],[32.8282129,39.8553111],[32.8279039,39.8555545],[32.8275596,39.8557935],[32.82676,39.8563833]]}},{"type":"Feature","properties":{"name":"935.Sk(125.Sk)","highway":"residential","osm_id":208677896},"geometry":{"type":"LineString","coordinates":[[32.8291207,39.8550354],[32.8292492,39.8550354],[32.8296182,39.8550654],[32.8299871,39.8550568],[32.8303952,39.8550397],[32.8310213,39.8550096],[32.8316101,39.8549882],[32.8319422,39.8550124],[32.8322979,39.8550064],[32.832703,39.8549833],[32.8330216,39.854979],[32.8334018,39.8549618],[32.8337875,39.8548974],[32.8341396,39.8547816],[32.8345924,39.8545928],[32.8350396,39.8544812],[32.8355595,39.8543868],[32.8359117,39.8543353],[32.8362023,39.8543353],[32.8365825,39.8543782],[32.8368787,39.8543996],[32.8372085,39.8543653],[32.8375048,39.8542709],[32.8379303,39.8540318]]}},{"type":"Feature","properties":{"name":"935/1.Sk(121/1.Sk)","highway":"residential","osm_id":208677897},"geometry":{"type":"LineString","coordinates":[[32.8281331,39.8581579],[32.8280116,39.8579871],[32.8277824,39.8577426],[32.8275588,39.8576353],[32.8273073,39.8575495],[32.8270333,39.8573263]]}},{"type":"Feature","properties":{"name":"936.sK(77.Sk)","highway":"residential","osm_id":208677900},"geometry":{"type":"LineString","coordinates":[[32.8264924,39.8552092],[32.826499,39.8550053],[32.8263816,39.8547951],[32.8262754,39.8546492],[32.8262754,39.8545633],[32.8263313,39.8544818],[32.8264375,39.8544775],[32.8267449,39.854602],[32.8273493,39.8548983],[32.8274101,39.8549281]]}},{"type":"Feature","properties":{"name":"937.Sk(129.Sk)","highway":"residential","osm_id":208677901},"geometry":{"type":"LineString","coordinates":[[32.8349974,39.8557063],[32.8348508,39.8555061],[32.8346532,39.8554636],[32.8343211,39.8555182],[32.8339654,39.8555061],[32.8337203,39.8554636],[32.8334436,39.8554636],[32.8330405,39.8554636],[32.8325819,39.8555],[32.8324238,39.855585]]}},{"type":"Feature","properties":{"name":"937.Sk(129.Sk)","highway":"residential","osm_id":208677902},"geometry":{"type":"LineString","coordinates":[[32.828236,39.8563979],[32.8284275,39.8561554],[32.8289921,39.8558293],[32.8291878,39.8557434]]}},{"type":"Feature","properties":{"name":"938.Sk(126.Sk)","highway":"residential","osm_id":208677903},"geometry":{"type":"LineString","coordinates":[[32.8274101,39.8549281],[32.8278617,39.8551057],[32.8283552,39.8552237],[32.8287963,39.8551452],[32.8291207,39.8550354]]}},{"type":"Feature","properties":{"name":"939.Sk(128.Sk)","highway":"residential","osm_id":208677904},"geometry":{"type":"LineString","coordinates":[[32.8297043,39.8557549],[32.8308202,39.8557666]]}},{"type":"Feature","properties":{"highway":"residential","name":"940.Sk(130.Sk)","osm_id":208677905},"geometry":{"type":"LineString","coordinates":[[32.831815,39.8566044],[32.831736,39.8557913]]}},{"type":"Feature","properties":{"highway":"residential","name":"942.Cd(8.Cd)","osm_id":208677906},"geometry":{"type":"LineString","coordinates":[[32.8311023,39.8568958],[32.831815,39.8566044],[32.8325041,39.8563434],[32.8330554,39.8562252],[32.8341868,39.856011],[32.8349974,39.8557063],[32.8359433,39.8553447],[32.836203,39.8553414],[32.8363976,39.8554233],[32.8365481,39.8555176],[32.8366311,39.855639],[32.8366548,39.8557786],[32.8365362,39.8560304],[32.8363505,39.8561973],[32.8356271,39.8566343],[32.8354137,39.8567556],[32.8353188,39.8568315],[32.8352476,39.8569073],[32.8351923,39.8570651]]}},{"type":"Feature","properties":{"highway":"residential","name":"942.Cd(8.Cd)","osm_id":208677907},"geometry":{"type":"LineString","coordinates":[[32.8286503,39.8579009],[32.8292844,39.8574485],[32.8302123,39.8571524],[32.8311023,39.8568958]]}},{"type":"Feature","properties":{"name":"944.Sk(127.Sk)","highway":"residential","osm_id":208677909},"geometry":{"type":"LineString","coordinates":[[32.8363976,39.8554233],[32.8367858,39.8553463],[32.8371492,39.8552733],[32.8375207,39.8551933]]}},{"type":"Feature","properties":{"highway":"residential","name":"945.Sk","osm_id":208677910},"geometry":{"type":"LineString","coordinates":[[32.832884,39.8569319],[32.8341893,39.8565428]]}},{"type":"Feature","properties":{"name":"945.Sk(120.Sk)","highway":"residential","osm_id":208677911},"geometry":{"type":"LineString","coordinates":[[32.8282319,39.8588719],[32.8292633,39.85844]]}},{"type":"Feature","properties":{"highway":"residential","name":"945.Sk(120.Sk)","osm_id":208677912},"geometry":{"type":"LineString","coordinates":[[32.8292633,39.85844],[32.8306114,39.8576248],[32.8314012,39.8573898],[32.8317499,39.8572701],[32.832884,39.8569319]]}},{"type":"Feature","properties":{"highway":"residential","name":"948.Sk(113.Sk)","osm_id":208677913},"geometry":{"type":"LineString","coordinates":[[32.8330843,39.8600241],[32.8330944,39.8603686],[32.833154,39.8605365],[32.8334765,39.8608976],[32.833799,39.8612398]]}},{"type":"Feature","properties":{"highway":"residential","osm_id":208677914},"geometry":{"type":"LineString","coordinates":[[32.8331443,39.858209],[32.8329383,39.8576609],[32.8328449,39.8573889],[32.8328225,39.8572473],[32.8328225,39.8571679],[32.8328351,39.8570671],[32.832884,39.8569319],[32.8328784,39.8568751],[32.8325041,39.8563434]]}},{"type":"Feature","properties":{"highway":"residential","name":"948.Sk(113.Sk)","osm_id":208677915},"geometry":{"type":"LineString","coordinates":[[32.8344989,39.8634559],[32.8342696,39.8628076],[32.8340666,39.8621292],[32.833799,39.8612398]]}},{"type":"Feature","properties":{"highway":"residential","name":"948.Sk(113.Sk)","osm_id":208677916},"geometry":{"type":"LineString","coordinates":[[32.8330853,39.8582123],[32.8331172,39.8587404],[32.8331387,39.8590958]]}},{"type":"Feature","properties":{"highway":"residential","name":"948.Sk(114.Sk)","osm_id":208677920},"geometry":{"type":"LineString","coordinates":[[32.8338885,39.8597434],[32.8338879,39.8598903],[32.8338874,39.8600203],[32.8338576,39.8606326],[32.8338396,39.8612315]]}},{"type":"Feature","properties":{"highway":"residential","name":"950.Sk(119.Sk)","osm_id":208677921},"geometry":{"type":"LineString","coordinates":[[32.830293,39.859882],[32.8303071,39.8595277],[32.8303099,39.8593797],[32.8303434,39.8591887],[32.8304217,39.8589484],[32.8304664,39.8588647],[32.8306174,39.858691],[32.8308214,39.8584442],[32.8309478,39.8583316],[32.8311181,39.8581716]]}},{"type":"Feature","properties":{"highway":"residential","name":"950.Sk(119.Sk)","osm_id":208677922},"geometry":{"type":"LineString","coordinates":[[32.8311181,39.8581716],[32.8312502,39.8581064],[32.8314637,39.8580897],[32.8320092,39.8581807],[32.8322566,39.8582078],[32.8324598,39.8582293],[32.8328353,39.8582263],[32.8330853,39.8582123],[32.8331443,39.858209],[32.8335428,39.8581868],[32.8340804,39.8581261],[32.8345231,39.858026],[32.8348085,39.8579398]]}},{"type":"Feature","properties":{"name":"951.Sk(102.Sk)","highway":"residential","osm_id":208677924},"geometry":{"type":"LineString","coordinates":[[32.8277251,39.8609063],[32.828199,39.8605809],[32.8283006,39.8603884],[32.8284322,39.8600687],[32.8284662,39.8598067],[32.8284832,39.8596004],[32.8285702,39.8595543],[32.8286726,39.859468],[32.8289186,39.8593865],[32.8291104,39.8593322],[32.8297621,39.8590649]]}},{"type":"Feature","properties":{"highway":"residential","name":"952.Sk(20.Sk)","osm_id":208677925},"geometry":{"type":"LineString","coordinates":[[32.8297783,39.8626923],[32.8295715,39.8626644],[32.8287783,39.8624859]]}},{"type":"Feature","properties":{"name":"953.cad(10.cd)","highway":"residential","osm_id":208677926},"geometry":{"type":"LineString","coordinates":[[32.8303565,39.8647293],[32.8308221,39.8644136]]}},{"type":"Feature","properties":{"highway":"residential","name":"953.cd(10.cd)","osm_id":208677927},"geometry":{"type":"LineString","coordinates":[[32.8303565,39.8647293],[32.8305546,39.8648931],[32.8306861,39.8650256],[32.8308229,39.8651634],[32.8310521,39.8653351],[32.8311233,39.8653746],[32.8313316,39.8654595],[32.8314573,39.8654765],[32.8315887,39.8654895],[32.8318392,39.8654659],[32.8319241,39.8654552]]}},{"type":"Feature","properties":{"name":"955.Sk","highway":"steps","osm_id":208677930},"geometry":{"type":"LineString","coordinates":[[32.8295892,39.860308],[32.8304185,39.8600614]]}},{"type":"Feature","properties":{"highway":"steps","name":"957/1.Sk(99/1.Sk)","osm_id":208677932},"geometry":{"type":"LineString","coordinates":[[32.8303638,39.8613627],[32.8312105,39.8610162]]}},{"type":"Feature","properties":{"highway":"residential","name":"958.Sk(98.Sk)","osm_id":208677934},"geometry":{"type":"LineString","coordinates":[[32.8298296,39.8627684],[32.8304791,39.8625392],[32.8310888,39.8622704]]}},{"type":"Feature","properties":{"name":"959.Sk","highway":"residential","osm_id":208677935},"geometry":{"type":"LineString","coordinates":[[32.8318392,39.8654659],[32.8321167,39.8662268],[32.8322063,39.8664419],[32.8324053,39.8667882],[32.8324724,39.8668706],[32.8325475,39.8668932],[32.8327218,39.8668747],[32.8331,39.8667656],[32.8333708,39.8666331]]}},{"type":"Feature","properties":{"highway":"residential","name":"959.Sk(71.Sk)","osm_id":208677936},"geometry":{"type":"LineString","coordinates":[[32.8319241,39.8654552],[32.8319074,39.8650819],[32.8318068,39.8648116],[32.8316167,39.864434],[32.8310161,39.8634937],[32.8304791,39.8625392],[32.8301048,39.8619933],[32.8298892,39.8616953],[32.8298768,39.8616456],[32.8299076,39.8615912],[32.8303638,39.8613627]]}},{"type":"Feature","properties":{"highway":"residential","name":"960.Sk(97.Sk)","osm_id":208677937},"geometry":{"type":"LineString","coordinates":[[32.8316128,39.8633481],[32.8327049,39.863043]]}},{"type":"Feature","properties":{"highway":"residential","name":"963.Sk(88.Sk)","osm_id":208677939},"geometry":{"type":"LineString","coordinates":[[32.8342533,39.866285],[32.8348281,39.866109],[32.8357634,39.8658611],[32.8364816,39.8656486],[32.8365535,39.8656373],[32.8370299,39.8654519],[32.8377171,39.8650798],[32.8382341,39.8647757]]}},{"type":"Feature","properties":{"name":"966.SK(74 SK)","highway":"residential","osm_id":208677940},"geometry":{"type":"LineString","coordinates":[[32.8319545,39.8639316],[32.8329574,39.8636415]]}},{"type":"Feature","properties":{"highway":"residential","name":"970.Sk(112.Sk)","osm_id":208677941},"geometry":{"type":"LineString","coordinates":[[32.8334564,39.8629925],[32.8330242,39.8615523]]}},{"type":"Feature","properties":{"highway":"residential","name":"970.Sk(112.Sk)","osm_id":208677942},"geometry":{"type":"LineString","coordinates":[[32.8311181,39.8581716],[32.8319556,39.8591229]]}},{"type":"Feature","properties":{"highway":"residential","name":"971.Sk(105.Sk)","osm_id":208677944},"geometry":{"type":"LineString","coordinates":[[32.8319276,39.8619219],[32.8330242,39.8615523],[32.8330562,39.8615394],[32.833799,39.8612398],[32.8338396,39.8612315],[32.8348267,39.8610304],[32.8357799,39.8608543],[32.8361913,39.8609186],[32.8365278,39.8609988],[32.8367368,39.86114],[32.8370034,39.8614423],[32.8370227,39.8614696],[32.8374178,39.862028],[32.8376263,39.862389],[32.8376814,39.8626317],[32.8376901,39.8628299],[32.8376392,39.8630795],[32.8375174,39.8633467],[32.8374768,39.8635293],[32.8374362,39.8637252],[32.8377205,39.8641794],[32.8379147,39.8643358],[32.8382341,39.8647757],[32.838289,39.8648652],[32.8388371,39.8655114]]}},{"type":"Feature","properties":{"highway":"residential","name":"973.Sk(115.Sk)","osm_id":208677945},"geometry":{"type":"LineString","coordinates":[[32.8346985,39.8597491],[32.8346982,39.8598975],[32.834698,39.8600053],[32.8347364,39.860505],[32.8348267,39.8610304]]}},{"type":"Feature","properties":{"highway":"residential","name":"974.Sk(76.Sk)","osm_id":208677946},"geometry":{"type":"LineString","coordinates":[[32.8321467,39.8600249],[32.8325718,39.8600257],[32.8330843,39.8600241]]}},{"type":"Feature","properties":{"highway":"footway","name":"975.Sk(104.Sk)","osm_id":208677948},"geometry":{"type":"LineString","coordinates":[[32.8320847,39.8597323],[32.8325991,39.8597416],[32.83315,39.8597383]]}},{"type":"Feature","properties":{"highway":"residential","name":"976.Sk(103.Sk)","osm_id":208677949},"geometry":{"type":"LineString","coordinates":[[32.8342007,39.8589421],[32.8352662,39.8590085]]}},{"type":"Feature","properties":{"highway":"unclassified","name":"977.Sk","osm_id":208677950},"geometry":{"type":"LineString","coordinates":[[32.8319556,39.8591229],[32.8320647,39.8591204],[32.8325221,39.8591099],[32.8331387,39.8590958]]}},{"type":"Feature","properties":{"highway":"residential","name":"978.Sk(106.Sk)","osm_id":208677951},"geometry":{"type":"LineString","coordinates":[[32.8340666,39.8621292],[32.8350291,39.8618808],[32.8360255,39.8617095]]}},{"type":"Feature","properties":{"highway":"residential","name":"979.sK(107.Sk)","osm_id":208677953},"geometry":{"type":"LineString","coordinates":[[32.8342696,39.8628076],[32.8361599,39.862228],[32.8367664,39.8621025],[32.8374178,39.862028],[32.8380769,39.8615716],[32.8383554,39.861792],[32.8384802,39.8619657],[32.8386078,39.8622997],[32.8387035,39.862696],[32.8387238,39.8628519],[32.8387209,39.862941],[32.8386716,39.8630122],[32.8383322,39.863246],[32.8378942,39.8634865],[32.8374362,39.8637252]]}},{"type":"Feature","properties":{"name":"980.Sk(108.Sk)","highway":"residential","osm_id":208677954},"geometry":{"type":"LineString","coordinates":[[32.8330575,39.8638835],[32.8338881,39.8636107]]}},{"type":"Feature","properties":{"highway":"residential","name":"980.Sk(108.Sk)","osm_id":208677955},"geometry":{"type":"LineString","coordinates":[[32.8344989,39.8634559],[32.8356406,39.8630614],[32.8362267,39.8628748]]}},{"type":"Feature","properties":{"name":"982.Sk","highway":"residential","osm_id":208677957},"geometry":{"type":"LineString","coordinates":[[32.8351104,39.8645875],[32.836417,39.8642738]]}},{"type":"Feature","properties":{"name":"982.Sk","highway":"residential","osm_id":208677958},"geometry":{"type":"LineString","coordinates":[[32.8335761,39.8651498],[32.834255,39.8649822]]}},{"type":"Feature","properties":{"name":"982.Sk(111.Sk)","highway":"residential","osm_id":208677959},"geometry":{"type":"LineString","coordinates":[[32.8351104,39.8645875],[32.834311,39.8647935],[32.8335122,39.8650048]]}},{"type":"Feature","properties":{"name":"982.Sk(111.Sk)","highway":"residential","osm_id":208677960},"geometry":{"type":"LineString","coordinates":[[32.8351992,39.8647511],[32.8358678,39.8645862],[32.8365161,39.864472]]}},{"type":"Feature","properties":{"name":"983.Sk(110.Sk)","highway":"residential","osm_id":208677961},"geometry":{"type":"LineString","coordinates":[[32.8358678,39.8645862],[32.8364816,39.8656486]]}},{"type":"Feature","properties":{"highway":"residential","osm_id":208681312},"geometry":{"type":"LineString","coordinates":[[32.8594781,39.8619386],[32.8593931,39.861355],[32.8593867,39.8613112],[32.8593545,39.8609232],[32.8593975,39.8608076],[32.8594781,39.860754],[32.8596395,39.8607581],[32.8600051,39.8609191],[32.8603923,39.8610924],[32.8606719,39.8612575]]}},{"type":"Feature","properties":{"highway":"residential","junction":"roundabout","osm_id":208681314},"geometry":{"type":"LineString","coordinates":[[32.8496609,39.8486994],[32.8496622,39.8486805],[32.8496703,39.8486626],[32.8496867,39.8486458],[32.849709,39.8486338],[32.8497352,39.8486278],[32.8497625,39.8486283],[32.8497882,39.8486354],[32.8498041,39.8486441],[32.8498171,39.8486553],[32.8498262,39.8486682],[32.8498315,39.8486823],[32.8498314,39.8487046],[32.8498217,39.8487255],[32.8498034,39.8487429],[32.8497788,39.8487545],[32.8497504,39.8487592],[32.8497224,39.8487567],[32.8496971,39.8487473],[32.8496791,39.8487343],[32.8496667,39.8487179],[32.8496609,39.8486994]]}},{"type":"Feature","properties":{"highway":"residential","osm_id":208681315},"geometry":{"type":"LineString","coordinates":[[32.8611973,39.8666004],[32.8607719,39.8668745],[32.8606545,39.8669502],[32.860491,39.8670009]]}},{"type":"Feature","properties":{"highway":"residential","osm_id":208681316},"geometry":{"type":"LineString","coordinates":[[32.8518175,39.8637352],[32.8514567,39.8636762],[32.8512133,39.8636499],[32.8509281,39.863647],[32.8507114,39.8636762],[32.8503996,39.8638104],[32.8501144,39.8639593],[32.8493871,39.864455]]}},{"type":"Feature","properties":{"highway":"residential","osm_id":208681318},"geometry":{"type":"LineString","coordinates":[[32.8592089,39.8622164],[32.8593164,39.8620916],[32.8594781,39.8619386],[32.8597524,39.8617322],[32.8601503,39.8615099],[32.8603865,39.8613779],[32.8604837,39.8613236],[32.8606719,39.8612575],[32.860844,39.8611709],[32.860887,39.8610512],[32.8610215,39.8608902],[32.8611129,39.8608035]]}},{"type":"Feature","properties":{"highway":"residential","osm_id":208681319},"geometry":{"type":"LineString","coordinates":[[32.853657,39.8614373],[32.8530449,39.861514],[32.8524897,39.8615812],[32.851984,39.8616512],[32.8511703,39.8618643],[32.8510068,39.861873],[32.8504744,39.8618555],[32.8502463,39.8618468],[32.8500295,39.8618439],[32.8484364,39.8617895],[32.8483301,39.8617588]]}},{"type":"Feature","properties":{"highway":"residential","name":"697. Sokak","osm_id":208681320},"geometry":{"type":"LineString","coordinates":[[32.8572711,39.864848],[32.8572339,39.8651072],[32.8571425,39.8653549],[32.8570081,39.8655282],[32.8568414,39.8656686],[32.8567754,39.8657347],[32.8567661,39.8658171],[32.8569543,39.866168],[32.8570457,39.8663331],[32.8570752,39.8664033],[32.8572034,39.866635],[32.8572286,39.8667313],[32.8572066,39.8667989],[32.8568276,39.8672362]]}},{"type":"Feature","properties":{"highway":"residential","name":"605/7.Sk.","osm_id":208681321},"geometry":{"type":"LineString","coordinates":[[32.852662,39.8569273],[32.8527475,39.8570299],[32.8534716,39.8573444],[32.8542351,39.857592],[32.8547998,39.8577778],[32.8549505,39.8577997],[32.8551977,39.8578356],[32.8552569,39.8578398],[32.8556655,39.8578686],[32.8559613,39.8579099],[32.8562678,39.8579924],[32.8565636,39.8579305],[32.8568033,39.8578992],[32.8570691,39.8578645]]}},{"type":"Feature","properties":{"highway":"residential","osm_id":208681323},"geometry":{"type":"LineString","coordinates":[[32.8447325,39.8488903],[32.844991,39.8484516],[32.8452454,39.8480199],[32.8454401,39.8476895],[32.845647,39.8473384],[32.8459074,39.8468964],[32.8461012,39.8465675],[32.8463556,39.8461358],[32.8466503,39.8456357],[32.8468561,39.8452864]]}},{"type":"Feature","properties":{"highway":"service","osm_id":208681334},"geometry":{"type":"LineString","coordinates":[[32.8529268,39.8607353],[32.8527139,39.8605078],[32.852592,39.860529],[32.8523006,39.8605953],[32.8520913,39.8607014],[32.8520069,39.8607487],[32.8519418,39.8607421],[32.8518341,39.8607148],[32.8517036,39.8605905],[32.8516444,39.8604244]]}},{"type":"Feature","properties":{"name":"602.Sokak","highway":"residential","osm_id":208681336},"geometry":{"type":"LineString","coordinates":[[32.8604533,39.8645434],[32.8615363,39.8651674]]}},{"type":"Feature","properties":{"highway":"residential","osm_id":208681337},"geometry":{"type":"LineString","coordinates":[[32.8454401,39.8476895],[32.8445909,39.8473464]]}},{"type":"Feature","properties":{"highway":"service","osm_id":208681339},"geometry":{"type":"LineString","coordinates":[[32.8447904,39.8499205],[32.8444133,39.8504236]]}},{"type":"Feature","properties":{"highway":"residential","osm_id":208681340},"geometry":{"type":"LineString","coordinates":[[32.8461811,39.8612658],[32.8462333,39.8617842]]}},{"type":"Feature","properties":{"highway":"residential","osm_id":208681343},"geometry":{"type":"LineString","coordinates":[[32.8450433,39.8465932],[32.8459074,39.8468964]]}},{"type":"Feature","properties":{"highway":"residential","osm_id":208681344},"geometry":{"type":"LineString","coordinates":[[32.8606719,39.8612575],[32.8611546,39.8616001]]}},{"type":"Feature","properties":{"highway":"residential","osm_id":208681345},"geometry":{"type":"LineString","coordinates":[[32.8459074,39.8468964],[32.8483791,39.8479732]]}},{"type":"Feature","properties":{"highway":"residential","name":"674. Sokak","osm_id":208681347},"geometry":{"type":"LineString","coordinates":[[32.8540824,39.8645138],[32.8547264,39.86489],[32.8550644,39.8651671],[32.8555408,39.8656753]]}},{"type":"Feature","properties":{"highway":"residential","osm_id":208681349},"geometry":{"type":"LineString","coordinates":[[32.8603865,39.8613779],[32.8609378,39.8617811]]}},{"type":"Feature","properties":{"highway":"residential","osm_id":208681351},"geometry":{"type":"LineString","coordinates":[[32.8568033,39.8578992],[32.8572035,39.8574063],[32.8571623,39.8568733]]}},{"type":"Feature","properties":{"highway":"residential","name":"Sema Yazar Sokak","osm_id":208681353},"geometry":{"type":"LineString","coordinates":[[32.862569,39.8699792],[32.8632281,39.8705782],[32.8638361,39.8713604]]}},{"type":"Feature","properties":{"highway":"residential","osm_id":208681354},"geometry":{"type":"LineString","coordinates":[[32.8467666,39.860771],[32.8465864,39.8605873]]}},{"type":"Feature","properties":{"highway":"residential","osm_id":208681355},"geometry":{"type":"LineString","coordinates":[[32.8461012,39.8465675],[32.8452943,39.8462663]]}},{"type":"Feature","properties":{"highway":"residential","osm_id":208681356},"geometry":{"type":"LineString","coordinates":[[32.8467557,39.8611827],[32.8467193,39.861948]]}},{"type":"Feature","properties":{"highway":"residential","osm_id":208681359},"geometry":{"type":"LineString","coordinates":[[32.8463556,39.8461358],[32.8454502,39.8458109]]}},{"type":"Feature","properties":{"highway":"residential","osm_id":208681360},"geometry":{"type":"LineString","coordinates":[[32.845647,39.8473384],[32.8447909,39.8469676]]}},{"type":"Feature","properties":{"highway":"residential","osm_id":208681361},"geometry":{"type":"LineString","coordinates":[[32.8600709,39.8661867],[32.8607719,39.8668745]]}},{"type":"Feature","properties":{"highway":"service","osm_id":208681364},"geometry":{"type":"LineString","coordinates":[[32.8517842,39.858883],[32.8513715,39.8590258]]}},{"type":"Feature","properties":{"highway":"residential","osm_id":208681365},"geometry":{"type":"LineString","coordinates":[[32.846618,39.8611855],[32.8464923,39.8610331]]}},{"type":"Feature","properties":{"highway":"residential","osm_id":208681366},"geometry":{"type":"LineString","coordinates":[[32.8443817,39.8477084],[32.8452454,39.8480199]]}},{"type":"Feature","properties":{"highway":"service","osm_id":208681367},"geometry":{"type":"LineString","coordinates":[[32.860443,39.8670126],[32.8599277,39.8664924],[32.8592796,39.8669123],[32.8591901,39.8671265],[32.8592569,39.8674789],[32.859351,39.8679747],[32.8596604,39.8679073]]}},{"type":"Feature","properties":{"highway":"service","osm_id":208681368},"geometry":{"type":"LineString","coordinates":[[32.8522183,39.8590684],[32.8514656,39.8593]]}},{"type":"Feature","properties":{"highway":"residential","osm_id":208681373},"geometry":{"type":"LineString","coordinates":[[32.844991,39.8484516],[32.8441384,39.8480967]]}},{"type":"Feature","properties":{"highway":"residential","name":"675. Sokak","osm_id":208681374},"geometry":{"type":"LineString","coordinates":[[32.8547264,39.86489],[32.8556834,39.8641553]]}},{"type":"Feature","properties":{"highway":"residential","name":"699. Sokak","osm_id":208681377},"geometry":{"type":"LineString","coordinates":[[32.8583761,39.8663615],[32.8572034,39.866635]]}},{"type":"Feature","properties":{"highway":"service","osm_id":208681378},"geometry":{"type":"LineString","coordinates":[[32.8457651,39.8547979],[32.8441264,39.8544178]]}},{"type":"Feature","properties":{"highway":"residential","name":"676. Sokak","osm_id":208681380},"geometry":{"type":"LineString","coordinates":[[32.8537228,39.866433],[32.8550644,39.8651671],[32.8564665,39.864259]]}},{"type":"Feature","properties":{"highway":"service","osm_id":208681382},"geometry":{"type":"LineString","coordinates":[[32.8512567,39.8586491],[32.8512194,39.8587348],[32.850957,39.8588107]]}},{"type":"Feature","properties":{"highway":"residential","osm_id":208681383},"geometry":{"type":"LineString","coordinates":[[32.8601503,39.8615099],[32.8603789,39.8617665],[32.8598884,39.8621051]]}},{"type":"Feature","properties":{"highway":"residential","osm_id":208681384},"geometry":{"type":"LineString","coordinates":[[32.8478526,39.8464316],[32.847339,39.8466489],[32.8472325,39.8467949]]}},{"type":"Feature","properties":{"highway":"residential","osm_id":208681385},"geometry":{"type":"LineString","coordinates":[[32.8609174,39.8685891],[32.8608712,39.868319],[32.8606545,39.8669502]]}},{"type":"Feature","properties":{"highway":"residential","name":"692. Sokak","osm_id":208681386},"geometry":{"type":"LineString","coordinates":[[32.8534822,39.868683],[32.8536272,39.8693719],[32.8538067,39.8695763]]}},{"type":"Feature","properties":{"highway":"residential","osm_id":208681387},"geometry":{"type":"LineString","coordinates":[[32.8597524,39.8617322],[32.8598884,39.8621051],[32.8601127,39.8625108]]}},{"type":"Feature","properties":{"highway":"residential","osm_id":208681388},"geometry":{"type":"LineString","coordinates":[[32.8498079,39.8519975],[32.8494418,39.8513993],[32.8479588,39.8500799]]}},{"type":"Feature","properties":{"highway":"service","osm_id":208681390},"geometry":{"type":"LineString","coordinates":[[32.8488425,39.8548348],[32.8476093,39.8546261]]}},{"type":"Feature","properties":{"highway":"residential","osm_id":208681391},"geometry":{"type":"LineString","coordinates":[[32.8552569,39.8578398],[32.8556548,39.8576746],[32.8558322,39.8575838]]}},{"type":"Feature","properties":{"highway":"residential","name":"693. Sokak","osm_id":208681394},"geometry":{"type":"LineString","coordinates":[[32.8530776,39.8687993],[32.8534822,39.868683],[32.8540018,39.8685338]]}},{"type":"Feature","properties":{"highway":"residential","osm_id":208681397},"geometry":{"type":"LineString","coordinates":[[32.8609174,39.8685891],[32.8615176,39.8685215]]}},{"type":"Feature","properties":{"highway":"service","osm_id":208681399},"geometry":{"type":"LineString","coordinates":[[32.8516444,39.8604244],[32.8514974,39.8605621],[32.8513451,39.860703],[32.8512424,39.8607572],[32.8511154,39.8607793],[32.8508581,39.8607771],[32.8507998,39.8607635],[32.8506814,39.8607347],[32.850607,39.8606364],[32.8505026,39.8604001],[32.8504327,39.8602437],[32.8503716,39.8601743],[32.8501653,39.8600922]]}},{"type":"Feature","properties":{"highway":"residential","osm_id":208681403},"geometry":{"type":"LineString","coordinates":[[32.8496703,39.8486626],[32.849479,39.8484499],[32.8492935,39.8483219],[32.8483791,39.8479732]]}},{"type":"Feature","properties":{"highway":"residential","osm_id":208681404},"geometry":{"type":"LineString","coordinates":[[32.8472668,39.8505236],[32.8479588,39.8500799],[32.8491034,39.8492306],[32.8496971,39.8487473]]}},{"type":"Feature","properties":{"highway":"service","osm_id":208681405},"geometry":{"type":"LineString","coordinates":[[32.8510517,39.8533087],[32.8503447,39.853602],[32.8503371,39.8536604],[32.8504094,39.8537713]]}},{"type":"Feature","properties":{"highway":"service","osm_id":208681410},"geometry":{"type":"LineString","coordinates":[[32.8516448,39.8540447],[32.8511184,39.8542588],[32.8510946,39.8543104],[32.8510338,39.8544106]]}},{"type":"Feature","properties":{"highway":"residential","osm_id":208681411},"geometry":{"type":"LineString","coordinates":[[32.8509801,39.8680883],[32.8508039,39.8681753],[32.8504247,39.8683624],[32.8500665,39.8688463],[32.8500214,39.8689072]]}},{"type":"Feature","properties":{"highway":"residential","osm_id":208681412},"geometry":{"type":"LineString","coordinates":[[32.8462327,39.8495926],[32.8455572,39.8492521],[32.8447325,39.8488903],[32.8437565,39.8484754]]}},{"type":"Feature","properties":{"highway":"residential","osm_id":208681417},"geometry":{"type":"LineString","coordinates":[[32.8457114,39.8498874],[32.8458243,39.8499336],[32.8472668,39.8505236],[32.849218,39.8522563],[32.8498079,39.8519975],[32.8511086,39.8515291],[32.8516705,39.8513354],[32.8518011,39.8512954]]}},{"type":"Feature","properties":{"highway":"residential","oneway":"yes","osm_id":208681422},"geometry":{"type":"LineString","coordinates":[[32.8498315,39.8486823],[32.8499302,39.8488145],[32.8501801,39.8490913],[32.8503529,39.8492857],[32.8510364,39.8500172],[32.8510539,39.8500359],[32.8517849,39.8508899],[32.851932,39.8510869],[32.8519454,39.8511512],[32.8519439,39.8511653],[32.8519406,39.8511952],[32.8519348,39.8512497],[32.8519362,39.8512757],[32.8519409,39.8513597],[32.8519799,39.8514813],[32.8521587,39.8519698]]}},{"type":"Feature","properties":{"highway":"footway","osm_id":208681426},"geometry":{"type":"LineString","coordinates":[[32.8595043,39.8683239],[32.8596528,39.8682227],[32.8598732,39.8682688],[32.8600766,39.8683113],[32.8596486,39.8686807]]}},{"type":"Feature","properties":{"highway":"residential","osm_id":208681429},"geometry":{"type":"LineString","coordinates":[[32.8593545,39.8609232],[32.8592306,39.8609901],[32.8590861,39.8610047],[32.8589796,39.8610251],[32.8588769,39.8610281],[32.8587439,39.8609639]]}},{"type":"Feature","properties":{"highway":"residential","osm_id":208681433},"geometry":{"type":"LineString","coordinates":[[32.8497882,39.8486354],[32.8494575,39.8482682],[32.8488222,39.8475999],[32.8478526,39.8464316],[32.8475823,39.846103],[32.8466503,39.8456357]]}},{"type":"Feature","properties":{"highway":"residential","osm_id":208681439},"geometry":{"type":"LineString","coordinates":[[32.8658412,39.8638415],[32.8660731,39.8639612],[32.8661492,39.8639626],[32.8661701,39.8638853],[32.866153,39.8637554],[32.866153,39.863681]]}},{"type":"Feature","properties":{"highway":"residential","osm_id":208681451},"geometry":{"type":"LineString","coordinates":[[32.8593975,39.8608076],[32.8592577,39.8605558],[32.8592147,39.8604155],[32.8592684,39.8603371],[32.8593867,39.8603329],[32.859661,39.860366],[32.8598599,39.8604526]]}},{"type":"Feature","properties":{"highway":"residential","osm_id":208681457},"geometry":{"type":"LineString","coordinates":[[32.8593867,39.8613112],[32.8592268,39.8612119],[32.8591393,39.8611711],[32.85901,39.8611652],[32.8588503,39.8611623],[32.858721,39.8611156],[32.8585994,39.8610164]]}},{"type":"Feature","properties":{"highway":"service","osm_id":208681459},"geometry":{"type":"LineString","coordinates":[[32.8440011,39.8508027],[32.845122,39.8512071],[32.8454833,39.8507736],[32.8453198,39.850686]]}},{"type":"Feature","properties":{"highway":"residential","osm_id":208681460},"geometry":{"type":"LineString","coordinates":[[32.8498171,39.8486553],[32.8501945,39.8483776],[32.8511983,39.8475379]]}},{"type":"Feature","properties":{"highway":"residential","osm_id":208681462},"geometry":{"type":"LineString","coordinates":[[32.8525101,39.850979],[32.8523103,39.8505843],[32.8521146,39.8502177],[32.8520802,39.8501533],[32.8521125,39.8497405],[32.8518974,39.8493875],[32.8517011,39.8491873],[32.8515712,39.8490998],[32.8512171,39.8488611],[32.8507335,39.8485886],[32.8501945,39.8483776]]}},{"type":"Feature","properties":{"highway":"service","osm_id":208681471},"geometry":{"type":"LineString","coordinates":[[32.8507631,39.8598916],[32.8507144,39.8597694],[32.8506052,39.8596746],[32.8504917,39.8595933],[32.8503846,39.8595024],[32.8503013,39.8594286],[32.8502034,39.8593225],[32.8500807,39.8591872],[32.8500207,39.8590445],[32.8500089,39.8588994],[32.849978,39.8587544],[32.8499572,39.8585393]]}},{"type":"Feature","properties":{"highway":"residential","osm_id":208681476},"geometry":{"type":"LineString","coordinates":[[32.8486944,39.8650572],[32.8478496,39.8659107],[32.8483993,39.8663161]]}},{"type":"Feature","properties":{"highway":"residential","osm_id":208681478},"geometry":{"type":"LineString","coordinates":[[32.8547411,39.8705201],[32.8544003,39.8714671]]}},{"type":"Feature","properties":{"highway":"residential","osm_id":208681480},"geometry":{"type":"LineString","coordinates":[[32.8538504,39.8708748],[32.8537214,39.8708319],[32.8534525,39.8707424],[32.852887,39.8705542]]}},{"type":"Feature","properties":{"highway":"residential","osm_id":208681483},"geometry":{"type":"LineString","coordinates":[[32.8596395,39.8607581],[32.85979,39.8605971],[32.8598599,39.8604526],[32.8601234,39.8601678]]}},{"type":"Feature","properties":{"highway":"residential","osm_id":208681485},"geometry":{"type":"LineString","coordinates":[[32.873794,39.8602454],[32.8734999,39.860605],[32.8733225,39.8608238],[32.8732209,39.8611965]]}},{"type":"Feature","properties":{"highway":"service","osm_id":208681487},"geometry":{"type":"LineString","coordinates":[[32.8530426,39.8607118],[32.8526685,39.859781],[32.8524162,39.8591874],[32.8522183,39.8590684],[32.8517842,39.858883],[32.8512567,39.8586491],[32.8510199,39.8585643],[32.850717,39.8584664],[32.8504352,39.8584184],[32.8499572,39.8585393],[32.8494808,39.858646],[32.8493363,39.8587073],[32.8490681,39.8590049],[32.8492699,39.859323],[32.8493247,39.8594286],[32.8493312,39.8595395],[32.8493743,39.8596683],[32.8494242,39.8597251],[32.8495501,39.8597906],[32.8500149,39.8599867],[32.8501303,39.8600263],[32.8501653,39.8600922],[32.8500181,39.8601157],[32.84963,39.860097],[32.849014,39.8600416],[32.8488581,39.8599978],[32.8487478,39.8599161],[32.8484702,39.8595716],[32.8482611,39.8593586],[32.8480356,39.8591266],[32.8478466,39.8589597],[32.8477791,39.8588853],[32.8477554,39.8587602],[32.847801,39.8587048],[32.847884,39.8586536],[32.8480871,39.8586534],[32.8483584,39.8586601],[32.8486238,39.8586839],[32.8487418,39.8587338],[32.8490077,39.8589474],[32.8490681,39.8590049]]}},{"type":"Feature","properties":{"name":"667. Sk.","highway":"residential","oneway":"no","osm_id":208681494},"geometry":{"type":"LineString","coordinates":[[32.8523444,39.8668611],[32.8513848,39.866344]]}},{"type":"Feature","properties":{"name":"670. Sk.","highway":"residential","osm_id":208681497},"geometry":{"type":"LineString","coordinates":[[32.8513971,39.8683012],[32.8509801,39.8680883],[32.8499278,39.8676336]]}},{"type":"Feature","properties":{"highway":"residential","osm_id":208684503},"geometry":{"type":"LineString","coordinates":[[32.8280346,39.8686958],[32.8286805,39.8690931],[32.8288364,39.869189],[32.8296716,39.8695822],[32.830303,39.8698795],[32.8318901,39.8703942],[32.8320039,39.8704505],[32.83214,39.8705207],[32.8329563,39.8711009],[32.8336296,39.8715997]]}},{"type":"Feature","properties":{"highway":"residential","osm_id":208684504},"geometry":{"type":"LineString","coordinates":[[32.8270779,39.8678501],[32.8267401,39.8681587],[32.8263802,39.8684349],[32.8261692,39.8685969],[32.8259588,39.8687766],[32.8256387,39.8689944],[32.8254708,39.8691436]]}},{"type":"Feature","properties":{"highway":"residential","osm_id":208684505},"geometry":{"type":"LineString","coordinates":[[32.8323853,39.8683254],[32.8328345,39.8680112],[32.8332155,39.8677537],[32.8334544,39.8676184],[32.8337216,39.8675224],[32.8339548,39.8674613],[32.8340003,39.8673871],[32.833985,39.8673236],[32.8339718,39.8672692],[32.8335146,39.8667853],[32.8333708,39.8666331],[32.8332212,39.8664749]]}},{"type":"Feature","properties":{"highway":"residential","osm_id":208684506},"geometry":{"type":"LineString","coordinates":[[32.8209993,39.8577208],[32.8213437,39.8577741],[32.8216394,39.8579356],[32.8217076,39.8581102],[32.8218384,39.8581844],[32.8221,39.8583197],[32.8222101,39.8583815],[32.8223104,39.8584376],[32.8224923,39.8586384],[32.8225833,39.8588174],[32.82266,39.8591213]]}},{"type":"Feature","properties":{"highway":"residential","osm_id":208684507},"geometry":{"type":"LineString","coordinates":[[32.8294354,39.8666583],[32.8299742,39.8668371],[32.8302885,39.8669558],[32.8306793,39.8671034],[32.8311513,39.8672911],[32.8314072,39.8674351],[32.8315835,39.8676184],[32.8316119,39.8677668],[32.8315835,39.8679545],[32.8314811,39.8681203],[32.8313788,39.8684127],[32.831312,39.8686986]]}},{"type":"Feature","properties":{"highway":"residential","osm_id":208684508},"geometry":{"type":"LineString","coordinates":[[32.8218393,39.8611404],[32.8216716,39.8610793],[32.8214868,39.8610968],[32.8213219,39.8611361],[32.8211712,39.8611491],[32.821083,39.8611426],[32.8209835,39.8611055],[32.8208726,39.8610313],[32.8208129,39.8609811],[32.8208328,39.8609113],[32.8210944,39.8605904],[32.8213133,39.8602041]]}},{"type":"Feature","properties":{"highway":"residential","osm_id":208684510},"geometry":{"type":"LineString","coordinates":[[32.8215392,39.8589925],[32.8213181,39.8589199],[32.8210044,39.8587717],[32.8208677,39.8587285],[32.8207833,39.8586915],[32.8204737,39.8583118],[32.8203128,39.8581143],[32.8202204,39.8580618],[32.8200434,39.8580186],[32.8197499,39.857963],[32.8194282,39.8578704],[32.8191749,39.8577964],[32.8189497,39.8577562],[32.818709,39.8577385],[32.8184948,39.857708],[32.8183155,39.857622],[32.8179495,39.8573849],[32.8176831,39.8573219],[32.8176133,39.8573505],[32.8175063,39.8573945],[32.8171403,39.8573639],[32.8167369,39.8572836],[32.8164855,39.857146],[32.816246,39.8569841],[32.8158227,39.8567739],[32.8156335,39.8568159],[32.8155389,39.8570224],[32.8155588,39.8575231],[32.8156053,39.8582405],[32.8156078,39.8585597],[32.8158883,39.8589791]]}},{"type":"Feature","properties":{"highway":"residential","osm_id":208684511},"geometry":{"type":"LineString","coordinates":[[32.8284052,39.8682701],[32.8292515,39.8687657],[32.8304054,39.8693863],[32.831372,39.8695702],[32.83146,39.8696096],[32.8319309,39.8698202],[32.8321727,39.8699554],[32.8325823,39.8701843],[32.8330989,39.8705388],[32.8332035,39.8705789],[32.8333522,39.8705141],[32.8335211,39.8704431],[32.8336418,39.8704462],[32.8337624,39.8704493],[32.8345361,39.8709203]]}},{"type":"Feature","properties":{"highway":"residential","osm_id":208684512},"geometry":{"type":"LineString","coordinates":[[32.8216629,39.8591297],[32.8216599,39.8594639],[32.8216438,39.8596151],[32.8216277,39.8597077],[32.8215593,39.8598157],[32.8214307,39.8598836],[32.8212497,39.8599114],[32.8208959,39.8598867],[32.8208677,39.8598763],[32.8204013,39.8597046],[32.8192659,39.8592556],[32.8192151,39.8592355],[32.8186803,39.8589762],[32.8183829,39.8588299],[32.8182982,39.8586235],[32.8182584,39.858138],[32.8180592,39.8578131],[32.8178849,39.8575646],[32.8176133,39.8573505]]}},{"type":"Feature","properties":{"highway":"residential","name":"1006. Cadde","osm_id":208684513},"geometry":{"type":"LineString","coordinates":[[32.8295411,39.8682952],[32.8305646,39.8685265],[32.831312,39.8686986],[32.8316641,39.8687796],[32.8321749,39.8688972],[32.8325559,39.8694689],[32.8328261,39.8695959],[32.8332895,39.8698137],[32.8341936,39.8703113],[32.8348886,39.8706827],[32.8355202,39.8710568],[32.8363374,39.8715337],[32.836599,39.8717781],[32.8371514,39.8723576]]}},{"type":"Feature","properties":{"highway":"residential","osm_id":208684514},"geometry":{"type":"LineString","coordinates":[[32.8212309,39.8686803],[32.8219261,39.8691811],[32.8221331,39.8694274],[32.8221805,39.8694877],[32.8224609,39.8698164],[32.8228614,39.8700908]]}},{"type":"Feature","properties":{"highway":"residential","osm_id":208684515},"geometry":{"type":"LineString","coordinates":[[32.8208677,39.8598763],[32.8210312,39.8601004],[32.8209883,39.8602192],[32.820776,39.8604769],[32.8206964,39.8605468],[32.8202926,39.8607432],[32.8201163,39.8607738],[32.8199628,39.8607781],[32.8197751,39.8608],[32.8195591,39.8608829],[32.8192918,39.8609222],[32.8190018,39.860896],[32.8186492,39.8606515],[32.8181829,39.8602631]]}},{"type":"Feature","properties":{"highway":"residential","osm_id":208684516},"geometry":{"type":"LineString","coordinates":[[32.8204348,39.8632225],[32.8203966,39.8633962],[32.8205502,39.8635795],[32.8205754,39.8636189],[32.8207037,39.8638195],[32.8206853,39.8641015],[32.8205261,39.864359],[32.8204578,39.8645772],[32.8204464,39.8648304],[32.8204989,39.8649467],[32.8206,39.8651708],[32.8208333,39.8656458],[32.8209213,39.8657473],[32.8210519,39.8658296],[32.8211977,39.8659093],[32.8213982,39.8660112],[32.8215167,39.8660714],[32.82299,39.86682]]}},{"type":"Feature","properties":{"highway":"residential","osm_id":208684517},"geometry":{"type":"LineString","coordinates":[[32.8214307,39.8598836],[32.8213241,39.8597972],[32.8212115,39.8596691],[32.821117,39.8594631],[32.8210165,39.8593427],[32.8208597,39.8592008],[32.8205863,39.8590217],[32.8200716,39.8586606],[32.8196614,39.858105],[32.8195408,39.8580433],[32.8193398,39.8580834],[32.819187,39.8581235],[32.8189578,39.8581297],[32.8186562,39.858105]]}},{"type":"Feature","properties":{"highway":"residential","osm_id":208684518},"geometry":{"type":"LineString","coordinates":[[32.8428625,39.8686386],[32.8434539,39.8698344]]}},{"type":"Feature","properties":{"highway":"residential","osm_id":208684520},"geometry":{"type":"LineString","coordinates":[[32.8365535,39.8656373],[32.8370027,39.8663051]]}},{"type":"Feature","properties":{"highway":"residential","osm_id":208684521},"geometry":{"type":"LineString","coordinates":[[32.8350806,39.8669932],[32.834516,39.867199]]}},{"type":"Feature","properties":{"highway":"residential","osm_id":208684522},"geometry":{"type":"LineString","coordinates":[[32.8374008,39.8667372],[32.8366843,39.8671867]]}},{"type":"Feature","properties":{"highway":"residential","osm_id":208684523},"geometry":{"type":"LineString","coordinates":[[32.8382083,39.8686314],[32.838993,39.8686837]]}},{"type":"Feature","properties":{"highway":"residential","osm_id":208684524},"geometry":{"type":"LineString","coordinates":[[32.835424,39.8672682],[32.8358496,39.8669926]]}},{"type":"Feature","properties":{"highway":"residential","osm_id":208684526},"geometry":{"type":"LineString","coordinates":[[32.8288364,39.869189],[32.8292515,39.8687657]]}},{"type":"Feature","properties":{"highway":"residential","osm_id":208684527},"geometry":{"type":"LineString","coordinates":[[32.8370027,39.8663051],[32.8376348,39.8660467]]}},{"type":"Feature","properties":{"highway":"residential","osm_id":208684528},"geometry":{"type":"LineString","coordinates":[[32.8363317,39.8666804],[32.8370027,39.8663051]]}},{"type":"Feature","properties":{"highway":"residential","osm_id":208684530},"geometry":{"type":"LineString","coordinates":[[32.8370653,39.8678327],[32.8379849,39.867631],[32.8386423,39.8675082],[32.8393836,39.8674384]]}},{"type":"Feature","properties":{"highway":"residential","osm_id":208684531},"geometry":{"type":"LineString","coordinates":[[32.8224522,39.86473],[32.8206853,39.8641015]]}},{"type":"Feature","properties":{"highway":"residential","osm_id":208684532},"geometry":{"type":"LineString","coordinates":[[32.8377704,39.867178],[32.8388994,39.8668423]]}},{"type":"Feature","properties":{"highway":"residential","osm_id":208684533},"geometry":{"type":"LineString","coordinates":[[32.8197297,39.8603285],[32.8204013,39.8597046]]}},{"type":"Feature","properties":{"highway":"residential","osm_id":208684534},"geometry":{"type":"LineString","coordinates":[[32.8316641,39.8687796],[32.83146,39.8696096]]}},{"type":"Feature","properties":{"highway":"residential","osm_id":208684535},"geometry":{"type":"LineString","coordinates":[[32.8246852,39.8710424],[32.8239915,39.8716823],[32.8237245,39.8720147],[32.8236294,39.8721971],[32.82316,39.8733813]]}},{"type":"Feature","properties":{"highway":"residential","osm_id":208684536},"geometry":{"type":"LineString","coordinates":[[32.8202424,39.8678263],[32.8190563,39.8687707]]}},{"type":"Feature","properties":{"highway":"residential","osm_id":208684537},"geometry":{"type":"LineString","coordinates":[[32.8382083,39.8686314],[32.8379721,39.870072]]}},{"type":"Feature","properties":{"highway":"residential","osm_id":208684538},"geometry":{"type":"LineString","coordinates":[[32.8437592,39.8698061],[32.8443734,39.8695421]]}},{"type":"Feature","properties":{"highway":"residential","osm_id":208684539},"geometry":{"type":"LineString","coordinates":[[32.8281544,39.869694],[32.8290804,39.8702185]]}},{"type":"Feature","properties":{"highway":"residential","osm_id":208684540},"geometry":{"type":"LineString","coordinates":[[32.834516,39.867199],[32.8340003,39.8673871]]}},{"type":"Feature","properties":{"highway":"residential","osm_id":208684541},"geometry":{"type":"LineString","coordinates":[[32.8215643,39.8682013],[32.8216484,39.8682525],[32.8224134,39.8687653],[32.8228887,39.869067],[32.8235,39.869455]]}},{"type":"Feature","properties":{"highway":"residential","osm_id":208684542},"geometry":{"type":"LineString","coordinates":[[32.824039,39.8675438],[32.8233891,39.8680575]]}},{"type":"Feature","properties":{"highway":"residential","osm_id":208684543},"geometry":{"type":"LineString","coordinates":[[32.8235,39.869455],[32.8245474,39.8700744]]}},{"type":"Feature","properties":{"highway":"residential","osm_id":208684544},"geometry":{"type":"LineString","coordinates":[[32.8300712,39.8702452],[32.8317011,39.870789]]}},{"type":"Feature","properties":{"highway":"residential","osm_id":208684546},"geometry":{"type":"LineString","coordinates":[[32.8373448,39.8710102],[32.8364296,39.8713859]]}},{"type":"Feature","properties":{"highway":"residential","osm_id":208684547},"geometry":{"type":"LineString","coordinates":[[32.8358496,39.8669926],[32.8363317,39.8666804]]}},{"type":"Feature","properties":{"highway":"residential","osm_id":208684548},"geometry":{"type":"LineString","coordinates":[[32.8246403,39.8681542],[32.8242236,39.8685668],[32.8241917,39.8685993]]}},{"type":"Feature","properties":{"highway":"residential","osm_id":208684549},"geometry":{"type":"LineString","coordinates":[[32.8272787,39.8681374],[32.8284855,39.8681778]]}},{"type":"Feature","properties":{"highway":"residential","osm_id":208684551},"geometry":{"type":"LineString","coordinates":[[32.8374219,39.8686096],[32.8382083,39.8686314]]}},{"type":"Feature","properties":{"highway":"residential","osm_id":208684552},"geometry":{"type":"LineString","coordinates":[[32.8212993,39.8684797],[32.8207114,39.8681213]]}},{"type":"Feature","properties":{"highway":"residential","osm_id":208684553},"geometry":{"type":"LineString","coordinates":[[32.8181691,39.8633557],[32.8183282,39.863354],[32.8186151,39.8633447],[32.8188881,39.8632356],[32.819252,39.8630915],[32.8196046,39.8629562],[32.8198434,39.8628864],[32.8200367,39.8629082],[32.8201903,39.8630173],[32.8203324,39.8631788],[32.8204348,39.8632225],[32.8205826,39.863157]]}},{"type":"Feature","properties":{"highway":"residential","osm_id":208684554},"geometry":{"type":"LineString","coordinates":[[32.8352882,39.8681365],[32.835601,39.867972],[32.8359905,39.8677673]]}},{"type":"Feature","properties":{"highway":"residential","osm_id":208684555},"geometry":{"type":"LineString","coordinates":[[32.8286142,39.8705813],[32.828802,39.8703846],[32.8290804,39.8702185],[32.8296716,39.8695822]]}},{"type":"Feature","properties":{"highway":"residential","osm_id":208684556},"geometry":{"type":"LineString","coordinates":[[32.8312982,39.8712069],[32.830751,39.8709908],[32.8297872,39.8707458]]}},{"type":"Feature","properties":{"highway":"residential","osm_id":208684557},"geometry":{"type":"LineString","coordinates":[[32.8263802,39.8684349],[32.8267603,39.8683601],[32.826948,39.8686045]]}},{"type":"Feature","properties":{"highway":"residential","osm_id":208684558},"geometry":{"type":"LineString","coordinates":[[32.8362512,39.8681014],[32.8366533,39.8679723],[32.8370653,39.8678327]]}},{"type":"Feature","properties":{"highway":"residential","osm_id":208684559},"geometry":{"type":"LineString","coordinates":[[32.8277638,39.8701608],[32.8281544,39.869694],[32.8286805,39.8690931]]}},{"type":"Feature","properties":{"highway":"residential","osm_id":208684560},"geometry":{"type":"LineString","coordinates":[[32.8259588,39.8687766],[32.826584,39.8686437],[32.8267717,39.8688794]]}},{"type":"Feature","properties":{"highway":"residential","osm_id":208684561},"geometry":{"type":"LineString","coordinates":[[32.838993,39.8686837],[32.8396811,39.8686881],[32.8402382,39.8685235]]}},{"type":"Feature","properties":{"highway":"residential","osm_id":208684562},"geometry":{"type":"LineString","coordinates":[[32.8389702,39.8683782],[32.8395389,39.8683608],[32.8399591,39.8681849]]}},{"type":"Feature","properties":{"highway":"residential","osm_id":208684564},"geometry":{"type":"LineString","coordinates":[[32.8315618,39.8709447],[32.8322969,39.8713015],[32.8330935,39.8719692]]}},{"type":"Feature","properties":{"highway":"residential","osm_id":208684565},"geometry":{"type":"LineString","coordinates":[[32.8382083,39.8686314],[32.8381611,39.8681524],[32.8379849,39.867631]]}},{"type":"Feature","properties":{"highway":"residential","osm_id":208684566},"geometry":{"type":"LineString","coordinates":[[32.820377,39.8712342],[32.8195592,39.8711191],[32.818869,39.8710768]]}},{"type":"Feature","properties":{"highway":"residential","osm_id":208684568},"geometry":{"type":"LineString","coordinates":[[32.8424758,39.8700352],[32.8420486,39.8692613],[32.841765,39.8687477]]}},{"type":"Feature","properties":{"highway":"residential","osm_id":208684569},"geometry":{"type":"LineString","coordinates":[[32.8319531,39.8669593],[32.8317541,39.8665578],[32.8316218,39.8663716],[32.8314206,39.8660928],[32.8313535,39.865934],[32.8312417,39.8656937],[32.8311233,39.8653746]]}},{"type":"Feature","properties":{"highway":"residential","osm_id":208684570},"geometry":{"type":"LineString","coordinates":[[32.838993,39.8686837],[32.8389702,39.8683782],[32.8386423,39.8675082]]}},{"type":"Feature","properties":{"highway":"residential","osm_id":208684571},"geometry":{"type":"LineString","coordinates":[[32.819315,39.8671377],[32.8189188,39.8674361],[32.8178968,39.8681421]]}},{"type":"Feature","properties":{"highway":"residential","osm_id":208684572},"geometry":{"type":"LineString","coordinates":[[32.8213325,39.8667706],[32.820968,39.8671504],[32.8207073,39.8674284]]}},{"type":"Feature","properties":{"highway":"residential","osm_id":208684574},"geometry":{"type":"LineString","coordinates":[[32.8195962,39.8668062],[32.8198855,39.8665163],[32.8202191,39.8661839]]}},{"type":"Feature","properties":{"highway":"residential","osm_id":208684576},"geometry":{"type":"LineString","coordinates":[[32.8342533,39.866285],[32.8338297,39.8665719],[32.8335146,39.8667853]]}},{"type":"Feature","properties":{"highway":"residential","osm_id":208684578},"geometry":{"type":"LineString","coordinates":[[32.8379849,39.867631],[32.8377704,39.867178],[32.8374008,39.8667372],[32.8372111,39.8663885],[32.8370027,39.8663051]]}},{"type":"Feature","properties":{"highway":"residential","osm_id":208684579},"geometry":{"type":"LineString","coordinates":[[32.8187718,39.8597153],[32.8197297,39.8603285],[32.8198775,39.8606515],[32.8199628,39.8607781]]}},{"type":"Feature","properties":{"highway":"residential","osm_id":208684581},"geometry":{"type":"LineString","coordinates":[[32.8204906,39.8701881],[32.8201563,39.8704283],[32.8197981,39.8706203],[32.8196244,39.870673]]}},{"type":"Feature","properties":{"highway":"residential","osm_id":208684582},"geometry":{"type":"LineString","coordinates":[[32.841765,39.8687477],[32.8406797,39.869059]]}},{"type":"Feature","properties":{"highway":"residential","osm_id":208684583},"geometry":{"type":"LineString","coordinates":[[32.8387262,39.8706264],[32.8387863,39.8701308]]}},{"type":"Feature","properties":{"highway":"residential","osm_id":208684584},"geometry":{"type":"LineString","coordinates":[[32.8421199,39.8709906],[32.8426862,39.8707728],[32.843778,39.8705109],[32.8445474,39.8704591]]}},{"type":"Feature","properties":{"highway":"residential","osm_id":208684585},"geometry":{"type":"LineString","coordinates":[[32.8213396,39.8618834],[32.8218679,39.8622015],[32.8221294,39.8624546],[32.8224947,39.8628933]]}},{"type":"Feature","properties":{"highway":"residential","osm_id":208684586},"geometry":{"type":"LineString","coordinates":[[32.8193996,39.8700156],[32.8195885,39.8704431],[32.8196244,39.870673],[32.8195592,39.8711191]]}},{"type":"Feature","properties":{"highway":"residential","osm_id":208684587},"geometry":{"type":"LineString","coordinates":[[32.8222101,39.8583815],[32.8224026,39.8582754],[32.8225931,39.8581248],[32.8227154,39.8580637]]}},{"type":"Feature","properties":{"highway":"residential","osm_id":208684588},"geometry":{"type":"LineString","coordinates":[[32.8369506,39.8703682],[32.8372604,39.8703004],[32.8378255,39.8701191],[32.8379721,39.870072]]}},{"type":"Feature","properties":{"highway":"residential","osm_id":208684589},"geometry":{"type":"LineString","coordinates":[[32.8308675,39.8717122],[32.8312982,39.8712069],[32.8315618,39.8709447],[32.8317011,39.870789]]}},{"type":"Feature","properties":{"highway":"residential","osm_id":208684591},"geometry":{"type":"LineString","coordinates":[[32.8242978,39.8686671],[32.8235,39.869455],[32.8228614,39.8700908]]}},{"type":"Feature","properties":{"highway":"residential","osm_id":208684592},"geometry":{"type":"LineString","coordinates":[[32.8236194,39.8671073],[32.8244697,39.8674385],[32.8251009,39.8677702],[32.8255502,39.8679709],[32.8258402,39.8680189]]}},{"type":"Feature","properties":{"highway":"residential","osm_id":208684593},"geometry":{"type":"LineString","coordinates":[[32.8250246,39.8670837],[32.8259612,39.8673565],[32.8261502,39.8674892],[32.826126,39.867588],[32.8258402,39.8680189]]}},{"type":"Feature","properties":{"highway":"residential","osm_id":208684594},"geometry":{"type":"LineString","coordinates":[[32.8224522,39.86473],[32.8230624,39.8649221],[32.8233951,39.8650203],[32.8238563,39.8651018]]}},{"type":"Feature","properties":{"highway":"residential","osm_id":208684595},"geometry":{"type":"LineString","coordinates":[[32.8198263,39.8695932],[32.8201454,39.8699782],[32.8204906,39.8701881],[32.8209265,39.8702918],[32.8215982,39.8704124]]}},{"type":"Feature","properties":{"highway":"residential","osm_id":208684597},"geometry":{"type":"LineString","coordinates":[[32.8223376,39.8708167],[32.8222483,39.8710177],[32.8222421,39.8711738],[32.8222606,39.8713795],[32.8217738,39.8719328],[32.8212469,39.8725216]]}},{"type":"Feature","properties":{"highway":"residential","osm_id":208684599},"geometry":{"type":"LineString","coordinates":[[32.828764,39.8678578],[32.8284855,39.8681778],[32.8284052,39.8682701],[32.8280346,39.8686958],[32.8273841,39.8694696],[32.8270856,39.8698523]]}},{"type":"Feature","properties":{"highway":"residential","osm_id":208684600},"geometry":{"type":"LineString","coordinates":[[32.8411701,39.8697095],[32.8396538,39.870296],[32.8387262,39.8706264],[32.8385672,39.8706831],[32.8380961,39.8708556]]}},{"type":"Feature","properties":{"highway":"residential","osm_id":208684601},"geometry":{"type":"LineString","coordinates":[[32.8211094,39.8676573],[32.8207073,39.8674284],[32.8195962,39.8668062],[32.8192825,39.8665976],[32.8190925,39.8664264],[32.8188744,39.8661541]]}},{"type":"Feature","properties":{"highway":"residential","osm_id":208684602},"geometry":{"type":"LineString","coordinates":[[32.8272468,39.8666217],[32.8271031,39.8665973],[32.826886,39.8667547],[32.8267533,39.8668319],[32.826504,39.8670633],[32.8262788,39.8673133]]}},{"type":"Feature","properties":{"highway":"residential","osm_id":208684603},"geometry":{"type":"LineString","coordinates":[[32.8204464,39.8648304],[32.821524,39.8653199],[32.8219669,39.8655267],[32.822468,39.8657608],[32.822849,39.8658961],[32.8232698,39.8659616],[32.8237661,39.8660002],[32.8238636,39.8660515],[32.8243257,39.8664]]}},{"type":"Feature","properties":{"highway":"residential","osm_id":208684604},"geometry":{"type":"LineString","coordinates":[[32.8195011,39.8691674],[32.8191933,39.8688856],[32.8190563,39.8687707],[32.8187664,39.8686483],[32.8184367,39.8685593],[32.8182301,39.8684481],[32.8178968,39.8681421]]}},{"type":"Feature","properties":{"highway":"footway","osm_id":208684605},"geometry":{"type":"LineString","coordinates":[[32.8210738,39.8702745],[32.821157,39.8703116],[32.821224,39.8702827],[32.821267,39.8702457],[32.8212643,39.8702045],[32.821224,39.8701634],[32.8211302,39.8701819],[32.8210953,39.8702272],[32.8210738,39.8702745],[32.8209869,39.8702847],[32.8209265,39.8702918]]}},{"type":"Feature","properties":{"highway":"residential","osm_id":208684607},"geometry":{"type":"LineString","coordinates":[[32.8207114,39.8681213],[32.8202424,39.8678263],[32.8197511,39.8675456],[32.819474,39.867312],[32.819315,39.8671377],[32.8190032,39.8666769],[32.8188744,39.8661541]]}},{"type":"Feature","properties":{"highway":"residential","osm_id":208684609},"geometry":{"type":"LineString","coordinates":[[32.8242165,39.8706465],[32.8239638,39.8706195],[32.8236301,39.8706473],[32.8234854,39.870638],[32.8233285,39.8705856],[32.8230632,39.8704374],[32.8228306,39.870313]]}},{"type":"Feature","properties":{"highway":"residential","osm_id":208684611},"geometry":{"type":"LineString","coordinates":[[32.8371164,39.8697923],[32.8379721,39.870072],[32.8387863,39.8701308],[32.8388286,39.8698591],[32.838993,39.8686837]]}},{"type":"Feature","properties":{"highway":"residential","osm_id":208684613},"geometry":{"type":"LineString","coordinates":[[32.8221805,39.8694877],[32.8218293,39.8698779],[32.8215982,39.8704124],[32.8213086,39.8713015],[32.8212038,39.8714244]]}},{"type":"Feature","properties":{"highway":"residential","osm_id":208684614},"geometry":{"type":"LineString","coordinates":[[32.8368883,39.8702666],[32.8369506,39.8703682],[32.8373448,39.8710102],[32.8373991,39.8710882],[32.8377297,39.871563],[32.8377831,39.8716397],[32.8379761,39.8717755],[32.8381538,39.8718596]]}},{"type":"Feature","properties":{"highway":"residential","osm_id":208684615},"geometry":{"type":"LineString","coordinates":[[32.8279861,39.865364],[32.8274189,39.8661958],[32.8272468,39.8666217],[32.8266999,39.8673192],[32.8268045,39.8675661],[32.8270779,39.8678501],[32.8271905,39.8680723],[32.8272787,39.8681374],[32.8280346,39.8686958]]}},{"type":"Feature","properties":{"highway":"residential","name":"992. Sokak","osm_id":208684616},"geometry":{"type":"LineString","coordinates":[[32.8362315,39.8683099],[32.836427,39.8683748],[32.8366388,39.8687143],[32.8367189,39.8692309],[32.8366843,39.8693864],[32.8365933,39.8695872],[32.8365023,39.869849],[32.836326,39.8701415],[32.8359848,39.8705779],[32.8355202,39.8710568]]}},{"type":"Feature","properties":{"highway":"residential","osm_id":208684617},"geometry":{"type":"LineString","coordinates":[[32.8186151,39.8633447],[32.8189736,39.8634642],[32.8193717,39.8636344],[32.8198209,39.8639618],[32.8198463,39.8640015],[32.819896,39.8640792],[32.8199688,39.8641931],[32.8199972,39.8644899],[32.8200825,39.8646645],[32.8202247,39.8648435],[32.8204989,39.8649467]]}},{"type":"Feature","properties":{"highway":"residential","osm_id":208684618},"geometry":{"type":"LineString","coordinates":[[32.8233195,39.8669511],[32.8236194,39.8671073],[32.823867,39.8673119],[32.824039,39.8675438],[32.8241228,39.8676567],[32.8243617,39.8679535],[32.8246403,39.8681542]]}},{"type":"Feature","properties":{"highway":"residential","osm_id":208684619},"geometry":{"type":"LineString","coordinates":[[32.8341936,39.8703113],[32.8347657,39.8699608],[32.8348815,39.8698748],[32.8351069,39.8697076],[32.8353116,39.8695418],[32.8353571,39.8694021],[32.8352882,39.8681365],[32.8352832,39.8680448],[32.8340003,39.8673871]]}},{"type":"Feature","properties":{"highway":"residential","osm_id":208684620},"geometry":{"type":"LineString","coordinates":[[32.8445116,39.8697821],[32.8443734,39.8695421],[32.8443357,39.8694769],[32.8441192,39.8691012],[32.8438975,39.8687608],[32.8437041,39.8686778],[32.8428625,39.8686386],[32.8423735,39.8686604],[32.841765,39.8687477]]}},{"type":"Feature","properties":{"highway":"residential","osm_id":208684622},"geometry":{"type":"LineString","coordinates":[[32.8192659,39.8592556],[32.8187718,39.8597153],[32.8181829,39.8602631]]}},{"type":"Feature","properties":{"name":"1165. Cd.","highway":"residential","oneway":"no","osm_id":208684623},"geometry":{"type":"LineString","coordinates":[[32.8207114,39.8681213],[32.8211094,39.8676573],[32.8217434,39.8669944]]}},{"type":"Feature","properties":{"name":"948.Sk(113.Sk)","highway":"residential","osm_id":208684624},"geometry":{"type":"LineString","coordinates":[[32.8370653,39.8678327],[32.8366843,39.8671867],[32.8363317,39.8666804],[32.8357634,39.8658611],[32.8351992,39.8647511],[32.8351104,39.8645875],[32.8348087,39.8640159],[32.8346867,39.8637954],[32.8346152,39.8636661],[32.8344989,39.8634559]]}},{"type":"Feature","properties":{"name":"948.Sk(113.Sk)","highway":"residential","osm_id":208685104},"geometry":{"type":"LineString","coordinates":[[32.8357525,39.8723739],[32.8363374,39.8715337],[32.8364296,39.8713859],[32.8366558,39.8710231],[32.8367468,39.8707874],[32.8367866,39.8705517],[32.8368435,39.8703597],[32.8368883,39.8702666],[32.8371164,39.8697923],[32.8373029,39.8693182],[32.8373268,39.8692642],[32.8374235,39.8686706],[32.8374219,39.8686096],[32.8374178,39.8684568],[32.8370653,39.8678327]]}},{"type":"Feature","properties":{"highway":"residential","name":"1005. Sokak","osm_id":208685105},"geometry":{"type":"LineString","coordinates":[[32.834814,39.8716004],[32.8355202,39.8710568]]}},{"type":"Feature","properties":{"highway":"residential","name":"1033. Sokak","osm_id":208685106},"geometry":{"type":"LineString","coordinates":[[32.837565,39.8728426],[32.8378769,39.8728775],[32.838198,39.8728359],[32.8385653,39.8727655],[32.8389418,39.872612]]}},{"type":"Feature","properties":{"highway":"residential","name":"1003. Sokak","osm_id":208685107},"geometry":{"type":"LineString","coordinates":[[32.8362662,39.8727973],[32.8357525,39.8723739],[32.834814,39.8716004],[32.8342782,39.8711587]]}},{"type":"Feature","properties":{"source":"Bing","highway":"residential","osm_id":208685108},"geometry":{"type":"LineString","coordinates":[[32.8371514,39.8723576],[32.8362662,39.8727973],[32.8355453,39.8731554]]}},{"type":"Feature","properties":{"highway":"residential","osm_id":208685109},"geometry":{"type":"LineString","coordinates":[[32.8371514,39.8723576],[32.837565,39.8728426],[32.8376592,39.8729532],[32.8376886,39.8733429],[32.8376251,39.8740703],[32.837502,39.8747997],[32.8375,39.8748117]]}},{"type":"Feature","properties":{"highway":"residential","osm_id":208694902},"geometry":{"type":"LineString","coordinates":[[32.8198929,39.8884437],[32.8216885,39.8884366]]}},{"type":"Feature","properties":{"highway":"secondary","name":"1071 Malazgirt Bulvarı","tunnel":"yes","oneway":"yes","layer":"-1","osm_id":208694916},"geometry":{"type":"LineString","coordinates":[[32.8170144,39.8866106],[32.8195454,39.8865513]]}},{"type":"Feature","properties":{"highway":"residential","osm_id":208694918},"geometry":{"type":"LineString","coordinates":[[32.8232458,39.8875488],[32.8232942,39.8884174]]}},{"type":"Feature","properties":{"highway":"residential","osm_id":208694932},"geometry":{"type":"LineString","coordinates":[[32.8216885,39.8884366],[32.8230087,39.8884208],[32.8232942,39.8884174],[32.8243134,39.8883895]]}},{"type":"Feature","properties":{"highway":"residential","osm_id":208694943},"geometry":{"type":"LineString","coordinates":[[32.8363245,39.8890383],[32.8359537,39.8887634],[32.8355317,39.8884465],[32.834729,39.8880862],[32.8339687,39.8879122],[32.8335982,39.8878275],[32.8331372,39.887722],[32.8324291,39.8875615],[32.8314045,39.8873475],[32.8314355,39.8865735],[32.8314627,39.8857858],[32.83149,39.885019]]}},{"type":"Feature","properties":{"highway":"tertiary","name":"Mimar Caddesi","oneway":"no","osm_id":208695184},"geometry":{"type":"LineString","coordinates":[[32.8316891,39.8836841],[32.8322949,39.8835168],[32.8338189,39.8830098],[32.8359862,39.8823442],[32.8375124,39.8818878],[32.8383305,39.8816729],[32.8387751,39.8815895],[32.839307,39.8815278],[32.8393882,39.8815194]]}},{"type":"Feature","properties":{"name":"665. sk","highway":"residential","oneway":"no","osm_id":208696394},"geometry":{"type":"LineString","coordinates":[[32.852977,39.86479],[32.8523089,39.8655511],[32.8513848,39.866344],[32.8505987,39.86704],[32.8502819,39.8672514],[32.849989,39.8675073],[32.8499137,39.8675931],[32.8499278,39.8676336]]}},{"type":"Feature","properties":{"highway":"residential","osm_id":208696402},"geometry":{"type":"LineString","coordinates":[[32.8507114,39.8636762],[32.8508209,39.8635728],[32.8510747,39.8635167],[32.8512747,39.8634754],[32.8514401,39.8634075],[32.8515167,39.86332]]}},{"type":"Feature","properties":{"highway":"residential","osm_id":208696403},"geometry":{"type":"LineString","coordinates":[[32.8452273,39.8616012],[32.845196,39.8615197],[32.8451613,39.8614311],[32.8451806,39.8613544],[32.8452498,39.8612363],[32.845296,39.8610975]]}},{"type":"Feature","properties":{"highway":"residential","osm_id":208696781},"geometry":{"type":"LineString","coordinates":[[32.8369538,39.885832],[32.8363121,39.8857913],[32.8356284,39.886551],[32.8354852,39.886721],[32.8352481,39.8870733],[32.835041,39.8874218],[32.834729,39.8880862]]}},{"type":"Feature","properties":{"highway":"residential","osm_id":208696786},"geometry":{"type":"LineString","coordinates":[[32.8542664,39.8726257],[32.8542943,39.8720284],[32.8544003,39.8714671]]}},{"type":"Feature","properties":{"highway":"residential","osm_id":208696795},"geometry":{"type":"LineString","coordinates":[[32.857134,39.8725698],[32.8570994,39.8715712]]}},{"type":"Feature","properties":{"name":"Ahmet Haşim Caddesi","highway":"residential","osm_id":208696796},"geometry":{"type":"LineString","coordinates":[[32.8323937,39.8896575],[32.8331372,39.887722],[32.8335161,39.8868708],[32.833561,39.886763],[32.834151,39.8860344],[32.8351201,39.8849351],[32.8355595,39.8844619],[32.8358244,39.8842228],[32.8359797,39.8840826],[32.8361445,39.8839624],[32.8367134,39.8837068]]}},{"type":"Feature","properties":{"highway":"residential","osm_id":208696809},"geometry":{"type":"LineString","coordinates":[[32.8562094,39.8725986],[32.8562771,39.8715433]]}},{"type":"Feature","properties":{"highway":"residential","name":"685. Sokak","osm_id":208696816},"geometry":{"type":"LineString","coordinates":[[32.8535663,39.8721325],[32.8531571,39.8720401],[32.8527238,39.8719064],[32.852405,39.8717787]]}},{"type":"Feature","properties":{"highway":"residential","osm_id":208696835},"geometry":{"type":"LineString","coordinates":[[32.8339697,39.8916914],[32.8344581,39.8909533],[32.8347343,39.8905364],[32.8350723,39.8897363],[32.8353184,39.8890374],[32.8355317,39.8884465]]}},{"type":"Feature","properties":{"highway":"residential","name":"716. Sokak","osm_id":208697510},"geometry":{"type":"LineString","coordinates":[[32.857669,39.8730693],[32.8598373,39.8729835]]}},{"type":"Feature","properties":{"highway":"residential","osm_id":208697511},"geometry":{"type":"LineString","coordinates":[[32.8612148,39.8741471],[32.8609128,39.8741909],[32.8600449,39.8743161]]}},{"type":"Feature","properties":{"highway":"residential","osm_id":208697512},"geometry":{"type":"LineString","coordinates":[[32.8561375,39.8735414],[32.856902,39.8738309]]}},{"type":"Feature","properties":{"highway":"residential","osm_id":208697515},"geometry":{"type":"LineString","coordinates":[[32.8613861,39.8735667],[32.861608,39.8739671]]}},{"type":"Feature","properties":{"highway":"service","oneway":"yes","osm_id":208697959},"geometry":{"type":"LineString","coordinates":[[32.8308969,39.847987],[32.8311312,39.8479116],[32.8311763,39.8478865],[32.8312142,39.8478566],[32.8312528,39.8478084]]}},{"type":"Feature","properties":{"highway":"service","osm_id":208697961},"geometry":{"type":"LineString","coordinates":[[32.8364772,39.8482869],[32.8364249,39.8483076],[32.8363063,39.8483544],[32.8361757,39.848395],[32.8359817,39.8484553],[32.8351583,39.8481279],[32.8344762,39.8478586],[32.8344009,39.8477199],[32.8342942,39.8475553],[32.8326975,39.8469458],[32.8321355,39.8467475],[32.8319375,39.8466993],[32.8313136,39.8468367],[32.8311909,39.8468743],[32.8309708,39.8471145],[32.8308829,39.8472799],[32.8308419,39.8473571],[32.8307832,39.8474529],[32.8304773,39.8475375],[32.8304329,39.8475498],[32.8302446,39.8475961],[32.830115,39.847594],[32.8300074,39.8475509],[32.8298555,39.8474734],[32.8296939,39.8473984],[32.8296269,39.8473698],[32.829516,39.8473056],[32.8293602,39.8472139],[32.8292612,39.847178],[32.8292162,39.8471462],[32.8291216,39.8470471],[32.8291127,39.8469887],[32.8291013,39.8469141],[32.8291259,39.846794],[32.8291934,39.8465782],[32.8293086,39.8463035],[32.8293877,39.8461264],[32.8294433,39.845972],[32.8295149,39.8458566],[32.8295704,39.8457856],[32.8296277,39.8457387],[32.8299764,39.845546],[32.8302937,39.8454804],[32.8303626,39.8454662],[32.8304178,39.8454548],[32.8309238,39.8453793],[32.8311148,39.8453626],[32.831279,39.8453483],[32.8313948,39.845346],[32.8320256,39.8453339],[32.8329199,39.8454077],[32.8329815,39.8454141],[32.8332351,39.8454406],[32.8334986,39.8455249],[32.8338145,39.8456187],[32.8341344,39.845717],[32.8343178,39.8457622],[32.8346337,39.8458402],[32.8348622,39.8458966],[32.8352522,39.8460023],[32.8353305,39.8460241],[32.8356608,39.8461304],[32.8358039,39.8462132],[32.8359809,39.8465221],[32.8360011,39.8466288],[32.8360447,39.8468592],[32.8362384,39.8471605],[32.8363827,39.8474558],[32.8366435,39.848046],[32.8365979,39.8481891],[32.8364772,39.8482869]]}},{"type":"Feature","properties":{"highway":"residential","osm_id":208697962},"geometry":{"type":"LineString","coordinates":[[32.8246523,39.8477827],[32.8253845,39.8475081],[32.825017,39.8468376]]}},{"type":"Feature","properties":{"highway":"residential","osm_id":208697963},"geometry":{"type":"LineString","coordinates":[[32.8220498,39.8487311],[32.8223285,39.849056]]}},{"type":"Feature","properties":{"highway":"service","osm_id":208697964},"geometry":{"type":"LineString","coordinates":[[32.8226817,39.8525432],[32.8242835,39.851209]]}},{"type":"Feature","properties":{"highway":"residential","osm_id":208697965},"geometry":{"type":"LineString","coordinates":[[32.8226143,39.8499283],[32.8231527,39.8507933]]}},{"type":"Feature","properties":{"highway":"residential","osm_id":208697966},"geometry":{"type":"LineString","coordinates":[[32.8232399,39.8479416],[32.8228046,39.847249]]}},{"type":"Feature","properties":{"highway":"residential","osm_id":208697967},"geometry":{"type":"LineString","coordinates":[[32.8228046,39.847249],[32.8224792,39.8467868]]}},{"type":"Feature","properties":{"highway":"residential","name":"Mustafa Fehmi Gerçeker Sokağı","osm_id":208697968},"geometry":{"type":"LineString","coordinates":[[32.8216778,39.8496976],[32.8193094,39.8505786]]}},{"type":"Feature","properties":{"highway":"residential","name":"Muhittin Çöteli Sokağı","osm_id":208697969},"geometry":{"type":"LineString","coordinates":[[32.8254102,39.8506397],[32.8263795,39.8512908],[32.8273539,39.8519843],[32.8279397,39.8524178],[32.8281354,39.8526377],[32.8281776,39.8535225]]}},{"type":"Feature","properties":{"highway":"residential","name":"Şemsettin Bayramoğlu Sokağı","osm_id":208697971},"geometry":{"type":"LineString","coordinates":[[32.8207451,39.8482075],[32.8203938,39.8480866],[32.8193678,39.8484648],[32.8189641,39.8486137],[32.8188285,39.8485209],[32.8186137,39.8483803],[32.8185322,39.84824],[32.8185563,39.8481579]]}},{"type":"Feature","properties":{"highway":"residential","name":"Zekai Apaydın Caddesi","osm_id":208697972},"geometry":{"type":"LineString","coordinates":[[32.8210393,39.8477836],[32.8204403,39.8474961],[32.8203797,39.8475113],[32.8198833,39.8476918],[32.8188636,39.84805],[32.8185563,39.8481579],[32.8179972,39.848333]]}},{"type":"Feature","properties":{"highway":"residential","name":"Yılmaz Çolpan Sokağı","osm_id":208697973},"geometry":{"type":"LineString","coordinates":[[32.8240981,39.8470369],[32.8243471,39.8475081],[32.8242331,39.8477642]]}},{"type":"Feature","properties":{"highway":"residential","osm_id":208697974},"geometry":{"type":"LineString","coordinates":[[32.8211284,39.8495209],[32.8208141,39.8491317]]}},{"type":"Feature","properties":{"highway":"service","source":"bing","osm_id":208697975},"geometry":{"type":"LineString","coordinates":[[32.8226045,39.8559965],[32.8223578,39.8560562],[32.822179,39.8560842],[32.8220513,39.8561879],[32.8219892,39.8562496]]}},{"type":"Feature","properties":{"highway":"residential","osm_id":208697977},"geometry":{"type":"LineString","coordinates":[[32.8198833,39.8476918],[32.8197177,39.8474327],[32.8192738,39.8475278],[32.8188195,39.8469493],[32.8192634,39.8467154]]}},{"type":"Feature","properties":{"highway":"tertiary","name":"Esat Özoğuz Caddesi","osm_id":208697978},"geometry":{"type":"LineString","coordinates":[[32.8279972,39.848528],[32.8273574,39.84906],[32.8270962,39.8492772],[32.8270298,39.8493324],[32.82608,39.850099],[32.8254102,39.8506397],[32.8241683,39.8516693],[32.8241318,39.851787]]}},{"type":"Feature","properties":{"highway":"residential","osm_id":208697979},"geometry":{"type":"LineString","coordinates":[[32.8221798,39.8486978],[32.8220033,39.8483942],[32.8222549,39.848302]]}},{"type":"Feature","properties":{"highway":"residential","osm_id":208697983},"geometry":{"type":"LineString","coordinates":[[32.824615,39.8480033],[32.8244359,39.84806],[32.8236185,39.8482919],[32.8221798,39.8486978],[32.8220498,39.8487311],[32.8215907,39.8487942]]}},{"type":"Feature","properties":{"highway":"residential","osm_id":208697985},"geometry":{"type":"LineString","coordinates":[[32.8193678,39.8484648],[32.8195877,39.8487786]]}},{"type":"Feature","properties":{"name":"Alkım Caddesi","highway":"residential","osm_id":208699052},"geometry":{"type":"LineString","coordinates":[[32.8576963,39.879399],[32.8576831,39.8794508],[32.8575336,39.8800385],[32.8575162,39.8801067],[32.8574723,39.8802898],[32.8573841,39.8806581],[32.8573133,39.8809536]]}},{"type":"Feature","properties":{"highway":"residential","osm_id":208699073},"geometry":{"type":"LineString","coordinates":[[32.8593138,39.8791854],[32.859467,39.8782934]]}},{"type":"Feature","properties":{"highway":"residential","osm_id":208699078},"geometry":{"type":"LineString","coordinates":[[32.8599501,39.8792096],[32.8601754,39.8782835]]}},{"type":"Feature","properties":{"highway":"secondary","name":"1071 Malazgirt Bulvarı","oneway":"yes","osm_id":208699085},"geometry":{"type":"LineString","coordinates":[[32.8214426,39.886516],[32.8231452,39.8864991],[32.8233905,39.8864791],[32.8238179,39.8864281],[32.8238288,39.8864268],[32.8238879,39.8864197]]}},{"type":"Feature","properties":{"source":"Bing","highway":"residential","osm_id":208699086},"geometry":{"type":"LineString","coordinates":[[32.8205251,39.8749098],[32.8213581,39.8749586],[32.8215485,39.8749646],[32.8222514,39.8749746],[32.8233126,39.8749837]]}},{"type":"Feature","properties":{"highway":"service","osm_id":208699087},"geometry":{"type":"LineString","coordinates":[[32.8389177,39.8888395],[32.8389212,39.8883453],[32.8386447,39.888297]]}},{"type":"Feature","properties":{"highway":"residential","osm_id":208699088},"geometry":{"type":"LineString","coordinates":[[32.8378027,39.8845701],[32.8382287,39.8845628],[32.8386604,39.884552]]}},{"type":"Feature","properties":{"highway":"residential","osm_id":208699090},"geometry":{"type":"LineString","coordinates":[[32.839994,39.8862943],[32.8388696,39.8863893],[32.8377898,39.8864254]]}},{"type":"Feature","properties":{"highway":"service","osm_id":208699098},"geometry":{"type":"LineString","coordinates":[[32.8402127,39.8889792],[32.83994,39.8882456],[32.8398725,39.8878334],[32.8400581,39.8877927]]}},{"type":"Feature","properties":{"highway":"residential","osm_id":208699099},"geometry":{"type":"LineString","coordinates":[[32.8544905,39.8795958],[32.8546545,39.8799167],[32.8548526,39.880024],[32.8554969,39.880301]]}},{"type":"Feature","properties":{"highway":"residential","osm_id":208699105},"geometry":{"type":"LineString","coordinates":[[32.8587134,39.8782289],[32.8585613,39.8791061],[32.8593138,39.8791854],[32.8599501,39.8792096],[32.860663,39.879262],[32.8609319,39.8792806],[32.861066,39.8792899],[32.8611951,39.8792768],[32.8613266,39.8791901]]}},{"type":"Feature","properties":{"highway":"residential","osm_id":208699109},"geometry":{"type":"LineString","coordinates":[[32.855097,39.8794631],[32.8548584,39.8794874],[32.8545496,39.8795277],[32.8544905,39.8795958],[32.8544663,39.8796463],[32.8545496,39.8802073],[32.854538,39.8803861],[32.8545965,39.8805718]]}},{"type":"Feature","properties":{"highway":"residential","osm_id":208699867},"geometry":{"type":"LineString","coordinates":[[32.8354852,39.886721],[32.8361257,39.887008],[32.8368351,39.8870544]]}},{"type":"Feature","properties":{"highway":"residential","osm_id":208699868},"geometry":{"type":"LineString","coordinates":[[32.8245745,39.8722397],[32.8237245,39.8720147],[32.8231077,39.8718808],[32.822883,39.8717413],[32.8219556,39.8725524],[32.8217122,39.8727794],[32.8216321,39.8729023],[32.8215735,39.8730324],[32.8215427,39.8732428],[32.8215485,39.8749646]]}},{"type":"Feature","properties":{"highway":"residential","source":"Bing","osm_id":208699869},"geometry":{"type":"LineString","coordinates":[[32.8232837,39.8801879],[32.8225178,39.8803234],[32.8221891,39.8803715],[32.8219517,39.8803955],[32.8217613,39.8804035],[32.8210544,39.8803987]]}},{"type":"Feature","properties":{"highway":"residential","osm_id":208700777},"geometry":{"type":"LineString","coordinates":[[32.8703176,39.8641717],[32.8699591,39.8638646],[32.8695925,39.8635832],[32.8693547,39.8634083],[32.8691169,39.8633018],[32.868884,39.8632333],[32.8687106,39.8631573],[32.8686462,39.8630242],[32.8683737,39.8624993],[32.8682647,39.8622331],[32.8681705,39.861849],[32.8680615,39.8616817],[32.8679129,39.8615371],[32.8676206,39.861328],[32.8675116,39.8612671],[32.8672737,39.8612519],[32.86714,39.8612025],[32.8670805,39.8611682],[32.8670458,39.8610618],[32.8670805,39.8609058],[32.8671201,39.8607423],[32.8670409,39.8604989],[32.8669566,39.8604228]]}},{"type":"Feature","properties":{"highway":"residential","osm_id":208700778},"geometry":{"type":"LineString","coordinates":[[32.8630817,39.8575374],[32.8627731,39.8576632],[32.8622082,39.8578191],[32.8620695,39.8579104],[32.8616384,39.8583059],[32.8614502,39.8585189],[32.8606029,39.8587547],[32.8605088,39.8587509],[32.8603676,39.8586958],[32.8602412,39.8585893],[32.860209,39.8585684],[32.8601124,39.8585608],[32.8599687,39.8585608],[32.8596888,39.8587053],[32.8594906,39.858808],[32.8593719,39.8588156],[32.8592158,39.8587642],[32.8589854,39.8586787],[32.8588516,39.8586577],[32.8587203,39.8587053],[32.8586411,39.8587604],[32.8585915,39.8588422],[32.8585841,39.8589202],[32.8586188,39.859021],[32.8587575,39.8591236],[32.8588492,39.8592644],[32.8588739,39.8593594],[32.8588591,39.8594811],[32.8587724,39.8595914],[32.8587005,39.8596751],[32.8586609,39.8597493],[32.8586609,39.8598672],[32.8587342,39.8601132]]}},{"type":"Feature","properties":{"highway":"residential","osm_id":208700779},"geometry":{"type":"LineString","coordinates":[[32.8581349,39.8524262],[32.8582361,39.8524597],[32.8584442,39.8524521],[32.8586226,39.8524939],[32.8587415,39.8526042],[32.8588802,39.8528553],[32.8592469,39.8533117],[32.859346,39.8534486],[32.8594351,39.8536312],[32.8594698,39.8538937],[32.8594896,39.8540192],[32.8595739,39.8541409],[32.8597473,39.8542664],[32.8598365,39.8543653],[32.8599207,39.8544946],[32.8599504,39.854719],[32.8600049,39.854894],[32.8600991,39.8550309],[32.8603864,39.8552363],[32.8605995,39.8553999],[32.8607184,39.8555254],[32.8607927,39.8557155],[32.8608423,39.8558943],[32.8608968,39.8559856],[32.8610503,39.8561377],[32.8612188,39.8562442],[32.8614071,39.8563241],[32.8616053,39.8564002],[32.8617589,39.8565181],[32.8620165,39.8567881],[32.8623336,39.8571418],[32.8625764,39.8573472],[32.8627795,39.8574499],[32.8630817,39.8575374],[32.863275,39.8575906],[32.8634732,39.8577009],[32.8642758,39.8582144],[32.8653807,39.8588571],[32.8657374,39.8589332],[32.8671495,39.8592679],[32.8688291,39.8597281],[32.8702511,39.8600932],[32.8711016,39.8602713]]}},{"type":"Feature","properties":{"highway":"residential","osm_id":208700996},"geometry":{"type":"LineString","coordinates":[[32.8687655,39.8663896],[32.8686223,39.8662098]]}},{"type":"Feature","properties":{"highway":"residential","osm_id":208700997},"geometry":{"type":"LineString","coordinates":[[32.8672836,39.8648427],[32.8673952,39.8649284],[32.8675069,39.8649876],[32.8676318,39.8650386],[32.8677381,39.8650651],[32.8678923,39.8650671],[32.8680787,39.8650581],[32.8682253,39.8650581],[32.8683456,39.8650899],[32.8684396,39.8650928],[32.8684584,39.8650639],[32.8684321,39.8649918],[32.8683795,39.8649543]]}},{"type":"Feature","properties":{"highway":"residential","osm_id":208700998},"geometry":{"type":"LineString","coordinates":[[32.8686223,39.8662098],[32.8684713,39.8661222],[32.8673518,39.8654729]]}},{"type":"Feature","properties":{"highway":"residential","osm_id":208700999},"geometry":{"type":"LineString","coordinates":[[32.8659059,39.8636217],[32.8659892,39.8634865],[32.8660869,39.8633711],[32.8662523,39.8632355]]}},{"type":"Feature","properties":{"highway":"residential","osm_id":208701331},"geometry":{"type":"LineString","coordinates":[[32.870655,39.8606142],[32.8708183,39.860771],[32.8709575,39.8608633],[32.8710904,39.8608997],[32.8712011,39.8609045],[32.8712929,39.8609094],[32.8713973,39.8609288],[32.8714795,39.8609677],[32.8714985,39.8610114],[32.8714606,39.8610916],[32.8714859,39.8611377],[32.8715808,39.8611887]]}},{"type":"Feature","properties":{"highway":"residential","name":"Elif Naci Sokağı","osm_id":208701625},"geometry":{"type":"LineString","coordinates":[[32.8255285,39.8469227],[32.8259657,39.8459463]]}},{"type":"Feature","properties":{"highway":"residential","name":"Elif Naci Sokağı","osm_id":208701626},"geometry":{"type":"LineString","coordinates":[[32.8280606,39.8470865],[32.8279565,39.847027],[32.8275273,39.8467815],[32.8259657,39.8459463]]}},{"type":"Feature","properties":{"oneway":"no","highway":"residential","name":"Şeftali Caddesi","osm_id":208702527},"geometry":{"type":"LineString","coordinates":[[32.8338189,39.8830098],[32.833617,39.8826401],[32.8334248,39.88224],[32.8329754,39.8815078],[32.8325715,39.880963],[32.8320309,39.8803657],[32.8309171,39.8796209],[32.8307315,39.879496],[32.830611,39.879361],[32.8305035,39.8791636],[32.8304742,39.8789811],[32.83051,39.8787962],[32.8306045,39.8786063],[32.8308292,39.8782639],[32.8315587,39.8770942]]}},{"type":"Feature","properties":{"highway":"residential","osm_id":208702530},"geometry":{"type":"LineString","coordinates":[[32.834729,39.8880862],[32.8344502,39.8888424],[32.8340526,39.8899611],[32.8339985,39.8900742],[32.8339399,39.8901967],[32.8336784,39.8906635],[32.8334177,39.8910787],[32.8334199,39.891133],[32.8334486,39.8911991],[32.8334972,39.8912669],[32.8336651,39.8914448],[32.8339697,39.8916914],[32.8341792,39.8918407],[32.8343607,39.8919498],[32.8346001,39.8920387],[32.8347647,39.8920789],[32.8349854,39.8921048]]}},{"type":"Feature","properties":{"highway":"residential","osm_id":208702531},"geometry":{"type":"LineString","coordinates":[[32.8355317,39.8884465],[32.8361257,39.887008]]}},{"type":"Feature","properties":{"highway":"residential","osm_id":208702536},"geometry":{"type":"LineString","coordinates":[[32.8315225,39.8843056],[32.8329065,39.884392],[32.8339096,39.8844702]]}},{"type":"Feature","properties":{"highway":"residential","osm_id":208702539},"geometry":{"type":"LineString","coordinates":[[32.833561,39.886763],[32.8336736,39.8859932],[32.833856,39.8848407],[32.8339096,39.8844702],[32.8339693,39.8841205],[32.8339754,39.8835796],[32.8339646,39.8834478],[32.8339351,39.8833182],[32.8338189,39.8830098]]}},{"type":"Feature","properties":{"highway":"unclassified","osm_id":208719997},"geometry":{"type":"LineString","coordinates":[[32.859274,39.887389],[32.8598737,39.8870147],[32.8600166,39.8869255],[32.86036,39.8866421],[32.8613108,39.8858577],[32.8626024,39.8847111],[32.8626216,39.8846578],[32.863243,39.8843138],[32.8633249,39.8842382],[32.8638103,39.8837901],[32.8638901,39.8837187],[32.8640509,39.8838148],[32.8653349,39.8845825],[32.8654412,39.8850722],[32.866155,39.8852471],[32.8662597,39.8852727],[32.866496,39.8853306]]}},{"type":"Feature","properties":{"highway":"residential","osm_id":208719998},"geometry":{"type":"LineString","coordinates":[[32.8193428,39.874701],[32.8199007,39.8747736],[32.8204903,39.874813]]}},{"type":"Feature","properties":{"highway":"unclassified","osm_id":208720000},"geometry":{"type":"LineString","coordinates":[[32.8601142,39.8815082],[32.8609907,39.8820213],[32.8628891,39.8831327],[32.8636066,39.8835576],[32.8638334,39.8836855],[32.8638901,39.8837187]]}},{"type":"Feature","properties":{"highway":"residential","osm_id":208720016},"geometry":{"type":"LineString","coordinates":[[32.8222844,39.8770348],[32.8221246,39.8767894],[32.822074,39.8759192]]}},{"type":"Feature","properties":{"highway":"residential","osm_id":208720019},"geometry":{"type":"LineString","coordinates":[[32.8427549,39.8794874],[32.8431119,39.8794114],[32.8433888,39.8792295],[32.8435815,39.8787271]]}},{"type":"Feature","properties":{"highway":"residential","osm_id":208720023},"geometry":{"type":"LineString","coordinates":[[32.8222514,39.8749746],[32.8223599,39.8743419],[32.8226495,39.8732427],[32.8231077,39.8718808]]}},{"type":"Feature","properties":{"highway":"residential","osm_id":208720029},"geometry":{"type":"LineString","coordinates":[[32.8201463,39.874178],[32.8193808,39.8741176],[32.8187351,39.8740662]]}},{"type":"Feature","properties":{"highway":"residential","osm_id":208720030},"geometry":{"type":"LineString","coordinates":[[32.8216178,39.8772261],[32.821486,39.8770123],[32.8214748,39.8765948],[32.8214572,39.8759377],[32.8213581,39.8749586]]}},{"type":"Feature","properties":{"highway":"residential","osm_id":208720032},"geometry":{"type":"LineString","coordinates":[[32.83955,39.8827737],[32.8402906,39.882696]]}},{"type":"Feature","properties":{"highway":"residential","osm_id":208720034},"geometry":{"type":"LineString","coordinates":[[32.8410808,39.884231],[32.8414297,39.8842359],[32.8418124,39.8842364]]}},{"type":"Feature","properties":{"highway":"residential","osm_id":208720046},"geometry":{"type":"LineString","coordinates":[[32.8214572,39.8759377],[32.8218436,39.8759219],[32.822074,39.8759192],[32.8223223,39.8759012],[32.8232034,39.8758588]]}},{"type":"Feature","properties":{"highway":"residential","osm_id":208720047},"geometry":{"type":"LineString","coordinates":[[32.8410234,39.8861384],[32.8411296,39.8867453],[32.8410826,39.8874398],[32.8410652,39.8875441],[32.8410118,39.8876028],[32.8409274,39.8876584],[32.8401376,39.8876893]]}},{"type":"Feature","properties":{"highway":"residential","osm_id":208720049},"geometry":{"type":"LineString","coordinates":[[32.8471712,39.8762616],[32.8478621,39.8767678],[32.8483415,39.8771735],[32.8489839,39.877662]]}},{"type":"Feature","properties":{"source":"Bing","highway":"residential","osm_id":208720050},"geometry":{"type":"LineString","coordinates":[[32.8406639,39.884236],[32.8403187,39.8842377],[32.840104,39.8842381],[32.8399766,39.8842383],[32.8396002,39.8842389]]}},{"type":"Feature","properties":{"highway":"residential","osm_id":208720052},"geometry":{"type":"LineString","coordinates":[[32.8279416,39.8763441],[32.8282348,39.8758111],[32.8286832,39.875177],[32.8294149,39.8742823]]}},{"type":"Feature","properties":{"highway":"residential","osm_id":208720053},"geometry":{"type":"LineString","coordinates":[[32.8402906,39.882696],[32.8407078,39.8826393],[32.8410378,39.8825945],[32.8418284,39.8824871],[32.8426762,39.8823949]]}},{"type":"Feature","properties":{"highway":"residential","osm_id":208720056},"geometry":{"type":"LineString","coordinates":[[32.841055,39.883425],[32.8410378,39.8825945],[32.8408987,39.8813592],[32.8408293,39.8807491],[32.8407406,39.8803818],[32.8404221,39.8793749]]}},{"type":"Feature","properties":{"highway":"residential","osm_id":208720060},"geometry":{"type":"LineString","coordinates":[[32.8214572,39.8759377],[32.8205381,39.8759968]]}},{"type":"Feature","properties":{"highway":"residential","osm_id":208720061},"geometry":{"type":"LineString","coordinates":[[32.8476667,39.8816439],[32.8476242,39.8814894]]}},{"type":"Feature","properties":{"highway":"residential","osm_id":208720767},"geometry":{"type":"LineString","coordinates":[[32.8215839,39.8795132],[32.8217196,39.8794764],[32.8223118,39.8791001]]}},{"type":"Feature","properties":{"highway":"residential","osm_id":208720768},"geometry":{"type":"LineString","coordinates":[[32.8191235,39.879721],[32.8207019,39.879695]]}},{"type":"Feature","properties":{"highway":"residential","osm_id":208720775},"geometry":{"type":"LineString","coordinates":[[32.8373547,39.8755049],[32.8375,39.8748117]]}},{"type":"Feature","properties":{"highway":"residential","osm_id":208720776},"geometry":{"type":"LineString","coordinates":[[32.8224693,39.8789624],[32.8232976,39.8789548]]}},{"type":"Feature","properties":{"highway":"residential","osm_id":208720777},"geometry":{"type":"LineString","coordinates":[[32.8200935,39.8723356],[32.8212469,39.8725216]]}},{"type":"Feature","properties":{"highway":"residential","osm_id":208720778},"geometry":{"type":"LineString","coordinates":[[32.8191775,39.87904],[32.8205485,39.8790991]]}},{"type":"Feature","properties":{"highway":"residential","osm_id":208720779},"geometry":{"type":"LineString","coordinates":[[32.8197102,39.875795],[32.8199007,39.8747736]]}},{"type":"Feature","properties":{"highway":"residential","osm_id":208720785},"geometry":{"type":"LineString","coordinates":[[32.8247456,39.8838616],[32.8260306,39.8836356],[32.8274721,39.8833671]]}},{"type":"Feature","properties":{"highway":"residential","name":"1028. Sokak","osm_id":208720786},"geometry":{"type":"LineString","coordinates":[[32.8353396,39.8759692],[32.8361994,39.8754977],[32.8364325,39.8753381]]}},{"type":"Feature","properties":{"name":"1073. Cadde","highway":"residential","osm_id":208720787},"geometry":{"type":"LineString","coordinates":[[32.826429,39.8724725],[32.8260025,39.8730266],[32.8255087,39.8737558],[32.8251271,39.8742554],[32.8249924,39.8744334],[32.8248283,39.8746341],[32.8247723,39.8748277],[32.8247704,39.8749823],[32.8248069,39.8760279],[32.8248254,39.8767183],[32.8248134,39.8776386],[32.8256892,39.8790598],[32.8258725,39.8792866],[32.8259249,39.8793956],[32.8259731,39.880122],[32.8260166,39.8807742],[32.8260407,39.8811665],[32.8260832,39.8818218],[32.8261206,39.8824039],[32.8261532,39.8829948]]}},{"type":"Feature","properties":{"highway":"residential","name":"1027. Sokak","osm_id":208720789},"geometry":{"type":"LineString","coordinates":[[32.8345898,39.8736341],[32.8346934,39.8737681],[32.835174,39.8743687],[32.8359903,39.8752651],[32.8360006,39.8752764],[32.8361994,39.8754977],[32.8374359,39.8768948]]}},{"type":"Feature","properties":{"highway":"residential","name":"1024. Sokak","osm_id":208720791},"geometry":{"type":"LineString","coordinates":[[32.8329744,39.872057],[32.8336796,39.8726507],[32.8345393,39.8734241],[32.8347263,39.8735645],[32.8348255,39.8736378],[32.8351511,39.8738701],[32.8356065,39.8741571],[32.8361024,39.8744504],[32.8365578,39.8746064],[32.8370944,39.8747312],[32.837502,39.8747997],[32.8382246,39.8748123],[32.8392247,39.8746813],[32.83983,39.874555]]}},{"type":"Feature","properties":{"highway":"residential","osm_id":208720793},"geometry":{"type":"LineString","coordinates":[[32.8205485,39.8790991],[32.8208926,39.8790227],[32.8211952,39.8789219],[32.82155,39.8787777],[32.821957,39.8785275],[32.8222052,39.8783481]]}},{"type":"Feature","properties":{"highway":"residential","osm_id":208720794},"geometry":{"type":"LineString","coordinates":[[32.8225178,39.8803234],[32.8223196,39.8793902],[32.8223118,39.8791001],[32.8224693,39.8789624]]}},{"type":"Feature","properties":{"highway":"residential","osm_id":208720795},"geometry":{"type":"LineString","coordinates":[[32.8211952,39.8789219],[32.8214691,39.8792309],[32.8215291,39.879335],[32.8215839,39.8795132],[32.8217613,39.8804035]]}},{"type":"Feature","properties":{"highway":"residential","osm_id":208720797},"geometry":{"type":"LineString","coordinates":[[32.8205599,39.8785741],[32.8192361,39.8785428]]}},{"type":"Feature","properties":{"highway":"residential","osm_id":208720800},"geometry":{"type":"LineString","coordinates":[[32.8205609,39.8776383],[32.8193958,39.8775572],[32.8188057,39.8775119]]}},{"type":"Feature","properties":{"highway":"residential","osm_id":208721302},"geometry":{"type":"LineString","coordinates":[[32.8198708,39.8875857],[32.8216685,39.8875644],[32.8232458,39.8875488]]}},{"type":"Feature","properties":{"highway":"residential","osm_id":208721303},"geometry":{"type":"LineString","coordinates":[[32.8317721,39.8814759],[32.8312526,39.8817002]]}},{"type":"Feature","properties":{"name":"1345. Sokak","highway":"residential","osm_id":208721310},"geometry":{"type":"LineString","coordinates":[[32.8298648,39.8796796],[32.8300474,39.8799199],[32.830127,39.8799952],[32.8302718,39.8801321],[32.8305066,39.8803263],[32.8311475,39.8807998],[32.8316076,39.8812729],[32.8317721,39.8814759],[32.8324141,39.8824897]]}},{"type":"Feature","properties":{"highway":"residential","osm_id":208800687},"geometry":{"type":"LineString","coordinates":[[32.8211317,39.8522871],[32.8214409,39.852398],[32.8216878,39.8524918],[32.8218916,39.8526061],[32.8222473,39.8527386],[32.8223917,39.8527386],[32.8224586,39.8526872],[32.8220008,39.8521574],[32.8218494,39.8519655],[32.8218881,39.8518357],[32.8219653,39.8518007]]}},{"type":"Feature","properties":{"highway":"residential","osm_id":208800688},"geometry":{"type":"LineString","coordinates":[[32.817386,39.8659786],[32.8171543,39.8660588],[32.816691,39.8664597],[32.8158857,39.8672744],[32.8157299,39.8674663],[32.8156501,39.8676666],[32.815661,39.8678779],[32.8157516,39.8681922],[32.815911,39.8685371],[32.8161627,39.8689331]]}},{"type":"Feature","properties":{"highway":"residential","osm_id":208800689},"geometry":{"type":"LineString","coordinates":[[32.8216878,39.8524918],[32.8214843,39.8522833],[32.8211427,39.8520482],[32.8208645,39.8517508],[32.8206568,39.851667],[32.82003,39.8513994],[32.8195124,39.8511804],[32.8189419,39.8511155],[32.8186215,39.8511182],[32.8179102,39.8511263],[32.817713,39.851129],[32.8175658,39.8513576]]}},{"type":"Feature","properties":{"highway":"residential","osm_id":208800690},"geometry":{"type":"LineString","coordinates":[[32.8150919,39.8587249],[32.8149317,39.8582153],[32.8146877,39.8574813],[32.8144686,39.8569308],[32.8144133,39.8566966],[32.8144731,39.8562456],[32.8143685,39.8558862],[32.8140797,39.8555689],[32.8139167,39.8553463],[32.8139026,39.8550543],[32.8138639,39.8546083],[32.81389,39.8544553]]}},{"type":"Feature","properties":{"highway":"residential","osm_id":208800692},"geometry":{"type":"LineString","coordinates":[[32.8156752,39.8649721],[32.8160865,39.8650878],[32.816474,39.8651968],[32.8165327,39.8652044],[32.8167705,39.865235],[32.8168132,39.8652302],[32.8169746,39.8652121],[32.8172546,39.8650191],[32.8173739,39.8649547],[32.8176522,39.8648699],[32.8178289,39.8648292],[32.8179902,39.8648224],[32.8181868,39.8648495],[32.8184686,39.8651356],[32.8186612,39.8656718]]}},{"type":"Feature","properties":{"highway":"residential","osm_id":208800695},"geometry":{"type":"LineString","coordinates":[[32.8127843,39.8585972],[32.8125846,39.8581857],[32.8125587,39.8581402],[32.8120938,39.8572094],[32.81195,39.8569215],[32.811834,39.8566955],[32.8116391,39.8563548],[32.8112107,39.8553968],[32.811053,39.8549628]]}},{"type":"Feature","properties":{"highway":"residential","osm_id":208800697},"geometry":{"type":"LineString","coordinates":[[32.8137696,39.8649997],[32.8150119,39.8657761]]}},{"type":"Feature","properties":{"highway":"residential","osm_id":208800698},"geometry":{"type":"LineString","coordinates":[[32.8114491,39.8685949],[32.8120805,39.8685872]]}},{"type":"Feature","properties":{"highway":"residential","osm_id":208800699},"geometry":{"type":"LineString","coordinates":[[32.8136,39.8578087],[32.8125846,39.8581857]]}},{"type":"Feature","properties":{"highway":"residential","name":"Ömer Mümtaz Tambi Sokağı","osm_id":208800700},"geometry":{"type":"LineString","coordinates":[[32.8167299,39.8484792],[32.8156177,39.848069],[32.8148323,39.8477781]]}},{"type":"Feature","properties":{"highway":"residential","osm_id":208800701},"geometry":{"type":"LineString","coordinates":[[32.8108284,39.8568086],[32.8116391,39.8563548]]}},{"type":"Feature","properties":{"highway":"residential","name":"839. Sokak","osm_id":208800702},"geometry":{"type":"LineString","coordinates":[[32.8156331,39.8612553],[32.8161515,39.8621098],[32.816587,39.8628743]]}},{"type":"Feature","properties":{"highway":"residential","osm_id":208800703},"geometry":{"type":"LineString","coordinates":[[32.8198263,39.8694882],[32.8195011,39.8691674]]}},{"type":"Feature","properties":{"highway":"residential","osm_id":208800704},"geometry":{"type":"LineString","coordinates":[[32.8136309,39.8685969],[32.8126945,39.8685853]]}},{"type":"Feature","properties":{"highway":"residential","osm_id":208800706},"geometry":{"type":"LineString","coordinates":[[32.8186612,39.8656718],[32.8195255,39.8654328]]}},{"type":"Feature","properties":{"highway":"residential","name":"834. Sokak","osm_id":208800707},"geometry":{"type":"LineString","coordinates":[[32.8142847,39.8589212],[32.8142399,39.8588213],[32.8142399,39.8588213],[32.813997,39.8582801]]}},{"type":"Feature","properties":{"highway":"residential","osm_id":208800708},"geometry":{"type":"LineString","coordinates":[[32.8126945,39.8685853],[32.8120805,39.8685872]]}},{"type":"Feature","properties":{"highway":"residential","osm_id":208800709},"geometry":{"type":"LineString","coordinates":[[32.8108474,39.867913],[32.8120726,39.8678846]]}},{"type":"Feature","properties":{"highway":"residential","osm_id":208800710},"geometry":{"type":"LineString","coordinates":[[32.8102716,39.8576666],[32.8111332,39.8573479]]}},{"type":"Feature","properties":{"highway":"residential","osm_id":208800711},"geometry":{"type":"LineString","coordinates":[[32.8138187,39.865933],[32.8130516,39.8662562]]}},{"type":"Feature","properties":{"highway":"residential","osm_id":208800712},"geometry":{"type":"LineString","coordinates":[[32.8108229,39.8592179],[32.8118938,39.8589425]]}},{"type":"Feature","properties":{"highway":"residential","osm_id":208800714},"geometry":{"type":"LineString","coordinates":[[32.8126787,39.8678496],[32.8141459,39.8676561]]}},{"type":"Feature","properties":{"highway":"residential","osm_id":208800715},"geometry":{"type":"LineString","coordinates":[[32.8111332,39.8573479],[32.81195,39.8569215]]}},{"type":"Feature","properties":{"highway":"residential","osm_id":208800716},"geometry":{"type":"LineString","coordinates":[[32.8181868,39.8648495],[32.818982,39.8641815]]}},{"type":"Feature","properties":{"highway":"residential","osm_id":208800717},"geometry":{"type":"LineString","coordinates":[[32.8151215,39.869377],[32.8161627,39.8689331]]}},{"type":"Feature","properties":{"highway":"residential","osm_id":208800718},"geometry":{"type":"LineString","coordinates":[[32.8136409,39.8600115],[32.8153857,39.8593489]]}},{"type":"Feature","properties":{"highway":"tertiary","osm_id":208800719},"geometry":{"type":"LineString","coordinates":[[32.810312,39.8556503],[32.8101392,39.8558319],[32.8100773,39.8560387],[32.8100817,39.8565509],[32.8101893,39.8571411],[32.8102716,39.8576666],[32.8104736,39.8584161],[32.8107224,39.8589927],[32.8108229,39.8592179],[32.8108393,39.8592551],[32.8108941,39.8596507],[32.8109935,39.8600624],[32.8110117,39.8603553],[32.8110798,39.8604983],[32.8112321,39.8606329],[32.8117821,39.8609695],[32.8114667,39.8612765],[32.8113474,39.8614743],[32.8113167,39.86174],[32.8113744,39.862115],[32.8113513,39.8624545],[32.8112321,39.8634022],[32.811224,39.8639233],[32.8112359,39.8641373]]}},{"type":"Feature","properties":{"highway":"residential","osm_id":208800720},"geometry":{"type":"LineString","coordinates":[[32.8107224,39.8589927],[32.8116811,39.8585552],[32.8125846,39.8581857]]}},{"type":"Feature","properties":{"highway":"residential","name":"871. Sokak","osm_id":208800721},"geometry":{"type":"LineString","coordinates":[[32.8153766,39.8624339],[32.8161515,39.8621098],[32.8164935,39.8619844]]}},{"type":"Feature","properties":{"highway":"residential","osm_id":208800722},"geometry":{"type":"LineString","coordinates":[[32.8130221,39.8671744],[32.8141748,39.8666614]]}},{"type":"Feature","properties":{"highway":"residential","name":"853. Sokak","osm_id":208800724},"geometry":{"type":"LineString","coordinates":[[32.8129366,39.86405],[32.8122104,39.863474]]}},{"type":"Feature","properties":{"highway":"residential","name":"837. Sokak","osm_id":208800725},"geometry":{"type":"LineString","coordinates":[[32.814305,39.8609365],[32.8150009,39.8604053],[32.8157789,39.8600967]]}},{"type":"Feature","properties":{"highway":"residential","name":"842. Sokak","osm_id":208800726},"geometry":{"type":"LineString","coordinates":[[32.8158683,39.8635237],[32.8169934,39.8631892],[32.8168349,39.8628013]]}},{"type":"Feature","properties":{"highway":"tertiary","name":"Hayri Çeçen Caddesi","oneway":"no","osm_id":208800728},"geometry":{"type":"LineString","coordinates":[[32.8150679,39.8500035],[32.8155839,39.8501353],[32.8160209,39.8502569]]}},{"type":"Feature","properties":{"highway":"residential","osm_id":208800729},"geometry":{"type":"LineString","coordinates":[[32.817009,39.8674135],[32.8179642,39.8667854],[32.8188744,39.8661541]]}},{"type":"Feature","properties":{"highway":"residential","osm_id":208800730},"geometry":{"type":"LineString","coordinates":[[32.8118938,39.8589425],[32.8127843,39.8585972]]}},{"type":"Feature","properties":{"highway":"residential","osm_id":208800731},"geometry":{"type":"LineString","coordinates":[[32.8169626,39.8606408],[32.8174446,39.8610992],[32.8178636,39.861902],[32.8180467,39.8622588]]}},{"type":"Feature","properties":{"highway":"residential","name":"835. Sokak","osm_id":208800732},"geometry":{"type":"LineString","coordinates":[[32.8131251,39.8592739],[32.8142847,39.8589212],[32.8150489,39.8587703],[32.8150919,39.8587249]]}},{"type":"Feature","properties":{"highway":"residential","osm_id":208800733},"geometry":{"type":"LineString","coordinates":[[32.8127136,39.8652619],[32.8127941,39.8654718],[32.8130516,39.8662562]]}},{"type":"Feature","properties":{"highway":"residential","osm_id":208800734},"geometry":{"type":"LineString","coordinates":[[32.8174696,39.8602722],[32.8179254,39.8606637],[32.8184084,39.8611303],[32.8188701,39.8619004]]}},{"type":"Feature","properties":{"highway":"residential","osm_id":208800735},"geometry":{"type":"LineString","coordinates":[[32.8130516,39.8662562],[32.8130221,39.8671744]]}},{"type":"Feature","properties":{"highway":"residential","osm_id":208800737},"geometry":{"type":"LineString","coordinates":[[32.8160865,39.8650878],[32.8165221,39.8646967],[32.816758,39.8646954],[32.8172546,39.8650191]]}},{"type":"Feature","properties":{"highway":"residential","osm_id":208800738},"geometry":{"type":"LineString","coordinates":[[32.8173739,39.8649547],[32.8175373,39.8646444],[32.8178952,39.8642137],[32.818178,39.8639187],[32.8185027,39.8636558]]}},{"type":"Feature","properties":{"highway":"residential","osm_id":208800739},"geometry":{"type":"LineString","coordinates":[[32.8188636,39.84805],[32.8186642,39.8477143],[32.8183991,39.8476122],[32.8179992,39.8474581],[32.8176964,39.8474473],[32.8172251,39.8475669]]}},{"type":"Feature","properties":{"highway":"residential","name":"841. Sokak","osm_id":208800740},"geometry":{"type":"LineString","coordinates":[[32.8157554,39.8631593],[32.816587,39.8628743],[32.8166427,39.8628572],[32.8168349,39.8628013],[32.8173606,39.8626571],[32.8175506,39.8625774]]}},{"type":"Feature","properties":{"highway":"residential","osm_id":208800741},"geometry":{"type":"LineString","coordinates":[[32.8120591,39.8672876],[32.8125768,39.8672835],[32.8127887,39.8672465],[32.8130221,39.8671744]]}},{"type":"Feature","properties":{"highway":"residential","osm_id":208800742},"geometry":{"type":"LineString","coordinates":[[32.810312,39.8556503],[32.8108284,39.8568086]]}},{"type":"Feature","properties":{"highway":"residential","osm_id":208800743},"geometry":{"type":"LineString","coordinates":[[32.8144686,39.8569308],[32.8146365,39.8566827],[32.8148971,39.8563421],[32.8151083,39.8557745],[32.8152281,39.8556501]]}},{"type":"Feature","properties":{"highway":"residential","name":"847. Sokak","osm_id":208800744},"geometry":{"type":"LineString","coordinates":[[32.8131744,39.8618729],[32.8128859,39.8612765],[32.8125132,39.8605673],[32.8124404,39.860564]]}},{"type":"Feature","properties":{"highway":"residential","osm_id":208800745},"geometry":{"type":"LineString","coordinates":[[32.815412,39.8591745],[32.8158883,39.8589791],[32.8159794,39.8589325],[32.8163384,39.8588031],[32.8164501,39.858794],[32.8165742,39.8588322],[32.8169362,39.8591121],[32.817032,39.8591866],[32.8178953,39.8599856]]}},{"type":"Feature","properties":{"highway":"tertiary","osm_id":208800746},"geometry":{"type":"LineString","coordinates":[[32.810312,39.8556503],[32.810581,39.8554656],[32.8108328,39.8552587],[32.811053,39.8549628]]}},{"type":"Feature","properties":{"highway":"residential","osm_id":208800747},"geometry":{"type":"LineString","coordinates":[[32.8168132,39.8652302],[32.8169641,39.8654576],[32.817043,39.8655567],[32.817177,39.8657249],[32.817386,39.8659786],[32.8175316,39.866094],[32.817726,39.8664049],[32.8179642,39.8667854]]}},{"type":"Feature","properties":{"highway":"residential","name":"Şehit Hakan Kandemir Sokağı","osm_id":208800748},"geometry":{"type":"LineString","coordinates":[[32.8197895,39.8506315],[32.8197546,39.8508018],[32.8198816,39.8509031],[32.8208153,39.8512605],[32.8209423,39.8512682],[32.8213523,39.8511221]]}},{"type":"Feature","properties":{"highway":"residential","osm_id":208800749},"geometry":{"type":"LineString","coordinates":[[32.8120938,39.8572094],[32.8129898,39.8568979],[32.8136,39.8578087]]}},{"type":"Feature","properties":{"highway":"residential","osm_id":208800750},"geometry":{"type":"LineString","coordinates":[[32.8165897,39.8609479],[32.8169626,39.8606408],[32.817103,39.8605208],[32.8174696,39.8602722],[32.8178953,39.8599856],[32.8181829,39.8602631]]}},{"type":"Feature","properties":{"highway":"residential","name":"H.Mustafa Beynam Sokağı","osm_id":208800752},"geometry":{"type":"LineString","coordinates":[[32.8148258,39.8489514],[32.8154237,39.8482589],[32.8156177,39.848069],[32.8160954,39.8475987]]}},{"type":"Feature","properties":{"highway":"residential","osm_id":208800753},"geometry":{"type":"LineString","coordinates":[[32.8108284,39.8568086],[32.8111332,39.8573479],[32.8116811,39.8585552],[32.8118938,39.8589425]]}},{"type":"Feature","properties":{"highway":"residential","osm_id":208800754},"geometry":{"type":"LineString","coordinates":[[32.8143452,39.8664278],[32.8138187,39.865933],[32.8133734,39.8655418],[32.8133412,39.8654739],[32.8133386,39.8654039],[32.8133654,39.8653401],[32.8137696,39.8649997],[32.8134927,39.8648285],[32.8134271,39.8648172],[32.8133761,39.8648336],[32.8127136,39.8652619],[32.8125285,39.8654245],[32.8123783,39.8656365],[32.812263,39.8658733],[32.8121955,39.8660913],[32.8120672,39.8665053],[32.8120323,39.8667133],[32.8120591,39.8672876],[32.8120726,39.8678846],[32.8120805,39.8685872],[32.8120913,39.8698918],[32.8121396,39.8700215],[32.8126009,39.8704703],[32.8127029,39.8705114],[32.8128128,39.8704991],[32.8128853,39.8704414],[32.8129738,39.8702747]]}},{"type":"Feature","properties":{"highway":"residential","name":"843. Sokak","osm_id":208800755},"geometry":{"type":"LineString","coordinates":[[32.8177627,39.8629115],[32.8175828,39.8630559],[32.8175506,39.8632489],[32.8175837,39.8633693],[32.8177052,39.8634812],[32.81784,39.8635388],[32.8179924,39.8635626],[32.8181514,39.8635388],[32.8183215,39.8634982]]}},{"type":"Feature","properties":{"highway":"residential","osm_id":208800756},"geometry":{"type":"LineString","coordinates":[[32.8117821,39.8609695],[32.8118821,39.8611939],[32.8122321,39.8621681],[32.8128835,39.861964],[32.8131744,39.8618729],[32.8135667,39.8617489],[32.8139859,39.8615983],[32.8145594,39.8612897]]}},{"type":"Feature","properties":{"highway":"residential","osm_id":208800758},"geometry":{"type":"LineString","coordinates":[[32.8178968,39.8681421],[32.817654,39.8679892],[32.8173025,39.8676721],[32.817009,39.8674135],[32.8158857,39.8672744]]}},{"type":"Feature","properties":{"highway":"residential","osm_id":208800759},"geometry":{"type":"LineString","coordinates":[[32.8118938,39.8589425],[32.8121385,39.8592506],[32.8124435,39.8595797],[32.8125282,39.8596978],[32.8125359,39.8598248],[32.8124359,39.8599163],[32.8112321,39.8606329]]}},{"type":"Feature","properties":{"highway":"residential","osm_id":208800760},"geometry":{"type":"LineString","coordinates":[[32.8125768,39.8672835],[32.8126787,39.8678496],[32.8126945,39.8685853],[32.8126948,39.8691178],[32.8127485,39.8693422],[32.8128477,39.8696118],[32.8130596,39.8699268]]}},{"type":"Feature","properties":{"highway":"residential","osm_id":208800761},"geometry":{"type":"LineString","coordinates":[[32.811834,39.8566955],[32.8119221,39.8563843],[32.8119924,39.8562918],[32.8124528,39.8561351],[32.8120326,39.8553536],[32.8112107,39.8553968]]}},{"type":"Feature","properties":{"highway":"tertiary","name":"850. Cadde","osm_id":208800762},"geometry":{"type":"LineString","coordinates":[[32.8112359,39.8641373],[32.8114289,39.8652645],[32.811485,39.8653593],[32.8115785,39.8653909],[32.8116833,39.8653564],[32.8117843,39.865276],[32.8120958,39.8647406],[32.8129366,39.86405],[32.8132965,39.8637524],[32.8135643,39.8634839],[32.8141143,39.8629323],[32.8148587,39.8621311],[32.815027,39.8618999]]}},{"type":"Feature","properties":{"highway":"residential","name":"Sabri Kınınç Sokağı","osm_id":208800763},"geometry":{"type":"LineString","coordinates":[[32.8160954,39.8475987],[32.8158744,39.847174]]}},{"type":"Feature","properties":{"highway":"residential","name":"838. Sokak","osm_id":208800764},"geometry":{"type":"LineString","coordinates":[[32.8148699,39.8615941],[32.8156331,39.8612553],[32.816402,39.8608826]]}},{"type":"Feature","properties":{"name":"499. Sk.","highway":"residential","osm_id":208800993},"geometry":{"type":"LineString","coordinates":[[32.8900058,39.8769908],[32.8899989,39.8773667],[32.8899594,39.8777307],[32.8899437,39.877875],[32.8899392,39.8778955],[32.8898886,39.8781291],[32.8896264,39.8782826],[32.8891459,39.8783894],[32.8888399,39.8784574],[32.8885165,39.8785803],[32.8884157,39.8786989],[32.888347,39.8788112],[32.8883156,39.8790556],[32.8881915,39.8792938],[32.8879056,39.8796189],[32.8878051,39.8797332],[32.8876612,39.8798761],[32.8871704,39.8803632],[32.8864741,39.8809065]]}},{"type":"Feature","properties":{"name":"466. Sk.","highway":"residential","osm_id":208800994},"geometry":{"type":"LineString","coordinates":[[32.8775332,39.8823661],[32.8760914,39.88242]]}},{"type":"Feature","properties":{"name":"492/1. Sk.","highway":"residential","osm_id":208800995},"geometry":{"type":"LineString","coordinates":[[32.8837199,39.8752476],[32.883468,39.8753923],[32.8827792,39.875788]]}},{"type":"Feature","properties":{"highway":"residential","osm_id":208800996},"geometry":{"type":"LineString","coordinates":[[32.8765335,39.8717587],[32.8758805,39.872138],[32.8757875,39.872192],[32.875683,39.8722527]]}},{"type":"Feature","properties":{"highway":"residential","osm_id":208801002},"geometry":{"type":"LineString","coordinates":[[32.8798695,39.8748571],[32.8792121,39.8752806],[32.8791001,39.8753527]]}},{"type":"Feature","properties":{"name":"452. Sk.","highway":"residential","osm_id":208801004},"geometry":{"type":"LineString","coordinates":[[32.8762364,39.8756145],[32.8754671,39.8745443]]}},{"type":"Feature","properties":{"name":"495. Cd.","highway":"residential","osm_id":208801005},"geometry":{"type":"LineString","coordinates":[[32.8837821,39.8784947],[32.8829834,39.8787874],[32.8828142,39.8788188]]}},{"type":"Feature","properties":{"highway":"residential","osm_id":208801006},"geometry":{"type":"LineString","coordinates":[[32.8808389,39.8742565],[32.8798695,39.8748571]]}},{"type":"Feature","properties":{"name":"500. Sk.","highway":"residential","osm_id":208801012},"geometry":{"type":"LineString","coordinates":[[32.8876612,39.8798761],[32.887999,39.8801382],[32.8888217,39.8807765]]}},{"type":"Feature","properties":{"highway":"residential","osm_id":208801021},"geometry":{"type":"LineString","coordinates":[[32.881355,39.8751562],[32.8812735,39.8752572],[32.8807654,39.8756523]]}},{"type":"Feature","properties":{"name":"453. Cd.","highway":"residential","osm_id":208801022},"geometry":{"type":"LineString","coordinates":[[32.8770238,39.8752322],[32.8762364,39.8756145],[32.8751088,39.876227]]}},{"type":"Feature","properties":{"highway":"residential","osm_id":208801023},"geometry":{"type":"LineString","coordinates":[[32.881355,39.8751562],[32.8817633,39.8753419],[32.8823609,39.8756815]]}},{"type":"Feature","properties":{"name":"502. Sk.","highway":"residential","osm_id":208801032},"geometry":{"type":"LineString","coordinates":[[32.8837199,39.8752476],[32.8838726,39.8754035],[32.8841817,39.8757191],[32.8838072,39.8767774]]}},{"type":"Feature","properties":{"name":"492. Sk.","highway":"residential","osm_id":208801035},"geometry":{"type":"LineString","coordinates":[[32.882515,39.8755944],[32.8823609,39.8756815],[32.8814023,39.8761642]]}},{"type":"Feature","properties":{"highway":"residential","osm_id":208801036},"geometry":{"type":"LineString","coordinates":[[32.8889769,39.8818597],[32.8882282,39.8812394],[32.8881087,39.8811404],[32.8880272,39.8810729],[32.8871704,39.8803632]]}},{"type":"Feature","properties":{"highway":"residential","osm_id":208801037},"geometry":{"type":"LineString","coordinates":[[32.8833738,39.876306],[32.8827792,39.875788],[32.882515,39.8755944]]}},{"type":"Feature","properties":{"highway":"residential","osm_id":208801038},"geometry":{"type":"LineString","coordinates":[[32.8760904,39.877022],[32.8760901,39.8764371],[32.8774534,39.8757036]]}},{"type":"Feature","properties":{"highway":"residential","name":"498. Sokak","osm_id":208801039},"geometry":{"type":"LineString","coordinates":[[32.8862441,39.8789574],[32.8852274,39.8798038],[32.8847736,39.8802225]]}},{"type":"Feature","properties":{"name":"502. Sk.","highway":"residential","osm_id":208801044},"geometry":{"type":"LineString","coordinates":[[32.8817633,39.8753419],[32.8831201,39.8747687],[32.8832507,39.8748277],[32.8833546,39.8748746],[32.8837199,39.8752476]]}},{"type":"Feature","properties":{"highway":"residential","osm_id":208801047},"geometry":{"type":"LineString","coordinates":[[32.8808389,39.8742565],[32.8811976,39.8745477],[32.8812873,39.8748018],[32.8813632,39.875146],[32.881355,39.8751562]]}},{"type":"Feature","properties":{"name":"468. Sk.","highway":"residential","osm_id":208801050},"geometry":{"type":"LineString","coordinates":[[32.8789992,39.8826063],[32.8786313,39.8829642],[32.8784341,39.8831053],[32.8782411,39.8831738],[32.8775946,39.8832153]]}},{"type":"Feature","properties":{"highway":"residential","osm_id":208801056},"geometry":{"type":"LineString","coordinates":[[32.8785666,39.8736581],[32.8790452,39.8736635],[32.879673,39.8736741],[32.8801973,39.8737747],[32.8808389,39.8742565]]}},{"type":"Feature","properties":{"name":"496. Sk.","highway":"residential","osm_id":208801062},"geometry":{"type":"LineString","coordinates":[[32.8845032,39.8791666],[32.8854392,39.8783397],[32.8855304,39.8782468]]}},{"type":"Feature","properties":{"name":"132. Sk.","highway":"residential","osm_id":208801063},"geometry":{"type":"LineString","coordinates":[[32.8890603,39.8791633],[32.8886597,39.8795313],[32.8885118,39.8796825],[32.887999,39.8801382]]}},{"type":"Feature","properties":{"highway":"residential","name":"497. Sokak","osm_id":208801065},"geometry":{"type":"LineString","coordinates":[[32.8855304,39.8782468],[32.8859465,39.8784857],[32.886127,39.8786878],[32.8862441,39.8789574],[32.8863295,39.8795429],[32.8864058,39.8797154],[32.886482,39.8798035],[32.8865835,39.8799116],[32.8871704,39.8803632]]}},{"type":"Feature","properties":{"name":"494. Cd.","highway":"residential","osm_id":208801066},"geometry":{"type":"LineString","coordinates":[[32.8833738,39.876306],[32.8838072,39.8767774],[32.8845757,39.8776134],[32.8846099,39.877722],[32.8846869,39.8778965],[32.8848005,39.8780293],[32.8850125,39.8780813],[32.8855304,39.8782468]]}},{"type":"Feature","properties":{"name":"338. Sk (215. Sk.)","highway":"residential","osm_id":208801067},"geometry":{"type":"LineString","coordinates":[[32.8875473,39.8879891],[32.8880985,39.8875292],[32.8885395,39.8871928]]}},{"type":"Feature","properties":{"name":"353. Sk.","highway":"residential","osm_id":208801073},"geometry":{"type":"LineString","coordinates":[[32.8881297,39.88841],[32.8888553,39.8886245],[32.8892637,39.8887409]]}},{"type":"Feature","properties":{"highway":"residential","osm_id":208801078},"geometry":{"type":"LineString","coordinates":[[32.8120958,39.8647406],[32.8118516,39.8638546]]}},{"type":"Feature","properties":{"highway":"residential","osm_id":208801079},"geometry":{"type":"LineString","coordinates":[[32.8160816,39.860346],[32.8164137,39.860456],[32.8166729,39.8605761]]}},{"type":"Feature","properties":{"highway":"residential","osm_id":208801080},"geometry":{"type":"LineString","coordinates":[[32.8159794,39.8589325],[32.8166916,39.8600402],[32.8167227,39.8602754],[32.8166729,39.8605761],[32.8169626,39.8606408]]}},{"type":"Feature","properties":{"highway":"residential","osm_id":208804724},"geometry":{"type":"LineString","coordinates":[[32.8835672,39.8867861],[32.8842099,39.8872051]]}},{"type":"Feature","properties":{"highway":"residential","name":"477. Sokak","osm_id":208804725},"geometry":{"type":"LineString","coordinates":[[32.8824079,39.8839281],[32.8829615,39.8847487]]}},{"type":"Feature","properties":{"name":"470. Sk.","highway":"residential","osm_id":208804726},"geometry":{"type":"LineString","coordinates":[[32.8776151,39.8836387],[32.8763619,39.8836739]]}},{"type":"Feature","properties":{"name":"467. Sk.","highway":"residential","osm_id":208804727},"geometry":{"type":"LineString","coordinates":[[32.8803445,39.8846813],[32.8807059,39.8852887],[32.8809096,39.8856311]]}},{"type":"Feature","properties":{"name":"485. Sk","highway":"residential","osm_id":208804728},"geometry":{"type":"LineString","coordinates":[[32.8815893,39.8805494],[32.883227,39.8798249]]}},{"type":"Feature","properties":{"highway":"residential","osm_id":208804729},"geometry":{"type":"LineString","coordinates":[[32.887602,39.8865714],[32.8880671,39.8861687],[32.8891275,39.8852506]]}},{"type":"Feature","properties":{"highway":"residential","name":"400.Sk.","osm_id":208804730},"geometry":{"type":"LineString","coordinates":[[32.8750717,39.8854383],[32.8756695,39.8848541]]}},{"type":"Feature","properties":{"highway":"residential","osm_id":208804731},"geometry":{"type":"LineString","coordinates":[[32.881089,39.8821967],[32.8799141,39.8813095],[32.8797168,39.8811373]]}},{"type":"Feature","properties":{"highway":"residential","osm_id":208804733},"geometry":{"type":"LineString","coordinates":[[32.887165,39.8862742],[32.8866992,39.8866476],[32.8860705,39.8872335]]}},{"type":"Feature","properties":{"highway":"residential","osm_id":208804734},"geometry":{"type":"LineString","coordinates":[[32.8831829,39.8880977],[32.8842099,39.8872051],[32.8842973,39.8871291],[32.8849637,39.8865375]]}},{"type":"Feature","properties":{"name":"476. Sk.","highway":"residential","osm_id":208804738},"geometry":{"type":"LineString","coordinates":[[32.8803445,39.8846813],[32.881742,39.8841726],[32.8824079,39.8839281],[32.8831077,39.8836875]]}},{"type":"Feature","properties":{"name":"Şehit Sadık Erişen Sk.","highway":"residential","osm_id":208804740},"geometry":{"type":"LineString","coordinates":[[32.880985,39.8793559],[32.8815893,39.8805494],[32.8819292,39.881098]]}},{"type":"Feature","properties":{"highway":"residential","osm_id":208804742},"geometry":{"type":"LineString","coordinates":[[32.8770867,39.8862633],[32.8767718,39.8866429],[32.8775718,39.8871108],[32.878084,39.887283],[32.8781181,39.8871408],[32.8780729,39.8868488]]}},{"type":"Feature","properties":{"highway":"tertiary","name":"465. Cadde","osm_id":208804744},"geometry":{"type":"LineString","coordinates":[[32.8797168,39.8811373],[32.8793134,39.8811868],[32.8787625,39.8812753],[32.8780933,39.8814431],[32.8777435,39.8815119],[32.8774744,39.8815532],[32.8759712,39.881622]]}},{"type":"Feature","properties":{"highway":"path","osm_id":208804747},"geometry":{"type":"LineString","coordinates":[[32.8879249,39.8847126],[32.8881672,39.8845809],[32.8882392,39.8846142]]}},{"type":"Feature","properties":{"highway":"residential","name":"402. Sk","osm_id":208804749},"geometry":{"type":"LineString","coordinates":[[32.8735041,39.8851661],[32.8735867,39.8851867],[32.87363,39.8851983],[32.87377,39.8852033],[32.8742733,39.88493],[32.8742895,39.8849263],[32.87432,39.8849183],[32.8743867,39.8849167],[32.8744485,39.8849224]]}},{"type":"Feature","properties":{"highway":"residential","oneway":"no","osm_id":208832508},"geometry":{"type":"LineString","coordinates":[[32.8354277,39.8515961],[32.8353517,39.8513883],[32.835295,39.8512433],[32.8344467,39.8501033],[32.8342867,39.8498333],[32.8340783,39.84937],[32.8340735,39.849311],[32.8340676,39.8492371]]}},{"type":"Feature","properties":{"name":"648.Cadde","highway":"tertiary","osm_id":208833200},"geometry":{"type":"LineString","coordinates":[[32.8469879,39.8555304],[32.8489466,39.8562527]]}},{"type":"Feature","properties":{"highway":"residential","osm_id":208833201},"geometry":{"type":"LineString","coordinates":[[32.8457651,39.8547979],[32.8458539,39.8548135],[32.8470217,39.8549871],[32.8489298,39.8553571]]}},{"type":"Feature","properties":{"highway":"tertiary","osm_id":208833202},"geometry":{"type":"LineString","coordinates":[[32.8468588,39.8522531],[32.8470049,39.8530177],[32.8470983,39.8537092]]}},{"type":"Feature","properties":{"highway":"residential","osm_id":208833203},"geometry":{"type":"LineString","coordinates":[[32.8457651,39.8547979],[32.8458574,39.8542301],[32.8459167,39.8538176]]}},{"type":"Feature","properties":{"highway":"residential","name":"Buhara Sokak","osm_id":208833204},"geometry":{"type":"LineString","coordinates":[[32.8483583,39.8535989],[32.8488425,39.8548348],[32.8489298,39.8553571],[32.8489314,39.8554448],[32.8489351,39.8556412],[32.8489466,39.8562527]]}},{"type":"Feature","properties":{"highway":"residential","osm_id":208833205},"geometry":{"type":"LineString","coordinates":[[32.8483583,39.8535989],[32.8477393,39.8536607],[32.8476002,39.8536733],[32.8470983,39.8537092]]}},{"type":"Feature","properties":{"highway":"residential","osm_id":217820377},"geometry":{"type":"LineString","coordinates":[[32.8188807,39.8831728],[32.8200769,39.8832011]]}},{"type":"Feature","properties":{"highway":"residential","osm_id":217820378},"geometry":{"type":"LineString","coordinates":[[32.8201254,39.8810686],[32.8210618,39.8811381]]}},{"type":"Feature","properties":{"highway":"residential","osm_id":217820379},"geometry":{"type":"LineString","coordinates":[[32.818846,39.8810562],[32.8194227,39.8810356],[32.8201254,39.8810686]]}},{"type":"Feature","properties":{"highway":"residential","osm_id":217820380},"geometry":{"type":"LineString","coordinates":[[32.8191488,39.8878464],[32.8190788,39.8867762]]}},{"type":"Feature","properties":{"highway":"residential","osm_id":217820381},"geometry":{"type":"LineString","coordinates":[[32.8187583,39.879733],[32.8187896,39.8790303]]}},{"type":"Feature","properties":{"highway":"residential","osm_id":217820382},"geometry":{"type":"LineString","coordinates":[[32.8187196,39.8856807],[32.8194184,39.8857113],[32.819852,39.8857392]]}},{"type":"Feature","properties":{"highway":"residential","osm_id":217820383},"geometry":{"type":"LineString","coordinates":[[32.8223603,39.8812583],[32.8228686,39.8811567],[32.8235673,39.8810118]]}},{"type":"Feature","properties":{"highway":"residential","osm_id":217820384},"geometry":{"type":"LineString","coordinates":[[32.8210618,39.8811381],[32.82233,39.8810802]]}},{"type":"Feature","properties":{"highway":"residential","osm_id":217820385},"geometry":{"type":"LineString","coordinates":[[32.8205609,39.878267],[32.8217822,39.8781211]]}},{"type":"Feature","properties":{"highway":"residential","osm_id":217820386},"geometry":{"type":"LineString","coordinates":[[32.8207019,39.879695],[32.8210543,39.8795772],[32.8212917,39.8795312],[32.8215839,39.8795132]]}},{"type":"Feature","properties":{"highway":"residential","osm_id":217820387},"geometry":{"type":"LineString","coordinates":[[32.8182467,39.8764682],[32.819841,39.8765728],[32.8205655,39.8765902]]}},{"type":"Feature","properties":{"highway":"residential","osm_id":217820388},"geometry":{"type":"LineString","coordinates":[[32.8185736,39.8790183],[32.8188057,39.8775119]]}},{"type":"Feature","properties":{"highway":"residential","osm_id":217820389},"geometry":{"type":"LineString","coordinates":[[32.8206696,39.8864542],[32.8206764,39.8863619],[32.8207199,39.885776],[32.8207821,39.8851049]]}},{"type":"Feature","properties":{"highway":"residential","osm_id":217820390},"geometry":{"type":"LineString","coordinates":[[32.8178402,39.8797821],[32.8187583,39.879733],[32.8191235,39.879721]]}},{"type":"Feature","properties":{"highway":"residential","osm_id":217820393},"geometry":{"type":"LineString","coordinates":[[32.8179394,39.8789815],[32.8185736,39.8790183],[32.8187896,39.8790303],[32.8191775,39.87904]]}},{"type":"Feature","properties":{"highway":"residential","osm_id":217820395},"geometry":{"type":"LineString","coordinates":[[32.8205381,39.8759968],[32.8197102,39.875795],[32.8190608,39.8757877],[32.8183281,39.8757773]]}},{"type":"Feature","properties":{"highway":"residential","osm_id":217820397},"geometry":{"type":"LineString","coordinates":[[32.8190608,39.8757877],[32.8192699,39.8752067],[32.8193428,39.874701],[32.8193554,39.8744312],[32.8193808,39.8741176]]}},{"type":"Feature","properties":{"highway":"residential","osm_id":217820648},"geometry":{"type":"LineString","coordinates":[[32.8190088,39.882947],[32.8178054,39.8829519]]}},{"type":"Feature","properties":{"highway":"residential","osm_id":217820650},"geometry":{"type":"LineString","coordinates":[[32.8188889,39.88126],[32.8177876,39.8812801]]}},{"type":"Feature","properties":{"highway":"residential","osm_id":217820655},"geometry":{"type":"LineString","coordinates":[[32.8183419,39.8879143],[32.8191488,39.8878464],[32.8198752,39.887817]]}},{"type":"Feature","properties":{"highway":"residential","osm_id":217820656},"geometry":{"type":"LineString","coordinates":[[32.8156347,39.8735146],[32.8159589,39.8735708],[32.8161401,39.8736618],[32.8163632,39.8738597]]}},{"type":"Feature","properties":{"highway":"residential","osm_id":217820657},"geometry":{"type":"LineString","coordinates":[[32.8166857,39.8827401],[32.8157828,39.8827654],[32.8149339,39.8828446]]}},{"type":"Feature","properties":{"highway":"residential","osm_id":217820659},"geometry":{"type":"LineString","coordinates":[[32.8184453,39.8885496],[32.8198929,39.8884437]]}},{"type":"Feature","properties":{"highway":"residential","osm_id":217919169},"geometry":{"type":"LineString","coordinates":[[32.8420277,39.8884432],[32.8416705,39.8885403],[32.8414348,39.8886444],[32.8413491,39.8887376],[32.8413562,39.8889294],[32.8414134,39.8890938],[32.8414134,39.8892802],[32.8413705,39.8894665],[32.8412491,39.8896419],[32.8411118,39.8897979]]}},{"type":"Feature","properties":{"name":"İğde Caddesi","highway":"residential","osm_id":217919170},"geometry":{"type":"LineString","coordinates":[[32.8380201,39.8809054],[32.8371765,39.8811527],[32.8363385,39.8813988],[32.8355864,39.8816183],[32.8350048,39.8817809],[32.8345218,39.8819201],[32.8334248,39.88224],[32.8324141,39.8824897],[32.831854,39.8826461]]}},{"type":"Feature","properties":{"service":"parking_aisle","highway":"residential","osm_id":217919171},"geometry":{"type":"LineString","coordinates":[[32.861779,39.8758162],[32.8621857,39.8765755],[32.8622945,39.8767864],[32.8624174,39.8770586],[32.8625782,39.8774279],[32.8626034,39.8775052],[32.8625656,39.8775922],[32.8623526,39.8777845],[32.8622464,39.8778727],[32.8620364,39.8780338],[32.8618558,39.8780918],[32.8616122,39.8781563],[32.8614054,39.8782187],[32.861188,39.8782705]]}},{"type":"Feature","properties":{"highway":"residential","osm_id":217919172},"geometry":{"type":"LineString","coordinates":[[32.8129738,39.8702747],[32.8130596,39.8699268],[32.8133278,39.8690725],[32.8136309,39.8685969],[32.8140037,39.868039],[32.8140923,39.8678538],[32.8141459,39.8676561],[32.8141365,39.8674145],[32.814134,39.8668741],[32.8141748,39.8666614],[32.8143452,39.8664278]]}},{"type":"Feature","properties":{"name":"İlker Cad.","highway":"secondary","source":"Bing","osm_id":217919173},"geometry":{"type":"LineString","coordinates":[[32.83802,39.8542867],[32.838117,39.8545262],[32.8381491,39.8548128],[32.8381695,39.8552062],[32.8380907,39.8554322],[32.8379972,39.8556262],[32.837891,39.8557123],[32.837696,39.8558096],[32.8368159,39.8560647],[32.8366367,39.8561615],[32.8362662,39.8563997],[32.8359079,39.8566323],[32.8358003,39.8566976],[32.8354351,39.856901],[32.8351923,39.8570651],[32.8350686,39.8571605],[32.8347758,39.8577665],[32.8348085,39.8579398],[32.8352662,39.8590085],[32.8354698,39.859508],[32.8355488,39.8597582],[32.8355606,39.8598609],[32.8355765,39.8599988],[32.835607,39.8601259],[32.8357178,39.8605915],[32.8357799,39.8608543],[32.8360255,39.8617095],[32.8360788,39.8619244],[32.8361599,39.862228],[32.8362276,39.8628003],[32.8362267,39.8628748],[32.8362549,39.8636343],[32.8362883,39.863841],[32.836417,39.8642738],[32.8365161,39.864472],[32.8366442,39.8646799],[32.8368183,39.8649191],[32.8370299,39.8654519],[32.8372623,39.865779],[32.8376348,39.8660467],[32.8378435,39.8661806],[32.8385298,39.8665773],[32.8388994,39.8668423],[32.8393836,39.8674384],[32.8395361,39.8676044],[32.8398508,39.8680535],[32.8399591,39.8681849],[32.8402382,39.8685235],[32.8406797,39.869059],[32.8408773,39.8693147],[32.8411701,39.8697095],[32.8416525,39.8703602],[32.8421199,39.8709906],[32.8423049,39.8712402],[32.8425687,39.8716285],[32.8427817,39.8719421],[32.8430124,39.8722818]]}},{"type":"Feature","properties":{"oneway":"yes","highway":"residential","name":"753. Sokak","osm_id":217919174},"geometry":{"type":"LineString","coordinates":[[32.837162,39.8778594],[32.8382931,39.8773271]]}},{"type":"Feature","properties":{"highway":"residential","osm_id":217919175},"geometry":{"type":"LineString","coordinates":[[32.8381772,39.8764859],[32.8373547,39.8755049]]}},{"type":"Feature","properties":{"highway":"residential","osm_id":217919176},"geometry":{"type":"LineString","coordinates":[[32.841294,39.879676],[32.8427549,39.8794874]]}},{"type":"Feature","properties":{"oneway":"yes","highway":"residential","osm_id":217919177},"geometry":{"type":"LineString","coordinates":[[32.8650698,39.8771741],[32.8641503,39.8757669]]}},{"type":"Feature","properties":{"oneway":"yes","highway":"residential","name":"406. Sk.","osm_id":217919179},"geometry":{"type":"LineString","coordinates":[[32.8669214,39.8839363],[32.8675918,39.8839389]]}},{"type":"Feature","properties":{"name":"411. Sk.","highway":"residential","osm_id":217919183},"geometry":{"type":"LineString","coordinates":[[32.8707026,39.8824032],[32.8702826,39.8817695]]}},{"type":"Feature","properties":{"highway":"residential","oneway":"yes","osm_id":217919185},"geometry":{"type":"LineString","coordinates":[[32.8471342,39.8853199],[32.8472346,39.8853443],[32.8473334,39.8854304],[32.8482291,39.8862653]]}},{"type":"Feature","properties":{"highway":"residential","name":"399. Sk.","osm_id":217919186},"geometry":{"type":"LineString","coordinates":[[32.8759331,39.8846291],[32.8752899,39.8836635]]}},{"type":"Feature","properties":{"highway":"residential","osm_id":217919187},"geometry":{"type":"LineString","coordinates":[[32.8168577,39.8717541],[32.8175053,39.872366]]}},{"type":"Feature","properties":{"highway":"residential","osm_id":217919190},"geometry":{"type":"LineString","coordinates":[[32.8442284,39.876627],[32.8443448,39.8773827]]}},{"type":"Feature","properties":{"name":"Ekin Sokak","highway":"residential","osm_id":217919191},"geometry":{"type":"LineString","coordinates":[[32.8453253,39.8791117],[32.8449784,39.8773264]]}},{"type":"Feature","properties":{"highway":"residential","osm_id":217919192},"geometry":{"type":"LineString","coordinates":[[32.8407641,39.8769447],[32.84068,39.8777189]]}},{"type":"Feature","properties":{"highway":"residential","osm_id":217919193},"geometry":{"type":"LineString","coordinates":[[32.8410808,39.884231],[32.8406639,39.884236]]}},{"type":"Feature","properties":{"highway":"residential","name":"1084. Sokak","osm_id":217919194},"geometry":{"type":"LineString","coordinates":[[32.8268527,39.8795593],[32.8277692,39.8794157]]}},{"type":"Feature","properties":{"highway":"residential","osm_id":217919195},"geometry":{"type":"LineString","coordinates":[[32.846832,39.8771552],[32.8471662,39.8787318]]}},{"type":"Feature","properties":{"highway":"residential","name":"475. Sokak","osm_id":217919196},"geometry":{"type":"LineString","coordinates":[[32.8807059,39.8852887],[32.8821536,39.8846567]]}},{"type":"Feature","properties":{"highway":"residential","name":"1094. Sokak","osm_id":217919197},"geometry":{"type":"LineString","coordinates":[[32.8260832,39.8818218],[32.8252216,39.8818539]]}},{"type":"Feature","properties":{"highway":"residential","osm_id":217919198},"geometry":{"type":"LineString","coordinates":[[32.8232421,39.8795648],[32.824431,39.8795084]]}},{"type":"Feature","properties":{"highway":"residential","osm_id":217919200},"geometry":{"type":"LineString","coordinates":[[32.8250122,39.871565],[32.8259584,39.8721229]]}},{"type":"Feature","properties":{"highway":"residential","osm_id":217919202},"geometry":{"type":"LineString","coordinates":[[32.8215358,39.8842822],[32.8228599,39.8841175]]}},{"type":"Feature","properties":{"highway":"residential","osm_id":217919203},"geometry":{"type":"LineString","coordinates":[[32.8339693,39.8841205],[32.8358244,39.8842228]]}},{"type":"Feature","properties":{"highway":"residential","osm_id":217919205},"geometry":{"type":"LineString","coordinates":[[32.8268387,39.8851737],[32.8264532,39.8842552]]}},{"type":"Feature","properties":{"highway":"residential","osm_id":217919206},"geometry":{"type":"LineString","coordinates":[[32.825871,39.8852241],[32.8256016,39.8844264]]}},{"type":"Feature","properties":{"highway":"residential","name":"1083. Sokak","osm_id":217919207},"geometry":{"type":"LineString","coordinates":[[32.8267554,39.8791229],[32.8275727,39.8789213]]}},{"type":"Feature","properties":{"highway":"residential","osm_id":217919208},"geometry":{"type":"LineString","coordinates":[[32.833856,39.8848407],[32.8351201,39.8849351]]}},{"type":"Feature","properties":{"highway":"residential","osm_id":217919209},"geometry":{"type":"LineString","coordinates":[[32.8223223,39.8759012],[32.8222514,39.8749746]]}},{"type":"Feature","properties":{"highway":"residential","osm_id":217919210},"geometry":{"type":"LineString","coordinates":[[32.8289067,39.8862706],[32.829939,39.8862381]]}},{"type":"Feature","properties":{"highway":"residential","osm_id":217919211},"geometry":{"type":"LineString","coordinates":[[32.8177843,39.8821223],[32.8190631,39.882086]]}},{"type":"Feature","properties":{"highway":"residential","osm_id":217919212},"geometry":{"type":"LineString","coordinates":[[32.8307624,39.8727243],[32.8312792,39.8719027]]}},{"type":"Feature","properties":{"highway":"residential","osm_id":217919213},"geometry":{"type":"LineString","coordinates":[[32.8304907,39.8733143],[32.8308994,39.8728023]]}},{"type":"Feature","properties":{"highway":"residential","osm_id":217919215},"geometry":{"type":"LineString","coordinates":[[32.8201447,39.8842549],[32.8209591,39.8841237],[32.8214862,39.8840495]]}},{"type":"Feature","properties":{"highway":"residential","osm_id":217919216},"geometry":{"type":"LineString","coordinates":[[32.8230455,39.876964],[32.8239566,39.8769642]]}},{"type":"Feature","properties":{"highway":"residential","osm_id":217919217},"geometry":{"type":"LineString","coordinates":[[32.8230925,39.8776561],[32.8239935,39.8776452]]}},{"type":"Feature","properties":{"highway":"residential","osm_id":217919218},"geometry":{"type":"LineString","coordinates":[[32.8255491,39.8871128],[32.8256861,39.8878163],[32.8257931,39.8886111]]}},{"type":"Feature","properties":{"highway":"residential","osm_id":217919219},"geometry":{"type":"LineString","coordinates":[[32.826344,39.8863314],[32.8271924,39.8862876]]}},{"type":"Feature","properties":{"highway":"residential","osm_id":217919220},"geometry":{"type":"LineString","coordinates":[[32.8243756,39.8788983],[32.8232976,39.8789548]]}},{"type":"Feature","properties":{"highway":"residential","osm_id":217919222},"geometry":{"type":"LineString","coordinates":[[32.8387665,39.8723834],[32.8406867,39.871611],[32.8421199,39.8709906]]}},{"type":"Feature","properties":{"highway":"residential","osm_id":217919223},"geometry":{"type":"LineString","coordinates":[[32.8406797,39.869059],[32.8398189,39.8694353],[32.8397916,39.8694472],[32.8392103,39.8697013],[32.8388286,39.8698591]]}},{"type":"Feature","properties":{"highway":"residential","osm_id":217919224},"geometry":{"type":"LineString","coordinates":[[32.8175316,39.866094],[32.8186612,39.8656718]]}},{"type":"Feature","properties":{"highway":"residential","osm_id":217919225},"geometry":{"type":"LineString","coordinates":[[32.8718686,39.8819283],[32.8726758,39.8817012],[32.8730615,39.8824239]]}},{"type":"Feature","properties":{"name":"1086. Sokak","highway":"residential","osm_id":217919226},"geometry":{"type":"LineString","coordinates":[[32.8252852,39.8801468],[32.8259731,39.880122],[32.8269622,39.880101]]}},{"type":"Feature","properties":{"highway":"residential","osm_id":217919227},"geometry":{"type":"LineString","coordinates":[[32.8410234,39.8861384],[32.8400703,39.8862728]]}},{"type":"Feature","properties":{"highway":"residential","osm_id":217919229},"geometry":{"type":"LineString","coordinates":[[32.8257675,39.8830099],[32.8260306,39.8836356],[32.8262905,39.8842919]]}},{"type":"Feature","properties":{"highway":"secondary_link","oneway":"yes","osm_id":217919231},"geometry":{"type":"LineString","coordinates":[[32.8280424,39.8847435],[32.828136,39.8847404],[32.8281998,39.8847724],[32.8282451,39.8848273],[32.8282721,39.8848875],[32.8282675,39.8849546],[32.8282332,39.8850059]]}},{"type":"Feature","properties":{"highway":"residential","osm_id":217919232},"geometry":{"type":"LineString","coordinates":[[32.8314355,39.8865735],[32.832649,39.8867342],[32.8335161,39.8868708]]}},{"type":"Feature","properties":{"highway":"residential","osm_id":217919233},"geometry":{"type":"LineString","coordinates":[[32.8216783,39.8855892],[32.8224753,39.8855365],[32.822409,39.8849096]]}},{"type":"Feature","properties":{"highway":"residential","osm_id":217919234},"geometry":{"type":"LineString","coordinates":[[32.8248069,39.8760279],[32.8258937,39.8760521]]}},{"type":"Feature","properties":{"highway":"residential","osm_id":217919235},"geometry":{"type":"LineString","coordinates":[[32.8298358,39.8770005],[32.8292407,39.8763974]]}},{"type":"Feature","properties":{"highway":"residential","osm_id":217919236},"geometry":{"type":"LineString","coordinates":[[32.8263092,39.8858064],[32.826344,39.8863314],[32.8263584,39.8866318],[32.8263735,39.8869455]]}},{"type":"Feature","properties":{"highway":"residential","osm_id":217919237},"geometry":{"type":"LineString","coordinates":[[32.8143452,39.8664278],[32.8150119,39.8657761],[32.8155109,39.8652626],[32.8156752,39.8649721]]}},{"type":"Feature","properties":{"highway":"residential","osm_id":217919239},"geometry":{"type":"LineString","coordinates":[[32.8320415,39.8734092],[32.8308994,39.8728023],[32.8307624,39.8727243],[32.8302543,39.8724615],[32.8292912,39.8720495]]}},{"type":"Feature","properties":{"highway":"residential","osm_id":217919240},"geometry":{"type":"LineString","coordinates":[[32.8796078,39.8764832],[32.879106,39.8767399],[32.8784103,39.8769384]]}},{"type":"Feature","properties":{"highway":"residential","name":"1089. Sokak","osm_id":217919245},"geometry":{"type":"LineString","coordinates":[[32.8272906,39.8806402],[32.8273216,39.8816667]]}},{"type":"Feature","properties":{"highway":"residential","name":"1088. Cadde","osm_id":217919247},"geometry":{"type":"LineString","coordinates":[[32.8280999,39.880464],[32.8274469,39.8805877],[32.8272906,39.8806402],[32.8270757,39.8807139],[32.8265876,39.8809472],[32.8260407,39.8811665],[32.8255657,39.881355],[32.8254306,39.8813889],[32.8252927,39.8813974],[32.8252103,39.8813927],[32.8246377,39.8813628],[32.824185,39.8813473],[32.8240266,39.8813449],[32.8238651,39.8813692],[32.8236877,39.8814105]]}},{"type":"Feature","properties":{"highway":"residential","name":"1095. Sokak","osm_id":217919248},"geometry":{"type":"LineString","coordinates":[[32.8234546,39.8807198],[32.8245817,39.8806548]]}},{"type":"Feature","properties":{"highway":"residential","osm_id":217919249},"geometry":{"type":"LineString","coordinates":[[32.8314627,39.8857858],[32.8327295,39.8858986],[32.8336736,39.8859932],[32.834151,39.8860344]]}},{"type":"Feature","properties":{"highway":"residential","osm_id":217919250},"geometry":{"type":"LineString","coordinates":[[32.8248254,39.8767183],[32.8255583,39.8767171],[32.826024,39.876712]]}},{"type":"Feature","properties":{"name":"757. Sokak","highway":"residential","osm_id":217919252},"geometry":{"type":"LineString","coordinates":[[32.8382997,39.8778035],[32.839238,39.8777663],[32.84068,39.8777189],[32.8413296,39.8777186],[32.8429673,39.8778075]]}},{"type":"Feature","properties":{"highway":"residential","osm_id":217919253},"geometry":{"type":"LineString","coordinates":[[32.841055,39.883425],[32.8410808,39.884231]]}},{"type":"Feature","properties":{"highway":"residential","osm_id":217919254},"geometry":{"type":"LineString","coordinates":[[32.8406639,39.884236],[32.8406802,39.8845733],[32.840885,39.8856233],[32.8410234,39.8861384]]}},{"type":"Feature","properties":{"highway":"residential","osm_id":217919255},"geometry":{"type":"LineString","coordinates":[[32.8418284,39.8824871],[32.841845,39.8831783],[32.8417967,39.8832333],[32.8410967,39.8833967],[32.841055,39.883425]]}},{"type":"Feature","properties":{"highway":"residential","osm_id":217919257},"geometry":{"type":"LineString","coordinates":[[32.8310213,39.8814403],[32.8309669,39.8814618],[32.8304885,39.8816508],[32.8303635,39.8817002],[32.8308026,39.8824808],[32.8311923,39.8832246],[32.832005,39.8829818]]}},{"type":"Feature","properties":{"highway":"residential","osm_id":217919260},"geometry":{"type":"LineString","coordinates":[[32.8254708,39.8691436],[32.8245474,39.8700744],[32.8241937,39.8704501],[32.8242165,39.8706465],[32.8246852,39.8710424],[32.8251544,39.8714488]]}},{"type":"Feature","properties":{"name":"1085. Sokak","highway":"residential","osm_id":217919261},"geometry":{"type":"LineString","coordinates":[[32.8270757,39.8807139],[32.8269622,39.880101],[32.8268527,39.8795593],[32.8267554,39.8791229],[32.8266731,39.8788904],[32.8265833,39.8787612],[32.8262953,39.8785086]]}},{"type":"Feature","properties":{"highway":"residential","name":"1090. Sokak","osm_id":217919262},"geometry":{"type":"LineString","coordinates":[[32.8278211,39.8816745],[32.8273216,39.8816667],[32.826634,39.8816665]]}},{"type":"Feature","properties":{"highway":"residential","osm_id":217919264},"geometry":{"type":"LineString","coordinates":[[32.8191888,39.8804437],[32.8191235,39.879721]]}},{"type":"Feature","properties":{"highway":"residential","name":"1056. Sokak","osm_id":217919265},"geometry":{"type":"LineString","coordinates":[[32.8259263,39.876537],[32.8274032,39.8767533],[32.8274804,39.8767817],[32.8279501,39.8772815]]}},{"type":"Feature","properties":{"name":"411. Sk","highway":"residential","osm_id":217919267},"geometry":{"type":"LineString","coordinates":[[32.8695814,39.8831878],[32.8700209,39.8833806],[32.8701914,39.8833943],[32.8707266,39.8831923],[32.8711062,39.8829745],[32.8711421,39.8828506],[32.8710793,39.8827405],[32.8707026,39.8824032]]}},{"type":"Feature","properties":{"highway":"residential","osm_id":217919268},"geometry":{"type":"LineString","coordinates":[[32.8214619,39.877795],[32.8218417,39.8776899],[32.8219802,39.877669],[32.8221551,39.8776585],[32.8222914,39.8776742],[32.8223709,39.8776951],[32.8224299,39.8777596],[32.8224413,39.8778503],[32.8223047,39.8783911]]}},{"type":"Feature","properties":{"highway":"residential","name":"1092. Sokak","osm_id":217919322},"geometry":{"type":"LineString","coordinates":[[32.825244,39.8824466],[32.8261206,39.8824039]]}},{"type":"Feature","properties":{"name":"1093. Sokak","highway":"residential","osm_id":217919324},"geometry":{"type":"LineString","coordinates":[[32.823713,39.8825286],[32.8246459,39.8825045]]}},{"type":"Feature","properties":{"highway":"residential","osm_id":217919325},"geometry":{"type":"LineString","coordinates":[[32.8216321,39.8729023],[32.8226495,39.8732427],[32.82316,39.8733813],[32.8232026,39.8733929],[32.8236613,39.8735077]]}},{"type":"Feature","properties":{"name":"515. Sokak","highway":"residential","osm_id":217919328},"geometry":{"type":"LineString","coordinates":[[32.865133,39.8730046],[32.8661986,39.8726356]]}},{"type":"Feature","properties":{"highway":"residential","name":"614.Cad.","osm_id":217920243},"geometry":{"type":"LineString","coordinates":[[32.8538031,39.8536484],[32.8544082,39.8537058],[32.8549617,39.853762],[32.8555905,39.8537705]]}},{"type":"Feature","properties":{"highway":"residential","osm_id":217920244},"geometry":{"type":"LineString","coordinates":[[32.8544902,39.8560965],[32.854596,39.8556309]]}},{"type":"Feature","properties":{"name":"620.Sk.","highway":"residential","osm_id":217920245},"geometry":{"type":"LineString","coordinates":[[32.8550245,39.8517732],[32.8556549,39.8506424]]}},{"type":"Feature","properties":{"highway":"residential","osm_id":217920246},"geometry":{"type":"LineString","coordinates":[[32.857434,39.8525361],[32.8572214,39.8523384],[32.8571652,39.8522448],[32.8570727,39.851709],[32.8566723,39.8519443]]}},{"type":"Feature","properties":{"name":"609.Cad.","highway":"residential","osm_id":217920248},"geometry":{"type":"LineString","coordinates":[[32.8561206,39.8509877],[32.8559418,39.8511194],[32.8558077,39.8513712],[32.8556816,39.8518494],[32.8556852,39.8519012],[32.8557047,39.8520777]]}},{"type":"Feature","properties":{"highway":"residential","name":"621. Sokak","osm_id":217920249},"geometry":{"type":"LineString","coordinates":[[32.8556549,39.8506424],[32.8561206,39.8509877],[32.8562555,39.8510742],[32.8566044,39.8513511],[32.8570727,39.851709]]}},{"type":"Feature","properties":{"highway":"residential","oneway":"no","surface":"unpaved","osm_id":217920590},"geometry":{"type":"LineString","coordinates":[[32.8620415,39.8537056],[32.8622822,39.8537357],[32.8624003,39.8536191],[32.8620688,39.8535468],[32.8618112,39.8534616],[32.861453,39.8533108],[32.8610545,39.8531109],[32.860379,39.8527688],[32.8601137,39.8525758],[32.8598714,39.8523373],[32.8597,39.8521422],[32.8593874,39.8518073],[32.8589738,39.8514753],[32.8587753,39.8512826]]}},{"type":"Feature","properties":{"highway":"residential","osm_id":217922594},"geometry":{"type":"LineString","coordinates":[[32.8609651,39.873466],[32.8605659,39.8734892],[32.8599112,39.8735273]]}},{"type":"Feature","properties":{"highway":"residential","name":"516. Sokak","osm_id":217922595},"geometry":{"type":"LineString","coordinates":[[32.8615621,39.8721321],[32.8616488,39.8721013],[32.8628912,39.87166]]}},{"type":"Feature","properties":{"highway":"residential","name":"596.Sokak","osm_id":217922596},"geometry":{"type":"LineString","coordinates":[[32.8566001,39.8616795],[32.8550039,39.8608477],[32.8542146,39.8602959],[32.8538786,39.8600821],[32.8537251,39.8599777],[32.8535635,39.8598887],[32.8534372,39.8598192],[32.8533442,39.8597735]]}},{"type":"Feature","properties":{"highway":"tertiary","osm_id":217922819},"geometry":{"type":"LineString","coordinates":[[32.853395,39.860667],[32.853267,39.8606834],[32.8530426,39.8607118],[32.8529268,39.8607353],[32.8523076,39.8608286],[32.8516411,39.860902],[32.851224,39.8609144],[32.8506946,39.8609221],[32.8501597,39.8609796],[32.8495062,39.8610341],[32.8492469,39.8611197],[32.8489407,39.8612004],[32.8487998,39.8613083],[32.8485632,39.8615575],[32.8483301,39.8617588]]}},{"type":"Feature","properties":{"highway":"residential","name":"541. Sokak","osm_id":217923449},"geometry":{"type":"LineString","coordinates":[[32.8612795,39.8670934],[32.8614736,39.8671169],[32.861824,39.8671899],[32.8621703,39.8673403],[32.8622753,39.8673859],[32.862651,39.8676104]]}},{"type":"Feature","properties":{"highway":"footway","osm_id":217925183},"geometry":{"type":"LineString","coordinates":[[32.8525676,39.8854732],[32.8527317,39.8854533],[32.8529883,39.8855202],[32.8531819,39.8855672],[32.8532279,39.8856419],[32.8531173,39.8858015],[32.8527075,39.8856358],[32.85267,39.8856133],[32.8525676,39.8854732]]}},{"type":"Feature","properties":{"highway":"residential","osm_id":217925378},"geometry":{"type":"LineString","coordinates":[[32.8465165,39.851432],[32.8467525,39.8519755]]}},{"type":"Feature","properties":{"highway":"residential","osm_id":217925379},"geometry":{"type":"LineString","coordinates":[[32.843786,39.8511445],[32.8434224,39.8517022]]}},{"type":"Feature","properties":{"highway":"residential","osm_id":217925382},"geometry":{"type":"LineString","coordinates":[[32.8430843,39.8508826],[32.843786,39.8511445]]}},{"type":"Feature","properties":{"highway":"tertiary","name":"Ferit Recai Ertuğrul Caddesi","osm_id":217925383},"geometry":{"type":"LineString","coordinates":[[32.8241318,39.851787],[32.8250148,39.8524406],[32.8259503,39.8531193],[32.8261443,39.853255],[32.8266284,39.8535937],[32.8274259,39.8535601],[32.8281776,39.8535225],[32.8294437,39.8534751],[32.8310673,39.8521245],[32.8320781,39.8512497],[32.8321373,39.851141],[32.8321732,39.8510173]]}},{"type":"Feature","properties":{"highway":"residential","osm_id":217925384},"geometry":{"type":"LineString","coordinates":[[32.8427544,39.8515122],[32.8430843,39.8508826]]}},{"type":"Feature","properties":{"highway":"residential","osm_id":217925385},"geometry":{"type":"LineString","coordinates":[[32.8458889,39.8516065],[32.8465165,39.851432]]}},{"type":"Feature","properties":{"name":"Kılıç Ali Caddesi","highway":"residential","osm_id":217925387},"geometry":{"type":"LineString","coordinates":[[32.8250148,39.8524406],[32.8263795,39.8512908],[32.8280183,39.8498962],[32.8287802,39.8492656],[32.8288856,39.8491503]]}},{"type":"Feature","properties":{"highway":"residential","osm_id":217925388},"geometry":{"type":"LineString","coordinates":[[32.8314421,39.8597934],[32.8313788,39.8597327],[32.8314025,39.8596265]]}},{"type":"Feature","properties":{"highway":"residential","osm_id":217925389},"geometry":{"type":"LineString","coordinates":[[32.8467525,39.8519755],[32.8463941,39.851791],[32.8458889,39.8516065]]}},{"type":"Feature","properties":{"name":"A.Fethi Okyar Sokağı","highway":"residential","osm_id":217925391},"geometry":{"type":"LineString","coordinates":[[32.8259503,39.8531193],[32.8265847,39.8525911],[32.8273539,39.8519843],[32.8289973,39.850603]]}},{"type":"Feature","properties":{"highway":"residential","osm_id":217925393},"geometry":{"type":"LineString","coordinates":[[32.8314025,39.8596265],[32.8314421,39.8595416],[32.8314895,39.8595264],[32.8315844,39.8595203],[32.8316802,39.8595658],[32.8314421,39.8597934]]}},{"type":"Feature","properties":{"name":"630. Sk.","highway":"residential","osm_id":217925397},"geometry":{"type":"LineString","coordinates":[[32.8397236,39.8484561],[32.8396613,39.8483449],[32.8395747,39.8482412],[32.8394869,39.8481682],[32.8390805,39.8479233],[32.8388199,39.8477562],[32.8387671,39.8477223],[32.8382474,39.8478198],[32.8381747,39.8478359],[32.8381334,39.8478451],[32.8379774,39.8479157],[32.837912,39.8479746],[32.8377397,39.8481017],[32.83765,39.8481594]]}},{"type":"Feature","properties":{"name":"630. Sk.","highway":"residential","osm_id":217925398},"geometry":{"type":"LineString","coordinates":[[32.8400267,39.8495027],[32.8398109,39.848655],[32.8397877,39.8486019],[32.8397236,39.8484561]]}},{"type":"Feature","properties":{"highway":"residential","name":"460. Sokak","osm_id":217926927},"geometry":{"type":"LineString","coordinates":[[32.8781233,39.8779789],[32.8782899,39.8793519]]}},{"type":"Feature","properties":{"highway":"residential","osm_id":217927126},"geometry":{"type":"LineString","coordinates":[[32.8470983,39.8537092],[32.8462282,39.8537917],[32.8459167,39.8538176]]}},{"type":"Feature","properties":{"highway":"tertiary","osm_id":217927127},"geometry":{"type":"LineString","coordinates":[[32.8470983,39.8537092],[32.8470217,39.8549871],[32.8469879,39.8555304]]}},{"type":"Feature","properties":{"highway":"residential","osm_id":217932673},"geometry":{"type":"LineString","coordinates":[[32.8256861,39.8878163],[32.8263523,39.8877599]]}},{"type":"Feature","properties":{"highway":"residential","osm_id":217932674},"geometry":{"type":"LineString","coordinates":[[32.8242194,39.8878],[32.8251471,39.8877942]]}},{"type":"Feature","properties":{"name":"607.Sk.","highway":"residential","osm_id":217938024},"geometry":{"type":"LineString","coordinates":[[32.8571623,39.8568733],[32.8550559,39.8566549]]}},{"type":"Feature","properties":{"name":"610.Sk.","highway":"residential","osm_id":217938025},"geometry":{"type":"LineString","coordinates":[[32.8571653,39.8559933],[32.8552823,39.855745],[32.854596,39.8556309],[32.8534586,39.8554696],[32.8533634,39.8554546]]}},{"type":"Feature","properties":{"highway":"service","osm_id":217938026},"geometry":{"type":"LineString","coordinates":[[32.8529674,39.8548155],[32.8533939,39.8548752],[32.8532811,39.8552176],[32.8531538,39.8555844],[32.8530398,39.8559212]]}},{"type":"Feature","properties":{"highway":"residential","name":"Bakü Sokağı","osm_id":217938027},"geometry":{"type":"LineString","coordinates":[[32.8301045,39.8514061],[32.8286368,39.8526185],[32.8281354,39.8526377],[32.8268172,39.8527108],[32.8265847,39.8525911]]}},{"type":"Feature","properties":{"highway":"residential","osm_id":217938028},"geometry":{"type":"LineString","coordinates":[[32.8535587,39.8548064],[32.8528771,39.8547218],[32.8522026,39.8548906],[32.8517695,39.8549965],[32.850752,39.8552595]]}},{"type":"Feature","properties":{"highway":"residential","osm_id":217938374},"geometry":{"type":"LineString","coordinates":[[32.8860278,39.8879431],[32.8867172,39.888322]]}},{"type":"Feature","properties":{"highway":"residential","osm_id":225519483},"geometry":{"type":"LineString","coordinates":[[32.8155686,39.8781773],[32.8149441,39.8773813]]}},{"type":"Feature","properties":{"highway":"tertiary","osm_id":225519501},"geometry":{"type":"LineString","coordinates":[[32.8133012,39.8831984],[32.8122523,39.8832858]]}},{"type":"Feature","properties":{"highway":"residential","osm_id":225519502},"geometry":{"type":"LineString","coordinates":[[32.8130987,39.8822497],[32.8138823,39.8821397],[32.8147439,39.8820425]]}},{"type":"Feature","properties":{"highway":"residential","oneway":"yes","osm_id":225524276},"geometry":{"type":"LineString","coordinates":[[32.8132437,39.8866914],[32.8135524,39.8866001],[32.8136908,39.886557],[32.8140836,39.8865283],[32.8141772,39.886514],[32.814237,39.8864709],[32.8142445,39.8864164],[32.814136,39.8860317],[32.8141472,39.8858509]]}},{"type":"Feature","properties":{"highway":"residential","oneway":"yes","osm_id":225524364},"geometry":{"type":"LineString","coordinates":[[32.8145438,39.8875273],[32.8144436,39.887289],[32.8143756,39.8870584],[32.8143274,39.887004],[32.8142622,39.8869822],[32.8139078,39.8870083],[32.8136639,39.8869953],[32.8133103,39.8869592]]}},{"type":"Feature","properties":{"highway":"unclassified","osm_id":225642075},"geometry":{"type":"LineString","coordinates":[[32.8642998,39.8886614],[32.8642416,39.8885601],[32.8639651,39.888469],[32.8636038,39.8883488],[32.8631998,39.8881963],[32.8635559,39.8877818],[32.8642981,39.8870265]]}},{"type":"Feature","properties":{"highway":"unclassified","osm_id":225642079},"geometry":{"type":"LineString","coordinates":[[32.8663146,39.8814061],[32.8660275,39.8814538],[32.86571,39.8815066],[32.8654435,39.8815182],[32.865172,39.8817883],[32.8643799,39.8825963],[32.8638932,39.8831403],[32.8636066,39.8835576],[32.8633188,39.8839172],[32.8630221,39.8842799],[32.8626216,39.8846578]]}},{"type":"Feature","properties":{"highway":"unclassified","osm_id":225642080},"geometry":{"type":"LineString","coordinates":[[32.8657317,39.8879795],[32.8656624,39.8880775],[32.865377,39.8883601],[32.8648579,39.8885975],[32.8648159,39.888613],[32.8643743,39.8887912],[32.8642534,39.8889183],[32.8641892,39.8891031],[32.8643994,39.8892829]]}},{"type":"Feature","properties":{"highway":"unclassified","osm_id":225642081},"geometry":{"type":"LineString","coordinates":[[32.8635559,39.8877818],[32.8632282,39.8877751],[32.862529,39.8880687],[32.8623432,39.8881068],[32.8622219,39.8880738],[32.8621127,39.888024],[32.861668,39.8878474],[32.8612864,39.8876701],[32.8612352,39.8876114],[32.8608345,39.887174],[32.86036,39.8866421]]}},{"type":"Feature","properties":{"highway":"unclassified","osm_id":225642083},"geometry":{"type":"LineString","coordinates":[[32.8602571,39.8858884],[32.8603079,39.8858422],[32.8605094,39.8856238],[32.8608295,39.8854165],[32.8610392,39.8852201],[32.8611103,39.8851546],[32.8610108,39.8848408],[32.860993,39.8846089],[32.8612028,39.8844725],[32.8613806,39.8843306],[32.8614303,39.8843279],[32.861473,39.8846362],[32.8615157,39.8847126],[32.8616899,39.8847099],[32.8620241,39.8846526]]}},{"type":"Feature","properties":{"highway":"unclassified","osm_id":225642085},"geometry":{"type":"LineString","coordinates":[[32.8610845,39.8881882],[32.861216,39.8882073],[32.8613974,39.8882973],[32.8614471,39.8883382],[32.861408,39.8884255],[32.8612658,39.8884992],[32.8611165,39.8885565],[32.8609209,39.8885428],[32.8607253,39.8884119],[32.8605085,39.8882373],[32.860032,39.8878444],[32.8598862,39.8879235],[32.8596338,39.8879672],[32.8592733,39.8878075]]}},{"type":"Feature","properties":{"highway":"residential","source":"bing","osm_id":225642086},"geometry":{"type":"LineString","coordinates":[[32.8621127,39.888024],[32.8622332,39.8878746],[32.8627074,39.8877507],[32.8627505,39.8877081],[32.862725,39.8874839],[32.8629263,39.8872214],[32.863014,39.8870754],[32.8632467,39.8869775],[32.8634413,39.8869345],[32.8635174,39.887016],[32.8635751,39.8871065],[32.8636086,39.887198],[32.8635718,39.8873095],[32.8634442,39.8874713],[32.8632974,39.8876365],[32.8632282,39.8877751]]}},{"type":"Feature","properties":{"highway":"unclassified","osm_id":225642087},"geometry":{"type":"LineString","coordinates":[[32.8634413,39.8869345],[32.8631048,39.8864875],[32.8628061,39.8860538],[32.862479,39.8859364],[32.8622215,39.8859526],[32.8623426,39.8857688],[32.8625299,39.8853097],[32.8626337,39.8851714],[32.8628841,39.8851475],[32.8633181,39.8852216],[32.8636595,39.8852898],[32.8640541,39.8854344],[32.8644417,39.8855272],[32.8646586,39.8856309],[32.8648079,39.8857673],[32.8650782,39.8861411],[32.8650857,39.8862353]]}},{"type":"Feature","properties":{"highway":"residential","source":"bing","osm_id":225642089},"geometry":{"type":"LineString","coordinates":[[32.8619571,39.8890001],[32.8622237,39.8886918],[32.8622823,39.8885778],[32.8623589,39.8884566],[32.8624673,39.8884134],[32.8626712,39.8883825],[32.8628616,39.8883404],[32.8629905,39.8882515],[32.8631998,39.8881963],[32.8630595,39.8883615],[32.8629552,39.8886543],[32.8628685,39.8887704],[32.8627025,39.8889788],[32.8626182,39.8892536]]}},{"type":"Feature","properties":{"highway":"residential","osm_id":225642093},"geometry":{"type":"LineString","coordinates":[[32.8592247,39.8818982],[32.8597078,39.8821927]]}},{"type":"Feature","properties":{"highway":"unclassified","osm_id":225642095},"geometry":{"type":"LineString","coordinates":[[32.8648079,39.8857673],[32.8657328,39.8859785]]}},{"type":"Feature","properties":{"highway":"unclassified","osm_id":225642096},"geometry":{"type":"LineString","coordinates":[[32.8618868,39.8842802],[32.8628891,39.8831327]]}},{"type":"Feature","properties":{"highway":"residential","osm_id":225642097},"geometry":{"type":"LineString","coordinates":[[32.8727541,39.8872404],[32.8730265,39.8869294]]}},{"type":"Feature","properties":{"highway":"residential","osm_id":225642098},"geometry":{"type":"LineString","coordinates":[[32.8734327,39.8883126],[32.874207,39.888745]]}},{"type":"Feature","properties":{"highway":"unclassified","osm_id":225642100},"geometry":{"type":"LineString","coordinates":[[32.866155,39.8852471],[32.8664651,39.8851565]]}},{"type":"Feature","properties":{"highway":"residential","osm_id":225642102},"geometry":{"type":"LineString","coordinates":[[32.8686805,39.8870129],[32.8694091,39.8864172]]}},{"type":"Feature","properties":{"highway":"unclassified","osm_id":225642103},"geometry":{"type":"LineString","coordinates":[[32.86571,39.8815066],[32.8657164,39.8816608],[32.8658019,39.8821161],[32.8659176,39.8823824],[32.8660483,39.8825599],[32.8661187,39.8830962],[32.8662567,39.8839485],[32.8663198,39.8843387],[32.8664651,39.8851565],[32.866496,39.8853306],[32.8668016,39.8853462],[32.8665971,39.8838738],[32.8665914,39.8838062],[32.8664556,39.8829766],[32.8663249,39.8823361],[32.8662344,39.8820891],[32.8661087,39.8819348],[32.8660433,39.8817573],[32.8660275,39.8814538]]}},{"type":"Feature","properties":{"highway":"unclassified","osm_id":225642104},"geometry":{"type":"LineString","coordinates":[[32.8591022,39.8820696],[32.858945,39.8820615],[32.8586936,39.8820692],[32.8585352,39.8821116],[32.8584623,39.8821734],[32.8583743,39.8822737],[32.858422,39.8826306],[32.8584673,39.8827946],[32.8586684,39.8831187],[32.8588142,39.8833599],[32.859121,39.8836821],[32.859566,39.8841103],[32.8597093,39.8842589],[32.8597571,39.8844171],[32.8597822,39.884828],[32.8599004,39.8850807],[32.8602197,39.8857714],[32.8602571,39.8858884],[32.8602901,39.8859913],[32.8603755,39.8861611],[32.8604937,39.8862903],[32.860461,39.8863559],[32.8603051,39.8864447],[32.8599431,39.886709],[32.8595322,39.8869688],[32.8592068,39.887175]]}},{"type":"Feature","properties":{"highway":"unclassified","osm_id":225642105},"geometry":{"type":"LineString","coordinates":[[32.8662672,39.8812599],[32.8659226,39.8812756],[32.8658373,39.8812647],[32.8658479,39.88112],[32.8658302,39.8808854],[32.8656559,39.8804979],[32.8652933,39.879955],[32.8651795,39.879854],[32.8649768,39.8798595],[32.8646781,39.879955],[32.8645394,39.8799904],[32.8644648,39.8800095],[32.8643119,39.8798349],[32.8641057,39.8795593],[32.8638461,39.8792756],[32.8636684,39.8790928],[32.8635261,39.8789236],[32.8633128,39.8788854],[32.8631813,39.8789454],[32.862975,39.8790546],[32.8626337,39.8792947],[32.8618835,39.8799031],[32.8611119,39.880517],[32.8608097,39.8806726],[32.8603652,39.8808963],[32.8599883,39.8811501],[32.8597395,39.8814011],[32.8594835,39.8816439],[32.859433,39.8817502]]}},{"type":"Feature","properties":{"highway":"residential","osm_id":225642107},"geometry":{"type":"LineString","coordinates":[[32.8589383,39.882547],[32.8588154,39.8829127],[32.8597008,39.8834038]]}},{"type":"Feature","properties":{"highway":"residential","osm_id":225642108},"geometry":{"type":"LineString","coordinates":[[32.8583114,39.8817506],[32.8587288,39.8817316],[32.8591696,39.8819373]]}},{"type":"Feature","properties":{"highway":"unclassified","osm_id":225642109},"geometry":{"type":"LineString","coordinates":[[32.8638334,39.8836855],[32.863904,39.8836255],[32.8639856,39.8835357]]}},{"type":"Feature","properties":{"highway":"unclassified","osm_id":225642111},"geometry":{"type":"LineString","coordinates":[[32.8629863,39.8887177],[32.8631702,39.8886771],[32.863365,39.8886128],[32.8634921,39.8885341],[32.8636038,39.8883488]]}},{"type":"Feature","properties":{"highway":"service","osm_id":225642112},"geometry":{"type":"LineString","coordinates":[[32.8671931,39.8858173],[32.8677737,39.8860824],[32.8675922,39.8863163]]}},{"type":"Feature","properties":{"highway":"unclassified","osm_id":225642114},"geometry":{"type":"LineString","coordinates":[[32.8638932,39.8831403],[32.8639856,39.8835357],[32.8640509,39.8838148]]}},{"type":"Feature","properties":{"highway":"residential","osm_id":225642115},"geometry":{"type":"LineString","coordinates":[[32.8741192,39.8875319],[32.8746518,39.8878152],[32.8743849,39.8880887]]}},{"type":"Feature","properties":{"highway":"unclassified","osm_id":225642116},"geometry":{"type":"LineString","coordinates":[[32.8662597,39.8852727],[32.8662125,39.8855727],[32.8660349,39.8860004]]}},{"type":"Feature","properties":{"highway":"unclassified","osm_id":225642118},"geometry":{"type":"LineString","coordinates":[[32.8626024,39.8847111],[32.8625336,39.8846697],[32.8618868,39.8842802],[32.8617893,39.8842216],[32.8610301,39.8837624],[32.8602155,39.8832531],[32.8599565,39.8831145],[32.8596674,39.8829598],[32.8589383,39.882547],[32.8590439,39.8821843],[32.8591022,39.8820696],[32.8591696,39.8819373],[32.8592247,39.8818982],[32.859433,39.8817502],[32.8595065,39.8816981],[32.8601142,39.8815082],[32.8609345,39.8811347],[32.8614857,39.8809058],[32.8620961,39.8806524],[32.8625034,39.8804942],[32.863147,39.8803553],[32.8632274,39.8802009],[32.8631922,39.8799077],[32.8631621,39.87968],[32.8632023,39.879599],[32.8633532,39.8795372],[32.8635442,39.8795334],[32.8636146,39.8796453],[32.863683,39.8799853],[32.8637102,39.8801623],[32.8637403,39.8804633],[32.8633381,39.8805212],[32.863147,39.8803553]]}},{"type":"Feature","properties":{"highway":"unclassified","osm_id":225642119},"geometry":{"type":"LineString","coordinates":[[32.8599565,39.8831145],[32.8604866,39.8825448],[32.8609444,39.8820694],[32.8609907,39.8820213]]}},{"type":"Feature","properties":{"highway":"unclassified","osm_id":225642121},"geometry":{"type":"LineString","coordinates":[[32.8613359,39.8871433],[32.8614771,39.8873545],[32.8613397,39.887543],[32.8612352,39.8876114]]}},{"type":"Feature","properties":{"highway":"unclassified","osm_id":225642122},"geometry":{"type":"LineString","coordinates":[[32.8614857,39.8809058],[32.8625636,39.8815715],[32.8626843,39.8814596],[32.8629407,39.881205]]}},{"type":"Feature","properties":{"highway":"residential","osm_id":225642123},"geometry":{"type":"LineString","coordinates":[[32.8609444,39.8820694],[32.8606927,39.8820863],[32.8603123,39.8821354],[32.8600776,39.8823182]]}},{"type":"Feature","properties":{"highway":"residential","osm_id":225642124},"geometry":{"type":"LineString","coordinates":[[32.8752877,39.8885326],[32.8755519,39.8882521]]}},{"type":"Feature","properties":{"highway":"residential","osm_id":225642125},"geometry":{"type":"LineString","coordinates":[[32.8592425,39.8878632],[32.8595243,39.8881059],[32.8595581,39.8882723],[32.8594657,39.8885083]]}},{"type":"Feature","properties":{"highway":"unclassified","osm_id":225642126},"geometry":{"type":"LineString","coordinates":[[32.8666892,39.8870398],[32.866902,39.8868643],[32.8670692,39.8867252],[32.8673295,39.8866316]]}},{"type":"Feature","properties":{"highway":"unclassified","osm_id":225642128},"geometry":{"type":"LineString","coordinates":[[32.8647709,39.8869645],[32.864421,39.8870428],[32.8642981,39.8870265],[32.8640972,39.8869034],[32.863826,39.8867138],[32.8637712,39.8865783],[32.8638079,39.8864253],[32.8639232,39.8863042],[32.8640786,39.8862337],[32.8643007,39.8861565],[32.8645711,39.8861243],[32.8650857,39.8862353],[32.8652883,39.8862814],[32.8654803,39.8862568],[32.8656119,39.8861695],[32.8657328,39.8859785],[32.8660349,39.8860004],[32.8661097,39.8860058],[32.8664012,39.8860904],[32.8665221,39.8862159],[32.8666217,39.8866606],[32.8666892,39.8870398],[32.8668315,39.8877628],[32.8675316,39.8877762]]}},{"type":"Feature","properties":{"highway":"unclassified","osm_id":225642133},"geometry":{"type":"LineString","coordinates":[[32.8604937,39.8862903],[32.8608538,39.8860758],[32.8617818,39.8853501],[32.8625336,39.8846697],[32.8626216,39.8846578]]}},{"type":"Feature","properties":{"highway":"unclassified","osm_id":225642134},"geometry":{"type":"LineString","coordinates":[[32.8653349,39.8845825],[32.8651853,39.8841323],[32.8655474,39.8840242],[32.8662567,39.8839485],[32.8665971,39.8838738]]}},{"type":"Feature","properties":{"highway":"residential","osm_id":225642136},"geometry":{"type":"LineString","coordinates":[[32.8671769,39.8857167],[32.8664216,39.8855992],[32.8662125,39.8855727],[32.8651522,39.8853645]]}},{"type":"Feature","properties":{"highway":"residential","osm_id":225642138},"geometry":{"type":"LineString","coordinates":[[32.8596338,39.8879672],[32.8602596,39.8885183],[32.8605547,39.8887365],[32.8608818,39.8888593],[32.8612338,39.8888102]]}},{"type":"Feature","properties":{"highway":"residential","osm_id":225642140},"geometry":{"type":"LineString","coordinates":[[32.8741234,39.8867493],[32.8739929,39.88669],[32.8737868,39.8864045],[32.8736001,39.8861592],[32.8731216,39.8859507]]}},{"type":"Feature","properties":{"highway":"unclassified","osm_id":225642146},"geometry":{"type":"LineString","coordinates":[[32.8598737,39.8870147],[32.8602667,39.8873834],[32.8608107,39.8879617],[32.8610845,39.8881882],[32.8611165,39.8880327],[32.8611485,39.8878853],[32.8612864,39.8876701]]}},{"type":"Feature","properties":{"highway":"residential","name":"406. Sk.","osm_id":225642148},"geometry":{"type":"LineString","coordinates":[[32.874308,39.8872997],[32.8739885,39.8869402],[32.8735806,39.8866708],[32.8731934,39.8865396],[32.872766,39.8862888],[32.8723135,39.8861692],[32.8718307,39.8859454],[32.871474,39.8856655]]}},{"type":"Feature","properties":{"highway":"unclassified","osm_id":225642150},"geometry":{"type":"LineString","coordinates":[[32.8688864,39.8871266],[32.8687409,39.887048],[32.8686944,39.8870229],[32.8686805,39.8870129],[32.8680793,39.8865809],[32.8675922,39.8863163],[32.8672856,39.886392],[32.8668167,39.8865506],[32.8666217,39.8866606]]}},{"type":"Feature","properties":{"highway":"unclassified","osm_id":225642155},"geometry":{"type":"LineString","coordinates":[[32.8622215,39.8859526],[32.8620891,39.8860332],[32.8619954,39.886138],[32.8619405,39.8862675],[32.8618576,39.8865977],[32.8616864,39.8869524],[32.8613359,39.8871433],[32.8611396,39.8870582],[32.8609743,39.8870666],[32.8608345,39.887174]]}},{"type":"Feature","properties":{"oneway":"yes","name":"Hoşdere Caddesi","highway":"secondary","osm_id":225754245},"geometry":{"type":"LineString","coordinates":[[32.8543772,39.8850165],[32.8544705,39.8849805],[32.8548974,39.8850773]]}},{"type":"Feature","properties":{"highway":"service","osm_id":225754394},"geometry":{"type":"LineString","coordinates":[[32.8463142,39.8847166],[32.8463908,39.884624],[32.8472225,39.8838994],[32.847653,39.8838272],[32.847685,39.8837925],[32.847693,39.8837303],[32.8475871,39.8832314]]}},{"type":"Feature","properties":{"highway":"service","osm_id":225754399},"geometry":{"type":"LineString","coordinates":[[32.8471379,39.8834901],[32.846916,39.8836517],[32.8468165,39.8837745],[32.8468983,39.8839873]]}},{"type":"Feature","properties":{"highway":"service","osm_id":225754402},"geometry":{"type":"LineString","coordinates":[[32.8472225,39.8838994],[32.8471379,39.8834901],[32.8470227,39.8831224],[32.8473102,39.8828783],[32.8473151,39.882825]]}},{"type":"Feature","properties":{"highway":"service","osm_id":225754403},"geometry":{"type":"LineString","coordinates":[[32.8485341,39.8860484],[32.8478015,39.8840227],[32.8477553,39.8839932],[32.84769,39.8839932],[32.8473092,39.884064]]}},{"type":"Feature","properties":{"highway":"service","osm_id":225758190},"geometry":{"type":"LineString","coordinates":[[32.8501157,39.8880694],[32.8502056,39.8882372],[32.8502462,39.8882728],[32.8502669,39.8882842],[32.8504234,39.8882978],[32.8506545,39.8883169],[32.8508038,39.8883524],[32.8509425,39.8884261],[32.8509745,39.8885461],[32.8509247,39.8886334],[32.8507967,39.888647],[32.8506971,39.8885761]]}},{"type":"Feature","properties":{"highway":"footway","osm_id":225758191},"geometry":{"type":"LineString","coordinates":[[32.8457616,39.8855869],[32.845727,39.8854143],[32.8456164,39.8852214],[32.845541,39.8851288],[32.8453599,39.8850092],[32.8452594,39.8848934],[32.8452141,39.8848047],[32.845199,39.8846195],[32.8451789,39.8842375],[32.8451538,39.8838594],[32.8450784,39.8836896],[32.8450113,39.88357]]}},{"type":"Feature","properties":{"highway":"footway","osm_id":225758192},"geometry":{"type":"LineString","coordinates":[[32.8446415,39.8856251],[32.8446007,39.8857886],[32.8445353,39.8859468],[32.8445051,39.8861011],[32.8445906,39.8861513],[32.8447515,39.8861204],[32.8452242,39.8859159],[32.8455912,39.8857461],[32.8457616,39.8855869],[32.8458678,39.8854876],[32.8460086,39.8852793],[32.84625,39.8850671],[32.8463997,39.8849604]]}},{"type":"Feature","properties":{"highway":"residential","osm_id":225758193},"geometry":{"type":"LineString","coordinates":[[32.8435815,39.8787271],[32.8436952,39.8787302],[32.8438561,39.8787225],[32.8439667,39.878738],[32.8440421,39.8787688],[32.8440622,39.8788499],[32.8440572,39.8790004],[32.8441125,39.8791354],[32.8441831,39.8791872],[32.8442282,39.8792203],[32.8444494,39.8792512],[32.8447411,39.8793206],[32.8449522,39.879475],[32.8451584,39.8797258],[32.8454098,39.8798338],[32.8455808,39.8798802],[32.8458573,39.8798724],[32.846219,39.8798381],[32.8465027,39.8797572],[32.8462053,39.8789378]]}},{"type":"Feature","properties":{"highway":"footway","osm_id":225758194},"geometry":{"type":"LineString","coordinates":[[32.8431111,39.8859241],[32.8441487,39.8862347]]}},{"type":"Feature","properties":{"highway":"residential","osm_id":225758196},"geometry":{"type":"LineString","coordinates":[[32.846219,39.8798381],[32.8459659,39.8791671]]}},{"type":"Feature","properties":{"highway":"residential","osm_id":225758199},"geometry":{"type":"LineString","coordinates":[[32.842128,39.8848949],[32.8425155,39.884779]]}},{"type":"Feature","properties":{"highway":"unclassified","osm_id":225758200},"geometry":{"type":"LineString","coordinates":[[32.8501226,39.8751174],[32.8500053,39.874689]]}},{"type":"Feature","properties":{"highway":"residential","osm_id":225758202},"geometry":{"type":"LineString","coordinates":[[32.8422153,39.8850503],[32.8426309,39.8849164]]}},{"type":"Feature","properties":{"highway":"footway","osm_id":225758204},"geometry":{"type":"LineString","coordinates":[[32.8450086,39.883337],[32.8448833,39.8832531]]}},{"type":"Feature","properties":{"highway":"footway","osm_id":225758205},"geometry":{"type":"LineString","coordinates":[[32.8450809,39.8819458],[32.8448674,39.8818184],[32.844654,39.8816901],[32.8445971,39.8816083],[32.8445687,39.8814882],[32.8446078,39.8813927],[32.8447394,39.8813763],[32.8448531,39.8814309],[32.8449634,39.8815237],[32.8451162,39.8815564],[32.8452514,39.8815646],[32.8453723,39.8815291],[32.8454469,39.88148],[32.8454931,39.8813491],[32.8455643,39.8811908],[32.8457278,39.8810298],[32.8459518,39.8809343],[32.8461403,39.8808989],[32.8463465,39.8808961],[32.8465847,39.8809507],[32.8466807,39.8809452],[32.846929,39.8807937]]}},{"type":"Feature","properties":{"highway":"footway","osm_id":225758206},"geometry":{"type":"LineString","coordinates":[[32.84349,39.8887042],[32.8436811,39.8885227],[32.8437515,39.8883915],[32.8437666,39.8882526],[32.8436711,39.8880481],[32.843613,39.8879554],[32.8435453,39.8878475],[32.8435051,39.8876816],[32.8435554,39.8874771],[32.8437817,39.887072],[32.8440582,39.8864662],[32.8441487,39.8862347],[32.8446415,39.8856251],[32.8447924,39.8854052],[32.8448225,39.8850849],[32.8448678,39.8845216],[32.8450136,39.8837769],[32.8450113,39.88357],[32.8450086,39.883337],[32.8449935,39.8828624],[32.8450036,39.8825383],[32.8450237,39.8824071],[32.8452148,39.8822026],[32.8453419,39.8820398]]}},{"type":"Feature","properties":{"highway":"residential","osm_id":225758207},"geometry":{"type":"LineString","coordinates":[[32.8441572,39.8789834],[32.8442615,39.8791245],[32.8444237,39.8791937],[32.8446724,39.8792332],[32.844934,39.8791892],[32.8453253,39.8791117],[32.8462053,39.8789378],[32.8471662,39.8787318],[32.8475892,39.8786411],[32.8487226,39.8783911],[32.8489265,39.8782007],[32.8490901,39.877863]]}},{"type":"Feature","properties":{"highway":"footway","osm_id":225758208},"geometry":{"type":"LineString","coordinates":[[32.843471,39.8907445],[32.8434439,39.8904472],[32.843293,39.8904755],[32.8431221,39.8904601],[32.8430245,39.8904196],[32.8429514,39.8903443],[32.8429575,39.8901917],[32.8429836,39.8898484],[32.8430115,39.8896267],[32.8429461,39.8893798],[32.8428958,39.889183],[32.8428887,39.888872],[32.8429595,39.8886732],[32.8430617,39.8886043],[32.8432126,39.8885657],[32.8433484,39.8885927],[32.843459,39.8886544],[32.84349,39.8887042],[32.8435143,39.8887432],[32.8435746,39.8891174],[32.8436118,39.8893875],[32.8436209,39.8899953],[32.8436011,39.8902815],[32.8434439,39.8904472]]}},{"type":"Feature","properties":{"highway":"unclassified","osm_id":225758209},"geometry":{"type":"LineString","coordinates":[[32.849608,39.875111],[32.8501226,39.8751174],[32.8502911,39.8757869]]}},{"type":"Feature","properties":{"highway":"unclassified","osm_id":225758210},"geometry":{"type":"LineString","coordinates":[[32.8503443,39.8757408],[32.8503644,39.8756141],[32.8503822,39.875524]]}},{"type":"Feature","properties":{"highway":"unclassified","osm_id":225758212},"geometry":{"type":"LineString","coordinates":[[32.8502668,39.8772355],[32.8500498,39.8770716],[32.849936,39.876635],[32.8499289,39.8761275],[32.8498058,39.8760785]]}},{"type":"Feature","properties":{"highway":"footway","osm_id":225758214},"geometry":{"type":"LineString","coordinates":[[32.8441264,39.8823852],[32.8443438,39.882394],[32.8444645,39.8823824],[32.8445852,39.8823631],[32.8447001,39.8823293]]}},{"type":"Feature","properties":{"highway":"footway","osm_id":225758216},"geometry":{"type":"LineString","coordinates":[[32.8430617,39.8886043],[32.8429789,39.8885716],[32.842981,39.8884732],[32.8430521,39.8881731],[32.8431019,39.8875674],[32.8430593,39.8869345],[32.8430593,39.8865689],[32.843045,39.8862142],[32.8430379,39.8860069],[32.8431111,39.8859241],[32.843173,39.8858541],[32.8435215,39.8852102],[32.8439482,39.8843426],[32.8442824,39.8835787],[32.8443606,39.8830384],[32.8444033,39.8827656],[32.8446379,39.8824],[32.8447001,39.8823293],[32.8450219,39.8819634],[32.8450809,39.8819458],[32.8451499,39.8819252],[32.8452637,39.8819744],[32.8453419,39.8820398],[32.8458042,39.8816633],[32.8460957,39.8814996],[32.8471729,39.8810495],[32.8473046,39.8808066],[32.8474042,39.8806756],[32.8476886,39.8805337],[32.8481011,39.8803209],[32.848734,39.8799553],[32.84899,39.8798407],[32.8491749,39.8797752],[32.8492886,39.879677],[32.8493669,39.8794532],[32.8494806,39.879164],[32.8497366,39.8787711],[32.8500709,39.8781817],[32.850206,39.8779089],[32.8502415,39.8775105],[32.8502668,39.8772355],[32.8503198,39.8766592],[32.8503836,39.8759464],[32.8504436,39.8757793],[32.850462,39.8757478],[32.8505046,39.8754858],[32.8506469,39.8751311],[32.8509171,39.8747382],[32.8509927,39.8746476],[32.8510949,39.8745253],[32.8511589,39.8744435],[32.8510024,39.8743889],[32.85091,39.8744598],[32.8509927,39.8746476]]}},{"type":"Feature","properties":{"highway":"residential","osm_id":225758217},"geometry":{"type":"LineString","coordinates":[[32.8435815,39.8787271],[32.8437068,39.8779048],[32.8440873,39.8779103],[32.844137,39.877984],[32.8441746,39.8784885],[32.8441572,39.8789834]]}},{"type":"Feature","properties":{"highway":"footway","osm_id":225758218},"geometry":{"type":"LineString","coordinates":[[32.845541,39.8851288],[32.8456214,39.8851481],[32.8457924,39.8851597],[32.8458829,39.8851597],[32.8459835,39.8851481],[32.84625,39.8850671]]}},{"type":"Feature","properties":{"highway":"unclassified","osm_id":225758219},"geometry":{"type":"LineString","coordinates":[[32.8490522,39.8758223],[32.8490837,39.8760097],[32.8492811,39.8760928],[32.8494803,39.8757954],[32.8495913,39.8754526]]}},{"type":"Feature","properties":{"highway":"unclassified","osm_id":225758220},"geometry":{"type":"LineString","coordinates":[[32.8498306,39.875643],[32.8499603,39.8756398],[32.8502625,39.8758118],[32.8502911,39.8757869],[32.8503443,39.8757408],[32.8504436,39.8757793]]}},{"type":"Feature","properties":{"highway":"service","osm_id":225758221},"geometry":{"type":"LineString","coordinates":[[32.8502462,39.8882728],[32.8501916,39.8883314],[32.8501649,39.888412],[32.8501185,39.8884843],[32.8500457,39.8885278],[32.8500208,39.8885279],[32.8499906,39.8885073],[32.8499764,39.8884596],[32.8500103,39.8884118],[32.850092,39.8883437],[32.8502056,39.8882372]]}},{"type":"Feature","properties":{"highway":"residential","osm_id":225758222},"geometry":{"type":"LineString","coordinates":[[32.8423193,39.8858658],[32.842451,39.8857687],[32.8425867,39.8855989],[32.8426974,39.8853905],[32.842771,39.8851865],[32.8427641,39.8850757],[32.8426309,39.8849164],[32.8425155,39.884779],[32.842291,39.884467],[32.8419593,39.8845947]]}},{"type":"Feature","properties":{"highway":"secondary","name":"Sabit Sağıroğlu Caddesi","oneway":"yes","osm_id":225760748},"geometry":{"type":"LineString","coordinates":[[32.8212846,39.8507966],[32.8212952,39.8508784],[32.8213523,39.8511221]]}},{"type":"Feature","properties":{"highway":"tertiary","name":"Rafet Canıtez Caddesi","oneway":"yes","osm_id":225760749},"geometry":{"type":"LineString","coordinates":[[32.8207321,39.8506933],[32.8207415,39.850689],[32.8209735,39.8506876],[32.8211769,39.8506855]]}},{"type":"Feature","properties":{"name":"A.Fethi Okyar Sokağı","highway":"residential","osm_id":225760750},"geometry":{"type":"LineString","coordinates":[[32.8289973,39.850603],[32.8299424,39.8498532],[32.8303447,39.8495351],[32.8308842,39.8495283],[32.8313278,39.8498467]]}},{"type":"Feature","properties":{"highway":"tertiary","oneway":"yes","junction":"roundabout","osm_id":225760751},"geometry":{"type":"LineString","coordinates":[[32.834636,39.8489199],[32.8346308,39.8488762],[32.8346498,39.8488349],[32.8346896,39.8488035],[32.8347548,39.8487866],[32.8348222,39.848797],[32.834874,39.8488317],[32.8348964,39.8488819],[32.8348831,39.848934],[32.8348377,39.848974],[32.8347597,39.8489914],[32.834683,39.8489708],[32.834636,39.8489199]]}},{"type":"Feature","properties":{"highway":"secondary","junction":"roundabout","osm_id":225760752},"geometry":{"type":"LineString","coordinates":[[32.8211769,39.8506855],[32.8212134,39.8506864],[32.8212473,39.8506971],[32.821274,39.8507163],[32.8212903,39.8507415],[32.821294,39.8507694],[32.8212846,39.8507966],[32.8212554,39.8508249],[32.8212127,39.8508401],[32.8211657,39.8508391],[32.8211243,39.8508221],[32.8210975,39.8507933],[32.8210899,39.8507585],[32.8211029,39.8507246],[32.821134,39.8506985],[32.8211769,39.8506855]]}},{"type":"Feature","properties":{"highway":"residential","osm_id":225760756},"geometry":{"type":"LineString","coordinates":[[32.8174761,39.8484202],[32.8176414,39.8481743]]}},{"type":"Feature","properties":{"highway":"primary","junction":"roundabout","osm_id":225760757},"geometry":{"type":"LineString","coordinates":[[32.8298752,39.8452049],[32.8297579,39.845238],[32.8296349,39.8452204],[32.8295409,39.8451571],[32.8295021,39.8450614],[32.8295355,39.8449645],[32.8296308,39.8448961],[32.8297528,39.8448767],[32.8298707,39.8449077],[32.8299342,39.8449569],[32.8299691,39.8450208],[32.8299701,39.8450901],[32.8299372,39.8451546],[32.8298752,39.8452049]]}},{"type":"Feature","properties":{"highway":"residential","osm_id":225760759},"geometry":{"type":"LineString","coordinates":[[32.817006,39.8493244],[32.8167219,39.84984]]}},{"type":"Feature","properties":{"highway":"residential","name":"Eşref Özant Sokağı","osm_id":225760761},"geometry":{"type":"LineString","coordinates":[[32.8183991,39.8476122],[32.8179972,39.848333]]}},{"type":"Feature","properties":{"highway":"residential","name":"Bakü Sokağı","osm_id":225760762},"geometry":{"type":"LineString","coordinates":[[32.8313278,39.8498467],[32.8315188,39.8496842]]}},{"type":"Feature","properties":{"highway":"residential","osm_id":225760766},"geometry":{"type":"LineString","coordinates":[[32.8179992,39.8474581],[32.8178852,39.8476834]]}},{"type":"Feature","properties":{"highway":"footway","motor_vehicle":"no","osm_id":225760768},"geometry":{"type":"LineString","coordinates":[[32.8109082,39.8500512],[32.8111687,39.8500817]]}},{"type":"Feature","properties":{"highway":"tertiary","name":"Kudüs Caddesi","oneway":"no","osm_id":225760770},"geometry":{"type":"LineString","coordinates":[[32.834874,39.8488317],[32.8357378,39.8485973],[32.8359887,39.8485391],[32.8363901,39.8484284],[32.8365598,39.8483763],[32.8367269,39.8482492],[32.8367909,39.8481968],[32.8368335,39.8481458],[32.8367819,39.8480577],[32.8366243,39.8477131],[32.8362307,39.8467137],[32.8360267,39.8461887]]}},{"type":"Feature","properties":{"highway":"tertiary","name":"Kudüs Caddesi","oneway":"yes","osm_id":225760771},"geometry":{"type":"LineString","coordinates":[[32.8348377,39.848974],[32.8347605,39.8490732],[32.8346297,39.8491399],[32.8344733,39.8492],[32.8342818,39.8492279],[32.8341633,39.8492367],[32.8340676,39.8492371],[32.8340295,39.8492372],[32.8337467,39.8492],[32.8336359,39.8491543],[32.8332291,39.8490118],[32.8328879,39.8488746],[32.83236,39.8486933],[32.8311975,39.848274],[32.8311124,39.8482401],[32.8310847,39.8482383]]}},{"type":"Feature","properties":{"highway":"footway","motor_vehicle":"no","osm_id":225760772},"geometry":{"type":"LineString","coordinates":[[32.81135,39.8494026],[32.8113317,39.849693],[32.8113859,39.8497069],[32.8114737,39.8497426],[32.811515,39.8497961],[32.8115176,39.8498695],[32.8114272,39.8499349],[32.8113136,39.8499508],[32.8112309,39.849923],[32.8111819,39.8499964],[32.8111687,39.8500817],[32.8111586,39.8501471],[32.8111819,39.8502185],[32.811125,39.8502641],[32.8111121,39.8502958],[32.8111819,39.8503038],[32.8112464,39.8503256],[32.811249,39.8504227],[32.8111018,39.8506012],[32.8110837,39.8506845],[32.811094,39.850738],[32.8110605,39.8507896],[32.8109959,39.8508292],[32.8109623,39.8509086],[32.8109107,39.8510454],[32.8107789,39.8511326],[32.8107247,39.8512139],[32.8106394,39.8512298],[32.8105256,39.8512131]]}},{"type":"Feature","properties":{"highway":"footway","osm_id":225760774},"geometry":{"type":"LineString","coordinates":[[32.829972,39.8491906],[32.8299799,39.8492759],[32.8303447,39.8495351]]}},{"type":"Feature","properties":{"highway":"footway","motor_vehicle":"no","osm_id":225760775},"geometry":{"type":"LineString","coordinates":[[32.8119234,39.8499137],[32.8118337,39.8499291],[32.8115603,39.8502492]]}},{"type":"Feature","properties":{"highway":"footway","motor_vehicle":"no","osm_id":225760776},"geometry":{"type":"LineString","coordinates":[[32.8115176,39.8498695],[32.8116179,39.8499012],[32.8117269,39.8499012],[32.8118337,39.8499291]]}},{"type":"Feature","properties":{"highway":"footway","osm_id":225760777},"geometry":{"type":"LineString","coordinates":[[32.831438,39.8503342],[32.8319352,39.8506622],[32.8320397,39.8506642]]}},{"type":"Feature","properties":{"highway":"tertiary","name":"Rafet Canıtez Caddesi","oneway":"yes","osm_id":225760778},"geometry":{"type":"LineString","coordinates":[[32.8211243,39.8508221],[32.8210155,39.8507802],[32.8207321,39.8506933]]}},{"type":"Feature","properties":{"highway":"residential","osm_id":225760779},"geometry":{"type":"LineString","coordinates":[[32.8166197,39.8486507],[32.8172385,39.8488446],[32.8174761,39.8484202],[32.8168795,39.8482295]]}},{"type":"Feature","properties":{"highway":"residential","osm_id":225760780},"geometry":{"type":"LineString","coordinates":[[32.8164634,39.8488941],[32.817068,39.8492134],[32.817006,39.8493244],[32.816474,39.8496298],[32.8161436,39.849392]]}},{"type":"Feature","properties":{"highway":"footway","motor_vehicle":"no","osm_id":225760781},"geometry":{"type":"LineString","coordinates":[[32.8113317,39.849693],[32.8112432,39.8497228],[32.8112104,39.8497789],[32.8111957,39.8498462],[32.8112309,39.849923]]}},{"type":"Feature","properties":{"highway":"primary","oneway":"yes","osm_id":225760782},"geometry":{"type":"LineString","coordinates":[[32.8290782,39.8448656],[32.8291586,39.8449353],[32.8291663,39.8450067],[32.8291431,39.8450503],[32.8291137,39.8450546],[32.8289483,39.8450664]]}},{"type":"Feature","properties":{"highway":"service","osm_id":225760783},"geometry":{"type":"LineString","coordinates":[[32.8299424,39.8498532],[32.8302142,39.8500765],[32.8301781,39.8501479],[32.830271,39.8502114],[32.8303227,39.8501757],[32.8306946,39.8504335],[32.8308496,39.8503343]]}},{"type":"Feature","properties":{"highway":"residential","osm_id":225760784},"geometry":{"type":"LineString","coordinates":[[32.8153467,39.8474122],[32.815182,39.8473887],[32.8149556,39.8473859],[32.8147181,39.8473971],[32.8145099,39.8474896],[32.8143382,39.8476635],[32.8138342,39.8481543],[32.813531,39.8485076]]}},{"type":"Feature","properties":{"highway":"residential","osm_id":225763407},"geometry":{"type":"LineString","coordinates":[[32.875843,39.861504],[32.8759358,39.8616102],[32.8759395,39.8617055],[32.8758664,39.8618176],[32.8758116,39.8619578],[32.875787,39.8620756],[32.8757787,39.8621148],[32.8759102,39.8622494],[32.8759321,39.8623952],[32.8758436,39.8625616]]}},{"type":"Feature","properties":{"highway":"residential","osm_id":225763415},"geometry":{"type":"LineString","coordinates":[[32.8679952,39.8666152],[32.8684713,39.8661222]]}},{"type":"Feature","properties":{"highway":"residential","osm_id":225763416},"geometry":{"type":"LineString","coordinates":[[32.8562555,39.8510742],[32.8566447,39.8507577]]}},{"type":"Feature","properties":{"highway":"residential","osm_id":225763420},"geometry":{"type":"LineString","coordinates":[[32.852717,39.8484769],[32.851792,39.8487569]]}},{"type":"Feature","properties":{"highway":"residential","osm_id":225763421},"geometry":{"type":"LineString","coordinates":[[32.8521146,39.8502177],[32.8534238,39.8498916]]}},{"type":"Feature","properties":{"highway":"residential","osm_id":225763422},"geometry":{"type":"LineString","coordinates":[[32.8523103,39.8505843],[32.8533961,39.8502842]]}},{"type":"Feature","properties":{"highway":"residential","osm_id":225763427},"geometry":{"type":"LineString","coordinates":[[32.8717715,39.8601618],[32.8715345,39.8605683]]}},{"type":"Feature","properties":{"highway":"residential","osm_id":225763431},"geometry":{"type":"LineString","coordinates":[[32.8523863,39.8482148],[32.8513712,39.8484905]]}},{"type":"Feature","properties":{"highway":"service","osm_id":225763436},"geometry":{"type":"LineString","coordinates":[[32.8390205,39.8492055],[32.8387952,39.8485748],[32.8387246,39.8482537]]}},{"type":"Feature","properties":{"highway":"residential","osm_id":225763437},"geometry":{"type":"LineString","coordinates":[[32.8491034,39.8492306],[32.8501689,39.8504003],[32.8511086,39.8515291]]}},{"type":"Feature","properties":{"highway":"residential","osm_id":225763439},"geometry":{"type":"LineString","coordinates":[[32.8521125,39.8497405],[32.8528064,39.849586],[32.8534543,39.849459]]}},{"type":"Feature","properties":{"highway":"service","osm_id":225763444},"geometry":{"type":"LineString","coordinates":[[32.8373376,39.8477519],[32.8380615,39.8471008]]}},{"type":"Feature","properties":{"highway":"residential","osm_id":225763446},"geometry":{"type":"LineString","coordinates":[[32.8533949,39.8489857],[32.8531743,39.849109],[32.8526008,39.8492296],[32.8518974,39.8493875]]}},{"type":"Feature","properties":{"highway":"residential","osm_id":225763450},"geometry":{"type":"LineString","coordinates":[[32.853123,39.8488175],[32.8529077,39.8488314],[32.8526739,39.8488314],[32.8519981,39.849008]]}},{"type":"Feature","properties":{"highway":"service","osm_id":225763453},"geometry":{"type":"LineString","coordinates":[[32.8520396,39.8528578],[32.8518133,39.852094]]}},{"type":"Feature","properties":{"highway":"residential","osm_id":225763458},"geometry":{"type":"LineString","coordinates":[[32.8749635,39.8620177],[32.8750891,39.8619565],[32.8752243,39.8619649],[32.8753521,39.8619985],[32.87548,39.8620854],[32.875787,39.8620756]]}},{"type":"Feature","properties":{"highway":"residential","osm_id":225763462},"geometry":{"type":"LineString","coordinates":[[32.8747663,39.8619686],[32.8747961,39.8621429],[32.8749861,39.8624625],[32.8752016,39.8625522],[32.8752893,39.8626195],[32.8754756,39.8628494],[32.8759246,39.8627118],[32.8760953,39.862722]]}},{"type":"Feature","properties":{"highway":"service","osm_id":225763469},"geometry":{"type":"LineString","coordinates":[[32.8368335,39.8481458],[32.836942,39.8483394],[32.8369834,39.8485652],[32.8369907,39.8487085],[32.8369838,39.8488565],[32.8369646,39.8489392],[32.836932,39.8490076],[32.8368808,39.8490936],[32.8368242,39.8491447],[32.8367255,39.8492137],[32.8366267,39.84926],[32.8364602,39.8492989],[32.8364449,39.8496828],[32.8370538,39.8497345],[32.8370404,39.8499137],[32.8367615,39.8499055]]}},{"type":"Feature","properties":{"highway":"residential","name":"690. Sokak","osm_id":225764455},"geometry":{"type":"LineString","coordinates":[[32.8557075,39.8673883],[32.8553142,39.8674574],[32.8551582,39.8676379]]}},{"type":"Feature","properties":{"highway":"residential","name":"698. Sokak","osm_id":225764456},"geometry":{"type":"LineString","coordinates":[[32.8569543,39.866168],[32.8578861,39.8660674]]}},{"type":"Feature","properties":{"highway":"residential","osm_id":225764459},"geometry":{"type":"LineString","coordinates":[[32.8383492,39.8533255],[32.8387807,39.8531795],[32.8390278,39.8529375]]}},{"type":"Feature","properties":{"oneway":"no","highway":"residential","osm_id":225764461},"geometry":{"type":"LineString","coordinates":[[32.8384192,39.8525506],[32.8383821,39.8524954],[32.838327,39.8524408],[32.838275,39.85231],[32.8386328,39.8510862],[32.8391012,39.8497429],[32.8392131,39.8494219]]}},{"type":"Feature","properties":{"name":"Sedat Simavi Caddesi","oneway":"yes","highway":"residential","osm_id":225768364},"geometry":{"type":"LineString","coordinates":[[32.8515433,39.8820944],[32.852324,39.8820695],[32.8524633,39.8820717],[32.853276,39.8821221],[32.8533511,39.8821263],[32.8542154,39.8822106],[32.8551951,39.8823585],[32.8553024,39.8823822]]}},{"type":"Feature","properties":{"highway":"footway","osm_id":225768365},"geometry":{"type":"LineString","coordinates":[[32.8573472,39.8798388],[32.8573673,39.8798824],[32.8574002,39.8798964],[32.8574148,39.87993],[32.8574112,39.8799609],[32.8573856,39.8799861],[32.8573089,39.8799945],[32.857265,39.8799525],[32.8572687,39.8799104],[32.8573673,39.8798824]]}},{"type":"Feature","properties":{"highway":"footway","osm_id":225768366},"geometry":{"type":"LineString","coordinates":[[32.8579853,39.8771167],[32.8580035,39.877055],[32.8581058,39.8769849],[32.8581862,39.8769681],[32.8582665,39.8769597],[32.858325,39.8769625],[32.8583907,39.8769653],[32.8584674,39.8769513],[32.8585514,39.8770017],[32.8586176,39.8770103]]}},{"type":"Feature","properties":{"highway":"footway","osm_id":225768368},"geometry":{"type":"LineString","coordinates":[[32.8575469,39.8708423],[32.8577481,39.8709772],[32.8578357,39.8710277],[32.8579417,39.8709941],[32.8579822,39.8710065],[32.8580147,39.8710165],[32.8580439,39.8710529],[32.8580887,39.8711668],[32.8581024,39.8712015],[32.8581615,39.8713359],[32.8582052,39.8714355]]}},{"type":"Feature","properties":{"highway":"footway","osm_id":225768369},"geometry":{"type":"LineString","coordinates":[[32.8585109,39.8743572],[32.8584941,39.8743201],[32.8584944,39.8742807],[32.8585118,39.8742438],[32.8585443,39.8742134],[32.8585882,39.874193],[32.8586384,39.8741851],[32.8586891,39.8741904],[32.8587309,39.8742064],[32.8587643,39.8742314],[32.8587863,39.874263],[32.8587946,39.8742983],[32.8587885,39.8743338],[32.8587686,39.8743662],[32.8587331,39.8743945],[32.8586873,39.8744122],[32.8586365,39.8744171],[32.8585865,39.8744087],[32.8585429,39.8743879],[32.8585109,39.8743572]]}},{"type":"Feature","properties":{"highway":"footway","osm_id":225768370},"geometry":{"type":"LineString","coordinates":[[32.8586321,39.8771797],[32.858577,39.8772288],[32.858504,39.87724],[32.8584163,39.8772232],[32.8583287,39.8772932],[32.8582593,39.8772934],[32.8581497,39.8772937],[32.8580766,39.8772092],[32.8580364,39.8771419],[32.8579853,39.8771167],[32.8578224,39.8771558]]}},{"type":"Feature","properties":{"highway":"footway","osm_id":225768371},"geometry":{"type":"LineString","coordinates":[[32.8590146,39.8739156],[32.8597886,39.8738544],[32.859926,39.8745375],[32.8600467,39.8750262],[32.8600175,39.8750935],[32.8596449,39.8749981],[32.8591233,39.8748519],[32.8587902,39.8747627],[32.8583344,39.8747325],[32.8581765,39.8748131],[32.8582204,39.8749981],[32.8580817,39.8753239]]}},{"type":"Feature","properties":{"highway":"footway","osm_id":225768372},"geometry":{"type":"LineString","coordinates":[[32.8618298,39.8779241],[32.8617053,39.8778719],[32.8615936,39.8778275],[32.8615558,39.877812],[32.8614218,39.8778092],[32.8614097,39.8776915],[32.8613915,39.8775737],[32.8613001,39.8774728],[32.8613001,39.8773887],[32.8613148,39.8773299],[32.8613367,39.8773025],[32.8613732,39.877257],[32.8614901,39.8772486],[32.8616764,39.877229]]}},{"type":"Feature","properties":{"highway":"footway","osm_id":225768376},"geometry":{"type":"LineString","coordinates":[[32.8572446,39.8794071],[32.8572668,39.8796931],[32.8572157,39.8796987],[32.8571828,39.8797267],[32.8571865,39.8797743],[32.8572303,39.8797884],[32.8572741,39.8797828],[32.857296,39.8798108],[32.8573472,39.8798388],[32.8574202,39.8798388],[32.8574604,39.8798192],[32.8574641,39.8797771],[32.8574604,39.8797155],[32.8574166,39.8796818],[32.8576831,39.8794508]]}},{"type":"Feature","properties":{"highway":"footway","osm_id":225768377},"geometry":{"type":"LineString","coordinates":[[32.857938,39.8712884],[32.8579782,39.8713725]]}},{"type":"Feature","properties":{"highway":"footway","osm_id":225768378},"geometry":{"type":"LineString","coordinates":[[32.8578102,39.8710978],[32.8578732,39.8711416]]}},{"type":"Feature","properties":{"highway":"footway","osm_id":225768379},"geometry":{"type":"LineString","coordinates":[[32.8589021,39.8769877],[32.8591582,39.8768569]]}},{"type":"Feature","properties":{"highway":"footway","osm_id":225768381},"geometry":{"type":"LineString","coordinates":[[32.8579087,39.8710977],[32.8580887,39.8711668]]}},{"type":"Feature","properties":{"highway":"residential","osm_id":225768382},"geometry":{"type":"LineString","coordinates":[[32.8574723,39.8802898],[32.857935,39.8802652]]}},{"type":"Feature","properties":{"highway":"residential","osm_id":225768383},"geometry":{"type":"LineString","coordinates":[[32.8584893,39.8773224],[32.8585164,39.878203]]}},{"type":"Feature","properties":{"highway":"footway","osm_id":225768386},"geometry":{"type":"LineString","coordinates":[[32.8591001,39.8746126],[32.859926,39.8745375]]}},{"type":"Feature","properties":{"highway":"service","osm_id":225768387},"geometry":{"type":"LineString","coordinates":[[32.852324,39.8820695],[32.8523459,39.8814194]]}},{"type":"Feature","properties":{"highway":"footway","osm_id":225768388},"geometry":{"type":"LineString","coordinates":[[32.8574112,39.8799609],[32.8575336,39.8800385]]}},{"type":"Feature","properties":{"highway":"residential","osm_id":225768389},"geometry":{"type":"LineString","coordinates":[[32.8565832,39.8799927],[32.8575162,39.8801067]]}},{"type":"Feature","properties":{"highway":"footway","osm_id":225768391},"geometry":{"type":"LineString","coordinates":[[32.8587686,39.8743662],[32.8590807,39.8744372]]}},{"type":"Feature","properties":{"highway":"footway","osm_id":225768393},"geometry":{"type":"LineString","coordinates":[[32.8617984,39.8777522],[32.8617053,39.8778719]]}},{"type":"Feature","properties":{"highway":"service","osm_id":225768394},"geometry":{"type":"LineString","coordinates":[[32.8556803,39.8816459],[32.8545583,39.8814894]]}},{"type":"Feature","properties":{"highway":"residential","osm_id":225768395},"geometry":{"type":"LineString","coordinates":[[32.8566693,39.880664],[32.8573841,39.8806581]]}},{"type":"Feature","properties":{"highway":"footway","osm_id":225768396},"geometry":{"type":"LineString","coordinates":[[32.8617349,39.8774738],[32.8616828,39.8773923],[32.8616471,39.8772794],[32.8616764,39.877229],[32.8618554,39.8771729],[32.8619138,39.8771084],[32.8619686,39.8770636],[32.8620745,39.8770467],[32.8621841,39.8770467],[32.8622243,39.8771168],[32.8622535,39.8771645],[32.8622718,39.8772626],[32.8623448,39.8773887],[32.8623813,39.8774616],[32.862385,39.8775401],[32.8621768,39.8776046],[32.8620855,39.8776382],[32.8619158,39.877828],[32.8618298,39.8779241]]}},{"type":"Feature","properties":{"highway":"footway","osm_id":225768397},"geometry":{"type":"LineString","coordinates":[[32.8574166,39.8796818],[32.8573679,39.8796741],[32.8572668,39.8796931]]}},{"type":"Feature","properties":{"highway":"footway","osm_id":225768398},"geometry":{"type":"LineString","coordinates":[[32.8619367,39.8775204],[32.8620344,39.8774828],[32.8623448,39.8773887],[32.8624628,39.8773491]]}},{"type":"Feature","properties":{"highway":"unclassified","osm_id":225768402},"geometry":{"type":"LineString","coordinates":[[32.8587507,39.8813272],[32.8588871,39.881467],[32.8587288,39.8817316]]}},{"type":"Feature","properties":{"highway":"footway","osm_id":225768406},"geometry":{"type":"LineString","coordinates":[[32.8576933,39.8711286],[32.8578102,39.8710978],[32.8578357,39.8710277]]}},{"type":"Feature","properties":{"highway":"residential","name":"689. Sokak","osm_id":225768408},"geometry":{"type":"LineString","coordinates":[[32.8534525,39.8707424],[32.8535341,39.8706153],[32.8536849,39.8703802],[32.8538239,39.8701635]]}},{"type":"Feature","properties":{"highway":"service","osm_id":225768409},"geometry":{"type":"LineString","coordinates":[[32.857636,39.8862829],[32.8570065,39.8858067],[32.856781,39.8858002],[32.8565147,39.8859014]]}},{"type":"Feature","properties":{"highway":"residential","osm_id":225768410},"geometry":{"type":"LineString","coordinates":[[32.8478496,39.8659107],[32.8476988,39.8660487],[32.8475972,39.866192],[32.8475315,39.8663628],[32.8475261,39.8665759],[32.8475527,39.8667339],[32.8476624,39.8668705]]}},{"type":"Feature","properties":{"highway":"footway","osm_id":225768411},"geometry":{"type":"LineString","coordinates":[[32.8589449,39.8742258],[32.8590807,39.8744372],[32.8591001,39.8746126],[32.8591233,39.8748519]]}},{"type":"Feature","properties":{"highway":"footway","osm_id":225768412},"geometry":{"type":"LineString","coordinates":[[32.8536849,39.8703802],[32.8540504,39.8704864],[32.8538227,39.870538],[32.8535341,39.8706153]]}},{"type":"Feature","properties":{"highway":"footway","osm_id":225768415},"geometry":{"type":"LineString","coordinates":[[32.8619158,39.877828],[32.8617984,39.8777522],[32.8618663,39.8776578],[32.8618582,39.8776169]]}},{"type":"Feature","properties":{"highway":"footway","osm_id":225768416},"geometry":{"type":"LineString","coordinates":[[32.8585882,39.8770675],[32.8584711,39.8771139],[32.8584236,39.8771531],[32.8584163,39.8772232]]}},{"type":"Feature","properties":{"highway":"residential","osm_id":225768418},"geometry":{"type":"LineString","coordinates":[[32.856529,39.8779693],[32.8565306,39.8779333],[32.8565318,39.8779057],[32.8565345,39.877846],[32.8565617,39.8772409],[32.8565652,39.8771631]]}},{"type":"Feature","properties":{"highway":"residential","osm_id":225768420},"geometry":{"type":"LineString","coordinates":[[32.8576218,39.8808986],[32.8576652,39.8810042],[32.8577215,39.8811412],[32.8580721,39.8810823],[32.8585318,39.8815258]]}},{"type":"Feature","properties":{"highway":"residential","osm_id":225768421},"geometry":{"type":"LineString","coordinates":[[32.8601204,39.8746309],[32.8606871,39.8745116],[32.8611254,39.8755768],[32.8616328,39.8754436],[32.8618623,39.8753808]]}},{"type":"Feature","properties":{"highway":"footway","osm_id":225768422},"geometry":{"type":"LineString","coordinates":[[32.8583344,39.8747325],[32.8583299,39.8741326],[32.8586934,39.8741239],[32.8589449,39.8742258],[32.8590146,39.8739156]]}},{"type":"Feature","properties":{"highway":"footway","osm_id":225768426},"geometry":{"type":"LineString","coordinates":[[32.8616567,39.8777352],[32.8615946,39.8777163],[32.8615376,39.8776747],[32.8615485,39.8775821],[32.8615777,39.8775261],[32.8616362,39.8774476],[32.8616828,39.8773923]]}},{"type":"Feature","properties":{"highway":"service","osm_id":225768427},"geometry":{"type":"LineString","coordinates":[[32.8577215,39.8811412],[32.8574585,39.8812309],[32.8573891,39.8811945],[32.8573489,39.881158],[32.8573526,39.8811104],[32.8576652,39.8810042]]}},{"type":"Feature","properties":{"highway":"footway","osm_id":225768428},"geometry":{"type":"LineString","coordinates":[[32.8616828,39.8773923],[32.861786,39.8773523],[32.8618627,39.8773439],[32.8619722,39.8773691],[32.862027,39.8774112],[32.8620344,39.8774828]]}},{"type":"Feature","properties":{"highway":"footway","osm_id":225768429},"geometry":{"type":"LineString","coordinates":[[32.857565,39.871156],[32.8576933,39.8711286],[32.8577116,39.8711538],[32.8577335,39.8711987],[32.8577956,39.871238],[32.8577262,39.8713277]]}},{"type":"Feature","properties":{"highway":"footway","osm_id":225768430},"geometry":{"type":"LineString","coordinates":[[32.8575907,39.871585],[32.8577262,39.8713277],[32.8577846,39.8713641],[32.8578978,39.8713697],[32.8579782,39.8713725],[32.8580878,39.8713557],[32.8581615,39.8713359]]}},{"type":"Feature","properties":{"highway":"footway","osm_id":225768431},"geometry":{"type":"LineString","coordinates":[[32.8585882,39.8770675],[32.8586065,39.8771236],[32.8586321,39.8771797],[32.858727,39.8771713],[32.8588549,39.8772077],[32.8589425,39.8772413],[32.859133,39.8772984]]}},{"type":"Feature","properties":{"highway":"footway","osm_id":225768434},"geometry":{"type":"LineString","coordinates":[[32.8617426,39.8776095],[32.8617077,39.8775469],[32.8617349,39.8774738],[32.8618117,39.8774439],[32.8618942,39.8774629],[32.8619367,39.8775204],[32.8619202,39.8775796],[32.8618582,39.8776169],[32.8617426,39.8776095]]}},{"type":"Feature","properties":{"highway":"footway","osm_id":225768435},"geometry":{"type":"LineString","coordinates":[[32.8581024,39.8712015],[32.8580366,39.8712548],[32.857938,39.8712884],[32.8578211,39.8712688],[32.8577956,39.871238],[32.8578732,39.8711416],[32.8579087,39.8710977],[32.8579822,39.8710065],[32.8581412,39.8708416]]}},{"type":"Feature","properties":{"highway":"footway","osm_id":225768437},"geometry":{"type":"LineString","coordinates":[[32.8588549,39.8772077],[32.8589409,39.8771417],[32.8589277,39.8770438],[32.8589021,39.8769877],[32.8588071,39.8769457],[32.8587049,39.8769429],[32.8586464,39.8769541],[32.8586176,39.8770103],[32.8585882,39.8770675]]}},{"type":"Feature","properties":{"highway":"tertiary","name":"Şehit Mustafa Doğan Caddesi","osm_id":225768439},"geometry":{"type":"LineString","coordinates":[[32.855077,39.8754563],[32.8548376,39.8754972],[32.8546102,39.8755285],[32.8540622,39.8755106],[32.8537357,39.8757567],[32.8533684,39.8761012],[32.8529322,39.876565],[32.8520158,39.8775911],[32.85194,39.8777925],[32.8520507,39.8782891],[32.8521573,39.8785683]]}},{"type":"Feature","properties":{"oneway":"yes","highway":"secondary","osm_id":225769632},"geometry":{"type":"LineString","coordinates":[[32.8553474,39.88549],[32.8552845,39.8853853],[32.8551824,39.8853007],[32.8551107,39.8852496],[32.855013,39.8851954]]}},{"type":"Feature","properties":{"highway":"footway","osm_id":225770227},"geometry":{"type":"LineString","coordinates":[[32.8487316,39.886664],[32.8489954,39.8868612]]}},{"type":"Feature","properties":{"highway":"residential","oneway":"yes","osm_id":225770228},"geometry":{"type":"LineString","coordinates":[[32.8469869,39.8855896],[32.8470873,39.8854638],[32.8471677,39.8853918],[32.8472346,39.8853443]]}},{"type":"Feature","properties":{"highway":"residential","oneway":"yes","osm_id":225770229},"geometry":{"type":"LineString","coordinates":[[32.8473334,39.8854304],[32.847248,39.885483],[32.8469869,39.8855896]]}},{"type":"Feature","properties":{"highway":"residential","osm_id":225770230},"geometry":{"type":"LineString","coordinates":[[32.8474288,39.8856513],[32.8472882,39.8856089],[32.8472091,39.8856007],[32.8471397,39.8856007],[32.8470739,39.8856076],[32.8469283,39.8856487]]}},{"type":"Feature","properties":{"highway":"footway","osm_id":225770231},"geometry":{"type":"LineString","coordinates":[[32.8485794,39.8865367],[32.8486017,39.8866382],[32.8487316,39.886664],[32.8487971,39.8866245],[32.8488149,39.8865621],[32.848777,39.8865052],[32.8487006,39.8864798],[32.8486206,39.8864974]]}},{"type":"Feature","properties":{"highway":"residential","oneway":"yes","osm_id":225770232},"geometry":{"type":"LineString","coordinates":[[32.8481504,39.8863309],[32.8474288,39.8856513],[32.847248,39.885483],[32.8471677,39.8853918],[32.8471342,39.8853199]]}},{"type":"Feature","properties":{"name":"Özvatan Cad.","highway":"residential","osm_id":225770233},"geometry":{"type":"LineString","coordinates":[[32.8469869,39.8855896],[32.8469283,39.8856487],[32.8466531,39.8859692],[32.8464226,39.8861052],[32.8455806,39.8863569],[32.8450576,39.8865677],[32.8448887,39.8866778],[32.8448024,39.8868371],[32.8447394,39.8870463],[32.8447651,39.8874451],[32.8447387,39.8876487],[32.8446626,39.8878554],[32.8445857,39.8880184],[32.8445967,39.8881388],[32.8447641,39.8884089],[32.8446588,39.8887101],[32.8444638,39.8892813],[32.8446233,39.8899138],[32.8448212,39.8901515],[32.845031,39.8904035]]}},{"type":"Feature","properties":{"highway":"footway","osm_id":225770766},"geometry":{"type":"LineString","coordinates":[[32.8430593,39.8869345],[32.842991,39.887096],[32.8429806,39.8872466],[32.8429393,39.8875637],[32.842898,39.8878213],[32.8427172,39.8878847],[32.8425415,39.887968],[32.8424589,39.8880908],[32.8423711,39.8883207],[32.8420313,39.8888322]]}},{"type":"Feature","properties":{"highway":"footway","osm_id":225770767},"geometry":{"type":"LineString","coordinates":[[32.8432441,39.8883445],[32.8431459,39.8883049],[32.8430779,39.8882541],[32.8430521,39.8881731],[32.8431149,39.8880869],[32.8432286,39.8880433],[32.8433422,39.8880512],[32.8434559,39.8880948],[32.8434765,39.8881701],[32.8434869,39.8882573],[32.8434197,39.8883406],[32.8432441,39.8883445]]}},{"type":"Feature","properties":{"highway":"footway","osm_id":225770768},"geometry":{"type":"LineString","coordinates":[[32.8433422,39.8880512],[32.8434707,39.8880058],[32.843613,39.8879554]]}},{"type":"Feature","properties":{"highway":"service","osm_id":225770769},"geometry":{"type":"LineString","coordinates":[[32.8386346,39.883464],[32.8388303,39.8834807],[32.8388412,39.8836825],[32.8386484,39.8837518]]}},{"type":"Feature","properties":{"highway":"service","oneway":"yes","osm_id":225770770},"geometry":{"type":"LineString","coordinates":[[32.8395058,39.8837619],[32.8392982,39.8837195],[32.8392915,39.8835127],[32.8394926,39.8834737]]}},{"type":"Feature","properties":{"highway":"footway","osm_id":225770772},"geometry":{"type":"LineString","coordinates":[[32.8434869,39.8882573],[32.843585,39.8883049],[32.8436212,39.8883643],[32.8436212,39.8884238],[32.8435902,39.8884793],[32.8434817,39.8885467],[32.8433484,39.8885927]]}},{"type":"Feature","properties":{"highway":"residential","osm_id":226052117},"geometry":{"type":"LineString","coordinates":[[32.8296894,39.8846985],[32.8298751,39.8855906],[32.829939,39.8862381],[32.8300324,39.8872028],[32.8300492,39.8874883],[32.8300516,39.8880336],[32.8300622,39.8895572]]}},{"type":"Feature","properties":{"highway":"secondary_link","oneway":"yes","osm_id":226052124},"geometry":{"type":"LineString","coordinates":[[32.8285822,39.8849035],[32.8282332,39.8850059]]}},{"type":"Feature","properties":{"highway":"secondary_link","oneway":"yes","osm_id":226052125},"geometry":{"type":"LineString","coordinates":[[32.8291097,39.8847085],[32.829001,39.8846633],[32.8289598,39.8845944],[32.8289486,39.8844939],[32.8289972,39.8844164]]}},{"type":"Feature","properties":{"highway":"residential","oneway":"yes","osm_id":226052128},"geometry":{"type":"LineString","coordinates":[[32.8315225,39.8843056],[32.8313603,39.8841542],[32.8312536,39.8840915],[32.8309992,39.8839931]]}},{"type":"Feature","properties":{"highway":"secondary_link","name":"Mimar Caddesi","oneway":"yes","osm_id":226052131},"geometry":{"type":"LineString","coordinates":[[32.8309992,39.8839931],[32.8303408,39.8842962],[32.8291097,39.8847085],[32.8287316,39.8848499]]}},{"type":"Feature","properties":{"oneway":"no","highway":"residential","osm_id":226056186},"geometry":{"type":"LineString","coordinates":[[32.82299,39.86682],[32.8231519,39.8666884],[32.8233617,39.8665771],[32.8235513,39.8664386],[32.8237141,39.8662104],[32.8237661,39.8660002],[32.8237994,39.8658656],[32.8238222,39.8655644],[32.8238222,39.8653026],[32.8238563,39.8651018],[32.8241542,39.8645636]]}},{"type":"Feature","properties":{"highway":"residential","osm_id":226056187},"geometry":{"type":"LineString","coordinates":[[32.8205826,39.863157],[32.8209807,39.8626027],[32.8213396,39.8618834]]}},{"type":"Feature","properties":{"highway":"residential","oneway":"yes","osm_id":226056188},"geometry":{"type":"LineString","coordinates":[[32.8225445,39.867226],[32.822502,39.86733],[32.8224436,39.8673945]]}},{"type":"Feature","properties":{"highway":"residential","osm_id":226056189},"geometry":{"type":"LineString","coordinates":[[32.82299,39.86682],[32.8233195,39.8669511]]}},{"type":"Feature","properties":{"oneway":"no","highway":"residential","osm_id":226056190},"geometry":{"type":"LineString","coordinates":[[32.8225445,39.867226],[32.82299,39.86682]]}},{"type":"Feature","properties":{"name":"772. Sok.","highway":"residential","maxspeed":"50","oneway":"no","osm_id":226056191},"geometry":{"type":"LineString","coordinates":[[32.8424758,39.8700352],[32.8416525,39.8703602]]}},{"type":"Feature","properties":{"highway":"residential","osm_id":226056194},"geometry":{"type":"LineString","coordinates":[[32.8347263,39.8735645],[32.8345898,39.8736341],[32.8341644,39.8738653],[32.8338529,39.8739958]]}},{"type":"Feature","properties":{"highway":"residential","name":"1052. Sokak","osm_id":226056195},"geometry":{"type":"LineString","coordinates":[[32.8282348,39.8758111],[32.8288916,39.8760463],[32.8293302,39.8762548]]}},{"type":"Feature","properties":{"highway":"primary","name":"Dikmen Cad.","oneway":"yes","osm_id":226056197},"geometry":{"type":"LineString","coordinates":[[32.8364381,39.8771696],[32.8366517,39.8773067]]}},{"type":"Feature","properties":{"oneway":"yes","highway":"secondary_link","osm_id":226056199},"geometry":{"type":"LineString","coordinates":[[32.8221392,39.8675818],[32.8221763,39.8674878],[32.8221874,39.8673861],[32.8221697,39.8673013],[32.8221366,39.8672131]]}},{"type":"Feature","properties":{"source":"Bing","highway":"residential","osm_id":226056200},"geometry":{"type":"LineString","coordinates":[[32.8416525,39.8703602],[32.8401874,39.8709538],[32.8383627,39.8717662],[32.8381538,39.8718596],[32.8371514,39.8723576]]}},{"type":"Feature","properties":{"name":"928.SK(19.sK)","highway":"residential","osm_id":226056204},"geometry":{"type":"LineString","coordinates":[[32.8251079,39.8599823],[32.8256379,39.8601268],[32.8259027,39.8601874],[32.8261517,39.8603058],[32.8262861,39.8603574],[32.826543,39.8605758],[32.8266893,39.8607002],[32.8268166,39.8607797],[32.8269945,39.8608071],[32.827165,39.8608285],[32.8273362,39.86085],[32.8275584,39.86088],[32.8277251,39.8609063],[32.8279447,39.8609969],[32.8285294,39.8612173],[32.8287242,39.8613525],[32.8288347,39.8615662],[32.8289074,39.8619395],[32.8288571,39.8622485],[32.8287783,39.8624859],[32.8286635,39.86269],[32.8285943,39.8628106],[32.8283041,39.8630805],[32.8281192,39.8632525],[32.8279769,39.8633993],[32.827549,39.8638275],[32.8274505,39.8639258],[32.8273813,39.8639948],[32.8272416,39.8642437],[32.8271699,39.8643861],[32.8271186,39.8644882],[32.8269006,39.8651876],[32.8266323,39.8656682],[32.8265204,39.8658277]]}},{"type":"Feature","properties":{"name":"929.Sk","highway":"residential","osm_id":226056205},"geometry":{"type":"LineString","coordinates":[[32.8305646,39.8685265],[32.8304054,39.8693863],[32.830303,39.8698795],[32.8300712,39.8702452],[32.8297872,39.8707458],[32.8295045,39.871073]]}},{"type":"Feature","properties":{"name":"Cevizlidere Cad.","oneway":"yes","highway":"secondary","osm_id":226068161},"geometry":{"type":"LineString","coordinates":[[32.8187357,39.8727926],[32.818745,39.8734624],[32.8187351,39.8740662],[32.8186815,39.8743976],[32.818478,39.8752132],[32.8183281,39.8757773],[32.8182793,39.8761467],[32.8182467,39.8764682],[32.8181577,39.8774801],[32.8179877,39.8786706],[32.8179394,39.8789815],[32.8178563,39.8795825],[32.8178402,39.8797821],[32.8177895,39.880557],[32.8177876,39.8812801],[32.8177843,39.8821223],[32.8178054,39.8829519],[32.8178268,39.8837402],[32.817965,39.884957],[32.8180325,39.8855332],[32.8181317,39.8862454],[32.8182146,39.8864938],[32.8182287,39.8865547],[32.8182463,39.8866488],[32.8182392,39.8867547],[32.8182277,39.8868006],[32.8182248,39.8870435],[32.8183419,39.8879143],[32.8184453,39.8885496],[32.8185411,39.8892895],[32.8186409,39.8900095],[32.8186035,39.8901152]]}},{"type":"Feature","properties":{"source":"Bing","highway":"residential","osm_id":226068163},"geometry":{"type":"LineString","coordinates":[[32.8170483,39.8865184],[32.8167837,39.8851991],[32.8167562,39.8850372],[32.8167045,39.883739],[32.8166932,39.8832768],[32.8166857,39.8827401],[32.8166508,39.8817216],[32.8164456,39.8814108],[32.8162429,39.881158],[32.8160686,39.8809927]]}},{"type":"Feature","properties":{"highway":"footway","osm_id":226068164},"geometry":{"type":"LineString","coordinates":[[32.8198463,39.8640015],[32.8197349,39.8641665],[32.8196978,39.864218],[32.8195225,39.8644606],[32.819415,39.864563],[32.819499,39.8648377],[32.8197265,39.8651293],[32.8197725,39.8651943]]}},{"type":"Feature","properties":{"highway":"footway","osm_id":226068165},"geometry":{"type":"LineString","coordinates":[[32.8222726,39.8807759],[32.8223746,39.8807767],[32.8224566,39.8807904],[32.8225504,39.8808236],[32.8226385,39.8808752],[32.8227144,39.8809356],[32.822737,39.8809781],[32.8227787,39.8810902],[32.8228686,39.8811567]]}},{"type":"Feature","properties":{"highway":"footway","osm_id":226068166},"geometry":{"type":"LineString","coordinates":[[32.8195849,39.8817253],[32.81955,39.8816682],[32.8195358,39.8815868],[32.8195532,39.8815199],[32.8196023,39.881475],[32.8196862,39.8814494],[32.8197512,39.881447],[32.8198145,39.8814689],[32.8198747,39.8815102],[32.8199111,39.8815503],[32.819927,39.8816014],[32.8199254,39.8816597],[32.8198874,39.8817059],[32.8198177,39.881746],[32.8197211,39.8817569],[32.8196482,39.8817509],[32.8195849,39.8817253]]}},{"type":"Feature","properties":{"highway":"footway","osm_id":226068167},"geometry":{"type":"LineString","coordinates":[[32.8213255,39.8846316],[32.8207047,39.8847291],[32.8206831,39.8847287],[32.8206673,39.8847112],[32.8206553,39.8842719],[32.8206616,39.8842204],[32.8206886,39.8841976],[32.8209693,39.8841569],[32.8212489,39.8841221],[32.8213005,39.8841257],[32.8213317,39.8841461],[32.8213739,39.8843523],[32.8214161,39.8845848],[32.8213911,39.8846064],[32.8213255,39.8846316]]}},{"type":"Feature","properties":{"highway":"footway","osm_id":226068168},"geometry":{"type":"LineString","coordinates":[[32.8210221,39.8843202],[32.8210502,39.8843171],[32.8210787,39.8843248],[32.821103,39.8843466],[32.8211091,39.884376],[32.8210989,39.8843977],[32.8210666,39.8844164],[32.8210242,39.8844133],[32.8209938,39.8843946],[32.8209776,39.8843631],[32.8209974,39.8843336],[32.8210221,39.8843202],[32.8209825,39.8842241],[32.8209693,39.8841569],[32.8209591,39.8841237]]}},{"type":"Feature","properties":{"highway":"secondary_link","oneway":"yes","osm_id":226068169},"geometry":{"type":"LineString","coordinates":[[32.8185064,39.8867863],[32.8182277,39.8868006],[32.8181267,39.8868107],[32.8180219,39.8868121],[32.8177363,39.8868189],[32.8171802,39.8868351],[32.8163959,39.8868271]]}},{"type":"Feature","properties":{"oneway":"yes","name":"Cevizlidere Caddesi","highway":"secondary","osm_id":226068170},"geometry":{"type":"LineString","coordinates":[[32.8186035,39.8901152],[32.8185405,39.8900238],[32.818448,39.889408],[32.818326,39.8885628],[32.8182258,39.887931],[32.8181048,39.887086],[32.8180219,39.8868121],[32.8179986,39.8867465],[32.8179844,39.8866108],[32.8180021,39.886494],[32.8180164,39.8862927],[32.8179252,39.8855374],[32.8178497,39.8849653],[32.8177142,39.8837402],[32.8176907,39.8827155],[32.8176606,39.881695],[32.81766,39.880568],[32.8176992,39.8798155],[32.8178627,39.8786391],[32.8180286,39.8774336],[32.8181621,39.8761417],[32.8182218,39.8757538],[32.8182515,39.8756332],[32.8183992,39.8750343],[32.8185876,39.8743132],[32.8186224,39.8740373],[32.818618,39.8734774],[32.8186245,39.8728101],[32.818623,39.872671],[32.8186255,39.8726379],[32.8186314,39.8725602],[32.818672,39.8720456],[32.8186962,39.8716723],[32.8186977,39.8716495],[32.8187211,39.8710492],[32.8187164,39.8708503],[32.8187164,39.8707929],[32.8187243,39.8707139],[32.8187257,39.8706997],[32.8187537,39.8705904],[32.8188232,39.8704851],[32.8189034,39.8704034]]}},{"type":"Feature","properties":{"highway":"secondary_link","oneway":"yes","osm_id":226068171},"geometry":{"type":"LineString","coordinates":[[32.8158906,39.8855776],[32.8160246,39.8857641],[32.8161927,39.8864228],[32.8162495,39.8864908],[32.8162995,39.8865204]]}},{"type":"Feature","properties":{"highway":"footway","osm_id":226068172},"geometry":{"type":"LineString","coordinates":[[32.8226478,39.8694073],[32.8225852,39.8694816],[32.8225235,39.8694836],[32.8224672,39.8694775],[32.8224189,39.8694651],[32.822368,39.8694363],[32.8223143,39.8693828],[32.8222875,39.8693251],[32.8222928,39.8692407],[32.8223438,39.8691049],[32.8223438,39.8690452],[32.822384,39.8689937],[32.8224699,39.8689608],[32.8225638,39.8689752],[32.822612,39.8690143],[32.8226389,39.8690596],[32.822671,39.8691028],[32.8227569,39.8691357]]}},{"type":"Feature","properties":{"highway":"footway","osm_id":226068173},"geometry":{"type":"LineString","coordinates":[[32.821224,39.8702827],[32.8213662,39.8703363],[32.8215218,39.8703466],[32.8215566,39.8702539],[32.8215298,39.8701428],[32.8214172,39.8700275],[32.8213555,39.8698463],[32.8216202,39.869927],[32.8216698,39.8699373],[32.8216806,39.869924],[32.8214459,39.8697449],[32.8214459,39.8697232],[32.8217315,39.869784],[32.8217771,39.8697871],[32.8217798,39.8697644],[32.8216685,39.8694927],[32.8217396,39.8694906],[32.8220159,39.869503],[32.8220866,39.8694964],[32.8221805,39.8694877]]}},{"type":"Feature","properties":{"highway":"residential","osm_id":226068176},"geometry":{"type":"LineString","coordinates":[[32.8188057,39.8775119],[32.8181577,39.8774801]]}},{"type":"Feature","properties":{"highway":"footway","osm_id":226068177},"geometry":{"type":"LineString","coordinates":[[32.8198874,39.8817059],[32.8200575,39.8818661]]}},{"type":"Feature","properties":{"highway":"footway","osm_id":226068180},"geometry":{"type":"LineString","coordinates":[[32.8195849,39.8817253],[32.8193983,39.8818679]]}},{"type":"Feature","properties":{"highway":"secondary","name":"1071 Malazgirt Bulvarı","oneway":"yes","osm_id":226068181},"geometry":{"type":"LineString","coordinates":[[32.8215021,39.8866896],[32.8208499,39.8866736],[32.8195493,39.8866827]]}},{"type":"Feature","properties":{"highway":"residential","osm_id":226068182},"geometry":{"type":"LineString","coordinates":[[32.8178627,39.8786391],[32.8168339,39.8785607]]}},{"type":"Feature","properties":{"highway":"residential","osm_id":226068183},"geometry":{"type":"LineString","coordinates":[[32.8194523,39.8853606],[32.8194708,39.8851862]]}},{"type":"Feature","properties":{"highway":"residential","osm_id":226068184},"geometry":{"type":"LineString","coordinates":[[32.8232122,39.8783317],[32.8243016,39.8782694]]}},{"type":"Feature","properties":{"highway":"footway","osm_id":226068185},"geometry":{"type":"LineString","coordinates":[[32.8220908,39.8691031],[32.8223438,39.8691049]]}},{"type":"Feature","properties":{"highway":"residential","osm_id":226068186},"geometry":{"type":"LineString","coordinates":[[32.8162063,39.8885018],[32.8164425,39.8884112]]}},{"type":"Feature","properties":{"highway":"footway","osm_id":226068187},"geometry":{"type":"LineString","coordinates":[[32.8212692,39.8843607],[32.8213739,39.8843523]]}},{"type":"Feature","properties":{"highway":"residential","osm_id":226068188},"geometry":{"type":"LineString","coordinates":[[32.8188744,39.8661541],[32.8186612,39.8656718]]}},{"type":"Feature","properties":{"highway":"steps","osm_id":226068189},"geometry":{"type":"LineString","coordinates":[[32.8201059,39.865092],[32.8204989,39.8649467]]}},{"type":"Feature","properties":{"highway":"tertiary","name":"840. Cadde","osm_id":226068190},"geometry":{"type":"LineString","coordinates":[[32.8156752,39.8649721],[32.8157748,39.8645708],[32.8158296,39.8640471],[32.8158766,39.8636655],[32.8158683,39.8635237],[32.8157554,39.8631593],[32.8153766,39.8624339],[32.815027,39.8618999],[32.8148699,39.8615941],[32.8145594,39.8612897],[32.814305,39.8609365],[32.8141722,39.8607553],[32.8136409,39.8600115],[32.8131251,39.8592739],[32.8127843,39.8585972]]}},{"type":"Feature","properties":{"highway":"footway","osm_id":226068191},"geometry":{"type":"LineString","coordinates":[[32.8241282,39.8742583],[32.8243325,39.8739863],[32.8244311,39.8738232],[32.8246511,39.8734972],[32.8248858,39.8731915]]}},{"type":"Feature","properties":{"highway":"footway","osm_id":226068192},"geometry":{"type":"LineString","coordinates":[[32.817177,39.8657249],[32.817003,39.8657203],[32.8168098,39.8656215],[32.8166683,39.8655563],[32.8166309,39.8655391],[32.8165953,39.8655227],[32.816488,39.8654733],[32.8163431,39.8654856],[32.8163302,39.865522],[32.8165274,39.8656064],[32.816664,39.8656937],[32.8167512,39.8657811],[32.8168081,39.8658888],[32.8167588,39.8659354],[32.8166488,39.8658946],[32.8164364,39.8657811],[32.8162922,39.8657025],[32.8162012,39.8656763],[32.8162124,39.8657183],[32.8164323,39.865918],[32.8164649,39.8659735],[32.8165182,39.8660642],[32.8165021,39.8661321],[32.8164672,39.8661506],[32.8164136,39.8660951],[32.816266,39.8659695],[32.8161373,39.8658542],[32.8161748,39.8658336],[32.8164649,39.8659735]]}},{"type":"Feature","properties":{"highway":"footway","osm_id":226068193},"geometry":{"type":"LineString","coordinates":[[32.8224079,39.8688223],[32.822435,39.8688846],[32.8224699,39.8689608]]}},{"type":"Feature","properties":{"highway":"residential","osm_id":226068194},"geometry":{"type":"LineString","coordinates":[[32.8265289,39.8695895],[32.8268227,39.8692233],[32.8273841,39.8694696]]}},{"type":"Feature","properties":{"highway":"residential","osm_id":226068195},"geometry":{"type":"LineString","coordinates":[[32.8187564,39.8853374],[32.8194523,39.8853606],[32.8194184,39.8857113]]}},{"type":"Feature","properties":{"highway":"footway","osm_id":226068196},"geometry":{"type":"LineString","coordinates":[[32.8252823,39.8726848],[32.8253615,39.8727081],[32.8254705,39.8727345]]}},{"type":"Feature","properties":{"highway":"footway","osm_id":226068197},"geometry":{"type":"LineString","coordinates":[[32.8209776,39.8843631],[32.8208564,39.8843202],[32.8206553,39.8842719]]}},{"type":"Feature","properties":{"highway":"footway","osm_id":226068198},"geometry":{"type":"LineString","coordinates":[[32.8249769,39.873079],[32.8250277,39.8731222],[32.8251929,39.8731997]]}},{"type":"Feature","properties":{"highway":"footway","osm_id":226068199},"geometry":{"type":"LineString","coordinates":[[32.825108,39.8729277],[32.8252066,39.8729703],[32.8252922,39.8730022]]}},{"type":"Feature","properties":{"highway":"residential","osm_id":226068200},"geometry":{"type":"LineString","coordinates":[[32.8228614,39.8700908],[32.8228306,39.870313],[32.8225712,39.8705781],[32.8223376,39.8708167]]}},{"type":"Feature","properties":{"highway":"secondary","name":"1071 Malazgirt Bulvarı","oneway":"yes","osm_id":226068201},"geometry":{"type":"LineString","coordinates":[[32.8158147,39.8867724],[32.8152592,39.8867854],[32.8151716,39.8867875],[32.8141363,39.8868117]]}},{"type":"Feature","properties":{"highway":"footway","osm_id":226068203},"geometry":{"type":"LineString","coordinates":[[32.8253615,39.8727081],[32.8252066,39.8729703],[32.8250277,39.8731222],[32.8249278,39.8732614]]}},{"type":"Feature","properties":{"highway":"service","osm_id":226068204},"geometry":{"type":"LineString","coordinates":[[32.8092921,39.8576851],[32.8095765,39.8577009],[32.8096903,39.8580911],[32.8094393,39.8582675]]}},{"type":"Feature","properties":{"highway":"residential","osm_id":226068205},"geometry":{"type":"LineString","coordinates":[[32.819896,39.8640792],[32.8202216,39.8639659],[32.820582,39.8639542],[32.8205754,39.8636189]]}},{"type":"Feature","properties":{"highway":"footway","osm_id":226068206},"geometry":{"type":"LineString","coordinates":[[32.8197539,39.8644955],[32.819697,39.8645567],[32.8197084,39.8647197],[32.8198374,39.8649497]]}},{"type":"Feature","properties":{"highway":"residential","osm_id":226068207},"geometry":{"type":"LineString","coordinates":[[32.8232634,39.8756128],[32.8240049,39.8756285]]}},{"type":"Feature","properties":{"highway":"residential","osm_id":226068208},"geometry":{"type":"LineString","coordinates":[[32.820051,39.8725176],[32.8196143,39.8730361],[32.819087,39.8734472],[32.818745,39.8734624]]}},{"type":"Feature","properties":{"highway":"secondary_link","oneway":"yes","osm_id":226068210},"geometry":{"type":"LineString","coordinates":[[32.8158094,39.8866499],[32.8160549,39.8865432]]}},{"type":"Feature","properties":{"highway":"footway","osm_id":226068211},"geometry":{"type":"LineString","coordinates":[[32.8199972,39.8644899],[32.8198829,39.8646789],[32.8199132,39.8647983],[32.8200232,39.8650254],[32.8199322,39.8650516]]}},{"type":"Feature","properties":{"highway":"footway","osm_id":226068212},"geometry":{"type":"LineString","coordinates":[[32.8219261,39.8691811],[32.8219677,39.8691614],[32.8220908,39.8691031]]}},{"type":"Feature","properties":{"highway":"residential","osm_id":226068213},"geometry":{"type":"LineString","coordinates":[[32.8212469,39.8725216],[32.8210467,39.872725],[32.8209943,39.8728148],[32.8208533,39.8744043],[32.8208014,39.8744768],[32.8207169,39.87451],[32.8203915,39.8745118]]}},{"type":"Feature","properties":{"highway":"service","osm_id":226068214},"geometry":{"type":"LineString","coordinates":[[32.8160117,39.8641227],[32.8166818,39.8641714],[32.8166983,39.8639576]]}},{"type":"Feature","properties":{"highway":"footway","osm_id":226068215},"geometry":{"type":"LineString","coordinates":[[32.8166683,39.8655563],[32.8167194,39.8655282],[32.8167839,39.865534],[32.8168958,39.8655734],[32.817043,39.8655567]]}},{"type":"Feature","properties":{"highway":"footway","osm_id":226068216},"geometry":{"type":"LineString","coordinates":[[32.8223746,39.8807767],[32.8224187,39.8809621],[32.82245,39.8811122],[32.822497,39.8811563],[32.8227787,39.8810902]]}},{"type":"Feature","properties":{"highway":"service","osm_id":226068217},"geometry":{"type":"LineString","coordinates":[[32.8158766,39.8636655],[32.8159676,39.863729],[32.8160117,39.8641227],[32.8159593,39.8644423],[32.8164143,39.8645037]]}},{"type":"Feature","properties":{"highway":"footway","osm_id":226068218},"geometry":{"type":"LineString","coordinates":[[32.8223438,39.8691049],[32.8224001,39.8691419],[32.8224162,39.869179],[32.8224243,39.8692284],[32.8224243,39.8692819],[32.8223939,39.8693577]]}},{"type":"Feature","properties":{"highway":"secondary_link","oneway":"yes","osm_id":226068219},"geometry":{"type":"LineString","coordinates":[[32.8185064,39.8867863],[32.8184073,39.886726],[32.8183773,39.8866772],[32.8183811,39.8866083],[32.8184185,39.8865452],[32.818497,39.8864863]]}},{"type":"Feature","properties":{"highway":"residential","osm_id":226068220},"geometry":{"type":"LineString","coordinates":[[32.8242084,39.8728943],[32.8248858,39.8731915]]}},{"type":"Feature","properties":{"highway":"secondary_link","oneway":"yes","osm_id":226068221},"geometry":{"type":"LineString","coordinates":[[32.8177058,39.8865093],[32.8177899,39.8865658],[32.8178208,39.8866182],[32.8178311,39.8866801],[32.8178087,39.8867458],[32.8177363,39.8868189]]}},{"type":"Feature","properties":{"highway":"secondary_link","oneway":"yes","osm_id":226068222},"geometry":{"type":"LineString","coordinates":[[32.8165061,39.8877263],[32.8164085,39.8876061],[32.8161862,39.886923],[32.8161478,39.886864],[32.8160574,39.8868212]]}},{"type":"Feature","properties":{"highway":"residential","source":"Bing","osm_id":226068223},"geometry":{"type":"LineString","coordinates":[[32.8210544,39.8803987],[32.8201692,39.8804185],[32.8191888,39.8804437],[32.8184389,39.8805104],[32.8177895,39.880557]]}},{"type":"Feature","properties":{"highway":"residential","osm_id":226068224},"geometry":{"type":"LineString","coordinates":[[32.8223376,39.8708167],[32.8217954,39.8712589],[32.8216321,39.871344],[32.821478,39.8713748],[32.8212038,39.8714244],[32.8209354,39.8714146],[32.8203057,39.8714215]]}},{"type":"Feature","properties":{"highway":"footway","osm_id":226068225},"geometry":{"type":"LineString","coordinates":[[32.8209825,39.8842241],[32.8210763,39.8842176],[32.8211939,39.8842496],[32.8212432,39.8842933],[32.8212697,39.8843369],[32.8212692,39.8843607],[32.8211091,39.884376]]}},{"type":"Feature","properties":{"highway":"secondary","name":"1071 Malazgirt Bulvarı","oneway":"yes","osm_id":226068226},"geometry":{"type":"LineString","coordinates":[[32.8148055,39.8866875],[32.8153932,39.8866628],[32.8158094,39.8866499],[32.8170144,39.8866106]]}},{"type":"Feature","properties":{"highway":"footway","osm_id":226068227},"geometry":{"type":"LineString","coordinates":[[32.8166309,39.8655391],[32.816653,39.8654991],[32.8166568,39.8654715],[32.8166473,39.865438],[32.8165923,39.865387],[32.8165373,39.8653288],[32.8165203,39.8652735],[32.8165327,39.8652044]]}},{"type":"Feature","properties":{"name":"Lizbon Cad.","oneway":"-1","highway":"secondary","osm_id":226068228},"geometry":{"type":"LineString","coordinates":[[32.823823,39.8852067],[32.8237863,39.885412],[32.8238879,39.8864197]]}},{"type":"Feature","properties":{"highway":"footway","osm_id":226068229},"geometry":{"type":"LineString","coordinates":[[32.8197265,39.8651293],[32.8199322,39.8650516],[32.8198374,39.8649497],[32.8198487,39.8648507],[32.8198829,39.8646789],[32.8197539,39.8644955],[32.8196978,39.864218],[32.8190863,39.8639278],[32.8193717,39.8636344]]}},{"type":"Feature","properties":{"highway":"residential","osm_id":226068231},"geometry":{"type":"LineString","coordinates":[[32.8127843,39.8585972],[32.813997,39.8582801],[32.8145854,39.8581492]]}},{"type":"Feature","properties":{"highway":"secondary","name":"1071 Malazgirt Bulvarı","oneway":"yes","osm_id":226068232},"geometry":{"type":"LineString","coordinates":[[32.8170093,39.8867294],[32.8158147,39.8867724]]}},{"type":"Feature","properties":{"name":"901.Cd(49.cd)","highway":"residential","osm_id":226068233},"geometry":{"type":"LineString","coordinates":[[32.8257954,39.8651542],[32.8258705,39.8652176],[32.8263009,39.8656466],[32.8265204,39.8658277],[32.8267034,39.8659856],[32.826927,39.86608],[32.8274189,39.8661958],[32.8275643,39.8662602],[32.8276705,39.8663846],[32.828764,39.8678578],[32.8291337,39.8681954],[32.8295411,39.8682952]]}},{"type":"Feature","properties":{"highway":"footway","osm_id":226070814},"geometry":{"type":"LineString","coordinates":[[32.8320658,39.859643],[32.8321995,39.8596075],[32.8322178,39.8596016],[32.8322716,39.8595842],[32.8323209,39.8595172],[32.8323778,39.8594794],[32.8324385,39.8595027],[32.8324991,39.8595085],[32.8325485,39.8594881],[32.8326091,39.8595172],[32.8325991,39.8597416],[32.8325718,39.8600257]]}},{"type":"Feature","properties":{"highway":"footway","osm_id":226070815},"geometry":{"type":"LineString","coordinates":[[32.8347849,39.8598934],[32.834801,39.8598399],[32.8348519,39.859811],[32.8349244,39.8598152],[32.8349753,39.8598234],[32.8350397,39.8598399],[32.835088,39.8598378],[32.8351175,39.8598255],[32.8351577,39.8598049],[32.8351926,39.8598213],[32.8352006,39.8598419],[32.8352355,39.8598296],[32.8353026,39.8598152],[32.8353696,39.8598213],[32.8354125,39.8597946],[32.8354741,39.8597574]]}},{"type":"Feature","properties":{"highway":"footway","osm_id":226070816},"geometry":{"type":"LineString","coordinates":[[32.8335964,39.8599368],[32.8336191,39.8598189]]}},{"type":"Feature","properties":{"highway":"footway","osm_id":226070817},"geometry":{"type":"LineString","coordinates":[[32.8323929,39.8593163],[32.8323778,39.8594794]]}},{"type":"Feature","properties":{"highway":"footway","osm_id":226070818},"geometry":{"type":"LineString","coordinates":[[32.8352006,39.8598419],[32.8351909,39.8599329]]}},{"type":"Feature","properties":{"highway":"footway","osm_id":226070820},"geometry":{"type":"LineString","coordinates":[[32.8353696,39.8598213],[32.8353574,39.8599402]]}},{"type":"Feature","properties":{"highway":"footway","osm_id":226070822},"geometry":{"type":"LineString","coordinates":[[32.8326091,39.8595172],[32.8327019,39.8594946]]}},{"type":"Feature","properties":{"highway":"footway","osm_id":226070824},"geometry":{"type":"LineString","coordinates":[[32.8332891,39.859883],[32.8331526,39.8598844]]}},{"type":"Feature","properties":{"highway":"footway","osm_id":226070825},"geometry":{"type":"LineString","coordinates":[[32.8339576,39.8598847],[32.8338879,39.8598903],[32.8337898,39.8598902],[32.833786,39.8599121],[32.8337291,39.8599339],[32.8336571,39.8599339],[32.8335964,39.8599368],[32.8335015,39.8599121],[32.8334541,39.8599325],[32.8334086,39.8599368],[32.8333365,39.8599383],[32.8332891,39.8599135],[32.8332891,39.859883],[32.8332891,39.8598626],[32.833346,39.8598349],[32.8334124,39.8598349],[32.8334579,39.8598378],[32.8335129,39.8598145],[32.8335793,39.8598044],[32.8336191,39.8598189],[32.8336684,39.8598306],[32.8337272,39.8598306],[32.8337652,39.8598451],[32.8337898,39.8598902]]}},{"type":"Feature","properties":{"highway":"footway","osm_id":226070827},"geometry":{"type":"LineString","coordinates":[[32.8322153,39.859256],[32.8321779,39.8592977],[32.8322178,39.8596016]]}},{"type":"Feature","properties":{"highway":"footway","osm_id":226070828},"geometry":{"type":"LineString","coordinates":[[32.8342177,39.8600142],[32.8342287,39.8599425],[32.8342258,39.8598352],[32.8342323,39.8597458]]}},{"type":"Feature","properties":{"highway":"footway","osm_id":226070830},"geometry":{"type":"LineString","coordinates":[[32.8346147,39.8598929],[32.834612,39.8598476],[32.8345932,39.8598291],[32.8345155,39.8598414],[32.8344296,39.8598455],[32.8343492,39.8598373],[32.8342687,39.8598126],[32.8342258,39.8598352],[32.8341802,39.859862],[32.8341373,39.8598579],[32.8340943,39.8598352],[32.8340434,39.8598291],[32.8339897,39.8598332],[32.8339576,39.8598847],[32.8339871,39.85993],[32.8340327,39.8599444],[32.8341185,39.8599402],[32.8342124,39.8599423],[32.8342287,39.8599425],[32.8344243,39.8599444],[32.8345289,39.8599464],[32.8345959,39.859932],[32.8346147,39.8598929],[32.8346982,39.8598975],[32.8347849,39.8598934],[32.8348117,39.8599222],[32.8348546,39.8599408],[32.8348895,39.8599449],[32.8349324,39.8599346],[32.8349834,39.8599119],[32.8350343,39.8599346],[32.8351909,39.8599329],[32.8352248,39.8599325],[32.8352731,39.8599531],[32.8353213,39.8599511],[32.8353574,39.8599402],[32.835383,39.8599325],[32.8354259,39.8599428],[32.8354447,39.8599737],[32.8354713,39.8599996]]}},{"type":"Feature","properties":{"highway":"service","osm_id":226082783},"geometry":{"type":"LineString","coordinates":[[32.8738204,39.8747398],[32.873695,39.8751044],[32.8737329,39.8751568],[32.8737633,39.875183],[32.8738239,39.8752325],[32.8737582,39.875273],[32.8736857,39.8752957],[32.873608,39.8752668],[32.873565,39.8752092],[32.873695,39.8751044]]}},{"type":"Feature","properties":{"highway":"footway","osm_id":226082788},"geometry":{"type":"LineString","coordinates":[[32.8459149,39.8549372],[32.8459859,39.8549167],[32.8460449,39.8549218],[32.8461012,39.8549373],[32.8461414,39.854962],[32.8461884,39.8549929],[32.8462219,39.8550299],[32.8462259,39.8550824],[32.8462568,39.8551298],[32.84623,39.8551287],[32.846214,39.8551266],[32.8461952,39.855124],[32.8461744,39.8551282],[32.8461471,39.855123]]}},{"type":"Feature","properties":{"highway":"tertiary","name":"393. Cadde","osm_id":226082790},"geometry":{"type":"LineString","coordinates":[[32.8784476,39.8862039],[32.8780081,39.8857448],[32.8778861,39.8855491],[32.8778279,39.8853492],[32.877688,39.8844854],[32.8776417,39.88401],[32.8776217,39.8837963],[32.8776151,39.8836387],[32.8776033,39.883335],[32.8775946,39.8832153],[32.8775332,39.8823661],[32.8774744,39.8815532],[32.8774534,39.8801518],[32.8774607,39.8793525]]}},{"type":"Feature","properties":{"highway":"footway","osm_id":226082792},"geometry":{"type":"LineString","coordinates":[[32.84623,39.8551287],[32.8462468,39.8551405],[32.8462636,39.8551534],[32.8462783,39.8551699],[32.8462803,39.8551832],[32.8462884,39.8552023],[32.8462837,39.8552213],[32.8462582,39.8552553],[32.8462408,39.8552666],[32.8462239,39.8552712],[32.8462066,39.8552759],[32.8461724,39.8552769],[32.8461348,39.8552707],[32.8461134,39.8552527],[32.8460933,39.8552357],[32.8460878,39.8552207]]}},{"type":"Feature","properties":{"highway":"service","osm_id":226082793},"geometry":{"type":"LineString","coordinates":[[32.8748785,39.8762048],[32.8749392,39.876426],[32.8747722,39.8766472],[32.8745522,39.8768452],[32.8740971,39.8768859],[32.8735432,39.8768452],[32.8731563,39.8765308],[32.8729515,39.8763037],[32.8729136,39.8760592],[32.8730729,39.8758089],[32.8732527,39.8756954],[32.873562,39.8756103],[32.873657,39.8755469],[32.8737708,39.8753838],[32.8738239,39.8752325],[32.8739377,39.8750462],[32.8741653,39.8749006],[32.8745067,39.8750229],[32.874575,39.8753023]]}},{"type":"Feature","properties":{"highway":"residential","osm_id":226082794},"geometry":{"type":"LineString","coordinates":[[32.8746518,39.8878152],[32.8755519,39.8882521]]}},{"type":"Feature","properties":{"highway":"residential","osm_id":226082796},"geometry":{"type":"LineString","coordinates":[[32.8868034,39.8857434],[32.8865182,39.8858283]]}},{"type":"Feature","properties":{"highway":"footway","osm_id":226082798},"geometry":{"type":"LineString","coordinates":[[32.8462239,39.8552712],[32.8462914,39.8554011]]}},{"type":"Feature","properties":{"highway":"tertiary","name":"Katar Caddesi","name:en":"Quatar Street","old_name":"415. Cd.","oneway":"yes","osm_id":226082802},"geometry":{"type":"LineString","coordinates":[[32.8684545,39.8822852],[32.8685613,39.882164],[32.8685878,39.8821371]]}},{"type":"Feature","properties":{"name":"414. Cd.","highway":"residential","osm_id":226082805},"geometry":{"type":"LineString","coordinates":[[32.8691194,39.8821008],[32.8696213,39.8819586],[32.8702826,39.8817695],[32.8709835,39.8815468],[32.8714741,39.8813678],[32.8719918,39.881168]]}},{"type":"Feature","properties":{"highway":"residential","oneway":"yes","osm_id":226082807},"geometry":{"type":"LineString","coordinates":[[32.8724183,39.8810774],[32.8719918,39.881168]]}},{"type":"Feature","properties":{"highway":"tertiary","name":"Katar Caddesi","name:en":"Quatar Street","old_name":"415. Cd.","oneway":"-1","osm_id":226082814},"geometry":{"type":"LineString","coordinates":[[32.8684545,39.8822852],[32.8683424,39.8826039]]}},{"type":"Feature","properties":{"highway":"residential","name":"427. Sk.","osm_id":226082818},"geometry":{"type":"LineString","coordinates":[[32.8689183,39.8771083],[32.8689331,39.8769632],[32.8686595,39.8764301]]}},{"type":"Feature","properties":{"highway":"residential","osm_id":226082820},"geometry":{"type":"LineString","coordinates":[[32.8774607,39.8793525],[32.8771976,39.8779895],[32.8771627,39.8773945],[32.8771345,39.8770431]]}},{"type":"Feature","properties":{"highway":"footway","osm_id":226082822},"geometry":{"type":"LineString","coordinates":[[32.845977,39.8550183],[32.8459224,39.8549461],[32.8459149,39.8549372],[32.8458539,39.8548135]]}},{"type":"Feature","properties":{"oneway":"-1","highway":"residential","osm_id":226082824},"geometry":{"type":"LineString","coordinates":[[32.8724183,39.8810774],[32.8727287,39.8813608]]}},{"type":"Feature","properties":{"highway":"residential","osm_id":226082826},"geometry":{"type":"LineString","coordinates":[[32.8862741,39.8857102],[32.8864321,39.8858999],[32.8865665,39.8859764],[32.886945,39.8861313]]}},{"type":"Feature","properties":{"highway":"tertiary","name":"Katar Caddesi","name:en":"Quatar Street","old_name":"415. Cd.","osm_id":226082827},"geometry":{"type":"LineString","coordinates":[[32.8670486,39.8847487],[32.8672479,39.8845641],[32.8675475,39.8840118],[32.8675918,39.8839389],[32.8678291,39.8835485],[32.8681433,39.88295],[32.868301,39.882682],[32.8683424,39.8826039]]}},{"type":"Feature","properties":{"highway":"residential","osm_id":226082828},"geometry":{"type":"LineString","coordinates":[[32.8865182,39.8858283],[32.8864321,39.8858999],[32.8863687,39.8859756],[32.8862691,39.8861477]]}},{"type":"Feature","properties":{"highway":"path","osm_id":226082835},"geometry":{"type":"LineString","coordinates":[[32.8857196,39.8838797],[32.8857247,39.8840913],[32.8856412,39.88433],[32.8854895,39.8845104],[32.8852543,39.8846152],[32.8848564,39.8847747]]}},{"type":"Feature","properties":{"name":"420. Sk.","highway":"residential","osm_id":226082836},"geometry":{"type":"LineString","coordinates":[[32.8674927,39.8785909],[32.8675387,39.8788252],[32.867764,39.8792492],[32.8676299,39.8795291],[32.867426,39.8796979],[32.8658818,39.8802725]]}},{"type":"Feature","properties":{"highway":"residential","osm_id":226082837},"geometry":{"type":"LineString","coordinates":[[32.8804478,39.8872433],[32.8805873,39.8871507],[32.8811452,39.8868146]]}},{"type":"Feature","properties":{"highway":"residential","junction":"roundabout","osm_id":226082840},"geometry":{"type":"LineString","coordinates":[[32.8723788,39.8810561],[32.8723734,39.881044],[32.872373,39.8810312],[32.8723773,39.8810198],[32.8723856,39.8810098],[32.8723973,39.8810021],[32.8724114,39.8809972],[32.8724267,39.8809956],[32.8724438,39.8809979],[32.8724591,39.8810043],[32.8724709,39.8810141],[32.872478,39.8810263],[32.8724796,39.8810396],[32.8724755,39.8810527],[32.8724661,39.8810641],[32.8724524,39.8810726],[32.8724359,39.8810772],[32.8724183,39.8810774],[32.8724024,39.8810736],[32.8723888,39.8810663],[32.8723788,39.8810561]]}},{"type":"Feature","properties":{"highway":"service","osm_id":226082841},"geometry":{"type":"LineString","coordinates":[[32.860443,39.8670126],[32.8603579,39.8670378],[32.85997,39.8673179],[32.8599991,39.8678257],[32.8596604,39.8679073]]}},{"type":"Feature","properties":{"highway":"tertiary","name":"448. Cadde","osm_id":226082847},"geometry":{"type":"LineString","coordinates":[[32.8801197,39.8793489],[32.8791958,39.8780101],[32.8784103,39.8769384],[32.8779117,39.8763083],[32.8778778,39.8762594],[32.8777682,39.876119],[32.8774534,39.8757036],[32.8772383,39.875475],[32.8770238,39.8752322],[32.8767657,39.8749247],[32.8761361,39.8741916],[32.87593,39.8739517],[32.8755283,39.873445],[32.8750567,39.8729817],[32.8748171,39.8727239],[32.8740251,39.8719009],[32.8735097,39.8713496],[32.8731596,39.8710539]]}},{"type":"Feature","properties":{"highway":"residential","osm_id":226089501},"geometry":{"type":"LineString","coordinates":[[32.8669566,39.8604228],[32.8666594,39.8601452],[32.8664414,39.8603163]]}},{"type":"Feature","properties":{"highway":"residential","osm_id":226262445},"geometry":{"type":"LineString","coordinates":[[32.8879249,39.8847126],[32.8878045,39.8846272],[32.8875544,39.8845084],[32.8864076,39.8840544],[32.8857196,39.8838797],[32.8850099,39.8836862]]}},{"type":"Feature","properties":{"name":"Şemsettin Günaltay Cd.","highway":"secondary","osm_id":226263849},"geometry":{"type":"LineString","coordinates":[[32.8850099,39.8836862],[32.8853135,39.8834735],[32.8859756,39.8830388],[32.8861124,39.882936]]}},{"type":"Feature","properties":{"name":"Yeşilvadi Sk.","highway":"residential","osm_id":226360541},"geometry":{"type":"LineString","coordinates":[[32.8427011,39.8955439],[32.8425317,39.8945785],[32.8425229,39.8945106],[32.8424825,39.894257],[32.8424307,39.8940159],[32.8422677,39.8932777],[32.8422453,39.8930119],[32.842223,39.892631],[32.8422077,39.8920563],[32.8422153,39.8915916],[32.8421971,39.891274],[32.8421368,39.8908943],[32.8421251,39.8905545],[32.8421193,39.8899465],[32.8420313,39.8888322],[32.8420144,39.8886188],[32.8420277,39.8884432],[32.8420436,39.8882344],[32.8421193,39.8877426],[32.8422184,39.8875683],[32.8422941,39.8872956],[32.8422766,39.8870676],[32.8421368,39.8867233],[32.8422708,39.8860438],[32.8423193,39.8858658],[32.8423524,39.8857442],[32.8423873,39.8855073],[32.8423752,39.8854409],[32.8423465,39.8852838],[32.8422153,39.8850503],[32.842128,39.8848949],[32.8419593,39.8845947],[32.8418164,39.8843404],[32.8418124,39.8842364],[32.8418105,39.8841884],[32.8418746,39.8840454],[32.8420199,39.8839564],[32.8423287,39.8839296],[32.8426374,39.8839251],[32.8428705,39.8837955],[32.8430045,39.8835853],[32.8427074,39.8825168],[32.8426762,39.8823949],[32.8424277,39.8814259],[32.8424277,39.8812113],[32.8424335,39.8809788],[32.8427481,39.8796554],[32.8427549,39.8794874]]}},{"type":"Feature","properties":{"name":"302. Sk (7. Sk.)","highway":"residential","osm_id":226371008},"geometry":{"type":"LineString","coordinates":[[32.8802944,39.8896815],[32.8809105,39.8893007],[32.8809946,39.8892685],[32.8811991,39.8891049],[32.8822444,39.8883955],[32.8826545,39.8880663]]}},{"type":"Feature","properties":{"highway":"residential","name":"314. Cd.","oneway":"yes","ref":"314. Cd (23. Cd.)","osm_id":226852442},"geometry":{"type":"LineString","coordinates":[[32.8862741,39.8857102],[32.8865182,39.8858283]]}},{"type":"Feature","properties":{"highway":"residential","name":"314. Cd.","ref":"314. Cd (23. Cd.)","osm_id":226852443},"geometry":{"type":"LineString","coordinates":[[32.8865182,39.8858283],[32.8866941,39.8859124],[32.886945,39.8861313],[32.887165,39.8862742],[32.8872191,39.8863055],[32.887602,39.8865714],[32.888058,39.8868658],[32.8885395,39.8871928],[32.8889219,39.8874525]]}},{"type":"Feature","properties":{"highway":"residential","oneway":"yes","ref":"315. Cd (24. Cd.)","osm_id":226852444},"geometry":{"type":"LineString","coordinates":[[32.8866941,39.8859124],[32.8865665,39.8859764],[32.8862691,39.8861477]]}},{"type":"Feature","properties":{"oneway":"yes","highway":"residential","osm_id":226856895},"geometry":{"type":"LineString","coordinates":[[32.8427549,39.8794874],[32.8425285,39.8790795]]}},{"type":"Feature","properties":{"oneway":"yes","highway":"residential","osm_id":226856898},"geometry":{"type":"LineString","coordinates":[[32.8429033,39.8787833],[32.8428185,39.8791555],[32.8427549,39.8794874]]}},{"type":"Feature","properties":{"oneway":"yes","highway":"service","osm_id":226856901},"geometry":{"type":"LineString","coordinates":[[32.8372217,39.8779221],[32.837458,39.8778747],[32.8376082,39.8780442],[32.8374669,39.8781917]]}},{"type":"Feature","properties":{"name":"Dikmen Cad.","oneway":"no","highway":"primary","osm_id":226857471},"geometry":{"type":"LineString","coordinates":[[32.8364381,39.8771696],[32.8357718,39.8764216],[32.8353396,39.8759692],[32.8350237,39.8756369],[32.8347387,39.875286],[32.8344184,39.8748706],[32.8340583,39.8743603],[32.8338529,39.8739958],[32.8336474,39.8735194],[32.8335745,39.8734143],[32.8334729,39.8733295],[32.8325054,39.8726497],[32.832322,39.8724988],[32.8318382,39.8721852],[32.8315599,39.8720173],[32.8312792,39.8719027],[32.8308675,39.8717122],[32.8301947,39.871446],[32.8299839,39.8713476],[32.8295045,39.871073],[32.8291444,39.8708831],[32.8286142,39.8705813],[32.8277638,39.8701608],[32.8276732,39.8701168],[32.8270856,39.8698523],[32.8269376,39.8697828],[32.8265289,39.8695895],[32.8254708,39.8691436],[32.8244612,39.8687384],[32.8242978,39.8686671],[32.8241917,39.8685993],[32.8237411,39.8683111],[32.8233891,39.8680575],[32.8230047,39.8677811],[32.8224436,39.8673945],[32.8223773,39.8673505],[32.8221366,39.8672131],[32.8217434,39.8669944],[32.8213325,39.8667706],[32.8209567,39.8665726],[32.8202191,39.8661839],[32.8199054,39.8659856],[32.8197508,39.8658262],[32.8196116,39.8656227],[32.8195255,39.8654328],[32.8194813,39.8652836],[32.8192648,39.8646054]]}},{"type":"Feature","properties":{"highway":"footway","osm_id":226857472},"geometry":{"type":"LineString","coordinates":[[32.8384879,39.8763227],[32.8384822,39.8761989],[32.8384464,39.8761141],[32.8382253,39.8761016],[32.8380919,39.8760642],[32.8380204,39.8759993],[32.8380431,39.8759493],[32.838131,39.8759269],[32.8382448,39.8759194],[32.8384172,39.8759194],[32.8385212,39.8759344],[32.83857,39.8759643],[32.8385928,39.8760217],[32.8385668,39.8760667],[32.8384464,39.8761141]]}},{"type":"Feature","properties":{"highway":"footway","osm_id":226857473},"geometry":{"type":"LineString","coordinates":[[32.8385668,39.8760667],[32.8386709,39.8762265]]}},{"type":"Feature","properties":{"name":"Kabil Cad.","oneway":"yes","highway":"secondary","osm_id":226857476},"geometry":{"type":"LineString","coordinates":[[32.8288073,39.8854466],[32.828753,39.8853513],[32.828662,39.8850499],[32.8285822,39.8849035],[32.8285209,39.8848195],[32.8284846,39.8847253],[32.8284778,39.8846051],[32.8284343,39.8844409],[32.8282437,39.8839577],[32.8282293,39.883833]]}},{"type":"Feature","properties":{"highway":"residential","oneway":"yes","osm_id":226858993},"geometry":{"type":"LineString","coordinates":[[32.8316891,39.8836841],[32.8315225,39.8843056]]}},{"type":"Feature","properties":{"highway":"tertiary","osm_id":226858994},"geometry":{"type":"LineString","coordinates":[[32.8141472,39.8858509],[32.8140425,39.8855437],[32.813962,39.8852856],[32.8136205,39.8841603],[32.8133012,39.8831984],[32.8131843,39.8827569],[32.8130987,39.8822497],[32.813019,39.8815332],[32.812964,39.8811285],[32.8128736,39.8807014],[32.8127051,39.8800985],[32.8125779,39.8793979],[32.8124106,39.8786817],[32.8121764,39.8773363],[32.8119314,39.875609],[32.8118738,39.8750784],[32.8117442,39.8725212],[32.8116684,39.8721158],[32.8116199,39.8718563],[32.8114546,39.8712624],[32.8112088,39.8700358],[32.8108474,39.867913],[32.8108134,39.8672747],[32.8108394,39.8669631],[32.8108921,39.8664455],[32.8108927,39.8661021],[32.8109053,39.8657573],[32.8109282,39.8654834],[32.8109513,39.8652],[32.8111321,39.8646893],[32.8112359,39.8641373]]}},{"type":"Feature","properties":{"highway":"secondary_link","oneway":"yes","osm_id":226858996},"geometry":{"type":"LineString","coordinates":[[32.8215021,39.8866896],[32.820959,39.8867572],[32.8198716,39.8867684],[32.8190788,39.8867762],[32.8185064,39.8867863]]}},{"type":"Feature","properties":{"name":"Zühtü Tigrel Cd.","highway":"secondary","oneway":"yes","osm_id":226859948},"geometry":{"type":"LineString","coordinates":[[32.8214634,39.8506053],[32.8213701,39.8507234],[32.8212846,39.8507966]]}},{"type":"Feature","properties":{"highway":"secondary","name":"Sabit Sağıroğlu Caddesi","oneway":"yes","osm_id":226859949},"geometry":{"type":"LineString","coordinates":[[32.8213523,39.8511221],[32.821255,39.8510117],[32.8211243,39.8508221]]}},{"type":"Feature","properties":{"highway":"tertiary","oneway":"yes","osm_id":226859950},"geometry":{"type":"LineString","coordinates":[[32.8360267,39.8461887],[32.8359112,39.8460403],[32.8357615,39.8458585]]}},{"type":"Feature","properties":{"highway":"tertiary","oneway":"yes","osm_id":226859951},"geometry":{"type":"LineString","coordinates":[[32.8362799,39.8459825],[32.8361365,39.8460876],[32.8360267,39.8461887]]}},{"type":"Feature","properties":{"name":"Dikmen Cad.","highway":"primary","oneway":"yes","osm_id":226862057},"geometry":{"type":"LineString","coordinates":[[32.8122003,39.8545285],[32.81162,39.853904],[32.8114236,39.853673],[32.8110973,39.8531939],[32.8109516,39.8529435]]}},{"type":"Feature","properties":{"highway":"residential","osm_id":226863490},"geometry":{"type":"LineString","coordinates":[[32.8246403,39.8681542],[32.8250839,39.8683376],[32.8254137,39.8684816]]}},{"type":"Feature","properties":{"highway":"residential","osm_id":226863491},"geometry":{"type":"LineString","coordinates":[[32.8406105,39.8535586],[32.8406058,39.8536547],[32.8405727,39.8537817],[32.8405467,39.8539939],[32.840601,39.8541371],[32.8407124,39.8541705]]}},{"type":"Feature","properties":{"oneway":"yes","name":"Ürdün Caddesi","highway":"secondary","osm_id":226864914},"geometry":{"type":"LineString","coordinates":[[32.8403893,39.8500909],[32.8403556,39.8500455],[32.840476,39.8495705],[32.8406911,39.8486771],[32.8408072,39.8482245],[32.8408286,39.8481421],[32.8408313,39.8480988],[32.8408206,39.8480412],[32.8407831,39.8479381]]}},{"type":"Feature","properties":{"highway":"primary","oneway":"yes","osm_id":226864916},"geometry":{"type":"LineString","coordinates":[[32.84108,39.8477927],[32.8410858,39.8478701],[32.8410744,39.8479289],[32.8410459,39.8480062],[32.8410036,39.8480545]]}},{"type":"Feature","properties":{"foot":"yes","highway":"secondary","lanes":"2","name":"Kahire Caddesi","oneway":"no","sidewalk":"both","osm_id":226868820},"geometry":{"type":"LineString","coordinates":[[32.8691944,39.8681383],[32.869134,39.8682391],[32.8687557,39.8688397],[32.8687008,39.8689234],[32.8686328,39.869027],[32.8684318,39.8693152],[32.8683269,39.8694705]]}},{"type":"Feature","properties":{"highway":"residential","osm_id":226868821},"geometry":{"type":"LineString","coordinates":[[32.8625261,39.8629272],[32.8626786,39.8628637],[32.8630313,39.8628804],[32.8632447,39.863091],[32.8633188,39.8633752],[32.8630183,39.8638265],[32.8630705,39.8639535],[32.8631794,39.8640672],[32.8632425,39.8640773],[32.8633667,39.8640973],[32.863493,39.864104],[32.8635632,39.8640799],[32.8637945,39.8640005],[32.8638632,39.8639769],[32.8650269,39.8644815],[32.8651453,39.8644723],[32.8653035,39.8644235]]}},{"type":"Feature","properties":{"highway":"residential","oneway":"yes","osm_id":226868823},"geometry":{"type":"LineString","coordinates":[[32.8605774,39.8760851],[32.8609449,39.876077]]}},{"type":"Feature","properties":{"highway":"tertiary","name":"Şehit Mustafa Doğan Sokak","oneway":"yes","osm_id":226868825},"geometry":{"type":"LineString","coordinates":[[32.8607416,39.8764077],[32.8604741,39.8762419],[32.8602862,39.8760517]]}},{"type":"Feature","properties":{"oneway":"yes","highway":"secondary_link","osm_id":226868826},"geometry":{"type":"LineString","coordinates":[[32.8677065,39.8696995],[32.867797,39.8697134],[32.8678604,39.8697134],[32.8679569,39.8697091],[32.8680258,39.8696965],[32.8680946,39.8696669],[32.8681918,39.8696053]]}},{"type":"Feature","properties":{"highway":"secondary","oneway":"yes","name":"Kahire Caddesi","osm_id":226868827},"geometry":{"type":"LineString","coordinates":[[32.8691944,39.8681383],[32.8692368,39.8679773],[32.8692783,39.8678985],[32.8693708,39.8677227]]}},{"type":"Feature","properties":{"highway":"tertiary","name":"555. Cadde","source":"GPS","osm_id":226868828},"geometry":{"type":"LineString","coordinates":[[32.8693235,39.8670697],[32.8691571,39.866859],[32.8688888,39.8665378],[32.8687655,39.8663896],[32.8687763,39.8663284],[32.8688352,39.8662908],[32.8689808,39.8662805],[32.8692858,39.8663196],[32.8697901,39.8664513],[32.8704123,39.8665501],[32.8709649,39.8665625],[32.8721075,39.8665378],[32.8725635,39.8664143],[32.8729068,39.8661755],[32.8733528,39.8658111],[32.8733475,39.8656546],[32.8732126,39.865562],[32.8729765,39.8655455],[32.8725956,39.8654302],[32.8722362,39.8652861],[32.871394,39.8650102],[32.8708798,39.8648146],[32.8706063,39.8646005],[32.870407,39.8643226],[32.8703176,39.8641717],[32.86969,39.8631129],[32.8688349,39.8620064],[32.8687781,39.861796],[32.8689079,39.8615094],[32.8691547,39.8613447],[32.8694122,39.8612376],[32.8698272,39.861076],[32.870131,39.8609576],[32.8705387,39.8606941],[32.870655,39.8606142],[32.8709464,39.8604141],[32.8711016,39.8602713],[32.8713648,39.8601011],[32.8718154,39.8597141],[32.8722527,39.8593103],[32.8725557,39.8590305],[32.872589,39.8590019],[32.8728239,39.8587999],[32.8729634,39.8587505],[32.8731244,39.8587258],[32.8737574,39.858734],[32.8739916,39.8587254]]}},{"type":"Feature","properties":{"highway":"residential","oneway":"yes","osm_id":226869683},"geometry":{"type":"LineString","coordinates":[[32.8605659,39.8734892],[32.8604836,39.8729374],[32.8603841,39.8723614]]}},{"type":"Feature","properties":{"name":"71. Sk.","oneway":"yes","highway":"residential","osm_id":226869684},"geometry":{"type":"LineString","coordinates":[[32.8603841,39.8723614],[32.860664,39.8729181],[32.8608343,39.8732006],[32.8609651,39.873466]]}},{"type":"Feature","properties":{"highway":"secondary","name":"Konrad Adenauer Caddesi","oneway":"no","osm_id":226876380},"geometry":{"type":"LineString","coordinates":[[32.8644437,39.8675615],[32.8641072,39.8673667],[32.8636877,39.8671565],[32.8634191,39.8670219],[32.8629249,39.8667691],[32.8626124,39.8666092],[32.8614367,39.8660482],[32.8614215,39.8660398],[32.8609235,39.8657698],[32.8607705,39.8656868],[32.8606272,39.8655926],[32.8597437,39.8650117],[32.8590485,39.8645655],[32.8584491,39.8641249],[32.8583574,39.8640591],[32.8579001,39.8637312],[32.8574218,39.863374],[32.8559901,39.8623031],[32.8554897,39.8619448],[32.8545449,39.8612772],[32.8536794,39.8606563],[32.8536041,39.8606006]]}},{"type":"Feature","properties":{"highway":"secondary","name":"Konrad Adenauer Caddesi","oneway":"yes","osm_id":226876383},"geometry":{"type":"LineString","coordinates":[[32.8644437,39.8675615],[32.8646548,39.8676508],[32.8649384,39.8678177],[32.8650152,39.8678629],[32.8655253,39.8681773],[32.8656829,39.8683153]]}},{"type":"Feature","properties":{"name":"Tiflis Caddesi","highway":"tertiary","osm_id":226876385},"geometry":{"type":"LineString","coordinates":[[32.8652817,39.8754215],[32.8648436,39.8746478],[32.8642663,39.8737919],[32.8636979,39.8729987],[32.8634339,39.8726282],[32.8632388,39.8722966],[32.8630434,39.8719488],[32.8628912,39.87166],[32.8625112,39.8709388],[32.8621535,39.8702799],[32.8618839,39.8697631],[32.8617864,39.8695912],[32.8617005,39.869376],[32.8616133,39.869095],[32.8615176,39.8685215],[32.8614144,39.8679027],[32.8612795,39.8670934],[32.8611973,39.8666004],[32.8611883,39.8665467],[32.8614367,39.8660482]]}},{"type":"Feature","properties":{"highway":"secondary","name":"Konrad Adenauer Caddesi","oneway":"yes","osm_id":226876397},"geometry":{"type":"LineString","coordinates":[[32.8656829,39.8683153],[32.8654204,39.8681972],[32.865092,39.8679913],[32.8649635,39.8679107],[32.8645524,39.8676752],[32.8644437,39.8675615]]}},{"type":"Feature","properties":{"highway":"unclassified","oneway":"yes","motor_vehicle":"permissive","access":"permissive","bicycle":"yes","foot":"yes","maxspeed":"30","osm_id":226975266},"geometry":{"type":"LineString","coordinates":[[32.8262167,39.83018],[32.8260665,39.8300275],[32.8260021,39.8298751],[32.8259914,39.8295743],[32.8260021,39.8292942],[32.8259753,39.828977],[32.8260021,39.8287751],[32.8261631,39.8284002],[32.8262221,39.8281489],[32.8262757,39.8279471],[32.8264259,39.8275969],[32.8264849,39.827395],[32.8265064,39.8271973],[32.8264259,39.8270325],[32.8262865,39.8268718],[32.8260772,39.8267894],[32.825514,39.8266658],[32.825058,39.8265299],[32.8247951,39.8263774],[32.8245913,39.8261838],[32.8244572,39.8260643],[32.8242657,39.8259751],[32.8239476,39.8259078],[32.8233,39.8257817]]}},{"type":"Feature","properties":{"highway":"footway","oneway":"no","osm_id":227090853},"geometry":{"type":"LineString","coordinates":[[32.8484249,39.8863894],[32.8483982,39.8864709],[32.8484661,39.8865367],[32.8485794,39.8865367],[32.8486206,39.8864974],[32.848631,39.8864104],[32.8485354,39.8863569],[32.8484249,39.8863894]]}},{"type":"Feature","properties":{"highway":"primary","osm_id":227092713},"geometry":{"type":"LineString","coordinates":[[32.8400559,39.8876961],[32.8401376,39.8876893]]}},{"type":"Feature","properties":{"highway":"residential","osm_id":227093927},"geometry":{"type":"LineString","coordinates":[[32.8201059,39.865092],[32.8197725,39.8651943],[32.8194813,39.8652836]]}},{"type":"Feature","properties":{"highway":"footway","osm_id":227093929},"geometry":{"type":"LineString","coordinates":[[32.845655,39.8552734],[32.8458669,39.8552018],[32.8459025,39.8552126],[32.8459337,39.8552279],[32.8459565,39.8552395],[32.846003,39.8552475],[32.8460409,39.8552446],[32.8460798,39.8552264],[32.8460878,39.8552207],[32.8461054,39.8552082],[32.846112,39.8551915],[32.8461234,39.8551718],[32.8461405,39.8551449],[32.8461471,39.855123],[32.8461443,39.8550917],[32.8461111,39.8550495],[32.8460409,39.8550189],[32.8459954,39.8550168],[32.845977,39.8550183],[32.8459603,39.8550197],[32.84591,39.8550408],[32.8458702,39.8550714],[32.8458655,39.8551056],[32.8458655,39.855174],[32.8458669,39.8552018]]}},{"type":"Feature","properties":{"highway":"residential","osm_id":227094352},"geometry":{"type":"LineString","coordinates":[[32.8529253,39.8523396],[32.8533191,39.8523513]]}},{"type":"Feature","properties":{"highway":"tertiary","name":"638.Cadde","oneway":"no","osm_id":227094793},"geometry":{"type":"LineString","coordinates":[[32.8426486,39.8530283],[32.8429448,39.8529316],[32.8430404,39.8528957],[32.8431232,39.852877],[32.8434398,39.8528489],[32.844087,39.8526521],[32.8442912,39.8525875]]}},{"type":"Feature","properties":{"oneway":"no","highway":"tertiary","name":"Ürdün Caddesi","osm_id":227094794},"geometry":{"type":"LineString","coordinates":[[32.8426486,39.8530283],[32.8424496,39.8530143],[32.8414437,39.8526827],[32.8410805,39.852563],[32.8406808,39.8523724],[32.8403757,39.8520758],[32.8401924,39.8515692]]}},{"type":"Feature","properties":{"name":"Ürdün Caddes","oneway":"no","highway":"secondary","osm_id":227094795},"geometry":{"type":"LineString","coordinates":[[32.8403893,39.8500909],[32.8403464,39.8502895],[32.8402915,39.8508815],[32.8402273,39.8514789],[32.8401924,39.8515692]]}},{"type":"Feature","properties":{"highway":"service","oneway":"yes","osm_id":227097307},"geometry":{"type":"LineString","coordinates":[[32.8117329,39.881005],[32.8115585,39.8808165],[32.8115236,39.8804398],[32.8116508,39.8801659]]}},{"type":"Feature","properties":{"highway":"residential","osm_id":227097318},"geometry":{"type":"LineString","coordinates":[[32.8139491,39.8792789],[32.8139438,39.8791575],[32.813925,39.8790607],[32.8138687,39.8789702],[32.8136402,39.8787762],[32.813364,39.8784871],[32.8133215,39.8784328],[32.8133321,39.8783784],[32.8137261,39.8781124]]}},{"type":"Feature","properties":{"highway":"unclassified","osm_id":227097908},"geometry":{"type":"LineString","coordinates":[[32.8490901,39.877863],[32.8494229,39.8775408],[32.8497065,39.8773164],[32.8497508,39.8770443],[32.8498058,39.8760785],[32.8498306,39.875643],[32.8495913,39.8754526],[32.8496007,39.8752287],[32.849608,39.875111]]}},{"type":"Feature","properties":{"highway":"service","osm_id":227098234},"geometry":{"type":"LineString","coordinates":[[32.8516444,39.8604244],[32.8515847,39.8602079],[32.8514703,39.8599336],[32.8513795,39.8598438],[32.8512283,39.8597902],[32.8510711,39.8598022],[32.8509152,39.8598369],[32.8507631,39.8598916],[32.8506795,39.8600071],[32.85063,39.8601093],[32.8506155,39.8601984],[32.8505938,39.8602931],[32.8505026,39.8604001]]}},{"type":"Feature","properties":{"highway":"residential","osm_id":227098235},"geometry":{"type":"LineString","coordinates":[[32.846711,39.8645062],[32.8468318,39.8643474],[32.8470257,39.8640994],[32.847193,39.8638703],[32.8473185,39.863701],[32.8473946,39.8635507],[32.847501,39.8632894],[32.8475239,39.8631639],[32.8475315,39.8629903],[32.8475467,39.8628575],[32.8475866,39.8626158]]}},{"type":"Feature","properties":{"highway":"residential","osm_id":227098239},"geometry":{"type":"LineString","coordinates":[[32.844014,39.8592359],[32.8437884,39.8591666],[32.843571,39.8590753],[32.843411,39.8589871],[32.8432592,39.8588927],[32.8430746,39.858688]]}},{"type":"Feature","properties":{"highway":"residential","source":"Bing","osm_id":227098240},"geometry":{"type":"LineString","coordinates":[[32.8424758,39.8700352],[32.8434539,39.8698344],[32.8437592,39.8698061],[32.8439714,39.8697864],[32.8443751,39.8697515],[32.8445116,39.8697821],[32.8445742,39.8699392],[32.8445474,39.8704591]]}},{"type":"Feature","properties":{"highway":"residential","osm_id":227099094},"geometry":{"type":"LineString","coordinates":[[32.8686223,39.8662098],[32.8684873,39.8660403],[32.8682651,39.8657594],[32.8681375,39.8656737],[32.8680631,39.8656003],[32.8680312,39.8654003],[32.8679833,39.8652874],[32.8678631,39.8652067],[32.8677215,39.8651557],[32.8675886,39.8650741],[32.8675069,39.8649876]]}},{"type":"Feature","properties":{"name":"447. Cd.","highway":"residential","osm_id":227099096},"geometry":{"type":"LineString","coordinates":[[32.8742027,39.873026],[32.8748171,39.8727239],[32.8753763,39.8724051],[32.8755586,39.8723012]]}},{"type":"Feature","properties":{"name":"504. Cd.","highway":"residential","osm_id":227099098},"geometry":{"type":"LineString","coordinates":[[32.8855304,39.8782468],[32.8855855,39.8780739],[32.8857806,39.8779129],[32.8863465,39.8776584],[32.8867026,39.8771717]]}},{"type":"Feature","properties":{"highway":"residential","osm_id":227099225},"geometry":{"type":"LineString","coordinates":[[32.8213396,39.8618834],[32.8214925,39.8615769],[32.8217597,39.8611666],[32.8218393,39.8611404],[32.8219019,39.8611579],[32.8219303,39.8612495],[32.8219701,39.8613412],[32.8220782,39.8613456],[32.8221578,39.861267],[32.8224576,39.8606235]]}},{"type":"Feature","properties":{"highway":"residential","name":"Eşref Üren Sokağı","osm_id":227099226},"geometry":{"type":"LineString","coordinates":[[32.824615,39.8480033],[32.8246523,39.8477827],[32.8247155,39.8473144],[32.8247708,39.8469052]]}},{"type":"Feature","properties":{"name":"1552.sk","highway":"residential","osm_id":227099250},"geometry":{"type":"LineString","coordinates":[[32.8082106,39.8827825],[32.8087128,39.8827624],[32.8095452,39.8827292]]}},{"type":"Feature","properties":{"highway":"residential","osm_id":227099362},"geometry":{"type":"LineString","coordinates":[[32.8161627,39.8689331],[32.8175134,39.8683711],[32.8178968,39.8681421]]}},{"type":"Feature","properties":{"highway":"residential","osm_id":227099743},"geometry":{"type":"LineString","coordinates":[[32.8121755,39.8862024],[32.8110274,39.8862569]]}},{"type":"Feature","properties":{"highway":"residential","osm_id":227099747},"geometry":{"type":"LineString","coordinates":[[32.8107876,39.8844743],[32.8109946,39.8860133],[32.8110274,39.8862569],[32.810103,39.8863561]]}},{"type":"Feature","properties":{"highway":"secondary_link","oneway":"yes","osm_id":229381451},"geometry":{"type":"LineString","coordinates":[[32.8163959,39.8868271],[32.8160574,39.8868212],[32.8158147,39.8867724]]}},{"type":"Feature","properties":{"highway":"secondary_link","oneway":"yes","osm_id":229467328},"geometry":{"type":"LineString","coordinates":[[32.824813,39.8544302],[32.8245746,39.8544037]]}},{"type":"Feature","properties":{"oneway":"yes","highway":"secondary","osm_id":229467329},"geometry":{"type":"LineString","coordinates":[[32.8240996,39.8545632],[32.8241774,39.8543875],[32.8242943,39.8543258],[32.8244317,39.8542824],[32.8245875,39.8542974]]}},{"type":"Feature","properties":{"name":"Sabit Sağıroğlu Caddesi","highway":"secondary","osm_id":229467330},"geometry":{"type":"LineString","coordinates":[[32.8245875,39.8542974],[32.8245221,39.8542394],[32.8243161,39.8540718],[32.8242166,39.8539718],[32.824106,39.8538579],[32.823765,39.8536],[32.8234679,39.8533278],[32.8231485,39.8530357],[32.8229953,39.8528675],[32.8228274,39.8526911],[32.8226817,39.8525432],[32.8224875,39.8523628],[32.8221494,39.8520202],[32.8219653,39.8518007],[32.8218655,39.8516817],[32.8216671,39.8514693],[32.8214772,39.8512813],[32.8213523,39.8511221]]}},{"type":"Feature","properties":{"highway":"secondary","name":"Zühtü Tigrel Cd.;931 cd(9.cd)","oneway":"-1","osm_id":229467331},"geometry":{"type":"LineString","coordinates":[[32.824813,39.8544302],[32.8245875,39.8542974]]}},{"type":"Feature","properties":{"bridge":"yes","highway":"footway","layer":"1","osm_id":231408751},"geometry":{"type":"LineString","coordinates":[[32.8111277,39.8489048],[32.8105939,39.848913]]}},{"type":"Feature","properties":{"bridge":"yes","highway":"footway","layer":"1","osm_id":231408755},"geometry":{"type":"LineString","coordinates":[[32.8115273,39.8798542],[32.8120691,39.879811]]}},{"type":"Feature","properties":{"bridge":"yes","highway":"footway","layer":"1","osm_id":231408762},"geometry":{"type":"LineString","coordinates":[[32.8103445,39.8683617],[32.8108593,39.8683242]]}},{"type":"Feature","properties":{"highway":"trunk_link","oneway":"yes","osm_id":231408772},"geometry":{"type":"LineString","coordinates":[[32.8104282,39.8681424],[32.8102568,39.8675368],[32.8101776,39.8672077],[32.8101028,39.8668329],[32.8100258,39.8663825],[32.8099532,39.8656792],[32.8098923,39.8645401],[32.8099367,39.864151],[32.8101157,39.8637249]]}},{"type":"Feature","properties":{"name":"Hoşdere Cad.","oneway":"no","lanes":"2","highway":"secondary","osm_id":231674409},"geometry":{"type":"LineString","coordinates":[[32.8543772,39.8850165],[32.8539437,39.8849457],[32.8535106,39.8849081],[32.8532209,39.884889],[32.8525269,39.8849308],[32.852322,39.8849472],[32.8521271,39.8849703],[32.8516419,39.8850203],[32.8510296,39.8851228],[32.8507866,39.8851719],[32.8506517,39.8851933],[32.8505312,39.8852294],[32.8499683,39.885375],[32.8494995,39.8855349],[32.8491393,39.885704],[32.8487918,39.885892],[32.8485341,39.8860484],[32.8482291,39.8862653],[32.8481504,39.8863309],[32.8475396,39.8868338],[32.8471987,39.8871673],[32.8470584,39.8873922],[32.8468824,39.8877878],[32.8468343,39.8881371],[32.8468314,39.8887114],[32.846831,39.8887681],[32.8470629,39.8903771],[32.8471394,39.8908185],[32.8471496,39.890905],[32.8471674,39.8912317],[32.8471765,39.8915258],[32.8471794,39.891602],[32.8471792,39.8916822],[32.8471965,39.8940094],[32.8472507,39.8945129],[32.8472939,39.8948301],[32.847362,39.8951908],[32.8474247,39.8954381],[32.8474733,39.8955793],[32.8475142,39.8956699],[32.8475869,39.8958041],[32.8477583,39.8960471],[32.8478602,39.8961527],[32.8479571,39.8962759],[32.8484584,39.8968276],[32.8487346,39.8973485],[32.8489485,39.8978403],[32.8489612,39.898042],[32.8489992,39.8981513],[32.8490277,39.8982777],[32.8489612,39.8987224],[32.8489517,39.8987929],[32.848901,39.8988877],[32.8489036,39.8991888],[32.8489654,39.8995752],[32.8490451,39.8999671],[32.8492202,39.9008222]]}},{"type":"Feature","properties":{"highway":"residential","osm_id":239331645},"geometry":{"type":"LineString","coordinates":[[32.8511983,39.8475379],[32.8519319,39.8479547],[32.8523863,39.8482148],[32.852717,39.8484769],[32.853123,39.8488175],[32.8533949,39.8489857],[32.8534896,39.8490452],[32.8535551,39.8490863],[32.8535879,39.849099],[32.8544077,39.8490653],[32.854567,39.8490576]]}},{"type":"Feature","properties":{"highway":"residential","osm_id":240953382},"geometry":{"type":"LineString","coordinates":[[32.83149,39.885019],[32.8315225,39.8843056]]}},{"type":"Feature","properties":{"highway":"residential","osm_id":240953383},"geometry":{"type":"LineString","coordinates":[[32.83149,39.885019],[32.8328197,39.8851041]]}},{"type":"Feature","properties":{"highway":"secondary_link","name":"1071 Malazgirt Bulvarı","oneway":"yes","osm_id":240953385},"geometry":{"type":"LineString","coordinates":[[32.8258968,39.8856258],[32.8261914,39.8854095],[32.8268387,39.8851737],[32.8275363,39.8849177],[32.8280424,39.8847435]]}},{"type":"Feature","properties":{"highway":"residential","oneway":"no","osm_id":240953386},"geometry":{"type":"LineString","coordinates":[[32.8246377,39.8813628],[32.8246416,39.8819014],[32.8246459,39.8825045],[32.8246618,39.8830774],[32.8247456,39.8838616],[32.8248032,39.8845823]]}},{"type":"Feature","properties":{"name":"1080. Sokak","highway":"residential","osm_id":240953388},"geometry":{"type":"LineString","coordinates":[[32.8248134,39.8776386],[32.8255568,39.8774262],[32.8262096,39.8770144]]}},{"type":"Feature","properties":{"highway":"residential","osm_id":240953392},"geometry":{"type":"LineString","coordinates":[[32.8233126,39.8749837],[32.824041,39.8749633]]}},{"type":"Feature","properties":{"highway":"footway","osm_id":240953393},"geometry":{"type":"LineString","coordinates":[[32.8249278,39.8732614],[32.8245547,39.8737759]]}},{"type":"Feature","properties":{"highway":"footway","osm_id":240953394},"geometry":{"type":"LineString","coordinates":[[32.8248858,39.8731915],[32.8249769,39.873079],[32.825108,39.8729277],[32.8252823,39.8726848],[32.8255479,39.8723596],[32.8256096,39.8723431],[32.8256793,39.8722957],[32.825741,39.8722772],[32.8257839,39.8722875],[32.8258188,39.8723348],[32.8258161,39.8723925],[32.8257732,39.8724687],[32.8254705,39.8727345],[32.8253263,39.8729382],[32.8252922,39.8730022],[32.825258,39.8730663],[32.8251929,39.8731997],[32.825167,39.8732527],[32.8250275,39.8733723]]}},{"type":"Feature","properties":{"highway":"footway","osm_id":240953395},"geometry":{"type":"LineString","coordinates":[[32.8248858,39.8731915],[32.8249278,39.8732614],[32.8250275,39.8733723]]}},{"type":"Feature","properties":{"highway":"footway","osm_id":240953396},"geometry":{"type":"LineString","coordinates":[[32.8250275,39.8733723],[32.8248076,39.8735617],[32.8246284,39.8738232],[32.8244766,39.8739688],[32.8243325,39.8739863]]}},{"type":"Feature","properties":{"highway":"residential","osm_id":240953397},"geometry":{"type":"LineString","coordinates":[[32.8251178,39.8735907],[32.8255087,39.8737558]]}},{"type":"Feature","properties":{"name":"1081. Sokak","highway":"residential","osm_id":240953398},"geometry":{"type":"LineString","coordinates":[[32.8262278,39.8785723],[32.8255568,39.8774262],[32.8255583,39.8767171]]}},{"type":"Feature","properties":{"name":"1091. Sokak","highway":"residential","osm_id":240953403},"geometry":{"type":"LineString","coordinates":[[32.8265876,39.8809472],[32.826634,39.8816665],[32.8267525,39.8829714]]}},{"type":"Feature","properties":{"highway":"residential","osm_id":240953408},"geometry":{"type":"LineString","coordinates":[[32.8295665,39.8816487],[32.8290648,39.8815516]]}},{"type":"Feature","properties":{"highway":"residential","osm_id":240953409},"geometry":{"type":"LineString","coordinates":[[32.8310213,39.8814403],[32.8312526,39.8817002],[32.8316043,39.8822175],[32.831854,39.8826461],[32.832005,39.8829818],[32.8320238,39.883027],[32.8322949,39.8835168]]}},{"type":"Feature","properties":{"highway":"secondary_link","name":"1071 Malazgirt Bulvarı","oneway":"yes","osm_id":240953420},"geometry":{"type":"LineString","coordinates":[[32.8282332,39.8850059],[32.8264003,39.8856554],[32.825931,39.8857232]]}},{"type":"Feature","properties":{"highway":"primary","oneway":"yes","osm_id":240970397},"geometry":{"type":"LineString","coordinates":[[32.8115052,39.8492526],[32.8117251,39.8494812]]}},{"type":"Feature","properties":{"highway":"primary","lanes":"2","oneway":"yes","osm_id":240970398},"geometry":{"type":"LineString","coordinates":[[32.8110127,39.8491319],[32.811186,39.8491517],[32.8113442,39.8491867],[32.8115052,39.8492526]]}},{"type":"Feature","properties":{"highway":"trunk","lanes":"3","name":"Mevlana Blv.","oneway":"yes","ref":"D750","osm_id":240970399},"geometry":{"type":"LineString","coordinates":[[32.8110127,39.8491319],[32.8110047,39.8492349]]}},{"type":"Feature","properties":{"highway":"trunk_link","lanes":"2","oneway":"yes","osm_id":240970400},"geometry":{"type":"LineString","coordinates":[[32.8110047,39.8492349],[32.810727,39.8492558]]}},{"type":"Feature","properties":{"lanes":"3","ref":"D750","oneway":"yes","highway":"trunk","name":"Mevlana Bulvarı","osm_id":240970401},"geometry":{"type":"LineString","coordinates":[[32.8110047,39.8492349],[32.810966,39.8496315],[32.8109305,39.8498884],[32.8109082,39.8500512],[32.8108783,39.8502203],[32.8108404,39.8503749],[32.8107735,39.850592],[32.8107066,39.8507721],[32.8105256,39.8512131],[32.8097,39.85313],[32.8094538,39.8537221],[32.8093051,39.8542782],[32.8091784,39.854796],[32.8091247,39.8551251],[32.8090953,39.8554231],[32.8090797,39.8559721],[32.8090955,39.8565731],[32.8091706,39.8571802],[32.8092921,39.8576851],[32.8094393,39.8582675],[32.8101335,39.8602664],[32.8102664,39.8607282],[32.8103329,39.8610455],[32.810394,39.8614246],[32.810429,39.8619085],[32.8104264,39.8624747],[32.8103555,39.8652648],[32.8106575,39.8683427],[32.8111222,39.8725245],[32.8114188,39.8754756],[32.8119082,39.8801594],[32.8119355,39.8804205],[32.8120225,39.8811314],[32.8120776,39.8817243],[32.8122523,39.8832858],[32.8122935,39.8837382]]}},{"type":"Feature","properties":{"oneway":"yes","name":"Dikmen Cad.","highway":"primary","osm_id":240970402},"geometry":{"type":"LineString","coordinates":[[32.8119376,39.8509337],[32.8118269,39.8511532],[32.8116431,39.8514906]]}},{"type":"Feature","properties":{"highway":"tertiary","oneway":"yes","lanes":"2","name":"Ahmet Rüstem Caddesi","osm_id":240970403},"geometry":{"type":"LineString","coordinates":[[32.8121521,39.850143],[32.8125936,39.8501695]]}},{"type":"Feature","properties":{"oneway":"yes","name":"Dikmen Cad.","highway":"primary","osm_id":240970404},"geometry":{"type":"LineString","coordinates":[[32.8121521,39.850143],[32.8121596,39.8502662]]}},{"type":"Feature","properties":{"oneway":"yes","highway":"primary","lanes":"2","name":"Dikmen Cad.","osm_id":240970405},"geometry":{"type":"LineString","coordinates":[[32.8120365,39.8501299],[32.8119234,39.8499137],[32.8117588,39.8496571],[32.8115544,39.849427]]}},{"type":"Feature","properties":{"highway":"primary","oneway":"yes","osm_id":240970406},"geometry":{"type":"LineString","coordinates":[[32.8121596,39.8502662],[32.8120428,39.8502515]]}},{"type":"Feature","properties":{"oneway":"yes","name":"Dikmen Cad.","lanes":"2","highway":"primary","osm_id":240970407},"geometry":{"type":"LineString","coordinates":[[32.8121596,39.8502662],[32.812058,39.8506103],[32.8119376,39.8509337]]}},{"type":"Feature","properties":{"highway":"residential","osm_id":240970408},"geometry":{"type":"LineString","coordinates":[[32.8145984,39.8580142],[32.8146078,39.8579644],[32.8146224,39.8578873],[32.8145581,39.8576462],[32.8145148,39.857553],[32.8143424,39.8571815],[32.8142364,39.8569288],[32.8141229,39.8566587]]}},{"type":"Feature","properties":{"name":"Dikmen Cad.","oneway":"yes","highway":"primary","osm_id":240970409},"geometry":{"type":"LineString","coordinates":[[32.8145984,39.8580142],[32.8147196,39.8581976],[32.8148529,39.8584216]]}},{"type":"Feature","properties":{"name":"Dikmen Cad.","highway":"primary","oneway":"yes","osm_id":240970410},"geometry":{"type":"LineString","coordinates":[[32.8148176,39.8584549],[32.8145854,39.8581492],[32.8135719,39.8566761],[32.8131398,39.856048],[32.8129124,39.8556816],[32.8126999,39.8553129],[32.8124103,39.8548064],[32.8122949,39.8546355],[32.8122003,39.8545285]]}},{"type":"Feature","properties":{"name":"Dikmen Cad.","highway":"primary","lanes":"2","oneway":"yes","osm_id":240970411},"geometry":{"type":"LineString","coordinates":[[32.8109516,39.8529435],[32.8109128,39.8527309],[32.8109182,39.8525538],[32.8109674,39.8523841],[32.8110815,39.852141],[32.8114711,39.8515743],[32.8115313,39.8514844],[32.8116779,39.8512547],[32.8117761,39.8510821],[32.811887,39.850851],[32.812001,39.8504717],[32.8120428,39.8502515],[32.8120365,39.8501299]]}},{"type":"Feature","properties":{"highway":"primary","osm_id":240970412},"geometry":{"type":"LineString","coordinates":[[32.8109516,39.8529435],[32.8110407,39.8529098]]}},{"type":"Feature","properties":{"name":"807.Sokak","highway":"secondary","oneway":"yes","osm_id":240970413},"geometry":{"type":"LineString","coordinates":[[32.8118014,39.8514937],[32.8116863,39.8515436],[32.8115756,39.8515816]]}},{"type":"Feature","properties":{"name":"Dikmen Cad.","oneway":"yes","highway":"primary","osm_id":240970414},"geometry":{"type":"LineString","coordinates":[[32.8115756,39.8515816],[32.8111757,39.852177],[32.8110738,39.8523809],[32.8110201,39.8525538],[32.8110201,39.8527103],[32.8110407,39.8529098],[32.8111036,39.8530286],[32.8111756,39.8531424],[32.8112969,39.8533423],[32.8115378,39.8536884],[32.8117309,39.8539046],[32.8122915,39.8544949],[32.8124497,39.8546994],[32.8125839,39.8549383],[32.8128816,39.855488],[32.8130264,39.8557207],[32.8132115,39.8560234],[32.8145078,39.8578867],[32.8145984,39.8580142]]}},{"type":"Feature","properties":{"name":"807.Sokak","highway":"secondary","oneway":"yes","osm_id":240970415},"geometry":{"type":"LineString","coordinates":[[32.8116431,39.8514906],[32.8118014,39.8514937]]}},{"type":"Feature","properties":{"name":"Dikmen Cad.","highway":"primary","oneway":"yes","osm_id":240970416},"geometry":{"type":"LineString","coordinates":[[32.8116431,39.8514906],[32.8115756,39.8515816]]}},{"type":"Feature","properties":{"source":"bing","highway":"trunk_link","oneway":"yes","osm_id":240970417},"geometry":{"type":"LineString","coordinates":[[32.8067025,39.8430629],[32.8067909,39.8430873],[32.806859,39.8430992],[32.8069504,39.8431106],[32.8070676,39.8431082],[32.807205,39.8430833],[32.807295,39.8430467],[32.8073733,39.842995],[32.8074333,39.8429283],[32.8074699,39.8428747],[32.8074953,39.8428066],[32.8074984,39.8427288],[32.8074762,39.8426364],[32.8074351,39.842561],[32.8073654,39.8424856],[32.8072703,39.8424296],[32.8071373,39.8423931],[32.8069694,39.8423931],[32.8068047,39.8424102],[32.8066106,39.8424633]]}},{"type":"Feature","properties":{"source":"bing","highway":"trunk_link","oneway":"yes","osm_id":240970419},"geometry":{"type":"LineString","coordinates":[[32.8040546,39.8410925],[32.8047867,39.8415117],[32.8049067,39.8415733],[32.8050367,39.8416267],[32.80517,39.8416717],[32.8053133,39.8416983],[32.8054633,39.8417017],[32.8056295,39.8416684],[32.8058227,39.8416246],[32.8059779,39.841593],[32.8061395,39.8415881],[32.8063074,39.8415978],[32.8064658,39.8416319],[32.8066431,39.8416951],[32.8068554,39.8417802],[32.8069948,39.8418264],[32.8071341,39.8418483],[32.8072862,39.8418483],[32.8075048,39.8418046],[32.8077138,39.8417802],[32.8079577,39.84179]]}},{"type":"Feature","properties":{"oneway":"yes","layer":"1","bridge":"yes","highway":"primary","lanes":"4","osm_id":240970422},"geometry":{"type":"LineString","coordinates":[[32.8054607,39.8431302],[32.8055691,39.8430458],[32.8057071,39.8429377],[32.8063168,39.842455]]}},{"type":"Feature","properties":{"oneway":"yes","highway":"primary","lanes":"4","layer":"1","osm_id":240970423},"geometry":{"type":"LineString","coordinates":[[32.8063168,39.842455],[32.8067046,39.8422276],[32.8068849,39.8421449],[32.8070775,39.8420599],[32.8074509,39.841914]]}},{"type":"Feature","properties":{"oneway":"yes","layer":"1","bridge":"yes","highway":"primary","lanes":"3","osm_id":240970424},"geometry":{"type":"LineString","coordinates":[[32.8063321,39.8426814],[32.8056623,39.8431898]]}},{"type":"Feature","properties":{"oneway":"yes","layer":"1","highway":"primary","lanes":"2","osm_id":240970425},"geometry":{"type":"LineString","coordinates":[[32.8056623,39.8431898],[32.8055442,39.843245],[32.8054101,39.8433024],[32.8052669,39.8433554],[32.8051361,39.8433937],[32.8050079,39.8434136],[32.804874,39.8434252],[32.8047616,39.8434244],[32.8045366,39.8434001],[32.8043339,39.8433563],[32.8040469,39.8432964],[32.8037654,39.8432217],[32.803093,39.8430441]]}},{"type":"Feature","properties":{"highway":"secondary_link","oneway":"yes","osm_id":240975204},"geometry":{"type":"LineString","coordinates":[[32.8280424,39.8847435],[32.8284778,39.8846051]]}},{"type":"Feature","properties":{"highway":"residential","osm_id":240975210},"geometry":{"type":"LineString","coordinates":[[32.8249924,39.8744334],[32.8241282,39.8742583],[32.8233475,39.8741109]]}},{"type":"Feature","properties":{"highway":"residential","osm_id":240975212},"geometry":{"type":"LineString","coordinates":[[32.8251271,39.8742554],[32.8262868,39.8747377]]}},{"type":"Feature","properties":{"highway":"residential","name":"1051. Sokak","osm_id":240975213},"geometry":{"type":"LineString","coordinates":[[32.8286832,39.875177],[32.8298224,39.8756516]]}},{"type":"Feature","properties":{"name":"Kabil Cad.","highway":"secondary","oneway":"no","osm_id":240975216},"geometry":{"type":"LineString","coordinates":[[32.8282293,39.883833],[32.8279752,39.8831661],[32.8278622,39.8828519],[32.8277889,39.8824644],[32.8277889,39.8820969],[32.8278211,39.8816745],[32.827893,39.8814827],[32.8280083,39.881264],[32.8281113,39.8810448],[32.8281495,39.8808647],[32.828141,39.8806558],[32.8280999,39.880464],[32.8280836,39.880404],[32.8277692,39.8794157],[32.8275727,39.8789213],[32.827288,39.8784722],[32.8268751,39.8779516],[32.8262096,39.8770144],[32.826024,39.876712],[32.8259263,39.876537],[32.8258905,39.8763595],[32.8258937,39.8760521],[32.82591,39.8759247],[32.8260663,39.8752199],[32.8262868,39.8747377],[32.8265861,39.8741721],[32.8269007,39.8736111],[32.8271332,39.8733322],[32.8273743,39.8731412],[32.8276009,39.8730537],[32.8282331,39.8728701],[32.8285512,39.8727023],[32.8288163,39.8725141],[32.8292912,39.8720495],[32.8299839,39.8713476]]}},{"type":"Feature","properties":{"highway":"residential","osm_id":240975219},"geometry":{"type":"LineString","coordinates":[[32.8273743,39.8731412],[32.8279338,39.8734901],[32.8286219,39.8738585],[32.8294149,39.8742823],[32.8304598,39.8748316]]}},{"type":"Feature","properties":{"highway":"residential","osm_id":240975222},"geometry":{"type":"LineString","coordinates":[[32.8304598,39.8748316],[32.8309829,39.87512],[32.8311421,39.8751968],[32.8313777,39.8752575],[32.8316191,39.8753468]]}},{"type":"Feature","properties":{"highway":"residential","osm_id":240975229},"geometry":{"type":"LineString","coordinates":[[32.8231155,39.8762737],[32.8240339,39.8762787]]}},{"type":"Feature","properties":{"source":"Bing","highway":"residential","osm_id":241088777},"geometry":{"type":"LineString","coordinates":[[32.8198716,39.8867684],[32.8198708,39.8875857],[32.8198752,39.887817],[32.8198929,39.8884437],[32.819968,39.8891681],[32.8200746,39.8899055],[32.8201002,39.8906025],[32.820334,39.8906022],[32.8217642,39.8906004],[32.8223121,39.8906164],[32.8223688,39.8906181],[32.8233808,39.8906841]]}},{"type":"Feature","properties":{"highway":"residential","osm_id":241088808},"geometry":{"type":"LineString","coordinates":[[32.8265491,39.8882655],[32.827294,39.8881654],[32.8278143,39.8881034],[32.8283858,39.8880573]]}},{"type":"Feature","properties":{"highway":"residential","osm_id":241088811},"geometry":{"type":"LineString","coordinates":[[32.8283858,39.8880573],[32.8290529,39.8880391]]}},{"type":"Feature","properties":{"name":"6. Sk.","highway":"tertiary","osm_id":241088827},"geometry":{"type":"LineString","coordinates":[[32.8174832,39.8965612],[32.8157107,39.896516],[32.8156142,39.8964842],[32.8155315,39.8964229],[32.8155012,39.896334],[32.8154515,39.8958834],[32.8151577,39.8933345],[32.815043,39.8923121],[32.8145438,39.8875273],[32.8145139,39.8870508],[32.8144952,39.8869474]]}},{"type":"Feature","properties":{"ref":"D750","name":"Mevlana Bulvarı","oneway":"yes","highway":"trunk","osm_id":241088861},"geometry":{"type":"LineString","coordinates":[[32.8126042,39.8873873],[32.812774,39.889001],[32.8129218,39.8899389]]}},{"type":"Feature","properties":{"highway":"residential","osm_id":241095917},"geometry":{"type":"LineString","coordinates":[[32.8216885,39.8884366],[32.8216685,39.8875644]]}},{"type":"Feature","properties":{"highway":"residential","osm_id":241095920},"geometry":{"type":"LineString","coordinates":[[32.8217165,39.8898472],[32.8216894,39.8886419],[32.8216885,39.8884366]]}},{"type":"Feature","properties":{"highway":"residential","osm_id":241098748},"geometry":{"type":"LineString","coordinates":[[32.8187196,39.8856807],[32.8186751,39.8862712],[32.819805,39.886357]]}},{"type":"Feature","properties":{"highway":"secondary","name":"1071 Malazgirt Bulvarı","oneway":"yes","osm_id":241098749},"geometry":{"type":"LineString","coordinates":[[32.8195454,39.8865513],[32.8208624,39.886539],[32.8214426,39.886516]]}},{"type":"Feature","properties":{"highway":"secondary","name":"1071 Malazgirt Bulvarı","tunnel":"yes","oneway":"yes","layer":"-1","osm_id":241098752},"geometry":{"type":"LineString","coordinates":[[32.8195493,39.8866827],[32.8170093,39.8867294]]}},{"type":"Feature","properties":{"highway":"residential","osm_id":241102363},"geometry":{"type":"LineString","coordinates":[[32.818326,39.8885628],[32.8184453,39.8885496]]}},{"type":"Feature","properties":{"highway":"secondary_link","oneway":"yes","osm_id":241102365},"geometry":{"type":"LineString","coordinates":[[32.8160549,39.8865432],[32.8162995,39.8865204]]}},{"type":"Feature","properties":{"name":"Ceyhun Atıf Kansu Cad.","highway":"secondary","osm_id":241102366},"geometry":{"type":"LineString","coordinates":[[32.8162518,39.8869003],[32.8164675,39.8875521],[32.8165061,39.8877263],[32.8163744,39.8879982],[32.8162858,39.8882212],[32.8162063,39.8885018],[32.81603,39.8892917],[32.816016,39.8894608],[32.815985,39.889835],[32.8159906,39.8901974],[32.8160087,39.8904239],[32.816061,39.8906086],[32.8161765,39.8909102],[32.8166003,39.8919886],[32.8166821,39.892311],[32.8167264,39.8925565],[32.8167557,39.8929262],[32.8167645,39.8932561],[32.8167708,39.8936009],[32.8167942,39.8941151],[32.8168152,39.8944752],[32.8168502,39.8947582],[32.8168922,39.8949266],[32.8169874,39.8951901],[32.8172013,39.8958535],[32.8174832,39.8965612],[32.8175205,39.8966659]]}},{"type":"Feature","properties":{"name":"Ceyhun Atıf Kansu Cad.","oneway":"no","highway":"secondary","tunnel":"yes","layer":"-1","osm_id":241102367},"geometry":{"type":"LineString","coordinates":[[32.8161324,39.8864789],[32.8162518,39.8869003]]}},{"type":"Feature","properties":{"name":"1232.Cad.","highway":"secondary_link","oneway":"yes","osm_id":241103429},"geometry":{"type":"LineString","coordinates":[[32.824185,39.8871546],[32.8242196,39.8873969],[32.8242012,39.8877062]]}},{"type":"Feature","properties":{"highway":"residential","name":"1309. Sokak","osm_id":241103430},"geometry":{"type":"LineString","coordinates":[[32.824185,39.8871546],[32.8247208,39.8871386],[32.8251198,39.8871267],[32.8255491,39.8871128],[32.826076,39.8870396]]}},{"type":"Feature","properties":{"highway":"residential","osm_id":241104915},"geometry":{"type":"LineString","coordinates":[[32.8167566,39.874625],[32.8169432,39.8747593],[32.8171912,39.8748626],[32.8176489,39.8749453],[32.8183992,39.8750343]]}},{"type":"Feature","properties":{"highway":"residential","osm_id":241104916},"geometry":{"type":"LineString","coordinates":[[32.8163632,39.8738597],[32.8174006,39.8732937],[32.8179401,39.8729988],[32.8184995,39.8727028],[32.8186255,39.8726379],[32.8187479,39.8725774]]}},{"type":"Feature","properties":{"name":"6. Sk.","highway":"tertiary","oneway":"no","tunnel":"yes","layer":"-1","osm_id":241106947},"geometry":{"type":"LineString","coordinates":[[32.8144952,39.8869474],[32.8143829,39.8865398]]}},{"type":"Feature","properties":{"highway":"secondary_link","name":"Mimar Caddesi","oneway":"yes","osm_id":241108382},"geometry":{"type":"LineString","coordinates":[[32.8286231,39.8845493],[32.8289972,39.8844164],[32.8295071,39.884252],[32.8302268,39.8840231],[32.8309622,39.8838612]]}},{"type":"Feature","properties":{"highway":"secondary","oneway":"yes","osm_id":241108384},"geometry":{"type":"LineString","coordinates":[[32.8287316,39.8848499],[32.8285822,39.8849035]]}},{"type":"Feature","properties":{"name":"Kabil Cad.","oneway":"yes","highway":"secondary","osm_id":241108385},"geometry":{"type":"LineString","coordinates":[[32.8282293,39.883833],[32.8283147,39.8839383],[32.8284689,39.8843297],[32.8285188,39.884415],[32.8286231,39.8845493],[32.8286913,39.8846452],[32.8287276,39.8847497],[32.8287316,39.8848499],[32.8287271,39.8849531],[32.8288256,39.885357],[32.8288073,39.8854466]]}},{"type":"Feature","properties":{"highway":"residential","osm_id":241108389},"geometry":{"type":"LineString","coordinates":[[32.8290313,39.8874975],[32.8300492,39.8874883]]}},{"type":"Feature","properties":{"highway":"footway","osm_id":241111159},"geometry":{"type":"LineString","coordinates":[[32.8226478,39.8694073],[32.8227352,39.8694651]]}},{"type":"Feature","properties":{"highway":"footway","osm_id":241111160},"geometry":{"type":"LineString","coordinates":[[32.8224079,39.8688223],[32.8224134,39.8687653]]}},{"type":"Feature","properties":{"highway":"footway","osm_id":241111161},"geometry":{"type":"LineString","coordinates":[[32.8221331,39.8694274],[32.8221667,39.8694052],[32.8222875,39.8693251],[32.8223939,39.8693577],[32.8226478,39.8694073],[32.8226952,39.8692675],[32.82273,39.8691769],[32.8227569,39.8691357],[32.8228361,39.8690944],[32.8228887,39.869067]]}},{"type":"Feature","properties":{"name":"Dikemn Cad.","highway":"primary","oneway":"yes","osm_id":241137312},"geometry":{"type":"LineString","coordinates":[[32.8153857,39.8593489],[32.8151335,39.8588857],[32.8150489,39.8587703],[32.8148176,39.8584549]]}},{"type":"Feature","properties":{"name":"Dikmen Cad.","oneway":"yes","highway":"primary","osm_id":241137315},"geometry":{"type":"LineString","coordinates":[[32.8148529,39.8584216],[32.8150919,39.8587249],[32.8151949,39.8588465],[32.815412,39.8591745],[32.8156927,39.8597285],[32.8158442,39.8600243],[32.8160816,39.860346]]}},{"type":"Feature","properties":{"name":"Dikmen Cad.","oneway":"yes","highway":"primary","osm_id":241137317},"geometry":{"type":"LineString","coordinates":[[32.8160816,39.860346],[32.8165897,39.8609479],[32.8168746,39.8613142],[32.8169961,39.8614821],[32.8176323,39.8625435]]}},{"type":"Feature","properties":{"highway":"footway","osm_id":241137319},"geometry":{"type":"LineString","coordinates":[[32.819415,39.864563],[32.8192648,39.8646054]]}},{"type":"Feature","properties":{"name":"Dikmen Cad.","highway":"primary","oneway":"yes","osm_id":241137321},"geometry":{"type":"LineString","coordinates":[[32.8192648,39.8646054],[32.8190837,39.8643917],[32.818982,39.8641815],[32.8188782,39.8640272],[32.818717,39.8638491],[32.8185027,39.8636558],[32.8183215,39.8634982],[32.8181691,39.8633557],[32.8179659,39.8631522],[32.8177627,39.8629115],[32.8175506,39.8625774],[32.8170403,39.8617483],[32.8168636,39.8614702],[32.816402,39.8608826],[32.8160352,39.860429],[32.8157789,39.8600967],[32.8156104,39.8597975],[32.8153857,39.8593489]]}},{"type":"Feature","properties":{"name":"Dikmen Cad.","highway":"primary","oneway":"no","osm_id":241137325},"geometry":{"type":"LineString","coordinates":[[32.8176323,39.8625435],[32.8175506,39.8625774]]}},{"type":"Feature","properties":{"name":"Dikmen Cad.","oneway":"yes","highway":"primary","osm_id":241137327},"geometry":{"type":"LineString","coordinates":[[32.8176323,39.8625435],[32.81784,39.862842],[32.8180123,39.8630556],[32.8183282,39.863354],[32.8188495,39.8638678],[32.8189776,39.8640102],[32.8190815,39.8641493],[32.8191941,39.8643426],[32.8192648,39.8646054]]}},{"type":"Feature","properties":{"name":"Dikmen Cad.","oneway":"yes","highway":"primary","osm_id":241137330},"geometry":{"type":"LineString","coordinates":[[32.8366517,39.8773067],[32.837162,39.8778594]]}},{"type":"Feature","properties":{"highway":"primary","source":"Bing","osm_id":241137332},"geometry":{"type":"LineString","coordinates":[[32.8366517,39.8773067],[32.8365788,39.8773474]]}},{"type":"Feature","properties":{"highway":"primary","osm_id":241137334},"geometry":{"type":"LineString","coordinates":[[32.837162,39.8778594],[32.8370825,39.8778967]]}},{"type":"Feature","properties":{"name":"Dikmen Cad.","oneway":"yes","highway":"primary","osm_id":241137337},"geometry":{"type":"LineString","coordinates":[[32.837162,39.8778594],[32.8372217,39.8779221],[32.8374669,39.8781917],[32.8379926,39.8788155],[32.8382494,39.8791336],[32.8384609,39.8794275],[32.8386598,39.8797699],[32.8388564,39.8801327],[32.8389889,39.8803802],[32.8391767,39.8808531],[32.8393882,39.8815194]]}},{"type":"Feature","properties":{"name":"Dikmen Cad.","oneway":"yes","highway":"primary","osm_id":241138393},"geometry":{"type":"LineString","coordinates":[[32.8413589,39.8931692],[32.8413421,39.8918187],[32.8413328,39.8909691],[32.841314,39.8906161],[32.8412505,39.890319],[32.8411604,39.8900708],[32.8410433,39.8898403],[32.8408312,39.8895369],[32.8404668,39.8889504],[32.8402922,39.8886335],[32.8401818,39.8883673],[32.8401001,39.8880877],[32.8400581,39.8877927],[32.8400559,39.8876961],[32.8400272,39.8866011],[32.839994,39.8862943],[32.8399366,39.8860536],[32.8398769,39.8858011],[32.8397621,39.8854807],[32.8396251,39.8851366],[32.8395765,39.8849637],[32.8395522,39.8847976],[32.8395417,39.8845643],[32.8395058,39.8837619],[32.8394926,39.8834737],[32.8394727,39.8827787],[32.8394351,39.8823397],[32.8393821,39.8819769],[32.839307,39.8815278],[32.8390927,39.8808735],[32.8389359,39.8804734],[32.8387923,39.8801649],[32.8385883,39.8797929],[32.8385869,39.8797903],[32.838377,39.8794377],[32.8381495,39.8791461],[32.8377982,39.878707],[32.8374757,39.8783324],[32.8370825,39.8778967],[32.8365788,39.8773474],[32.8364381,39.8771696]]}},{"type":"Feature","properties":{"highway":"tertiary","osm_id":241142907},"geometry":{"type":"LineString","coordinates":[[32.811053,39.8549628],[32.8108615,39.8545397],[32.8107065,39.8541423],[32.8106925,39.8539288],[32.8107805,39.8534449],[32.8108263,39.8532773],[32.8109516,39.8529435]]}},{"type":"Feature","properties":{"name":"Cevizlidere Cad.","highway":"secondary","oneway":"no","osm_id":241151966},"geometry":{"type":"LineString","coordinates":[[32.8182793,39.8761467],[32.8181621,39.8761417]]}},{"type":"Feature","properties":{"highway":"residential","osm_id":241151970},"geometry":{"type":"LineString","coordinates":[[32.8101893,39.8571411],[32.8108284,39.8568086]]}},{"type":"Feature","properties":{"highway":"residential","osm_id":241159679},"geometry":{"type":"LineString","coordinates":[[32.8316043,39.8822175],[32.8308026,39.8824808]]}},{"type":"Feature","properties":{"highway":"residential","osm_id":241159680},"geometry":{"type":"LineString","coordinates":[[32.8320238,39.883027],[32.833617,39.8826401]]}},{"type":"Feature","properties":{"highway":"residential","osm_id":241159681},"geometry":{"type":"LineString","coordinates":[[32.8191775,39.87904],[32.8192361,39.8785428],[32.8193958,39.8775572]]}},{"type":"Feature","properties":{"highway":"residential","osm_id":241159682},"geometry":{"type":"LineString","coordinates":[[32.8224693,39.8789624],[32.8223405,39.8789039],[32.821957,39.8785275]]}},{"type":"Feature","properties":{"highway":"residential","osm_id":241159683},"geometry":{"type":"LineString","coordinates":[[32.8215982,39.8704124],[32.8225712,39.8705781]]}},{"type":"Feature","properties":{"highway":"residential","osm_id":241159684},"geometry":{"type":"LineString","coordinates":[[32.8205655,39.8765902],[32.8214748,39.8765948]]}},{"type":"Feature","properties":{"highway":"residential","name":"1349. Sokak","osm_id":241281823},"geometry":{"type":"LineString","coordinates":[[32.8279752,39.8831661],[32.8290357,39.8830229]]}},{"type":"Feature","properties":{"name":"1582.sk(312.sk)","highway":"residential","osm_id":241350095},"geometry":{"type":"LineString","coordinates":[[32.8021425,39.8881629],[32.8020508,39.8875856],[32.8021217,39.8870972],[32.8022025,39.8865412],[32.8022721,39.8860622],[32.8022816,39.8858512]]}},{"type":"Feature","properties":{"highway":"service","osm_id":242726991},"geometry":{"type":"LineString","coordinates":[[32.8473151,39.882825],[32.8472486,39.882454],[32.8472755,39.8824231],[32.848067,39.8822834],[32.8480863,39.8823554],[32.8485937,39.8822644]]}},{"type":"Feature","properties":{"oneway":"yes","highway":"residential","osm_id":245292821},"geometry":{"type":"LineString","coordinates":[[32.8500306,39.8874854],[32.849674,39.8875854]]}},{"type":"Feature","properties":{"name":"Portakal Çiçeği Sok.","oneway":"no","highway":"residential","osm_id":245292822},"geometry":{"type":"LineString","coordinates":[[32.8500306,39.8874854],[32.8503488,39.8873359],[32.850633,39.8870144],[32.851001,39.8867129],[32.8514802,39.8864238],[32.8518182,39.8862118],[32.8520524,39.8859887],[32.8522662,39.8856565],[32.8524277,39.8854055],[32.8524627,39.8852066],[32.8524466,39.8849419]]}},{"type":"Feature","properties":{"name":"Portakal Çiçeği Sok.","oneway":"yes","highway":"residential","osm_id":245292823},"geometry":{"type":"LineString","coordinates":[[32.8490838,39.8879626],[32.8493644,39.8876708],[32.8494373,39.8875603]]}},{"type":"Feature","properties":{"highway":"footway","osm_id":264999493},"geometry":{"type":"LineString","coordinates":[[32.8245745,39.8473098],[32.8247155,39.8473144]]}},{"type":"Feature","properties":{"highway":"path","osm_id":265000148},"geometry":{"type":"LineString","coordinates":[[32.8245499,39.8472533],[32.8246853,39.8471851],[32.8246283,39.8470337],[32.8245043,39.8470634],[32.8244759,39.8470493],[32.8244312,39.8470556],[32.8243986,39.8470634],[32.82436,39.8470774],[32.8243275,39.8470899],[32.8242889,39.8471024],[32.8242624,39.8471274],[32.8242502,39.8471617],[32.8242143,39.8471743]]}},{"type":"Feature","properties":{"highway":"path","osm_id":265000149},"geometry":{"type":"LineString","coordinates":[[32.8242502,39.8471617],[32.8242899,39.8471596]]}},{"type":"Feature","properties":{"highway":"secondary","oneway":"yes","osm_id":265616141},"geometry":{"type":"LineString","coordinates":[[32.8127112,39.8870153],[32.8122819,39.8870686]]}},{"type":"Feature","properties":{"highway":"secondary","name":"1071 Malazgirt Bulvarı","oneway":"yes","bridge":"yes","lanes":"3","layer":"1","osm_id":265616145},"geometry":{"type":"LineString","coordinates":[[32.8132415,39.8868942],[32.8117884,39.8870476],[32.8104044,39.8872742]]}},{"type":"Feature","properties":{"layer":"1","highway":"residential","bridge":"yes","osm_id":265616147},"geometry":{"type":"LineString","coordinates":[[32.8039283,39.8880885],[32.8039107,39.888451]]}},{"type":"Feature","properties":{"name":"1506. cd","maxspeed":"50","oneway":"no","highway":"residential","surface":"asphalt","osm_id":265616149},"geometry":{"type":"LineString","coordinates":[[32.8039107,39.888451],[32.8038158,39.8893749],[32.8037674,39.889771],[32.8035961,39.8902749],[32.8033446,39.8910805]]}},{"type":"Feature","properties":{"name":"1071 Malazgirt Bulvarı","surface":"asphalt","lanes":"3","maxspeed":"80","oneway":"yes","highway":"primary","osm_id":265616151},"geometry":{"type":"LineString","coordinates":[[32.8008741,39.8886661],[32.801686,39.8885049],[32.8029529,39.8883519],[32.8041667,39.8881937],[32.8053966,39.8879886],[32.8067412,39.8877732],[32.8088625,39.8874289],[32.809417,39.8873318]]}},{"type":"Feature","properties":{"highway":"secondary_link","oneway":"yes","osm_id":265616153},"geometry":{"type":"LineString","coordinates":[[32.8152592,39.8867854],[32.8148974,39.8868606],[32.8145923,39.8868878],[32.8140809,39.886915],[32.8135309,39.8869433],[32.8133103,39.8869592],[32.8131796,39.8869687],[32.8130421,39.8869786],[32.8127112,39.8870153]]}},{"type":"Feature","properties":{"bridge":"yes","highway":"secondary","lanes":"3","layer":"1","name":"1071 Malazgirt Bulvarı","oneway":"yes","osm_id":265616154},"geometry":{"type":"LineString","coordinates":[[32.8103919,39.8871652],[32.8117646,39.8869456],[32.8132128,39.8867806]]}},{"type":"Feature","properties":{"highway":"secondary_link","oneway":"yes","osm_id":271421472},"geometry":{"type":"LineString","coordinates":[[32.8118902,39.8868466],[32.8119833,39.8868977],[32.81201,39.8869652],[32.812,39.8870414],[32.8119265,39.8871118]]}},{"type":"Feature","properties":{"highway":"service","osm_id":284664747},"geometry":{"type":"LineString","coordinates":[[32.8705437,39.8761032],[32.8690512,39.876076],[32.8689401,39.8762244]]}},{"type":"Feature","properties":{"highway":"service","oneway":"yes","osm_id":284664749},"geometry":{"type":"LineString","coordinates":[[32.8708682,39.8763175],[32.870851,39.8763142],[32.8708364,39.8763065],[32.870826,39.8762954],[32.8708212,39.8762823],[32.8708253,39.8762698],[32.8708295,39.8762567],[32.8708417,39.8762468],[32.8708577,39.8762408],[32.8708743,39.8762392],[32.8708917,39.8762422],[32.8709066,39.8762495],[32.8709139,39.8762568],[32.8709174,39.8762603],[32.8709194,39.8762768],[32.8709209,39.87629],[32.8709128,39.8763021],[32.8708998,39.8763114],[32.8708828,39.8763147],[32.8708682,39.8763175]]}},{"type":"Feature","properties":{"highway":"service","service":"parking_aisle","osm_id":284664750},"geometry":{"type":"LineString","coordinates":[[32.8709194,39.8762768],[32.8711392,39.8762705],[32.8711898,39.8762344],[32.8712247,39.8761973],[32.8712273,39.8761644],[32.8712113,39.8761253],[32.8711959,39.8761071],[32.8711379,39.8760387]]}},{"type":"Feature","properties":{"name":"488. Sk.","highway":"residential","osm_id":284852776},"geometry":{"type":"LineString","coordinates":[[32.8797985,39.8777676],[32.8794967,39.8778917],[32.8791958,39.8780101]]}},{"type":"Feature","properties":{"highway":"residential","osm_id":284852779},"geometry":{"type":"LineString","coordinates":[[32.8748888,39.8715084],[32.8757136,39.8710098]]}},{"type":"Feature","properties":{"name":"450. Cd.","highway":"residential","osm_id":284852781},"geometry":{"type":"LineString","coordinates":[[32.8757136,39.8710098],[32.8765335,39.8717587],[32.8774128,39.8725968],[32.8785666,39.8736581],[32.8798695,39.8748571],[32.8804522,39.8753932],[32.8807654,39.8756523],[32.8814023,39.8761642],[32.8821438,39.8767336],[32.8829278,39.8777406],[32.8834669,39.878201],[32.8837821,39.8784947]]}},{"type":"Feature","properties":{"highway":"residential","osm_id":284852783},"geometry":{"type":"LineString","coordinates":[[32.8774128,39.8725968],[32.8769033,39.8729461]]}},{"type":"Feature","properties":{"highway":"residential","osm_id":284852784},"geometry":{"type":"LineString","coordinates":[[32.8802283,39.8760301],[32.8807654,39.8756523]]}},{"type":"Feature","properties":{"highway":"living_street","osm_id":284852790},"geometry":{"type":"LineString","coordinates":[[32.8793334,39.8772131],[32.8796938,39.8776428],[32.8797985,39.8777676]]}},{"type":"Feature","properties":{"name":"493. Cd.","highway":"residential","osm_id":284852795},"geometry":{"type":"LineString","coordinates":[[32.881299,39.8770621],[32.8821438,39.8767336],[32.8822343,39.8767021],[32.8833738,39.876306]]}},{"type":"Feature","properties":{"highway":"residential","osm_id":284852797},"geometry":{"type":"LineString","coordinates":[[32.8767657,39.8749247],[32.877617,39.8745004]]}},{"type":"Feature","properties":{"name":"459. Cadde","highway":"tertiary","osm_id":284852800},"geometry":{"type":"LineString","coordinates":[[32.8791958,39.8780101],[32.8783913,39.8779935],[32.8782633,39.8779883],[32.8781233,39.8779789],[32.8771976,39.8779895],[32.876838,39.8780088],[32.8754578,39.8780196]]}},{"type":"Feature","properties":{"highway":"residential","osm_id":284852803},"geometry":{"type":"LineString","coordinates":[[32.8804384,39.877246],[32.8796938,39.8776428]]}},{"type":"Feature","properties":{"highway":"residential","osm_id":284852806},"geometry":{"type":"LineString","coordinates":[[32.8774534,39.8757036],[32.8783222,39.8752784]]}},{"type":"Feature","properties":{"highway":"tertiary","name":"435. Cadde","osm_id":284852808},"geometry":{"type":"LineString","coordinates":[[32.8728634,39.870609],[32.8731596,39.8710539],[32.8735146,39.8715222],[32.8737106,39.8719505],[32.8742027,39.873026],[32.8748057,39.8742964]]}},{"type":"Feature","properties":{"name":"435. Cadde","highway":"tertiary","osm_id":284853460},"geometry":{"type":"LineString","coordinates":[[32.8749243,39.8750808],[32.8749683,39.8753672],[32.8751088,39.876227],[32.8752583,39.8770037],[32.8753525,39.8774932],[32.8754578,39.8780196],[32.8756199,39.8789805],[32.8756847,39.8793643],[32.8757355,39.8797646],[32.8757397,39.8797977],[32.8759103,39.8811423],[32.8759712,39.881622],[32.8759745,39.881775],[32.8759878,39.88191],[32.8760914,39.88242],[32.8762528,39.883215],[32.8763063,39.8833747],[32.8763619,39.8836739],[32.8765048,39.8843832],[32.876612,39.8846576],[32.876842,39.8853084],[32.876944,39.8855233]]}},{"type":"Feature","properties":{"highway":"footway","osm_id":285393689},"geometry":{"type":"LineString","coordinates":[[32.8804964,39.8800263],[32.8795267,39.8803579]]}},{"type":"Feature","properties":{"name":"717.Sokak","highway":"residential","osm_id":285393693},"geometry":{"type":"LineString","coordinates":[[32.8622945,39.8767864],[32.8630171,39.8769974],[32.8635276,39.8771338],[32.8637241,39.8771589],[32.8640475,39.8770763]]}},{"type":"Feature","properties":{"name":"Lizbon Cad.","oneway":"no","tunnel":"yes","source":"Bing","layer":"-1","highway":"secondary","osm_id":288878890},"geometry":{"type":"LineString","coordinates":[[32.8239694,39.8862487],[32.8240084,39.8865728]]}},{"type":"Feature","properties":{"name":"Lizbon Cad.","oneway":"no","source":"Bing","highway":"secondary","osm_id":288878891},"geometry":{"type":"LineString","coordinates":[[32.8240084,39.8865728],[32.824081,39.8869845],[32.8241536,39.8873796],[32.8242012,39.8877062],[32.8242194,39.8878],[32.8242589,39.8880144],[32.8243134,39.8883895],[32.8243328,39.8886621],[32.8243257,39.8890199],[32.8243253,39.8890401],[32.8242723,39.8891994],[32.824184,39.8894096],[32.823995,39.889723],[32.8234452,39.8905503],[32.8233808,39.8906841],[32.8233138,39.8909701],[32.8232816,39.8912726],[32.8232896,39.8916637],[32.8233513,39.8922584],[32.8234296,39.8932318],[32.8235841,39.894838]]}},{"type":"Feature","properties":{"name":"Cevizlidere Caddesi","highway":"secondary","oneway":"yes","osm_id":288878895},"geometry":{"type":"LineString","coordinates":[[32.8224436,39.8673945],[32.8222182,39.8676252],[32.8219617,39.8678933],[32.8216484,39.8682525],[32.8213488,39.8685773],[32.8212309,39.8686803],[32.8207867,39.86903],[32.8198263,39.8695932],[32.8195527,39.8698482],[32.8193996,39.8700156],[32.8190284,39.8704381],[32.8189803,39.870493],[32.8189356,39.8705485],[32.8189247,39.8705677],[32.8189001,39.8706112],[32.8188801,39.8706857],[32.8188724,39.8708016],[32.818869,39.8710768],[32.8188474,39.8716017],[32.8188456,39.8716176],[32.818778,39.8722205],[32.8187662,39.8723254],[32.8187546,39.8724724],[32.8187479,39.8725774],[32.8187406,39.8726946],[32.8187357,39.8727926]]}},{"type":"Feature","properties":{"highway":"residential","oneway":"yes","osm_id":288878896},"geometry":{"type":"LineString","coordinates":[[32.8223773,39.8673505],[32.8224569,39.8672822],[32.8225445,39.867226]]}},{"type":"Feature","properties":{"highway":"residential","osm_id":288878898},"geometry":{"type":"LineString","coordinates":[[32.822277,39.8648507],[32.8224928,39.8650194],[32.8228587,39.8651862],[32.8231653,39.8652857],[32.8234406,39.8653826],[32.8236623,39.8654851],[32.8238222,39.8655644]]}},{"type":"Feature","properties":{"highway":"residential","osm_id":288878902},"geometry":{"type":"LineString","coordinates":[[32.8275363,39.8849177],[32.8272315,39.8840831]]}},{"type":"Feature","properties":{"highway":"secondary","name":"1071 Malazgirt Bulvarı","lanes":"3","maxspeed":"80","oneway":"yes","surface":"asphalt","osm_id":288878905},"geometry":{"type":"LineString","coordinates":[[32.8104044,39.8872742],[32.8093595,39.8874652]]}},{"type":"Feature","properties":{"name":"1481.Sokak","oneway":"no","highway":"residential","osm_id":288880202},"geometry":{"type":"LineString","coordinates":[[32.808856,39.888279],[32.8093708,39.8888732],[32.8094137,39.8889219],[32.8095106,39.8890299],[32.8095875,39.8890967],[32.8096441,39.8891369],[32.8097334,39.889183],[32.8098197,39.8892125]]}},{"type":"Feature","properties":{"highway":"residential","osm_id":298261665},"geometry":{"type":"LineString","coordinates":[[32.8520985,39.8807749],[32.8528852,39.8805937],[32.8531853,39.8805135],[32.8536557,39.8805096],[32.8540697,39.8804233],[32.8544212,39.8804833]]}},{"type":"Feature","properties":{"name":"737. Sk (28. Sk.);Şehit Mustafa Doğan Sk","highway":"residential","osm_id":298261666},"geometry":{"type":"LineString","coordinates":[[32.855841,39.877152],[32.8556831,39.8774877],[32.8554878,39.8778627]]}},{"type":"Feature","properties":{"highway":"tertiary","name":"Şehit Mustafa Doğan Caddesi","osm_id":298261667},"geometry":{"type":"LineString","coordinates":[[32.8550817,39.8742317],[32.8550813,39.8743385],[32.8550798,39.8747226],[32.855077,39.8754563]]}},{"type":"Feature","properties":{"name":"737.Cadde","highway":"residential","osm_id":298261668},"geometry":{"type":"LineString","coordinates":[[32.8544438,39.8766489],[32.8541047,39.8770635]]}},{"type":"Feature","properties":{"bridge":"yes","highway":"secondary","layer":"1","name":"Cezayir Caddesi","oneway":"yes","osm_id":300630080},"geometry":{"type":"LineString","coordinates":[[32.8487613,39.8748375],[32.8506882,39.8731832]]}},{"type":"Feature","properties":{"name":"Alexander Dubçek Cad.","highway":"secondary","oneway":"yes","osm_id":301019488},"geometry":{"type":"LineString","coordinates":[[32.8500284,39.8702243],[32.8499333,39.8704846],[32.849869,39.8707105],[32.8499149,39.8710563],[32.850066,39.8713398],[32.8504943,39.8721432],[32.850669,39.8724326],[32.8508115,39.872542],[32.8510144,39.8726166]]}},{"type":"Feature","properties":{"highway":"secondary","name":"Cezayir Caddesi","oneway":"yes","osm_id":301019489},"geometry":{"type":"LineString","coordinates":[[32.8506882,39.8731832],[32.8507738,39.8730603],[32.850803,39.8729629],[32.8507941,39.8728608]]}},{"type":"Feature","properties":{"bridge":"yes","highway":"secondary","layer":"1","name":"Cezayir Caddesi","oneway":"yes","osm_id":301019491},"geometry":{"type":"LineString","coordinates":[[32.8507998,39.8732424],[32.848836,39.8748917]]}},{"type":"Feature","properties":{"highway":"secondary","name":"Cezayir Caddesi","oneway":"yes","osm_id":301019494},"geometry":{"type":"LineString","coordinates":[[32.848836,39.8748917],[32.8482644,39.8752388]]}},{"type":"Feature","properties":{"name":"Cezayir Cad.","highway":"secondary","oneway":"yes","osm_id":301019496},"geometry":{"type":"LineString","coordinates":[[32.8524852,39.8726348],[32.8522815,39.8726584]]}},{"type":"Feature","properties":{"highway":"secondary","junction":"roundabout","oneway":"yes","osm_id":301019497},"geometry":{"type":"LineString","coordinates":[[32.8507941,39.8728608],[32.8507771,39.8728038],[32.8507852,39.8727457],[32.8508176,39.8726927],[32.8508708,39.8726508],[32.8509388,39.8726244],[32.8510144,39.8726166]]}},{"type":"Feature","properties":{"name":"Sinan Cad.","highway":"secondary","oneway":"yes","source":"Bing","osm_id":301019499},"geometry":{"type":"LineString","coordinates":[[32.8478062,39.8757465],[32.8479197,39.87555],[32.8479748,39.8753884],[32.8479901,39.8753019]]}},{"type":"Feature","properties":{"old_name":"415. Cd.","highway":"residential","oneway":"no","osm_id":307272079},"geometry":{"type":"LineString","coordinates":[[32.8691194,39.8821008],[32.8685981,39.8823818],[32.8685332,39.8824382],[32.8683424,39.8826039]]}},{"type":"Feature","properties":{"highway":"unclassified","oneway":"yes","osm_id":307272080},"geometry":{"type":"LineString","coordinates":[[32.8723627,39.8807131],[32.8724591,39.8810043]]}},{"type":"Feature","properties":{"highway":"residential","oneway":"yes","osm_id":307272081},"geometry":{"type":"LineString","coordinates":[[32.8719918,39.881168],[32.8721662,39.8810906],[32.8723773,39.8810198]]}},{"type":"Feature","properties":{"name":"428. Cd.","highway":"residential","osm_id":307272082},"geometry":{"type":"LineString","coordinates":[[32.8723627,39.8807131],[32.8722817,39.8804333],[32.872228,39.8801742],[32.8721342,39.879845],[32.8719204,39.8791924]]}},{"type":"Feature","properties":{"highway":"residential","osm_id":307272083},"geometry":{"type":"LineString","coordinates":[[32.8727287,39.8813608],[32.8728383,39.8814444],[32.8729893,39.8815728],[32.8733899,39.8817052],[32.8738133,39.881794],[32.8739653,39.8818315]]}},{"type":"Feature","properties":{"highway":"residential","osm_id":307637703},"geometry":{"type":"LineString","coordinates":[[32.8306114,39.8576248],[32.8302123,39.8571524]]}},{"type":"Feature","properties":{"highway":"residential","name":"970.Sk(112.Sk)","osm_id":307637704},"geometry":{"type":"LineString","coordinates":[[32.8319556,39.8591229],[32.8320658,39.859643],[32.8320847,39.8597323],[32.8321467,39.8600249],[32.8321808,39.8601864],[32.8323744,39.8606704],[32.8327164,39.8610982],[32.8330562,39.8615394]]}},{"type":"Feature","properties":{"name":"977.Sk","highway":"footway","osm_id":307637705},"geometry":{"type":"LineString","coordinates":[[32.8331387,39.8590958],[32.8329847,39.8591999],[32.832943,39.8592639],[32.8328254,39.8594386],[32.8327343,39.8595522],[32.8327019,39.8594946],[32.8326243,39.8593571],[32.8325864,39.859328],[32.8324954,39.8592726],[32.8323929,39.8593163],[32.8322791,39.8593192],[32.8322153,39.859256],[32.8321615,39.8592028],[32.8320271,39.8591576],[32.8319556,39.8591229]]}},{"type":"Feature","properties":{"highway":"residential","name":"948.Sk(113.Sk)","osm_id":307637706},"geometry":{"type":"LineString","coordinates":[[32.8331387,39.8590958],[32.83315,39.8597383]]}},{"type":"Feature","properties":{"highway":"residential","name":"975.Sk(104.Sk)","osm_id":307637707},"geometry":{"type":"LineString","coordinates":[[32.83315,39.8597383],[32.8338885,39.8597434],[32.8342323,39.8597458],[32.8346985,39.8597491],[32.8354741,39.8597574],[32.8355488,39.8597582]]}},{"type":"Feature","properties":{"highway":"residential","name":"948.Sk(113.Sk)","osm_id":307637708},"geometry":{"type":"LineString","coordinates":[[32.83315,39.8597383],[32.8331526,39.8598844],[32.8330843,39.8600241]]}},{"type":"Feature","properties":{"oneway":"yes","highway":"secondary","osm_id":307692761},"geometry":{"type":"LineString","coordinates":[[32.8245875,39.8542974],[32.8245746,39.8544037],[32.8245026,39.8544865],[32.8243285,39.8545665],[32.8240996,39.8545632]]}},{"type":"Feature","properties":{"name":"1281.Sokak","oneway":"no","highway":"residential","osm_id":307702697},"geometry":{"type":"LineString","coordinates":[[32.8238879,39.8864197],[32.8238245,39.8864062],[32.8235442,39.8863465],[32.823157,39.8863364],[32.8217285,39.8863593]]}},{"type":"Feature","properties":{"highway":"residential","osm_id":307702698},"geometry":{"type":"LineString","coordinates":[[32.8206764,39.8863619],[32.8217285,39.8863593]]}},{"type":"Feature","properties":{"name":"1485.sk(31.cd);1487.sk(399.sk)","highway":"residential","osm_id":307949191},"geometry":{"type":"LineString","coordinates":[[32.8074736,39.8888418],[32.8076467,39.888797],[32.807867,39.8887813],[32.808068,39.8888216],[32.8081394,39.8888302],[32.8081827,39.8888143],[32.808856,39.888279]]}},{"type":"Feature","properties":{"highway":"tertiary","name":"Ukrayna Caddesi","osm_id":310217698},"geometry":{"type":"LineString","coordinates":[[32.8627416,39.8643481],[32.8624412,39.8645532],[32.8623078,39.8646442],[32.8615363,39.8651674],[32.8610652,39.8654869],[32.8608677,39.8656208],[32.8607705,39.8656868],[32.860663,39.865764],[32.8602236,39.8660796],[32.8601114,39.8661583],[32.8600709,39.8661867],[32.8598106,39.8663693],[32.8596082,39.8665112],[32.8594043,39.8666535],[32.8593008,39.8667179]]}},{"type":"Feature","properties":{"highway":"tertiary","layer":"-1","name":"Ukrayna Caddesi","tunnel":"yes","osm_id":310217700},"geometry":{"type":"LineString","coordinates":[[32.8631794,39.8640672],[32.8631199,39.8641054],[32.8627416,39.8643481]]}},{"type":"Feature","properties":{"highway":"residential","name":"596.Sokak","osm_id":310217704},"geometry":{"type":"LineString","coordinates":[[32.8566001,39.8616795],[32.8582157,39.862526]]}},{"type":"Feature","properties":{"highway":"tertiary","name":"391. Cadde","osm_id":313433605},"geometry":{"type":"LineString","coordinates":[[32.8735011,39.8851898],[32.8735041,39.8851661],[32.8734661,39.885112],[32.8734046,39.8849685],[32.8732576,39.8846131],[32.8732529,39.8844883],[32.8725861,39.8834026],[32.872284,39.882782],[32.8720433,39.8822767],[32.8718686,39.8819283],[32.87172,39.881735],[32.8714741,39.8813678]]}},{"type":"Feature","properties":{"highway":"service","osm_id":313882837},"geometry":{"type":"LineString","coordinates":[[32.8708828,39.8763147],[32.870877,39.876564],[32.870869,39.876777]]}},{"type":"Feature","properties":{"highway":"residential","name":"502/1 Sk.","osm_id":313884574},"geometry":{"type":"LineString","coordinates":[[32.8838726,39.8754035],[32.884444,39.8749297]]}},{"type":"Feature","properties":{"highway":"residential","name":"492. Sk.","osm_id":313887594},"geometry":{"type":"LineString","coordinates":[[32.8832507,39.8748277],[32.8833012,39.8745471],[32.8833584,39.8743427],[32.8834501,39.8741713],[32.883536,39.8739888]]}},{"type":"Feature","properties":{"highway":"residential","name":"492. Sk.","osm_id":313887595},"geometry":{"type":"LineString","coordinates":[[32.882515,39.8755944],[32.8828196,39.875266],[32.8830611,39.8750625],[32.8831315,39.875063],[32.8832483,39.8751146],[32.8833421,39.875207],[32.883468,39.8753923]]}},{"type":"Feature","properties":{"name":"491. Cd","highway":"residential","osm_id":313887596},"geometry":{"type":"LineString","coordinates":[[32.8838072,39.8767774],[32.8849068,39.8768882]]}},{"type":"Feature","properties":{"highway":"tertiary","name":"479. Cadde","osm_id":316704951},"geometry":{"type":"LineString","coordinates":[[32.8825766,39.8831256],[32.8832035,39.8827934],[32.8834124,39.882656],[32.8838494,39.8823372]]}},{"type":"Feature","properties":{"highway":"residential","name":"480. Sokak","osm_id":316705643},"geometry":{"type":"LineString","coordinates":[[32.8838494,39.8823372],[32.8853135,39.8834735]]}},{"type":"Feature","properties":{"name":"482. Cd.","highway":"residential","osm_id":316705644},"geometry":{"type":"LineString","coordinates":[[32.8838494,39.8823372],[32.8838067,39.8809544],[32.883788,39.8806699]]}},{"type":"Feature","properties":{"highway":"residential","name":"484. Sokak","osm_id":316706223},"geometry":{"type":"LineString","coordinates":[[32.8812547,39.8812946],[32.8819292,39.881098],[32.8831013,39.8808037],[32.883788,39.8806699],[32.884054,39.8804848],[32.8842146,39.8803566]]}},{"type":"Feature","properties":{"highway":"secondary","tunnel":"yes","layer":"-1","osm_id":318084634},"geometry":{"type":"LineString","coordinates":[[32.8100365,39.887089],[32.8100937,39.8875933]]}},{"type":"Feature","properties":{"highway":"secondary_link","name":"1071 Malazgirt Bulvarı","oneway":"yes","osm_id":318084636},"geometry":{"type":"LineString","coordinates":[[32.8099386,39.8871941],[32.8102052,39.8871349],[32.811006,39.8869905],[32.8115636,39.8868998],[32.8118902,39.8868466],[32.8122487,39.8868117]]}},{"type":"Feature","properties":{"highway":"secondary","osm_id":318084637},"geometry":{"type":"LineString","coordinates":[[32.8100937,39.8875933],[32.8101786,39.8883538]]}},{"type":"Feature","properties":{"name":"Zülfü Tigrel Cd.","oneway":"yes","highway":"secondary","osm_id":334716773},"geometry":{"type":"LineString","coordinates":[[32.8287471,39.8468028],[32.8288426,39.8466376],[32.8289599,39.8464303],[32.8290288,39.8463028],[32.8290957,39.8461791],[32.8291182,39.8461374],[32.8292743,39.8457781],[32.8294161,39.845448],[32.8294451,39.8453807],[32.8295409,39.8451571]]}},{"type":"Feature","properties":{"highway":"tertiary","oneway":"yes","name":"Ferit Recai Ertuğrul Caddesi","osm_id":334716775},"geometry":{"type":"LineString","coordinates":[[32.8291617,39.8489446],[32.8292744,39.8489723],[32.8294355,39.8490114],[32.8297562,39.8490485],[32.8307869,39.8490447],[32.831026,39.8491274],[32.831039,39.8491354],[32.8310732,39.8491565],[32.8312053,39.8492774],[32.8320533,39.8499183],[32.8321633,39.8501167],[32.8322233,39.850755],[32.8322443,39.8509326],[32.8321732,39.8510173]]}},{"type":"Feature","properties":{"highway":"residential","osm_id":338345678},"geometry":{"type":"LineString","coordinates":[[32.8223121,39.8906164],[32.8223095,39.8901309],[32.8223072,39.8900243],[32.822314,39.8898936],[32.8223955,39.8895423],[32.8224193,39.8894396],[32.8226277,39.8890871],[32.8226882,39.8889633],[32.8229544,39.888543],[32.8230087,39.8884208]]}},{"type":"Feature","properties":{"highway":"service","osm_id":338345741},"geometry":{"type":"LineString","coordinates":[[32.8120659,39.8890738],[32.8119376,39.8876437]]}},{"type":"Feature","properties":{"highway":"service","osm_id":338345747},"geometry":{"type":"LineString","coordinates":[[32.806132,39.8889658],[32.8063282,39.8886613],[32.8064134,39.8884911],[32.806633,39.8883346],[32.8068437,39.8882245]]}},{"type":"Feature","properties":{"highway":"residential","osm_id":338345750},"geometry":{"type":"LineString","coordinates":[[32.8229544,39.888543],[32.8229684,39.8889994],[32.8229908,39.8890355],[32.8231252,39.8890699],[32.8243257,39.8890199]]}},{"type":"Feature","properties":{"highway":"residential","osm_id":338345752},"geometry":{"type":"LineString","coordinates":[[32.8216894,39.8886419],[32.8222025,39.8886018],[32.8224813,39.88858],[32.8226302,39.8885683],[32.8229544,39.888543]]}},{"type":"Feature","properties":{"highway":"service","osm_id":338345787},"geometry":{"type":"LineString","coordinates":[[32.8062577,39.888983],[32.806456,39.8886751],[32.8065478,39.8885633],[32.8066173,39.8884997],[32.8066913,39.8884481],[32.8067675,39.8884085],[32.8068257,39.8883896],[32.8071866,39.8883415]]}},{"type":"Feature","properties":{"highway":"residential","osm_id":342129976},"geometry":{"type":"LineString","coordinates":[[32.8620415,39.8537056],[32.8609669,39.853334],[32.8599789,39.8528768],[32.8592502,39.8525056],[32.8588088,39.8521237],[32.8586616,39.8520161],[32.8585215,39.8519623],[32.8583463,39.8519515],[32.8582412,39.852043],[32.8581431,39.8521936],[32.8581349,39.8524262],[32.8579877,39.8525446],[32.8577845,39.852593],[32.8577355,39.8527059],[32.8577425,39.8528297],[32.8578967,39.8529803],[32.8581069,39.8531201],[32.8581699,39.8532708],[32.8581629,39.8534214],[32.8580928,39.8535505],[32.8579107,39.8537011],[32.8577408,39.8537739],[32.8576244,39.8537967],[32.8575005,39.8538386],[32.8573469,39.8539222],[32.8572256,39.854004],[32.8571537,39.8540554],[32.8571066,39.8541219],[32.8570843,39.8542113],[32.8571265,39.8543539],[32.8571884,39.8544205],[32.857399,39.8545061],[32.8577185,39.8546183],[32.8578275,39.8546791],[32.8578895,39.8547419],[32.8579613,39.8549074],[32.8579935,39.8551051],[32.8579712,39.8552839],[32.8579687,39.8556376],[32.8579737,39.8557346],[32.8579539,39.8558164],[32.85783,39.856037],[32.8578152,39.8561758],[32.8578622,39.8563394],[32.8579019,39.8564706],[32.8579093,39.8565543],[32.8578672,39.856676],[32.8578597,39.8567558],[32.8578771,39.8568414],[32.8579836,39.8569745],[32.8582685,39.8572883],[32.8583527,39.8574309],[32.8583973,39.8575831],[32.858375,39.8577523],[32.8583081,39.8579387],[32.858209,39.8580851],[32.8580753,39.8582182],[32.8579514,39.8583228],[32.8576739,39.8584559],[32.857446,39.8584826],[32.8572082,39.8585054],[32.8570199,39.8585643],[32.8569382,39.858629],[32.8568961,39.8587051],[32.8568936,39.8587811],[32.8569184,39.8588857],[32.8570868,39.8589827],[32.857451,39.8591653],[32.8577111,39.8592699],[32.8579316,39.8593839],[32.8581075,39.8595038],[32.858209,39.859595],[32.8582561,39.8596673],[32.858266,39.859808],[32.8582561,39.8599088],[32.8582759,39.8600001],[32.8583503,39.8600761],[32.858427,39.860119],[32.8585484,39.8601532],[32.8587342,39.8601132],[32.8589646,39.8600676],[32.8592247,39.8600201],[32.8594626,39.8600391],[32.8597252,39.8600866],[32.8601234,39.8601678],[32.8603544,39.8603129],[32.8607879,39.8604708],[32.8612216,39.8606544],[32.8615475,39.860805],[32.8616771,39.8608642],[32.8617822,39.8609368],[32.8619819,39.8612084],[32.8620309,39.8613294],[32.8620309,39.8614155],[32.8619784,39.8614989],[32.8617612,39.8617059],[32.8615422,39.8618431],[32.8614964,39.8619391],[32.8615251,39.8620305],[32.8616386,39.8621012],[32.8618418,39.8622034],[32.8620169,39.862276],[32.862073,39.8623594],[32.8621345,39.8624762],[32.8621975,39.8625568],[32.8623271,39.8625945],[32.8625444,39.8625461],[32.862716,39.8624654],[32.863224,39.8624493],[32.8634027,39.86246],[32.8635078,39.8625084],[32.8638932,39.8628473],[32.8639948,39.862901],[32.8641735,39.8629037],[32.8642716,39.8628742],[32.8643451,39.8627773],[32.8644467,39.8625541],[32.8644923,39.8624358],[32.8645588,39.8623094],[32.8649477,39.8618684],[32.8654592,39.8614032],[32.8669566,39.8604228]]}},{"type":"Feature","properties":{"highway":"track","tracktype":"grade3","osm_id":342129977},"geometry":{"type":"LineString","coordinates":[[32.881735,39.8536716],[32.8813394,39.8533471],[32.8809508,39.852742],[32.8809508,39.852533],[32.8810693,39.8524268],[32.8815392,39.852329],[32.8825623,39.8523678],[32.8830388,39.8524571],[32.8837699,39.8524858],[32.8840509,39.8524571],[32.8849006,39.8519228],[32.8856406,39.8512991],[32.8859128,39.8508845],[32.8864947,39.850163],[32.8866242,39.8498613],[32.8866483,39.8493556],[32.886532,39.8482532],[32.8863607,39.8470564],[32.8863805,39.8466585],[32.8866066,39.8458376],[32.8868064,39.8447098],[32.8868539,39.8444433],[32.8869689,39.8437726],[32.8871424,39.843518],[32.8874497,39.8432061],[32.8893336,39.839],[32.8897178,39.8383003],[32.889911,39.8380812],[32.8900779,39.8379176],[32.890091,39.8377979],[32.8891821,39.8365571],[32.8889274,39.8361744],[32.8889406,39.8356669],[32.8889998,39.8355691]]}},{"type":"Feature","properties":{"highway":"unclassified","note":"This road is still under construction. It connects sinpas buildings to imrahor","surface":"sand","osm_id":342129978},"geometry":{"type":"LineString","coordinates":[[32.869852,39.853715],[32.8692059,39.8534004],[32.8689047,39.8531597],[32.8686501,39.8528665],[32.8685601,39.8526329],[32.8684887,39.8522991],[32.8683365,39.8521561],[32.8677496,39.8520584],[32.8674298,39.8520369],[32.8670169,39.8521347],[32.8666411,39.8522872],[32.8664704,39.852404],[32.8664704,39.8525232],[32.8665604,39.8526352],[32.8668492,39.8527711],[32.8671038,39.8529594],[32.8672249,39.8530357],[32.8673429,39.8530643],[32.8673708,39.8531191],[32.8673305,39.85341],[32.8672715,39.8537866],[32.8672808,39.8539201],[32.8673864,39.8541179],[32.8676254,39.8543324],[32.867759,39.8545112],[32.8678335,39.8546971],[32.8678397,39.8548855],[32.867849,39.8552192],[32.8678956,39.8554242],[32.8678397,39.8555338],[32.8676658,39.8555958],[32.8674609,39.8555982],[32.867228,39.8555004],[32.866874,39.8552859],[32.8659705,39.854976],[32.8656972,39.8548378],[32.8655823,39.8547329],[32.8655109,39.854578],[32.8654147,39.854404],[32.8653153,39.8543372],[32.8651228,39.8543324],[32.8648154,39.8543801],[32.8644521,39.8543634],[32.8639087,39.8544183],[32.8637503,39.854516],[32.8634709,39.8547424],[32.8632535,39.855038],[32.8631542,39.8552645],[32.863002,39.855305],[32.862825,39.8552811],[32.8625766,39.8551095],[32.8623344,39.8549355],[32.8622258,39.854895],[32.8619836,39.8549188],[32.861729,39.8550046],[32.8614402,39.8550404],[32.8612756,39.855007],[32.8610831,39.8549188],[32.8608068,39.8547543],[32.8606888,39.8545684],[32.8605366,39.8540702],[32.860577,39.853932],[32.8607043,39.8538056],[32.860872,39.8537341],[32.8613377,39.8537389],[32.861788,39.8537556],[32.8620415,39.8537056]]}},{"type":"Feature","properties":{"highway":"track","tracktype":"grade4","osm_id":345573221},"geometry":{"type":"LineString","coordinates":[[32.8861975,39.8688942],[32.8863759,39.868617],[32.8864796,39.8683232],[32.8868543,39.8679316],[32.8875161,39.8672951],[32.8880583,39.866316],[32.8883054,39.8660467]]}},{"type":"Feature","properties":{"highway":"residential","name":"314. Cd.","ref":"314. Cd (23. Cd.)","osm_id":348731188},"geometry":{"type":"LineString","coordinates":[[32.8847451,39.8844296],[32.8847727,39.8846996],[32.8848564,39.8847747],[32.8850917,39.8849859],[32.8854922,39.8852312],[32.8862741,39.8857102]]}},{"type":"Feature","properties":{"highway":"residential","osm_id":348731194},"geometry":{"type":"LineString","coordinates":[[32.8794733,39.8877911],[32.879521,39.8886989],[32.8796855,39.8890734],[32.8802944,39.8896815],[32.8806882,39.8900748],[32.8810755,39.8902905],[32.8814893,39.8903679],[32.8817917,39.8902661],[32.881935,39.8901399],[32.882248,39.8898957],[32.882492,39.8898305],[32.8828584,39.8899881]]}},{"type":"Feature","properties":{"highway":"steps","osm_id":348731200},"geometry":{"type":"LineString","coordinates":[[32.8619671,39.8733864],[32.8618837,39.8732379]]}},{"type":"Feature","properties":{"bridge":"yes","highway":"footway","layer":"1","osm_id":348731202},"geometry":{"type":"LineString","coordinates":[[32.8618837,39.8732379],[32.8622248,39.873118]]}},{"type":"Feature","properties":{"highway":"secondary","name":"Şemsettin Günaltay Cd.","osm_id":348731220},"geometry":{"type":"LineString","coordinates":[[32.8861124,39.882936],[32.8867137,39.8826017],[32.886819,39.8825401]]}},{"type":"Feature","properties":{"highway":"trunk","lanes":"3","name":"Mevlana Bulvarı","oneway":"yes","ref":"D750","osm_id":365473798},"geometry":{"type":"LineString","coordinates":[[32.810727,39.8492558],[32.8107227,39.8491135],[32.810721,39.8487364],[32.8107059,39.8485689],[32.8106669,39.8483216],[32.8106013,39.8480129],[32.8105302,39.8477749],[32.8104325,39.8474808],[32.8102773,39.8470964],[32.810145,39.8468104],[32.8099593,39.8464937],[32.8097804,39.8462051],[32.8096808,39.8460466],[32.8094696,39.8457794],[32.8092537,39.8455369],[32.8090215,39.8453123],[32.8086882,39.8449969]]}},{"type":"Feature","properties":{"highway":"trunk","lanes":"2","oneway":"yes","osm_id":365503095},"geometry":{"type":"LineString","coordinates":[[32.8107227,39.8491135],[32.8110127,39.8491319]]}},{"type":"Feature","properties":{"highway":"footway","osm_id":375681154},"geometry":{"type":"LineString","coordinates":[[32.8309813,39.8884581],[32.8311342,39.8895368],[32.8311423,39.8895941],[32.8310672,39.8896847],[32.8310189,39.8897835],[32.8309867,39.8901045],[32.8310135,39.8903186],[32.8310725,39.8904503],[32.8312603,39.8907795],[32.8312067,39.8910389],[32.8310211,39.8914735],[32.8308523,39.891869],[32.8308761,39.8920062],[32.8309357,39.8934549],[32.8308029,39.8934757],[32.8307638,39.8934302]]}},{"type":"Feature","properties":{"layer":"1","highway":"residential","bridge":"yes","osm_id":380034651},"geometry":{"type":"LineString","coordinates":[[32.8476242,39.8814894],[32.8471156,39.8807789],[32.8467217,39.8802072]]}},{"type":"Feature","properties":{"highway":"residential","osm_id":380034652},"geometry":{"type":"LineString","coordinates":[[32.8467217,39.8802072],[32.8465027,39.8797572],[32.8469543,39.8796337],[32.8473383,39.8795093],[32.8475359,39.8793228],[32.847641,39.8790584],[32.8475892,39.8786411]]}},{"type":"Feature","properties":{"access":"no","bicycle":"permissive","foot":"permissive","highway":"track","surface":"ground","tracktype":"grade4","osm_id":386918589},"geometry":{"type":"LineString","coordinates":[[32.8148025,39.8385644],[32.8144935,39.8383936],[32.8142145,39.8381547],[32.8139785,39.8379158],[32.813721,39.837578],[32.8135923,39.8373556],[32.8135279,39.8371084],[32.8134957,39.836853],[32.813367,39.8365812],[32.8132275,39.8362434],[32.813088,39.8359221],[32.8130451,39.8357408],[32.8128734,39.8355926],[32.8127554,39.835469],[32.8126267,39.8353619],[32.8124872,39.8352465],[32.8123906,39.8351889],[32.8122941,39.8352301],[32.8122357,39.8352784],[32.8121546,39.8353454],[32.8119615,39.8354443],[32.8117254,39.8356997],[32.8115109,39.8358891],[32.8114465,39.8360951],[32.8113714,39.8362928],[32.8112963,39.8364164],[32.8111032,39.8364576],[32.8108242,39.8363258],[32.8105024,39.8360869],[32.8102556,39.8358562],[32.8100196,39.8356502],[32.8097406,39.8354937],[32.8094295,39.8353866],[32.8090861,39.8352218],[32.8087536,39.8349747],[32.8084531,39.8347687],[32.8080776,39.8344721],[32.8078201,39.8341755],[32.8077236,39.8340272],[32.8077343,39.8337636],[32.8077558,39.8336235],[32.8076378,39.833467],[32.8073159,39.8333269],[32.8071013,39.8333599],[32.8069404,39.8333104],[32.8066936,39.8332857],[32.8063288,39.833121],[32.806125,39.8330221],[32.8061464,39.8328903],[32.8063288,39.8327914],[32.8065971,39.8326596],[32.806876,39.832569],[32.8071228,39.8324536],[32.8073052,39.8324042],[32.8076485,39.83219],[32.8079382,39.8320417],[32.8083888,39.8317863],[32.8087643,39.8315885],[32.8090325,39.8313825],[32.8090969,39.8312095],[32.8089789,39.8310365],[32.8087428,39.8308058],[32.808539,39.830674],[32.8084102,39.8304515],[32.80826,39.8302538],[32.808024,39.8301055],[32.8078416,39.8299572],[32.8076699,39.8298336],[32.8076485,39.8295947],[32.8076592,39.8293392],[32.8075841,39.8291333],[32.8075734,39.8289685],[32.8076807,39.8287872],[32.8078845,39.8287048],[32.8080991,39.8286224],[32.8083244,39.8284823],[32.8084746,39.8283588],[32.8085819,39.8282434],[32.8089574,39.8281281],[32.8091612,39.8280457],[32.8093222,39.827955],[32.8095582,39.8276666],[32.8097084,39.8273865],[32.8098908,39.8269745],[32.8100517,39.8265131],[32.8101376,39.8262577],[32.8101698,39.8260682],[32.8100839,39.8258787],[32.8100088,39.8256974],[32.8101483,39.8255903],[32.8105345,39.8255326],[32.8109315,39.8254667],[32.811425,39.825376],[32.8116933,39.8252936],[32.8118971,39.8251371],[32.8119507,39.8249805],[32.8118971,39.824758],[32.8118435,39.824585],[32.8117254,39.8244532],[32.8117791,39.8243378],[32.8119078,39.8242142],[32.8120688,39.8241483],[32.8121868,39.8240659],[32.8123477,39.8239588],[32.8125408,39.8238269],[32.8127983,39.8237445],[32.8130344,39.8237198],[32.8132167,39.8237033],[32.813367,39.8236209],[32.8133777,39.8235138],[32.813324,39.8233985],[32.8132597,39.8232419],[32.8131202,39.8230524],[32.8130558,39.82297],[32.8130236,39.8228299],[32.8130236,39.8226321],[32.8130022,39.8224261],[32.81297,39.8222531],[32.8129807,39.8221213],[32.8131095,39.8220389],[32.8132489,39.8219153],[32.8134099,39.8217669],[32.8135601,39.8216021],[32.8137103,39.8213879],[32.8138283,39.8212725],[32.8138283,39.8211736],[32.8138712,39.8211242],[32.8140214,39.8210912],[32.8141287,39.8210335],[32.8140536,39.8209594],[32.8139034,39.820877],[32.8137639,39.8209182],[32.8136137,39.8208935],[32.8133777,39.8208275],[32.8132167,39.8207369],[32.81297,39.8206957],[32.8128734,39.8206215],[32.8128949,39.8205226],[32.813088,39.8204814],[32.8132919,39.8204979],[32.8136566,39.8204402],[32.8139463,39.8203661],[32.8142789,39.8203002],[32.8145793,39.8201848],[32.8149012,39.8199046],[32.8153196,39.8195915],[32.815502,39.8194514],[32.8156737,39.819336],[32.8158995,39.8191273]]}},{"type":"Feature","properties":{"oneway":"no","highway":"residential","osm_id":387701127},"geometry":{"type":"LineString","coordinates":[[32.8251425,39.8726277],[32.8245238,39.8723406]]}},{"type":"Feature","properties":{"highway":"residential","osm_id":387701129},"geometry":{"type":"LineString","coordinates":[[32.8243721,39.8736745],[32.8237448,39.8734174]]}},{"type":"Feature","properties":{"oneway":"no","highway":"service","osm_id":387704875},"geometry":{"type":"LineString","coordinates":[[32.8311923,39.8832246],[32.8308758,39.883342]]}},{"type":"Feature","properties":{"highway":"service","oneway":"yes","osm_id":387704876},"geometry":{"type":"LineString","coordinates":[[32.8120225,39.8811314],[32.8122398,39.8812446],[32.8122666,39.8815266],[32.8120776,39.8817243]]}},{"type":"Feature","properties":{"highway":"residential","osm_id":387704884},"geometry":{"type":"LineString","coordinates":[[32.8125459,39.875795],[32.8134168,39.8754965],[32.8137763,39.8758849],[32.8145332,39.8760827]]}},{"type":"Feature","properties":{"highway":"residential","osm_id":387704885},"geometry":{"type":"LineString","coordinates":[[32.8132344,39.8751266],[32.8137587,39.8749014],[32.8145402,39.8743546],[32.8150038,39.8741058],[32.8151572,39.8740095],[32.8154224,39.8737608],[32.8156347,39.8735146]]}},{"type":"Feature","properties":{"highway":"residential","osm_id":387704890},"geometry":{"type":"LineString","coordinates":[[32.8157516,39.8681922],[32.8173025,39.8676721]]}},{"type":"Feature","properties":{"highway":"footway","surface":"grass_paver","osm_id":389006215},"geometry":{"type":"LineString","coordinates":[[32.817887,39.8712141],[32.818534,39.8708168],[32.8185894,39.8708038],[32.8186634,39.8708665],[32.8186742,39.8709882],[32.8186187,39.8716385],[32.8184261,39.8717532],[32.817887,39.8712141]]}},{"type":"Feature","properties":{"highway":"residential","osm_id":394458537},"geometry":{"type":"LineString","coordinates":[[32.868623,39.8821015],[32.8685445,39.8818949],[32.8684759,39.8817625],[32.868448,39.8817104],[32.8683932,39.8816084],[32.8682892,39.881369],[32.8681853,39.8810952],[32.8681049,39.8808739],[32.8680482,39.8807833],[32.8679986,39.8807452],[32.8679348,39.8807162],[32.8677552,39.8806364]]}},{"type":"Feature","properties":{"highway":"residential","osm_id":394458538},"geometry":{"type":"LineString","coordinates":[[32.868448,39.8817104],[32.8685605,39.8816496],[32.8686817,39.8815803],[32.8688243,39.8814825]]}},{"type":"Feature","properties":{"highway":"residential","osm_id":394458539},"geometry":{"type":"LineString","coordinates":[[32.8671158,39.8819999],[32.8672252,39.8820101],[32.867381,39.8820075],[32.8676693,39.8820075],[32.8678218,39.882005],[32.8679414,39.8819944],[32.8679941,39.8819897],[32.8681035,39.8819643],[32.8682328,39.8819058],[32.8682991,39.8818447],[32.8684018,39.8817989],[32.8684759,39.8817625]]}},{"type":"Feature","properties":{"highway":"residential","osm_id":394458540},"geometry":{"type":"LineString","coordinates":[[32.8673445,39.8809672],[32.8674439,39.8809978],[32.8675401,39.8810461],[32.8676163,39.8811275],[32.8676726,39.8812496],[32.8677555,39.8814479],[32.8678251,39.8816107],[32.867908,39.8818193],[32.8679279,39.8818981],[32.8679414,39.8819944]]}},{"type":"Feature","properties":{"access":"no","bicycle":"permissive","foot":"permissive","highway":"track","surface":"ground","tracktype":"grade4","osm_id":396669449},"geometry":{"type":"LineString","coordinates":[[32.8361133,39.8305417],[32.8361149,39.8306053],[32.8360869,39.8306376],[32.8360355,39.8306878],[32.8360075,39.8307272],[32.8359748,39.8307882],[32.8359515,39.8308456],[32.8359515,39.8308958],[32.8359608,39.8309353],[32.8360962,39.8311074],[32.8361663,39.8312042],[32.8362177,39.831258],[32.8363344,39.8313226],[32.8363998,39.8313369],[32.8364418,39.8313764],[32.8364885,39.8314122],[32.8365772,39.8315091],[32.8366613,39.8316023],[32.836764,39.8316453],[32.8368668,39.8317601],[32.8369135,39.8318641],[32.8369228,39.8319932],[32.8369275,39.832212],[32.8368995,39.8323554],[32.8368761,39.8324702],[32.8368248,39.8325598],[32.8368668,39.8326925],[32.8368668,39.8328001],[32.8368481,39.8329077],[32.8368528,39.8331121],[32.8368855,39.8334169],[32.8369228,39.8335998],[32.8369835,39.8338185],[32.8369882,39.8339907],[32.8369742,39.8342955],[32.8369555,39.8345537],[32.8369275,39.8347007],[32.8368107,39.8348944],[32.836722,39.8350091],[32.8367314,39.8351562],[32.8366613,39.8353139],[32.8365352,39.835651],[32.8363531,39.835963],[32.836241,39.8362642],[32.8361523,39.8365117],[32.8360309,39.8367089],[32.8359842,39.8368523],[32.8359748,39.8369025],[32.8359328,39.8369671],[32.8358954,39.8370998],[32.8358487,39.8372109],[32.8356479,39.8373472],[32.8355639,39.8373974],[32.8353911,39.8375444],[32.835321,39.8376197],[32.8352743,39.8376663],[32.8351436,39.8378421],[32.8350128,39.8378887],[32.8349007,39.8379389],[32.8348307,39.8379747],[32.8347606,39.8381218],[32.8346625,39.8382114],[32.8345318,39.8383369],[32.8344944,39.8383871],[32.8344384,39.838405],[32.834387,39.8384086],[32.8342796,39.8384768],[32.8342329,39.8386525],[32.8342002,39.8387349],[32.8340612,39.8387683]]}},{"type":"Feature","properties":{"access":"no","bicycle":"permissive","foot":"permissive","highway":"track","surface":"ground","tracktype":"grade4","osm_id":396669573},"geometry":{"type":"LineString","coordinates":[[32.8153849,39.8396539],[32.8149273,39.8394817],[32.8144229,39.8393311],[32.8139839,39.8391949],[32.8137037,39.8390658],[32.8135823,39.8389295],[32.8128164,39.8386068],[32.8116489,39.8380904],[32.809482,39.8371007],[32.8080717,39.8364266],[32.8054658,39.8352073]]}},{"type":"Feature","properties":{"highway":"footway","osm_id":402268594},"geometry":{"type":"LineString","coordinates":[[32.8141229,39.8566587],[32.8139632,39.8565836],[32.8139118,39.8565208],[32.8138978,39.8562986],[32.8136223,39.856096],[32.8135592,39.8561247],[32.8135219,39.8561175],[32.8134938,39.8560906],[32.8134985,39.8560476],[32.8135312,39.8560207],[32.8135872,39.8560207],[32.8136199,39.856044],[32.8136293,39.8560799],[32.8136223,39.856096]]}},{"type":"Feature","properties":{"highway":"footway","osm_id":402268617},"geometry":{"type":"LineString","coordinates":[[32.8145148,39.857553],[32.8143391,39.8573525],[32.8135669,39.856288]]}},{"type":"Feature","properties":{"highway":"footway","osm_id":402268641},"geometry":{"type":"LineString","coordinates":[[32.8134938,39.8560906],[32.8134307,39.8561172]]}},{"type":"Feature","properties":{"name":"623.Sk.","highway":"residential","osm_id":403960219},"geometry":{"type":"LineString","coordinates":[[32.8577705,39.852026],[32.8577128,39.8517114],[32.8577022,39.851657],[32.8569853,39.8510257],[32.8566447,39.8507577],[32.8559463,39.8502191]]}},{"type":"Feature","properties":{"name":"620.Sk","highway":"residential","osm_id":403960220},"geometry":{"type":"LineString","coordinates":[[32.8556549,39.8506424],[32.8559463,39.8502191],[32.8559718,39.8501901],[32.8562412,39.8497766]]}},{"type":"Feature","properties":{"highway":"footway","osm_id":404138484},"geometry":{"type":"LineString","coordinates":[[32.8554176,39.8880797],[32.855439,39.8880431],[32.8554619,39.8880159],[32.8554891,39.8879726],[32.8555423,39.8879319],[32.8555383,39.8878152],[32.8555705,39.887737],[32.8556335,39.8876928],[32.8555986,39.8875765],[32.8555571,39.8875343],[32.8555235,39.8874879],[32.8555343,39.8874252],[32.8555289,39.8873408],[32.855525,39.88727]]}},{"type":"Feature","properties":{"highway":"footway","osm_id":404138488},"geometry":{"type":"LineString","coordinates":[[32.8553623,39.888578],[32.8554645,39.8885746],[32.8555705,39.8886106],[32.8556536,39.8886415],[32.8557636,39.8885098],[32.8559138,39.8882608],[32.8559969,39.8881743],[32.85606,39.8881429],[32.8561257,39.8880611],[32.8562088,39.8879623],[32.8562544,39.8878424],[32.8563671,39.8878245],[32.8563993,39.8877524],[32.8564771,39.8876866],[32.8565066,39.8876207],[32.8564985,39.8875199],[32.856516,39.8874087],[32.8565656,39.8873511],[32.856638,39.887277],[32.856728,39.8872214],[32.8565977,39.8870974],[32.856465,39.8869698]]}},{"type":"Feature","properties":{"highway":"footway","osm_id":404138490},"geometry":{"type":"LineString","coordinates":[[32.8554267,39.8870649],[32.8554498,39.8872441],[32.8554592,39.887348],[32.8554216,39.8874438]]}},{"type":"Feature","properties":{"highway":"footway","osm_id":404138493},"geometry":{"type":"LineString","coordinates":[[32.855525,39.88727],[32.8554766,39.8871618],[32.8554267,39.8870649],[32.8554162,39.8870105],[32.8554028,39.8868706],[32.8554082,39.8867666],[32.8553312,39.8866673]]}},{"type":"Feature","properties":{"highway":"footway","osm_id":404138494},"geometry":{"type":"LineString","coordinates":[[32.855306,39.8881064],[32.8553827,39.8881393],[32.8555315,39.8882114],[32.8555571,39.8883143],[32.8555141,39.8884378],[32.8554873,39.8885221],[32.8554645,39.8885746]]}},{"type":"Feature","properties":{"highway":"unclassified","osm_id":404158652},"geometry":{"type":"LineString","coordinates":[[32.8633249,39.8842382],[32.8640614,39.8846981],[32.8641095,39.8847263],[32.8641681,39.884757],[32.8642194,39.8847839]]}},{"type":"Feature","properties":{"highway":"unclassified","osm_id":404159701},"geometry":{"type":"LineString","coordinates":[[32.8642194,39.8847839],[32.8642688,39.8848055],[32.8645746,39.8849945]]}},{"type":"Feature","properties":{"highway":"unclassified","osm_id":404159702},"geometry":{"type":"LineString","coordinates":[[32.8641355,39.8847988],[32.8639292,39.8850038]]}},{"type":"Feature","properties":{"highway":"unclassified","osm_id":404159703},"geometry":{"type":"LineString","coordinates":[[32.8642688,39.8848055],[32.8646938,39.8847293]]}},{"type":"Feature","properties":{"highway":"unclassified","osm_id":404159704},"geometry":{"type":"LineString","coordinates":[[32.8641355,39.8847988],[32.8641681,39.884757],[32.8642117,39.8847222],[32.8643832,39.8845433]]}},{"type":"Feature","properties":{"highway":"unclassified","osm_id":404159705},"geometry":{"type":"LineString","coordinates":[[32.8640614,39.8846981],[32.8640721,39.8843658]]}},{"type":"Feature","properties":{"highway":"footway","osm_id":404248635},"geometry":{"type":"LineString","coordinates":[[32.8600766,39.8683113],[32.8605218,39.8683401]]}},{"type":"Feature","properties":{"highway":"footway","osm_id":404248636},"geometry":{"type":"LineString","coordinates":[[32.8605218,39.8683401],[32.8605727,39.8685395]]}},{"type":"Feature","properties":{"highway":"steps","osm_id":404248637},"geometry":{"type":"LineString","coordinates":[[32.8622248,39.873118],[32.8622737,39.873101],[32.8623886,39.8733267]]}},{"type":"Feature","properties":{"highway":"footway","osm_id":404248638},"geometry":{"type":"LineString","coordinates":[[32.8600769,39.8680833],[32.8597628,39.868023],[32.8596528,39.8682227]]}},{"type":"Feature","properties":{"highway":"residential","osm_id":404248639},"geometry":{"type":"LineString","coordinates":[[32.8595694,39.8687579],[32.8599396,39.8686721],[32.8602945,39.868617],[32.8607115,39.8685801],[32.8609174,39.8685891]]}},{"type":"Feature","properties":{"highway":"footway","osm_id":404248640},"geometry":{"type":"LineString","coordinates":[[32.8598732,39.8682688],[32.8600769,39.8680833],[32.8602831,39.8678954],[32.8602163,39.8675878]]}},{"type":"Feature","properties":{"highway":"footway","osm_id":404248641},"geometry":{"type":"LineString","coordinates":[[32.8605218,39.8683401],[32.8605514,39.8679489],[32.8604736,39.8677575],[32.8602163,39.8675878]]}},{"type":"Feature","properties":{"highway":"service","osm_id":404248642},"geometry":{"type":"LineString","coordinates":[[32.8631048,39.8769302],[32.863314,39.8770002],[32.8635446,39.877062],[32.8637324,39.8770702],[32.8639121,39.8770167],[32.864007,39.8769901]]}},{"type":"Feature","properties":{"highway":"service","osm_id":404248643},"geometry":{"type":"LineString","coordinates":[[32.8637746,39.8764437],[32.8633542,39.8765679],[32.8633408,39.8766853],[32.8633301,39.8767779],[32.8632576,39.8768397],[32.8631048,39.8769302],[32.8630171,39.8769974]]}},{"type":"Feature","properties":{"access":"no","bicycle":"permissive","foot":"permissive","highway":"track","surface":"ground","tracktype":"grade4","osm_id":404250853},"geometry":{"type":"LineString","coordinates":[[32.8051704,39.8337883],[32.8054279,39.8333928],[32.8059,39.8330962],[32.806125,39.8330221]]}},{"type":"Feature","properties":{"access":"no","bicycle":"permissive","foot":"permissive","highway":"track","surface":"ground","tracktype":"grade4","osm_id":404250855},"geometry":{"type":"LineString","coordinates":[[32.7979531,39.8307662],[32.7986526,39.8309335],[32.799747,39.8317904],[32.8009379,39.8326966],[32.8011887,39.832984],[32.8015172,39.8332651],[32.8016393,39.8333465],[32.8017318,39.8334361],[32.8017546,39.833571],[32.801768,39.8340674],[32.8018324,39.8342342],[32.8020805,39.8342991]]}},{"type":"Feature","properties":{"access":"no","bicycle":"permissive","foot":"permissive","highway":"track","surface":"ground","tracktype":"grade4","osm_id":404250856},"geometry":{"type":"LineString","coordinates":[[32.8090969,39.8312095],[32.8095746,39.8309417],[32.8099608,39.8303979],[32.8102613,39.8302661],[32.810744,39.8301178],[32.8109801,39.8295823],[32.8116989,39.8292115],[32.8122139,39.8288407],[32.812922,39.8281486],[32.8136194,39.827852],[32.8147888,39.8275554],[32.8153789,39.8273]]}},{"type":"Feature","properties":{"access":"no","bicycle":"permissive","foot":"permissive","highway":"track","surface":"ground","tracktype":"grade4","osm_id":404250857},"geometry":{"type":"LineString","coordinates":[[32.798069,39.8324437],[32.7985722,39.8327749],[32.7992266,39.8331456],[32.7999026,39.8338377],[32.8006643,39.8341013],[32.8014904,39.8342414],[32.8020805,39.8342991],[32.8031212,39.8340354],[32.8037006,39.8337059],[32.8044301,39.8329973],[32.8046662,39.8325277],[32.8051704,39.8337883],[32.8053635,39.8346121]]}},{"type":"Feature","properties":{"access":"no","bicycle":"permissive","foot":"permissive","highway":"track","surface":"ground","tracktype":"grade4","osm_id":404250859},"geometry":{"type":"LineString","coordinates":[[32.8073591,39.841522],[32.8073537,39.841246],[32.8074396,39.8408794],[32.8073859,39.8407188],[32.8071392,39.8404222],[32.8073967,39.8399732],[32.8076112,39.8398455],[32.8081155,39.8398414],[32.8089148,39.8396313],[32.8094673,39.839446],[32.8097087,39.8394542],[32.8104061,39.8391947],[32.810626,39.8391247],[32.811361,39.8392895],[32.8120261,39.8393471],[32.8134477,39.8394954],[32.8137037,39.8390658]]}},{"type":"Feature","properties":{"access":"no","bicycle":"permissive","foot":"permissive","highway":"track","surface":"ground","tracktype":"grade4","osm_id":404250860},"geometry":{"type":"LineString","coordinates":[[32.806023,39.841476],[32.8054386,39.8414252],[32.8048593,39.8411121],[32.8046662,39.8407497],[32.8044623,39.8396128],[32.8045999,39.8383725],[32.8046662,39.8377757],[32.8054658,39.8352073],[32.8053635,39.8346121],[32.8061467,39.8343979],[32.8067368,39.8343567],[32.8087002,39.8351971],[32.8110498,39.8365729],[32.8113931,39.8366306],[32.8119363,39.8363459],[32.8120691,39.8362763],[32.813088,39.8359221],[32.8146011,39.8354854],[32.8152233,39.835436],[32.8154333,39.8354986]]}},{"type":"Feature","properties":{"access":"no","bicycle":"permissive","foot":"permissive","highway":"track","surface":"ground","tracktype":"grade4","osm_id":404250862},"geometry":{"type":"LineString","coordinates":[[32.8154333,39.8354986],[32.8155452,39.8351641],[32.8155345,39.8345957],[32.8158778,39.8342908],[32.8162104,39.8339448],[32.8159636,39.8335823],[32.8157061,39.8330138],[32.8155452,39.8328161],[32.8153199,39.8323959],[32.8151697,39.8321652],[32.8150195,39.8317203],[32.8147405,39.8316132],[32.8143758,39.8316874],[32.813496,39.8324289],[32.8134102,39.8330468],[32.8127664,39.8335329],[32.8128737,39.8340354],[32.8125626,39.8345462],[32.8122357,39.8352784],[32.8120476,39.8356996],[32.8119725,39.836128],[32.8119363,39.8363459]]}},{"type":"Feature","properties":{"access":"no","bicycle":"permissive","foot":"permissive","highway":"track","surface":"ground","tracktype":"grade4","osm_id":404250863},"geometry":{"type":"LineString","coordinates":[[32.8216052,39.8427375],[32.820695,39.8422984],[32.8194612,39.8414663],[32.8186566,39.8402142],[32.8184956,39.8399835],[32.8184956,39.8397034],[32.8184849,39.8391021],[32.8183776,39.8383771],[32.8182167,39.8383194],[32.8176481,39.8383441],[32.8172833,39.8381629],[32.8174013,39.8377016],[32.8175086,39.8373638],[32.8171438,39.8372073],[32.8167254,39.8371578],[32.8163713,39.8372979],[32.8158885,39.8373144],[32.8157061,39.837199],[32.8160709,39.8368365],[32.8161997,39.8363834],[32.8159636,39.8361445],[32.8155237,39.8358974],[32.8154333,39.8354986]]}},{"type":"Feature","properties":{"access":"no","bicycle":"permissive","foot":"permissive","highway":"track","surface":"ground","tracktype":"grade4","osm_id":404250865},"geometry":{"type":"LineString","coordinates":[[32.8194612,39.8414663],[32.8193325,39.8408897],[32.8190857,39.8403542],[32.8190857,39.8398023],[32.8192788,39.8393986],[32.8197402,39.8391185],[32.8197509,39.8388549],[32.8196973,39.8385007],[32.8198153,39.8381959],[32.8197187,39.8378993],[32.8196543,39.8373308],[32.8200513,39.8369436],[32.8204912,39.8367706],[32.8211027,39.8367377],[32.8215104,39.836334],[32.8225726,39.8357985],[32.8232056,39.8357573],[32.8234416,39.8368448],[32.8239352,39.8367542],[32.8242034,39.8370343],[32.8244823,39.8373061],[32.8244823,39.8376357],[32.8245038,39.8379487],[32.8248471,39.8381382],[32.8254157,39.8382865],[32.8258234,39.8384842],[32.8259522,39.8390938],[32.825684,39.8393574],[32.8255016,39.839654],[32.8254801,39.8400659],[32.8253406,39.8403707],[32.8251347,39.8406173]]}},{"type":"Feature","properties":{"access":"no","bicycle":"permissive","foot":"permissive","highway":"track","surface":"ground","tracktype":"grade4","osm_id":404250866},"geometry":{"type":"LineString","coordinates":[[32.829403,39.8442387],[32.8296,39.8441786],[32.830233,39.8442445],[32.8305004,39.8443715]]}},{"type":"Feature","properties":{"access":"no","bicycle":"permissive","foot":"permissive","highway":"track","surface":"ground","tracktype":"grade4","osm_id":404250868},"geometry":{"type":"LineString","coordinates":[[32.8019249,39.8352424],[32.8018592,39.835056],[32.8018887,39.8346935],[32.8019263,39.8344422],[32.8019933,39.8343557],[32.8020805,39.8342991]]}},{"type":"Feature","properties":{"access":"no","bicycle":"permissive","foot":"permissive","highway":"track","surface":"ground","tracktype":"grade4","osm_id":404250869},"geometry":{"type":"LineString","coordinates":[[32.8046662,39.8325277],[32.80384,39.8317533],[32.8031212,39.8307234],[32.8025848,39.8292651],[32.80254,39.8290586],[32.802338,39.828128],[32.8023487,39.8274606],[32.8023681,39.8272432],[32.8024024,39.8268591],[32.8021529,39.8263009],[32.8027001,39.8256994],[32.8026626,39.8255841],[32.8023514,39.8255017],[32.8022227,39.8254234],[32.8021368,39.8251474],[32.8021154,39.8248425],[32.8024265,39.8244964],[32.8027162,39.8243193],[32.8027055,39.8241503],[32.8026143,39.8239855],[32.8023353,39.8237713],[32.8017131,39.82359],[32.8013429,39.823384],[32.8012732,39.8231863],[32.8014126,39.8228979],[32.8014985,39.82256],[32.8014234,39.8218843],[32.8013536,39.8217113],[32.8012517,39.8215341],[32.8011283,39.8210067],[32.8011498,39.8206936],[32.8014073,39.8202157],[32.8014824,39.8198984],[32.8014395,39.8195276],[32.8017452,39.8192804],[32.8021476,39.8191485],[32.8023568,39.8187283],[32.802389,39.8185387],[32.8023836,39.8183574],[32.8024694,39.8180278],[32.8023997,39.8175087],[32.8025392,39.8172285],[32.8027484,39.8165733],[32.8033492,39.8162602],[32.8038749,39.8158234],[32.8042236,39.815535],[32.8043094,39.8151312],[32.8043202,39.8148098],[32.8042182,39.8145461],[32.8039822,39.8142659],[32.8040841,39.8140269],[32.8042129,39.8136684],[32.8044489,39.8134871],[32.8045455,39.8133305],[32.8045723,39.8132028],[32.8048083,39.8129761],[32.8048351,39.8127124],[32.8045857,39.8124837],[32.8043711,39.8121541],[32.80437,39.8118921],[32.8039205,39.8120964],[32.8037918,39.8125991],[32.8033412,39.8130441],[32.8027189,39.8135633],[32.8023648,39.8139589],[32.8022244,39.8141211]]}},{"type":"Feature","properties":{"access":"no","bicycle":"permissive","foot":"permissive","highway":"track","surface":"ground","tracktype":"grade4","osm_id":404251718},"geometry":{"type":"LineString","coordinates":[[32.8349134,39.8446914],[32.8381695,39.8434555]]}},{"type":"Feature","properties":{"access":"no","bicycle":"permissive","foot":"permissive","highway":"track","surface":"ground","tracktype":"grade4","osm_id":404251724},"geometry":{"type":"LineString","coordinates":[[32.8311915,39.8442829],[32.8349134,39.8446914],[32.8378155,39.8461123],[32.8382903,39.8463512],[32.8384164,39.8464459],[32.8384857,39.8465478],[32.8384652,39.8441707]]}},{"type":"Feature","properties":{"highway":"footway","osm_id":404266581},"geometry":{"type":"LineString","coordinates":[[32.8618298,39.8779241],[32.8619652,39.8779985]]}},{"type":"Feature","properties":{"highway":"footway","osm_id":404266582},"geometry":{"type":"LineString","coordinates":[[32.8617426,39.8776095],[32.8616567,39.8777352],[32.8615936,39.8778275],[32.861385,39.8781371]]}},{"type":"Feature","properties":{"highway":"footway","osm_id":404267424},"geometry":{"type":"LineString","coordinates":[[32.8586934,39.8741239],[32.8586891,39.8741904]]}},{"type":"Feature","properties":{"highway":"service","osm_id":404305337},"geometry":{"type":"LineString","coordinates":[[32.8661109,39.8744921],[32.8670155,39.8743408],[32.8675439,39.8742625],[32.86762,39.8736795],[32.8676941,39.8731119],[32.8678657,39.8730913],[32.8685497,39.8731283],[32.8686972,39.8733445],[32.8686597,39.8735009],[32.8683002,39.8736327],[32.8680722,39.8736203]]}},{"type":"Feature","properties":{"highway":"service","osm_id":404305338},"geometry":{"type":"LineString","coordinates":[[32.8687482,39.8743387],[32.86929,39.8743758],[32.8692336,39.8748574],[32.8696387,39.8748842],[32.8697164,39.8748224],[32.8697647,39.8744128],[32.8699498,39.8743655],[32.8704889,39.8743696],[32.8708082,39.8743853],[32.8713687,39.8744128],[32.871476,39.8742152],[32.8722431,39.874312]]}},{"type":"Feature","properties":{"highway":"service","osm_id":404305339},"geometry":{"type":"LineString","coordinates":[[32.8696011,39.8734062],[32.8698962,39.873503]]}},{"type":"Feature","properties":{"highway":"service","oneway":"yes","osm_id":404305340},"geometry":{"type":"LineString","coordinates":[[32.8689401,39.8762244],[32.8708253,39.8762698]]}},{"type":"Feature","properties":{"highway":"service","osm_id":404305341},"geometry":{"type":"LineString","coordinates":[[32.8676941,39.8731119],[32.8673212,39.8730624]]}},{"type":"Feature","properties":{"highway":"service","osm_id":404305343},"geometry":{"type":"LineString","coordinates":[[32.8692644,39.8733039],[32.8692068,39.873645]]}},{"type":"Feature","properties":{"highway":"service","osm_id":404305344},"geometry":{"type":"LineString","coordinates":[[32.8698057,39.8741076],[32.8704406,39.8736738]]}},{"type":"Feature","properties":{"highway":"service","osm_id":404305345},"geometry":{"type":"LineString","coordinates":[[32.8712346,39.8749295],[32.8711971,39.8749287],[32.8708617,39.8749213],[32.8706069,39.8750201],[32.8699417,39.8750057]]}},{"type":"Feature","properties":{"highway":"service","osm_id":404305346},"geometry":{"type":"LineString","coordinates":[[32.8686972,39.8733445],[32.8690164,39.873363],[32.8692644,39.8733039],[32.8693341,39.8732872]]}},{"type":"Feature","properties":{"highway":"service","osm_id":404305347},"geometry":{"type":"LineString","coordinates":[[32.8708027,39.8745157],[32.86999,39.8745116],[32.8698908,39.874561],[32.8698666,39.8747092]]}},{"type":"Feature","properties":{"highway":"service","osm_id":404305348},"geometry":{"type":"LineString","coordinates":[[32.8697647,39.8744128],[32.8697651,39.8744077],[32.8698057,39.8741076],[32.8698962,39.873503],[32.8704406,39.8736738]]}},{"type":"Feature","properties":{"highway":"service","osm_id":404305349},"geometry":{"type":"LineString","coordinates":[[32.8690512,39.876076],[32.8690888,39.8751333],[32.8707975,39.8751737],[32.8710012,39.8751785],[32.870993,39.8752683]]}},{"type":"Feature","properties":{"highway":"service","osm_id":404305350},"geometry":{"type":"LineString","coordinates":[[32.8685497,39.8731283],[32.86907,39.8731695],[32.8693341,39.8732872],[32.8696011,39.8734062],[32.8695448,39.8736718]]}},{"type":"Feature","properties":{"highway":"service","osm_id":404305351},"geometry":{"type":"LineString","coordinates":[[32.8687263,39.8762189],[32.8687964,39.8760081],[32.8688328,39.8758436],[32.8688501,39.8757652],[32.8688984,39.8752877],[32.8689171,39.875125],[32.8690888,39.8751333]]}},{"type":"Feature","properties":{"highway":"service","osm_id":404305352},"geometry":{"type":"LineString","coordinates":[[32.86762,39.8736795],[32.8677906,39.873855],[32.8678121,39.8740732],[32.8676699,39.8742234],[32.8675439,39.8742625],[32.8687482,39.8743387],[32.8686783,39.8750378]]}},{"type":"Feature","properties":{"highway":"service","osm_id":404305353},"geometry":{"type":"LineString","coordinates":[[32.8708082,39.8743853],[32.8708027,39.8745157],[32.8711836,39.8745322],[32.8712614,39.874594],[32.8712346,39.8749295],[32.8714143,39.8749398],[32.8714518,39.8744602],[32.8713687,39.8744128]]}},{"type":"Feature","properties":{"highway":"service","osm_id":404305592},"geometry":{"type":"LineString","coordinates":[[32.8693222,39.8740567],[32.86929,39.8743758],[32.8697651,39.8744077]]}},{"type":"Feature","properties":{"oneway":"no","name":"Galip Erdem Caddesi","highway":"secondary","osm_id":404315861},"geometry":{"type":"LineString","coordinates":[[32.8522487,39.8571498],[32.8524212,39.8570505],[32.852662,39.8569273],[32.8527915,39.8568477],[32.853019,39.8563575],[32.8531266,39.8561108],[32.8532008,39.8559635],[32.8533634,39.8554546],[32.8534923,39.855031],[32.8535587,39.8548064],[32.8536019,39.8545893],[32.8536954,39.8541511],[32.8538031,39.8536484],[32.8539229,39.8530059],[32.8540008,39.8526277],[32.8540116,39.8525726],[32.8541002,39.8521064],[32.8541706,39.8516273],[32.8541902,39.851261],[32.8542148,39.8510008],[32.8543031,39.8505063],[32.8543317,39.8502985],[32.8544809,39.8493758]]}},{"type":"Feature","properties":{"highway":"secondary","oneway":"yes","osm_id":404510943},"geometry":{"type":"LineString","coordinates":[[32.8546433,39.8486339],[32.8547002,39.8486644],[32.8547365,39.8486845],[32.8547581,39.8486971],[32.8547807,39.8487104],[32.8548725,39.8487869],[32.8548974,39.8488054],[32.85498,39.848867],[32.8552694,39.8490991]]}},{"type":"Feature","properties":{"highway":"footway","osm_id":404644453},"geometry":{"type":"LineString","coordinates":[[32.8550234,39.8508225],[32.8552513,39.8502535],[32.8554203,39.8501794],[32.8556161,39.850165],[32.8557636,39.8502],[32.8558764,39.8502762]]}},{"type":"Feature","properties":{"surface":"unpaved","highway":"service","osm_id":404667188},"geometry":{"type":"LineString","coordinates":[[32.8533735,39.8460933],[32.8543094,39.8455366],[32.8546442,39.8453321],[32.8550032,39.8453916],[32.8553036,39.8453916],[32.855371,39.8454172],[32.8553546,39.8455749],[32.8553057,39.845808],[32.8565201,39.8469185]]}},{"type":"Feature","properties":{"highway":"footway","osm_id":404719396},"geometry":{"type":"LineString","coordinates":[[32.8542794,39.8851882],[32.8543772,39.8850165]]}},{"type":"Feature","properties":{"highway":"footway","osm_id":404719397},"geometry":{"type":"LineString","coordinates":[[32.8501473,39.8900221],[32.8503153,39.889919],[32.850723,39.8896144],[32.8507767,39.8895218],[32.8509131,39.889185],[32.8509242,39.8891575],[32.8511039,39.8889888],[32.8512514,39.888818],[32.8512997,39.888748],[32.8513372,39.8884311],[32.8513855,39.8882499],[32.8514311,39.8881861],[32.8514901,39.888145],[32.8515733,39.8881697],[32.851643,39.8882438],[32.8516591,39.8885669],[32.8516698,39.8889559],[32.8517476,39.8890238],[32.8518363,39.8890829],[32.8517771,39.8890979],[32.8516993,39.8891205],[32.8516162,39.8892234],[32.851533,39.8892872],[32.8513936,39.8891349],[32.8512621,39.8892481],[32.8511495,39.8891452],[32.8510395,39.8892357],[32.8509131,39.889185]]}},{"type":"Feature","properties":{"highway":"footway","osm_id":404719751},"geometry":{"type":"LineString","coordinates":[[32.8528948,39.8866359],[32.8529546,39.8866236],[32.8530217,39.8865587],[32.8530726,39.886462],[32.8530673,39.8864126],[32.8530767,39.88633]]}},{"type":"Feature","properties":{"highway":"footway","osm_id":404720827},"geometry":{"type":"LineString","coordinates":[[32.8519778,39.885077],[32.8520128,39.8853859]]}},{"type":"Feature","properties":{"highway":"service","osm_id":404720828},"geometry":{"type":"LineString","coordinates":[[32.8517457,39.8856187],[32.8520971,39.8855968],[32.8521587,39.885593],[32.8522375,39.8856363],[32.8522662,39.8856565]]}},{"type":"Feature","properties":{"highway":"service","osm_id":404720846},"geometry":{"type":"LineString","coordinates":[[32.8520971,39.8855968],[32.8520957,39.8857926],[32.8519951,39.8858965],[32.8518449,39.885913]]}},{"type":"Feature","properties":{"highway":"footway","oneway":"no","osm_id":404742507},"geometry":{"type":"LineString","coordinates":[[32.8483136,39.8863116],[32.8484249,39.8863894]]}},{"type":"Feature","properties":{"highway":"footway","osm_id":404745359},"geometry":{"type":"LineString","coordinates":[[32.8434707,39.8880058],[32.8435695,39.8880631],[32.8436315,39.8881424],[32.843647,39.8882256],[32.8436212,39.8883643]]}},{"type":"Feature","properties":{"highway":"service","osm_id":405328468},"geometry":{"type":"LineString","coordinates":[[32.8335982,39.8878275],[32.8337198,39.8875641],[32.8339371,39.8876197],[32.8341168,39.8872266],[32.8342429,39.8869755],[32.8345942,39.8865083],[32.8347096,39.8863231],[32.8350958,39.8865433]]}},{"type":"Feature","properties":{"highway":"footway","osm_id":405328713},"geometry":{"type":"LineString","coordinates":[[32.8370309,39.8847256],[32.8365603,39.8847816],[32.8365335,39.8849215],[32.8364182,39.8850368],[32.8361446,39.8850182],[32.8358576,39.8853537],[32.8347076,39.8865648],[32.8344896,39.8867944],[32.8344038,39.8869158],[32.8343983,39.88695],[32.8343824,39.8870496],[32.8342858,39.887171],[32.8342322,39.8872451],[32.8342421,39.8872712],[32.8342509,39.8872945],[32.8341785,39.8874036],[32.8341597,39.8875703],[32.8341077,39.8876634],[32.8339687,39.8879122]]}},{"type":"Feature","properties":{"highway":"footway","osm_id":405328714},"geometry":{"type":"LineString","coordinates":[[32.8342421,39.8872712],[32.8343582,39.8872081],[32.8344199,39.8871155],[32.8344494,39.8870126],[32.8343983,39.88695]]}},{"type":"Feature","properties":{"highway":"footway","osm_id":405328715},"geometry":{"type":"LineString","coordinates":[[32.8344494,39.8870126],[32.8346077,39.8868747],[32.8347337,39.8867038],[32.8347337,39.8866421],[32.8347076,39.8865648]]}},{"type":"Feature","properties":{"highway":"footway","osm_id":405328716},"geometry":{"type":"LineString","coordinates":[[32.8341077,39.8876634],[32.8340793,39.88763],[32.8340954,39.8875415],[32.8341115,39.8874098],[32.8341758,39.8872822],[32.8342322,39.8872451]]}},{"type":"Feature","properties":{"highway":"footway","osm_id":414708115},"geometry":{"type":"LineString","coordinates":[[32.8758805,39.872138],[32.8766868,39.8729039],[32.8768006,39.8729982],[32.8769113,39.87309],[32.8771093,39.8732802],[32.8777953,39.873943],[32.8791103,39.8751944],[32.8792121,39.8752806],[32.8806753,39.8766489],[32.8808633,39.8768278],[32.8811755,39.8771251],[32.882151,39.8780538],[32.8829834,39.8787874],[32.8832485,39.879068],[32.8846233,39.8803164],[32.8849297,39.8805946],[32.8866295,39.8821858],[32.8867352,39.8822698],[32.8871573,39.8826051],[32.887713,39.8830064],[32.8881473,39.8833397],[32.8882591,39.8833876],[32.8883079,39.8834687],[32.8883648,39.8836247],[32.888442,39.8837339],[32.8887161,39.8839477],[32.8889299,39.8841145],[32.8892571,39.8844074],[32.8893934,39.8845294],[32.8900804,39.8851159]]}},{"type":"Feature","properties":{"highway":"unclassified","osm_id":418082085},"geometry":{"type":"LineString","coordinates":[[32.8679849,39.8923293],[32.8676883,39.8923242],[32.8673363,39.8922069],[32.8670341,39.8921087],[32.8668208,39.8919423],[32.8666786,39.8917786],[32.8668777,39.8916013],[32.866963,39.8913585],[32.8669772,39.8912548],[32.8668172,39.891162],[32.8666963,39.8909874],[32.8665994,39.8908551],[32.8665506,39.8907883],[32.8667032,39.890398],[32.8668444,39.8901721],[32.8671192,39.8897738],[32.867163,39.8896953],[32.8671561,39.8896121],[32.8669663,39.889252],[32.8668009,39.8889729],[32.8665949,39.8887494],[32.8663015,39.8885168],[32.866113,39.8881785],[32.8659636,39.8877922],[32.8657257,39.8876728]]}},{"type":"Feature","properties":{"highway":"residential","source":"bing","osm_id":418082087},"geometry":{"type":"LineString","coordinates":[[32.8658093,39.8878804],[32.8658126,39.8879015],[32.8658086,39.8879226],[32.8657977,39.8879421],[32.8657805,39.8879588],[32.8657583,39.8879715],[32.8657326,39.8879794],[32.8657317,39.8879795],[32.865705,39.8879819],[32.8656776,39.8879789],[32.8656521,39.8879705],[32.8656303,39.8879573],[32.8656138,39.8879403],[32.8656035,39.8879205],[32.8656002,39.8878994],[32.8656042,39.8878783],[32.8656151,39.8878588],[32.8656323,39.8878421],[32.8656545,39.8878294],[32.8656803,39.8878215],[32.8657078,39.887819],[32.8657352,39.887822],[32.8657607,39.8878304],[32.8657825,39.8878436],[32.8657991,39.8878606],[32.8658085,39.8878788],[32.8658093,39.8878804]]}},{"type":"Feature","properties":{"highway":"unclassified","osm_id":418082089},"geometry":{"type":"LineString","coordinates":[[32.8668315,39.8877628],[32.8659636,39.8877922],[32.8658219,39.8878612],[32.8658085,39.8878788]]}},{"type":"Feature","properties":{"highway":"residential","source":"bing","osm_id":418082091},"geometry":{"type":"LineString","coordinates":[[32.8656624,39.8880775],[32.8656945,39.8881392],[32.8657307,39.8882081],[32.865726,39.8882874],[32.8657066,39.8883676],[32.8657066,39.8884399],[32.8657663,39.8885135],[32.8658132,39.8885788],[32.8660714,39.8886761]]}},{"type":"Feature","properties":{"name":"593.Sokak","highway":"residential","osm_id":418652037},"geometry":{"type":"LineString","coordinates":[[32.8583574,39.8640591],[32.8578012,39.8644095],[32.8573208,39.864708]]}},{"type":"Feature","properties":{"name":"590.Sokak","highway":"residential","osm_id":418652045},"geometry":{"type":"LineString","coordinates":[[32.8578012,39.8644095],[32.8588488,39.8655797],[32.8596082,39.8665112]]}},{"type":"Feature","properties":{"name":"594.Sokak","highway":"residential","osm_id":418652051},"geometry":{"type":"LineString","coordinates":[[32.8567559,39.8642835],[32.8574218,39.863374]]}},{"type":"Feature","properties":{"highway":"residential","name":"598.Sokak","osm_id":418652058},"geometry":{"type":"LineString","coordinates":[[32.8574218,39.863374],[32.8576621,39.8630552],[32.8582157,39.862526]]}},{"type":"Feature","properties":{"name":"597.Sokak","highway":"residential","osm_id":418652065},"geometry":{"type":"LineString","coordinates":[[32.8559901,39.8623031],[32.8561303,39.8621616],[32.8566001,39.8616795],[32.8568976,39.8613754]]}},{"type":"Feature","properties":{"name":"598.Sk.","highway":"residential","osm_id":418652071},"geometry":{"type":"LineString","coordinates":[[32.8582157,39.862526],[32.8584997,39.8622346]]}},{"type":"Feature","properties":{"highway":"footway","osm_id":418652116},"geometry":{"type":"LineString","coordinates":[[32.8542146,39.8602959],[32.8539864,39.8604713],[32.8538778,39.8605285],[32.8536794,39.8606563]]}},{"type":"Feature","properties":{"highway":"footway","osm_id":418652120},"geometry":{"type":"LineString","coordinates":[[32.8539864,39.8604713],[32.8540261,39.8605843],[32.8541289,39.8606757]]}},{"type":"Feature","properties":{"highway":"footway","osm_id":418652125},"geometry":{"type":"LineString","coordinates":[[32.8538778,39.8605285],[32.8538813,39.8603495],[32.8538954,39.8603369],[32.8539537,39.8603369],[32.8540004,39.8603172],[32.8540121,39.8602885],[32.8540004,39.8602563],[32.8539724,39.8602401],[32.8539794,39.8601828]]}},{"type":"Feature","properties":{"highway":"footway","osm_id":418652130},"geometry":{"type":"LineString","coordinates":[[32.8539724,39.8602401],[32.853928,39.8602258],[32.853879,39.8602527],[32.853879,39.8602849],[32.8538845,39.8603023],[32.8538954,39.8603369]]}},{"type":"Feature","properties":{"highway":"footway","osm_id":418652136},"geometry":{"type":"LineString","coordinates":[[32.8538845,39.8603023],[32.8538346,39.8603029],[32.8538066,39.8602312],[32.8537996,39.8601577],[32.85383,39.8601326],[32.8538786,39.8600821]]}},{"type":"Feature","properties":{"highway":"primary_link","oneway":"yes","osm_id":419034309},"geometry":{"type":"LineString","coordinates":[[32.8558668,39.8606445],[32.8556952,39.8605054],[32.8544713,39.8596531]]}},{"type":"Feature","properties":{"highway":"primary_link","tunnel":"yes","oneway":"yes","layer":"-1","osm_id":419034310},"geometry":{"type":"LineString","coordinates":[[32.8544713,39.8596531],[32.8535758,39.8589922],[32.8525777,39.8584027],[32.8516464,39.8569456]]}},{"type":"Feature","properties":{"highway":"primary_link","oneway":"yes","osm_id":419034311},"geometry":{"type":"LineString","coordinates":[[32.8516464,39.8569456],[32.8511542,39.856159],[32.8507894,39.8555783],[32.8507262,39.8555466]]}},{"type":"Feature","properties":{"highway":"service","source":"mapbox","osm_id":422419000},"geometry":{"type":"LineString","coordinates":[[32.8388105,39.8434127],[32.8389572,39.843405],[32.8393611,39.843065],[32.8393611,39.8424246],[32.8393611,39.8420055],[32.8393611,39.8418324],[32.8393071,39.8417675],[32.8391993,39.841742],[32.8387032,39.8417442],[32.8387005,39.8413818]]}},{"type":"Feature","properties":{"highway":"service","source":"mapbox","osm_id":422419001},"geometry":{"type":"LineString","coordinates":[[32.8387005,39.8413818],[32.8388747,39.8411195],[32.8387759,39.84094],[32.838772,39.8408731],[32.8387564,39.8408123],[32.8387928,39.8407584],[32.8388461,39.8407325],[32.8389201,39.8407245],[32.8390371,39.8407454],[32.8391358,39.8407654],[32.8392358,39.8407704],[32.8397049,39.8406746],[32.8399114,39.8406148],[32.8401414,39.840497],[32.8402817,39.8403753]]}},{"type":"Feature","properties":{"highway":"service","source":"mapbox","osm_id":422419002},"geometry":{"type":"LineString","coordinates":[[32.8452348,39.8454905],[32.8446606,39.8464562],[32.8440228,39.84739],[32.8439574,39.8474398],[32.843884,39.847478],[32.8437541,39.8475265],[32.8436099,39.8475558],[32.8423446,39.8475558],[32.8423082,39.8475558],[32.8417741,39.8475558],[32.8415513,39.847501],[32.8413777,39.8474354],[32.8412583,39.8473628],[32.8411787,39.8472966],[32.841109,39.8472062],[32.8410659,39.8471056],[32.8410192,39.8469935],[32.8410291,39.8463627]]}},{"type":"Feature","properties":{"foot":"yes","highway":"footway","source":"mapbox","osm_id":422419003},"geometry":{"type":"LineString","coordinates":[[32.8412684,39.8443203],[32.841167,39.8443181]]}},{"type":"Feature","properties":{"source":"mapbox","highway":"service","osm_id":422419005},"geometry":{"type":"LineString","coordinates":[[32.8410192,39.8469935],[32.840682,39.8472282],[32.8406206,39.8473889]]}},{"type":"Feature","properties":{"highway":"service","oneway":"yes","source":"mapbox","osm_id":422419006},"geometry":{"type":"LineString","coordinates":[[32.8428445,39.8441874],[32.8428457,39.844557]]}},{"type":"Feature","properties":{"highway":"service","oneway":"yes","source":"mapbox","osm_id":422419008},"geometry":{"type":"LineString","coordinates":[[32.8425605,39.8445373],[32.8425568,39.8441675]]}},{"type":"Feature","properties":{"highway":"service","source":"mapbox","osm_id":422419009},"geometry":{"type":"LineString","coordinates":[[32.8393611,39.8420055],[32.8385438,39.8419954]]}},{"type":"Feature","properties":{"foot":"yes","highway":"footway","source":"mapbox","osm_id":422419010},"geometry":{"type":"LineString","coordinates":[[32.8415427,39.8448605],[32.8415064,39.8451079]]}},{"type":"Feature","properties":{"highway":"service","source":"mapbox","osm_id":422419012},"geometry":{"type":"LineString","coordinates":[[32.8443493,39.8446637],[32.8438557,39.8446637]]}},{"type":"Feature","properties":{"foot":"yes","highway":"footway","source":"mapbox","osm_id":422419013},"geometry":{"type":"LineString","coordinates":[[32.8407409,39.8443159],[32.8406517,39.844314]]}},{"type":"Feature","properties":{"highway":"service","source":"mapbox","osm_id":422419014},"geometry":{"type":"LineString","coordinates":[[32.8424159,39.8463017],[32.8423536,39.8463293],[32.8423362,39.8463345],[32.8422787,39.8463515],[32.8422076,39.8463524],[32.8420585,39.8463541],[32.8410291,39.8463627],[32.8405729,39.8463433]]}},{"type":"Feature","properties":{"highway":"service","source":"mapbox","osm_id":422419015},"geometry":{"type":"LineString","coordinates":[[32.8393611,39.8424246],[32.838332,39.8424118]]}},{"type":"Feature","properties":{"foot":"yes","highway":"footway","source":"mapbox","osm_id":422419016},"geometry":{"type":"LineString","coordinates":[[32.8405872,39.8447032],[32.8405947,39.8444959]]}},{"type":"Feature","properties":{"foot":"yes","highway":"footway","source":"mapbox","osm_id":422419017},"geometry":{"type":"LineString","coordinates":[[32.8409154,39.8443828],[32.8409077,39.844388],[32.8408822,39.8443974],[32.8408545,39.8444015],[32.8408264,39.8444],[32.8407997,39.8443929],[32.8407763,39.8443807],[32.8407578,39.8443643],[32.8407455,39.8443448],[32.8407402,39.8443235],[32.8407409,39.8443159],[32.8407422,39.8443019],[32.8407515,39.8442814],[32.8407673,39.8442634],[32.8407886,39.8442493],[32.8408141,39.8442398],[32.8408418,39.8442357],[32.8408699,39.8442373],[32.8408966,39.8442444],[32.84092,39.8442565],[32.8409385,39.8442729],[32.8409508,39.8442924],[32.8409553,39.8443103]]}},{"type":"Feature","properties":{"foot":"yes","highway":"footway","source":"mapbox","osm_id":422419018},"geometry":{"type":"LineString","coordinates":[[32.8410035,39.8443722],[32.8410101,39.844377],[32.841018,39.8443869],[32.8410223,39.844398],[32.8410226,39.8444096],[32.8410191,39.8444209],[32.8410118,39.8444311],[32.8410014,39.8444395],[32.8409885,39.8444455],[32.840974,39.8444488],[32.8409589,39.8444491],[32.8409442,39.8444464],[32.840931,39.8444408],[32.84092,39.8444328],[32.8409122,39.8444229],[32.8409079,39.8444118],[32.8409075,39.8444002],[32.8409111,39.8443889],[32.8409154,39.8443828],[32.8409344,39.8443676],[32.8409416,39.8443643],[32.8409561,39.844361],[32.8409712,39.8443607],[32.8409837,39.844363],[32.8410035,39.8443722]]}},{"type":"Feature","properties":{"highway":"service","source":"mapbox","osm_id":422419020},"geometry":{"type":"LineString","coordinates":[[32.8442969,39.8444294],[32.8443062,39.8444513],[32.8443079,39.8444743],[32.8443017,39.8444969],[32.8442881,39.8445174],[32.8442681,39.8445346],[32.844243,39.8445472],[32.8442145,39.8445544],[32.8441845,39.8445556],[32.8441551,39.8445509],[32.8441283,39.8445405],[32.844106,39.8445251],[32.8440896,39.8445058],[32.8440802,39.8444839],[32.8440786,39.8444609],[32.8440847,39.8444383],[32.8440983,39.8444178],[32.8441183,39.8444006],[32.8441435,39.844388],[32.844172,39.8443809],[32.844202,39.8443796],[32.8442313,39.8443843],[32.8442581,39.8443947],[32.8442805,39.8444101],[32.8442969,39.8444294]]}},{"type":"Feature","properties":{"highway":"service","source":"mapbox","osm_id":422419021},"geometry":{"type":"LineString","coordinates":[[32.8451476,39.8453771],[32.8451635,39.8453574],[32.8451855,39.8453415],[32.8452121,39.8453306],[32.8452415,39.8453253],[32.8452717,39.8453261],[32.8453006,39.8453328],[32.8453263,39.845345],[32.8453469,39.8453619],[32.8453612,39.8453823],[32.845368,39.8454049],[32.8453671,39.8454281],[32.8453583,39.8454503],[32.8453424,39.84547],[32.8453204,39.8454858],[32.8452938,39.8454968],[32.8452644,39.845502],[32.8452342,39.8455013],[32.8452348,39.8454905],[32.8451796,39.8454823],[32.845159,39.8454654],[32.8451447,39.845445],[32.8451379,39.8454224],[32.8451388,39.8453993],[32.8451476,39.8453771]]}},{"type":"Feature","properties":{"highway":"service","oneway":"yes","source":"mapbox","osm_id":422419022},"geometry":{"type":"LineString","coordinates":[[32.8428333,39.8446111],[32.842829,39.8446403],[32.8428149,39.8446677],[32.8427921,39.8446913],[32.8427621,39.8447096],[32.8427387,39.8447174],[32.8427269,39.8447213],[32.8427119,39.8447231],[32.842689,39.8447257],[32.842651,39.8447223],[32.8426153,39.8447115],[32.8425845,39.844694],[32.8425607,39.844671],[32.8425454,39.844644],[32.8425398,39.8446149],[32.8425441,39.8445857],[32.8425582,39.8445583],[32.8425605,39.8445373],[32.842611,39.8445163],[32.8426462,39.8445046],[32.8426841,39.8445003],[32.8427221,39.8445036],[32.8427578,39.8445144],[32.8427886,39.844532],[32.8428457,39.844557],[32.8428277,39.844582],[32.8428333,39.8446111]]}},{"type":"Feature","properties":{"foot":"yes","highway":"footway","source":"mapbox","osm_id":422419023},"geometry":{"type":"LineString","coordinates":[[32.8409837,39.844363],[32.8409746,39.844357],[32.8409629,39.844344],[32.8409561,39.8443291],[32.8409554,39.8443218],[32.8409553,39.8443103],[32.8409583,39.8442979],[32.8409672,39.8442836],[32.8409805,39.8442716],[32.8409975,39.8442627],[32.8410169,39.8442575],[32.841037,39.8442562],[32.841093,39.8442585],[32.8411132,39.8442614],[32.8411318,39.8442682],[32.8411474,39.8442785],[32.841159,39.8442915],[32.8411658,39.8443064],[32.8411674,39.8443221],[32.8411667,39.844325],[32.8411637,39.8443376],[32.8411548,39.8443518],[32.8411414,39.8443638],[32.8411245,39.8443727],[32.8411051,39.844378],[32.8410846,39.8443792],[32.8410289,39.844377],[32.8410087,39.8443741],[32.8410035,39.8443722]]}},{"type":"Feature","properties":{"foot":"yes","highway":"footway","source":"mapbox","osm_id":422419024},"geometry":{"type":"LineString","coordinates":[[32.8416565,39.8442404],[32.8412615,39.8445101],[32.8412684,39.8443203],[32.8412757,39.8441178]]}},{"type":"Feature","properties":{"foot":"yes","highway":"footway","source":"mapbox","osm_id":422419026},"geometry":{"type":"LineString","coordinates":[[32.840645,39.844497],[32.8406517,39.844314],[32.840659,39.8441102]]}},{"type":"Feature","properties":{"foot":"yes","highway":"footway","source":"mapbox","osm_id":422419027},"geometry":{"type":"LineString","coordinates":[[32.8402275,39.8447186],[32.8405872,39.8447032],[32.840925,39.8446888]]}},{"type":"Feature","properties":{"highway":"service","source":"mapbox","osm_id":422419028},"geometry":{"type":"LineString","coordinates":[[32.8451855,39.8453415],[32.8443493,39.8446637],[32.8442145,39.8445544]]}},{"type":"Feature","properties":{"foot":"yes","highway":"footway","source":"mapbox","osm_id":422419029},"geometry":{"type":"LineString","coordinates":[[32.8408913,39.8451002],[32.8409192,39.8448472],[32.840925,39.8446888],[32.8409317,39.8445031]]}},{"type":"Feature","properties":{"highway":"service","source":"mapbox","osm_id":422419030},"geometry":{"type":"LineString","coordinates":[[32.8393611,39.843065],[32.8403023,39.8430526],[32.8404216,39.843051],[32.8405642,39.8432064],[32.8405642,39.8433401]]}},{"type":"Feature","properties":{"highway":"service","source":"mapbox","osm_id":422419031},"geometry":{"type":"LineString","coordinates":[[32.842717,39.8451241],[32.8415064,39.8451079],[32.8408913,39.8451002],[32.8393411,39.8450923],[32.8391956,39.8451294]]}},{"type":"Feature","properties":{"foot":"yes","highway":"footway","source":"mapbox","osm_id":422419033},"geometry":{"type":"LineString","coordinates":[[32.8409554,39.8443218],[32.8409541,39.8443353],[32.8409448,39.8443558],[32.8409344,39.8443676]]}},{"type":"Feature","properties":{"highway":"service","source":"mapbox","osm_id":422419034},"geometry":{"type":"LineString","coordinates":[[32.8388105,39.8442327],[32.839118,39.8442709],[32.8391247,39.8446465],[32.8392026,39.8448846],[32.8393411,39.8450923]]}},{"type":"Feature","properties":{"highway":"service","source":"mapbox","osm_id":422419035},"geometry":{"type":"LineString","coordinates":[[32.8388105,39.8442327],[32.8388105,39.8440874],[32.8388105,39.8434127],[32.8388105,39.8429574],[32.8384486,39.8429615]]}},{"type":"Feature","properties":{"foot":"yes","highway":"footway","source":"mapbox","osm_id":422419036},"geometry":{"type":"LineString","coordinates":[[32.8412757,39.8441178],[32.840659,39.8441102],[32.8402497,39.8441052],[32.8388105,39.8440874]]}},{"type":"Feature","properties":{"foot":"yes","highway":"footway","source":"mapbox","osm_id":422419037},"geometry":{"type":"LineString","coordinates":[[32.8415427,39.8448605],[32.8409192,39.8448472],[32.8402233,39.8448324],[32.8402275,39.8447186],[32.8402358,39.8444882],[32.8402497,39.8441052]]}},{"type":"Feature","properties":{"highway":"service","source":"mapbox","osm_id":422419038},"geometry":{"type":"LineString","coordinates":[[32.8393411,39.8450923],[32.8396136,39.8455933],[32.839664,39.8456764],[32.8397363,39.8457957],[32.8400812,39.8462452],[32.8401575,39.8463152],[32.8402703,39.8463432],[32.8405729,39.8463433]]}},{"type":"Feature","properties":{"foot":"yes","highway":"footway","source":"mapbox","osm_id":422419039},"geometry":{"type":"LineString","coordinates":[[32.8413815,39.8445127],[32.8416377,39.8447687],[32.841639,39.8448111],[32.8416195,39.8448361],[32.8416035,39.8448492],[32.8415819,39.8448579],[32.8415427,39.8448605]]}},{"type":"Feature","properties":{"foot":"yes","highway":"footway","source":"mapbox","osm_id":422419040},"geometry":{"type":"LineString","coordinates":[[32.8416841,39.844518],[32.8413815,39.8445127],[32.8412615,39.8445101],[32.8409317,39.8445031],[32.840645,39.844497],[32.8405947,39.8444959],[32.8402358,39.8444882]]}},{"type":"Feature","properties":{"highway":"residential","name":"540. Sokak","osm_id":422645516},"geometry":{"type":"LineString","coordinates":[[32.8621703,39.8673403],[32.8629249,39.8667691]]}},{"type":"Feature","properties":{"highway":"primary_link","oneway":"yes","osm_id":422953645},"geometry":{"type":"LineString","coordinates":[[32.8826004,39.8788816],[32.8806334,39.8769933],[32.8798902,39.8763111],[32.8789869,39.8755215],[32.8785777,39.8751423],[32.8778128,39.8744334],[32.8777961,39.8744174],[32.8771198,39.8738067],[32.8769615,39.8736806],[32.8764567,39.8731483],[32.8755586,39.8723012],[32.8754764,39.8722236],[32.8753187,39.8720749],[32.8747961,39.8715795],[32.8738683,39.8707],[32.8735415,39.8704151],[32.873425,39.8703135],[32.8732183,39.8701333],[32.8724856,39.8696115],[32.8715918,39.8690381],[32.8699719,39.8680731],[32.8697338,39.8679312],[32.8697027,39.8679151],[32.8694904,39.8677902]]}},{"type":"Feature","properties":{"name":"Doğukent Cad.","oneway":"yes","highway":"primary","osm_id":422953647},"geometry":{"type":"LineString","coordinates":[[32.8862367,39.8821617],[32.8843399,39.8804801],[32.8842146,39.8803566],[32.8834796,39.8796758],[32.8828109,39.8790779],[32.8826004,39.8788816]]}},{"type":"Feature","properties":{"highway":"tertiary","name":"450. Cadde","osm_id":422953648},"geometry":{"type":"LineString","coordinates":[[32.8837821,39.8784947],[32.8845032,39.8791666],[32.8852274,39.8798038],[32.8864741,39.8809065],[32.8869414,39.8813071],[32.8873418,39.8816276],[32.8874192,39.8816895],[32.8874572,39.8817199],[32.8882462,39.8823513],[32.8894584,39.883371],[32.8900274,39.8838651],[32.8905373,39.8843137],[32.8908932,39.8846047],[32.8914992,39.8851102],[32.8917448,39.8853423],[32.8922261,39.8854835],[32.8935137,39.8858511],[32.8946115,39.8861733],[32.8953052,39.8863797],[32.8961476,39.8866404],[32.8966855,39.8867762],[32.8971739,39.8869119],[32.89759,39.8869575]]}},{"type":"Feature","properties":{"highway":"residential","osm_id":423295528},"geometry":{"type":"LineString","coordinates":[[32.8688243,39.8814825],[32.8687649,39.881212],[32.8686413,39.880891],[32.8685367,39.8806303],[32.8685154,39.8805719],[32.8684702,39.8805136],[32.8684203,39.8804734],[32.86833,39.8804242],[32.8681803,39.8803476]]}},{"type":"Feature","properties":{"name":"436. Cd.","highway":"residential","oneway":"no","osm_id":424027146},"geometry":{"type":"LineString","coordinates":[[32.8711713,39.8773526],[32.8714064,39.8773844],[32.8716088,39.8773638],[32.87243,39.8771167],[32.8737744,39.8770792],[32.8743352,39.8770506],[32.8752583,39.8770037]]}},{"type":"Feature","properties":{"name":"440. Cd.","highway":"residential","osm_id":424027725},"geometry":{"type":"LineString","coordinates":[[32.8754578,39.8780196],[32.87452,39.8781401]]}},{"type":"Feature","properties":{"highway":"residential","osm_id":424031615},"geometry":{"type":"LineString","coordinates":[[32.8865835,39.8799116],[32.8872053,39.8792401]]}},{"type":"Feature","properties":{"highway":"residential","osm_id":424031616},"geometry":{"type":"LineString","coordinates":[[32.8879056,39.8796189],[32.8872053,39.8792401],[32.8867654,39.8784867],[32.886127,39.8786878]]}},{"type":"Feature","properties":{"highway":"residential","osm_id":425316455},"geometry":{"type":"LineString","coordinates":[[32.8876491,39.8858976],[32.8880671,39.8861687],[32.8885322,39.8864541],[32.8889722,39.8867772]]}},{"type":"Feature","properties":{"name":"Doğukent Cad.","oneway":"yes","highway":"primary","osm_id":429061572},"geometry":{"type":"LineString","coordinates":[[32.9033644,39.8902738],[32.90265,39.890415],[32.9022883,39.8904733],[32.9015147,39.8905211],[32.9008883,39.8905217],[32.9001144,39.8904019],[32.8993008,39.8901452],[32.8987105,39.8899113],[32.898212,39.8896066],[32.8976215,39.8892206],[32.8962175,39.8881185],[32.8959656,39.8879557],[32.8954015,39.8876368],[32.8948563,39.8874041],[32.8942705,39.8872036],[32.8936102,39.8870459],[32.8925054,39.8868314],[32.8918002,39.8866213],[32.8911049,39.8863602],[32.8905155,39.8860248],[32.8898272,39.8854957],[32.8891974,39.8849668],[32.8869918,39.8828877],[32.8867137,39.8826017],[32.8866206,39.8825276],[32.8865164,39.8824283],[32.8862367,39.8821617]]}},{"type":"Feature","properties":{"highway":"secondary","junction":"roundabout","osm_id":430872164},"geometry":{"type":"LineString","coordinates":[[32.848256,39.8752744],[32.8482336,39.8753062],[32.8481996,39.8753312],[32.8481571,39.8753468],[32.8481104,39.8753517],[32.8480641,39.8753452],[32.8480226,39.8753281],[32.8479901,39.8753019],[32.8479697,39.8752693],[32.8479634,39.8752335],[32.8479719,39.8751979],[32.8479942,39.8751661],[32.8480283,39.8751412],[32.8480707,39.8751255],[32.8481174,39.8751207],[32.8481637,39.8751272],[32.8482051,39.8751443],[32.8482377,39.8751704],[32.8482581,39.875203],[32.8482644,39.8752388],[32.848256,39.8752744]]}},{"type":"Feature","properties":{"name":"Sinan Cad.","highway":"secondary","oneway":"yes","source":"Bing","osm_id":430872165},"geometry":{"type":"LineString","coordinates":[[32.8482336,39.8753062],[32.8481504,39.8754218],[32.8478062,39.8757465]]}},{"type":"Feature","properties":{"highway":"residential","osm_id":430872166},"geometry":{"type":"LineString","coordinates":[[32.8490019,39.8756999],[32.8485025,39.8753335],[32.8484444,39.8753156],[32.8483826,39.8753245],[32.8480587,39.8755945],[32.8478062,39.8757465]]}},{"type":"Feature","properties":{"name":"Sinan Cad.","highway":"secondary","source":"Bing","osm_id":430872167},"geometry":{"type":"LineString","coordinates":[[32.8430124,39.8722818],[32.8438708,39.8725952],[32.8440274,39.8726452],[32.8442627,39.8727164],[32.8462209,39.8734238],[32.8464763,39.8735617],[32.84714,39.8741391]]}},{"type":"Feature","properties":{"highway":"residential","osm_id":431115254},"geometry":{"type":"LineString","coordinates":[[32.8702796,39.8780801],[32.8705263,39.8778382],[32.870685,39.8777593],[32.8708765,39.8777378],[32.871054,39.8777952],[32.8712688,39.878021],[32.871507,39.8784259],[32.8719204,39.8791924]]}},{"type":"Feature","properties":{"highway":"residential","osm_id":431115257},"geometry":{"type":"LineString","coordinates":[[32.847782,39.8601775],[32.8476727,39.8602337],[32.847541,39.8601971],[32.8473716,39.8602427],[32.8472409,39.860351],[32.8471404,39.8604532],[32.8467666,39.860771],[32.8468822,39.8610372],[32.8469521,39.8611764]]}},{"type":"Feature","properties":{"highway":"footway","osm_id":431115260},"geometry":{"type":"LineString","coordinates":[[32.8116684,39.8721158],[32.8116227,39.872517],[32.8116722,39.873264],[32.8117359,39.8752414],[32.8118209,39.8763115],[32.8118386,39.8765723]]}},{"type":"Feature","properties":{"highway":"secondary_link","name":"1071 Malazgirt Bulvarı","oneway":"yes","osm_id":431115268},"geometry":{"type":"LineString","coordinates":[[32.809417,39.8873318],[32.8099386,39.8871941]]}},{"type":"Feature","properties":{"highway":"secondary_link","name":"Muhsin Yazıcıoğlu Caddesi","oneway":"yes","osm_id":431115269},"geometry":{"type":"LineString","coordinates":[[32.8102152,39.8873893],[32.810209,39.887429],[32.8102057,39.8874983],[32.8102122,39.887599],[32.8102183,39.8876926],[32.8102387,39.8879066],[32.8102652,39.8881499],[32.8102928,39.8885342]]}},{"type":"Feature","properties":{"highway":"secondary_link","name":"Muhsin Yazıcıoğlu Caddesi","oneway":"yes","osm_id":431115270},"geometry":{"type":"LineString","coordinates":[[32.8101282,39.8885452],[32.8100729,39.8883966],[32.8100267,39.8879917],[32.8099987,39.8877476],[32.8099785,39.8876191],[32.8099703,39.8875665],[32.8099314,39.8874896],[32.809866,39.8874404]]}},{"type":"Feature","properties":{"highway":"secondary","junction":"roundabout","oneway":"yes","osm_id":431208075},"geometry":{"type":"LineString","coordinates":[[32.8512079,39.8727065],[32.8512343,39.8727632],[32.8512343,39.8728235],[32.8512285,39.872836],[32.851208,39.8728802],[32.8511584,39.8729269],[32.8511399,39.8729358],[32.8510969,39.8729563],[32.8510265,39.8729696],[32.8509542,39.8729655],[32.8508871,39.8729444],[32.8508319,39.8729083],[32.8507941,39.8728608]]}},{"type":"Feature","properties":{"name":"Alexander Dubçek Cad.","highway":"secondary","oneway":"yes","osm_id":431208076},"geometry":{"type":"LineString","coordinates":[[32.8507771,39.8728038],[32.850738,39.8726635],[32.8505917,39.8724913],[32.8504454,39.8722593],[32.8498114,39.8710141],[32.8497659,39.8708569],[32.8497789,39.8706623],[32.8498667,39.8704402],[32.8499522,39.8703164],[32.8500284,39.8702243]]}},{"type":"Feature","properties":{"highway":"secondary","junction":"roundabout","oneway":"yes","osm_id":431208077},"geometry":{"type":"LineString","coordinates":[[32.8510144,39.8726166],[32.8510912,39.8726287],[32.8511583,39.8726599],[32.8512079,39.8727065]]}},{"type":"Feature","properties":{"highway":"secondary","name":"Cezayir Caddesi","oneway":"yes","osm_id":431208078},"geometry":{"type":"LineString","coordinates":[[32.8510144,39.8726166],[32.8516346,39.8725914],[32.8517106,39.872591]]}},{"type":"Feature","properties":{"name":"1296. Sk.","oneway":"no","highway":"residential","osm_id":432792876},"geometry":{"type":"LineString","coordinates":[[32.8282293,39.883833],[32.8276856,39.883965],[32.8272315,39.8840831],[32.8264532,39.8842552],[32.8262905,39.8842919],[32.8256016,39.8844264],[32.8248032,39.8845823],[32.8237741,39.8847486]]}},{"type":"Feature","properties":{"highway":"residential","osm_id":432792877},"geometry":{"type":"LineString","coordinates":[[32.8276856,39.883965],[32.8274721,39.8833671],[32.8273282,39.8829285]]}},{"type":"Feature","properties":{"highway":"residential","osm_id":432792878},"geometry":{"type":"LineString","coordinates":[[32.8252103,39.8813927],[32.8251825,39.8807992]]}},{"type":"Feature","properties":{"highway":"residential","osm_id":432792879},"geometry":{"type":"LineString","coordinates":[[32.825244,39.8824466],[32.8252216,39.8818539],[32.8252103,39.8813927]]}},{"type":"Feature","properties":{"highway":"residential","osm_id":432792880},"geometry":{"type":"LineString","coordinates":[[32.8246377,39.8813628],[32.8245817,39.8806548]]}},{"type":"Feature","properties":{"highway":"footway","osm_id":432792884},"geometry":{"type":"LineString","coordinates":[[32.8302268,39.8840231],[32.8301298,39.8836823],[32.8301028,39.8835428],[32.8300119,39.8830881],[32.8300254,39.883039],[32.8300574,39.8829357],[32.8300557,39.8828349],[32.8299715,39.8825817],[32.8295742,39.882313],[32.8294048,39.8823293]]}},{"type":"Feature","properties":{"highway":"footway","osm_id":432792885},"geometry":{"type":"LineString","coordinates":[[32.8301028,39.8835428],[32.8303082,39.8835196],[32.830591,39.883455],[32.8308758,39.883342]]}},{"type":"Feature","properties":{"highway":"footway","osm_id":432792886},"geometry":{"type":"LineString","coordinates":[[32.8303082,39.8835196],[32.830291,39.8831727]]}},{"type":"Feature","properties":{"highway":"footway","osm_id":432792887},"geometry":{"type":"LineString","coordinates":[[32.8300254,39.883039],[32.8299442,39.8828949],[32.8296565,39.883004]]}},{"type":"Feature","properties":{"highway":"footway","osm_id":432792888},"geometry":{"type":"LineString","coordinates":[[32.8295742,39.882313],[32.8295386,39.8822255],[32.8295188,39.8821326],[32.8295188,39.8820719],[32.8296794,39.8816785],[32.8295665,39.8816487]]}},{"type":"Feature","properties":{"highway":"footway","osm_id":432792889},"geometry":{"type":"LineString","coordinates":[[32.8296794,39.8816785],[32.82984,39.8816616],[32.8299698,39.8816313],[32.830049,39.8815907],[32.8300952,39.8815266],[32.830126,39.8814608],[32.8302316,39.881373],[32.8302866,39.8813477],[32.8303437,39.8813443],[32.8305395,39.8813612],[32.8304885,39.8816508]]}},{"type":"Feature","properties":{"highway":"footway","osm_id":432792890},"geometry":{"type":"LineString","coordinates":[[32.8305395,39.8813612],[32.8308717,39.881378],[32.8308981,39.8813865],[32.8309669,39.8814618]]}},{"type":"Feature","properties":{"highway":"footway","osm_id":432792891},"geometry":{"type":"LineString","coordinates":[[32.830126,39.8814608],[32.8301575,39.8811765],[32.8301905,39.880543],[32.8301832,39.880436],[32.8301502,39.8803375],[32.8299351,39.8800221],[32.8295595,39.8800559],[32.8291134,39.880072]]}},{"type":"Feature","properties":{"highway":"footway","osm_id":432792892},"geometry":{"type":"LineString","coordinates":[[32.830127,39.8799952],[32.8299351,39.8800221],[32.8298468,39.8798368],[32.8297499,39.8796295],[32.8297398,39.8795943],[32.8297512,39.8795728],[32.8299207,39.8795259],[32.8299551,39.8795024],[32.8299627,39.8794633],[32.8299487,39.8793274],[32.8298706,39.8791638],[32.8298664,39.8790569],[32.8298791,39.8789209],[32.8299107,39.8787557],[32.8299107,39.878678],[32.8298748,39.8785274]]}},{"type":"Feature","properties":{"highway":"residential","osm_id":433217442},"geometry":{"type":"LineString","coordinates":[[32.8094538,39.8537221],[32.8095174,39.854015],[32.8096191,39.8543012],[32.8097146,39.8544715],[32.809767,39.854611],[32.8097793,39.8547435],[32.8097978,39.8549682],[32.8097854,39.8551219],[32.8098255,39.8551976],[32.8100781,39.8554247],[32.810312,39.8556503]]}},{"type":"Feature","properties":{"highway":"residential","osm_id":433217444},"geometry":{"type":"LineString","coordinates":[[32.8108927,39.8661021],[32.8109806,39.8661392],[32.8114928,39.8660487],[32.8121955,39.8660913]]}},{"type":"Feature","properties":{"highway":"residential","osm_id":435259017},"geometry":{"type":"LineString","coordinates":[[32.8703957,39.8475013],[32.8711272,39.8473526],[32.8719321,39.8471841],[32.8727046,39.846822],[32.8739242,39.846204],[32.8747536,39.8456172],[32.8752089,39.8453737],[32.875835,39.8450428]]}},{"type":"Feature","properties":{"highway":"footway","osm_id":436397662},"geometry":{"type":"LineString","coordinates":[[32.8847736,39.8802225],[32.8846233,39.8803164],[32.8844821,39.8803787],[32.8843399,39.8804801],[32.8842572,39.8805122],[32.884054,39.8804848]]}},{"type":"Feature","properties":{"highway":"footway","osm_id":436397663},"geometry":{"type":"LineString","coordinates":[[32.8863152,39.88252],[32.8863821,39.8825053],[32.8865164,39.8824283],[32.8866237,39.8823732],[32.8867352,39.8822698],[32.8869454,39.8821301]]}},{"type":"Feature","properties":{"highway":"residential","osm_id":438416657},"geometry":{"type":"LineString","coordinates":[[32.8188456,39.8716176],[32.820198,39.8717939]]}},{"type":"Feature","properties":{"highway":"residential","osm_id":438416658},"geometry":{"type":"LineString","coordinates":[[32.818778,39.8722205],[32.8188913,39.8722332],[32.8196523,39.8723108],[32.8196931,39.8723122],[32.8197114,39.872281],[32.8197785,39.8719534]]}},{"type":"Feature","properties":{"highway":"service","osm_id":438495016},"geometry":{"type":"LineString","coordinates":[[32.8169362,39.8591121],[32.8171945,39.8590313],[32.8172857,39.8589654],[32.8173125,39.8588687],[32.8173205,39.8588048],[32.817291,39.8587225],[32.8172401,39.8586545],[32.8171516,39.8586154],[32.817106,39.8585722],[32.8170791,39.8585125],[32.8170362,39.8584569],[32.8169933,39.8584383],[32.8169477,39.8584548],[32.8168511,39.858533]]}},{"type":"Feature","properties":{"highway":"steps","osm_id":438496744},"geometry":{"type":"LineString","coordinates":[[32.8129898,39.8568979],[32.8135719,39.8566761]]}},{"type":"Feature","properties":{"highway":"steps","osm_id":438499350},"geometry":{"type":"LineString","coordinates":[[32.8164935,39.8619844],[32.8170403,39.8617483]]}},{"type":"Feature","properties":{"name":"900.cd(46.cd)","highway":"residential","osm_id":438499383},"geometry":{"type":"LineString","coordinates":[[32.8261971,39.8625432],[32.8264454,39.8626005],[32.826817,39.8626733],[32.8273308,39.8628614],[32.8275206,39.8629464],[32.8281192,39.8632525]]}},{"type":"Feature","properties":{"highway":"steps","osm_id":438507353},"geometry":{"type":"LineString","coordinates":[[32.8202191,39.8661839],[32.8208333,39.8656458]]}},{"type":"Feature","properties":{"highway":"steps","osm_id":438507355},"geometry":{"type":"LineString","coordinates":[[32.8209567,39.8665726],[32.8213982,39.8660112]]}},{"type":"Feature","properties":{"highway":"steps","osm_id":438507356},"geometry":{"type":"LineString","coordinates":[[32.8215167,39.8660714],[32.8219669,39.8655267]]}},{"type":"Feature","properties":{"highway":"residential","name":"918. Sokak","osm_id":438512011},"geometry":{"type":"LineString","coordinates":[[32.8246557,39.8661181],[32.8250067,39.8664101],[32.8251554,39.8664943],[32.8252438,39.8664562],[32.8263009,39.8656466]]}},{"type":"Feature","properties":{"highway":"residential","name":"953.cad(10.cd)","osm_id":438512014},"geometry":{"type":"LineString","coordinates":[[32.8313316,39.8654595],[32.8309296,39.8646343],[32.8308221,39.8644136],[32.8304707,39.8636231],[32.8302444,39.8633398],[32.8298296,39.8627684],[32.8297783,39.8626923],[32.8296103,39.8621277],[32.8294929,39.8616986],[32.8292301,39.8611622],[32.8289672,39.8607938],[32.8288433,39.8605885],[32.8287504,39.8604014],[32.828631,39.8601813],[32.8285698,39.8600222],[32.8284832,39.8596004],[32.8283262,39.8590018],[32.8282319,39.8588719],[32.8280859,39.8586706],[32.8278495,39.8584077],[32.8275251,39.8580746],[32.8270137,39.8576395],[32.8262742,39.8570292],[32.8256272,39.8565042],[32.8250644,39.8560994]]}},{"type":"Feature","properties":{"highway":"residential","osm_id":438512016},"geometry":{"type":"LineString","coordinates":[[32.8309296,39.8646343],[32.8316167,39.864434]]}},{"type":"Feature","properties":{"highway":"steps","osm_id":438512019},"geometry":{"type":"LineString","coordinates":[[32.8317011,39.870789],[32.8318694,39.8704879],[32.8318901,39.8703942],[32.8321727,39.8699554],[32.8325559,39.8694689]]}},{"type":"Feature","properties":{"highway":"residential","osm_id":438527435},"geometry":{"type":"LineString","coordinates":[[32.8142459,39.8835103],[32.8150773,39.8833559]]}},{"type":"Feature","properties":{"highway":"residential","osm_id":438540357},"geometry":{"type":"LineString","coordinates":[[32.8257428,39.8627553],[32.8260139,39.8629101],[32.8268409,39.8634319]]}},{"type":"Feature","properties":{"highway":"residential","osm_id":438542235},"geometry":{"type":"LineString","coordinates":[[32.8274505,39.8639258],[32.827688,39.8641058],[32.8281037,39.8643997],[32.8282718,39.8645933],[32.8284866,39.8649409],[32.828566,39.865113],[32.8285707,39.8654535],[32.8286314,39.8656328],[32.8287715,39.8657869],[32.8289118,39.8659079]]}},{"type":"Feature","properties":{"name":"958.Sk","highway":"residential","osm_id":438545210},"geometry":{"type":"LineString","coordinates":[[32.8310161,39.8634937],[32.8304707,39.8636231]]}},{"type":"Feature","properties":{"name":"958.Sk","highway":"steps","osm_id":438545211},"geometry":{"type":"LineString","coordinates":[[32.8316128,39.8633481],[32.8315358,39.8633174],[32.8310873,39.8634252],[32.8310161,39.8634937]]}},{"type":"Feature","properties":{"highway":"steps","osm_id":438545222},"geometry":{"type":"LineString","coordinates":[[32.8314884,39.8603082],[32.8308697,39.8605382]]}},{"type":"Feature","properties":{"highway":"residential","osm_id":438757493},"geometry":{"type":"LineString","coordinates":[[32.8302885,39.8669558],[32.830509,39.8665823],[32.8306297,39.8664526],[32.8309132,39.8662954]]}},{"type":"Feature","properties":{"highway":"footway","osm_id":439468856},"geometry":{"type":"LineString","coordinates":[[32.8753763,39.8724051],[32.8753848,39.8722897],[32.8754764,39.8722236],[32.8755816,39.8721611],[32.8757875,39.872192]]}},{"type":"Feature","properties":{"highway":"footway","osm_id":439468857},"geometry":{"type":"LineString","coordinates":[[32.8748888,39.8715084],[32.8747961,39.8715795]]}},{"type":"Feature","properties":{"highway":"footway","osm_id":439468858},"geometry":{"type":"LineString","coordinates":[[32.8735415,39.8704151],[32.8736177,39.8703406]]}},{"type":"Feature","properties":{"highway":"footway","osm_id":439468859},"geometry":{"type":"LineString","coordinates":[[32.8715918,39.8690381],[32.8716694,39.8689376]]}},{"type":"Feature","properties":{"highway":"footway","osm_id":439468860},"geometry":{"type":"LineString","coordinates":[[32.8791581,39.8754048],[32.8789869,39.8755215]]}},{"type":"Feature","properties":{"highway":"footway","osm_id":439468861},"geometry":{"type":"LineString","coordinates":[[32.8783222,39.8752784],[32.8785777,39.8751423]]}},{"type":"Feature","properties":{"highway":"footway","osm_id":439468862},"geometry":{"type":"LineString","coordinates":[[32.877617,39.8745004],[32.8777961,39.8744174]]}},{"type":"Feature","properties":{"highway":"footway","osm_id":439468863},"geometry":{"type":"LineString","coordinates":[[32.8796078,39.8764832],[32.8798902,39.8763111]]}},{"type":"Feature","properties":{"highway":"residential","osm_id":439653021},"geometry":{"type":"LineString","coordinates":[[32.8569264,39.8735644],[32.856902,39.8738309],[32.8568084,39.874852]]}},{"type":"Feature","properties":{"highway":"residential","osm_id":439653023},"geometry":{"type":"LineString","coordinates":[[32.8551329,39.8735106],[32.8561375,39.8735414],[32.8569264,39.8735644],[32.8575042,39.8735883],[32.8576856,39.8735764],[32.8599008,39.8734661]]}},{"type":"Feature","properties":{"highway":"footway","osm_id":439658953},"geometry":{"type":"LineString","coordinates":[[32.8556831,39.8774877],[32.855957,39.8775508],[32.8561741,39.877601],[32.8563026,39.8776601],[32.8564217,39.8777658],[32.8565318,39.8779057]]}},{"type":"Feature","properties":{"highway":"steps","osm_id":439658954},"geometry":{"type":"LineString","coordinates":[[32.8577517,39.8786024],[32.8577133,39.8790234]]}},{"type":"Feature","properties":{"name":"Alkım Caddesi","highway":"residential","osm_id":439658955},"geometry":{"type":"LineString","coordinates":[[32.8577133,39.8790234],[32.8576963,39.879399]]}},{"type":"Feature","properties":{"highway":"residential","oneway":"yes","name":"Şehit Mustafa Doğan Caddesi","osm_id":439673511},"geometry":{"type":"LineString","coordinates":[[32.8521573,39.8785683],[32.85223,39.8786521],[32.8523043,39.8786928],[32.8523786,39.8787026],[32.8524529,39.8786874],[32.8524893,39.8786701],[32.852565,39.8786177]]}},{"type":"Feature","properties":{"highway":"residential","name":"511. Sokak","osm_id":439706836},"geometry":{"type":"LineString","coordinates":[[32.8628488,39.8732262],[32.8633678,39.8740403]]}},{"type":"Feature","properties":{"highway":"service","osm_id":439706852},"geometry":{"type":"LineString","coordinates":[[32.8618839,39.8697631],[32.8620157,39.8697021],[32.8620871,39.8696693]]}},{"type":"Feature","properties":{"highway":"service","osm_id":439706853},"geometry":{"type":"LineString","coordinates":[[32.8620871,39.8696693],[32.8619843,39.8694657],[32.8619572,39.8693805],[32.861987,39.8693244],[32.8624877,39.8689837],[32.8625446,39.8689796],[32.8626934,39.869071],[32.8629506,39.8692829],[32.8629939,39.8693514],[32.8629939,39.8694055],[32.8629479,39.869501],[32.8623443,39.8699622],[32.8622956,39.869983],[32.8622658,39.8699684],[32.8621954,39.8698853],[32.8620871,39.8696693]]}},{"type":"Feature","properties":{"highway":"service","name":"Kapalı Otopark","osm_id":439706854},"geometry":{"type":"LineString","coordinates":[[32.8620871,39.8696693],[32.8622333,39.8695633]]}},{"type":"Feature","properties":{"highway":"service","osm_id":439987066},"geometry":{"type":"LineString","coordinates":[[32.8694393,39.8706246],[32.8694346,39.8707234],[32.8694392,39.8707817],[32.8695737,39.8707844],[32.8699276,39.8707682],[32.8700692,39.8707872],[32.870193,39.8708361],[32.8702815,39.870923],[32.8703346,39.8710534],[32.8703629,39.8711457],[32.8703417,39.8712299],[32.8702674,39.8713087],[32.8701293,39.871401]]}},{"type":"Feature","properties":{"highway":"service","osm_id":439987067},"geometry":{"type":"LineString","coordinates":[[32.8694392,39.8707817],[32.8692552,39.8707844],[32.8688446,39.87076],[32.8687243,39.870779]]}},{"type":"Feature","properties":{"highway":"service","osm_id":439987074},"geometry":{"type":"LineString","coordinates":[[32.8682953,39.8729024],[32.868296,39.8727954],[32.8682885,39.8727219],[32.8680083,39.872738],[32.8678752,39.8727147],[32.8676209,39.8726583],[32.8673342,39.8725497],[32.8672033,39.8724655],[32.8670723,39.8723786],[32.8670051,39.8722998],[32.8669874,39.872164],[32.8670086,39.8719738],[32.8672847,39.8716805]]}},{"type":"Feature","properties":{"highway":"service","osm_id":439987075},"geometry":{"type":"LineString","coordinates":[[32.8682885,39.8727219],[32.8686411,39.8727595],[32.8688722,39.8727595],[32.8689866,39.8727201],[32.869066,39.8726377],[32.8690964,39.8725104]]}},{"type":"Feature","properties":{"lanes":"2","highway":"primary","oneway":"-1","osm_id":440459250},"geometry":{"type":"LineString","coordinates":[[32.8054607,39.8431302],[32.8053464,39.8431968],[32.805223,39.8432524],[32.8051104,39.8432875],[32.8050219,39.8433101],[32.8049065,39.8433245],[32.8048019,39.8433307],[32.8047161,39.8433286],[32.8046088,39.8433142],[32.8044806,39.8432902],[32.8042537,39.8432309],[32.8038847,39.843135],[32.8035481,39.8430483],[32.8030916,39.8429219],[32.8026497,39.8428064],[32.8024733,39.8427656],[32.802265,39.842729],[32.8019912,39.8426936],[32.8017748,39.8426747],[32.8016312,39.8426719]]}},{"type":"Feature","properties":{"highway":"residential","name":"747.Cadde","bridge":"yes","layer":"1","osm_id":441110978},"geometry":{"type":"LineString","coordinates":[[32.8463514,39.884771],[32.8465705,39.8849571],[32.8470697,39.8852904]]}},{"type":"Feature","properties":{"name":"747. Sk (3. Sk.)","highway":"residential","osm_id":441110979},"geometry":{"type":"LineString","coordinates":[[32.8470697,39.8852904],[32.8471342,39.8853199]]}},{"type":"Feature","properties":{"highway":"service","osm_id":441614664},"geometry":{"type":"LineString","coordinates":[[32.8467585,39.8730474],[32.8474185,39.8735257],[32.8477116,39.8737895],[32.8479881,39.8740682],[32.8484105,39.8745049]]}},{"type":"Feature","properties":{"foot":"yes","highway":"secondary","lanes":"2","name":"Kahire Caddesi","oneway":"yes","sidewalk":"both","osm_id":441625283},"geometry":{"type":"LineString","coordinates":[[32.8683269,39.8694705],[32.868131,39.8698127],[32.8680841,39.8698815],[32.8680419,39.8699627],[32.8679759,39.8700539],[32.8677576,39.8703206]]}},{"type":"Feature","properties":{"highway":"steps","osm_id":442949207},"geometry":{"type":"LineString","coordinates":[[32.8243289,39.8749766],[32.824266,39.8749022],[32.8241765,39.8748274],[32.824041,39.8749633]]}},{"type":"Feature","properties":{"highway":"steps","osm_id":442951135},"geometry":{"type":"LineString","coordinates":[[32.8336796,39.8726507],[32.834362,39.8721944]]}},{"type":"Feature","properties":{"highway":"steps","osm_id":442951136},"geometry":{"type":"LineString","coordinates":[[32.8348255,39.8736378],[32.834908,39.8735564],[32.8350374,39.8734854],[32.8356079,39.8732063]]}},{"type":"Feature","properties":{"highway":"residential","osm_id":442951147},"geometry":{"type":"LineString","coordinates":[[32.8385298,39.8665773],[32.8386036,39.8664825],[32.8388138,39.8663499],[32.8390473,39.8662173],[32.8393228,39.8661241],[32.8397244,39.865995],[32.8404109,39.8657835],[32.8411441,39.8656115],[32.8415878,39.865486],[32.8420034,39.8653247],[32.8423023,39.865167],[32.842391,39.8650989],[32.8424097,39.8650021],[32.8423443,39.8649269],[32.8420874,39.8648946],[32.8416578,39.8648659],[32.8413589,39.8648265],[32.8411021,39.8647548],[32.8410974,39.8647261],[32.8411721,39.8646759],[32.8415177,39.8645827],[32.8419754,39.8643641],[32.8421995,39.8641956],[32.8424097,39.8639375],[32.8426525,39.8636436],[32.8426992,39.8635576],[32.8427786,39.863511],[32.8429327,39.8634823],[32.8433496,39.8634302]]}},{"type":"Feature","properties":{"highway":"residential","name":"1030. Sokak","osm_id":443134653},"geometry":{"type":"LineString","coordinates":[[32.8359903,39.8752651],[32.8364325,39.8753381],[32.8367989,39.8753904],[32.8373547,39.8755049],[32.8374733,39.8755294],[32.8385388,39.8755678],[32.8397478,39.8755422]]}},{"type":"Feature","properties":{"name":"763. Sokak","highway":"residential","osm_id":443134654},"geometry":{"type":"LineString","coordinates":[[32.83983,39.874555],[32.8399767,39.8744767],[32.8409604,39.8740949],[32.8421999,39.8736139],[32.843275,39.8731967],[32.8434529,39.8730718],[32.843515,39.8730283],[32.8437633,39.8727517],[32.8438708,39.8725952]]}},{"type":"Feature","properties":{"highway":"tertiary","name":"İlker Caddesi","source":"Bing","osm_id":443134661},"geometry":{"type":"LineString","coordinates":[[32.8396693,39.8737429],[32.8416266,39.8729133],[32.8430124,39.8722818]]}},{"type":"Feature","properties":{"source":"Bing","name":"762. Sokak","highway":"residential","osm_id":443134662},"geometry":{"type":"LineString","coordinates":[[32.8421999,39.8736139],[32.8427084,39.8742346],[32.8431742,39.8748031],[32.8435849,39.8753044],[32.8440093,39.8758224]]}},{"type":"Feature","properties":{"highway":"service","osm_id":443137374},"geometry":{"type":"LineString","coordinates":[[32.8392712,39.876187],[32.8393606,39.8761994],[32.8394384,39.8762221],[32.839476,39.8762715],[32.8395296,39.8763332]]}},{"type":"Feature","properties":{"highway":"residential","osm_id":443194791},"geometry":{"type":"LineString","coordinates":[[32.8266931,39.8553429],[32.8268994,39.8552015],[32.8273493,39.8548983]]}},{"type":"Feature","properties":{"highway":"service","osm_id":443531039},"geometry":{"type":"LineString","coordinates":[[32.8504856,39.8805995],[32.850679,39.8804818],[32.8508608,39.8804014],[32.8510518,39.880366],[32.8513352,39.8803778],[32.8518713,39.8803825],[32.8520316,39.8803801],[32.8523027,39.8803116]]}},{"type":"Feature","properties":{"highway":"residential","osm_id":443531043},"geometry":{"type":"LineString","coordinates":[[32.8528852,39.8805937],[32.8529159,39.8815735],[32.8530827,39.8815336],[32.8534716,39.8815213],[32.8538981,39.8815295]]}},{"type":"Feature","properties":{"highway":"footway","osm_id":443531055},"geometry":{"type":"LineString","coordinates":[[32.8444628,39.8828283],[32.8444033,39.8827656],[32.8442325,39.8824911],[32.8441264,39.8823852],[32.8439374,39.8821964],[32.8437631,39.8819754],[32.8436565,39.8817872],[32.8435142,39.8815089],[32.8430627,39.8812197],[32.8426396,39.8809277],[32.8426147,39.8808377],[32.842668,39.880674],[32.8428067,39.8806249],[32.8430993,39.8806345],[32.8431125,39.8805048],[32.8431694,39.8802456],[32.8432938,39.8796999],[32.8433888,39.8792295]]}},{"type":"Feature","properties":{"layer":"1","highway":"footway","bridge":"yes","osm_id":443531056},"geometry":{"type":"LineString","coordinates":[[32.8448833,39.8832531],[32.8444628,39.8828283]]}},{"type":"Feature","properties":{"highway":"service","osm_id":443546197},"geometry":{"type":"LineString","coordinates":[[32.8555332,39.8711523],[32.8553698,39.8711524],[32.8552757,39.8711335]]}},{"type":"Feature","properties":{"highway":"service","osm_id":443546225},"geometry":{"type":"LineString","coordinates":[[32.8550816,39.8741942],[32.8549312,39.8741769],[32.8545848,39.8740997],[32.8540888,39.8739649]]}},{"type":"Feature","properties":{"highway":"service","osm_id":443546228},"geometry":{"type":"LineString","coordinates":[[32.8550813,39.8743385],[32.8549356,39.8743573],[32.8544647,39.8743432],[32.8543722,39.8743763]]}},{"type":"Feature","properties":{"highway":"service","osm_id":443546234},"geometry":{"type":"LineString","coordinates":[[32.8550798,39.8747226],[32.8549598,39.8747179],[32.8540898,39.8747013]]}},{"type":"Feature","properties":{"highway":"steps","osm_id":443585408},"geometry":{"type":"LineString","coordinates":[[32.8578861,39.8660674],[32.8582294,39.8660131]]}},{"type":"Feature","properties":{"highway":"steps","osm_id":443590108},"geometry":{"type":"LineString","coordinates":[[32.8556834,39.8641553],[32.8560294,39.8639391]]}},{"type":"Feature","properties":{"highway":"residential","osm_id":443601713},"geometry":{"type":"LineString","coordinates":[[32.8874572,39.8817199],[32.8869454,39.8821301]]}},{"type":"Feature","properties":{"highway":"residential","oneway":"yes","osm_id":443601718},"geometry":{"type":"LineString","coordinates":[[32.8873418,39.8816276],[32.8880272,39.8810729]]}},{"type":"Feature","properties":{"highway":"residential","oneway":"yes","osm_id":443601719},"geometry":{"type":"LineString","coordinates":[[32.8881087,39.8811404],[32.8874192,39.8816895]]}},{"type":"Feature","properties":{"highway":"residential","osm_id":443601739},"geometry":{"type":"LineString","coordinates":[[32.8877925,39.8784364],[32.8879856,39.8785352],[32.8882029,39.8786731],[32.8882941,39.8787842],[32.888347,39.8788112],[32.88849,39.8788215],[32.8886847,39.8788812],[32.8888687,39.8790034],[32.8890603,39.8791633]]}},{"type":"Feature","properties":{"highway":"residential","osm_id":443601740},"geometry":{"type":"LineString","coordinates":[[32.8878636,39.8781153],[32.8880724,39.8781588],[32.8882742,39.8781778],[32.8885714,39.8781561],[32.888798,39.8781343],[32.8899392,39.8778955]]}},{"type":"Feature","properties":{"highway":"footway","osm_id":443719731},"geometry":{"type":"LineString","coordinates":[[32.881299,39.8770621],[32.8811755,39.8771251]]}},{"type":"Feature","properties":{"highway":"footway","osm_id":443719753},"geometry":{"type":"LineString","coordinates":[[32.8804384,39.877246],[32.8805927,39.8771566],[32.8805525,39.877066],[32.8806334,39.8769933],[32.8807734,39.8768879],[32.8808633,39.8768278]]}},{"type":"Feature","properties":{"highway":"service","osm_id":443719763},"geometry":{"type":"LineString","coordinates":[[32.8756199,39.8789805],[32.8757075,39.8789703],[32.8762597,39.8789024],[32.8767264,39.8788345],[32.8768739,39.8788263],[32.8769437,39.8788448],[32.8770054,39.8788922],[32.8770215,39.8789518],[32.8770563,39.8792091],[32.8770376,39.8792441],[32.8769222,39.8792544],[32.8765762,39.8792688],[32.8763348,39.8792709],[32.8759218,39.8792482]]}},{"type":"Feature","properties":{"highway":"service","osm_id":443719770},"geometry":{"type":"LineString","coordinates":[[32.8757397,39.8797977],[32.8756497,39.8798186],[32.8752861,39.8798396],[32.8752183,39.8798435],[32.875052,39.8798641],[32.8750252,39.8799299],[32.8750735,39.880321],[32.8751969,39.8810291],[32.8752237,39.881169]]}},{"type":"Feature","properties":{"highway":"service","osm_id":443719771},"geometry":{"type":"LineString","coordinates":[[32.8752237,39.881169],[32.8752666,39.8812102],[32.87539,39.8812143],[32.8754275,39.8811608],[32.8754061,39.8808726],[32.8752861,39.8798396]]}},{"type":"Feature","properties":{"highway":"residential","name":"477. Sokak","osm_id":443727113},"geometry":{"type":"LineString","coordinates":[[32.8815341,39.8827515],[32.8824079,39.8839281]]}},{"type":"Feature","properties":{"highway":"tertiary","name":"625.Cadde","oneway":"yes","osm_id":443809022},"geometry":{"type":"LineString","coordinates":[[32.8584695,39.8508436],[32.8583964,39.8507619],[32.8581246,39.8506262],[32.8577273,39.850448],[32.8574214,39.8503126],[32.8571684,39.8501972],[32.8567769,39.8500184],[32.8564182,39.8498534],[32.8562412,39.8497766],[32.856065,39.8497013],[32.8558306,39.8495708],[32.8555986,39.8494438],[32.8553465,39.8492918],[32.8551546,39.8491457]]}},{"type":"Feature","properties":{"highway":"tertiary","name":"625.Cadde","oneway":"yes","osm_id":443809024},"geometry":{"type":"LineString","coordinates":[[32.8585813,39.8507683],[32.8587663,39.8510614]]}},{"type":"Feature","properties":{"highway":"residential","osm_id":444037428},"geometry":{"type":"LineString","coordinates":[[32.8493871,39.864455],[32.8492827,39.8645428],[32.8490532,39.8647108],[32.8486944,39.8650572]]}},{"type":"Feature","properties":{"name":"1308. Sokak","highway":"residential","osm_id":444054133},"geometry":{"type":"LineString","coordinates":[[32.826076,39.8870396],[32.8263735,39.8869455],[32.8265234,39.8868932],[32.8270916,39.8867105],[32.8272482,39.886668],[32.827469,39.8866088],[32.8277526,39.8865733],[32.8279513,39.8865535],[32.8289192,39.8865408]]}},{"type":"Feature","properties":{"name":"1112. Cadde","oneway":"no","highway":"residential","osm_id":444054134},"geometry":{"type":"LineString","coordinates":[[32.821403,39.883558],[32.8211784,39.882505],[32.8210323,39.8818894],[32.8210055,39.8816568],[32.8210135,39.8814674],[32.8210618,39.8811381],[32.8210859,39.8807614],[32.8210544,39.8803987],[32.8209083,39.8800623],[32.8207019,39.879695],[32.8205925,39.8794451],[32.8205586,39.8792669],[32.8205485,39.8790991],[32.8205599,39.8785741],[32.8205609,39.878267],[32.8205609,39.8776383],[32.8205679,39.8773473],[32.8205655,39.8765902],[32.8205381,39.8759968],[32.8205251,39.8749098],[32.8204903,39.874813],[32.8203915,39.8745118],[32.8201463,39.874178],[32.8200399,39.8737866],[32.8200372,39.8731991],[32.820051,39.8725176],[32.8200935,39.8723356],[32.820198,39.8717939],[32.8202158,39.8717018],[32.8203057,39.8714215],[32.820377,39.8712342],[32.8209265,39.8702918]]}},{"type":"Feature","properties":{"highway":"tertiary","name":"1066. Cad.","oneway":"no","osm_id":444054135},"geometry":{"type":"LineString","coordinates":[[32.821403,39.883558],[32.8219795,39.8834753],[32.8227104,39.8833603],[32.8237225,39.8831509],[32.8246618,39.8830774],[32.8257675,39.8830099],[32.8261532,39.8829948],[32.8267525,39.8829714],[32.8273282,39.8829285],[32.8278622,39.8828519]]}},{"type":"Feature","properties":{"highway":"residential","oneway":"no","osm_id":444054136},"geometry":{"type":"LineString","coordinates":[[32.8217285,39.8863593],[32.8216783,39.8855892],[32.8216387,39.8850117],[32.8215358,39.8842822],[32.8214862,39.8840495],[32.821403,39.883558]]}},{"type":"Feature","properties":{"highway":"residential","name":"1087. Sokak","osm_id":444054137},"geometry":{"type":"LineString","coordinates":[[32.8251825,39.8807992],[32.8260166,39.8807742]]}},{"type":"Feature","properties":{"highway":"secondary_link","oneway":"yes","osm_id":444054138},"geometry":{"type":"LineString","coordinates":[[32.8115636,39.8868998],[32.8117708,39.8867896],[32.8119084,39.8866569],[32.8120681,39.8864526],[32.8121755,39.8862024]]}},{"type":"Feature","properties":{"highway":"footway","osm_id":444398305},"geometry":{"type":"LineString","coordinates":[[32.8568976,39.8613754],[32.8568806,39.8613088],[32.8569461,39.8612153],[32.8569539,39.8612041],[32.8570529,39.8610982]]}},{"type":"Feature","properties":{"highway":"footway","osm_id":444398306},"geometry":{"type":"LineString","coordinates":[[32.8584997,39.8622346],[32.8586519,39.8620642],[32.8587314,39.8619655]]}},{"type":"Feature","properties":{"highway":"footway","osm_id":444398307},"geometry":{"type":"LineString","coordinates":[[32.8592089,39.8622164],[32.8591358,39.8623093]]}},{"type":"Feature","properties":{"highway":"footway","osm_id":444398308},"geometry":{"type":"LineString","coordinates":[[32.8601127,39.8625108],[32.8601203,39.8625835],[32.8600713,39.8626583],[32.8600027,39.8627485]]}},{"type":"Feature","properties":{"highway":"footway","osm_id":444398309},"geometry":{"type":"LineString","coordinates":[[32.8608496,39.863057],[32.8607547,39.8631628]]}},{"type":"Feature","properties":{"highway":"footway","osm_id":444398311},"geometry":{"type":"LineString","coordinates":[[32.8623479,39.8639925],[32.8624466,39.8638859]]}},{"type":"Feature","properties":{"highway":"footway","osm_id":444398312},"geometry":{"type":"LineString","coordinates":[[32.8649702,39.8654126],[32.8650826,39.8652737]]}},{"type":"Feature","properties":{"highway":"footway","osm_id":444398313},"geometry":{"type":"LineString","coordinates":[[32.866613,39.8663165],[32.8667328,39.8662119]]}},{"type":"Feature","properties":{"highway":"service","osm_id":444398327},"geometry":{"type":"LineString","coordinates":[[32.8737106,39.8719505],[32.8735275,39.8720384],[32.8734249,39.8720646],[32.8733972,39.8720126],[32.8733448,39.8718022],[32.8732585,39.8715964],[32.8731353,39.8713954],[32.8730336,39.8713198],[32.8727964,39.8712701],[32.8726978,39.8712819],[32.8725807,39.8713742],[32.8723003,39.8717572],[32.8721124,39.8720055],[32.8720939,39.8721758],[32.8721059,39.8725057],[32.8721093,39.872599],[32.8721401,39.8730791],[32.8721598,39.8731316]]}},{"type":"Feature","properties":{"highway":"service","osm_id":444398328},"geometry":{"type":"LineString","coordinates":[[32.8722336,39.8731165],[32.8722579,39.8731243],[32.8722777,39.8731377],[32.8722907,39.8731554],[32.8722957,39.8731753],[32.872292,39.8731953],[32.8722801,39.8732134],[32.8722612,39.8732276],[32.8722374,39.8732363],[32.8722107,39.8732386],[32.8721846,39.8732341],[32.8721618,39.8732233],[32.8721448,39.8732074],[32.8721356,39.8731881],[32.8721352,39.8731675],[32.8721435,39.873148],[32.8721598,39.8731316],[32.8721817,39.8731203],[32.8722072,39.8731151],[32.8722336,39.8731165]]}},{"type":"Feature","properties":{"highway":"service","name":"Kapalı Otopark","osm_id":444398329},"geometry":{"type":"LineString","coordinates":[[32.8722907,39.8731554],[32.8726236,39.8730609]]}},{"type":"Feature","properties":{"highway":"service","name":"Kapalı Otopark","osm_id":444398330},"geometry":{"type":"LineString","coordinates":[[32.8723003,39.8717572],[32.872698,39.8719659]]}},{"type":"Feature","properties":{"highway":"service","name":"Kapalı Otopark","osm_id":444398331},"geometry":{"type":"LineString","coordinates":[[32.8721059,39.8725057],[32.8726003,39.8724985]]}},{"type":"Feature","properties":{"highway":"service","osm_id":444398332},"geometry":{"type":"LineString","coordinates":[[32.8734249,39.8720646],[32.8735196,39.8722294],[32.8737095,39.87256],[32.873769,39.8727347],[32.8737853,39.8728078]]}},{"type":"Feature","properties":{"highway":"service","name":"Kapalı Otopark","osm_id":444398333},"geometry":{"type":"LineString","coordinates":[[32.873769,39.8727347],[32.8733397,39.8728721]]}},{"type":"Feature","properties":{"highway":"service","osm_id":444398334},"geometry":{"type":"LineString","coordinates":[[32.8738173,39.8728127],[32.8738365,39.8728231],[32.8738503,39.8728376],[32.8738573,39.8728548],[32.8738568,39.8728728],[32.8738489,39.8728897],[32.8738343,39.8729038],[32.8738146,39.8729136],[32.8737911,39.8729181],[32.8737671,39.8729164],[32.8737451,39.8729087],[32.8737276,39.8728959],[32.8737166,39.8728793],[32.8737133,39.872861],[32.873718,39.8728428],[32.8737303,39.8728268],[32.8737488,39.8728148],[32.8737714,39.8728082],[32.8737853,39.8728078],[32.8737948,39.8728075],[32.8738173,39.8728127]]}},{"type":"Feature","properties":{"highway":"footway","osm_id":444398336},"geometry":{"type":"LineString","coordinates":[[32.8728902,39.8733067],[32.8729509,39.8734591],[32.8730233,39.8736203],[32.8731027,39.8737046],[32.8732895,39.8738246],[32.873551,39.8739734],[32.8736538,39.8740074],[32.8738038,39.874024],[32.8740741,39.874054],[32.8744196,39.8740558]]}},{"type":"Feature","properties":{"highway":"service","osm_id":444398337},"geometry":{"type":"LineString","coordinates":[[32.8742942,39.8747441],[32.8743262,39.8746527],[32.8743665,39.8745531],[32.8744009,39.8741794],[32.8744196,39.8740558],[32.8743169,39.8737942],[32.8741752,39.8735221],[32.8740042,39.8731939]]}},{"type":"Feature","properties":{"highway":"service","osm_id":444398338},"geometry":{"type":"LineString","coordinates":[[32.8739849,39.8731024],[32.8740046,39.8731065],[32.8740214,39.8731153],[32.8740337,39.8731277],[32.8740402,39.8731425],[32.8740401,39.8731581],[32.8740336,39.8731728],[32.8740212,39.8731852],[32.8740042,39.8731939],[32.8739841,39.873198],[32.8739632,39.8731967],[32.8739441,39.8731903],[32.8739288,39.8731794],[32.873919,39.8731652],[32.8739159,39.8731494],[32.8739197,39.8731336],[32.8739301,39.8731197],[32.8739458,39.8731092],[32.8739646,39.8731033],[32.8739849,39.8731024]]}},{"type":"Feature","properties":{"highway":"service","name":"Kapalı Otopark","osm_id":444398339},"geometry":{"type":"LineString","coordinates":[[32.8738372,39.8736278],[32.8741752,39.8735221]]}},{"type":"Feature","properties":{"highway":"service","osm_id":444398340},"geometry":{"type":"LineString","coordinates":[[32.8743665,39.8745531],[32.8739574,39.874576],[32.8735661,39.8745287],[32.8731963,39.8744341],[32.8728143,39.8742331],[32.8726698,39.8741076],[32.872463,39.8739281],[32.8723644,39.873746]]}},{"type":"Feature","properties":{"highway":"service","name":"Kapalı Otopark","osm_id":444398343},"geometry":{"type":"LineString","coordinates":[[32.8726698,39.8741076],[32.8729529,39.873817]]}},{"type":"Feature","properties":{"highway":"service","name":"Kapalı Otopark","osm_id":444398344},"geometry":{"type":"LineString","coordinates":[[32.8735661,39.8745287],[32.8735784,39.8741622]]}},{"type":"Feature","properties":{"highway":"footway","osm_id":444399560},"geometry":{"type":"LineString","coordinates":[[32.8769033,39.8729461],[32.8768006,39.8729982]]}},{"type":"Feature","properties":{"highway":"footway","osm_id":444402444},"geometry":{"type":"LineString","coordinates":[[32.8729509,39.8734591],[32.873448,39.8732898],[32.8738038,39.874024]]}},{"type":"Feature","properties":{"highway":"service","osm_id":444402445},"geometry":{"type":"LineString","coordinates":[[32.8735432,39.8768452],[32.8736815,39.8765864]]}},{"type":"Feature","properties":{"highway":"service","osm_id":444410145},"geometry":{"type":"LineString","coordinates":[[32.8430404,39.8528957],[32.8435865,39.8517423]]}},{"type":"Feature","properties":{"highway":"residential","name":"1094. Sokak","osm_id":444563592},"geometry":{"type":"LineString","coordinates":[[32.8237094,39.8818957],[32.8246416,39.8819014]]}},{"type":"Feature","properties":{"name":"671. Sk.","highway":"residential","osm_id":444563601},"geometry":{"type":"LineString","coordinates":[[32.8501151,39.8661477],[32.8494623,39.8655983],[32.8486944,39.8650572]]}},{"type":"Feature","properties":{"highway":"residential","osm_id":444563602},"geometry":{"type":"LineString","coordinates":[[32.8501151,39.8661477],[32.8516458,39.8650949]]}},{"type":"Feature","properties":{"highway":"tertiary","name":"İlker Caddesi","source":"Bing","osm_id":444597118},"geometry":{"type":"LineString","coordinates":[[32.8396693,39.8737429],[32.83983,39.874555],[32.839824,39.8754656],[32.8397478,39.8755422],[32.8395011,39.8757903],[32.8392771,39.875908],[32.8386709,39.8762265],[32.8384879,39.8763227],[32.8382224,39.8764622],[32.8381772,39.8764859],[32.8374359,39.8768948],[32.8366517,39.8773067]]}},{"type":"Feature","properties":{"name":"765. Sokak","source":"Bing","highway":"residential","osm_id":444597119},"geometry":{"type":"LineString","coordinates":[[32.84714,39.8741391],[32.846504,39.8744904],[32.8450051,39.8752907],[32.8449218,39.8753352],[32.8440093,39.8758224],[32.8434983,39.8760296],[32.8428525,39.8762005],[32.8418838,39.8762347]]}},{"type":"Feature","properties":{"name":"Sinan Cad.","highway":"secondary","oneway":"yes","source":"Bing","osm_id":444597120},"geometry":{"type":"LineString","coordinates":[[32.8479634,39.8752335],[32.8478966,39.8751058],[32.8478231,39.8749662],[32.8477602,39.8748614],[32.8476313,39.8746768],[32.84714,39.8741391]]}},{"type":"Feature","properties":{"highway":"secondary","name":"Cezayir Caddesi","oneway":"yes","osm_id":444597121},"geometry":{"type":"LineString","coordinates":[[32.8481637,39.8751272],[32.8483382,39.8750699],[32.8485566,39.8749622],[32.8487613,39.8748375]]}},{"type":"Feature","properties":{"name":"Sinan Cad.","highway":"secondary","oneway":"yes","osm_id":444597122},"geometry":{"type":"LineString","coordinates":[[32.84714,39.8741391],[32.8475699,39.874423],[32.8479355,39.8747886],[32.8481637,39.8751272]]}},{"type":"Feature","properties":{"source":"Bing","name":"Sinan Caddesi","highway":"secondary","osm_id":444597123},"geometry":{"type":"LineString","coordinates":[[32.8478062,39.8757465],[32.8476974,39.8758471],[32.8474127,39.8760841],[32.8471712,39.8762616],[32.846995,39.8763517],[32.8457357,39.876477],[32.8442284,39.876627],[32.8437633,39.8766733],[32.8435383,39.876725],[32.8433267,39.8768267],[32.8431567,39.8769667],[32.8430533,39.8771233],[32.8430242,39.877208],[32.8430017,39.8772733],[32.8429815,39.8775089],[32.8429673,39.8778075],[32.8429683,39.8784483],[32.8429498,39.8785435],[32.8429384,39.8786024],[32.8429033,39.8787833],[32.8428,39.8789233],[32.8427623,39.8789495],[32.8426367,39.8790367],[32.8425285,39.8790795],[32.8424217,39.8791217],[32.8422851,39.8791464],[32.842155,39.87917],[32.8411823,39.879285],[32.8404221,39.8793749],[32.840195,39.8794017],[32.8394948,39.879497],[32.8386598,39.8797699],[32.8385883,39.8797929]]}},{"type":"Feature","properties":{"highway":"secondary_link","oneway":"yes","osm_id":446382147},"geometry":{"type":"LineString","coordinates":[[32.8162995,39.8865204],[32.8170483,39.8865184],[32.8177058,39.8865093],[32.8180021,39.886494],[32.8180986,39.8864835],[32.8182146,39.8864938],[32.818497,39.8864863],[32.8187575,39.8864757],[32.8197967,39.8864659],[32.8206696,39.8864542],[32.8209697,39.8864587],[32.8214426,39.886516]]}},{"type":"Feature","properties":{"highway":"secondary_link","oneway":"yes","osm_id":446382148},"geometry":{"type":"LineString","coordinates":[[32.8160549,39.8865432],[32.8160142,39.8863331],[32.8158804,39.8858096],[32.8158906,39.8855776]]}},{"type":"Feature","properties":{"highway":"secondary","name":"Galip Erdem Caddesi","oneway":"yes","osm_id":446408962},"geometry":{"type":"LineString","coordinates":[[32.8551546,39.8491457],[32.8549787,39.8491384],[32.8546677,39.8492068],[32.8544809,39.8493758]]}},{"type":"Feature","properties":{"highway":"secondary","name":"Galip Erdem Caddesi","oneway":"yes","osm_id":446408963},"geometry":{"type":"LineString","coordinates":[[32.8544809,39.8493758],[32.854567,39.8490576],[32.8547027,39.8488784],[32.8547478,39.8488359],[32.8546906,39.8487598],[32.8546433,39.8486339]]}},{"type":"Feature","properties":{"highway":"secondary","oneway":"yes","osm_id":446408964},"geometry":{"type":"LineString","coordinates":[[32.8552694,39.8490991],[32.8552081,39.8491317],[32.8551546,39.8491457]]}},{"type":"Feature","properties":{"highway":"secondary","oneway":"yes","osm_id":446408965},"geometry":{"type":"LineString","coordinates":[[32.8551546,39.8491457],[32.8548662,39.8489346],[32.8547478,39.8488359]]}},{"type":"Feature","properties":{"name":"625.Cadde","highway":"tertiary","oneway":"yes","osm_id":446408966},"geometry":{"type":"LineString","coordinates":[[32.8552694,39.8490991],[32.8556979,39.8493903],[32.8562943,39.8497139],[32.8565992,39.8498528],[32.8573769,39.8502102],[32.8578329,39.850412],[32.8584981,39.8507044],[32.8585813,39.8507683]]}},{"type":"Feature","properties":{"name":"Galip Erdem Caddesi","highway":"secondary","osm_id":446408967},"geometry":{"type":"LineString","coordinates":[[32.8546433,39.8486339],[32.8546173,39.84861],[32.8539761,39.848119],[32.8538767,39.8480428],[32.8538327,39.8480091],[32.8537709,39.8479627],[32.8522314,39.8468047],[32.8521159,39.8467083]]}},{"type":"Feature","properties":{"highway":"residential","name":"625.Cadde","oneway":"yes","surface":"unpaved","osm_id":446408968},"geometry":{"type":"LineString","coordinates":[[32.8587663,39.8510614],[32.8587875,39.8511311],[32.8587875,39.8511974],[32.8587753,39.8512826]]}},{"type":"Feature","properties":{"highway":"residential","name":"625.Cadde","oneway":"yes","surface":"unpaved","osm_id":446408969},"geometry":{"type":"LineString","coordinates":[[32.8587753,39.8512826],[32.8586797,39.8512172],[32.8586466,39.8511608]]}},{"type":"Feature","properties":{"name":"624.Sk.","highway":"residential","osm_id":446408970},"geometry":{"type":"LineString","coordinates":[[32.8559718,39.8501901],[32.8566524,39.8504944],[32.8571608,39.8506884],[32.8576661,39.8509249],[32.8581234,39.8511514],[32.8583999,39.8513269],[32.8584265,39.851344]]}},{"type":"Feature","properties":{"highway":"tertiary","name":"316.Sk.","osm_id":446408971},"geometry":{"type":"LineString","coordinates":[[32.8587663,39.8510614],[32.8586466,39.8511608]]}},{"type":"Feature","properties":{"highway":"residential","surface":"unpaved","osm_id":446408973},"geometry":{"type":"LineString","coordinates":[[32.8521159,39.8467083],[32.8514964,39.8461254],[32.850683,39.845534],[32.8504877,39.8453505]]}},{"type":"Feature","properties":{"name":"613.Sk.","highway":"residential","osm_id":446408985},"geometry":{"type":"LineString","coordinates":[[32.8554768,39.854396],[32.8536954,39.8541511]]}},{"type":"Feature","properties":{"name":"609.Cad.","highway":"residential","osm_id":446408986},"geometry":{"type":"LineString","coordinates":[[32.8547998,39.8577778],[32.8549575,39.8570504],[32.8550559,39.8566549],[32.8550743,39.8565811],[32.8551738,39.8561813],[32.8552823,39.855745],[32.855401,39.8552682]]}},{"type":"Feature","properties":{"highway":"residential","name":"612.Cad.","osm_id":446408988},"geometry":{"type":"LineString","coordinates":[[32.8554269,39.8548287],[32.8565186,39.8550078],[32.8566877,39.8550407]]}},{"type":"Feature","properties":{"name":"619.Sk.","highway":"residential","osm_id":446408989},"geometry":{"type":"LineString","coordinates":[[32.8566723,39.8519443],[32.8558077,39.8513712]]}},{"type":"Feature","properties":{"highway":"residential","name":"618.Sk.","osm_id":446408990},"geometry":{"type":"LineString","coordinates":[[32.8562262,39.8537848],[32.8562558,39.8534087],[32.8563362,39.8523848],[32.8557047,39.8520777],[32.855584,39.8519923],[32.8551674,39.8518434],[32.8550245,39.8517732]]}},{"type":"Feature","properties":{"name":"617/1.Sk.","highway":"residential","osm_id":446408991},"geometry":{"type":"LineString","coordinates":[[32.8550688,39.8528328],[32.8556524,39.8528535]]}},{"type":"Feature","properties":{"name":"615.Sk.","highway":"residential","osm_id":446408993},"geometry":{"type":"LineString","coordinates":[[32.8540008,39.8526277],[32.8546112,39.8527037]]}},{"type":"Feature","properties":{"highway":"residential","osm_id":446408994},"geometry":{"type":"LineString","coordinates":[[32.8555905,39.8537705],[32.8562262,39.8537848]]}},{"type":"Feature","properties":{"highway":"residential","osm_id":446408996},"geometry":{"type":"LineString","coordinates":[[32.8566877,39.8550407],[32.8571064,39.8551159],[32.857315,39.8551759],[32.8574815,39.8552467],[32.8575045,39.8553437],[32.8574789,39.8554343],[32.857437,39.855507],[32.8571999,39.8555036],[32.8569612,39.8554619]]}},{"type":"Feature","properties":{"highway":"residential","name":"606.Cad.","osm_id":446408998},"geometry":{"type":"LineString","coordinates":[[32.8569612,39.8554619],[32.8566877,39.8550407]]}},{"type":"Feature","properties":{"name":"611.Sk.","highway":"residential","osm_id":446409000},"geometry":{"type":"LineString","coordinates":[[32.855401,39.8552682],[32.8569612,39.8554619]]}},{"type":"Feature","properties":{"name":"609.Cad.","highway":"residential","osm_id":446409001},"geometry":{"type":"LineString","coordinates":[[32.855401,39.8552682],[32.8554269,39.8548287]]}},{"type":"Feature","properties":{"highway":"secondary","name":"Galip Erdem Caddesi","oneway":"yes","osm_id":446409002},"geometry":{"type":"LineString","coordinates":[[32.8522487,39.8571498],[32.8521909,39.8572925],[32.8521551,39.8573491],[32.8521179,39.8574177]]}},{"type":"Feature","properties":{"name":"Cezayir Cad.","highway":"secondary","oneway":"yes","osm_id":446409003},"geometry":{"type":"LineString","coordinates":[[32.8523033,39.8725881],[32.8524852,39.8726348]]}},{"type":"Feature","properties":{"bridge":"yes","highway":"secondary","layer":"1","name":"Cezayir Caddesi","oneway":"yes","osm_id":446409005},"geometry":{"type":"LineString","coordinates":[[32.8517106,39.872591],[32.8523033,39.8725881]]}},{"type":"Feature","properties":{"bridge":"yes","highway":"secondary","layer":"1","name":"Cezayir Caddesi","oneway":"yes","osm_id":446409007},"geometry":{"type":"LineString","coordinates":[[32.8522815,39.8726584],[32.8520483,39.8726635],[32.8517133,39.8726641]]}},{"type":"Feature","properties":{"highway":"residential","name":"Mimar Caddesi","oneway":"no","osm_id":446574665},"geometry":{"type":"LineString","coordinates":[[32.8393882,39.8815194],[32.8401522,39.8814287],[32.8408987,39.8813592],[32.8417648,39.8812892]]}},{"type":"Feature","properties":{"name":"Dikmen Cad.","oneway":"yes","highway":"primary","osm_id":446574666},"geometry":{"type":"LineString","coordinates":[[32.8393882,39.8815194],[32.8394683,39.8819549],[32.8395102,39.8823448],[32.83955,39.8827737],[32.8396002,39.8842389],[32.8396229,39.8847824],[32.8396582,39.8849993],[32.8397422,39.8852332],[32.8398504,39.8855197],[32.8399587,39.8858384],[32.8400703,39.8862728],[32.8401001,39.8865859],[32.8401087,39.8868986],[32.8401376,39.8876893],[32.8402039,39.8880945],[32.840279,39.8883521],[32.8403894,39.8886318],[32.8405639,39.888964],[32.8411118,39.8897979],[32.84122,39.8899962],[32.8412966,39.8902026],[32.841353,39.8904331],[32.8413852,39.8906297],[32.8414151,39.8909691],[32.8414091,39.8913268],[32.8414674,39.8931649],[32.8414824,39.8933916],[32.8415217,39.8936213],[32.8416227,39.8940704],[32.8417289,39.8945991],[32.8417438,39.8946662],[32.8418925,39.8954839],[32.8419949,39.8960451],[32.8420749,39.8964491],[32.8421338,39.8967476],[32.8421715,39.8969512],[32.8422466,39.8971096]]}},{"type":"Feature","properties":{"highway":"residential","osm_id":446574667},"geometry":{"type":"LineString","coordinates":[[32.8386604,39.884552],[32.8395417,39.8845643]]}},{"type":"Feature","properties":{"highway":"service","osm_id":446574668},"geometry":{"type":"LineString","coordinates":[[32.8554562,39.8496248],[32.8551262,39.8495157],[32.8549971,39.8494839],[32.8548952,39.8496342],[32.8546146,39.849955],[32.8545499,39.8500682],[32.854485,39.8501783],[32.8544372,39.8503379],[32.8543883,39.850392],[32.8543031,39.8505063]]}},{"type":"Feature","properties":{"highway":"secondary","name":"Alexander Dubçek Caddesi","oneway":"yes","osm_id":446574688},"geometry":{"type":"LineString","coordinates":[[32.8544068,39.8640478],[32.8545387,39.8638486],[32.8545876,39.8636092],[32.854601,39.8631047],[32.8546086,39.8628613]]}},{"type":"Feature","properties":{"highway":"service","oneway":"no","osm_id":447854113},"geometry":{"type":"LineString","coordinates":[[32.8342818,39.8492279],[32.8342589,39.8492959],[32.8342831,39.8493454],[32.8345111,39.8495183],[32.8347122,39.8496234],[32.8349846,39.8498368],[32.8355633,39.8504053],[32.835702,39.8506324],[32.8358406,39.8508194],[32.8360939,39.851184],[32.8361894,39.8513023],[32.8362495,39.8513531],[32.8363311,39.851417],[32.8365622,39.8515885],[32.8366778,39.8516429],[32.8367717,39.8516736],[32.8368441,39.8517209],[32.8369597,39.851825],[32.8372184,39.8520854],[32.8372747,39.8521287],[32.8374839,39.8521832],[32.8376676,39.8522471],[32.8378876,39.8523418],[32.8381813,39.8524664],[32.8382886,39.8525055],[32.8384192,39.8525506]]}},{"type":"Feature","properties":{"oneway":"yes","highway":"service","osm_id":447854115},"geometry":{"type":"LineString","coordinates":[[32.8422841,39.8476418],[32.8423133,39.8476624],[32.8423227,39.8477509],[32.8423362,39.847888],[32.8423428,39.8479547],[32.8423399,39.8480516],[32.8423375,39.8481329],[32.8423415,39.8482894],[32.8423442,39.8483491],[32.8423562,39.8484202],[32.8423938,39.8484912],[32.8424514,39.8485869]]}},{"type":"Feature","properties":{"highway":"service","oneway":"yes","osm_id":447854116},"geometry":{"type":"LineString","coordinates":[[32.8420597,39.8483928],[32.8421349,39.8483531],[32.8421898,39.8483117],[32.8422162,39.8482517],[32.8422253,39.8481721],[32.8422213,39.8480511],[32.8422202,39.8479561],[32.8422253,39.8478885],[32.8422375,39.8478194],[32.8422477,39.8476914],[32.8422841,39.8476418]]}},{"type":"Feature","properties":{"highway":"service","oneway":"yes","osm_id":447854117},"geometry":{"type":"LineString","coordinates":[[32.8422213,39.8480511],[32.8422391,39.8480329],[32.8422665,39.8480282],[32.8423021,39.848029],[32.8423244,39.8480438],[32.8423399,39.8480516]]}},{"type":"Feature","properties":{"highway":"secondary","name":"Eymir Gölü Yolu","oneway":"yes","osm_id":447854118},"geometry":{"type":"LineString","coordinates":[[32.8408268,39.8476725],[32.8407371,39.8475269],[32.8406206,39.8473889],[32.8405114,39.84729]]}},{"type":"Feature","properties":{"highway":"secondary_link","name":"Eymir Gölü Yolu","oneway":"yes","osm_id":447854120},"geometry":{"type":"LineString","coordinates":[[32.8403281,39.847472],[32.8403894,39.8474764],[32.8404283,39.8474609],[32.8404685,39.8474424],[32.840502,39.8474002],[32.8405114,39.84729]]}},{"type":"Feature","properties":{"highway":"service","oneway":"yes","osm_id":447854121},"geometry":{"type":"LineString","coordinates":[[32.8425568,39.8441675],[32.8426024,39.8441443],[32.8426468,39.8441335],[32.8426982,39.8441299],[32.8427613,39.8441348],[32.842804,39.8441524],[32.8428445,39.8441874]]}},{"type":"Feature","properties":{"highway":"service","oneway":"yes","osm_id":447854122},"geometry":{"type":"LineString","coordinates":[[32.8428149,39.8446677],[32.8428284,39.8450754],[32.8428162,39.8456341],[32.8428135,39.8456591],[32.842804,39.8457449],[32.842741,39.8458417],[32.84268,39.8459104],[32.8424686,39.8461101],[32.8423609,39.8462185],[32.8422969,39.8462825],[32.8422076,39.8463524]]}},{"type":"Feature","properties":{"highway":"service","oneway":"yes","osm_id":447854123},"geometry":{"type":"LineString","coordinates":[[32.8420585,39.8463541],[32.8421356,39.8462938],[32.8422348,39.8461836],[32.8423247,39.8460653],[32.8423866,39.8459918],[32.8424881,39.8458743],[32.8425547,39.8457632],[32.8426282,39.8456933],[32.8426598,39.8456592],[32.8426749,39.8456289],[32.8427018,39.8455749],[32.8427065,39.8453894],[32.842717,39.8451241],[32.8427135,39.8448892],[32.8427119,39.8447231]]}},{"type":"Feature","properties":{"highway":"service","osm_id":447854124},"geometry":{"type":"LineString","coordinates":[[32.8426749,39.8456289],[32.8421673,39.845647]]}},{"type":"Feature","properties":{"highway":"service","osm_id":447854125},"geometry":{"type":"LineString","coordinates":[[32.8426749,39.8456289],[32.8428135,39.8456591]]}},{"type":"Feature","properties":{"highway":"service","oneway":"yes","osm_id":447854126},"geometry":{"type":"LineString","coordinates":[[32.8424159,39.8463017],[32.8424742,39.8463465],[32.8425186,39.8464057],[32.8425373,39.8465016],[32.8425326,39.8469292],[32.8425338,39.8472178],[32.8425209,39.8472501],[32.8424894,39.8472922],[32.8424042,39.8473818],[32.842368,39.8474213]]}},{"type":"Feature","properties":{"highway":"service","oneway":"yes","osm_id":447854127},"geometry":{"type":"LineString","coordinates":[[32.8423609,39.8462185],[32.8423863,39.8462587],[32.8424159,39.8463017]]}},{"type":"Feature","properties":{"highway":"service","oneway":"yes","osm_id":447854128},"geometry":{"type":"LineString","coordinates":[[32.842368,39.8474213],[32.8423408,39.8473975],[32.842331,39.8473785],[32.8423337,39.8471095],[32.8423293,39.8466306],[32.8423372,39.8464254],[32.8423362,39.8463345]]}},{"type":"Feature","properties":{"highway":"service","osm_id":447854129},"geometry":{"type":"LineString","coordinates":[[32.842368,39.8474213],[32.8423256,39.8475121],[32.8423446,39.8475558],[32.8422841,39.8476418]]}},{"type":"Feature","properties":{"highway":"service","osm_id":447854130},"geometry":{"type":"LineString","coordinates":[[32.839664,39.8456764],[32.8396911,39.8456671],[32.8397912,39.8456482],[32.8402195,39.8456316]]}},{"type":"Feature","properties":{"highway":"road","osm_id":447854131},"geometry":{"type":"LineString","coordinates":[[32.8387005,39.8413818],[32.8390237,39.8413803],[32.8397601,39.8413922],[32.8402916,39.8414217],[32.8403578,39.8414265],[32.8404302,39.8414454],[32.8405119,39.841501],[32.8405489,39.8415436],[32.8406059,39.8416169],[32.8406351,39.8416808],[32.8406413,39.8417376],[32.8406351,39.8418026],[32.8406074,39.8419339],[32.8405874,39.8420593],[32.8405627,39.8422202],[32.8405566,39.8422722],[32.8406259,39.8423455],[32.8406906,39.8423964],[32.840763,39.842426],[32.8409479,39.8424555],[32.8410233,39.8424674],[32.8410726,39.842478],[32.8410911,39.8425076],[32.8408438,39.8426135],[32.8405407,39.8427906],[32.8403422,39.8429801],[32.8403023,39.8430526]]}},{"type":"Feature","properties":{"name":"638.Cadde","oneway":"yes","highway":"tertiary","osm_id":447854132},"geometry":{"type":"LineString","coordinates":[[32.8484225,39.8521385],[32.8480214,39.8521531],[32.8478011,39.8521652]]}},{"type":"Feature","properties":{"name":"Doğukent Cad.","oneway":"yes","highway":"primary","osm_id":447854133},"geometry":{"type":"LineString","coordinates":[[32.8694069,39.8675761],[32.8695319,39.8676433],[32.8696947,39.8677261],[32.8703014,39.8680618],[32.8716694,39.8689376],[32.8727728,39.869644],[32.8736177,39.8703406],[32.8737985,39.8704896],[32.8747105,39.8713382],[32.8748888,39.8715084],[32.8754203,39.8720155],[32.8755816,39.8721611],[32.875683,39.8722527],[32.8770053,39.8734464],[32.8771388,39.8735675],[32.8791001,39.8753527],[32.8791581,39.8754048],[32.8797889,39.8759714],[32.8800175,39.8761707],[32.8807734,39.8768879],[32.8826497,39.8786681],[32.8828142,39.8788188],[32.8844821,39.8803787],[32.886319,39.8820904],[32.8866237,39.8823732],[32.8867149,39.8824579],[32.886819,39.8825401],[32.8871069,39.8828217],[32.8885408,39.8841153],[32.8893776,39.8848703],[32.8899643,39.8854114],[32.8906253,39.8859308],[32.8911965,39.8862295],[32.8918867,39.8865012],[32.892604,39.8867108],[32.8936554,39.8869444],[32.8943436,39.8870616],[32.8949412,39.88726],[32.8955144,39.8874995],[32.8960557,39.8878163],[32.8963557,39.8880063],[32.8966523,39.8882163],[32.897779,39.8891297],[32.8983407,39.8895215],[32.8988444,39.8897784],[32.8993689,39.8899975],[32.900178,39.8902034],[32.900921,39.8903143],[32.9015173,39.8903169],[32.9022362,39.8902961],[32.902639,39.890238],[32.9033437,39.8901244]]}},{"type":"Feature","properties":{"highway":"tertiary","oneway":"yes","osm_id":447854144},"geometry":{"type":"LineString","coordinates":[[32.8694069,39.8675761],[32.8693907,39.8673906],[32.8693747,39.8672577],[32.8693235,39.8670697]]}},{"type":"Feature","properties":{"highway":"secondary","name":"Hollanda Caddesi","oneway":"yes","osm_id":447854150},"geometry":{"type":"LineString","coordinates":[[32.8581703,39.8675229],[32.8582212,39.8674488],[32.8584463,39.8672242],[32.8585975,39.8669433]]}},{"type":"Feature","properties":{"highway":"residential","name":"Holzmeister Caddesi","oneway":"no","osm_id":447854158},"geometry":{"type":"LineString","coordinates":[[32.857636,39.8725542],[32.8576098,39.8719265],[32.8575907,39.871585],[32.8575857,39.8715542],[32.8575765,39.8713877],[32.857565,39.871156],[32.8575533,39.8709217],[32.8575469,39.8708423],[32.8575308,39.8701609]]}},{"type":"Feature","properties":{"highway":"tertiary","name":"Cezayir Caddesi","osm_id":447854165},"geometry":{"type":"LineString","coordinates":[[32.857636,39.8725542],[32.8586786,39.8725243],[32.8596998,39.8725094],[32.8597556,39.8725026],[32.8603841,39.8723614],[32.8613449,39.872095]]}},{"type":"Feature","properties":{"highway":"residential","osm_id":447854169},"geometry":{"type":"LineString","coordinates":[[32.855077,39.8754563],[32.8550885,39.8757267],[32.8551307,39.8759986],[32.8555694,39.876491],[32.8557442,39.8769681],[32.8557941,39.877095],[32.855841,39.877152]]}},{"type":"Feature","properties":{"highway":"residential","oneway":"yes","name":"Şehit Mustafa Doğan Caddesi","osm_id":447854175},"geometry":{"type":"LineString","coordinates":[[32.8526211,39.87937],[32.8525362,39.8792681],[32.8523663,39.8790646],[32.8522674,39.8788804],[32.8522058,39.8787266],[32.8521573,39.8785683]]}},{"type":"Feature","properties":{"highway":"residential","name":"741.Cadde","osm_id":447854180},"geometry":{"type":"LineString","coordinates":[[32.8522101,39.8795234],[32.852058,39.8795357],[32.851926,39.8795543],[32.8518131,39.879596],[32.8517211,39.8796467],[32.8515286,39.8797897],[32.8512863,39.8798803],[32.8510378,39.8798946],[32.850808,39.8798564],[32.8506118,39.8798436],[32.8505161,39.8798374],[32.8501247,39.8798183],[32.8498639,39.8798517],[32.849634,39.8799375],[32.8495098,39.8800805],[32.8494166,39.880233],[32.8492676,39.8804046],[32.8490377,39.8806477],[32.8486278,39.8809623],[32.8482364,39.8812626],[32.8476667,39.8816439]]}},{"type":"Feature","properties":{"highway":"residential","osm_id":448361183},"geometry":{"type":"LineString","coordinates":[[32.8433496,39.8634302],[32.8434766,39.8636348],[32.8436027,39.8637971],[32.8437409,39.864003],[32.8439401,39.8643369],[32.8440661,39.8646178],[32.8442409,39.8649829],[32.8443792,39.8653573],[32.8444036,39.8655165],[32.8444767,39.8657224],[32.8445702,39.8659533],[32.8447817,39.8662435],[32.8449199,39.86654],[32.8449443,39.8667428],[32.8450296,39.8668988],[32.8451232,39.8671079],[32.8452329,39.8675572]]}},{"type":"Feature","properties":{"highway":"secondary","name":"Cezayir Caddesi","oneway":"yes","osm_id":449259174},"geometry":{"type":"LineString","coordinates":[[32.8511399,39.8729358],[32.8511181,39.8729661],[32.8507998,39.8732424]]}},{"type":"Feature","properties":{"highway":"secondary","name":"Cezayir Caddesi","oneway":"yes","osm_id":449259175},"geometry":{"type":"LineString","coordinates":[[32.8517133,39.8726641],[32.8515131,39.8726644],[32.8513362,39.8727409],[32.851268,39.8727983],[32.8512285,39.872836]]}},{"type":"Feature","properties":{"highway":"service","oneway":"yes","osm_id":449860630},"geometry":{"type":"LineString","coordinates":[[32.8259657,39.8459463],[32.8259599,39.8459004],[32.8259545,39.8458437],[32.8259599,39.8457902],[32.8259867,39.8457624],[32.8260283,39.8457624],[32.8260604,39.8457737],[32.8260738,39.8457943],[32.8260725,39.8458221],[32.826043,39.8458736],[32.8260148,39.8459065],[32.8259657,39.8459463]]}},{"type":"Feature","properties":{"highway":"residential","name":"Eşref Üren Sokağı","osm_id":449860645},"geometry":{"type":"LineString","coordinates":[[32.8246876,39.8486748],[32.8246768,39.8485612],[32.8246017,39.84828],[32.824615,39.8480033]]}},{"type":"Feature","properties":{"highway":"residential","name":"Faik Öztırak Caddesi","osm_id":449860646},"geometry":{"type":"LineString","coordinates":[[32.8246876,39.8486748],[32.8246935,39.8487595],[32.8247213,39.8489546],[32.8247598,39.8491852],[32.8247921,39.8493591],[32.8248152,39.8494194],[32.8248984,39.8494916],[32.8250155,39.849546],[32.8251126,39.8495732],[32.8251649,39.8495625]]}},{"type":"Feature","properties":{"highway":"residential","name":"Yılmaz Çolpan Sokağı","osm_id":449860647},"geometry":{"type":"LineString","coordinates":[[32.8222549,39.848302],[32.8218213,39.8474924],[32.8217854,39.8474254]]}},{"type":"Feature","properties":{"highway":"residential","name":"Yılmaz Çolpan Sokağı","osm_id":449860648},"geometry":{"type":"LineString","coordinates":[[32.8222549,39.848302],[32.8232399,39.8479416],[32.8234537,39.8478632],[32.8235312,39.8479742],[32.8242331,39.8477642]]}},{"type":"Feature","properties":{"highway":"residential","osm_id":449860649},"geometry":{"type":"LineString","coordinates":[[32.8242331,39.8477642],[32.8244359,39.84806]]}},{"type":"Feature","properties":{"highway":"residential","name":"Ümit Yaşar Sokağı","osm_id":449860650},"geometry":{"type":"LineString","coordinates":[[32.8215907,39.8487942],[32.8213065,39.8483863],[32.8207977,39.8481252]]}},{"type":"Feature","properties":{"highway":"residential","name":"Hamdullah Suphi Tanrıöver Sokağı","osm_id":449860651},"geometry":{"type":"LineString","coordinates":[[32.8215907,39.8487942],[32.8208141,39.8491317]]}},{"type":"Feature","properties":{"highway":"residential","name":"Hamdullah Suphi Tanrıöver Sokağı","osm_id":449860652},"geometry":{"type":"LineString","coordinates":[[32.8208141,39.8491317],[32.8197405,39.8495002],[32.8196734,39.8496706],[32.8186805,39.8500697]]}},{"type":"Feature","properties":{"highway":"residential","name":"Rasih Kaplan Sokağı","osm_id":449860653},"geometry":{"type":"LineString","coordinates":[[32.8211284,39.8495209],[32.8196367,39.8500833],[32.8189183,39.850325],[32.8188473,39.8503294]]}},{"type":"Feature","properties":{"name":"Zühtü Tigrel Cd.","highway":"secondary","oneway":"yes","osm_id":449860654},"geometry":{"type":"LineString","coordinates":[[32.8211769,39.8506855],[32.8214634,39.8506053]]}},{"type":"Feature","properties":{"highway":"residential","oneway":"yes","osm_id":449860656},"geometry":{"type":"LineString","coordinates":[[32.8179083,39.850615],[32.8178784,39.8506467],[32.8177015,39.8507661],[32.8175247,39.8508909],[32.8171735,39.8511459],[32.8170575,39.8512557]]}},{"type":"Feature","properties":{"highway":"residential","name":"Bakü Sokağı","osm_id":449860657},"geometry":{"type":"LineString","coordinates":[[32.8313278,39.8498467],[32.8314629,39.8499729],[32.831438,39.8503342],[32.8310018,39.8506872],[32.8301045,39.8514061]]}},{"type":"Feature","properties":{"highway":"pedestrian","name":"Hüseyin Aksu Sokağı","osm_id":449860658},"geometry":{"type":"LineString","coordinates":[[32.8355905,39.8517183],[32.8349045,39.8522534],[32.8332073,39.8522108],[32.832364,39.8529738],[32.8307921,39.8543031]]}},{"type":"Feature","properties":{"highway":"pedestrian","name":"M.Mütif Kansu Sokağı","osm_id":449860659},"geometry":{"type":"LineString","coordinates":[[32.8332929,39.8533726],[32.8331942,39.8533102],[32.832997,39.853239],[32.8327939,39.853239],[32.8325958,39.8531517],[32.832364,39.8529738],[32.8310673,39.8521245]]}},{"type":"Feature","properties":{"highway":"residential","osm_id":449860660},"geometry":{"type":"LineString","coordinates":[[32.8170685,39.8470291],[32.8171899,39.8468556],[32.8181884,39.8466802]]}},{"type":"Feature","properties":{"highway":"tertiary","lanes":"2","name":"Hayri Çeçen Caddesi","osm_id":449860661},"geometry":{"type":"LineString","coordinates":[[32.8170685,39.8470291],[32.8170367,39.8470033],[32.81689,39.846955],[32.8167067,39.8469483],[32.8164833,39.8469883],[32.8158744,39.847174],[32.81574,39.847215],[32.8155217,39.8473067],[32.8153467,39.8474122],[32.815165,39.8475217],[32.8148323,39.8477781],[32.8147217,39.8478633],[32.8139891,39.8486136],[32.8137683,39.8489083],[32.8136967,39.8490517],[32.8136567,39.84925],[32.81368,39.8493517],[32.8137683,39.8494517],[32.8138983,39.84953],[32.81492,39.849905],[32.8150117,39.84997],[32.8150679,39.8500035]]}},{"type":"Feature","properties":{"highway":"residential","name":"Sabri Kınınç Sokağı","osm_id":449860662},"geometry":{"type":"LineString","coordinates":[[32.8160954,39.8475987],[32.8170009,39.848018]]}},{"type":"Feature","properties":{"highway":"tertiary","name":"Ahmet Rüstem Caddesi","lanes":"2","osm_id":449860663},"geometry":{"type":"LineString","coordinates":[[32.8150679,39.8500035],[32.8148096,39.8500886],[32.8134149,39.8501072],[32.8125936,39.8501695]]}},{"type":"Feature","properties":{"name":"Zülfü Tigrel Cd.","oneway":"yes","highway":"secondary","osm_id":449860666},"geometry":{"type":"LineString","coordinates":[[32.8286944,39.846996],[32.8283841,39.8470878],[32.8271954,39.8475452],[32.8269876,39.8476339]]}},{"type":"Feature","properties":{"highway":"tertiary","name":"Kudüs Caddesi","oneway":"yes","osm_id":449860667},"geometry":{"type":"LineString","coordinates":[[32.8311813,39.8480598],[32.8312383,39.8480733],[32.8312976,39.8480967],[32.8315735,39.8482223],[32.8324462,39.84856],[32.8325567,39.8485973],[32.8329731,39.8487468],[32.8337149,39.8490207],[32.8339103,39.8490633],[32.8339529,39.8490685],[32.8341912,39.8490974],[32.8342526,39.8491032],[32.8344864,39.8490325],[32.834636,39.8489199]]}},{"type":"Feature","properties":{"highway":"tertiary","name":"Ukrayna Caddesi","oneway":"yes","osm_id":456198166},"geometry":{"type":"LineString","coordinates":[[32.8588488,39.8668389],[32.8591347,39.8667545],[32.8593008,39.8667179]]}},{"type":"Feature","properties":{"highway":"secondary","name":"Hollanda Caddesi","oneway":"yes","osm_id":457620727},"geometry":{"type":"LineString","coordinates":[[32.8587714,39.8674141],[32.8586687,39.8674163],[32.8585183,39.8674258],[32.8581703,39.8675229]]}},{"type":"Feature","properties":{"highway":"residential","oneway":"yes","osm_id":457620728},"geometry":{"type":"LineString","coordinates":[[32.8685878,39.8821371],[32.8691194,39.8821008]]}},{"type":"Feature","properties":{"name:en":"Quatar Street","old_name":"415. Cd.","highway":"tertiary","name":"Katar Caddesi","osm_id":457620729},"geometry":{"type":"LineString","coordinates":[[32.8685878,39.8821371],[32.868623,39.8821015],[32.869435,39.88128],[32.8703317,39.8804415],[32.8704181,39.8803607],[32.870545,39.8802217],[32.8706133,39.88015],[32.8706783,39.8800783],[32.870976,39.8796716],[32.8710333,39.8795933],[32.8711854,39.8792901],[32.8711474,39.8791958]]}},{"type":"Feature","properties":{"highway":"residential","oneway":"yes","osm_id":457620730},"geometry":{"type":"LineString","coordinates":[[32.8685878,39.8821371],[32.8685981,39.8823818]]}},{"type":"Feature","properties":{"highway":"tertiary","ref":"https://www.ankara.bel.tr/genel-sekreter-yardimcisi-vedat-ucpinar/fen-isleri-dairesi-baskanligi/numarataj-sube-mudurlugu/degisen-cadde-ve-sokak-simleri","oneway":"no","name":"Podgorista Caddesi","osm_id":457620731},"geometry":{"type":"LineString","coordinates":[[32.8826004,39.8788816],[32.8823765,39.8789457],[32.8812514,39.8793128],[32.880985,39.8793559],[32.8805,39.8793567],[32.8801197,39.8793489],[32.8794777,39.8793511],[32.8794366,39.8793511],[32.8782899,39.8793519],[32.8774607,39.8793525],[32.8756847,39.8793643],[32.8746328,39.8793005],[32.8744065,39.8792959],[32.8738742,39.8792766],[32.8734787,39.879265],[32.8719204,39.8791924],[32.8715642,39.8791708],[32.8711474,39.8791958]]}},{"type":"Feature","properties":{"highway":"secondary_link","oneway":"-1","osm_id":458548129},"geometry":{"type":"LineString","coordinates":[[32.8238405,39.8865842],[32.8239091,39.8866721],[32.823962,39.8867811],[32.8240984,39.88745],[32.8242012,39.8877062]]}},{"type":"Feature","properties":{"highway":"secondary_link","oneway":"yes","osm_id":458548131},"geometry":{"type":"LineString","coordinates":[[32.823823,39.8852067],[32.8239207,39.8853914],[32.8240647,39.8863678]]}},{"type":"Feature","properties":{"highway":"secondary","tunnel":"yes","oneway":"yes","layer":"-1","osm_id":458548132},"geometry":{"type":"LineString","coordinates":[[32.829117,39.8846235],[32.82809,39.8849758]]}},{"type":"Feature","properties":{"highway":"secondary","tunnel":"yes","oneway":"yes","layer":"-1","osm_id":458548133},"geometry":{"type":"LineString","coordinates":[[32.8280099,39.8848592],[32.8290472,39.8845042]]}},{"type":"Feature","properties":{"highway":"secondary","oneway":"yes","osm_id":458548134},"geometry":{"type":"LineString","coordinates":[[32.8290472,39.8845042],[32.8302678,39.8840911],[32.8306377,39.8839624],[32.8309622,39.8838612]]}},{"type":"Feature","properties":{"highway":"secondary","name":"Mimar Caddesi","oneway":"yes","osm_id":458548135},"geometry":{"type":"LineString","coordinates":[[32.8316891,39.8836841],[32.8311492,39.8839269],[32.8309992,39.8839931]]}},{"type":"Feature","properties":{"highway":"secondary","name":"1071 Malazgirt Bulvarı","oneway":"yes","osm_id":458548137},"geometry":{"type":"LineString","coordinates":[[32.8238405,39.8865842],[32.8234479,39.8866353],[32.8231457,39.8866616],[32.8215021,39.8866896]]}},{"type":"Feature","properties":{"highway":"secondary","oneway":"yes","osm_id":458548138},"geometry":{"type":"LineString","coordinates":[[32.8309992,39.8839931],[32.829117,39.8846235]]}},{"type":"Feature","properties":{"highway":"secondary","name":"Mimar Caddesi","oneway":"yes","osm_id":458548139},"geometry":{"type":"LineString","coordinates":[[32.8309622,39.8838612],[32.8310075,39.883847],[32.8316891,39.8836841]]}},{"type":"Feature","properties":{"name":"1163.Cadde","highway":"residential","oneway":"yes","osm_id":458548140},"geometry":{"type":"LineString","coordinates":[[32.8187243,39.8707139],[32.8185793,39.8707639],[32.818426,39.8707984]]}},{"type":"Feature","properties":{"name":"1163.Cadde","highway":"residential","oneway":"yes","osm_id":458548141},"geometry":{"type":"LineString","coordinates":[[32.818426,39.8707984],[32.8184708,39.8707541],[32.818542,39.8706887],[32.8186552,39.8706179],[32.8187537,39.8705904]]}},{"type":"Feature","properties":{"highway":"residential","oneway":"yes","osm_id":458548142},"geometry":{"type":"LineString","coordinates":[[32.8188801,39.8706857],[32.8187243,39.8707139]]}},{"type":"Feature","properties":{"highway":"residential","oneway":"yes","osm_id":458548143},"geometry":{"type":"LineString","coordinates":[[32.8187537,39.8705904],[32.8189247,39.8705677]]}},{"type":"Feature","properties":{"name":"Muhsin Yazıcıoğlu Caddesi","highway":"secondary","oneway":"yes","osm_id":458548146},"geometry":{"type":"LineString","coordinates":[[32.8101669,39.8891553],[32.810165,39.8891188],[32.8101646,39.8890733],[32.8101638,39.8890109],[32.8101638,39.8889563],[32.8101615,39.8889029],[32.8101431,39.8887297],[32.8101282,39.8885452]]}},{"type":"Feature","properties":{"highway":"secondary_link","oneway":"yes","osm_id":458886580},"geometry":{"type":"LineString","coordinates":[[32.8131796,39.8869687],[32.8130175,39.8870176],[32.8128276,39.8871476],[32.8127369,39.8872716]]}},{"type":"Feature","properties":{"highway":"residential","osm_id":458886582},"geometry":{"type":"LineString","coordinates":[[32.8166707,39.8797984],[32.8176992,39.8798155]]}},{"type":"Feature","properties":{"highway":"residential","name":"852. Sokak","osm_id":458889305},"geometry":{"type":"LineString","coordinates":[[32.8128912,39.8631459],[32.8135643,39.8634839]]}},{"type":"Feature","properties":{"highway":"residential","name":"851. Sokak","osm_id":458889306},"geometry":{"type":"LineString","coordinates":[[32.8128835,39.861964],[32.8130469,39.862288],[32.8130889,39.8623776],[32.8131963,39.8624708],[32.8141143,39.8629323]]}},{"type":"Feature","properties":{"highway":"residential","name":"846. Sokak","osm_id":458889307},"geometry":{"type":"LineString","coordinates":[[32.8128859,39.8612765],[32.8141722,39.8607553]]}},{"type":"Feature","properties":{"highway":"residential","osm_id":458889308},"geometry":{"type":"LineString","coordinates":[[32.8124404,39.860564],[32.8117821,39.8609695]]}},{"type":"Feature","properties":{"highway":"secondary","name":"1071 Malazgirt Bulvarı","oneway":"yes","osm_id":460919649},"geometry":{"type":"LineString","coordinates":[[32.8238879,39.8864197],[32.8240647,39.8863678],[32.8258968,39.8856258]]}},{"type":"Feature","properties":{"highway":"secondary","oneway":"yes","osm_id":460919650},"geometry":{"type":"LineString","coordinates":[[32.82809,39.8849758],[32.825931,39.8857232]]}},{"type":"Feature","properties":{"highway":"tertiary","name":"Şehit Mustafa Doğan Caddesi","osm_id":461955770},"geometry":{"type":"LineString","coordinates":[[32.8602862,39.8760517],[32.8591885,39.8757199],[32.8580817,39.8753239],[32.857741,39.8752019],[32.8568084,39.874852],[32.8563593,39.8746835],[32.8561668,39.8746113],[32.8550817,39.8742317]]}},{"type":"Feature","properties":{"highway":"tertiary","oneway":"yes","osm_id":461955771},"geometry":{"type":"LineString","coordinates":[[32.8527316,39.8794029],[32.8527737,39.8794027],[32.8528015,39.8794096],[32.8528138,39.8794127],[32.8528476,39.879432],[32.8528716,39.8794585],[32.8528835,39.8794895],[32.8528819,39.8795218],[32.852867,39.8795521],[32.8528383,39.8795784],[32.8527998,39.8795958],[32.852756,39.8796022],[32.8527118,39.879597],[32.8526725,39.8795806],[32.8526427,39.8795551],[32.8526258,39.8795233],[32.8526236,39.8794911],[32.8526348,39.8794599],[32.8526583,39.8794331],[32.8526918,39.8794134],[32.8527316,39.8794029]]}},{"type":"Feature","properties":{"highway":"residential","name":"741.Cadde","oneway":"yes","osm_id":461955772},"geometry":{"type":"LineString","coordinates":[[32.8522101,39.8795234],[32.8522906,39.8795082],[32.8523759,39.8794993],[32.8524576,39.8794921],[32.852516,39.8794858],[32.8525778,39.8794643],[32.8526348,39.8794599]]}},{"type":"Feature","properties":{"highway":"residential","name":"741.Cadde","oneway":"yes","osm_id":461955773},"geometry":{"type":"LineString","coordinates":[[32.8526725,39.8795806],[32.8526047,39.8795575],[32.8525382,39.8795494],[32.8524553,39.8795432],[32.8523735,39.8795387],[32.852258,39.8795297],[32.8522101,39.8795234]]}},{"type":"Feature","properties":{"highway":"residential","name":"736.Cadde","oneway":"yes","osm_id":461955774},"geometry":{"type":"LineString","coordinates":[[32.8528835,39.8794895],[32.8528973,39.8795134],[32.8529513,39.8795571],[32.8530683,39.8796895]]}},{"type":"Feature","properties":{"highway":"residential","name":"736.Cadde","oneway":"yes","osm_id":461955775},"geometry":{"type":"LineString","coordinates":[[32.8530683,39.8796895],[32.8530134,39.8796797],[32.852927,39.8796528],[32.8528324,39.8796089],[32.8527998,39.8795958]]}},{"type":"Feature","properties":{"highway":"tertiary","name":"737.Cadde","oneway":"yes","osm_id":461955776},"geometry":{"type":"LineString","coordinates":[[32.8526583,39.8794331],[32.8526268,39.8793918],[32.8526211,39.87937],[32.8526085,39.8793208],[32.8525861,39.8792538],[32.8525739,39.8791898],[32.8525577,39.8790976],[32.8525453,39.8789994],[32.8525376,39.8788777],[32.8525407,39.8787996],[32.8525515,39.8786909],[32.852565,39.8786177],[32.85257,39.8785904],[32.8525962,39.8784864],[32.8526408,39.8783811],[32.8527025,39.8782736],[32.8527702,39.8781742],[32.8528688,39.8780584],[32.8529705,39.8779532],[32.8530845,39.877848],[32.8532494,39.8777179],[32.8533341,39.8776517],[32.8534096,39.8775985],[32.8535806,39.8775039],[32.8537011,39.8774558]]}},{"type":"Feature","properties":{"highway":"tertiary","oneway":"yes","name":"Kişinev Caddesi","osm_id":461955777},"geometry":{"type":"LineString","coordinates":[[32.8545856,39.8775342],[32.8543146,39.8775211],[32.8540946,39.87752],[32.8539905,39.8775317],[32.8539665,39.877536]]}},{"type":"Feature","properties":{"name":"737.Cadde","oneway":"yes","highway":"residential","osm_id":461955778},"geometry":{"type":"LineString","coordinates":[[32.8541047,39.8770635],[32.8540677,39.8771233],[32.8540446,39.8771635],[32.8540123,39.8772238],[32.8539938,39.8772604],[32.8539846,39.8773148],[32.8539811,39.8773952]]}},{"type":"Feature","properties":{"highway":"residential","oneway":"yes","osm_id":461955779},"geometry":{"type":"LineString","coordinates":[[32.8538054,39.8775724],[32.8537608,39.8775453],[32.8537269,39.8775204],[32.8537023,39.8774873],[32.8537011,39.8774558]]}},{"type":"Feature","properties":{"highway":"tertiary","oneway":"yes","osm_id":461955780},"geometry":{"type":"LineString","coordinates":[[32.8537011,39.8774558],[32.8537731,39.8774271],[32.8539811,39.8773952]]}},{"type":"Feature","properties":{"name":"737.Cadde","oneway":"yes","highway":"residential","osm_id":461955781},"geometry":{"type":"LineString","coordinates":[[32.8537011,39.8774558],[32.8537192,39.877375],[32.8537824,39.8773017],[32.8538409,39.8772417],[32.8538825,39.877201],[32.8539303,39.8771598],[32.8539904,39.8771196],[32.8540674,39.8770795],[32.8541047,39.8770635]]}},{"type":"Feature","properties":{"highway":"tertiary","name":"737.Cadde","oneway":"yes","osm_id":461955782},"geometry":{"type":"LineString","coordinates":[[32.8539665,39.877536],[32.8539002,39.877548],[32.8538188,39.8775683],[32.8538054,39.8775724],[32.8536897,39.8776077],[32.853564,39.8776593],[32.8534614,39.8777136],[32.8533393,39.8777897],[32.8532278,39.8778684],[32.8531446,39.877935],[32.8530756,39.8779934],[32.8529995,39.8780681],[32.8529323,39.8781373],[32.8528668,39.8782188],[32.8527978,39.8783166],[32.8527429,39.8784184],[32.8527164,39.8784823],[32.8526845,39.8785868],[32.8526668,39.8786724],[32.852658,39.8787376],[32.8526456,39.8788068],[32.8526385,39.8789168],[32.8526421,39.8790268],[32.8526544,39.8791029],[32.8526863,39.8792034],[32.8527128,39.8792808],[32.8527376,39.8793446],[32.8528015,39.8794096]]}},{"type":"Feature","properties":{"highway":"residential","name":"737.Cadde","oneway":"yes","osm_id":461955783},"geometry":{"type":"LineString","coordinates":[[32.8539811,39.8773952],[32.8539861,39.8774508],[32.8539846,39.8774862],[32.8539665,39.877536]]}},{"type":"Feature","properties":{"highway":"tertiary","oneway":"yes","name":"Kişinev Caddesi","osm_id":461955784},"geometry":{"type":"LineString","coordinates":[[32.8539811,39.8773952],[32.8540859,39.8773953],[32.8541795,39.8774024],[32.8543065,39.8774351],[32.8545856,39.8775342]]}},{"type":"Feature","properties":{"highway":"residential","name":"747.Cadde","osm_id":461955785},"geometry":{"type":"LineString","coordinates":[[32.8476667,39.8816439],[32.8464972,39.8824876],[32.8463171,39.8826782],[32.846255,39.8829309],[32.8461682,39.8834504],[32.8461837,39.8843654],[32.8462524,39.8845692],[32.8463142,39.8847166],[32.8463514,39.884771]]}},{"type":"Feature","properties":{"highway":"secondary_link","oneway":"yes","osm_id":462165196},"geometry":{"type":"LineString","coordinates":[[32.8240916,39.8865068],[32.8240923,39.8865716],[32.824185,39.8871546]]}},{"type":"Feature","properties":{"highway":"service","osm_id":462165197},"geometry":{"type":"LineString","coordinates":[[32.8219376,39.8528512],[32.8217298,39.8529732],[32.8217065,39.8530431],[32.8216761,39.8531112],[32.8216318,39.8531561],[32.8215571,39.8531955],[32.8214847,39.853226],[32.8214006,39.8532511],[32.8212629,39.8532762],[32.8210877,39.8532995],[32.820985,39.8533066],[32.8209149,39.8533174],[32.8208472,39.8533622],[32.8207714,39.8534136],[32.8205715,39.8534354],[32.8202954,39.8534313],[32.8199928,39.8534408],[32.8199918,39.8535336]]}},{"type":"Feature","properties":{"highway":"service","osm_id":462165198},"geometry":{"type":"LineString","coordinates":[[32.8217298,39.8529732],[32.8216676,39.8529569],[32.8214334,39.852912],[32.8211777,39.8528694],[32.820922,39.8528315],[32.8207309,39.8527984],[32.8205584,39.8527819],[32.8203982,39.8527771],[32.8201609,39.8527771],[32.8199977,39.8527795],[32.8199071,39.8527765],[32.8197851,39.8527724],[32.8195355,39.8527653],[32.8190672,39.8527629],[32.8184879,39.85277],[32.8181552,39.8527771],[32.8180443,39.8527866],[32.8179796,39.8528102],[32.817974,39.8528294],[32.8179672,39.8528528],[32.817995,39.852893],[32.8180905,39.8529498],[32.818223,39.8530137],[32.8183185,39.853061],[32.8184232,39.8531343],[32.8184879,39.8531816]]}},{"type":"Feature","properties":{"highway":"service","osm_id":462165199},"geometry":{"type":"LineString","coordinates":[[32.8199071,39.8527765],[32.8198439,39.8528256],[32.8197769,39.8528755],[32.8197138,39.8529223],[32.8196651,39.8529504],[32.8195756,39.8529738],[32.8194882,39.8529988],[32.8194049,39.8530331],[32.8193378,39.8530799],[32.8192992,39.8531283],[32.8192931,39.8531876],[32.819291,39.8533249],[32.8192849,39.8534077],[32.8192849,39.8534685],[32.8192971,39.8535184],[32.8193358,39.8535809],[32.8193784,39.8536246],[32.8194191,39.8536589],[32.8194679,39.8536854],[32.819537,39.8536885],[32.8196061,39.8536807],[32.8196996,39.8536558],[32.8197626,39.8536308],[32.8198724,39.8535637],[32.8199374,39.8535356],[32.8199918,39.8535336],[32.8200635,39.8535309],[32.8201773,39.8535341],[32.8203033,39.8535606],[32.8204355,39.8535934],[32.8205696,39.8536402],[32.8206896,39.8536948],[32.8207785,39.8537342],[32.8209604,39.8538456],[32.8210524,39.8539108],[32.8211798,39.854014],[32.8213638,39.8541281],[32.8215266,39.8542259],[32.8216965,39.8542966],[32.8218522,39.8543346],[32.8220858,39.854389]]}},{"type":"Feature","properties":{"highway":"service","osm_id":462165201},"geometry":{"type":"LineString","coordinates":[[32.8243047,39.8547224],[32.8241675,39.854791]]}},{"type":"Feature","properties":{"highway":"service","surface":"unpaved","osm_id":462165202},"geometry":{"type":"LineString","coordinates":[[32.817974,39.8528294],[32.8179414,39.8528237],[32.817869,39.8528165],[32.8178167,39.8528134],[32.8177496,39.8528103],[32.8176786,39.8528083],[32.8175673,39.8528052],[32.8174774,39.8528052],[32.817346,39.8528052],[32.8172011,39.8528036],[32.8170539,39.8528021],[32.8168852,39.8527959],[32.8167734,39.8527849],[32.8166677,39.8527631],[32.8165559,39.852721],[32.8164461,39.8526679],[32.8163689,39.852607],[32.8163038,39.8525524],[32.8162681,39.8525205],[32.8162528,39.8525069],[32.8162286,39.8524853],[32.8161555,39.8524291],[32.8160619,39.8523855],[32.8159908,39.8523589],[32.8158505,39.8523137],[32.8156981,39.85227],[32.8155212,39.8522232],[32.8154013,39.8521966],[32.8153159,39.8521904],[32.8151797,39.8521795],[32.8150313,39.8521592],[32.8149236,39.8521451],[32.8148138,39.852128],[32.8147203,39.8521108],[32.8146492,39.852089],[32.8145821,39.8520546],[32.8145171,39.8520172],[32.8144683,39.8519719],[32.8144236,39.8519142],[32.8144012,39.8518658],[32.8143971,39.8518018],[32.8144073,39.8517472],[32.8144276,39.8517035],[32.8144703,39.8516582],[32.8145333,39.8516099],[32.8146004,39.8515677],[32.8146695,39.8515428],[32.8147488,39.851524],[32.8148138,39.851524],[32.8148992,39.8515365],[32.8150171,39.8515615],[32.8151025,39.851563],[32.8152448,39.8515677],[32.8154135,39.8515599],[32.8156086,39.8515443],[32.8158343,39.8515256],[32.8160741,39.8514944],[32.8162591,39.8514772],[32.8163547,39.8514523],[32.8164441,39.8514148],[32.8164909,39.8513805],[32.8165234,39.8513196],[32.8165443,39.8511663]]}},{"type":"Feature","properties":{"highway":"residential","oneway":"yes","osm_id":462165205},"geometry":{"type":"LineString","coordinates":[[32.816366,39.8507587],[32.8164155,39.8508498],[32.8164651,39.8509466],[32.8165107,39.8510176],[32.8165697,39.8510773],[32.8166261,39.8511154],[32.8167267,39.8511659],[32.8168209,39.8512142]]}},{"type":"Feature","properties":{"highway":"residential","oneway":"yes","osm_id":462165207},"geometry":{"type":"LineString","coordinates":[[32.8156281,39.8510888],[32.815804,39.8510639],[32.8159287,39.8510423],[32.8160226,39.8510217],[32.8161178,39.8509929],[32.8161795,39.8509754],[32.8162278,39.8509558],[32.816276,39.8509301],[32.8163002,39.8509044],[32.8163216,39.8508838],[32.8163646,39.8508385]]}},{"type":"Feature","properties":{"highway":"service","surface":"unpaved","osm_id":462165208},"geometry":{"type":"LineString","coordinates":[[32.8172011,39.8528036],[32.8172873,39.8528723],[32.8173489,39.8529456],[32.8174506,39.8530899],[32.8175245,39.8532058],[32.8175861,39.8533146],[32.8176416,39.8534186],[32.8176663,39.8534991]]}},{"type":"Feature","properties":{"highway":"service","surface":"unpaved","osm_id":462165210},"geometry":{"type":"LineString","coordinates":[[32.8162528,39.8525069],[32.8162646,39.8525413],[32.8162659,39.8525773],[32.8162539,39.8525969],[32.8162136,39.8526051],[32.8161546,39.8526092],[32.8158435,39.8526082],[32.8157255,39.8526102],[32.8156289,39.8526205],[32.8154908,39.8526494],[32.8153513,39.8526864],[32.8152989,39.8527012],[32.8152237,39.8527246],[32.8151546,39.8527511],[32.8150712,39.8527933],[32.8149797,39.8528572],[32.8148964,39.8529399],[32.8148354,39.8530055],[32.8148029,39.8530523],[32.8147805,39.8531085],[32.8147744,39.853174],[32.8147744,39.8532286],[32.8147826,39.8533051],[32.8147988,39.8533769],[32.8148252,39.8534768],[32.8148496,39.8535407],[32.8148801,39.8536047],[32.8149614,39.8537124]]}},{"type":"Feature","properties":{"junction":"roundabout","highway":"secondary","osm_id":462346665},"geometry":{"type":"LineString","coordinates":[[32.8269062,39.8475514],[32.8269435,39.8475724],[32.8269714,39.8476007],[32.8269876,39.8476339],[32.8269883,39.8476837],[32.8269632,39.8477296],[32.8269166,39.8477641],[32.8268559,39.8477816],[32.8267912,39.8477793],[32.8267532,39.8477677],[32.8267203,39.8477492],[32.8266945,39.8477248],[32.8266776,39.8476962],[32.8266707,39.8476653],[32.8266742,39.8476341],[32.8266925,39.8475978],[32.8267247,39.8475678],[32.8267675,39.847547],[32.8268166,39.8475374],[32.8268627,39.8475394],[32.8269062,39.8475514]]}},{"type":"Feature","properties":{"highway":"tertiary","junction":"roundabout","osm_id":462346667},"geometry":{"type":"LineString","coordinates":[[32.8308263,39.84816],[32.8308164,39.8481331],[32.8308134,39.8481053],[32.8308175,39.8480775],[32.8308283,39.8480509],[32.8308457,39.8480263],[32.8308688,39.8480047],[32.8308969,39.847987],[32.830977,39.8479635],[32.8310624,39.8479696],[32.8311355,39.8480041],[32.8311813,39.8480598],[32.831191,39.8480941],[32.8311896,39.8481293],[32.8311773,39.8481631],[32.8311547,39.8481937],[32.8311233,39.8482193],[32.8310847,39.8482383],[32.8310096,39.8482526],[32.8309332,39.8482425],[32.8308685,39.8482099],[32.8308263,39.84816]]}},{"type":"Feature","properties":{"highway":"tertiary","junction":"roundabout","osm_id":462346669},"geometry":{"type":"LineString","coordinates":[[32.8290713,39.8491706],[32.8289751,39.8491787],[32.8288856,39.8491503],[32.8288354,39.8491076],[32.8288199,39.8490827],[32.8288105,39.849056],[32.8288077,39.8490285],[32.8288116,39.849001],[32.828822,39.8489745],[32.8288385,39.84895],[32.8288607,39.8489282],[32.8288877,39.8489099],[32.8289186,39.8488958],[32.8290068,39.8488812],[32.8290941,39.8488988],[32.8291617,39.8489446],[32.8291852,39.848979],[32.8291964,39.8490169],[32.8291945,39.8490557],[32.8291796,39.8490928],[32.8291528,39.8491257],[32.8291159,39.8491522],[32.8290713,39.8491706]]}},{"type":"Feature","properties":{"highway":"tertiary","oneway":"yes","osm_id":462346670},"geometry":{"type":"LineString","coordinates":[[32.8305917,39.8479442],[32.8306198,39.8479648],[32.8306344,39.8479773],[32.8306467,39.847993],[32.8306527,39.8480083],[32.8306512,39.8480284],[32.8306435,39.8480497],[32.8306235,39.8480663],[32.8306034,39.8480769],[32.8305696,39.8480828],[32.8305102,39.8480798]]}},{"type":"Feature","properties":{"highway":"service","oneway":"no","osm_id":462346671},"geometry":{"type":"LineString","coordinates":[[32.8312528,39.8478084],[32.8313839,39.8476446],[32.8316248,39.8472916],[32.8318375,39.8471821],[32.8320044,39.8471346],[32.8324058,39.847073],[32.8328365,39.8471066],[32.8335237,39.8473548],[32.8342016,39.8476233],[32.8343722,39.848001],[32.8346896,39.8488035]]}},{"type":"Feature","properties":{"highway":"unclassified","osm_id":462346672},"geometry":{"type":"LineString","coordinates":[[32.8472346,39.8853443],[32.8472453,39.8853109],[32.8472418,39.8852769],[32.8472046,39.8851927],[32.8471161,39.8850977],[32.8470276,39.8850108],[32.8469569,39.8849402],[32.8468825,39.8848641]]}},{"type":"Feature","properties":{"name":"Narlı Caddesi","highway":"residential","osm_id":462510580},"geometry":{"type":"LineString","coordinates":[[32.831726,39.8894701],[32.8324291,39.8875615],[32.832649,39.8867342],[32.8327295,39.8858986],[32.8328197,39.8851041],[32.8329065,39.884392]]}},{"type":"Feature","properties":{"access":"no","bicycle":"permissive","foot":"permissive","highway":"track","source":"GPS","surface":"ground","tracktype":"grade4","osm_id":462880041},"geometry":{"type":"LineString","coordinates":[[32.8228021,39.8433572],[32.8228769,39.8434545],[32.8227765,39.8435944],[32.8227287,39.8436801],[32.8227175,39.8437002],[32.8226865,39.8437558]]}},{"type":"Feature","properties":{"access":"no","bicycle":"permissive","foot":"permissive","highway":"footway","source":"GPS","surface":"ground","tracktype":"grade4","osm_id":462880042},"geometry":{"type":"LineString","coordinates":[[32.820199,39.84299],[32.8204669,39.8429597],[32.8207399,39.8427495],[32.8210594,39.8428902],[32.8213814,39.8431678],[32.8216617,39.8434016],[32.8221016,39.8434948],[32.8225006,39.8435008],[32.8227765,39.8435944]]}},{"type":"Feature","properties":{"access":"no","bicycle":"permissive","foot":"permissive","highway":"track","surface":"ground","tracktype":"grade4","osm_id":462880043},"geometry":{"type":"LineString","coordinates":[[32.8196937,39.8428887],[32.8175947,39.8425748],[32.8164185,39.8424022],[32.8145514,39.8421195],[32.8128803,39.8419727],[32.8109343,39.8418222]]}},{"type":"Feature","properties":{"access":"no","bicycle":"permissive","foot":"permissive","highway":"track","surface":"ground","tracktype":"grade4","osm_id":462880044},"geometry":{"type":"LineString","coordinates":[[32.8162804,39.8427817],[32.8164185,39.8424022],[32.8166384,39.841701],[32.8168225,39.8413541],[32.8169014,39.8412917],[32.8169755,39.8412425]]}},{"type":"Feature","properties":{"tracktype":"grade4","access":"no","highway":"track","surface":"ground","osm_id":462881640},"geometry":{"type":"LineString","coordinates":[[32.8040314,39.8480694],[32.8043306,39.8473396],[32.8044941,39.8472471],[32.8045802,39.8470687],[32.8046017,39.8468506],[32.8046791,39.8467779],[32.8046877,39.8466623],[32.80489,39.8460445],[32.8050664,39.8456381],[32.8051353,39.8453837],[32.8051525,39.8451789],[32.80523,39.8449608],[32.8053031,39.8447328],[32.8056259,39.8442339]]}},{"type":"Feature","properties":{"tracktype":"grade4","access":"no","highway":"track","surface":"ground","osm_id":462881642},"geometry":{"type":"LineString","coordinates":[[32.8036132,39.850344],[32.8031385,39.850395],[32.8029265,39.8503766],[32.8023988,39.8503797],[32.8022508,39.850481],[32.8021389,39.8505792],[32.8020989,39.8507143],[32.8019749,39.8508371],[32.801755,39.8509261],[32.8015191,39.8510796],[32.8013272,39.8512085],[32.8011712,39.8513896],[32.8011632,39.8515922],[32.8011712,39.851804],[32.8012952,39.8520066],[32.8014991,39.8522828],[32.8016351,39.8525284],[32.801779,39.8526665],[32.8019309,39.8528661],[32.8024787,39.8535567],[32.8026706,39.8537102],[32.8029785,39.8538637],[32.8033504,39.8540355],[32.8035183,39.8541614],[32.8036303,39.8543026],[32.804254,39.8546341],[32.8045139,39.85472],[32.8051696,39.8549871],[32.8056495,39.8552204],[32.8058494,39.8553523],[32.8060333,39.8554843],[32.8062372,39.8556163],[32.8064531,39.8558066],[32.8064891,39.8560982],[32.8065691,39.8563499],[32.806841,39.8571786],[32.806889,39.8573935],[32.806873,39.85755],[32.806793,39.8577864],[32.806745,39.8579368],[32.806861,39.858348],[32.8069689,39.8586488],[32.8070769,39.8588729],[32.8071711,39.8589803],[32.8072888,39.8590669],[32.8074367,39.859143]]}},{"type":"Feature","properties":{"tracktype":"grade4","access":"no","highway":"track","surface":"ground","osm_id":462881643},"geometry":{"type":"LineString","coordinates":[[32.8064531,39.8558066],[32.8069145,39.8553702],[32.8074054,39.8549293],[32.807938,39.8544423],[32.8084057,39.853973],[32.8087994,39.8536316]]}},{"type":"Feature","properties":{"tracktype":"grade4","access":"no","highway":"track","surface":"ground","osm_id":462881644},"geometry":{"type":"LineString","coordinates":[[32.8051696,39.8549871],[32.8054093,39.8549685],[32.8056779,39.8549222],[32.8059002,39.8548547],[32.8061549,39.8547622],[32.8063494,39.854652],[32.8065856,39.8545418],[32.8068913,39.8544672]]}},{"type":"Feature","properties":{"access":"no","highway":"track","surface":"ground","tracktype":"grade4","osm_id":462881645},"geometry":{"type":"LineString","coordinates":[[32.8077049,39.846757],[32.8078713,39.8466819],[32.8078778,39.8464233]]}},{"type":"Feature","properties":{"access":"no","highway":"track","surface":"ground","tracktype":"grade4","osm_id":462881646},"geometry":{"type":"LineString","coordinates":[[32.8078874,39.8469134],[32.8078713,39.8466819]]}},{"type":"Feature","properties":{"tracktype":"grade4","access":"no","highway":"track","surface":"ground","osm_id":462881647},"geometry":{"type":"LineString","coordinates":[[32.8072888,39.8590669],[32.807277,39.8592096],[32.8073329,39.8593747],[32.8074193,39.8595394],[32.8075832,39.8596767],[32.8076637,39.8597591],[32.8076607,39.859846],[32.8076995,39.8599215],[32.8078246,39.8600199],[32.8079051,39.8601182],[32.8081733,39.8603241],[32.8083968,39.8605963],[32.8085816,39.860832],[32.808668,39.8609692],[32.808674,39.8611156],[32.8087604,39.8613009],[32.8087753,39.8616006],[32.8087843,39.8618385],[32.8088945,39.8621222],[32.808981,39.8622411],[32.8091329,39.8624768],[32.8092402,39.862582],[32.8094459,39.8627238],[32.8095591,39.8629],[32.8096187,39.8630601],[32.8096157,39.863179],[32.8095114,39.8633437],[32.8095234,39.8634718],[32.8095621,39.8635679]]}},{"type":"Feature","properties":{"tracktype":"grade4","access":"no","highway":"track","surface":"ground","osm_id":462881648},"geometry":{"type":"LineString","coordinates":[[32.80145,39.8585499],[32.8018444,39.8588425],[32.8022402,39.8591648],[32.8025441,39.8594226],[32.8029799,39.8597203],[32.8033398,39.8599536],[32.8035477,39.8600119],[32.8037556,39.8601776],[32.8039195,39.8603034],[32.8041794,39.8604477],[32.8049551,39.8608805],[32.8054069,39.8611291]]}},{"type":"Feature","properties":{"tracktype":"grade4","access":"no","highway":"track","surface":"ground","osm_id":462888124},"geometry":{"type":"LineString","coordinates":[[32.8018118,39.8621579],[32.8024474,39.8623514],[32.8029611,39.862536],[32.8032343,39.8625704],[32.8036256,39.8626925],[32.8038621,39.8627175],[32.8042575,39.862705],[32.8043839,39.8628427],[32.8045225,39.8628865],[32.8048242,39.8630211],[32.8049587,39.8631587],[32.805134,39.863287],[32.805399,39.8633997],[32.8058148,39.8635468],[32.8061654,39.8636625],[32.8063856,39.8638127],[32.8066424,39.8638972],[32.8071724,39.8640474],[32.8075149,39.8642039],[32.8078165,39.8643416],[32.8081957,39.8645012],[32.8084444,39.8646076],[32.808534,39.8646827]]}},{"type":"Feature","properties":{"tracktype":"grade4","access":"no","highway":"track","surface":"ground","osm_id":462888125},"geometry":{"type":"LineString","coordinates":[[32.8068564,39.8672341],[32.8069738,39.867171],[32.8071347,39.8671906],[32.8073041,39.8671906],[32.807482,39.8672057],[32.8076457,39.8672447],[32.8077559,39.8672816],[32.8078067,39.8672729],[32.8079055,39.8671754],[32.8080777,39.8671169],[32.8082697,39.8670584],[32.8085492,39.8669327],[32.808713,39.8668438]]}},{"type":"Feature","properties":{"access":"no","highway":"footway","surface":"ground","osm_id":462890594},"geometry":{"type":"LineString","coordinates":[[32.8018775,39.8775401],[32.8019635,39.8776483],[32.8019563,39.8777566],[32.80204,39.8779144],[32.8021093,39.8779988],[32.8020209,39.87814],[32.8020305,39.8782446],[32.8020078,39.878285],[32.8019874,39.8783676],[32.8019277,39.8785088],[32.8019061,39.8786042],[32.802138,39.8786409],[32.8023642,39.8786745],[32.8025763,39.8787044]]}},{"type":"Feature","properties":{"access":"no","highway":"footway","surface":"ground","osm_id":462890595},"geometry":{"type":"LineString","coordinates":[[32.8022473,39.8785924],[32.8023986,39.8786129],[32.8025763,39.8786375],[32.8028089,39.8786574]]}},{"type":"Feature","properties":{"access":"no","highway":"footway","surface":"ground","osm_id":462890596},"geometry":{"type":"LineString","coordinates":[[32.8028089,39.8786574],[32.8029039,39.8785185],[32.8030326,39.8783288],[32.803071,39.8781568],[32.8030027,39.8780858],[32.8029479,39.8779366],[32.8028363,39.8778391],[32.8027844,39.8777939],[32.8025983,39.8776585],[32.8024351,39.8775979]]}},{"type":"Feature","properties":{"tracktype":"grade4","access":"no","highway":"track","source":"GPS","surface":"ground","osm_id":462890597},"geometry":{"type":"LineString","coordinates":[[32.8011089,39.8738516],[32.8011455,39.8737943],[32.8014285,39.8733317],[32.8016111,39.8729814],[32.8017755,39.8723366],[32.801812,39.8720844],[32.8019307,39.8719792],[32.8020129,39.8718461],[32.8023508,39.8714116],[32.802846,39.8710163],[32.802974,39.8709978],[32.8032803,39.8711899],[32.8043384,39.8720288],[32.8045351,39.8718274],[32.8047511,39.8713978],[32.8049355,39.8702632],[32.8048894,39.8695686],[32.8047351,39.8690559],[32.8045955,39.8685918],[32.8045768,39.8683221],[32.8046555,39.8680887],[32.804751,39.8679828],[32.8048633,39.8679414],[32.8050186,39.8679769],[32.805197,39.8679255],[32.8053932,39.8677756],[32.8053826,39.8674998],[32.8054772,39.8674159],[32.8060322,39.8672645],[32.8060987,39.8672166],[32.8061543,39.8671766]]}},{"type":"Feature","properties":{"access":"no","highway":"footway","surface":"ground","osm_id":462890599},"geometry":{"type":"LineString","coordinates":[[32.7994568,39.8682256],[32.7997586,39.8681786],[32.8000272,39.8682959],[32.8001893,39.8681252],[32.8006525,39.8679866],[32.8010461,39.8677627],[32.8015278,39.8675209],[32.8018381,39.867329],[32.8020511,39.8672259],[32.8022734,39.867297],[32.8026439,39.8670659],[32.802894,39.8668562],[32.8032136,39.8666323]]}},{"type":"Feature","properties":{"tracktype":"grade4","access":"no","highway":"track","surface":"ground","osm_id":462890601},"geometry":{"type":"LineString","coordinates":[[32.8037341,39.8657907],[32.8034822,39.8663017],[32.8032136,39.8666323],[32.8039037,39.8665612],[32.8046723,39.8665009]]}},{"type":"Feature","properties":{"tracktype":"grade4","access":"no","highway":"track","surface":"ground","osm_id":462890602},"geometry":{"type":"LineString","coordinates":[[32.8049525,39.8663402],[32.8057041,39.866065],[32.806532,39.8657547],[32.8067425,39.8657016],[32.8070111,39.8655911],[32.807252,39.8656145],[32.8074486,39.86564],[32.8076508,39.8656102]]}},{"type":"Feature","properties":{"surface":"ground","access":"no","highway":"footway","osm_id":462890603},"geometry":{"type":"LineString","coordinates":[[32.8058665,39.871738],[32.8061433,39.8719607],[32.8063608,39.8721833],[32.8064782,39.8722071],[32.8065368,39.8723237],[32.8064747,39.8725277],[32.8064851,39.8727264],[32.8065403,39.8729383],[32.8065265,39.8731767],[32.8060476,39.8732159]]}},{"type":"Feature","properties":{"surface":"ground","access":"no","highway":"footway","osm_id":462890604},"geometry":{"type":"LineString","coordinates":[[32.8065368,39.8723237],[32.8066906,39.8722066],[32.8068326,39.8720118],[32.8069574,39.8718896],[32.8070295,39.8718562],[32.8071732,39.8717897]]}},{"type":"Feature","properties":{"surface":"ground","access":"no","highway":"footway","osm_id":462890605},"geometry":{"type":"LineString","coordinates":[[32.8068851,39.8716032],[32.8070295,39.8718562]]}},{"type":"Feature","properties":{"highway":"footway","surface":"ground","osm_id":462890606},"geometry":{"type":"LineString","coordinates":[[32.8044441,39.8762179],[32.8047247,39.8763931],[32.8049571,39.8765021],[32.805198,39.8764328],[32.8055896,39.8761752]]}},{"type":"Feature","properties":{"highway":"footway","surface":"ground","osm_id":462890607},"geometry":{"type":"LineString","coordinates":[[32.8066213,39.8761979],[32.8065127,39.8761551],[32.8062325,39.8760449],[32.8059833,39.8758536]]}},{"type":"Feature","properties":{"highway":"footway","surface":"ground","osm_id":462890608},"geometry":{"type":"LineString","coordinates":[[32.8063023,39.875341],[32.806392,39.8753869],[32.8062674,39.8756394],[32.8062323,39.8757044],[32.8061578,39.8758421],[32.8062325,39.8760449]]}},{"type":"Feature","properties":{"highway":"service","surface":"asphalt","osm_id":462890609},"geometry":{"type":"LineString","coordinates":[[32.8054524,39.8744066],[32.8055995,39.8745951],[32.8055696,39.8748055],[32.8053603,39.8750618],[32.8052357,39.8752875],[32.8054599,39.8755361],[32.805749,39.8757427],[32.8059285,39.8758001]]}},{"type":"Feature","properties":{"highway":"service","surface":"asphalt","osm_id":462890610},"geometry":{"type":"LineString","coordinates":[[32.805749,39.8757427],[32.8058886,39.8756203],[32.806078,39.8755782],[32.8063023,39.875341],[32.8063671,39.8750503],[32.8063522,39.8747443]]}},{"type":"Feature","properties":{"highway":"footway","surface":"ground","osm_id":462890611},"geometry":{"type":"LineString","coordinates":[[32.8062323,39.8757044],[32.8063771,39.8757427]]}},{"type":"Feature","properties":{"highway":"footway","surface":"ground","osm_id":462890612},"geometry":{"type":"LineString","coordinates":[[32.8071048,39.8754405],[32.8068207,39.8754405],[32.8065914,39.8755744],[32.8063771,39.8757427],[32.8062325,39.8760449],[32.8062086,39.8762227],[32.8062792,39.8763595],[32.8064278,39.8764907]]}},{"type":"Feature","properties":{"highway":"footway","osm_id":462890613},"geometry":{"type":"LineString","coordinates":[[32.8066507,39.8760915],[32.8065127,39.8761551],[32.8063609,39.8762597],[32.8062792,39.8763595],[32.8060154,39.8765249],[32.8056773,39.8766389],[32.8050978,39.8768927],[32.8047968,39.8768642],[32.8045156,39.8769181],[32.8044848,39.876924],[32.8041702,39.8770085]]}},{"type":"Feature","properties":{"highway":"footway","surface":"ground","osm_id":462890614},"geometry":{"type":"LineString","coordinates":[[32.805198,39.8764328],[32.8055336,39.8764369],[32.8056998,39.8764964],[32.8060154,39.8765249],[32.806381,39.8765835]]}},{"type":"Feature","properties":{"highway":"footway","osm_id":462890615},"geometry":{"type":"LineString","coordinates":[[32.8048219,39.8761457],[32.8047029,39.8762137],[32.8047247,39.8763931],[32.8046752,39.8765452],[32.8045589,39.8767004],[32.8045156,39.8769181],[32.8044232,39.8771424],[32.8042571,39.8773379],[32.8042377,39.8774293],[32.8040881,39.8774782],[32.8039122,39.8775152]]}},{"type":"Feature","properties":{"highway":"footway","surface":"ground","osm_id":462890616},"geometry":{"type":"LineString","coordinates":[[32.8045589,39.8767004],[32.8042455,39.8767912]]}},{"type":"Feature","properties":{"highway":"footway","surface":"ground","osm_id":462890617},"geometry":{"type":"LineString","coordinates":[[32.8046752,39.8765452],[32.8047968,39.8768642],[32.8048579,39.8770361],[32.8048552,39.8770685],[32.8048303,39.87717],[32.8045838,39.8772975],[32.8043567,39.877391],[32.8042377,39.8774293]]}},{"type":"Feature","properties":{"highway":"footway","surface":"ground","osm_id":462890618},"geometry":{"type":"LineString","coordinates":[[32.8050978,39.8768927],[32.8048552,39.8770685]]}},{"type":"Feature","properties":{"highway":"footway","surface":"ground","osm_id":462890619},"geometry":{"type":"LineString","coordinates":[[32.8069461,39.8775693],[32.8067396,39.8776981],[32.8063351,39.8781208],[32.805625,39.8786855],[32.8052516,39.8790348]]}},{"type":"Feature","properties":{"access":"no","highway":"footway","surface":"ground","osm_id":462890620},"geometry":{"type":"LineString","coordinates":[[32.8029063,39.8775437],[32.8025983,39.8776585],[32.8024611,39.8777236]]}},{"type":"Feature","properties":{"access":"no","highway":"footway","surface":"ground","osm_id":462890621},"geometry":{"type":"LineString","coordinates":[[32.8029479,39.8779366],[32.8030993,39.8778557],[32.8030812,39.8776839],[32.8029063,39.8775437],[32.8029217,39.8773423],[32.8030941,39.8771804],[32.8034543,39.8771922],[32.8037682,39.8771804],[32.8039638,39.8771764],[32.8039885,39.8768978],[32.804031,39.8767485],[32.8037496,39.8766797],[32.8035391,39.8765593],[32.8033224,39.8764769],[32.8031449,39.8763534],[32.8028952,39.8761045]]}},{"type":"Feature","properties":{"access":"no","highway":"footway","surface":"ground","osm_id":462890622},"geometry":{"type":"LineString","coordinates":[[32.8025238,39.8783492],[32.8028917,39.8781468],[32.8030027,39.8780858]]}},{"type":"Feature","properties":{"access":"no","highway":"footway","source":"GPS","surface":"ground","tracktype":"grade4","osm_id":462890623},"geometry":{"type":"LineString","coordinates":[[32.8028556,39.8787282],[32.8028347,39.8786925],[32.8028089,39.8786574],[32.8027158,39.8784998],[32.8026298,39.8784013],[32.8025238,39.8783492]]}},{"type":"Feature","properties":{"access":"no","highway":"footway","surface":"ground","osm_id":462890624},"geometry":{"type":"LineString","coordinates":[[32.8030027,39.8780858],[32.8027976,39.8780888],[32.8026565,39.8780783],[32.8025003,39.8780889],[32.8022429,39.8781828],[32.8020305,39.8782446],[32.8019044,39.8783194],[32.8018238,39.8783707],[32.8017442,39.8784047],[32.8016382,39.8785113]]}},{"type":"Feature","properties":{"access":"no","highway":"footway","surface":"ground","osm_id":462890625},"geometry":{"type":"LineString","coordinates":[[32.8028917,39.8781468],[32.8027976,39.8780888],[32.802738,39.878043],[32.8024849,39.8778697],[32.8023223,39.8778087],[32.8021989,39.8777625],[32.8019563,39.8777566],[32.8015916,39.8778627],[32.8013454,39.8779587],[32.8011634,39.8780249],[32.8011102,39.8780454],[32.8007288,39.8781923],[32.8005735,39.8782718],[32.8003145,39.8783841]]}},{"type":"Feature","properties":{"access":"no","highway":"footway","surface":"ground","osm_id":462890626},"geometry":{"type":"LineString","coordinates":[[32.8029063,39.8775437],[32.8029081,39.8777225],[32.8028363,39.8778391],[32.8027956,39.8779234],[32.8027599,39.8779975],[32.802738,39.878043],[32.8026565,39.8780783],[32.8025203,39.8782117],[32.8025096,39.8782222]]}},{"type":"Feature","properties":{"access":"no","highway":"footway","surface":"ground","osm_id":462890627},"geometry":{"type":"LineString","coordinates":[[32.8029479,39.8779366],[32.8028494,39.8779879],[32.8027599,39.8779975]]}},{"type":"Feature","properties":{"access":"no","highway":"footway","surface":"ground","osm_id":462890628},"geometry":{"type":"LineString","coordinates":[[32.8028494,39.8779879],[32.8027956,39.8779234]]}},{"type":"Feature","properties":{"access":"no","highway":"footway","surface":"ground","osm_id":462890629},"geometry":{"type":"LineString","coordinates":[[32.8030993,39.8778557],[32.803071,39.8781568]]}},{"type":"Feature","properties":{"highway":"service","surface":"asphalt","osm_id":462891102},"geometry":{"type":"LineString","coordinates":[[32.8035833,39.8779872],[32.8032732,39.8780181]]}},{"type":"Feature","properties":{"access":"no","highway":"footway","surface":"ground","osm_id":462891103},"geometry":{"type":"LineString","coordinates":[[32.8025203,39.8782117],[32.8022429,39.8781828],[32.8020209,39.87814],[32.8019266,39.8781267],[32.8017351,39.8781118],[32.8015116,39.878085],[32.801296,39.8780637],[32.8011102,39.8780454],[32.8008219,39.8779671],[32.8006374,39.8779179],[32.8004348,39.8778672]]}},{"type":"Feature","properties":{"access":"no","highway":"footway","surface":"ground","osm_id":462891108},"geometry":{"type":"LineString","coordinates":[[32.8030941,39.8771804],[32.8029739,39.8771835],[32.8028532,39.8771878],[32.8027046,39.8772919],[32.8026098,39.8774244],[32.8025225,39.8775143],[32.8024351,39.8775979],[32.8022624,39.8776682],[32.8021989,39.8777625],[32.8021603,39.8778835],[32.8021561,39.8778929],[32.8021093,39.8779988]]}},{"type":"Feature","properties":{"access":"no","highway":"footway","surface":"ground","osm_id":462891109},"geometry":{"type":"LineString","coordinates":[[32.8024611,39.8777236],[32.8023223,39.8778087],[32.8021561,39.8778929],[32.80204,39.8779144],[32.8018187,39.8779634],[32.8016773,39.878036],[32.8015116,39.878085]]}},{"type":"Feature","properties":{"access":"no","highway":"footway","surface":"ground","osm_id":462891110},"geometry":{"type":"LineString","coordinates":[[32.8028532,39.8771878],[32.8030686,39.8769424],[32.8032106,39.8767426],[32.8032708,39.8766089],[32.8033224,39.8764769],[32.8032773,39.8763116],[32.8033095,39.8761498],[32.8032837,39.8760293],[32.8032362,39.8758166],[32.8031018,39.8755761],[32.8029129,39.8754368],[32.8026682,39.8750281],[32.8025171,39.8747353],[32.8023695,39.8745061],[32.8022436,39.8744951],[32.8020277,39.8744537],[32.8018416,39.8744278]]}},{"type":"Feature","properties":{"access":"no","highway":"track","surface":"ground","tracktype":"grade4","osm_id":463021812},"geometry":{"type":"LineString","coordinates":[[32.80254,39.8290586],[32.8024202,39.8289793],[32.8022415,39.8289343],[32.8020628,39.8289603],[32.8018564,39.8289225],[32.8016099,39.8289059],[32.8012648,39.8289367],[32.8009906,39.8289201],[32.8006178,39.8288562],[32.800399,39.8288444],[32.8000971,39.8288444],[32.7996935,39.8287829],[32.7994254,39.8287521],[32.7990896,39.8286622],[32.7988554,39.8285676],[32.7985843,39.8284516],[32.7982577,39.8283806],[32.7979588,39.8283168],[32.7977123,39.8283168],[32.7975028,39.8283286],[32.797244,39.8283191],[32.7970499,39.8283191],[32.796976,39.8282978],[32.796939,39.8282126]]}},{"type":"Feature","properties":{"access":"no","bicycle":"permissive","foot":"permissive","highway":"track","surface":"ground","tracktype":"grade4","osm_id":463021816},"geometry":{"type":"LineString","coordinates":[[32.7976792,39.835508],[32.7977543,39.8352392],[32.797784,39.8351632],[32.7978348,39.8350586],[32.7978369,39.8349478],[32.7978775,39.8348604],[32.7979016,39.8347833],[32.7982771,39.8351353],[32.7987814,39.835506],[32.7994359,39.8357202],[32.8009486,39.8355555],[32.8014851,39.8354813],[32.8019249,39.8352424],[32.8027833,39.835539],[32.8039634,39.8361322],[32.8039634,39.8365276],[32.8039098,39.8373514],[32.8041995,39.8379281],[32.8045999,39.8383725]]}},{"type":"Feature","properties":{"highway":"residential","osm_id":463588024},"geometry":{"type":"LineString","coordinates":[[32.8288433,39.8605885],[32.8294627,39.8603797],[32.8295892,39.860308]]}},{"type":"Feature","properties":{"highway":"footway","osm_id":463642371},"geometry":{"type":"LineString","coordinates":[[32.883227,39.8798249],[32.8834796,39.8796758]]}},{"type":"Feature","properties":{"highway":"footway","osm_id":463656552},"geometry":{"type":"LineString","coordinates":[[32.8704704,39.8765047],[32.8704944,39.8765304],[32.8705055,39.8765608],[32.8705025,39.8765923],[32.8704857,39.8766212],[32.8704571,39.8766439],[32.8704201,39.8766579],[32.8703792,39.8766613],[32.8703426,39.8766549],[32.8703104,39.8766402],[32.8702858,39.8766185],[32.8702712,39.876592],[32.870268,39.8765633],[32.8702766,39.8765353],[32.8702961,39.8765107],[32.8703246,39.876492],[32.8703592,39.876481],[32.8703966,39.8764788],[32.8704364,39.8764868],[32.8704704,39.8765047]]}},{"type":"Feature","properties":{"highway":"footway","osm_id":463656553},"geometry":{"type":"LineString","coordinates":[[32.8696683,39.8765786],[32.8697933,39.8765516],[32.8700375,39.8765576],[32.870268,39.8765633]]}},{"type":"Feature","properties":{"highway":"footway","osm_id":463656554},"geometry":{"type":"LineString","coordinates":[[32.8705055,39.8765608],[32.8707096,39.8765705],[32.870877,39.876564]]}},{"type":"Feature","properties":{"highway":"footway","osm_id":463656555},"geometry":{"type":"LineString","coordinates":[[32.8703792,39.8766613],[32.870384,39.8767919],[32.8703912,39.8769846]]}},{"type":"Feature","properties":{"area":"yes","highway":"pedestrian","osm_id":463656556},"geometry":{"type":"LineString","coordinates":[[32.8703592,39.876481],[32.8703758,39.8764519],[32.8703813,39.8763853],[32.8703871,39.8763146],[32.870557,39.8763128],[32.8704975,39.8763987],[32.8704364,39.8764868],[32.8703966,39.8764788],[32.8703592,39.876481]]}},{"type":"Feature","properties":{"highway":"footway","osm_id":463656557},"geometry":{"type":"LineString","coordinates":[[32.8694067,39.8764312],[32.8695289,39.8763685],[32.8695765,39.8763598],[32.8696565,39.8763619],[32.8697222,39.8763791],[32.8697969,39.8764433],[32.8698268,39.8764697],[32.8698686,39.8764823],[32.8699359,39.8764926],[32.8699882,39.8764903],[32.8701002,39.8764513],[32.870284,39.8763917],[32.8703813,39.8763853],[32.8704975,39.8763987],[32.8706097,39.8764387],[32.8706635,39.87648],[32.8706948,39.876535],[32.8707096,39.8765705],[32.8707083,39.8766267],[32.8706933,39.8766783],[32.8706411,39.8767368],[32.8705678,39.8767815],[32.8704797,39.8767976],[32.870384,39.8767919],[32.8703034,39.8767643],[32.8702063,39.876715],[32.8701137,39.8766405],[32.8700375,39.8765576],[32.8699882,39.8764903]]}},{"type":"Feature","properties":{"highway":"service","osm_id":463656565},"geometry":{"type":"LineString","coordinates":[[32.8439752,39.8539705],[32.8452805,39.8542178],[32.8456296,39.854284]]}},{"type":"Feature","properties":{"highway":"service","osm_id":463656566},"geometry":{"type":"LineString","coordinates":[[32.8452805,39.8542178],[32.8453827,39.853798],[32.8454066,39.8537442]]}},{"type":"Feature","properties":{"highway":"service","osm_id":466450409},"geometry":{"type":"LineString","coordinates":[[32.8402023,39.8480124],[32.8400107,39.8477756]]}},{"type":"Feature","properties":{"highway":"service","osm_id":466450410},"geometry":{"type":"LineString","coordinates":[[32.83765,39.8481594],[32.837573,39.8480783],[32.8373376,39.8477519],[32.8371286,39.8474409],[32.8366586,39.8462347]]}},{"type":"Feature","properties":{"name":"628. Sk.","highway":"residential","osm_id":466450411},"geometry":{"type":"LineString","coordinates":[[32.8373057,39.8484869],[32.8373211,39.84859],[32.8373931,39.8487283],[32.8374659,39.8488776],[32.8375377,39.8490284],[32.8375883,39.8491193],[32.8376702,39.8492138],[32.8377116,39.8492617],[32.8377889,39.849328],[32.8379676,39.8494092],[32.8382208,39.8494292],[32.8389159,39.8494072]]}},{"type":"Feature","properties":{"highway":"service","osm_id":466450412},"geometry":{"type":"LineString","coordinates":[[32.8377397,39.8481017],[32.8381404,39.8485988],[32.8385237,39.8490591],[32.8387785,39.8493268],[32.8389159,39.8494072]]}},{"type":"Feature","properties":{"highway":"service","osm_id":466450413},"geometry":{"type":"LineString","coordinates":[[32.8384473,39.8472859],[32.8379925,39.8477128],[32.8378032,39.8478905],[32.8377678,39.8479476],[32.8377397,39.8481017]]}},{"type":"Feature","properties":{"highway":"service","osm_id":466450414},"geometry":{"type":"LineString","coordinates":[[32.8379925,39.8477128],[32.8381747,39.8478359]]}},{"type":"Feature","properties":{"highway":"pedestrian","osm_id":466450415},"geometry":{"type":"LineString","coordinates":[[32.8398109,39.848655],[32.8406911,39.8486771]]}},{"type":"Feature","properties":{"highway":"residential","osm_id":466450419},"geometry":{"type":"LineString","coordinates":[[32.8439272,39.8548127],[32.8437799,39.8550209],[32.8435628,39.8552933],[32.8434577,39.8554636],[32.843425,39.8555801],[32.8434507,39.8557889],[32.8432524,39.8559058],[32.843172,39.8560334],[32.8431409,39.8561165]]}},{"type":"Feature","properties":{"highway":"residential","osm_id":466450420},"geometry":{"type":"LineString","coordinates":[[32.8247208,39.8871386],[32.8247253,39.8867001],[32.8251829,39.8867341],[32.8254982,39.8867628],[32.82572,39.8867682],[32.8263584,39.8866318]]}},{"type":"Feature","properties":{"crossing":"zebra","footway":"crossing","highway":"footway","osm_id":466450421},"geometry":{"type":"LineString","coordinates":[[32.8238245,39.8864062],[32.8238288,39.8864268],[32.8238405,39.8865842]]}},{"type":"Feature","properties":{"highway":"residential","osm_id":466712354},"geometry":{"type":"LineString","coordinates":[[32.8457114,39.8498874],[32.8458635,39.8498464],[32.8462327,39.8495926],[32.8483791,39.8479732],[32.8488222,39.8475999]]}},{"type":"Feature","properties":{"oneway":"yes","highway":"residential","osm_id":466712357},"geometry":{"type":"LineString","coordinates":[[32.8458635,39.8498464],[32.8458243,39.8499336],[32.8457517,39.8499897],[32.845694,39.8500422],[32.8456792,39.8500968],[32.8456813,39.8501634]]}},{"type":"Feature","properties":{"oneway":"yes","highway":"residential","osm_id":466712359},"geometry":{"type":"LineString","coordinates":[[32.8454222,39.8500341],[32.8455062,39.8500165],[32.8455413,39.8500001],[32.845588,39.8499784],[32.8456484,39.8499403],[32.8457114,39.8498874]]}},{"type":"Feature","properties":{"oneway":"yes","highway":"residential","osm_id":466712366},"geometry":{"type":"LineString","coordinates":[[32.8520078,39.8520251],[32.8519079,39.8516613],[32.8518494,39.8514295],[32.8518217,39.8513372],[32.8518173,39.8513284],[32.8518011,39.8512954],[32.8517955,39.851284],[32.8517939,39.8512471],[32.8518094,39.8512116],[32.8518124,39.8511666],[32.8518078,39.8511264],[32.851799,39.8511085],[32.8516326,39.8508867],[32.8507959,39.8499004],[32.8498872,39.8488943],[32.8498514,39.84885],[32.8497504,39.8487592]]}},{"type":"Feature","properties":{"highway":"residential","oneway":"yes","osm_id":466712369},"geometry":{"type":"LineString","coordinates":[[32.8519362,39.8512757],[32.8519137,39.8513124],[32.851874,39.8513321],[32.8518173,39.8513284]]}},{"type":"Feature","properties":{"highway":"residential","oneway":"yes","osm_id":466712371},"geometry":{"type":"LineString","coordinates":[[32.8518094,39.8512116],[32.8518273,39.8512048],[32.8518541,39.851195],[32.851902,39.851186],[32.8519406,39.8511952]]}},{"type":"Feature","properties":{"highway":"residential","osm_id":466712373},"geometry":{"type":"LineString","coordinates":[[32.8519439,39.8511653],[32.8525101,39.850979],[32.8533405,39.8507059],[32.8533961,39.8502842],[32.8534238,39.8498916],[32.8534543,39.849459],[32.8534896,39.8490452]]}},{"type":"Feature","properties":{"highway":"primary_link","oneway":"yes","osm_id":466712383},"geometry":{"type":"LineString","coordinates":[[32.8616201,39.8636187],[32.8607547,39.8631628],[32.8600027,39.8627485],[32.8591358,39.8623093],[32.8586519,39.8620642],[32.8569539,39.8612041],[32.8564128,39.86092],[32.8558668,39.8606445],[32.8556576,39.860561],[32.8554547,39.8604391],[32.854986,39.860144]]}},{"type":"Feature","properties":{"highway":"footway","osm_id":466712387},"geometry":{"type":"LineString","coordinates":[[32.8616201,39.8636187],[32.8617188,39.8635024]]}},{"type":"Feature","properties":{"highway":"residential","osm_id":466712390},"geometry":{"type":"LineString","coordinates":[[32.8618623,39.8753808],[32.8620537,39.8757253]]}},{"type":"Feature","properties":{"highway":"residential","osm_id":466712393},"geometry":{"type":"LineString","coordinates":[[32.8609651,39.873466],[32.8610376,39.873674],[32.8612148,39.8741471]]}},{"type":"Feature","properties":{"highway":"residential","oneway":"yes","osm_id":466712396},"geometry":{"type":"LineString","coordinates":[[32.8613895,39.8742832],[32.8613916,39.8743094],[32.8613821,39.8743347],[32.8613621,39.874356],[32.861334,39.874371],[32.861301,39.8743779],[32.8612669,39.8743759],[32.8612356,39.8743653],[32.861212,39.8743485],[32.8611965,39.8743268],[32.8611907,39.8743025],[32.8611952,39.874278],[32.8612096,39.8742559],[32.8612323,39.8742384],[32.8612483,39.8742322],[32.861261,39.8742272],[32.8612929,39.8742236],[32.8613246,39.8742279],[32.8613529,39.8742397],[32.8613761,39.874259],[32.8613895,39.8742832]]}},{"type":"Feature","properties":{"highway":"residential","osm_id":466712399},"geometry":{"type":"LineString","coordinates":[[32.8612148,39.8741471],[32.8612483,39.8742322]]}},{"type":"Feature","properties":{"oneway":"yes","highway":"residential","osm_id":466712401},"geometry":{"type":"LineString","coordinates":[[32.8613821,39.8743347],[32.8617176,39.8750394],[32.8618623,39.8753808]]}},{"type":"Feature","properties":{"oneway":"yes","highway":"residential","osm_id":466712403},"geometry":{"type":"LineString","coordinates":[[32.8616328,39.8754436],[32.8614929,39.8751019],[32.8613301,39.8746483],[32.861212,39.8743485]]}},{"type":"Feature","properties":{"highway":"service","osm_id":466963724},"geometry":{"type":"LineString","coordinates":[[32.8296269,39.8473698],[32.8295302,39.8474098],[32.8294317,39.8474239]]}},{"type":"Feature","properties":{"highway":"service","osm_id":466963725},"geometry":{"type":"LineString","coordinates":[[32.8360447,39.8468592],[32.836154,39.8467749],[32.8362307,39.8467137]]}},{"type":"Feature","properties":{"highway":"service","osm_id":467061548},"geometry":{"type":"LineString","coordinates":[[32.8339289,39.848796],[32.8338652,39.8489102],[32.8338759,39.8489822],[32.8339529,39.8490685]]}},{"type":"Feature","properties":{"highway":"service","osm_id":467061549},"geometry":{"type":"LineString","coordinates":[[32.8312976,39.8480967],[32.8313917,39.8480615],[32.8314657,39.8479405]]}},{"type":"Feature","properties":{"highway":"service","osm_id":467061551},"geometry":{"type":"LineString","coordinates":[[32.8290901,39.8474704],[32.8287556,39.8477055],[32.8284552,39.8478352]]}},{"type":"Feature","properties":{"highway":"service","osm_id":467061552},"geometry":{"type":"LineString","coordinates":[[32.8283841,39.8470878],[32.8290901,39.8474704],[32.8295468,39.8477179],[32.8296112,39.8477137],[32.829634,39.8476847]]}},{"type":"Feature","properties":{"highway":"tertiary","osm_id":468168694},"geometry":{"type":"LineString","coordinates":[[32.8602862,39.8760517],[32.8603971,39.8759412],[32.8604689,39.8758175]]}},{"type":"Feature","properties":{"highway":"service","osm_id":468168698},"geometry":{"type":"LineString","coordinates":[[32.8592569,39.8674789],[32.8591842,39.8674686],[32.859085,39.8674181]]}},{"type":"Feature","properties":{"highway":"service","osm_id":468168700},"geometry":{"type":"LineString","coordinates":[[32.8592796,39.8669123],[32.8591906,39.8668228]]}},{"type":"Feature","properties":{"highway":"service","osm_id":468168701},"geometry":{"type":"LineString","coordinates":[[32.8599277,39.8664924],[32.8598106,39.8663693]]}},{"type":"Feature","properties":{"highway":"service","osm_id":468168703},"geometry":{"type":"LineString","coordinates":[[32.860491,39.8670009],[32.860443,39.8670126]]}},{"type":"Feature","properties":{"conveying":"yes","highway":"steps","osm_id":468204217},"geometry":{"type":"LineString","coordinates":[[32.832797,39.8485373],[32.8328563,39.84843]]}},{"type":"Feature","properties":{"conveying":"yes","highway":"steps","osm_id":468204218},"geometry":{"type":"LineString","coordinates":[[32.832518,39.8484364],[32.8325773,39.8483291]]}},{"type":"Feature","properties":{"highway":"service","osm_id":468207362},"geometry":{"type":"LineString","coordinates":[[32.8264126,39.8484231],[32.8264178,39.8484845]]}},{"type":"Feature","properties":{"name":"İsmet Eker Sk.","highway":"residential","osm_id":468207363},"geometry":{"type":"LineString","coordinates":[[32.8258943,39.8480423],[32.8264126,39.8484231],[32.8273574,39.84906]]}},{"type":"Feature","properties":{"highway":"service","osm_id":470028660},"geometry":{"type":"LineString","coordinates":[[32.8497742,39.8879171],[32.8499513,39.888094],[32.8498732,39.8883137]]}},{"type":"Feature","properties":{"highway":"service","osm_id":470028661},"geometry":{"type":"LineString","coordinates":[[32.8498608,39.8878244],[32.8497742,39.8879171],[32.8496589,39.8878677],[32.8495865,39.8879376]]}},{"type":"Feature","properties":{"highway":"service","osm_id":471117673},"geometry":{"type":"LineString","coordinates":[[32.8116724,39.8844117],[32.8107876,39.8844743]]}},{"type":"Feature","properties":{"highway":"service","osm_id":471117674},"geometry":{"type":"LineString","coordinates":[[32.8120195,39.8835817],[32.8118032,39.8835117],[32.8115109,39.8835117],[32.8108216,39.8835796]]}},{"type":"Feature","properties":{"highway":"service","osm_id":471117676},"geometry":{"type":"LineString","coordinates":[[32.811189,39.885998],[32.8111354,39.8853641]]}},{"type":"Feature","properties":{"highway":"service","osm_id":471117677},"geometry":{"type":"LineString","coordinates":[[32.8109946,39.8860133],[32.811189,39.885998],[32.8112105,39.8861441],[32.8118301,39.8861029],[32.8117469,39.88529],[32.8114412,39.8853147]]}},{"type":"Feature","properties":{"highway":"service","osm_id":471117678},"geometry":{"type":"LineString","coordinates":[[32.8120536,39.8849564],[32.8119159,39.884901],[32.8117335,39.8849051],[32.8117684,39.8852262],[32.8113687,39.885257]]}},{"type":"Feature","properties":{"highway":"service","osm_id":471117680},"geometry":{"type":"LineString","coordinates":[[32.8120139,39.8843268],[32.8117389,39.8840757],[32.8116772,39.8840921],[32.8116557,39.8842341],[32.8116724,39.8844117],[32.8117067,39.8847754]]}},{"type":"Feature","properties":{"highway":"service","osm_id":471239843},"geometry":{"type":"LineString","coordinates":[[32.8355905,39.8517183],[32.83571,39.8517999],[32.8352058,39.852187]]}},{"type":"Feature","properties":{"highway":"residential","osm_id":471755882},"geometry":{"type":"LineString","coordinates":[[32.8495448,39.8874827],[32.8491681,39.8867342]]}},{"type":"Feature","properties":{"highway":"service","osm_id":471900915},"geometry":{"type":"LineString","coordinates":[[32.8552854,39.8482893],[32.8551559,39.8481107],[32.8551358,39.8479386],[32.8552007,39.8477731],[32.8553413,39.8476381],[32.8554997,39.8475284],[32.8556522,39.8474859],[32.8557783,39.8474632],[32.8558892,39.8474892],[32.8560966,39.8475505],[32.8561887,39.8476053],[32.8562433,39.8476527],[32.8563918,39.847818],[32.8564515,39.8479348],[32.8564576,39.8479986],[32.8564674,39.8482006],[32.8563046,39.8483298],[32.8561914,39.8483858],[32.8560194,39.8484499],[32.8558829,39.8484558],[32.8557485,39.8484561],[32.8555185,39.8484111],[32.855362,39.848334],[32.8552854,39.8482893]]}},{"type":"Feature","properties":{"highway":"service","osm_id":471912245},"geometry":{"type":"LineString","coordinates":[[32.855362,39.848334],[32.8552769,39.8484395],[32.8551796,39.8485589],[32.8550953,39.8486866],[32.8549506,39.8487703],[32.8548974,39.8488054]]}},{"type":"Feature","properties":{"highway":"service","osm_id":471912248},"geometry":{"type":"LineString","coordinates":[[32.8552854,39.8482893],[32.8551769,39.8484683],[32.8550576,39.8485709],[32.8548973,39.8486514],[32.8548189,39.8486746],[32.8547581,39.8486971]]}},{"type":"Feature","properties":{"highway":"service","osm_id":471912251},"geometry":{"type":"LineString","coordinates":[[32.8543094,39.8455366],[32.8558416,39.8470284],[32.8560488,39.8472128],[32.8564256,39.8472272],[32.8566893,39.847126],[32.8565201,39.8469185]]}},{"type":"Feature","properties":{"highway":"service","osm_id":471912253},"geometry":{"type":"LineString","coordinates":[[32.8584974,39.8495959],[32.8580692,39.8492259],[32.8570902,39.8481814]]}},{"type":"Feature","properties":{"highway":"service","osm_id":471912257},"geometry":{"type":"LineString","coordinates":[[32.8550953,39.8486866],[32.8553983,39.8489519],[32.8560439,39.8494042],[32.8572808,39.8499712],[32.857579,39.8501205],[32.8577462,39.8501864],[32.8582941,39.849895],[32.8584337,39.8498561],[32.8585466,39.8498612],[32.8590847,39.8498565],[32.8592916,39.849772],[32.8594503,39.8496769],[32.8594684,39.8495992],[32.8591565,39.8494468],[32.8586629,39.8489704],[32.8584364,39.8487647],[32.8581909,39.8485696],[32.8579938,39.8483776],[32.8579475,39.848202],[32.8578651,39.8480419],[32.8577272,39.8478925],[32.8575248,39.8476815],[32.8572341,39.847421],[32.8571006,39.8475312],[32.8569934,39.8476115],[32.8569043,39.8479758],[32.8570902,39.8481814]]}},{"type":"Feature","properties":{"highway":"service","osm_id":471912260},"geometry":{"type":"LineString","coordinates":[[32.8533735,39.8460933],[32.8544902,39.8471959],[32.8548477,39.8475433],[32.8547904,39.8476663],[32.8547527,39.848006],[32.854751,39.8481366],[32.8547877,39.8482623],[32.8549226,39.8484166]]}},{"type":"Feature","properties":{"highway":"service","osm_id":471913759},"geometry":{"type":"LineString","coordinates":[[32.8572808,39.8499712],[32.857047,39.8497098],[32.8568134,39.8494744],[32.8567222,39.8492768],[32.856175,39.8487393]]}},{"type":"Feature","properties":{"highway":"service","osm_id":471925971},"geometry":{"type":"LineString","coordinates":[[32.857579,39.8501205],[32.8584974,39.8495959],[32.8585466,39.8498612]]}},{"type":"Feature","properties":{"highway":"residential","osm_id":471955792},"geometry":{"type":"LineString","coordinates":[[32.8545448,39.8845487],[32.8550327,39.8846817]]}},{"type":"Feature","properties":{"highway":"service","osm_id":471955793},"geometry":{"type":"LineString","coordinates":[[32.8548974,39.8850773],[32.8549844,39.8850625],[32.8550361,39.8850357]]}},{"type":"Feature","properties":{"oneway":"yes","highway":"secondary_link","osm_id":471955795},"geometry":{"type":"LineString","coordinates":[[32.8550713,39.8851147],[32.855258,39.8851067],[32.8553988,39.8850759],[32.8555129,39.8850118]]}},{"type":"Feature","properties":{"oneway":"yes","name":"Hoşdere Caddesi","highway":"secondary","osm_id":471955797},"geometry":{"type":"LineString","coordinates":[[32.8554313,39.8852022],[32.8552661,39.885223],[32.8551386,39.8852219],[32.855013,39.8851954]]}},{"type":"Feature","properties":{"oneway":"yes","highway":"primary","osm_id":471955799},"geometry":{"type":"LineString","coordinates":[[32.8557019,39.8850995],[32.8556536,39.8851746],[32.8556174,39.8852003],[32.8555343,39.8852024],[32.8554313,39.8852022]]}},{"type":"Feature","properties":{"oneway":"yes","highway":"primary","osm_id":471955801},"geometry":{"type":"LineString","coordinates":[[32.8557151,39.8850742],[32.8557019,39.8850995],[32.8557086,39.8852363],[32.8557193,39.8852878],[32.8557515,39.8853342],[32.8557943,39.885387]]}},{"type":"Feature","properties":{"highway":"service","osm_id":471963733},"geometry":{"type":"LineString","coordinates":[[32.8579004,39.8821572],[32.8575415,39.8819394],[32.8572115,39.8817362],[32.8570504,39.8817263],[32.8567531,39.881708]]}},{"type":"Feature","properties":{"highway":"service","osm_id":472136870},"geometry":{"type":"LineString","coordinates":[[32.8579706,39.8503285],[32.8585131,39.8505856],[32.8586886,39.8506754],[32.8589677,39.8509774],[32.8597731,39.8519325],[32.8601213,39.8523325],[32.8606607,39.8526836],[32.8613198,39.8530025],[32.8619821,39.8532651],[32.8624006,39.8526873],[32.8628248,39.8521019],[32.8616012,39.8512433],[32.8603999,39.8504206],[32.8599707,39.8501959],[32.8595147,39.8500105],[32.8591998,39.8499731],[32.8590235,39.8500003],[32.8584797,39.8500139],[32.8579706,39.8503285]]}},{"type":"Feature","properties":{"highway":"footway","osm_id":472242633},"geometry":{"type":"LineString","coordinates":[[32.8562128,39.8869611],[32.856296,39.8870459],[32.8564073,39.8871704],[32.8565012,39.8873546],[32.856516,39.8874087]]}},{"type":"Feature","properties":{"highway":"footway","osm_id":472242634},"geometry":{"type":"LineString","coordinates":[[32.8565508,39.8869779],[32.8566299,39.8869714],[32.856742,39.8869604]]}},{"type":"Feature","properties":{"highway":"footway","osm_id":472242635},"geometry":{"type":"LineString","coordinates":[[32.8554028,39.8868706],[32.8553197,39.8868586],[32.8552322,39.8868452]]}},{"type":"Feature","properties":{"highway":"footway","osm_id":472242639},"geometry":{"type":"LineString","coordinates":[[32.8557661,39.8877826],[32.8558105,39.8877714],[32.8558628,39.8877457],[32.8559487,39.8877416],[32.8560291,39.8877128],[32.8561123,39.8876634],[32.8561954,39.8876983],[32.8562249,39.8877498],[32.8562437,39.8877868],[32.8562544,39.8878424]]}},{"type":"Feature","properties":{"highway":"footway","osm_id":472242640},"geometry":{"type":"LineString","coordinates":[[32.855306,39.8881064],[32.8554176,39.8880797],[32.855447,39.8880817],[32.8555584,39.8881074],[32.8556295,39.8881023],[32.8556992,39.8879623],[32.8557609,39.8878245],[32.8557661,39.8877826],[32.8557668,39.8876938],[32.8557409,39.8874992]]}},{"type":"Feature","properties":{"highway":"footway","osm_id":472242642},"geometry":{"type":"LineString","coordinates":[[32.857391,39.8880938],[32.8572656,39.8879],[32.857161,39.8878136],[32.8570953,39.8877251],[32.8569934,39.887685],[32.8568848,39.8876767],[32.856756,39.8877455]]}},{"type":"Feature","properties":{"highway":"footway","osm_id":472242643},"geometry":{"type":"LineString","coordinates":[[32.856516,39.8886677],[32.8565853,39.8883959],[32.8566485,39.8881479]]}},{"type":"Feature","properties":{"highway":"footway","osm_id":472242644},"geometry":{"type":"LineString","coordinates":[[32.8566485,39.8881479],[32.8567048,39.8879449],[32.8567538,39.8878112],[32.856756,39.8877455],[32.8567892,39.8875232],[32.8568249,39.887352],[32.856728,39.8872214]]}},{"type":"Feature","properties":{"highway":"footway","osm_id":472242646},"geometry":{"type":"LineString","coordinates":[[32.8556911,39.8873383],[32.8559715,39.8870434],[32.8559634,39.8869385],[32.8560492,39.8869076],[32.8562128,39.8869611],[32.8562911,39.8869382],[32.8563979,39.8869564],[32.856465,39.8869698],[32.8565508,39.8869779]]}},{"type":"Feature","properties":{"highway":"footway","osm_id":473079110},"geometry":{"type":"LineString","coordinates":[[32.8875919,39.8851744],[32.887629,39.885196]]}},{"type":"Feature","properties":{"highway":"footway","osm_id":473079111},"geometry":{"type":"LineString","coordinates":[[32.887713,39.8852559],[32.8877021,39.8852478]]}},{"type":"Feature","properties":{"highway":"footway","osm_id":473079112},"geometry":{"type":"LineString","coordinates":[[32.8877075,39.8852079],[32.887713,39.8852178],[32.8877139,39.8852286],[32.8877101,39.885239],[32.8877021,39.8852478],[32.8876912,39.8852539],[32.8876783,39.885257],[32.8876649,39.8852568],[32.8876522,39.8852533],[32.8876416,39.8852469],[32.8876343,39.8852382],[32.8876309,39.8852282],[32.8876318,39.8852179],[32.887637,39.8852084],[32.8876458,39.8852006],[32.887658,39.8851952],[32.8876718,39.8851932],[32.8876857,39.8851949],[32.887698,39.8852],[32.8877075,39.8852079]]}},{"type":"Feature","properties":{"highway":"footway","osm_id":473079113},"geometry":{"type":"LineString","coordinates":[[32.8876458,39.8852006],[32.887629,39.885196]]}},{"type":"Feature","properties":{"highway":"footway","name":"Simkent Parkiçi Yolu","osm_id":473079114},"geometry":{"type":"LineString","coordinates":[[32.886878,39.8858227],[32.8869396,39.8858598],[32.887004,39.8858762],[32.8870845,39.8858577],[32.8872105,39.8857178],[32.887713,39.8852559],[32.8877658,39.8852074],[32.8882298,39.8847854],[32.8883076,39.8847072],[32.8883235,39.8846945],[32.8883746,39.8846537],[32.8884202,39.8846276],[32.8884712,39.8846409],[32.8885181,39.88468],[32.8885825,39.8847294],[32.8886244,39.8847531],[32.8886482,39.8847511],[32.8886683,39.8847274],[32.888675,39.8846965],[32.8885771,39.8846389],[32.8884833,39.884573],[32.8884117,39.8845622],[32.8883398,39.8845761],[32.8882392,39.8846142],[32.8881453,39.8846708],[32.888106,39.8847128],[32.8880769,39.8847438],[32.8879334,39.8848632],[32.8877081,39.8850587],[32.8875919,39.8851744],[32.8875364,39.8852296],[32.8872414,39.8855043],[32.8869624,39.8857544],[32.886878,39.8858227]]}},{"type":"Feature","properties":{"highway":"footway","osm_id":473079115},"geometry":{"type":"LineString","coordinates":[[32.888106,39.8847128],[32.8883235,39.8846945]]}},{"type":"Feature","properties":{"highway":"footway","osm_id":473080833},"geometry":{"type":"LineString","coordinates":[[32.8872438,39.8879248],[32.8872816,39.8881521],[32.8873056,39.888234],[32.8873937,39.8882914],[32.8873937,39.8883406],[32.8874445,39.8883632],[32.8874632,39.8884083],[32.8875727,39.8884021],[32.8875949,39.8883989],[32.8879712,39.8883439]]}},{"type":"Feature","properties":{"highway":"footway","osm_id":473080834},"geometry":{"type":"LineString","coordinates":[[32.8875949,39.8883989],[32.8876048,39.8884636],[32.8875754,39.8884902],[32.8874846,39.8885025],[32.8874763,39.8884846],[32.8874685,39.8884677],[32.8874632,39.8884083]]}},{"type":"Feature","properties":{"highway":"footway","osm_id":473080835},"geometry":{"type":"LineString","coordinates":[[32.8873937,39.8883406],[32.8873163,39.8883468],[32.8872682,39.8884083],[32.8871614,39.8884185],[32.887124,39.8883488],[32.8870545,39.8883099],[32.8870438,39.8882197],[32.8870572,39.8881521],[32.8871106,39.8881131],[32.8872094,39.8881111],[32.8872816,39.8881521]]}},{"type":"Feature","properties":{"highway":"footway","osm_id":473080836},"geometry":{"type":"LineString","coordinates":[[32.8870063,39.8885079],[32.8870275,39.8884971],[32.8870732,39.8884738],[32.8871694,39.8884636],[32.8871614,39.8884185]]}},{"type":"Feature","properties":{"highway":"footway","osm_id":473080837},"geometry":{"type":"LineString","coordinates":[[32.8871694,39.8884636],[32.8871774,39.8884964],[32.8872709,39.8884964],[32.8872842,39.8884779],[32.8873483,39.888523],[32.8874498,39.8885189],[32.8874763,39.8884846]]}},{"type":"Feature","properties":{"highway":"footway","osm_id":473080839},"geometry":{"type":"LineString","coordinates":[[32.8868088,39.8883939],[32.887172,39.8879574],[32.8872438,39.8879248],[32.8878719,39.8882422],[32.8879712,39.8883439],[32.887936,39.888482],[32.887749,39.888855],[32.8870275,39.8884971],[32.8868088,39.8883939]]}},{"type":"Feature","properties":{"highway":"footway","osm_id":473088438},"geometry":{"type":"LineString","coordinates":[[32.8722166,39.8726482],[32.8726294,39.8726364],[32.8726726,39.8726482],[32.8727311,39.8726907],[32.8727742,39.8727097],[32.8728081,39.8727069],[32.8728328,39.8727049],[32.872916,39.8726789]]}},{"type":"Feature","properties":{"highway":"footway","osm_id":473088441},"geometry":{"type":"LineString","coordinates":[[32.8722166,39.8726482],[32.8722258,39.8730525]]}},{"type":"Feature","properties":{"highway":"footway","osm_id":473088442},"geometry":{"type":"LineString","coordinates":[[32.8728081,39.8727069],[32.8728112,39.8727877],[32.8727835,39.8728042],[32.872688,39.8728515],[32.8726849,39.8729934],[32.8724014,39.8730738],[32.8723275,39.8731022],[32.8722628,39.8731022],[32.872232,39.8730809],[32.8722258,39.8730525]]}},{"type":"Feature","properties":{"highway":"footway","osm_id":473088447},"geometry":{"type":"LineString","coordinates":[[32.8722012,39.872433],[32.8721981,39.8720901],[32.872202,39.8720639],[32.8722073,39.8720286],[32.8722566,39.8719175],[32.8723244,39.8718347],[32.8723737,39.8718324],[32.872698,39.8719659],[32.8729252,39.8720641]]}},{"type":"Feature","properties":{"highway":"footway","osm_id":473088449},"geometry":{"type":"LineString","coordinates":[[32.872202,39.8720639],[32.8726048,39.8720547],[32.8726695,39.8720618],[32.8727342,39.872102],[32.8728051,39.8721634],[32.8728536,39.8722024],[32.8728728,39.8722178],[32.8729314,39.8722367],[32.872956,39.8722372]]}},{"type":"Feature","properties":{"highway":"footway","osm_id":473088451},"geometry":{"type":"LineString","coordinates":[[32.8725823,39.8722628],[32.8727248,39.8722585],[32.8728043,39.8722429],[32.8728339,39.872223],[32.8728536,39.8722024]]}},{"type":"Feature","properties":{"highway":"footway","osm_id":473088452},"geometry":{"type":"LineString","coordinates":[[32.872956,39.8722372],[32.8730078,39.8721038],[32.8730726,39.8721904],[32.872956,39.8722372]]}},{"type":"Feature","properties":{"highway":"footway","osm_id":473088454},"geometry":{"type":"LineString","coordinates":[[32.8729252,39.8720641],[32.8730078,39.8721038],[32.8730726,39.8719646],[32.8731447,39.8718851]]}},{"type":"Feature","properties":{"highway":"footway","osm_id":473088455},"geometry":{"type":"LineString","coordinates":[[32.8730726,39.8719646],[32.873141,39.8719959],[32.8732113,39.8720839]]}},{"type":"Feature","properties":{"highway":"footway","osm_id":473088456},"geometry":{"type":"LineString","coordinates":[[32.872956,39.8722372],[32.8729431,39.8723394],[32.872932,39.8724956],[32.8730076,39.8724731],[32.87308,39.8724516],[32.8731484,39.8724204],[32.8732002,39.8723763],[32.8732871,39.872409],[32.8733297,39.8724615]]}},{"type":"Feature","properties":{"highway":"footway","osm_id":473088457},"geometry":{"type":"LineString","coordinates":[[32.872932,39.8724956],[32.8729246,39.872585]]}},{"type":"Feature","properties":{"highway":"footway","osm_id":473088458},"geometry":{"type":"LineString","coordinates":[[32.87308,39.8724516],[32.8732437,39.8727935],[32.8733186,39.8729499]]}},{"type":"Feature","properties":{"highway":"footway","osm_id":473088459},"geometry":{"type":"LineString","coordinates":[[32.8732437,39.8727935],[32.8732002,39.8727895],[32.8731688,39.8727994],[32.8731669,39.8728264]]}},{"type":"Feature","properties":{"highway":"footway","osm_id":473088461},"geometry":{"type":"LineString","coordinates":[[32.872916,39.8726789],[32.8729571,39.8726878],[32.8730054,39.872683]]}},{"type":"Feature","properties":{"highway":"footway","osm_id":473088462},"geometry":{"type":"LineString","coordinates":[[32.872916,39.8726789],[32.8728963,39.8726675],[32.8728901,39.8726029],[32.8729259,39.8726029],[32.8729246,39.872585]]}},{"type":"Feature","properties":{"highway":"footway","osm_id":473088464},"geometry":{"type":"LineString","coordinates":[[32.8733186,39.8729499],[32.8735138,39.8729026]]}},{"type":"Feature","properties":{"highway":"footway","osm_id":473088465},"geometry":{"type":"LineString","coordinates":[[32.8735138,39.8729026],[32.873562,39.8730012],[32.8735795,39.873037],[32.8735297,39.8730508],[32.8735022,39.8730376],[32.8733186,39.8729499]]}},{"type":"Feature","properties":{"highway":"footway","osm_id":473088466},"geometry":{"type":"LineString","coordinates":[[32.8735022,39.8730376],[32.8735039,39.8730141],[32.8735178,39.8730019],[32.873562,39.8730012]]}},{"type":"Feature","properties":{"highway":"footway","osm_id":473088467},"geometry":{"type":"LineString","coordinates":[[32.8730076,39.8724731],[32.8729962,39.8724228],[32.8730221,39.8724228],[32.8730221,39.8723678],[32.8729922,39.8723006],[32.8730688,39.8722757],[32.8730818,39.8722715],[32.8731136,39.8723342],[32.8730221,39.8723678]]}},{"type":"Feature","properties":{"highway":"footway","osm_id":473088469},"geometry":{"type":"LineString","coordinates":[[32.8730688,39.8722757],[32.8730891,39.8722033],[32.8730726,39.8721904]]}},{"type":"Feature","properties":{"highway":"footway","osm_id":473088470},"geometry":{"type":"LineString","coordinates":[[32.8732002,39.8723763],[32.8733629,39.8723015],[32.8735196,39.8722294],[32.8734031,39.8721409]]}},{"type":"Feature","properties":{"highway":"footway","osm_id":473088471},"geometry":{"type":"LineString","coordinates":[[32.8733629,39.8723015],[32.8733856,39.8721623],[32.8733693,39.8721409],[32.8733949,39.8721302],[32.8734031,39.8721409]]}},{"type":"Feature","properties":{"highway":"footway","osm_id":473088473},"geometry":{"type":"LineString","coordinates":[[32.8732113,39.8720839],[32.8731856,39.8720927],[32.8731868,39.8721097],[32.8731682,39.8721445],[32.8732426,39.8721784],[32.8732705,39.8721757],[32.873288,39.8721275],[32.8732473,39.872074],[32.8732113,39.8720839]]}},{"type":"Feature","properties":{"highway":"footway","osm_id":473088474},"geometry":{"type":"LineString","coordinates":[[32.873288,39.8721275],[32.8733693,39.8721409]]}},{"type":"Feature","properties":{"highway":"footway","osm_id":473088475},"geometry":{"type":"LineString","coordinates":[[32.8731447,39.8718851],[32.8732612,39.871972],[32.8732829,39.8719882],[32.8733394,39.8720689],[32.8733218,39.8721062],[32.873288,39.8721275]]}},{"type":"Feature","properties":{"highway":"footway","osm_id":473088476},"geometry":{"type":"LineString","coordinates":[[32.8731447,39.8718851],[32.8732108,39.8718193],[32.8732355,39.8717802],[32.873242,39.87177],[32.8732946,39.8717954],[32.8732965,39.8719344],[32.8732612,39.871972]]}},{"type":"Feature","properties":{"highway":"footway","osm_id":473088477},"geometry":{"type":"LineString","coordinates":[[32.8729032,39.8717535],[32.8730142,39.8718088],[32.8730862,39.8718088]]}},{"type":"Feature","properties":{"highway":"footway","osm_id":473088478},"geometry":{"type":"LineString","coordinates":[[32.8731447,39.8718851],[32.8731037,39.8718417],[32.8730862,39.8718088],[32.8730706,39.8716863],[32.8730629,39.8716071],[32.8730434,39.8715712],[32.8726695,39.8714009],[32.87243,39.8717072],[32.8724281,39.8717521],[32.8724534,39.8717999],[32.8727961,39.8719433]]}},{"type":"Feature","properties":{"highway":"footway","osm_id":473088479},"geometry":{"type":"LineString","coordinates":[[32.8726695,39.8714009],[32.8727104,39.8713426],[32.8727474,39.8713142],[32.8728194,39.8713157],[32.8730434,39.871353],[32.8730843,39.8713814],[32.8732985,39.8717386],[32.873242,39.87177]]}},{"type":"Feature","properties":{"highway":"footway","osm_id":473088480},"geometry":{"type":"LineString","coordinates":[[32.8722012,39.872433],[32.8722258,39.8724683],[32.8722813,39.8724804],[32.8726519,39.8724658]]}},{"type":"Feature","properties":{"highway":"footway","osm_id":473088481},"geometry":{"type":"LineString","coordinates":[[32.8722166,39.8726482],[32.8722116,39.8725995],[32.8722401,39.8725546],[32.8722908,39.8725412],[32.8726503,39.8725339]]}},{"type":"Feature","properties":{"highway":"footway","osm_id":473088483},"geometry":{"type":"LineString","coordinates":[[32.8733186,39.8729499],[32.8723489,39.8732249]]}},{"type":"Feature","properties":{"highway":"footway","osm_id":473088576},"geometry":{"type":"LineString","coordinates":[[32.8731688,39.8727994],[32.8730076,39.8724731]]}},{"type":"Feature","properties":{"highway":"service","osm_id":473191609},"geometry":{"type":"LineString","coordinates":[[32.8363901,39.8484284],[32.8363511,39.8485258],[32.8362974,39.8494339]]}},{"type":"Feature","properties":{"name":"635. Sk.","highway":"residential","osm_id":473223844},"geometry":{"type":"LineString","coordinates":[[32.8423757,39.8502352],[32.8424424,39.8501361],[32.8430539,39.8493412]]}},{"type":"Feature","properties":{"highway":"service","osm_id":473223849},"geometry":{"type":"LineString","coordinates":[[32.8409645,39.8523229],[32.840648,39.8521685]]}},{"type":"Feature","properties":{"highway":"service","osm_id":473223850},"geometry":{"type":"LineString","coordinates":[[32.8413956,39.8515813],[32.8411683,39.8520758],[32.8409645,39.8523229],[32.8412864,39.8524773],[32.8414044,39.8525947],[32.8414437,39.8526827]]}},{"type":"Feature","properties":{"highway":"service","osm_id":473223851},"geometry":{"type":"LineString","coordinates":[[32.8403464,39.8502895],[32.8416266,39.8508331]]}},{"type":"Feature","properties":{"highway":"service","osm_id":473223859},"geometry":{"type":"LineString","coordinates":[[32.8376702,39.8492138],[32.8376799,39.8493443],[32.8376627,39.8494092],[32.8377056,39.8494895],[32.8376439,39.8496542],[32.8374883,39.849681]]}},{"type":"Feature","properties":{"name":"628. Sk.","highway":"residential","osm_id":473223861},"geometry":{"type":"LineString","coordinates":[[32.8389159,39.8494072],[32.8392131,39.8494219],[32.8400267,39.8495027]]}},{"type":"Feature","properties":{"highway":"service","osm_id":473223862},"geometry":{"type":"LineString","coordinates":[[32.8397236,39.8484561],[32.8397236,39.8484561],[32.8402023,39.8480124]]}},{"type":"Feature","properties":{"name":"630. Sk.","highway":"residential","osm_id":473223868},"geometry":{"type":"LineString","coordinates":[[32.83765,39.8481594],[32.8373422,39.8484059],[32.8373057,39.8484869]]}},{"type":"Feature","properties":{"highway":"service","osm_id":473223870},"geometry":{"type":"LineString","coordinates":[[32.8388199,39.8477562],[32.8389662,39.8475826],[32.8394222,39.8478153]]}},{"type":"Feature","properties":{"bridge":"yes","highway":"footway","layer":"1","osm_id":473223873},"geometry":{"type":"LineString","coordinates":[[32.8450012,39.8501155],[32.8452422,39.8498513]]}},{"type":"Feature","properties":{"highway":"service","osm_id":473225059},"geometry":{"type":"LineString","coordinates":[[32.8387032,39.8417442],[32.8386873,39.8418988]]}},{"type":"Feature","properties":{"highway":"service","osm_id":473225060},"geometry":{"type":"LineString","coordinates":[[32.8418362,39.8427535],[32.8421853,39.843086]]}},{"type":"Feature","properties":{"highway":"service","osm_id":473225061},"geometry":{"type":"LineString","coordinates":[[32.8424531,39.8433569],[32.8427321,39.8434064],[32.8430137,39.8435155],[32.8431773,39.8436267],[32.843239,39.843843],[32.8432229,39.8440201],[32.8432095,39.8441024],[32.8431344,39.8441766],[32.8429654,39.8441786],[32.8428445,39.8441874]]}},{"type":"Feature","properties":{"highway":"service","osm_id":473225062},"geometry":{"type":"LineString","coordinates":[[32.8418014,39.8432169],[32.8419838,39.8431366],[32.8421447,39.8430892],[32.8421853,39.843086],[32.8422278,39.843116],[32.8424531,39.8433569],[32.8424531,39.843497],[32.8424075,39.8436329],[32.842319,39.8436947]]}},{"type":"Feature","properties":{"highway":"service","osm_id":473225063},"geometry":{"type":"LineString","coordinates":[[32.8410911,39.8425076],[32.8413803,39.8425167],[32.8416297,39.8425826],[32.8418362,39.8427535],[32.8418523,39.8429327],[32.8418014,39.8432169],[32.8417799,39.8434661],[32.8417933,39.8435958],[32.8419167,39.8436906]]}},{"type":"Feature","properties":{"highway":"service","osm_id":473227713},"geometry":{"type":"LineString","coordinates":[[32.8244072,39.8488862],[32.8245574,39.8489994],[32.8246459,39.8491992],[32.8247344,39.8498087]]}},{"type":"Feature","properties":{"highway":"primary","junction":"roundabout","osm_id":473354649},"geometry":{"type":"LineString","coordinates":[[32.8518852,39.8572981],[32.8519422,39.8572906],[32.8519993,39.8572977],[32.8520502,39.8573186],[32.8520981,39.8573625],[32.8521179,39.8574177],[32.8521105,39.8574642],[32.8520827,39.857506],[32.8520378,39.8575379],[32.8519814,39.857556],[32.8519203,39.8575581],[32.851862,39.857544],[32.8518057,39.8575081],[32.8517734,39.8574577],[32.8517704,39.8574033],[32.8517904,39.8573565],[32.8518346,39.8573195],[32.8518852,39.8572981]]}},{"type":"Feature","properties":{"highway":"service","osm_id":473354650},"geometry":{"type":"LineString","coordinates":[[32.8500335,39.8568899],[32.8500733,39.857032],[32.8504354,39.8571967],[32.8506875,39.8573964],[32.8510657,39.857975],[32.8513956,39.8584547],[32.8515351,39.8584795],[32.8518087,39.8583703]]}},{"type":"Feature","properties":{"highway":"service","osm_id":473354651},"geometry":{"type":"LineString","coordinates":[[32.8468681,39.8566099],[32.8470075,39.8566614],[32.8485122,39.8572046]]}},{"type":"Feature","properties":{"highway":"service","osm_id":473354652},"geometry":{"type":"LineString","coordinates":[[32.8487563,39.8568034],[32.8489199,39.8564616],[32.8494215,39.8566305],[32.8500035,39.8568292],[32.8500335,39.8568899]]}},{"type":"Feature","properties":{"highway":"service","osm_id":473354653},"geometry":{"type":"LineString","coordinates":[[32.8467393,39.8565626],[32.8468681,39.8566099],[32.8470236,39.8563958],[32.8472194,39.8561384],[32.8481233,39.8564596],[32.8481453,39.8565187],[32.8481555,39.8565461],[32.8482548,39.8566181],[32.8487563,39.8568034],[32.8488936,39.8569516]]}},{"type":"Feature","properties":{"highway":"service","lit":"yes","osm_id":473354654},"geometry":{"type":"LineString","coordinates":[[32.8505951,39.8569346],[32.8504267,39.8569352],[32.8502235,39.8569311],[32.8500335,39.8568899],[32.8496683,39.8569146],[32.849038,39.8569229],[32.8488936,39.8569516],[32.8487429,39.8570567],[32.8485122,39.8572046],[32.8484292,39.8573079],[32.8483138,39.8574027],[32.8480295,39.857555],[32.84767,39.8574912],[32.8470129,39.8573306],[32.8466266,39.8571165],[32.8466428,39.8570134],[32.8466669,39.8568899],[32.8467393,39.8565626],[32.846495,39.856474],[32.8469458,39.8557091]]}},{"type":"Feature","properties":{"name":"649. Sk.","highway":"residential","osm_id":473354655},"geometry":{"type":"LineString","coordinates":[[32.8457984,39.8553099],[32.8455645,39.8560519],[32.845307,39.8569661],[32.8451246,39.8575241],[32.8450361,39.8577753],[32.8449208,39.8580131],[32.8446632,39.8583497],[32.8445024,39.8586493],[32.8440678,39.859092],[32.844014,39.8592359]]}},{"type":"Feature","properties":{"name":"658. Sk.","highway":"residential","osm_id":473354656},"geometry":{"type":"LineString","coordinates":[[32.8448925,39.8597058],[32.8452319,39.8595666],[32.8457174,39.8596633],[32.8459159,39.8596777],[32.8460124,39.8596592],[32.84616,39.8597745],[32.8462699,39.8598034],[32.846868,39.8597786],[32.8471175,39.8597868],[32.8473052,39.8597951],[32.847613,39.8597999],[32.8477559,39.8598219],[32.8478605,39.8599063],[32.8478551,39.8600689],[32.847782,39.8601775]]}},{"type":"Feature","properties":{"highway":"service","osm_id":473354665},"geometry":{"type":"LineString","coordinates":[[32.8476002,39.8536733],[32.8474876,39.8540835]]}},{"type":"Feature","properties":{"name":"608.Sk.","highway":"residential","osm_id":473357469},"geometry":{"type":"LineString","coordinates":[[32.8532008,39.8559635],[32.8544902,39.8560965],[32.8551738,39.8561813],[32.8572374,39.8563997]]}},{"type":"Feature","properties":{"highway":"service","osm_id":473357470},"geometry":{"type":"LineString","coordinates":[[32.8530398,39.8559212],[32.8532008,39.8559635]]}},{"type":"Feature","properties":{"highway":"service","osm_id":473357471},"geometry":{"type":"LineString","coordinates":[[32.8530398,39.8559212],[32.8526268,39.855845]]}},{"type":"Feature","properties":{"highway":"service","osm_id":473357472},"geometry":{"type":"LineString","coordinates":[[32.8531538,39.8555844],[32.8527314,39.8555114]]}},{"type":"Feature","properties":{"highway":"service","osm_id":473357473},"geometry":{"type":"LineString","coordinates":[[32.8532811,39.8552176],[32.8528789,39.8551511]]}},{"type":"Feature","properties":{"highway":"service","osm_id":473361485},"geometry":{"type":"LineString","coordinates":[[32.8523173,39.8537087],[32.8524202,39.8540639],[32.8518235,39.8543156]]}},{"type":"Feature","properties":{"highway":"tertiary","name":"Kudüs Caddesi","oneway":"yes","osm_id":473362659},"geometry":{"type":"LineString","coordinates":[[32.8308263,39.84816],[32.8305102,39.8480798],[32.8304054,39.8480502],[32.829634,39.8476847],[32.8289294,39.8472489],[32.8287871,39.8471297],[32.8287863,39.8471321],[32.8286944,39.846996]]}},{"type":"Feature","properties":{"highway":"tertiary","name":"Kudüs Caddesi","oneway":"yes","osm_id":473362660},"geometry":{"type":"LineString","coordinates":[[32.8288391,39.8468971],[32.8289417,39.8469883],[32.8289925,39.847028],[32.8290431,39.8471044],[32.8292098,39.8472809],[32.8294317,39.8474239],[32.8295758,39.8475188],[32.8300055,39.8477443],[32.8304615,39.8479271],[32.8305917,39.8479442],[32.8308969,39.847987]]}},{"type":"Feature","properties":{"highway":"tertiary","oneway":"yes","name":"Ferit Recai Ertuğrul Caddesi","osm_id":473362989},"geometry":{"type":"LineString","coordinates":[[32.8288354,39.8491076],[32.8287963,39.8491038],[32.828335,39.8487817],[32.8279972,39.848528],[32.8271612,39.8479375],[32.8270465,39.8478718],[32.8269207,39.8478318],[32.8267912,39.8477793]]}},{"type":"Feature","properties":{"highway":"tertiary","oneway":"yes","name":"Ferit Recai Ertuğrul Caddesi","osm_id":473362990},"geometry":{"type":"LineString","coordinates":[[32.8269876,39.8476339],[32.8271553,39.8477475],[32.8272722,39.8478521],[32.8273613,39.8479381],[32.8284756,39.848741],[32.8289064,39.8488847],[32.8289186,39.8488958]]}},{"type":"Feature","properties":{"name":"Zülfü Tigrel Cd.","oneway":"yes","highway":"secondary","osm_id":473363407},"geometry":{"type":"LineString","coordinates":[[32.8268166,39.8475374],[32.8271842,39.8474431],[32.8275341,39.8473007],[32.8280606,39.8470865],[32.8284133,39.8469582],[32.828581,39.8468971]]}},{"type":"Feature","properties":{"highway":"residential","osm_id":473370202},"geometry":{"type":"LineString","coordinates":[[32.8445024,39.8586493],[32.8445663,39.858724],[32.844666,39.8588583],[32.8460124,39.8596592]]}},{"type":"Feature","properties":{"highway":"service","osm_id":473372359},"geometry":{"type":"LineString","coordinates":[[32.8637082,39.8780343],[32.8636453,39.8778781],[32.8638277,39.8777217],[32.8639859,39.8775673],[32.8639966,39.8774582],[32.8639269,39.8772009],[32.8638277,39.8772318],[32.8636935,39.8772359],[32.8631142,39.8770527]]}},{"type":"Feature","properties":{"highway":"service","osm_id":473373706},"geometry":{"type":"LineString","coordinates":[[32.8619528,39.8792571],[32.8619165,39.8791368],[32.8619165,39.8790627],[32.8619702,39.879002],[32.8622009,39.878859],[32.8622424,39.8788641],[32.8623658,39.8789022],[32.8624466,39.8789171]]}},{"type":"Feature","properties":{"highway":"primary","osm_id":473374579},"geometry":{"type":"LineString","coordinates":[[32.8569282,39.8828645],[32.8571331,39.882942]]}},{"type":"Feature","properties":{"oneway":"yes","name":"Simon Bolivar Caddesi","highway":"primary","osm_id":473374580},"geometry":{"type":"LineString","coordinates":[[32.8569282,39.8828645],[32.8576706,39.8823876]]}},{"type":"Feature","properties":{"highway":"service","osm_id":473374655},"geometry":{"type":"LineString","coordinates":[[32.8566717,39.8831953],[32.856636,39.8831144],[32.8565099,39.8830517],[32.8563262,39.8829786],[32.8564442,39.8827594]]}},{"type":"Feature","properties":{"highway":"footway","osm_id":473375410},"geometry":{"type":"LineString","coordinates":[[32.855832,39.8824598],[32.855777,39.8823364],[32.8556013,39.8821296],[32.8553878,39.8819883]]}},{"type":"Feature","properties":{"highway":"footway","osm_id":473375411},"geometry":{"type":"LineString","coordinates":[[32.8565869,39.8827412],[32.8570511,39.882499]]}},{"type":"Feature","properties":{"highway":"footway","osm_id":473375412},"geometry":{"type":"LineString","coordinates":[[32.8564897,39.882702],[32.8570511,39.882499],[32.8570617,39.8826588]]}},{"type":"Feature","properties":{"highway":"footway","osm_id":473375413},"geometry":{"type":"LineString","coordinates":[[32.8559243,39.8824288],[32.8560372,39.8823972],[32.8563644,39.8822912],[32.8566568,39.8821635],[32.8568204,39.8819999],[32.8568582,39.8819461]]}},{"type":"Feature","properties":{"highway":"service","osm_id":473400757},"geometry":{"type":"LineString","coordinates":[[32.8290957,39.8461791],[32.8286647,39.8460317],[32.8285601,39.8459946],[32.828485,39.8459802],[32.8284045,39.8459678],[32.8283187,39.845939],[32.828265,39.8459081],[32.8282194,39.8458731],[32.8281872,39.8458175],[32.8281631,39.8457578],[32.8281336,39.8457042],[32.8281041,39.8456692],[32.8280531,39.8456342],[32.8279646,39.8456033],[32.8278627,39.8455848],[32.8277688,39.8455766]]}},{"type":"Feature","properties":{"highway":"primary_link","oneway":"yes","osm_id":473400781},"geometry":{"type":"LineString","coordinates":[[32.8693708,39.8677227],[32.8692483,39.8676617],[32.869095,39.8675817],[32.8689924,39.86753],[32.8671614,39.8666076],[32.866613,39.8663165],[32.8649702,39.8654126],[32.8629866,39.8643455],[32.8623479,39.8639925],[32.8617601,39.8636924],[32.8616201,39.8636187]]}},{"type":"Feature","properties":{"highway":"primary","oneway":"yes","osm_id":473400782},"geometry":{"type":"LineString","coordinates":[[32.8693708,39.8677227],[32.8694069,39.8675761]]}},{"type":"Feature","properties":{"highway":"primary_link","oneway":"yes","osm_id":473400783},"geometry":{"type":"LineString","coordinates":[[32.8694904,39.8677902],[32.8693708,39.8677227]]}},{"type":"Feature","properties":{"highway":"secondary","sidewalk":"both","foot":"yes","lanes":"2","name":"Kahire Caddesi","oneway":"yes","osm_id":473400784},"geometry":{"type":"LineString","coordinates":[[32.8694904,39.8677902],[32.869331,39.8680093],[32.869278,39.8680594],[32.8691944,39.8681383]]}},{"type":"Feature","properties":{"highway":"secondary_link","oneway":"yes","osm_id":473400785},"geometry":{"type":"LineString","coordinates":[[32.8699719,39.8680731],[32.8698365,39.868041],[32.8697225,39.8680197],[32.8696177,39.8680055],[32.8695515,39.8680032],[32.8695037,39.8680055],[32.8694498,39.8680091],[32.8694021,39.8680197],[32.8693451,39.8680363],[32.869278,39.8680594]]}},{"type":"Feature","properties":{"highway":"secondary_link","oneway":"yes","osm_id":473400786},"geometry":{"type":"LineString","coordinates":[[32.8691944,39.8681383],[32.8691864,39.8680174],[32.8691756,39.8678755],[32.8691602,39.8677584],[32.869134,39.8677076],[32.8690924,39.8676567],[32.8689924,39.86753]]}},{"type":"Feature","properties":{"name":"434.Sokak","highway":"residential","osm_id":473400787},"geometry":{"type":"LineString","coordinates":[[32.8687008,39.8689234],[32.8688364,39.8689718],[32.8689204,39.8689879],[32.8690582,39.8690023],[32.869217,39.8690005],[32.8694084,39.8689879],[32.8696279,39.8689718],[32.8698958,39.8689657],[32.8699408,39.8689646],[32.8701533,39.86897],[32.8705129,39.8689843],[32.8707207,39.8690112],[32.8707908,39.8690309],[32.8708375,39.8690614],[32.8708725,39.8691205],[32.8709098,39.8691869],[32.8709612,39.8692352],[32.8710336,39.8692693],[32.8710756,39.8693069],[32.871134,39.8693589],[32.871169,39.8694145],[32.8711784,39.8694808],[32.8711714,39.869565],[32.8711527,39.869617],[32.8711457,39.8696689],[32.871183,39.869737],[32.8712344,39.8698051],[32.8712798,39.8698433]]}},{"type":"Feature","properties":{"highway":"service","osm_id":473400788},"geometry":{"type":"LineString","coordinates":[[32.8698958,39.8689657],[32.8701784,39.8684736]]}},{"type":"Feature","properties":{"highway":"tertiary","osm_id":473400789},"geometry":{"type":"LineString","coordinates":[[32.874776,39.8747719],[32.874791,39.8747871],[32.8748018,39.8747981],[32.8748352,39.8748154],[32.874874,39.8748238],[32.8749143,39.8748223],[32.8749519,39.8748111],[32.874983,39.8747914],[32.8750043,39.8747651],[32.8750138,39.874735],[32.8750104,39.8747042],[32.8749945,39.8746758],[32.8749677,39.8746526],[32.8749304,39.8746365],[32.8748882,39.8746309],[32.8748461,39.8746365],[32.8748087,39.8746525],[32.8747806,39.8746772],[32.8747648,39.8747077],[32.8747632,39.8747406],[32.874776,39.8747719]]}},{"type":"Feature","properties":{"name":"435. Cadde","highway":"tertiary","oneway":"yes","osm_id":473400790},"geometry":{"type":"LineString","coordinates":[[32.8749243,39.8750808],[32.874791,39.8747871]]}},{"type":"Feature","properties":{"name":"435. Cadde","highway":"tertiary","oneway":"yes","osm_id":473400791},"geometry":{"type":"LineString","coordinates":[[32.874983,39.8747914],[32.8749243,39.8750808]]}},{"type":"Feature","properties":{"highway":"residential","name":"451.Cadde","oneway":"yes","osm_id":473400792},"geometry":{"type":"LineString","coordinates":[[32.8752901,39.8746338],[32.8752076,39.8746928],[32.8751365,39.8747365],[32.874983,39.8747914]]}},{"type":"Feature","properties":{"highway":"residential","name":"451.Cadde","oneway":"yes","osm_id":473400793},"geometry":{"type":"LineString","coordinates":[[32.8749677,39.8746526],[32.8750081,39.8746684],[32.8750721,39.8746761],[32.8751368,39.8746726],[32.8752084,39.8746607],[32.8752901,39.8746338]]}},{"type":"Feature","properties":{"name":"451.Cadde","highway":"tertiary","oneway":"yes","osm_id":473400794},"geometry":{"type":"LineString","coordinates":[[32.8744469,39.8747433],[32.8748087,39.8746525]]}},{"type":"Feature","properties":{"name":"451.Cadde","highway":"tertiary","oneway":"yes","osm_id":473400795},"geometry":{"type":"LineString","coordinates":[[32.874791,39.8747871],[32.8744469,39.8747433]]}},{"type":"Feature","properties":{"highway":"tertiary","name":"435. Cadde","oneway":"yes","osm_id":473400796},"geometry":{"type":"LineString","coordinates":[[32.8748057,39.8742964],[32.8749677,39.8746526]]}},{"type":"Feature","properties":{"highway":"tertiary","name":"435. Cadde","oneway":"yes","osm_id":473400797},"geometry":{"type":"LineString","coordinates":[[32.8748087,39.8746525],[32.8748057,39.8742964]]}},{"type":"Feature","properties":{"highway":"service","service":"parking_aisle","osm_id":473400798},"geometry":{"type":"LineString","coordinates":[[32.8711959,39.8761071],[32.8706761,39.8760896]]}},{"type":"Feature","properties":{"highway":"service","service":"parking_aisle","osm_id":473400799},"geometry":{"type":"LineString","coordinates":[[32.8711379,39.8760387],[32.8711311,39.8759547],[32.871129,39.87593],[32.8711353,39.8758047],[32.871142,39.8756686],[32.8711494,39.8755198],[32.8711563,39.8753815],[32.8711616,39.8752746]]}},{"type":"Feature","properties":{"highway":"service","service":"parking_aisle","osm_id":473400800},"geometry":{"type":"LineString","coordinates":[[32.8711311,39.8759547],[32.8706822,39.875936]]}},{"type":"Feature","properties":{"highway":"service","service":"parking_aisle","osm_id":473400801},"geometry":{"type":"LineString","coordinates":[[32.8706899,39.8757828],[32.8711353,39.8758047]]}},{"type":"Feature","properties":{"highway":"service","service":"parking_aisle","osm_id":473400802},"geometry":{"type":"LineString","coordinates":[[32.8706996,39.875648],[32.871142,39.8756686]]}},{"type":"Feature","properties":{"highway":"service","service":"parking_aisle","osm_id":473400803},"geometry":{"type":"LineString","coordinates":[[32.8707058,39.8754997],[32.8711494,39.8755198]]}},{"type":"Feature","properties":{"highway":"service","service":"parking_aisle","osm_id":473400804},"geometry":{"type":"LineString","coordinates":[[32.8707367,39.8753647],[32.8707941,39.875367],[32.8711563,39.8753815]]}},{"type":"Feature","properties":{"highway":"service","service":"parking_aisle","osm_id":473400805},"geometry":{"type":"LineString","coordinates":[[32.8706761,39.8760896],[32.8706822,39.875936],[32.8706862,39.8758345],[32.8706899,39.8757828],[32.8706996,39.875648],[32.8707023,39.8756111],[32.8707058,39.8754997],[32.8707077,39.8754423],[32.8707103,39.8754043],[32.8707224,39.8753785],[32.8707367,39.8753647]]}},{"type":"Feature","properties":{"highway":"service","osm_id":473400806},"geometry":{"type":"LineString","coordinates":[[32.8711616,39.8752746],[32.8711714,39.8751254],[32.8711795,39.8750786],[32.8712181,39.8750654],[32.8713419,39.8750526],[32.8714143,39.8749398]]}},{"type":"Feature","properties":{"highway":"service","osm_id":473400807},"geometry":{"type":"LineString","coordinates":[[32.8711971,39.8749287],[32.8713065,39.8749994],[32.8713419,39.8750526],[32.8715745,39.8752642]]}},{"type":"Feature","properties":{"highway":"service","osm_id":473400808},"geometry":{"type":"LineString","coordinates":[[32.8715745,39.8752642],[32.8716038,39.8748374],[32.871613,39.874815],[32.8716485,39.8748102],[32.8719365,39.8748244],[32.8722739,39.8748493]]}},{"type":"Feature","properties":{"highway":"service","osm_id":473400809},"geometry":{"type":"LineString","coordinates":[[32.8715745,39.8752642],[32.8719336,39.8752768],[32.8721846,39.8752855],[32.8722369,39.8752607],[32.8722524,39.875237],[32.8722616,39.875172],[32.8722739,39.8748493]]}},{"type":"Feature","properties":{"highway":"service","osm_id":473400810},"geometry":{"type":"LineString","coordinates":[[32.871935,39.8746376],[32.8719365,39.8748244],[32.8719336,39.8752768]]}},{"type":"Feature","properties":{"highway":"service","osm_id":473400811},"geometry":{"type":"LineString","coordinates":[[32.8707941,39.875367],[32.8707975,39.8751737]]}},{"type":"Feature","properties":{"highway":"service","oneway":"yes","osm_id":473400812},"geometry":{"type":"LineString","coordinates":[[32.870869,39.876777],[32.8708886,39.8769387],[32.8708614,39.8770996]]}},{"type":"Feature","properties":{"highway":"residential","name":"428.Cadde","oneway":"yes","osm_id":473400813},"geometry":{"type":"LineString","coordinates":[[32.8703912,39.8769846],[32.8705158,39.8770203],[32.870601,39.8770382],[32.8706657,39.8770508]]}},{"type":"Feature","properties":{"highway":"residential","name":"436.Cadde","oneway":"yes","osm_id":473400814},"geometry":{"type":"LineString","coordinates":[[32.8708614,39.8770996],[32.8710435,39.8772318],[32.8710797,39.8772568],[32.8711713,39.8773526]]}},{"type":"Feature","properties":{"name":"436.Cadde","oneway":"yes","highway":"residential","osm_id":473400815},"geometry":{"type":"LineString","coordinates":[[32.8711713,39.8773526],[32.8707839,39.8771772]]}},{"type":"Feature","properties":{"highway":"residential","oneway":"yes","osm_id":473400816},"geometry":{"type":"LineString","coordinates":[[32.8708614,39.8770996],[32.8708562,39.8771247],[32.8708314,39.8771519],[32.8707839,39.8771772]]}},{"type":"Feature","properties":{"highway":"residential","oneway":"yes","osm_id":473400817},"geometry":{"type":"LineString","coordinates":[[32.8706492,39.8771162],[32.8706385,39.8770935],[32.8706394,39.8770827],[32.8706509,39.8770684],[32.8706657,39.8770508]]}},{"type":"Feature","properties":{"highway":"service","oneway":"yes","osm_id":473400818},"geometry":{"type":"LineString","coordinates":[[32.8706657,39.8770508],[32.8707182,39.8769848],[32.8707755,39.8769058],[32.870869,39.876777]]}},{"type":"Feature","properties":{"highway":"service","oneway":"yes","osm_id":473400819},"geometry":{"type":"LineString","coordinates":[[32.8703233,39.8769433],[32.8704554,39.8769775],[32.8705332,39.8769863],[32.8706125,39.8769834],[32.8706626,39.8769751],[32.8707088,39.8769544],[32.8707396,39.8769325],[32.8707755,39.8769058]]}},{"type":"Feature","properties":{"highway":"residential","name":"428. Cadde","oneway":"yes","osm_id":473400820},"geometry":{"type":"LineString","coordinates":[[32.8706492,39.8771162],[32.8705796,39.8770847],[32.8704937,39.8770437],[32.8704685,39.8770317],[32.8703912,39.8769846]]}},{"type":"Feature","properties":{"highway":"residential","name":"428. Cadde","oneway":"yes","osm_id":473400821},"geometry":{"type":"LineString","coordinates":[[32.8707839,39.8771772],[32.8706492,39.8771162]]}},{"type":"Feature","properties":{"highway":"residential","oneway":"yes","osm_id":473400822},"geometry":{"type":"LineString","coordinates":[[32.8706657,39.8770508],[32.8707481,39.877057],[32.8708299,39.8770866],[32.8708614,39.8770996]]}},{"type":"Feature","properties":{"oneway":"yes","highway":"secondary_link","osm_id":473400823},"geometry":{"type":"LineString","coordinates":[[32.8643678,39.8772298],[32.86445,39.8772567],[32.8645515,39.8772693],[32.8648603,39.8772479]]}},{"type":"Feature","properties":{"highway":"service","osm_id":473455650},"geometry":{"type":"LineString","coordinates":[[32.8203797,39.8475113],[32.820408,39.847385],[32.8204456,39.8472758],[32.8204375,39.8471832],[32.8203732,39.847074],[32.8202551,39.8469731],[32.8201371,39.8469134],[32.819995,39.8469175],[32.8198635,39.8469422],[32.8197804,39.8470102]]}},{"type":"Feature","properties":{"highway":"service","osm_id":473455664},"geometry":{"type":"LineString","coordinates":[[32.8160053,39.8498807],[32.81592,39.8497949]]}},{"type":"Feature","properties":{"highway":"service","osm_id":473455668},"geometry":{"type":"LineString","coordinates":[[32.8274355,39.847141],[32.8276568,39.8470545],[32.8275226,39.8468465]]}},{"type":"Feature","properties":{"highway":"service","osm_id":473455669},"geometry":{"type":"LineString","coordinates":[[32.8275341,39.8473007],[32.8274355,39.847141],[32.8272128,39.8472285],[32.8270546,39.8470154]]}},{"type":"Feature","properties":{"highway":"service","osm_id":473455670},"geometry":{"type":"LineString","coordinates":[[32.8279565,39.847027],[32.828165,39.8468001],[32.8284133,39.8469582]]}},{"type":"Feature","properties":{"highway":"service","osm_id":473456726},"geometry":{"type":"LineString","coordinates":[[32.82608,39.850099],[32.8256919,39.8499734],[32.8248148,39.8501588],[32.8247344,39.8498087]]}},{"type":"Feature","properties":{"highway":"residential","osm_id":473458566},"geometry":{"type":"LineString","coordinates":[[32.8517749,39.8710529],[32.8512239,39.8711552],[32.850607,39.8712252],[32.8503254,39.8712807],[32.850066,39.8713398]]}},{"type":"Feature","properties":{"highway":"footway","osm_id":473596891},"geometry":{"type":"LineString","coordinates":[[32.8661922,39.8750649],[32.8673863,39.8751481]]}},{"type":"Feature","properties":{"highway":"footway","osm_id":473596892},"geometry":{"type":"LineString","coordinates":[[32.8688045,39.8758353],[32.8686852,39.8757751],[32.8685711,39.8757357],[32.8684599,39.8757335],[32.8684086,39.8758079],[32.8683659,39.8760026],[32.8681549,39.875961],[32.8680751,39.8760311],[32.868032,39.8761166]]}},{"type":"Feature","properties":{"highway":"footway","osm_id":473596893},"geometry":{"type":"LineString","coordinates":[[32.8677272,39.8760923],[32.8677757,39.8758341],[32.8674878,39.8759501],[32.8674022,39.8758363],[32.8671485,39.8759326],[32.8670687,39.8758123]]}},{"type":"Feature","properties":{"highway":"footway","osm_id":473596894},"geometry":{"type":"LineString","coordinates":[[32.8673863,39.8751481],[32.8673962,39.8751491]]}},{"type":"Feature","properties":{"highway":"footway","osm_id":473596895},"geometry":{"type":"LineString","coordinates":[[32.8688045,39.8758353],[32.8688328,39.8758436]]}},{"type":"Feature","properties":{"highway":"footway","osm_id":473596896},"geometry":{"type":"LineString","coordinates":[[32.8677272,39.8760923],[32.8677195,39.8761063]]}},{"type":"Feature","properties":{"highway":"service","osm_id":473602654},"geometry":{"type":"LineString","coordinates":[[32.8483138,39.8574027],[32.8485551,39.8574274],[32.8489736,39.8574191],[32.8493491,39.8574356],[32.8495046,39.8574809],[32.8495985,39.8576353],[32.8496629,39.85794],[32.8496951,39.8582447],[32.8497353,39.8583745],[32.849569,39.8585104],[32.8493169,39.8585391],[32.8488073,39.8584816],[32.8483057,39.8584548],[32.8479919,39.858461],[32.8476553,39.8585333]]}},{"type":"Feature","properties":{"highway":"residential","osm_id":473602655},"geometry":{"type":"LineString","coordinates":[[32.847613,39.8597999],[32.8476553,39.8585333]]}},{"type":"Feature","properties":{"highway":"footway","osm_id":473615303},"geometry":{"type":"LineString","coordinates":[[32.8695852,39.8716873],[32.8696181,39.871662],[32.8696741,39.8715736],[32.8694306,39.8713898],[32.8692755,39.8712727]]}},{"type":"Feature","properties":{"highway":"footway","osm_id":473615304},"geometry":{"type":"LineString","coordinates":[[32.869291,39.8711695],[32.8693004,39.8712046],[32.869295,39.8712402],[32.8692755,39.8712727],[32.8692404,39.8713008],[32.8692183,39.8713093],[32.869195,39.8713182],[32.8691446,39.8713227],[32.8690952,39.8713139],[32.8690772,39.8713049],[32.8690526,39.8712928],[32.8690219,39.8712618],[32.8690159,39.8712472],[32.8690066,39.8712247],[32.8690085,39.8711858],[32.8690275,39.8711497],[32.8690582,39.8711227],[32.8690983,39.8711043],[32.8691438,39.8710965],[32.8691903,39.8711],[32.869233,39.8711144],[32.8692471,39.8711241],[32.8692677,39.8711384],[32.869291,39.8711695]]}},{"type":"Feature","properties":{"highway":"footway","osm_id":473615305},"geometry":{"type":"LineString","coordinates":[[32.8692471,39.8711241],[32.8694017,39.8710011],[32.8694043,39.8708574]]}},{"type":"Feature","properties":{"highway":"footway","osm_id":473615306},"geometry":{"type":"LineString","coordinates":[[32.8694017,39.8710011],[32.8695969,39.8708492]]}},{"type":"Feature","properties":{"highway":"footway","osm_id":473615307},"geometry":{"type":"LineString","coordinates":[[32.8690772,39.8713049],[32.869035,39.8713294],[32.8689586,39.8713323],[32.8689288,39.8713309],[32.8688692,39.8713366],[32.8687891,39.8713409],[32.8687425,39.8713594],[32.8687108,39.8713995],[32.868668,39.8714081],[32.8686308,39.8713909],[32.8686345,39.8713437],[32.8686233,39.8713037],[32.8685935,39.8712608],[32.8685339,39.8712151],[32.8685153,39.871165],[32.8685022,39.8711121],[32.8685171,39.8710721],[32.8685227,39.8710449],[32.8684836,39.8710464],[32.8684035,39.8710435],[32.8683346,39.8710292],[32.8682694,39.8709949],[32.8682209,39.8709663],[32.8681613,39.8710092]]}},{"type":"Feature","properties":{"highway":"footway","osm_id":473615308},"geometry":{"type":"LineString","coordinates":[[32.8685227,39.8710449],[32.8685767,39.8710092]]}},{"type":"Feature","properties":{"highway":"footway","osm_id":473615309},"geometry":{"type":"LineString","coordinates":[[32.8690159,39.8712472],[32.8689772,39.8712708],[32.8689288,39.8713309],[32.8689008,39.8713623],[32.868845,39.8713809],[32.8687965,39.8714081],[32.8687705,39.8714567],[32.8687462,39.8714924],[32.868709,39.8715038],[32.868655,39.8714724],[32.8686098,39.871458]]}},{"type":"Feature","properties":{"highway":"footway","osm_id":473615310},"geometry":{"type":"LineString","coordinates":[[32.8686308,39.8713909],[32.8685892,39.8714233]]}},{"type":"Feature","properties":{"highway":"footway","osm_id":473615311},"geometry":{"type":"LineString","coordinates":[[32.8686097,39.8714416],[32.8686053,39.8714341],[32.8685982,39.8714278],[32.8685892,39.8714233],[32.8685765,39.8714208],[32.8685634,39.8714217],[32.8685515,39.8714259],[32.8685422,39.8714331],[32.8685366,39.8714422],[32.8685354,39.8714522],[32.8685387,39.871462],[32.8685462,39.8714703],[32.8685568,39.8714761],[32.8685695,39.8714789],[32.8685826,39.8714781],[32.8685945,39.871474],[32.868604,39.871467],[32.8686098,39.871458],[32.8686113,39.8714498],[32.8686097,39.8714416]]}},{"type":"Feature","properties":{"highway":"footway","osm_id":473615312},"geometry":{"type":"LineString","coordinates":[[32.8692183,39.8713093],[32.8693115,39.8713925],[32.8694306,39.8713898]]}},{"type":"Feature","properties":{"highway":"footway","osm_id":473615313},"geometry":{"type":"LineString","coordinates":[[32.8691446,39.8713227],[32.8692511,39.8714002],[32.8693115,39.8713925]]}},{"type":"Feature","properties":{"highway":"footway","osm_id":473615452},"geometry":{"type":"LineString","coordinates":[[32.8681968,39.872439],[32.8682485,39.8723974],[32.8683076,39.8723483],[32.8683445,39.8722935],[32.8683494,39.8722501],[32.8683396,39.8722047],[32.8682953,39.8721896],[32.8682436,39.8721575],[32.8682214,39.8721254],[32.8682165,39.8720782]]}},{"type":"Feature","properties":{"highway":"footway","osm_id":473615454},"geometry":{"type":"LineString","coordinates":[[32.8683396,39.8722047],[32.8683863,39.8721972],[32.8684282,39.8721783],[32.8684602,39.8721499],[32.8684799,39.8721103],[32.8684799,39.8720995],[32.8684799,39.8720914]]}},{"type":"Feature","properties":{"highway":"footway","osm_id":473615455},"geometry":{"type":"LineString","coordinates":[[32.8684799,39.8720995],[32.8685709,39.8720963],[32.8685922,39.8721013],[32.8686861,39.8721727],[32.8688731,39.8723144]]}},{"type":"Feature","properties":{"highway":"footway","osm_id":473615457},"geometry":{"type":"LineString","coordinates":[[32.8680548,39.8718465],[32.8680703,39.8718294],[32.8680703,39.8718109],[32.8680462,39.8718003],[32.8680273,39.8718003],[32.8680084,39.8717885],[32.8679929,39.8717238],[32.8679706,39.8716645],[32.8679439,39.8716315],[32.8679216,39.8716084],[32.8678709,39.8715695],[32.8678219,39.871549],[32.8677153,39.87152],[32.8676913,39.8715203],[32.8676586,39.8715207],[32.8676019,39.8715339],[32.8675564,39.8715497],[32.8674867,39.8716058]]}},{"type":"Feature","properties":{"highway":"footway","osm_id":473615459},"geometry":{"type":"LineString","coordinates":[[32.8676913,39.8715203],[32.8676853,39.8714725],[32.8677076,39.8714462],[32.8678382,39.8713578]]}},{"type":"Feature","properties":{"highway":"footway","osm_id":473615883},"geometry":{"type":"LineString","coordinates":[[32.866119,39.8715049],[32.86614,39.8714019],[32.865999,39.8713076]]}},{"type":"Feature","properties":{"highway":"footway","osm_id":473615884},"geometry":{"type":"LineString","coordinates":[[32.86614,39.8714019],[32.8661752,39.8713181]]}},{"type":"Feature","properties":{"highway":"footway","osm_id":473615885},"geometry":{"type":"LineString","coordinates":[[32.866103,39.8712848],[32.8661354,39.8713063],[32.8661752,39.8713181],[32.8662152,39.8713194],[32.8662536,39.8713109],[32.8662867,39.8712936],[32.866311,39.8712693],[32.8663241,39.8712403],[32.8663248,39.8712096],[32.8663129,39.8711803],[32.8662896,39.8711554],[32.8662572,39.8711373],[32.8662164,39.8711276],[32.8662043,39.871128],[32.8661737,39.871129],[32.866134,39.8711412],[32.866102,39.871163],[32.8660983,39.8711681],[32.8660813,39.8711917],[32.8660743,39.871224],[32.8660818,39.8712563],[32.866103,39.8712848]]}},{"type":"Feature","properties":{"highway":"footway","osm_id":473615886},"geometry":{"type":"LineString","coordinates":[[32.8660983,39.8711681],[32.865908,39.8712101]]}},{"type":"Feature","properties":{"highway":"footway","osm_id":473615887},"geometry":{"type":"LineString","coordinates":[[32.8658613,39.8712745],[32.8658619,39.8712548],[32.8658706,39.8712363],[32.8658865,39.8712209],[32.865908,39.8712101],[32.8659343,39.871205],[32.8659613,39.871207],[32.8659858,39.8712158],[32.8660051,39.8712304],[32.866017,39.8712492],[32.8660199,39.8712698],[32.8660137,39.8712901],[32.865999,39.8713076],[32.8659788,39.8713197],[32.8659547,39.8713263],[32.865929,39.8713267],[32.8659045,39.8713209],[32.8658838,39.8713093],[32.8658688,39.8712933],[32.8658613,39.8712745]]}},{"type":"Feature","properties":{"highway":"footway","osm_id":473615888},"geometry":{"type":"LineString","coordinates":[[32.8662043,39.871128],[32.866203,39.8710092]]}},{"type":"Feature","properties":{"highway":"footway","osm_id":473616202},"geometry":{"type":"LineString","coordinates":[[32.8638435,39.8701716],[32.8639249,39.8701016],[32.8639918,39.8700441]]}},{"type":"Feature","properties":{"highway":"footway","osm_id":473616203},"geometry":{"type":"LineString","coordinates":[[32.8639249,39.8701016],[32.8637327,39.8699705],[32.8637262,39.8699588],[32.8637172,39.8699426],[32.8637327,39.8699029],[32.8637664,39.869883],[32.863793,39.869885],[32.8638182,39.869887],[32.8639763,39.8699983],[32.8639808,39.8700073],[32.8639892,39.8700242]]}},{"type":"Feature","properties":{"highway":"footway","osm_id":473616204},"geometry":{"type":"LineString","coordinates":[[32.8639918,39.8700441],[32.8639892,39.8700242]]}},{"type":"Feature","properties":{"highway":"footway","osm_id":473616205},"geometry":{"type":"LineString","coordinates":[[32.8637262,39.8699588],[32.8637077,39.8699539],[32.8636446,39.8699103],[32.8637343,39.8698294],[32.8637914,39.8697779],[32.8638578,39.8698258],[32.8638978,39.8698548],[32.8639371,39.8698627],[32.8639712,39.8698556],[32.8639846,39.8698342],[32.8639867,39.8698104],[32.863966,39.869785],[32.8638648,39.869716],[32.8638114,39.869761],[32.8637914,39.8697779]]}},{"type":"Feature","properties":{"highway":"footway","osm_id":473616206},"geometry":{"type":"LineString","coordinates":[[32.863793,39.869885],[32.8638578,39.8698258]]}},{"type":"Feature","properties":{"highway":"footway","osm_id":473616207},"geometry":{"type":"LineString","coordinates":[[32.863793,39.869885],[32.8637873,39.8698619],[32.8637343,39.8698294],[32.8636932,39.8698032]]}},{"type":"Feature","properties":{"highway":"footway","osm_id":473616208},"geometry":{"type":"LineString","coordinates":[[32.8639712,39.8698556],[32.8639712,39.869881],[32.8639929,39.8699048],[32.8640466,39.869942],[32.8640652,39.8699714],[32.8640332,39.8700079],[32.8640105,39.8700063],[32.8639908,39.8700071]]}},{"type":"Feature","properties":{"highway":"footway","osm_id":473616209},"geometry":{"type":"LineString","coordinates":[[32.8639808,39.8700073],[32.8639908,39.8700071]]}},{"type":"Feature","properties":{"highway":"footway","osm_id":473616210},"geometry":{"type":"LineString","coordinates":[[32.8638114,39.869761],[32.8635705,39.8695981],[32.8634179,39.8694986],[32.8634144,39.8695994],[32.8634321,39.8696103],[32.8635705,39.8695981]]}},{"type":"Feature","properties":{"highway":"footway","osm_id":473616796},"geometry":{"type":"LineString","coordinates":[[32.8679487,39.8675805],[32.8680047,39.8675239],[32.8680537,39.8674744],[32.8682062,39.8673204],[32.8683191,39.8673724],[32.868335,39.8674521],[32.8682785,39.8674643],[32.8682356,39.8674868],[32.8681927,39.867544],[32.8681128,39.867504],[32.8680537,39.8674744]]}},{"type":"Feature","properties":{"highway":"footway","osm_id":473616797},"geometry":{"type":"LineString","coordinates":[[32.8680047,39.8675239],[32.8681128,39.867504]]}},{"type":"Feature","properties":{"highway":"footway","osm_id":473616798},"geometry":{"type":"LineString","coordinates":[[32.8683191,39.8673724],[32.8684589,39.8674455],[32.8685247,39.8674799],[32.868545,39.8674903],[32.8687031,39.8675718],[32.8689674,39.8677087],[32.8690984,39.8680727]]}},{"type":"Feature","properties":{"highway":"footway","osm_id":473616799},"geometry":{"type":"LineString","coordinates":[[32.8681927,39.867544],[32.8682424,39.8675804],[32.8683255,39.8675986]]}},{"type":"Feature","properties":{"highway":"footway","osm_id":473616800},"geometry":{"type":"LineString","coordinates":[[32.8684261,39.8675911],[32.8684144,39.8675809],[32.8683991,39.8675739],[32.8683817,39.8675709],[32.868364,39.8675722],[32.8683477,39.8675777],[32.8683345,39.8675868],[32.8683255,39.8675986],[32.8683217,39.8676133],[32.8683246,39.8676281],[32.868334,39.8676413],[32.8683486,39.8676513],[32.8683668,39.8676568],[32.8683864,39.8676573],[32.8684049,39.8676526],[32.8684203,39.8676433],[32.8684307,39.8676306],[32.8684347,39.8676173],[32.8684331,39.8676037],[32.8684261,39.8675911]]}},{"type":"Feature","properties":{"highway":"footway","osm_id":473616801},"geometry":{"type":"LineString","coordinates":[[32.868364,39.8675722],[32.8683488,39.8675093],[32.868335,39.8674521]]}},{"type":"Feature","properties":{"highway":"footway","osm_id":473616802},"geometry":{"type":"LineString","coordinates":[[32.8682424,39.8675804],[32.8682808,39.8675388],[32.8683488,39.8675093],[32.8684343,39.8675024],[32.8684863,39.8675302],[32.8685089,39.8675752],[32.8684261,39.8675911]]}},{"type":"Feature","properties":{"highway":"footway","osm_id":473616803},"geometry":{"type":"LineString","coordinates":[[32.868335,39.8674521],[32.8684589,39.8674455]]}},{"type":"Feature","properties":{"highway":"footway","osm_id":473616804},"geometry":{"type":"LineString","coordinates":[[32.868545,39.8674903],[32.8685834,39.8675492],[32.8685473,39.86757],[32.8685089,39.8675752]]}},{"type":"Feature","properties":{"highway":"footway","osm_id":473616805},"geometry":{"type":"LineString","coordinates":[[32.8684347,39.8676173],[32.8684547,39.8676532],[32.8684976,39.8676602],[32.8685156,39.8676082],[32.8685089,39.8675752]]}},{"type":"Feature","properties":{"highway":"footway","osm_id":473616806},"geometry":{"type":"LineString","coordinates":[[32.8684976,39.8676602],[32.8685521,39.8676672],[32.8685799,39.8676708],[32.8686986,39.8676862],[32.8687498,39.867699]]}},{"type":"Feature","properties":{"highway":"footway","osm_id":473616807},"geometry":{"type":"LineString","coordinates":[[32.8685799,39.8676708],[32.8686015,39.8676238]]}},{"type":"Feature","properties":{"highway":"footway","osm_id":473616808},"geometry":{"type":"LineString","coordinates":[[32.8685521,39.8676672],[32.868636,39.8677247]]}},{"type":"Feature","properties":{"highway":"footway","osm_id":473616809},"geometry":{"type":"LineString","coordinates":[[32.8686789,39.867874],[32.8686453,39.8678588],[32.8686302,39.8678452],[32.8686199,39.867836],[32.8686054,39.8678082],[32.8686033,39.8677782],[32.8686139,39.8677494],[32.868636,39.8677247],[32.8686692,39.8677061],[32.8687087,39.8676972],[32.8687498,39.867699],[32.8687858,39.8677106],[32.8688151,39.8677305],[32.8688344,39.8677565],[32.8688418,39.867786],[32.86884,39.8677959],[32.8688365,39.8678157],[32.868819,39.8678425],[32.8687911,39.8678635],[32.8687667,39.8678738],[32.8687172,39.8678802],[32.8686789,39.867874]]}},{"type":"Feature","properties":{"highway":"footway","osm_id":473616810},"geometry":{"type":"LineString","coordinates":[[32.868636,39.8677247],[32.8686668,39.8677475],[32.8686948,39.8677682]]}},{"type":"Feature","properties":{"highway":"footway","osm_id":473616811},"geometry":{"type":"LineString","coordinates":[[32.8687331,39.867763],[32.8687592,39.8677372],[32.8687858,39.8677106]]}},{"type":"Feature","properties":{"highway":"footway","osm_id":473616812},"geometry":{"type":"LineString","coordinates":[[32.8687667,39.8678738],[32.8687446,39.8678446],[32.868725,39.8678168]]}},{"type":"Feature","properties":{"highway":"footway","osm_id":473616813},"geometry":{"type":"LineString","coordinates":[[32.8687543,39.8677974],[32.8687976,39.8677966],[32.86884,39.8677959]]}},{"type":"Feature","properties":{"highway":"footway","osm_id":473616814},"geometry":{"type":"LineString","coordinates":[[32.8686302,39.8678452],[32.8686586,39.8678217],[32.8686854,39.8677995]]}},{"type":"Feature","properties":{"highway":"footway","osm_id":473616815},"geometry":{"type":"LineString","coordinates":[[32.8687013,39.8678135],[32.8686918,39.8678075],[32.8686854,39.8677995],[32.8686829,39.8677913],[32.8686837,39.8677828],[32.8686878,39.8677749],[32.8686948,39.8677682],[32.8687032,39.8677638],[32.8687129,39.8677614],[32.8687232,39.8677611],[32.8687331,39.867763],[32.8687424,39.8677672],[32.8687497,39.8677734],[32.8687544,39.8677809],[32.868756,39.8677892],[32.8687543,39.8677974],[32.86875,39.8678044],[32.8687433,39.8678103],[32.8687347,39.8678145],[32.868725,39.8678168],[32.8687128,39.8678167],[32.8687013,39.8678135]]}},{"type":"Feature","properties":{"highway":"footway","osm_id":473616816},"geometry":{"type":"LineString","coordinates":[[32.8686477,39.8678034],[32.8686586,39.8678217],[32.8686753,39.8678352],[32.8686967,39.867844],[32.8687206,39.8678472],[32.8687446,39.8678446],[32.8687641,39.8678375],[32.8687802,39.8678265],[32.8687917,39.8678125],[32.8687976,39.8677966],[32.8687974,39.867779],[32.8687904,39.8677623],[32.8687772,39.8677479],[32.8687592,39.8677372],[32.8687357,39.8677307],[32.8687107,39.8677303],[32.8686869,39.8677361],[32.8686668,39.8677475],[32.8686521,39.8677641],[32.8686455,39.8677835],[32.8686477,39.8678034]]}},{"type":"Feature","properties":{"highway":"footway","osm_id":473617727},"geometry":{"type":"LineString","coordinates":[[32.8642753,39.8664061],[32.8641371,39.8664167],[32.8640381,39.8663778],[32.8639851,39.8663248],[32.8639575,39.8662452],[32.8639482,39.8662151]]}},{"type":"Feature","properties":{"highway":"footway","osm_id":473617728},"geometry":{"type":"LineString","coordinates":[[32.8639353,39.8661994],[32.8639339,39.866203],[32.8639342,39.8662066],[32.8639361,39.86621],[32.8639393,39.8662127],[32.8639435,39.8662145],[32.8639482,39.8662151],[32.8639528,39.8662145],[32.8639568,39.8662128],[32.86396,39.8662102],[32.8639619,39.866207],[32.8639624,39.8662035],[32.8639613,39.8662],[32.8639589,39.866197],[32.8639554,39.8661947],[32.8639511,39.8661934],[32.8639465,39.8661933],[32.8639419,39.8661943],[32.863938,39.8661964],[32.8639353,39.8661994]]}},{"type":"Feature","properties":{"highway":"footway","osm_id":473617729},"geometry":{"type":"LineString","coordinates":[[32.8639342,39.8662066],[32.8639339,39.866203],[32.8639106,39.8661978],[32.8638809,39.866187],[32.8638564,39.8661652],[32.8638491,39.8661586],[32.8637661,39.866166],[32.8637016,39.8661518],[32.8636253,39.8661165],[32.8635631,39.8660528]]}},{"type":"Feature","properties":{"highway":"footway","osm_id":473617730},"geometry":{"type":"LineString","coordinates":[[32.8635631,39.8660528],[32.8635521,39.866011],[32.8635574,39.8659696],[32.8636092,39.8659007],[32.8636948,39.8658075],[32.8637466,39.8657572],[32.8638015,39.8657142],[32.8638628,39.8656947],[32.8639748,39.8657134],[32.8640847,39.8657856],[32.8641037,39.8658148],[32.8641692,39.8658845],[32.8641748,39.8659412]]}},{"type":"Feature","properties":{"highway":"footway","osm_id":473617731},"geometry":{"type":"LineString","coordinates":[[32.8639554,39.8661947],[32.8640254,39.8661881],[32.8640809,39.8661623],[32.8641006,39.8661472],[32.864132,39.8661231],[32.8641874,39.8660604],[32.8642064,39.8659909],[32.8641992,39.8659531]]}},{"type":"Feature","properties":{"highway":"footway","osm_id":473617732},"geometry":{"type":"LineString","coordinates":[[32.8642115,39.8659372],[32.8642794,39.8659226],[32.8643596,39.8659203],[32.8644472,39.8659371],[32.8645071,39.8659719],[32.8645421,39.8660178]]}},{"type":"Feature","properties":{"highway":"footway","osm_id":473617733},"geometry":{"type":"LineString","coordinates":[[32.8641006,39.8661472],[32.864059,39.8661242],[32.8640378,39.8660867]]}},{"type":"Feature","properties":{"highway":"footway","osm_id":473617734},"geometry":{"type":"LineString","coordinates":[[32.8638564,39.8661652],[32.8639277,39.8661242],[32.8639393,39.8660861],[32.8639641,39.8660704]]}},{"type":"Feature","properties":{"highway":"footway","osm_id":473617735},"geometry":{"type":"LineString","coordinates":[[32.8640824,39.8660402],[32.864132,39.8660324],[32.8641874,39.8660604]]}},{"type":"Feature","properties":{"highway":"footway","osm_id":473617736},"geometry":{"type":"LineString","coordinates":[[32.8640705,39.8660177],[32.8641232,39.8659954],[32.8641597,39.8659663],[32.8641748,39.8659412]]}},{"type":"Feature","properties":{"highway":"footway","osm_id":473617737},"geometry":{"type":"LineString","coordinates":[[32.8639641,39.8660704],[32.8639763,39.8660641]]}},{"type":"Feature","properties":{"highway":"footway","osm_id":473617738},"geometry":{"type":"LineString","coordinates":[[32.8640041,39.8660048],[32.8639887,39.8660124],[32.8639772,39.8660234],[32.863971,39.8660367],[32.8639707,39.8660507],[32.8639763,39.8660641],[32.8639871,39.8660754],[32.8640021,39.8660834],[32.8640196,39.8660873],[32.8640378,39.8660867],[32.8640532,39.8660824],[32.8640664,39.8660748],[32.8640761,39.8660647],[32.8640816,39.8660528],[32.8640824,39.8660402],[32.8640785,39.8660283],[32.8640705,39.8660177],[32.8640569,39.8660082],[32.8640401,39.8660026],[32.8640219,39.8660014],[32.8640041,39.8660048]]}},{"type":"Feature","properties":{"highway":"footway","osm_id":473617739},"geometry":{"type":"LineString","coordinates":[[32.8641748,39.8659412],[32.8641751,39.8659364],[32.8641776,39.8659319],[32.8641819,39.8659283],[32.8641875,39.865926],[32.8641938,39.8659253],[32.8642,39.8659263],[32.8642055,39.8659288],[32.8642094,39.8659326],[32.8642115,39.8659372]]}},{"type":"Feature","properties":{"highway":"footway","osm_id":473617740},"geometry":{"type":"LineString","coordinates":[[32.8642115,39.8659372],[32.8642117,39.8659412],[32.8642103,39.8659451],[32.8642077,39.8659485],[32.8642039,39.8659512],[32.8641992,39.8659531],[32.8641938,39.8659538],[32.8641884,39.8659533],[32.8641833,39.8659516],[32.8641792,39.8659489],[32.8641762,39.8659453],[32.8641748,39.8659412]]}},{"type":"Feature","properties":{"highway":"residential","osm_id":473839791},"geometry":{"type":"LineString","coordinates":[[32.8431409,39.8561165],[32.8430459,39.8562722],[32.8429172,39.8564967],[32.842885,39.8565976],[32.8429333,39.8566861],[32.8430861,39.8567746],[32.8431927,39.8568109]]}},{"type":"Feature","properties":{"highway":"service","osm_id":473839793},"geometry":{"type":"LineString","coordinates":[[32.8515847,39.8602079],[32.8519321,39.8601101]]}},{"type":"Feature","properties":{"highway":"service","osm_id":473839794},"geometry":{"type":"LineString","coordinates":[[32.8514703,39.8599336],[32.8515136,39.8598301],[32.8514975,39.8597498],[32.8514734,39.8596468]]}},{"type":"Feature","properties":{"highway":"service","osm_id":473839795},"geometry":{"type":"LineString","coordinates":[[32.8482611,39.8593586],[32.848126,39.8593318],[32.847957,39.8592495],[32.8477639,39.8591589],[32.8477043,39.8591301]]}},{"type":"Feature","properties":{"highway":"service","osm_id":473839796},"geometry":{"type":"LineString","coordinates":[[32.8448842,39.8587404],[32.8449127,39.8588665],[32.8456718,39.8592948],[32.846286,39.8596818],[32.8472892,39.8596695],[32.847485,39.8596551]]}},{"type":"Feature","properties":{"highway":"service","osm_id":473839797},"geometry":{"type":"LineString","coordinates":[[32.8445663,39.858724],[32.8448842,39.8587404],[32.8452936,39.8587615],[32.8474608,39.8588603],[32.8474796,39.8585968],[32.847485,39.8585659],[32.8463638,39.8585165],[32.8462056,39.8572358],[32.8454197,39.8571843]]}},{"type":"Feature","properties":{"highway":"residential","osm_id":473839808},"geometry":{"type":"LineString","coordinates":[[32.8480712,39.8612181],[32.8482387,39.8613001],[32.8483191,39.861331],[32.8484881,39.8613598],[32.8486625,39.8613557],[32.8487998,39.8613083]]}},{"type":"Feature","properties":{"highway":"residential","osm_id":473839809},"geometry":{"type":"LineString","coordinates":[[32.847782,39.8601775],[32.8477451,39.8605301],[32.8478739,39.8609007],[32.8480712,39.8612181],[32.8482118,39.8614442],[32.8483301,39.8617588]]}},{"type":"Feature","properties":{"highway":"footway","osm_id":473852267},"geometry":{"type":"LineString","coordinates":[[32.8351065,39.8466272],[32.8351495,39.8465654],[32.8351629,39.8463553],[32.8351404,39.8462148]]}},{"type":"Feature","properties":{"highway":"footway","osm_id":473852268},"geometry":{"type":"LineString","coordinates":[[32.8307672,39.8463868],[32.8308391,39.8462977],[32.8308686,39.8462503],[32.8309169,39.8461968],[32.8310135,39.8461329],[32.8311261,39.8461412],[32.8312388,39.8461844],[32.8313273,39.8461865],[32.8314909,39.846172],[32.831558,39.84617],[32.8316867,39.8461803],[32.8318101,39.8461865]]}},{"type":"Feature","properties":{"highway":"footway","osm_id":473852269},"geometry":{"type":"LineString","coordinates":[[32.8306299,39.8468557],[32.8316331,39.8465942],[32.8315146,39.846319]]}},{"type":"Feature","properties":{"highway":"footway","osm_id":473852270},"geometry":{"type":"LineString","coordinates":[[32.8306863,39.8472861],[32.830638,39.8471749]]}},{"type":"Feature","properties":{"highway":"footway","osm_id":473852271},"geometry":{"type":"LineString","coordinates":[[32.8297602,39.847044],[32.8298226,39.8471832],[32.8299942,39.8471379],[32.8301257,39.8474323],[32.8306863,39.8472861],[32.8308123,39.8472635],[32.8308829,39.8472799]]}},{"type":"Feature","properties":{"highway":"footway","osm_id":473852272},"geometry":{"type":"LineString","coordinates":[[32.8291127,39.8469887],[32.8296182,39.8468662],[32.8300747,39.8467322],[32.8301042,39.846794],[32.8302973,39.8467342]]}},{"type":"Feature","properties":{"highway":"footway","osm_id":473852273},"geometry":{"type":"LineString","coordinates":[[32.8300935,39.8469546],[32.8302169,39.8468578],[32.8302973,39.8467342],[32.8302812,39.8465468],[32.8301955,39.8462937]]}},{"type":"Feature","properties":{"highway":"footway","osm_id":473852274},"geometry":{"type":"LineString","coordinates":[[32.8301955,39.8462937],[32.8301616,39.8462011],[32.8301365,39.8461373]]}},{"type":"Feature","properties":{"highway":"footway","osm_id":473852275},"geometry":{"type":"LineString","coordinates":[[32.8296812,39.8458653],[32.8298601,39.8462791],[32.8301616,39.8462011],[32.8305506,39.8461004]]}},{"type":"Feature","properties":{"highway":"footway","osm_id":473852276},"geometry":{"type":"LineString","coordinates":[[32.8315534,39.845839],[32.8318431,39.8457724],[32.832103,39.8457064]]}},{"type":"Feature","properties":{"highway":"footway","osm_id":473852277},"geometry":{"type":"LineString","coordinates":[[32.8309317,39.8458378],[32.8310462,39.8460785]]}},{"type":"Feature","properties":{"highway":"footway","osm_id":473852278},"geometry":{"type":"LineString","coordinates":[[32.8306165,39.8459146],[32.8307288,39.8461588]]}},{"type":"Feature","properties":{"highway":"footway","osm_id":473852279},"geometry":{"type":"LineString","coordinates":[[32.8312876,39.845745],[32.8309317,39.8458378],[32.8306165,39.8459146],[32.8304824,39.8455975],[32.8304127,39.8455604],[32.8303626,39.8454662]]}},{"type":"Feature","properties":{"highway":"footway","osm_id":473852280},"geometry":{"type":"LineString","coordinates":[[32.8313982,39.8459894],[32.8312876,39.845745],[32.8311148,39.8453626]]}},{"type":"Feature","properties":{"highway":"footway","osm_id":473852281},"geometry":{"type":"LineString","coordinates":[[32.8316004,39.8459382],[32.8315534,39.845839],[32.8313675,39.8454492],[32.8313948,39.845346]]}},{"type":"Feature","properties":{"highway":"footway","osm_id":473852282},"geometry":{"type":"LineString","coordinates":[[32.8295479,39.8459004],[32.8296812,39.8458653],[32.8303772,39.8456819]]}},{"type":"Feature","properties":{"highway":"footway","osm_id":473852283},"geometry":{"type":"LineString","coordinates":[[32.8305894,39.846194],[32.8305506,39.8461004],[32.8303772,39.8456819],[32.8302937,39.8454804]]}},{"type":"Feature","properties":{"highway":"footway","osm_id":473852284},"geometry":{"type":"LineString","coordinates":[[32.8349081,39.8469999],[32.834849,39.8470514],[32.8348008,39.847144],[32.83477,39.8471837]]}},{"type":"Feature","properties":{"highway":"footway","osm_id":473852285},"geometry":{"type":"LineString","coordinates":[[32.834833,39.8469813],[32.8349081,39.8469999],[32.8350261,39.8469649],[32.8351951,39.8468969],[32.8353077,39.846831],[32.8354177,39.8468516],[32.8354847,39.8469237],[32.835533,39.847039],[32.8354472,39.8472573],[32.835419,39.847317]]}},{"type":"Feature","properties":{"highway":"footway","osm_id":473852286},"geometry":{"type":"LineString","coordinates":[[32.8304773,39.8475375],[32.8303698,39.8472847]]}},{"type":"Feature","properties":{"highway":"footway","osm_id":473852287},"geometry":{"type":"LineString","coordinates":[[32.8296942,39.8470618],[32.8296182,39.8468662],[32.8295953,39.8468071]]}},{"type":"Feature","properties":{"highway":"footway","osm_id":473852288},"geometry":{"type":"LineString","coordinates":[[32.8319201,39.8459743],[32.83203,39.8459435],[32.8322044,39.8459187],[32.8322902,39.8459373],[32.8323412,39.8459888]]}},{"type":"Feature","properties":{"highway":"footway","osm_id":473852289},"geometry":{"type":"LineString","coordinates":[[32.8323412,39.8459888],[32.8323626,39.8459352],[32.8324351,39.845894],[32.8325343,39.8458281],[32.832604,39.8457231],[32.8326174,39.8456346],[32.8327221,39.8455378],[32.832832,39.8455192],[32.8329024,39.8455349]]}},{"type":"Feature","properties":{"highway":"footway","osm_id":473852290},"geometry":{"type":"LineString","coordinates":[[32.8325198,39.8461194],[32.8329024,39.8455349],[32.8329815,39.8454141]]}},{"type":"Feature","properties":{"highway":"footway","osm_id":473852291},"geometry":{"type":"LineString","coordinates":[[32.8329742,39.8463574],[32.8334986,39.8455249]]}},{"type":"Feature","properties":{"highway":"footway","osm_id":473852292},"geometry":{"type":"LineString","coordinates":[[32.8332987,39.8464439],[32.8338145,39.8456187]]}},{"type":"Feature","properties":{"highway":"footway","osm_id":473852293},"geometry":{"type":"LineString","coordinates":[[32.8343178,39.8457622],[32.8337815,39.8466354]]}},{"type":"Feature","properties":{"highway":"footway","osm_id":473852294},"geometry":{"type":"LineString","coordinates":[[32.8341195,39.8466786],[32.8346337,39.8458402]]}},{"type":"Feature","properties":{"highway":"footway","osm_id":473852295},"geometry":{"type":"LineString","coordinates":[[32.8325477,39.8462544],[32.8325504,39.8461535],[32.8325198,39.8461194],[32.8324672,39.8460608],[32.8323412,39.8459888],[32.8321454,39.8459785],[32.8319684,39.846067],[32.8318745,39.8461206]]}},{"type":"Feature","properties":{"highway":"footway","osm_id":473852296},"geometry":{"type":"LineString","coordinates":[[32.832404,39.846315],[32.8325477,39.8462544],[32.8327381,39.8462997],[32.8329742,39.8463574],[32.8331619,39.8464047],[32.8332987,39.8464439],[32.8333738,39.8465077]]}},{"type":"Feature","properties":{"highway":"footway","osm_id":473852297},"geometry":{"type":"LineString","coordinates":[[32.8349939,39.8464706],[32.8349724,39.8466436],[32.8349671,39.8467404],[32.8349295,39.846899],[32.834833,39.8469813],[32.8347444,39.8469834],[32.8346103,39.8469257],[32.8345245,39.8468496],[32.8343877,39.8467919],[32.8343072,39.8467384],[32.8341195,39.8466786],[32.8339505,39.8466725],[32.8337815,39.8466354],[32.8336581,39.8465818],[32.8334999,39.8465324],[32.8333738,39.8465077],[32.8332719,39.8465221],[32.8331995,39.8466071]]}},{"type":"Feature","properties":{"highway":"footway","osm_id":473852298},"geometry":{"type":"LineString","coordinates":[[32.8359729,39.8470164],[32.8358844,39.8469546],[32.8358173,39.8469163],[32.8356778,39.8468516],[32.8353909,39.8467281],[32.8351065,39.8466272],[32.8350448,39.8465159],[32.8349939,39.8464706],[32.8350797,39.8462915],[32.8351404,39.8462148],[32.8352165,39.8461185],[32.8353305,39.8460241]]}},{"type":"Feature","properties":{"highway":"footway","osm_id":473852299},"geometry":{"type":"LineString","coordinates":[[32.8360011,39.8466288],[32.8359273,39.8466828],[32.8358549,39.8468496],[32.8358173,39.8469163],[32.8357771,39.8469875],[32.8356081,39.8472511],[32.8355462,39.8473649],[32.8354794,39.8474467],[32.8354579,39.8475435],[32.8354552,39.8476197],[32.8354123,39.8476877],[32.8353962,39.8477145],[32.8354365,39.8477536],[32.8355303,39.8478051],[32.8356805,39.8478648],[32.8357208,39.8479574],[32.8357074,39.8480439]]}},{"type":"Feature","properties":{"highway":"footway","osm_id":473852301},"geometry":{"type":"LineString","coordinates":[[32.8292612,39.847178],[32.8296942,39.8470618],[32.8297602,39.847044],[32.8300935,39.8469546],[32.8302437,39.8469052],[32.8303456,39.8467919],[32.8303912,39.8466725],[32.8304288,39.8465427],[32.8304878,39.8464686],[32.8305763,39.8464192],[32.8306863,39.8463883],[32.8307672,39.8463868],[32.8307989,39.8463862],[32.8310028,39.8464047],[32.8311074,39.846413]]}},{"type":"Feature","properties":{"highway":"footway","osm_id":473852302},"geometry":{"type":"LineString","coordinates":[[32.8318745,39.8461206],[32.8318101,39.8461865],[32.8316706,39.8462771],[32.8315687,39.8463162],[32.8315146,39.846319],[32.8314078,39.8463244],[32.8313488,39.8463409],[32.8311074,39.846413],[32.8308713,39.8464603],[32.8306326,39.8465365],[32.8305468,39.8465921],[32.8305334,39.8466786],[32.8305387,39.8467754],[32.8306299,39.8468557],[32.8307989,39.8469319],[32.8308928,39.8469916],[32.8309708,39.8471145]]}},{"type":"Feature","properties":{"highway":"footway","osm_id":473852303},"geometry":{"type":"LineString","coordinates":[[32.835419,39.847317],[32.8352541,39.8474385],[32.835187,39.8474426],[32.8350531,39.8474627]]}},{"type":"Feature","properties":{"highway":"footway","osm_id":473852304},"geometry":{"type":"LineString","coordinates":[[32.8357074,39.8480439],[32.8356296,39.8481284],[32.8355491,39.8481675],[32.8345969,39.8478277],[32.8347739,39.8475559],[32.834849,39.8475229],[32.834959,39.8475106],[32.8350531,39.8474627]]}},{"type":"Feature","properties":{"highway":"footway","osm_id":473852305},"geometry":{"type":"LineString","coordinates":[[32.8358036,39.8474618],[32.8357422,39.8475044],[32.8357851,39.8475559],[32.8358039,39.8475971],[32.8358388,39.847768],[32.8358281,39.8478524],[32.8357825,39.8479574],[32.8357074,39.8480439],[32.8364249,39.8483076]]}},{"type":"Feature","properties":{"highway":"footway","osm_id":473852306},"geometry":{"type":"LineString","coordinates":[[32.8363827,39.8474558],[32.8360319,39.8475477],[32.8358036,39.8474618],[32.8355462,39.8473649],[32.835419,39.847317],[32.8353533,39.8472923]]}},{"type":"Feature","properties":{"highway":"footway","osm_id":473852307},"geometry":{"type":"LineString","coordinates":[[32.8318431,39.8457724],[32.8318832,39.8458667],[32.8319201,39.8459743],[32.8319093,39.8460547],[32.8318745,39.8461206]]}},{"type":"Feature","properties":{"highway":"footway","osm_id":473852308},"geometry":{"type":"LineString","coordinates":[[32.8318745,39.8461206],[32.832404,39.846315],[32.8331995,39.8466071],[32.83477,39.8471837],[32.834892,39.8472285],[32.8348303,39.8473232],[32.8348946,39.8474241],[32.8349215,39.8474632],[32.834959,39.8475106]]}},{"type":"Feature","properties":{"highway":"footway","osm_id":473852309},"geometry":{"type":"LineString","coordinates":[[32.8295149,39.8458566],[32.8295479,39.8459004],[32.8295544,39.8461556],[32.829608,39.8463368],[32.829659,39.8464295],[32.8301955,39.8462937],[32.8305894,39.846194],[32.8307288,39.8461588],[32.8310462,39.8460785],[32.8313982,39.8459894],[32.8316004,39.8459382],[32.8318832,39.8458667],[32.8321427,39.8458014],[32.832103,39.8457064],[32.8321132,39.8456922],[32.8322875,39.8457025],[32.8324377,39.8456984],[32.8325477,39.8456655],[32.8326174,39.8456346]]}},{"type":"Feature","properties":{"highway":"footway","osm_id":473853273},"geometry":{"type":"LineString","coordinates":[[32.8554891,39.8879726],[32.8554216,39.8879305],[32.8554404,39.8877946],[32.8554538,39.8877432],[32.8553546,39.8876917],[32.8553304,39.8876053],[32.855368,39.8875188],[32.8554216,39.8874438]]}},{"type":"Feature","properties":{"highway":"footway","osm_id":473853274},"geometry":{"type":"LineString","coordinates":[[32.8563671,39.8878245],[32.8563865,39.887982],[32.8564284,39.8880855],[32.8566485,39.8881479]]}},{"type":"Feature","properties":{"highway":"pedestrian","bridge":"yes","layer":"1","osm_id":477460617},"geometry":{"type":"LineString","coordinates":[[32.8567872,39.8486266],[32.8567976,39.8487111],[32.8568512,39.8487873],[32.8569665,39.8488388],[32.8571114,39.8488676],[32.857224,39.8489335],[32.8573045,39.8490221],[32.8573555,39.84909],[32.8574306,39.8491539],[32.8573984,39.8492053],[32.8574145,39.8492898],[32.8574842,39.8493598],[32.8575861,39.8493968],[32.8576544,39.8494223],[32.85768,39.8494318],[32.8577068,39.8494895],[32.857676,39.8495585],[32.857621,39.8495945],[32.857554,39.8496089],[32.8574949,39.8496028],[32.8574628,39.8495956],[32.8574037,39.8495678],[32.8573689,39.8495266],[32.8573729,39.8494375]]}},{"type":"Feature","properties":{"highway":"pedestrian","bridge":"yes","layer":"1","osm_id":477460620},"geometry":{"type":"LineString","coordinates":[[32.8542038,39.8462596],[32.8543004,39.8463049],[32.8543729,39.846309],[32.8544748,39.8463069],[32.8545445,39.8462719],[32.8545957,39.8462401]]}},{"type":"Feature","properties":{"bridge":"yes","highway":"pedestrian","layer":"1","osm_id":477460623},"geometry":{"type":"LineString","coordinates":[[32.8542915,39.8465169],[32.854408,39.846526],[32.8545391,39.8465499],[32.8544506,39.8464923],[32.8543514,39.8464222],[32.8542441,39.8463152],[32.8542038,39.8462596],[32.8541442,39.8461773],[32.8541341,39.8460989],[32.8541154,39.8460495],[32.854051,39.8459785],[32.8539142,39.8458673]]}},{"type":"Feature","properties":{"highway":"pedestrian","bridge":"yes","layer":"1","osm_id":477460626},"geometry":{"type":"LineString","coordinates":[[32.8553526,39.8470449],[32.8552258,39.84704],[32.8551346,39.8470318],[32.8550783,39.8470174],[32.8549442,39.8469535],[32.8548637,39.8469021],[32.8547993,39.8468176],[32.8547671,39.8467435],[32.8547867,39.8466318],[32.8548288,39.8465643],[32.8548818,39.8465107]]}},{"type":"Feature","properties":{"highway":"pedestrian","bridge":"yes","layer":"1","osm_id":477461310},"geometry":{"type":"LineString","coordinates":[[32.8576544,39.8494223],[32.8576451,39.8495013],[32.8576036,39.8495333],[32.8575446,39.8495333],[32.857507,39.8495199],[32.8574815,39.8494921],[32.8574829,39.8494746],[32.8575016,39.8494457],[32.8575338,39.8494354],[32.8575593,39.8494344],[32.8575942,39.8494581]]}},{"type":"Feature","properties":{"highway":"secondary","oneway":"yes","osm_id":479562249},"geometry":{"type":"LineString","coordinates":[[32.8406206,39.8473889],[32.8408451,39.8475264],[32.8410593,39.8477308],[32.84108,39.8477927]]}},{"type":"Feature","properties":{"ref":"D750","name":"Mevlana Bulvarı","oneway":"yes","highway":"trunk","osm_id":481978687},"geometry":{"type":"LineString","coordinates":[[32.8126533,39.889959],[32.8126023,39.8890003],[32.8124363,39.8873934]]}},{"type":"Feature","properties":{"ref":"D750","name":"Mevlana Bulvarı","oneway":"yes","lanes":"3","highway":"trunk","osm_id":481979688},"geometry":{"type":"LineString","coordinates":[[32.8104282,39.8681424],[32.8102923,39.866944],[32.8101359,39.8655896],[32.8101157,39.8637249]]}},{"type":"Feature","properties":{"ref":"D750","name":"Mevlana Bulvarı","oneway":"yes","highway":"trunk","lanes":"3","osm_id":481979689},"geometry":{"type":"LineString","coordinates":[[32.8101157,39.8637249],[32.8101133,39.8635078],[32.8101587,39.8620628],[32.8100944,39.8614289],[32.8100446,39.8611255],[32.8099773,39.860822],[32.8098781,39.8604703],[32.8095494,39.8594654],[32.8091724,39.8583155],[32.8090511,39.8578753],[32.808943,39.8574352],[32.8088904,39.8571484],[32.8088334,39.8567032],[32.8088078,39.8563175],[32.8088209,39.8556867],[32.8088872,39.8549275],[32.8089483,39.8545625],[32.8090444,39.8541974],[32.8092005,39.8537001],[32.8093654,39.8532533],[32.8095246,39.8528605],[32.8099409,39.8519237],[32.8102343,39.8512187],[32.8104091,39.8508118],[32.8105103,39.8505155],[32.8105808,39.8502833],[32.8106583,39.8498317],[32.810727,39.8492558]]}},{"type":"Feature","properties":{"name":"Mevlana Bulvarı","ref":"D750","highway":"trunk","lanes":"3","oneway":"yes","osm_id":481981497},"geometry":{"type":"LineString","coordinates":[[32.8086882,39.8449969],[32.8080759,39.844492],[32.8069234,39.8436157],[32.8057522,39.8427304]]}},{"type":"Feature","properties":{"oneway":"yes","highway":"trunk","osm_id":481981503},"geometry":{"type":"LineString","coordinates":[[32.8079188,39.8445225],[32.8072779,39.844044],[32.8067616,39.8436466],[32.8064643,39.8434253]]}},{"type":"Feature","properties":{"ref":"D750","name":"Mevlana Bulvarı","oneway":"yes","lanes":"3","highway":"trunk","osm_id":482625211},"geometry":{"type":"LineString","coordinates":[[32.8120195,39.8835817],[32.8117329,39.881005],[32.8116508,39.8801659],[32.8115497,39.8791325],[32.8110367,39.8741343],[32.8105531,39.869356],[32.8104282,39.8681424]]}},{"type":"Feature","properties":{"name":"Mevlana Bulvarı","ref":"D750","oneway":"yes","highway":"trunk","lanes":"3","osm_id":482695720},"geometry":{"type":"LineString","coordinates":[[32.8086867,39.8446561],[32.8090881,39.8449833],[32.8092466,39.845136],[32.8094214,39.8453168],[32.8096453,39.8455712],[32.8098129,39.845779],[32.8100083,39.8460383],[32.8101401,39.8462575],[32.81025,39.8464336],[32.8103739,39.8466491],[32.8104804,39.8468578],[32.8105543,39.8470163],[32.810667,39.8472655],[32.8107418,39.8474867],[32.8108248,39.847773],[32.8108822,39.8480269],[32.810933,39.8482938],[32.8109977,39.8488056],[32.8110103,39.8489841],[32.8110127,39.8491319]]}},{"type":"Feature","properties":{"ref":"D750","name":"Mevlana Bulvarı","oneway":"yes","highway":"trunk","lanes":"3","osm_id":482726480},"geometry":{"type":"LineString","coordinates":[[32.8122935,39.8837382],[32.8123339,39.8845913],[32.8125147,39.8863889]]}},{"type":"Feature","properties":{"name":"Konya Yolu","ref":"D750","highway":"trunk","oneway":"yes","osm_id":484820737},"geometry":{"type":"LineString","coordinates":[[32.8026697,39.8401636],[32.8042818,39.8414065],[32.8059378,39.8426348]]}},{"type":"Feature","properties":{"highway":"service","name":"Okul olu","service":"driveway","osm_id":491374299},"geometry":{"type":"LineString","coordinates":[[32.8469458,39.8557091],[32.846495,39.856474]]}},{"type":"Feature","properties":{"highway":"service","oneway":"yes","osm_id":494852006},"geometry":{"type":"LineString","coordinates":[[32.8501801,39.8490913],[32.8503434,39.8491187],[32.8505459,39.849284],[32.8510663,39.8498107],[32.8511059,39.8498556],[32.8510364,39.8500172]]}},{"type":"Feature","properties":{"highway":"service","osm_id":495021943},"geometry":{"type":"LineString","coordinates":[[32.8279709,39.8846589],[32.8276856,39.883965]]}},{"type":"Feature","properties":{"name":"Konya Yolu","ref":"D750","oneway":"yes","highway":"trunk","osm_id":496304473},"geometry":{"type":"LineString","coordinates":[[32.7991075,39.8148759],[32.7988177,39.815254],[32.7985446,39.8156294],[32.7980471,39.8163133],[32.7978395,39.8166202],[32.7976287,39.8169601],[32.7975249,39.8171495],[32.7974457,39.817301],[32.7973065,39.8176077],[32.7971667,39.8179861],[32.7970762,39.8182392],[32.7970056,39.8184804],[32.7969474,39.8187074],[32.7969005,39.8189497],[32.7968534,39.8192641],[32.7967995,39.819707],[32.7967163,39.8204165],[32.7965393,39.8220601],[32.7964187,39.8231327],[32.7961114,39.8255401],[32.7960001,39.8265167],[32.7960079,39.8271891],[32.7960237,39.8274651],[32.796047,39.8276191],[32.796075,39.8277587],[32.7961352,39.8279644],[32.7962446,39.8282826],[32.7963423,39.8285113],[32.7964738,39.8287754],[32.7966195,39.8290559],[32.7971826,39.8301006],[32.7973032,39.8303685],[32.7974309,39.8306771],[32.7974873,39.8308497],[32.7975225,39.8310039],[32.7975507,39.8311799],[32.7975847,39.8314757],[32.7975938,39.8317199],[32.7975829,39.8319948],[32.7975574,39.832203],[32.7975305,39.8323777],[32.7974887,39.8325792],[32.797408,39.832865],[32.797306,39.8331694],[32.797204,39.8335037],[32.7971019,39.8338407],[32.7970528,39.8340907],[32.7970312,39.8343204],[32.7970237,39.8345583],[32.7970559,39.8348223],[32.7971094,39.83507],[32.7971845,39.8352949],[32.797295,39.835558],[32.7974209,39.8358178],[32.7975609,39.8360451],[32.7977637,39.8363138],[32.7979446,39.8365095],[32.7981715,39.8367269],[32.7984015,39.8369175],[32.7988297,39.8372439],[32.8006012,39.8385822],[32.8014372,39.8392248],[32.8026697,39.8401636]]}},{"type":"Feature","properties":{"highway":"tertiary","name":"Ukrayna Caddesi","oneway":"yes","osm_id":496953721},"geometry":{"type":"LineString","coordinates":[[32.8593008,39.8667179],[32.8591906,39.8668228],[32.8590795,39.8669292],[32.8590466,39.8669724],[32.8589676,39.8670758]]}},{"type":"Feature","properties":{"highway":"footway","osm_id":496953722},"geometry":{"type":"LineString","coordinates":[[32.8534372,39.8598192],[32.8534994,39.8597118],[32.8534941,39.8596792],[32.8534817,39.8596425],[32.8534817,39.8596085],[32.8534711,39.8595719],[32.8534729,39.8595365],[32.8534853,39.8594944],[32.8535012,39.8594632]]}},{"type":"Feature","properties":{"highway":"footway","osm_id":496953723},"geometry":{"type":"LineString","coordinates":[[32.8535012,39.8594632],[32.8534534,39.8594442],[32.8534039,39.8594224],[32.8533632,39.859383],[32.8533579,39.8593246],[32.8533632,39.8592839],[32.8533756,39.8592567],[32.8534216,39.859235],[32.8534534,39.8592404],[32.8534906,39.8592567],[32.8535384,39.8592662],[32.8535897,39.8592676],[32.8536268,39.8592757],[32.8536463,39.8592975],[32.8536357,39.859326],[32.8536145,39.8593477],[32.8536127,39.8593871],[32.8536162,39.8594224],[32.8536198,39.8594428],[32.8535844,39.859455],[32.8535507,39.8594605],[32.8535012,39.8594632]]}},{"type":"Feature","properties":{"highway":"footway","osm_id":496953724},"geometry":{"type":"LineString","coordinates":[[32.8536198,39.8594428],[32.8536817,39.85947],[32.8537507,39.8594849],[32.8538003,39.8594741],[32.8538657,39.8594496],[32.8539224,39.8594292],[32.8539914,39.8593839]]}},{"type":"Feature","properties":{"access":"no","bicycle":"yes","foot":"yes","highway":"residential","name":"592.Sokak","osm_id":496953725},"geometry":{"type":"LineString","coordinates":[[32.8588488,39.8655797],[32.858428,39.8658528]]}},{"type":"Feature","properties":{"highway":"footway","osm_id":496953726},"geometry":{"type":"LineString","coordinates":[[32.858428,39.8658528],[32.8583678,39.8658957]]}},{"type":"Feature","properties":{"highway":"footway","osm_id":496953727},"geometry":{"type":"LineString","coordinates":[[32.8615184,39.8659509],[32.8614659,39.8658799],[32.8614397,39.8658338],[32.8614335,39.8657983],[32.8614381,39.865725],[32.8614196,39.8656824],[32.8614109,39.8656712],[32.8613965,39.8656528],[32.8614427,39.8655949],[32.8615182,39.8655393],[32.8615737,39.8655228],[32.8615876,39.8654944],[32.8616093,39.8654681],[32.8615942,39.8654457],[32.8615589,39.8654199],[32.8615624,39.8653907],[32.8615757,39.8653601],[32.8616066,39.8653289],[32.8616677,39.8652922],[32.8617429,39.8652596],[32.8618119,39.8652508],[32.8618685,39.865265],[32.8618967,39.8652875],[32.8619137,39.865301],[32.8619066,39.8653445],[32.8618756,39.8653805],[32.8618402,39.8653893],[32.8617889,39.8654076],[32.8617854,39.8654423],[32.861765,39.8654626],[32.8617349,39.8654742],[32.8616978,39.8654701],[32.8616394,39.8654593],[32.8616015,39.8654565]]}},{"type":"Feature","properties":{"highway":"footway","osm_id":496953728},"geometry":{"type":"LineString","coordinates":[[32.8614109,39.8656712],[32.8613713,39.8656969],[32.8613306,39.8657105],[32.861281,39.8657065],[32.861243,39.8656677],[32.8612332,39.8656324],[32.8611987,39.865627],[32.8611757,39.8656311],[32.8611253,39.865682],[32.8610988,39.86572],[32.8611288,39.8657397],[32.8612412,39.8657961],[32.8612819,39.8658076],[32.8614335,39.8657983]]}},{"type":"Feature","properties":{"highway":"tertiary","name":"625.Cadde","oneway":"yes","osm_id":496953730},"geometry":{"type":"LineString","coordinates":[[32.8586466,39.8511608],[32.8585447,39.8509866],[32.8584695,39.8508436]]}},{"type":"Feature","properties":{"highway":"residential","name":"316.Sk.","osm_id":496953731},"geometry":{"type":"LineString","coordinates":[[32.8586466,39.8511608],[32.8584981,39.8512849],[32.8584265,39.851344],[32.8582179,39.8515162],[32.8580474,39.851665],[32.8579517,39.8517582],[32.8577705,39.852026],[32.8576676,39.8523335],[32.8575701,39.8524771],[32.857434,39.8525361],[32.8565781,39.8530389],[32.8563992,39.8532012],[32.8562262,39.8537848]]}},{"type":"Feature","properties":{"highway":"service","oneway":"yes","osm_id":496953733},"geometry":{"type":"LineString","coordinates":[[32.854236,39.8474202],[32.8542843,39.8473376],[32.8543782,39.8472882]]}},{"type":"Feature","properties":{"highway":"service","oneway":"yes","osm_id":496953734},"geometry":{"type":"LineString","coordinates":[[32.8543782,39.8472882],[32.8543514,39.8473685],[32.8543375,39.8474356]]}},{"type":"Feature","properties":{"highway":"service","oneway":"yes","osm_id":496953735},"geometry":{"type":"LineString","coordinates":[[32.8542047,39.8474798],[32.8542032,39.8474629],[32.8542083,39.8474463],[32.8542196,39.8474316],[32.854236,39.8474202],[32.8542568,39.847413],[32.8542795,39.8474109],[32.8543019,39.8474143],[32.8543219,39.8474228],[32.8543375,39.8474356],[32.8543469,39.8474506],[32.8543503,39.847467],[32.8543472,39.8474835],[32.8543381,39.8474986],[32.8543236,39.847511],[32.8543015,39.8475207],[32.8542763,39.847524],[32.8542512,39.8475205],[32.8542292,39.8475107],[32.8542128,39.8474957],[32.8542047,39.8474798]]}},{"type":"Feature","properties":{"highway":"service","oneway":"yes","osm_id":496953736},"geometry":{"type":"LineString","coordinates":[[32.8539783,39.8478189],[32.8540453,39.847792],[32.8541069,39.8477552],[32.8541511,39.8476888],[32.8542128,39.8474957]]}},{"type":"Feature","properties":{"highway":"service","oneway":"yes","osm_id":496953737},"geometry":{"type":"LineString","coordinates":[[32.8540625,39.8478938],[32.8541556,39.8478421],[32.854224,39.8477938],[32.8542812,39.8476535],[32.8543236,39.847511]]}},{"type":"Feature","properties":{"highway":"service","oneway":"yes","osm_id":496953738},"geometry":{"type":"LineString","coordinates":[[32.8539141,39.84798],[32.8538835,39.8479661],[32.8538603,39.8479455],[32.8538469,39.8479202],[32.8538457,39.8479037],[32.8538448,39.847892],[32.8538549,39.8478648],[32.8538762,39.8478417],[32.8539062,39.8478253],[32.8539415,39.8478174],[32.8539783,39.8478189],[32.8540123,39.8478297],[32.8540399,39.8478484],[32.8540578,39.8478731],[32.8540625,39.8478938],[32.8540642,39.8479009],[32.8540586,39.8479279],[32.8540421,39.8479521],[32.8540164,39.847971],[32.8539842,39.8479826],[32.8539489,39.8479857],[32.8539141,39.84798]]}},{"type":"Feature","properties":{"highway":"service","oneway":"yes","osm_id":496953739},"geometry":{"type":"LineString","coordinates":[[32.8539489,39.8479857],[32.8538767,39.8480428]]}},{"type":"Feature","properties":{"highway":"service","oneway":"yes","osm_id":496953740},"geometry":{"type":"LineString","coordinates":[[32.8537709,39.8479627],[32.8538457,39.8479037]]}},{"type":"Feature","properties":{"highway":"service","osm_id":496953741},"geometry":{"type":"LineString","coordinates":[[32.8543782,39.8472882],[32.8544902,39.8471959]]}},{"type":"Feature","properties":{"name":"1071 Malazgirt Bulvarı","surface":"asphalt","highway":"primary","lanes":"3","maxspeed":"80","oneway":"yes","osm_id":501045712},"geometry":{"type":"LineString","coordinates":[[32.8093595,39.8874652],[32.8079652,39.8877109],[32.8061532,39.8880164],[32.8040521,39.8883382],[32.8028546,39.8885361],[32.802085,39.8886646],[32.8010863,39.8887879]]}},{"type":"Feature","properties":{"highway":"secondary","name":"1071 Malazgirt Bulvarı","lanes":"3","maxspeed":"80","oneway":"yes","surface":"asphalt","osm_id":501045715},"geometry":{"type":"LineString","coordinates":[[32.809417,39.8873318],[32.8103919,39.8871652]]}},{"type":"Feature","properties":{"highway":"secondary_link","oneway":"yes","osm_id":501045719},"geometry":{"type":"LineString","coordinates":[[32.8163959,39.8868271],[32.8163593,39.8868862],[32.8163536,39.8869614],[32.8165357,39.8875503],[32.8165311,39.8876462],[32.8165061,39.8877263]]}},{"type":"Feature","properties":{"highway":"secondary","name":"1071 Malazgirt Bulvarı","oneway":"yes","osm_id":501045721},"geometry":{"type":"LineString","coordinates":[[32.825931,39.8857232],[32.8254971,39.8858952],[32.8240916,39.8865068],[32.8238642,39.8865769],[32.8238405,39.8865842]]}},{"type":"Feature","properties":{"highway":"secondary","oneway":"yes","osm_id":501045724},"geometry":{"type":"LineString","coordinates":[[32.8258968,39.8856258],[32.8280099,39.8848592]]}},{"type":"Feature","properties":{"junction":"roundabout","highway":"primary","osm_id":509667240},"geometry":{"type":"LineString","coordinates":[[32.8644919,39.8774634],[32.864555,39.8774796],[32.8646044,39.8775137],[32.8646321,39.8775601],[32.8646333,39.8776112],[32.8646087,39.8776576],[32.8645624,39.8776929],[32.8644258,39.8777166]]}},{"type":"Feature","properties":{"oneway":"yes","name":"Simon Bolivar Caddesi","highway":"primary","osm_id":509667241},"geometry":{"type":"LineString","coordinates":[[32.8644258,39.8777166],[32.8641474,39.8778521],[32.863951,39.8779419],[32.8638303,39.8779975],[32.8637082,39.8780343]]}},{"type":"Feature","properties":{"highway":"residential","name":"Sedat Simavi Caddesi","oneway":"no","osm_id":509856298},"geometry":{"type":"LineString","coordinates":[[32.8559529,39.8825341],[32.8564897,39.882702],[32.8565869,39.8827412],[32.856814,39.8828232],[32.8569282,39.8828645]]}},{"type":"Feature","properties":{"highway":"primary","name":"Turan Güneş Blv.","oneway":"yes","osm_id":509856303},"geometry":{"type":"LineString","coordinates":[[32.8410036,39.8480545],[32.8407831,39.8479381]]}},{"type":"Feature","properties":{"name":"Ürdün Cd.","oneway":"yes","highway":"secondary","osm_id":509856304},"geometry":{"type":"LineString","coordinates":[[32.8410036,39.8480545],[32.8409699,39.8481592],[32.8408643,39.8484701],[32.840573,39.8495838],[32.8404523,39.8500451],[32.8403893,39.8500909]]}},{"type":"Feature","properties":{"highway":"primary","oneway":"yes","osm_id":509856305},"geometry":{"type":"LineString","coordinates":[[32.8407831,39.8479381],[32.8407575,39.8478716],[32.8407558,39.8477991],[32.8408022,39.8477213],[32.8408268,39.8476725]]}},{"type":"Feature","properties":{"highway":"residential","osm_id":509856358},"geometry":{"type":"LineString","coordinates":[[32.8609319,39.8792806],[32.8607306,39.8794675],[32.8604919,39.879416],[32.8601861,39.8793625],[32.8596765,39.8792802],[32.8593138,39.8791854]]}},{"type":"Feature","properties":{"name":"713. Sk.","highway":"residential","oneway":"yes","osm_id":509856359},"geometry":{"type":"LineString","coordinates":[[32.8609449,39.876077],[32.8607829,39.8761767],[32.8606535,39.8762083]]}},{"type":"Feature","properties":{"highway":"service","surface":"unpaved","osm_id":527558545},"geometry":{"type":"LineString","coordinates":[[32.8054607,39.8431302],[32.8053832,39.8430432],[32.8052927,39.8429292],[32.805054,39.842656],[32.8048936,39.8425355],[32.8047878,39.8424884]]}},{"type":"Feature","properties":{"highway":"residential","osm_id":527558546},"geometry":{"type":"LineString","coordinates":[[32.8311325,39.8490885],[32.831039,39.8491354]]}},{"type":"Feature","properties":{"oneway":"yes","highway":"primary","name":"Turan Güneş Bulvarı","osm_id":527850278},"geometry":{"type":"LineString","coordinates":[[32.8536041,39.8606006],[32.8536685,39.8609246],[32.8538182,39.8613417],[32.8540422,39.8618263],[32.8543058,39.8622298],[32.8547317,39.8627097],[32.8552167,39.8631402],[32.8557872,39.8635915],[32.8567559,39.8642835],[32.8570003,39.8644702],[32.8573208,39.864708],[32.8574378,39.8647801],[32.857832,39.8651547],[32.8582695,39.8657016],[32.8583678,39.8658957],[32.8587845,39.8667191],[32.8588133,39.86677],[32.8588488,39.8668389]]}},{"type":"Feature","properties":{"highway":"secondary","oneway":"yes","osm_id":527850279},"geometry":{"type":"LineString","coordinates":[[32.8547478,39.8488359],[32.8547581,39.8486971]]}},{"type":"Feature","properties":{"highway":"service","service":"parking_aisle","osm_id":531057177},"geometry":{"type":"LineString","coordinates":[[32.8392685,39.8497789],[32.8391012,39.8497429]]}},{"type":"Feature","properties":{"area":"yes","highway":"pedestrian","osm_id":531057178},"geometry":{"type":"LineString","coordinates":[[32.8390833,39.8500764],[32.8394019,39.8501414],[32.8393974,39.8501503],[32.8394582,39.8501646],[32.8394988,39.8501403],[32.8395103,39.8501114],[32.8393915,39.8500849],[32.8393972,39.8500283],[32.8393472,39.8499871],[32.8393164,39.8500668],[32.8391022,39.8500204],[32.8390927,39.8500485],[32.8390833,39.8500764]]}},{"type":"Feature","properties":{"highway":"pedestrian","pedestrian":"steps","osm_id":531057179},"geometry":{"type":"LineString","coordinates":[[32.8390927,39.8500485],[32.8393034,39.8500927]]}},{"type":"Feature","properties":{"highway":"pedestrian","osm_id":531057180},"geometry":{"type":"LineString","coordinates":[[32.8393034,39.8500927],[32.8394572,39.850125]]}},{"type":"Feature","properties":{"oneway":"yes","highway":"secondary","osm_id":537502590},"geometry":{"type":"LineString","coordinates":[[32.8101282,39.8885452],[32.8101786,39.8883538]]}},{"type":"Feature","properties":{"oneway":"yes","highway":"secondary","osm_id":537502591},"geometry":{"type":"LineString","coordinates":[[32.8102928,39.8885342],[32.810301,39.8886503],[32.8103132,39.8888453],[32.8103214,39.8889295],[32.8103232,39.8889379],[32.8103315,39.8889763],[32.8103457,39.8890325],[32.8103627,39.889097],[32.8103797,39.8891615]]}},{"type":"Feature","properties":{"oneway":"yes","highway":"secondary","osm_id":537502595},"geometry":{"type":"LineString","coordinates":[[32.8101786,39.8883538],[32.8102928,39.8885342]]}},{"type":"Feature","properties":{"highway":"secondary_link","oneway":"yes","osm_id":537502596},"geometry":{"type":"LineString","coordinates":[[32.8099785,39.8876191],[32.809996,39.8875777],[32.8100176,39.8875411],[32.810043,39.8875222],[32.8100715,39.8875168],[32.8101038,39.8875145],[32.8101485,39.8875156],[32.8101793,39.8875357],[32.8101978,39.8875594],[32.8102122,39.887599]]}},{"type":"Feature","properties":{"name":"1545.Cadde","highway":"secondary_link","oneway":"yes","osm_id":537502597},"geometry":{"type":"LineString","coordinates":[[32.8098501,39.8849271],[32.8099713,39.8853147],[32.810028,39.8857502],[32.8100465,39.8858896],[32.810103,39.8863561],[32.8101663,39.8870546],[32.8102052,39.8871349]]}},{"type":"Feature","properties":{"highway":"secondary","osm_id":537502598},"geometry":{"type":"LineString","coordinates":[[32.8097161,39.8834895],[32.8097253,39.8835728],[32.8097736,39.8840565],[32.8098501,39.8849271],[32.8098652,39.8852968],[32.8099026,39.8858527],[32.8100365,39.887089]]}},{"type":"Feature","properties":{"name":"1545.Cadde","highway":"secondary_link","oneway":"yes","osm_id":537502838},"geometry":{"type":"LineString","coordinates":[[32.8099386,39.8871941],[32.8099324,39.8870571],[32.8099123,39.8868121],[32.8098209,39.8861563],[32.8097969,39.8858963],[32.8097906,39.8856857],[32.8097843,39.8855564],[32.8097765,39.885347],[32.8098025,39.8851789],[32.8098501,39.8849271]]}},{"type":"Feature","properties":{"highway":"secondary_link","name":"1071 Malazgirt Bulvarı","oneway":"yes","osm_id":537502839},"geometry":{"type":"LineString","coordinates":[[32.8122819,39.8870686],[32.8119265,39.8871118],[32.8104561,39.8873445],[32.8102152,39.8873893],[32.809866,39.8874404],[32.8093595,39.8874652]]}},{"type":"Feature","properties":{"highway":"secondary","oneway":"yes","osm_id":537502840},"geometry":{"type":"LineString","coordinates":[[32.8122487,39.8868117],[32.8126924,39.8867733]]}},{"type":"Feature","properties":{"oneway":"yes","highway":"trunk_link","name":"Mevlana Bulvarı","lanes":"2","osm_id":537502841},"geometry":{"type":"LineString","coordinates":[[32.8122487,39.8868117],[32.812218,39.8865167],[32.8121755,39.8862024],[32.8120536,39.8849564],[32.8120214,39.8846273],[32.8120139,39.8843268],[32.8120195,39.8835817]]}},{"type":"Feature","properties":{"oneway":"yes","lanes":"2","highway":"trunk_link","name":"Mevlana Bulvarı","osm_id":537502842},"geometry":{"type":"LineString","coordinates":[[32.8126924,39.8867733],[32.8127112,39.8870153],[32.8127369,39.8872716],[32.8129226,39.8890155],[32.8129218,39.8899389]]}},{"type":"Feature","properties":{"highway":"secondary_link","oneway":"yes","osm_id":537502843},"geometry":{"type":"LineString","coordinates":[[32.8126924,39.8867733],[32.8129582,39.8867244],[32.8132437,39.8866914],[32.8134,39.8866732],[32.8141706,39.8866231],[32.8145935,39.8866125],[32.8149574,39.8865989],[32.8153932,39.8866628]]}}]}